Instance name,  X location,  Y location,  Voltage 
FILLER_0_358_2041, 946.74, 984.64, 7.64988e-05
FILLER_0_356_2037, 946.74, 979.2, 7.63628e-05
FILLER_0_354_2037, 946.74, 973.76, 7.63253e-05
FILLER_0_352_2037, 946.74, 968.32, 7.62762e-05
FILLER_0_350_2037, 946.74, 962.88, 7.62161e-05
FILLER_0_348_2037, 946.74, 957.44, 7.61452e-05
FILLER_0_346_2037, 946.74, 952, 7.60641e-05
FILLER_0_344_2037, 946.74, 946.56, 7.58842e-05
FILLER_0_342_2037, 946.74, 941.12, 7.56396e-05
FILLER_0_340_2037, 946.74, 935.68, 7.53864e-05
FILLER_0_338_2037, 946.74, 930.24, 7.51254e-05
FILLER_0_336_2037, 946.74, 924.8, 7.48573e-05
FILLER_0_334_2037, 946.74, 919.36, 7.45828e-05
FILLER_0_332_2037, 946.74, 913.92, 7.43028e-05
FILLER_0_330_2037, 946.74, 908.48, 7.4018e-05
FILLER_0_328_2037, 946.74, 903.04, 7.37292e-05
FILLER_0_326_2037, 946.74, 897.6, 7.34373e-05
FILLER_0_324_2037, 946.74, 892.16, 7.31431e-05
FILLER_0_322_2037, 946.74, 886.72, 7.28477e-05
FILLER_0_320_2037, 946.74, 881.28, 7.2552e-05
FILLER_0_318_2037, 946.74, 875.84, 7.22569e-05
FILLER_0_316_2037, 946.74, 870.4, 7.19635e-05
FILLER_0_314_2037, 946.74, 864.96, 7.16729e-05
FILLER_0_312_2037, 946.74, 859.52, 7.13862e-05
FILLER_0_310_2037, 946.74, 854.08, 7.11044e-05
FILLER_0_308_2037, 946.74, 848.64, 7.08288e-05
FILLER_0_306_2037, 946.74, 843.2, 7.05606e-05
FILLER_0_304_2037, 946.74, 837.76, 7.03011e-05
FILLER_0_302_2037, 946.74, 832.32, 7.00514e-05
FILLER_0_300_2037, 946.74, 826.88, 6.98128e-05
FILLER_0_298_2037, 946.74, 821.44, 6.95868e-05
FILLER_0_296_2037, 946.74, 816, 6.93744e-05
FILLER_0_294_2037, 946.74, 810.56, 6.91772e-05
FILLER_0_292_2037, 946.74, 805.12, 6.89962e-05
FILLER_0_290_2037, 946.74, 799.68, 6.88328e-05
FILLER_0_288_2037, 946.74, 794.24, 6.90016e-05
FILLER_0_286_2037, 946.74, 788.8, 6.95565e-05
FILLER_0_284_2037, 946.74, 783.36, 7.01157e-05
FILLER_0_282_2037, 946.74, 777.92, 7.0669e-05
FILLER_0_280_2037, 946.74, 772.48, 7.12058e-05
FILLER_0_278_2037, 946.74, 767.04, 7.17156e-05
FILLER_0_276_2037, 946.74, 761.6, 7.21874e-05
FILLER_0_274_2037, 946.74, 756.16, 7.26103e-05
FILLER_0_272_2037, 946.74, 750.72, 7.29731e-05
FILLER_0_270_2037, 946.74, 745.28, 7.32644e-05
FILLER_0_268_2037, 946.74, 739.84, 7.34725e-05
FILLER_0_266_2037, 946.74, 734.4, 7.35854e-05
FILLER_0_264_2037, 946.74, 728.96, 7.35906e-05
FILLER_0_262_2037, 946.74, 723.52, 7.34754e-05
FILLER_0_260_2037, 946.74, 718.08, 7.32267e-05
FILLER_0_258_2037, 946.74, 712.64, 7.28307e-05
FILLER_0_256_2037, 946.74, 707.2, 7.22733e-05
FILLER_0_254_2037, 946.74, 701.76, 7.15396e-05
FILLER_0_252_2037, 946.74, 696.32, 7.06142e-05
FILLER_0_250_2037, 946.74, 690.88, 6.94811e-05
FILLER_0_248_2037, 946.74, 685.44, 6.81234e-05
FILLER_0_246_2037, 946.74, 680, 6.65233e-05
FILLER_0_244_2037, 946.74, 674.56, 6.46623e-05
FILLER_0_242_2037, 946.74, 669.12, 6.25209e-05
FILLER_0_240_2037, 946.74, 663.68, 6.00784e-05
FILLER_0_238_2037, 946.74, 658.24, 5.73132e-05
FILLER_0_236_2037, 946.74, 652.8, 6.13619e-05
FILLER_0_234_2037, 946.74, 647.36, 5.03061e-05
FILLER_0_232_2037, 946.74, 641.92, 5.08201e-05
FILLER_0_230_2037, 946.74, 636.48, 6.21578e-05
FILLER_0_228_2037, 946.74, 631.04, 7.3095e-05
FILLER_0_226_2037, 946.74, 625.6, 8.36428e-05
FILLER_0_224_2037, 946.74, 620.16, 9.38109e-05
FILLER_0_222_2037, 946.74, 614.72, 0.000103608
FILLER_0_220_2037, 946.74, 609.28, 0.000113042
FILLER_0_218_2037, 946.74, 603.84, 0.00012212
FILLER_0_216_2037, 946.74, 598.4, 0.000130847
FILLER_0_214_2037, 946.74, 592.96, 0.000139231
FILLER_0_212_2037, 946.74, 587.52, 0.000147277
FILLER_0_210_2037, 946.74, 582.08, 0.00015499
FILLER_0_208_2037, 946.74, 576.64, 0.000162376
FILLER_0_206_2037, 946.74, 571.2, 0.000169439
FILLER_0_204_2037, 946.74, 565.76, 0.000176187
FILLER_0_202_2037, 946.74, 560.32, 0.000182624
FILLER_0_200_2037, 946.74, 554.88, 0.000188761
FILLER_0_198_2037, 946.74, 549.44, 0.000194619
FILLER_0_196_2037, 946.74, 544, 0.000200157
FILLER_0_194_2037, 946.74, 538.56, 0.000205451
FILLER_0_192_2037, 946.74, 533.12, 0.00021042
FILLER_0_190_2037, 946.74, 527.68, 0.000215169
FILLER_0_188_2037, 946.74, 522.24, 0.000219645
FILLER_0_186_2037, 946.74, 516.8, 0.000223863
FILLER_0_184_2037, 946.74, 511.36, 0.000227923
FILLER_0_182_2037, 946.74, 505.92, 0.000231728
FILLER_0_180_2037, 946.74, 500.48, 0.000235367
FILLER_0_178_2037, 946.74, 495.04, 0.000238912
FILLER_0_176_2037, 946.74, 489.6, 0.000242537
FILLER_0_174_2037, 946.74, 484.16, 0.000247576
FILLER_0_172_2037, 946.74, 478.72, 0.000252399
FILLER_0_170_2037, 946.74, 473.28, 0.00025704
FILLER_0_168_2037, 946.74, 467.84, 0.000261563
FILLER_0_166_2037, 946.74, 462.4, 0.000265816
FILLER_0_164_2037, 946.74, 456.96, 0.000269854
FILLER_0_162_2037, 946.74, 451.52, 0.000273677
FILLER_0_160_2037, 946.74, 446.08, 0.000277077
FILLER_0_158_2037, 946.74, 440.64, 0.000280292
FILLER_0_156_2037, 946.74, 435.2, 0.000283238
FILLER_0_154_2037, 946.74, 429.76, 0.000285673
FILLER_0_152_2037, 946.74, 424.32, 0.000287909
FILLER_0_150_2037, 946.74, 418.88, 0.000289788
FILLER_0_148_2037, 946.74, 413.44, 0.000291353
FILLER_0_146_2037, 946.74, 408, 0.000292589
FILLER_0_144_2037, 946.74, 402.56, 0.000293506
FILLER_0_142_2037, 946.74, 397.12, 0.000294126
FILLER_0_140_2037, 946.74, 391.68, 0.000294449
FILLER_0_138_2037, 946.74, 386.24, 0.000294477
FILLER_0_136_2037, 946.74, 380.8, 0.000294218
FILLER_0_134_2037, 946.74, 375.36, 0.00029368
FILLER_0_132_2037, 946.74, 369.92, 0.000292872
FILLER_0_130_2037, 946.74, 364.48, 0.000291804
FILLER_0_128_2037, 946.74, 359.04, 0.000290485
FILLER_0_126_2037, 946.74, 353.6, 0.000288924
FILLER_0_124_2037, 946.74, 348.16, 0.000287133
FILLER_0_122_2037, 946.74, 342.72, 0.000285121
FILLER_0_120_2037, 946.74, 337.28, 0.000282897
FILLER_0_118_2037, 946.74, 331.84, 0.000277691
FILLER_0_116_2037, 946.74, 326.4, 0.000272241
FILLER_0_114_2037, 946.74, 320.96, 0.000266595
FILLER_0_112_2037, 946.74, 315.52, 0.000265709
FILLER_0_110_2037, 946.74, 310.08, 0.000254443
FILLER_0_108_2037, 946.74, 304.64, 0.00024794
FILLER_0_106_2037, 946.74, 299.2, 0.00024125
FILLER_0_104_2037, 946.74, 293.76, 0.000234371
FILLER_0_102_2037, 946.74, 288.32, 0.000227305
FILLER_0_100_2037, 946.74, 282.88, 0.00022005
FILLER_0_98_2037, 946.74, 277.44, 0.000212606
FILLER_0_96_2037, 946.74, 272, 0.000204969
FILLER_0_94_2037, 946.74, 266.56, 0.000197139
FILLER_0_92_2037, 946.74, 261.12, 0.000189111
FILLER_0_90_2037, 946.74, 255.68, 0.000180882
FILLER_0_88_2037, 946.74, 250.24, 0.000172447
FILLER_0_86_2037, 946.74, 244.8, 0.000163802
FILLER_0_84_2037, 946.74, 239.36, 0.000154939
FILLER_0_82_2037, 946.74, 233.92, 0.000145853
FILLER_0_80_2037, 946.74, 228.48, 0.000136536
FILLER_0_78_2037, 946.74, 223.04, 0.000126979
FILLER_0_76_2037, 946.74, 217.6, 0.000117171
FILLER_0_74_2037, 946.74, 212.16, 0.000107103
FILLER_0_72_2037, 946.74, 206.72, 9.6763e-05
FILLER_0_70_2037, 946.74, 201.28, 8.61368e-05
FILLER_0_68_2037, 946.74, 195.84, 7.52104e-05
FILLER_0_66_2037, 946.74, 190.4, 6.39681e-05
FILLER_0_64_2037, 946.74, 184.96, 5.23923e-05
FILLER_0_62_2037, 946.74, 179.52, 5.50635e-05
FILLER_0_60_2037, 946.74, 174.08, 6.04872e-05
FILLER_0_58_2037, 946.74, 168.64, 6.55965e-05
FILLER_0_56_2037, 946.74, 163.2, 7.04119e-05
FILLER_0_54_2037, 946.74, 157.76, 7.49526e-05
FILLER_0_52_2037, 946.74, 152.32, 7.92364e-05
FILLER_0_50_2037, 946.74, 146.88, 8.32797e-05
FILLER_0_48_2037, 946.74, 141.44, 8.70983e-05
FILLER_0_46_2037, 946.74, 136, 9.07064e-05
FILLER_0_44_2037, 946.74, 130.56, 9.41176e-05
FILLER_0_42_2037, 946.74, 125.12, 9.73445e-05
FILLER_0_40_2037, 946.74, 119.68, 0.000100399
FILLER_0_38_2037, 946.74, 114.24, 0.000103292
FILLER_0_36_2037, 946.74, 108.8, 0.000106033
FILLER_0_34_2037, 946.74, 103.36, 0.000108634
FILLER_0_32_2037, 946.74, 97.92, 0.000111102
FILLER_0_30_2037, 946.74, 92.48, 0.000113446
FILLER_0_28_2037, 946.74, 87.04, 0.000115674
FILLER_0_26_2037, 946.74, 81.6, 0.000117793
FILLER_0_24_2037, 946.74, 76.16, 0.000119812
FILLER_0_22_2037, 946.74, 70.72, 0.000121736
FILLER_0_20_2037, 946.74, 65.28, 0.000123572
FILLER_0_18_2037, 946.74, 59.84, 0.000125325
FILLER_0_16_2037, 946.74, 54.4, 0.000127002
FILLER_0_14_2037, 946.74, 48.96, 0.000128607
FILLER_0_12_2037, 946.74, 43.52, 0.000130147
FILLER_0_10_2037, 946.74, 38.08, 0.000131625
FILLER_0_8_2037, 946.74, 32.64, 0.000133046
FILLER_0_6_2037, 946.74, 27.2, 0.000133949
FILLER_0_4_2037, 946.74, 21.76, 0.000134569
FILLER_0_2_2037, 946.74, 16.32, 0.000135142
FILLER_0_0_2041, 946.74, 10.88, 0.000143996
FILLER_0_358_1705, 793.14, 984.64, 8.12387e-05
FILLER_0_356_1701, 793.14, 979.2, 7.93072e-05
FILLER_0_354_1701, 793.14, 973.76, 7.91648e-05
FILLER_0_352_1701, 793.14, 968.32, 7.90084e-05
FILLER_0_350_1701, 793.14, 962.88, 7.88382e-05
FILLER_0_348_1701, 793.14, 957.44, 7.86541e-05
FILLER_0_346_1701, 793.14, 952, 7.84564e-05
FILLER_0_344_1701, 793.14, 946.56, 7.8123e-05
FILLER_0_342_1701, 793.14, 941.12, 7.77e-05
FILLER_0_340_1701, 793.14, 935.68, 7.7264e-05
FILLER_0_338_1701, 793.14, 930.24, 7.68152e-05
FILLER_0_336_1701, 793.14, 924.8, 7.6354e-05
FILLER_0_334_1701, 793.14, 919.36, 7.58807e-05
FILLER_0_332_1701, 793.14, 913.92, 7.53958e-05
FILLER_0_330_1701, 793.14, 908.48, 7.48997e-05
FILLER_0_328_1701, 793.14, 903.04, 7.43931e-05
FILLER_0_326_1701, 793.14, 897.6, 7.38766e-05
FILLER_0_324_1701, 793.14, 892.16, 7.33509e-05
FILLER_0_322_1701, 793.14, 886.72, 7.28169e-05
FILLER_0_320_1701, 793.14, 881.28, 7.22757e-05
FILLER_0_318_1701, 793.14, 875.84, 7.17285e-05
FILLER_0_316_1701, 793.14, 870.4, 7.11767e-05
FILLER_0_314_1701, 793.14, 864.96, 7.06219e-05
FILLER_0_312_1701, 793.14, 859.52, 7.00658e-05
FILLER_0_310_1701, 793.14, 854.08, 6.95108e-05
FILLER_0_308_1701, 793.14, 848.64, 6.89591e-05
FILLER_0_306_1701, 793.14, 843.2, 6.84136e-05
FILLER_0_304_1701, 793.14, 837.76, 6.78775e-05
FILLER_0_302_1701, 793.14, 832.32, 6.73545e-05
FILLER_0_300_1701, 793.14, 826.88, 6.68488e-05
FILLER_0_298_1701, 793.14, 821.44, 6.6365e-05
FILLER_0_296_1701, 793.14, 816, 6.59085e-05
FILLER_0_294_1701, 793.14, 810.56, 6.54857e-05
FILLER_0_292_1701, 793.14, 805.12, 6.51033e-05
FILLER_0_290_1701, 793.14, 799.68, 6.47693e-05
FILLER_0_288_1701, 793.14, 794.24, 6.60336e-05
FILLER_0_286_1701, 793.14, 788.8, 6.91816e-05
FILLER_0_284_1701, 793.14, 783.36, 7.23788e-05
FILLER_0_282_1701, 793.14, 777.92, 7.56172e-05
FILLER_0_280_1701, 793.14, 772.48, 7.88898e-05
FILLER_0_278_1701, 793.14, 767.04, 8.21904e-05
FILLER_0_276_1701, 793.14, 761.6, 8.55138e-05
FILLER_0_274_1701, 793.14, 756.16, 8.88552e-05
FILLER_0_272_1701, 793.14, 750.72, 9.22107e-05
FILLER_0_270_1701, 793.14, 745.28, 9.55767e-05
FILLER_0_268_1701, 793.14, 739.84, 9.89504e-05
FILLER_0_266_1701, 793.14, 734.4, 0.000102329
FILLER_0_264_1701, 793.14, 728.96, 0.000105711
FILLER_0_262_1701, 793.14, 723.52, 0.000109095
FILLER_0_260_1701, 793.14, 718.08, 0.000112479
FILLER_0_258_1701, 793.14, 712.64, 0.000115863
FILLER_0_256_1701, 793.14, 707.2, 0.000119246
FILLER_0_254_1701, 793.14, 701.76, 0.000122628
FILLER_0_252_1701, 793.14, 696.32, 0.000126009
FILLER_0_250_1701, 793.14, 690.88, 0.000129391
FILLER_0_248_1701, 793.14, 685.44, 0.000132774
FILLER_0_246_1701, 793.14, 680, 0.00013616
FILLER_0_244_1701, 793.14, 674.56, 0.000139551
FILLER_0_242_1701, 793.14, 669.12, 0.000142949
FILLER_0_240_1701, 793.14, 663.68, 0.000146357
FILLER_0_238_1701, 793.14, 658.24, 0.000149779
FILLER_0_236_1701, 793.14, 652.8, 0.000153632
FILLER_0_234_1701, 793.14, 647.36, 0.000156634
FILLER_0_232_1701, 793.14, 641.92, 0.000161269
FILLER_0_230_1701, 793.14, 636.48, 0.000168705
FILLER_0_228_1701, 793.14, 631.04, 0.000176128
FILLER_0_226_1701, 793.14, 625.6, 0.000183503
FILLER_0_224_1701, 793.14, 620.16, 0.000190794
FILLER_0_222_1701, 793.14, 614.72, 0.000197966
FILLER_0_220_1701, 793.14, 609.28, 0.000204986
FILLER_0_218_1701, 793.14, 603.84, 0.000211821
FILLER_0_216_1701, 793.14, 598.4, 0.000218437
FILLER_0_214_1701, 793.14, 592.96, 0.000224803
FILLER_0_212_1701, 793.14, 587.52, 0.000230886
FILLER_0_210_1701, 793.14, 582.08, 0.000236654
FILLER_0_208_1701, 793.14, 576.64, 0.000242078
FILLER_0_206_1701, 793.14, 571.2, 0.000247126
FILLER_0_204_1701, 793.14, 565.76, 0.00025177
FILLER_0_202_1701, 793.14, 560.32, 0.00025598
FILLER_0_200_1701, 793.14, 554.88, 0.000259761
FILLER_0_198_1701, 793.14, 549.44, 0.000263352
FILLER_0_196_1701, 793.14, 544, 0.000265919
FILLER_0_194_1701, 793.14, 538.56, 0.000268536
FILLER_0_192_1701, 793.14, 533.12, 0.000269708
FILLER_0_190_1701, 793.14, 527.68, 0.000270919
FILLER_0_188_1701, 793.14, 522.24, 0.000271077
FILLER_0_186_1701, 793.14, 516.8, 0.000270174
FILLER_0_184_1701, 793.14, 511.36, 0.000269526
FILLER_0_182_1701, 793.14, 505.92, 0.000267273
FILLER_0_180_1701, 793.14, 500.48, 0.000264475
FILLER_0_178_1701, 793.14, 495.04, 0.000261921
FILLER_0_176_1701, 793.14, 489.6, 0.000260554
FILLER_0_174_1701, 793.14, 484.16, 0.000274046
FILLER_0_172_1701, 793.14, 478.72, 0.000285629
FILLER_0_170_1701, 793.14, 473.28, 0.000296281
FILLER_0_168_1701, 793.14, 467.84, 0.000307411
FILLER_0_166_1701, 793.14, 462.4, 0.000316933
FILLER_0_164_1701, 793.14, 456.96, 0.000326062
FILLER_0_162_1701, 793.14, 451.52, 0.000335151
FILLER_0_160_1701, 793.14, 446.08, 0.000341064
FILLER_0_158_1701, 793.14, 440.64, 0.000347889
FILLER_0_156_1701, 793.14, 435.2, 0.000354467
FILLER_0_154_1701, 793.14, 429.76, 0.000357055
FILLER_0_152_1701, 793.14, 424.32, 0.000360762
FILLER_0_150_1701, 793.14, 418.88, 0.000363101
FILLER_0_148_1701, 793.14, 413.44, 0.000364806
FILLER_0_146_1701, 793.14, 408, 0.000365634
FILLER_0_144_1701, 793.14, 402.56, 0.000365735
FILLER_0_142_1701, 793.14, 397.12, 0.0003654
FILLER_0_140_1701, 793.14, 391.68, 0.000364572
FILLER_0_138_1701, 793.14, 386.24, 0.000363227
FILLER_0_136_1701, 793.14, 380.8, 0.000361405
FILLER_0_134_1701, 793.14, 375.36, 0.000359146
FILLER_0_132_1701, 793.14, 369.92, 0.000356489
FILLER_0_130_1701, 793.14, 364.48, 0.000353474
FILLER_0_128_1701, 793.14, 359.04, 0.000350139
FILLER_0_126_1701, 793.14, 353.6, 0.00034652
FILLER_0_124_1701, 793.14, 348.16, 0.000342656
FILLER_0_122_1701, 793.14, 342.72, 0.000338582
FILLER_0_120_1701, 793.14, 337.28, 0.000334333
FILLER_0_118_1701, 793.14, 331.84, 0.000328391
FILLER_0_116_1701, 793.14, 326.4, 0.000322295
FILLER_0_114_1701, 793.14, 320.96, 0.000316082
FILLER_0_112_1701, 793.14, 315.52, 0.000310051
FILLER_0_110_1701, 793.14, 310.08, 0.000303319
FILLER_0_108_1701, 793.14, 304.64, 0.000296789
FILLER_0_106_1701, 793.14, 299.2, 0.000290182
FILLER_0_104_1701, 793.14, 293.76, 0.00028351
FILLER_0_102_1701, 793.14, 288.32, 0.000276779
FILLER_0_100_1701, 793.14, 282.88, 0.000269998
FILLER_0_98_1701, 793.14, 277.44, 0.000263176
FILLER_0_96_1701, 793.14, 272, 0.00025632
FILLER_0_94_1701, 793.14, 266.56, 0.000249438
FILLER_0_92_1701, 793.14, 261.12, 0.000242537
FILLER_0_90_1701, 793.14, 255.68, 0.000235625
FILLER_0_88_1701, 793.14, 250.24, 0.000228709
FILLER_0_86_1701, 793.14, 244.8, 0.000221796
FILLER_0_84_1701, 793.14, 239.36, 0.000214896
FILLER_0_82_1701, 793.14, 233.92, 0.000208015
FILLER_0_80_1701, 793.14, 228.48, 0.000201163
FILLER_0_78_1701, 793.14, 223.04, 0.000194348
FILLER_0_76_1701, 793.14, 217.6, 0.00018758
FILLER_0_74_1701, 793.14, 212.16, 0.000180868
FILLER_0_72_1701, 793.14, 206.72, 0.000174223
FILLER_0_70_1701, 793.14, 201.28, 0.000167658
FILLER_0_68_1701, 793.14, 195.84, 0.000161184
FILLER_0_66_1701, 793.14, 190.4, 0.000154816
FILLER_0_64_1701, 793.14, 184.96, 0.000148568
FILLER_0_62_1701, 793.14, 179.52, 0.000146838
FILLER_0_60_1701, 793.14, 174.08, 0.000146163
FILLER_0_58_1701, 793.14, 168.64, 0.000145601
FILLER_0_56_1701, 793.14, 163.2, 0.000145141
FILLER_0_54_1701, 793.14, 157.76, 0.000144771
FILLER_0_52_1701, 793.14, 152.32, 0.000144482
FILLER_0_50_1701, 793.14, 146.88, 0.000144265
FILLER_0_48_1701, 793.14, 141.44, 0.000144111
FILLER_0_46_1701, 793.14, 136, 0.000144014
FILLER_0_44_1701, 793.14, 130.56, 0.000143966
FILLER_0_42_1701, 793.14, 125.12, 0.000143961
FILLER_0_40_1701, 793.14, 119.68, 0.000143995
FILLER_0_38_1701, 793.14, 114.24, 0.000144063
FILLER_0_36_1701, 793.14, 108.8, 0.000144159
FILLER_0_34_1701, 793.14, 103.36, 0.00014428
FILLER_0_32_1701, 793.14, 97.92, 0.000144423
FILLER_0_30_1701, 793.14, 92.48, 0.000144584
FILLER_0_28_1701, 793.14, 87.04, 0.00014476
FILLER_0_26_1701, 793.14, 81.6, 0.000144948
FILLER_0_24_1701, 793.14, 76.16, 0.000145146
FILLER_0_22_1701, 793.14, 70.72, 0.000145352
FILLER_0_20_1701, 793.14, 65.28, 0.000145563
FILLER_0_18_1701, 793.14, 59.84, 0.000145777
FILLER_0_16_1701, 793.14, 54.4, 0.000145993
FILLER_0_14_1701, 793.14, 48.96, 0.000146209
FILLER_0_12_1701, 793.14, 43.52, 0.000146423
FILLER_0_10_1701, 793.14, 38.08, 0.000146634
FILLER_0_8_1701, 793.14, 32.64, 0.00014684
FILLER_0_6_1701, 793.14, 27.2, 0.000146971
FILLER_0_4_1701, 793.14, 21.76, 0.000147059
FILLER_0_2_1701, 793.14, 16.32, 0.000147139
FILLER_0_0_1705, 793.14, 10.88, 0.000147706
FILLER_0_358_1369, 639.54, 984.64, 9.0816e-05
FILLER_0_356_1365, 639.54, 979.2, 8.581e-05
FILLER_0_354_1365, 639.54, 973.76, 8.55144e-05
FILLER_0_352_1365, 639.54, 968.32, 8.52027e-05
FILLER_0_350_1365, 639.54, 962.88, 8.48737e-05
FILLER_0_348_1365, 639.54, 957.44, 8.4526e-05
FILLER_0_346_1365, 639.54, 952, 8.41584e-05
FILLER_0_344_1365, 639.54, 946.56, 8.3585e-05
FILLER_0_342_1365, 639.54, 941.12, 8.28728e-05
FILLER_0_340_1365, 639.54, 935.68, 8.21339e-05
FILLER_0_338_1365, 639.54, 930.24, 8.13652e-05
FILLER_0_336_1365, 639.54, 924.8, 8.05635e-05
FILLER_0_334_1365, 639.54, 919.36, 7.97255e-05
FILLER_0_332_1365, 639.54, 913.92, 7.88474e-05
FILLER_0_330_1365, 639.54, 908.48, 7.79255e-05
FILLER_0_328_1365, 639.54, 903.04, 7.69555e-05
FILLER_0_326_1365, 639.54, 897.6, 7.59331e-05
FILLER_0_324_1365, 639.54, 892.16, 7.48533e-05
FILLER_0_322_1365, 639.54, 886.72, 7.3711e-05
FILLER_0_320_1365, 639.54, 881.28, 7.25006e-05
FILLER_0_318_1365, 639.54, 875.84, 7.12159e-05
FILLER_0_316_1365, 639.54, 870.4, 6.98502e-05
FILLER_0_314_1365, 639.54, 864.96, 6.83962e-05
FILLER_0_312_1365, 639.54, 859.52, 6.68461e-05
FILLER_0_310_1365, 639.54, 854.08, 6.51912e-05
FILLER_0_308_1365, 639.54, 848.64, 6.34218e-05
FILLER_0_306_1365, 639.54, 843.2, 6.15278e-05
FILLER_0_304_1365, 639.54, 837.76, 5.94977e-05
FILLER_0_302_1365, 639.54, 832.32, 5.7319e-05
FILLER_0_300_1365, 639.54, 826.88, 5.49782e-05
FILLER_0_298_1365, 639.54, 821.44, 5.24602e-05
FILLER_0_296_1365, 639.54, 816, 4.97486e-05
FILLER_0_294_1365, 639.54, 810.56, 4.68251e-05
FILLER_0_292_1365, 639.54, 805.12, 4.367e-05
FILLER_0_290_1365, 639.54, 799.68, 4.02613e-05
FILLER_0_288_1365, 639.54, 794.24, 4.23402e-05
FILLER_0_286_1365, 639.54, 788.8, 5.09728e-05
FILLER_0_284_1365, 639.54, 783.36, 5.93601e-05
FILLER_0_282_1365, 639.54, 777.92, 6.75309e-05
FILLER_0_280_1365, 639.54, 772.48, 7.55124e-05
FILLER_0_278_1365, 639.54, 767.04, 8.33299e-05
FILLER_0_276_1365, 639.54, 761.6, 9.1007e-05
FILLER_0_274_1365, 639.54, 756.16, 9.85658e-05
FILLER_0_272_1365, 639.54, 750.72, 0.000106027
FILLER_0_270_1365, 639.54, 745.28, 0.000113411
FILLER_0_268_1365, 639.54, 739.84, 0.000120737
FILLER_0_266_1365, 639.54, 734.4, 0.000128021
FILLER_0_264_1365, 639.54, 728.96, 0.00013528
FILLER_0_262_1365, 639.54, 723.52, 0.000142532
FILLER_0_260_1365, 639.54, 718.08, 0.000149791
FILLER_0_258_1365, 639.54, 712.64, 0.000157071
FILLER_0_256_1365, 639.54, 707.2, 0.000164388
FILLER_0_254_1365, 639.54, 701.76, 0.000171755
FILLER_0_252_1365, 639.54, 696.32, 0.000179184
FILLER_0_250_1365, 639.54, 690.88, 0.000186689
FILLER_0_248_1365, 639.54, 685.44, 0.000194281
FILLER_0_246_1365, 639.54, 680, 0.000201971
FILLER_0_244_1365, 639.54, 674.56, 0.000209771
FILLER_0_242_1365, 639.54, 669.12, 0.00021769
FILLER_0_240_1365, 639.54, 663.68, 0.000225739
FILLER_0_238_1365, 639.54, 658.24, 0.000233926
FILLER_0_236_1365, 639.54, 652.8, 0.000242283
FILLER_0_234_1365, 639.54, 647.36, 0.000250741
FILLER_0_232_1365, 639.54, 641.92, 0.000260693
FILLER_0_230_1365, 639.54, 636.48, 0.000273854
FILLER_0_228_1365, 639.54, 631.04, 0.000287104
FILLER_0_226_1365, 639.54, 625.6, 0.000300384
FILLER_0_224_1365, 639.54, 620.16, 0.000313632
FILLER_0_222_1365, 639.54, 614.72, 0.000326784
FILLER_0_220_1365, 639.54, 609.28, 0.000339771
FILLER_0_218_1365, 639.54, 603.84, 0.000352524
FILLER_0_216_1365, 639.54, 598.4, 0.000364965
FILLER_0_214_1365, 639.54, 592.96, 0.000377013
FILLER_0_212_1365, 639.54, 587.52, 0.000388582
FILLER_0_210_1365, 639.54, 582.08, 0.000399576
FILLER_0_208_1365, 639.54, 576.64, 0.000409894
FILLER_0_206_1365, 639.54, 571.2, 0.000419425
FILLER_0_204_1365, 639.54, 565.76, 0.000428051
FILLER_0_202_1365, 639.54, 560.32, 0.000435638
FILLER_0_200_1365, 639.54, 554.88, 0.000442613
FILLER_0_198_1365, 639.54, 549.44, 0.000453421
FILLER_0_196_1365, 639.54, 544, 0.000454227
FILLER_0_194_1365, 639.54, 538.56, 0.00046364
FILLER_0_192_1365, 639.54, 533.12, 0.000456424
FILLER_0_190_1365, 639.54, 527.68, 0.000457916
FILLER_0_188_1365, 639.54, 522.24, 0.000449445
FILLER_0_186_1365, 639.54, 516.8, 0.000430627
FILLER_0_184_1365, 639.54, 511.36, 0.000423374
FILLER_0_182_1365, 639.54, 505.92, 0.000395415
FILLER_0_180_1365, 639.54, 500.48, 0.00036384
FILLER_0_178_1365, 639.54, 495.04, 0.000340913
FILLER_0_176_1365, 639.54, 489.6, 0.000314676
FILLER_0_174_1365, 639.54, 484.16, 0.000381821
FILLER_0_172_1365, 639.54, 478.72, 0.000421029
FILLER_0_170_1365, 639.54, 473.28, 0.000450536
FILLER_0_168_1365, 639.54, 467.84, 0.000495528
FILLER_0_166_1365, 639.54, 462.4, 0.000521595
FILLER_0_164_1365, 639.54, 456.96, 0.000550466
FILLER_0_162_1365, 639.54, 451.52, 0.000589185
FILLER_0_160_1365, 639.54, 446.08, 0.000585037
FILLER_0_158_1365, 639.54, 440.64, 0.000607915
FILLER_0_156_1365, 639.54, 435.2, 0.000638593
FILLER_0_154_1365, 639.54, 429.76, 0.000613595
FILLER_0_152_1365, 639.54, 424.32, 0.00061958
FILLER_0_150_1365, 639.54, 418.88, 0.000613579
FILLER_0_148_1365, 639.54, 413.44, 0.000607768
FILLER_0_146_1365, 639.54, 408, 0.000597449
FILLER_0_144_1365, 639.54, 402.56, 0.000584583
FILLER_0_142_1365, 639.54, 397.12, 0.000573427
FILLER_0_140_1365, 639.54, 391.68, 0.000562414
FILLER_0_138_1365, 639.54, 386.24, 0.000550554
FILLER_0_136_1365, 639.54, 380.8, 0.000537977
FILLER_0_134_1365, 639.54, 375.36, 0.000524805
FILLER_0_132_1365, 639.54, 369.92, 0.000511149
FILLER_0_130_1365, 639.54, 364.48, 0.000497115
FILLER_0_128_1365, 639.54, 359.04, 0.000482801
FILLER_0_126_1365, 639.54, 353.6, 0.000468299
FILLER_0_124_1365, 639.54, 348.16, 0.000453697
FILLER_0_122_1365, 639.54, 342.72, 0.000439078
FILLER_0_120_1365, 639.54, 337.28, 0.000424524
FILLER_0_118_1365, 639.54, 331.84, 0.000414426
FILLER_0_116_1365, 639.54, 326.4, 0.00040455
FILLER_0_114_1365, 639.54, 320.96, 0.000394829
FILLER_0_112_1365, 639.54, 315.52, 0.000385281
FILLER_0_110_1365, 639.54, 310.08, 0.000375857
FILLER_0_108_1365, 639.54, 304.64, 0.00036661
FILLER_0_106_1365, 639.54, 299.2, 0.000357525
FILLER_0_104_1365, 639.54, 293.76, 0.000348601
FILLER_0_102_1365, 639.54, 288.32, 0.000339839
FILLER_0_100_1365, 639.54, 282.88, 0.000331237
FILLER_0_98_1365, 639.54, 277.44, 0.000322794
FILLER_0_96_1365, 639.54, 272, 0.00031451
FILLER_0_94_1365, 639.54, 266.56, 0.000306384
FILLER_0_92_1365, 639.54, 261.12, 0.000298415
FILLER_0_90_1365, 639.54, 255.68, 0.000290601
FILLER_0_88_1365, 639.54, 250.24, 0.000282942
FILLER_0_86_1365, 639.54, 244.8, 0.000275436
FILLER_0_84_1365, 639.54, 239.36, 0.000268085
FILLER_0_82_1365, 639.54, 233.92, 0.000260886
FILLER_0_80_1365, 639.54, 228.48, 0.000253839
FILLER_0_78_1365, 639.54, 223.04, 0.000246946
FILLER_0_76_1365, 639.54, 217.6, 0.000240205
FILLER_0_74_1365, 639.54, 212.16, 0.000233618
FILLER_0_72_1365, 639.54, 206.72, 0.000227185
FILLER_0_70_1365, 639.54, 201.28, 0.000220908
FILLER_0_68_1365, 639.54, 195.84, 0.000214787
FILLER_0_66_1365, 639.54, 190.4, 0.000208824
FILLER_0_64_1365, 639.54, 184.96, 0.000203021
FILLER_0_62_1365, 639.54, 179.52, 0.00019967
FILLER_0_60_1365, 639.54, 174.08, 0.00019696
FILLER_0_58_1365, 639.54, 168.64, 0.000194398
FILLER_0_56_1365, 639.54, 163.2, 0.000191978
FILLER_0_54_1365, 639.54, 157.76, 0.000189694
FILLER_0_52_1365, 639.54, 152.32, 0.000187537
FILLER_0_50_1365, 639.54, 146.88, 0.000185503
FILLER_0_48_1365, 639.54, 141.44, 0.000183585
FILLER_0_46_1365, 639.54, 136, 0.000181777
FILLER_0_44_1365, 639.54, 130.56, 0.000180074
FILLER_0_42_1365, 639.54, 125.12, 0.000178471
FILLER_0_40_1365, 639.54, 119.68, 0.000176961
FILLER_0_38_1365, 639.54, 114.24, 0.000175541
FILLER_0_36_1365, 639.54, 108.8, 0.000174205
FILLER_0_34_1365, 639.54, 103.36, 0.000172949
FILLER_0_32_1365, 639.54, 97.92, 0.000171768
FILLER_0_30_1365, 639.54, 92.48, 0.000170659
FILLER_0_28_1365, 639.54, 87.04, 0.000169617
FILLER_0_26_1365, 639.54, 81.6, 0.000168638
FILLER_0_24_1365, 639.54, 76.16, 0.00016772
FILLER_0_22_1365, 639.54, 70.72, 0.000166857
FILLER_0_20_1365, 639.54, 65.28, 0.000166048
FILLER_0_18_1365, 639.54, 59.84, 0.000165288
FILLER_0_16_1365, 639.54, 54.4, 0.000164574
FILLER_0_14_1365, 639.54, 48.96, 0.000163904
FILLER_0_12_1365, 639.54, 43.52, 0.000163275
FILLER_0_10_1365, 639.54, 38.08, 0.000162684
FILLER_0_8_1365, 639.54, 32.64, 0.000162128
FILLER_0_6_1365, 639.54, 27.2, 0.000161901
FILLER_0_4_1365, 639.54, 21.76, 0.000161853
FILLER_0_2_1365, 639.54, 16.32, 0.000161835
FILLER_0_0_1369, 639.54, 10.88, 0.000162168
FILLER_0_358_1033, 485.94, 984.64, 9.70668e-05
FILLER_0_357_1057, 485.94, 979.2, 9.61575e-05
FILLER_0_355_1057, 485.94, 973.76, 9.60704e-05
FILLER_0_353_1057, 485.94, 968.32, 9.59766e-05
FILLER_0_351_1057, 485.94, 962.88, 9.58772e-05
FILLER_0_349_1057, 485.94, 957.44, 9.5773e-05
FILLER_0_347_1057, 485.94, 952, 9.56649e-05
FILLER_0_345_1057, 485.94, 946.56, 9.55292e-05
FILLER_0_343_1057, 485.94, 941.12, 9.53761e-05
FILLER_0_341_1057, 485.94, 935.68, 9.52222e-05
FILLER_0_339_1057, 485.94, 930.24, 9.50688e-05
FILLER_0_337_1057, 485.94, 924.8, 9.49169e-05
FILLER_0_335_1057, 485.94, 919.36, 9.4768e-05
FILLER_0_333_1057, 485.94, 913.92, 9.46233e-05
FILLER_0_331_1057, 485.94, 908.48, 9.44843e-05
FILLER_0_329_1057, 485.94, 903.04, 9.43526e-05
FILLER_0_327_1057, 485.94, 897.6, 9.42299e-05
FILLER_0_325_1057, 485.94, 892.16, 9.41181e-05
FILLER_0_323_1057, 485.94, 886.72, 9.40194e-05
FILLER_0_321_1057, 485.94, 881.28, 9.39359e-05
FILLER_0_319_1057, 485.94, 875.84, 9.38702e-05
FILLER_0_317_1057, 485.94, 870.4, 9.38251e-05
FILLER_0_315_1057, 485.94, 864.96, 9.38038e-05
FILLER_0_313_1057, 485.94, 859.52, 9.38096e-05
FILLER_0_311_1057, 485.94, 854.08, 9.38481e-05
FILLER_0_309_1057, 485.94, 848.64, 9.39183e-05
FILLER_0_307_1057, 485.94, 843.2, 9.40303e-05
FILLER_0_305_1057, 485.94, 837.76, 9.41878e-05
FILLER_0_303_1057, 485.94, 832.32, 9.43968e-05
FILLER_0_301_1057, 485.94, 826.88, 9.46639e-05
FILLER_0_299_1057, 485.94, 821.44, 9.49966e-05
FILLER_0_297_1057, 485.94, 816, 9.54032e-05
FILLER_0_295_1057, 485.94, 810.56, 9.58929e-05
FILLER_0_293_1057, 485.94, 805.12, 9.64761e-05
FILLER_0_291_1057, 485.94, 799.68, 9.71642e-05
FILLER_0_289_1057, 485.94, 794.24, 9.98934e-05
FILLER_0_287_1057, 485.94, 788.8, 0.000105026
FILLER_0_285_1057, 485.94, 783.36, 0.000110283
FILLER_0_283_1057, 485.94, 777.92, 0.000115667
FILLER_0_281_1057, 485.94, 772.48, 0.00012118
FILLER_0_279_1057, 485.94, 767.04, 0.000126826
FILLER_0_277_1057, 485.94, 761.6, 0.00013261
FILLER_0_275_1057, 485.94, 756.16, 0.000138541
FILLER_0_273_1057, 485.94, 750.72, 0.000144626
FILLER_0_271_1057, 485.94, 745.28, 0.000150874
FILLER_0_269_1057, 485.94, 739.84, 0.000157297
FILLER_0_267_1057, 485.94, 734.4, 0.000163907
FILLER_0_265_1057, 485.94, 728.96, 0.000170718
FILLER_0_263_1057, 485.94, 723.52, 0.000177747
FILLER_0_261_1057, 485.94, 718.08, 0.00018501
FILLER_0_259_1057, 485.94, 712.64, 0.000192526
FILLER_0_257_1057, 485.94, 707.2, 0.000200317
FILLER_0_255_1057, 485.94, 701.76, 0.000208406
FILLER_0_253_1057, 485.94, 696.32, 0.00021682
FILLER_0_251_1057, 485.94, 690.88, 0.000225585
FILLER_0_249_1057, 485.94, 685.44, 0.000234734
FILLER_0_247_1057, 485.94, 680, 0.0002443
FILLER_0_245_1057, 485.94, 674.56, 0.000254319
FILLER_0_243_1057, 485.94, 669.12, 0.000264835
FILLER_0_241_1057, 485.94, 663.68, 0.000275891
FILLER_0_239_1057, 485.94, 658.24, 0.000287538
FILLER_0_237_1057, 485.94, 652.8, 0.000299831
FILLER_0_235_1057, 485.94, 647.36, 0.000312825
FILLER_0_233_1057, 485.94, 641.92, 0.000332715
FILLER_0_231_1057, 485.94, 636.48, 0.000367749
FILLER_0_229_1057, 485.94, 631.04, 0.000403646
FILLER_0_227_1057, 485.94, 625.6, 0.000440449
FILLER_0_225_1057, 485.94, 620.16, 0.000478206
FILLER_0_223_1057, 485.94, 614.72, 0.000516974
FILLER_0_221_1057, 485.94, 609.28, 0.000556816
FILLER_0_219_1057, 485.94, 603.84, 0.000597806
FILLER_0_217_1057, 485.94, 598.4, 0.000640024
FILLER_0_215_1057, 485.94, 592.96, 0.000683559
FILLER_0_213_1057, 485.94, 587.52, 0.000728513
FILLER_0_211_1057, 485.94, 582.08, 0.000774994
FILLER_0_209_1057, 485.94, 576.64, 0.000823125
FILLER_0_207_1057, 485.94, 571.2, 0.000873038
FILLER_0_205_1057, 485.94, 565.76, 0.000924882
FILLER_0_203_1057, 485.94, 560.32, 0.000978816
FILLER_0_201_1057, 485.94, 554.88, 0.00104484
_0941_, 485.94, 549.44, 0.0012033
hold97, 485.94, 549.44, 0.0012033
FILLER_0_198_1037, 485.94, 549.44, 0.0012033
FILLER_0_199_1045, 485.94, 549.44, 0.0012033
_0631_, 485.94, 544, 0.00122355
_0632_, 485.94, 544, 0.00122355
_0878_, 485.94, 544, 0.00122355
FILLER_0_195_1040, 485.94, 544, 0.00122355
FILLER_0_196_1033, 485.94, 544, 0.00122355
FILLER_0_196_1049, 485.94, 544, 0.00122355
FILLER_0_197_1045, 485.94, 544, 0.00122355
_0925_, 485.94, 538.56, 0.001389
_1067_, 485.94, 538.56, 0.001389
hold106, 485.94, 538.56, 0.001389
_0544_, 485.94, 533.12, 0.0013895
_0594_, 485.94, 533.12, 0.0013895
_0879_, 485.94, 533.12, 0.0013895
hold54, 485.94, 533.12, 0.0013895
FILLER_0_191_1041, 485.94, 533.12, 0.0013895
FILLER_0_192_1033, 485.94, 533.12, 0.0013895
FILLER_0_193_1057, 485.94, 533.12, 0.0013895
_0595_, 485.94, 527.68, 0.00144093
_0743_, 485.94, 527.68, 0.00144093
hold100, 485.94, 527.68, 0.00144093
FILLER_0_189_1033, 485.94, 527.68, 0.00144093
_0547_, 485.94, 522.24, 0.00152894
_0742_, 485.94, 522.24, 0.00152894
_0989_, 485.94, 522.24, 0.00152894
FILLER_0_188_1037, 485.94, 522.24, 0.00152894
_0885_, 485.94, 516.8, 0.00151596
hold82, 485.94, 516.8, 0.00151596
FILLER_0_185_1032, 485.94, 516.8, 0.00151596
_0601_, 485.94, 511.36, 0.00167687
_0928_, 485.94, 511.36, 0.00167687
_1070_, 485.94, 511.36, 0.00167687
FILLER_0_184_1040, 485.94, 511.36, 0.00167687
FILLER_0_185_1055, 485.94, 511.36, 0.00167687
_0571_, 485.94, 505.92, 0.00158754
_0600_, 485.94, 505.92, 0.00158754
_0884_, 485.94, 505.92, 0.00158754
FILLER_0_181_1040, 485.94, 505.92, 0.00158754
FILLER_0_182_1037, 485.94, 505.92, 0.00158754
hold16, 485.94, 500.48, 0.00150186
hold32, 485.94, 500.48, 0.00150186
hold71, 485.94, 500.48, 0.00150186
FILLER_0_180_1057, 485.94, 500.48, 0.00150186
FILLER_0_181_1048, 485.94, 500.48, 0.00150186
_0588_, 485.94, 495.04, 0.00159586
_0922_, 485.94, 495.04, 0.00159586
FILLER_0_177_1033, 485.94, 495.04, 0.00159586
FILLER_0_178_1053, 485.94, 495.04, 0.00159586
_0589_, 485.94, 489.6, 0.00154953
_0626_, 485.94, 489.6, 0.00154953
FILLER_0_176_1032, 485.94, 489.6, 0.00154953
FILLER_0_176_1053, 485.94, 489.6, 0.00154953
_0515_, 485.94, 484.16, 0.00172417
_0872_, 485.94, 484.16, 0.00172417
_0890_, 485.94, 484.16, 0.00172417
FILLER_0_174_1049, 485.94, 484.16, 0.00172417
FILLER_0_175_1046, 485.94, 484.16, 0.00172417
_0519_, 485.94, 478.72, 0.00180088
_0737_, 485.94, 478.72, 0.00180088
_0873_, 485.94, 478.72, 0.00180088
_1064_, 485.94, 478.72, 0.00180088
hold22, 485.94, 478.72, 0.00180088
FILLER_0_172_1048, 485.94, 478.72, 0.00180088
_0725_, 485.94, 473.28, 0.00163633
_0778_, 485.94, 473.28, 0.00163633
FILLER_0_170_1032, 485.94, 473.28, 0.00163633
FILLER_0_171_1057, 485.94, 473.28, 0.00163633
_0542_, 485.94, 467.84, 0.00177255
_0981_, 485.94, 467.84, 0.00177255
_1005_, 485.94, 467.84, 0.00177255
hold47, 485.94, 467.84, 0.00177255
FILLER_0_167_1034, 485.94, 467.84, 0.00177255
FILLER_0_169_1051, 485.94, 467.84, 0.00177255
_0724_, 485.94, 462.4, 0.00176892
_0777_, 485.94, 462.4, 0.00176892
hold73, 485.94, 462.4, 0.00176892
FILLER_0_166_1037, 485.94, 462.4, 0.00176892
_0782_, 485.94, 456.96, 0.00178886
_0983_, 485.94, 456.96, 0.00178886
clkbuf_4_11_0_w_clk, 485.94, 456.96, 0.00178886
FILLER_0_164_1037, 485.94, 456.96, 0.00178886
FILLER_0_164_1058, 485.94, 456.96, 0.00178886
FILLER_0_165_1058, 485.94, 456.96, 0.00178886
_0560_, 485.94, 451.52, 0.00190948
_0781_, 485.94, 451.52, 0.00190948
_1007_, 485.94, 451.52, 0.00190948
clkbuf_4_10_0_w_clk, 485.94, 451.52, 0.00190948
FILLER_0_162_1037, 485.94, 451.52, 0.00190948
hold123, 485.94, 446.08, 0.00169711
FILLER_0_161_1058, 485.94, 446.08, 0.00169711
_0569_, 485.94, 440.64, 0.00175021
_0731_, 485.94, 440.64, 0.00175021
_0783_, 485.94, 440.64, 0.00175021
_0784_, 485.94, 440.64, 0.00175021
FILLER_0_157_1037, 485.94, 440.64, 0.00175021
FILLER_0_158_1037, 485.94, 440.64, 0.00175021
FILLER_0_158_1043, 485.94, 440.64, 0.00175021
FILLER_0_159_1054, 485.94, 440.64, 0.00175021
_1008_, 485.94, 435.2, 0.00186168
hold65, 485.94, 435.2, 0.00186168
FILLER_0_157_1058, 485.94, 435.2, 0.00186168
_0512_, 485.94, 429.76, 0.00161335
_0718_, 485.94, 429.76, 0.00161335
FILLER_0_155_1055, 485.94, 429.76, 0.00161335
_0509_, 485.94, 424.32, 0.00161487
_0771_, 485.94, 424.32, 0.00161487
hold48, 485.94, 424.32, 0.00161487
hold95, 485.94, 424.32, 0.00161487
FILLER_0_152_1037, 485.94, 424.32, 0.00161487
FILLER_0_153_1055, 485.94, 424.32, 0.00161487
_0701_, 485.94, 418.88, 0.001486
_0772_, 485.94, 418.88, 0.001486
_1002_, 485.94, 418.88, 0.001486
FILLER_0_150_1053, 485.94, 418.88, 0.001486
FILLER_0_147_1053, 485.94, 408, 0.00131813
FILLER_0_145_1054, 485.94, 402.56, 0.00117893
FILLER_0_143_1057, 485.94, 397.12, 0.00109288
FILLER_0_141_1057, 485.94, 391.68, 0.00102891
FILLER_0_139_1057, 485.94, 386.24, 0.000967228
FILLER_0_137_1057, 485.94, 380.8, 0.00090766
FILLER_0_135_1057, 485.94, 375.36, 0.000850042
FILLER_0_133_1057, 485.94, 369.92, 0.000794224
FILLER_0_131_1057, 485.94, 364.48, 0.000740074
FILLER_0_129_1057, 485.94, 359.04, 0.000687471
FILLER_0_127_1057, 485.94, 353.6, 0.000636307
FILLER_0_125_1057, 485.94, 348.16, 0.000586487
FILLER_0_123_1057, 485.94, 342.72, 0.000537929
FILLER_0_121_1057, 485.94, 337.28, 0.000490563
FILLER_0_119_1057, 485.94, 331.84, 0.000472801
FILLER_0_117_1057, 485.94, 326.4, 0.000456549
FILLER_0_115_1057, 485.94, 320.96, 0.000441231
FILLER_0_113_1057, 485.94, 315.52, 0.000426765
FILLER_0_111_1057, 485.94, 310.08, 0.000413074
FILLER_0_109_1057, 485.94, 304.64, 0.000400092
FILLER_0_107_1057, 485.94, 299.2, 0.000387758
FILLER_0_105_1057, 485.94, 293.76, 0.000376018
FILLER_0_103_1057, 485.94, 288.32, 0.000364822
FILLER_0_101_1057, 485.94, 282.88, 0.000354126
FILLER_0_99_1057, 485.94, 277.44, 0.000343891
FILLER_0_97_1057, 485.94, 272, 0.000334081
FILLER_0_95_1057, 485.94, 266.56, 0.000324664
FILLER_0_93_1057, 485.94, 261.12, 0.000315611
FILLER_0_91_1057, 485.94, 255.68, 0.000306897
FILLER_0_89_1057, 485.94, 250.24, 0.000298499
FILLER_0_87_1057, 485.94, 244.8, 0.000290396
FILLER_0_85_1057, 485.94, 239.36, 0.00028257
FILLER_0_83_1057, 485.94, 233.92, 0.000275004
FILLER_0_81_1057, 485.94, 228.48, 0.000267683
FILLER_0_79_1057, 485.94, 223.04, 0.000260594
FILLER_0_77_1057, 485.94, 217.6, 0.000253725
FILLER_0_75_1057, 485.94, 212.16, 0.000247065
FILLER_0_73_1057, 485.94, 206.72, 0.000240605
FILLER_0_71_1057, 485.94, 201.28, 0.000234335
FILLER_0_69_1057, 485.94, 195.84, 0.000228247
FILLER_0_67_1057, 485.94, 190.4, 0.000222334
FILLER_0_65_1057, 485.94, 184.96, 0.00021659
FILLER_0_63_1057, 485.94, 179.52, 0.000212981
FILLER_0_61_1057, 485.94, 174.08, 0.000209945
FILLER_0_59_1057, 485.94, 168.64, 0.000207058
FILLER_0_57_1057, 485.94, 163.2, 0.000204313
FILLER_0_55_1057, 485.94, 157.76, 0.000201705
FILLER_0_53_1057, 485.94, 152.32, 0.000199228
FILLER_0_51_1057, 485.94, 146.88, 0.000196877
FILLER_0_49_1057, 485.94, 141.44, 0.000194646
FILLER_0_47_1057, 485.94, 136, 0.00019253
FILLER_0_45_1057, 485.94, 130.56, 0.000190525
FILLER_0_43_1057, 485.94, 125.12, 0.000188625
FILLER_0_41_1057, 485.94, 119.68, 0.000186828
FILLER_0_39_1057, 485.94, 114.24, 0.000185127
FILLER_0_37_1057, 485.94, 108.8, 0.000183519
FILLER_0_35_1057, 485.94, 103.36, 0.000182001
FILLER_0_33_1057, 485.94, 97.92, 0.000180568
FILLER_0_31_1057, 485.94, 92.48, 0.000179217
FILLER_0_29_1057, 485.94, 87.04, 0.000177944
FILLER_0_27_1057, 485.94, 81.6, 0.000176746
FILLER_0_25_1057, 485.94, 76.16, 0.000175621
FILLER_0_23_1057, 485.94, 70.72, 0.000174564
FILLER_0_21_1057, 485.94, 65.28, 0.000173573
FILLER_0_19_1057, 485.94, 59.84, 0.000172646
FILLER_0_17_1057, 485.94, 54.4, 0.00017178
FILLER_0_15_1057, 485.94, 48.96, 0.000170973
FILLER_0_13_1057, 485.94, 43.52, 0.000170222
FILLER_0_11_1057, 485.94, 38.08, 0.000169524
FILLER_0_9_1057, 485.94, 32.64, 0.000168879
FILLER_0_7_1057, 485.94, 27.2, 0.000168746
FILLER_0_5_1057, 485.94, 21.76, 0.000168893
FILLER_0_3_1057, 485.94, 16.32, 0.00016909
input10, 485.94, 10.88, 0.000174428
FILLER_0_0_1033, 485.94, 10.88, 0.000174428
FILLER_0_0_1037, 485.94, 10.88, 0.000174428
FILLER_0_0_1055, 485.94, 10.88, 0.000174428
FILLER_0_1_1057, 485.94, 10.88, 0.000174428
FILLER_0_358_697, 332.34, 984.64, 0.000111633
FILLER_0_357_721, 332.34, 979.2, 0.000108555
FILLER_0_355_721, 332.34, 973.76, 0.000108389
FILLER_0_353_721, 332.34, 968.32, 0.000108233
FILLER_0_351_721, 332.34, 962.88, 0.000108087
FILLER_0_349_721, 332.34, 957.44, 0.00010795
FILLER_0_347_721, 332.34, 952, 0.000107825
FILLER_0_345_721, 332.34, 946.56, 0.000107808
FILLER_0_343_721, 332.34, 941.12, 0.000107864
FILLER_0_341_721, 332.34, 935.68, 0.000107932
FILLER_0_339_721, 332.34, 930.24, 0.000108013
FILLER_0_337_721, 332.34, 924.8, 0.00010811
FILLER_0_335_721, 332.34, 919.36, 0.000108221
FILLER_0_333_721, 332.34, 913.92, 0.000108349
FILLER_0_331_721, 332.34, 908.48, 0.000108494
FILLER_0_329_721, 332.34, 903.04, 0.000108658
FILLER_0_327_721, 332.34, 897.6, 0.000108841
FILLER_0_325_721, 332.34, 892.16, 0.000109045
FILLER_0_323_721, 332.34, 886.72, 0.000109271
FILLER_0_321_721, 332.34, 881.28, 0.00010952
FILLER_0_319_721, 332.34, 875.84, 0.000109794
FILLER_0_317_721, 332.34, 870.4, 0.000110093
FILLER_0_315_721, 332.34, 864.96, 0.00011042
FILLER_0_313_721, 332.34, 859.52, 0.000110776
FILLER_0_311_721, 332.34, 854.08, 0.00011119
FILLER_0_309_721, 332.34, 848.64, 0.000111574
FILLER_0_307_721, 332.34, 843.2, 0.000112021
FILLER_0_305_721, 332.34, 837.76, 0.000112504
FILLER_0_303_721, 332.34, 832.32, 0.000113024
FILLER_0_301_721, 332.34, 826.88, 0.000113584
FILLER_0_299_721, 332.34, 821.44, 0.000114186
FILLER_0_297_721, 332.34, 816, 0.000114831
FILLER_0_295_721, 332.34, 810.56, 0.000115522
FILLER_0_293_721, 332.34, 805.12, 0.000116261
FILLER_0_291_721, 332.34, 799.68, 0.00011705
FILLER_0_289_721, 332.34, 794.24, 0.000118408
FILLER_0_287_721, 332.34, 788.8, 0.000120429
FILLER_0_285_721, 332.34, 783.36, 0.000122491
FILLER_0_283_721, 332.34, 777.92, 0.000124586
FILLER_0_281_721, 332.34, 772.48, 0.000126704
FILLER_0_279_721, 332.34, 767.04, 0.000128837
FILLER_0_277_721, 332.34, 761.6, 0.000130976
FILLER_0_275_721, 332.34, 756.16, 0.000133111
FILLER_0_273_721, 332.34, 750.72, 0.00013523
FILLER_0_271_721, 332.34, 745.28, 0.000137324
FILLER_0_269_721, 332.34, 739.84, 0.000139379
FILLER_0_267_721, 332.34, 734.4, 0.000141383
FILLER_0_265_721, 332.34, 728.96, 0.000143321
FILLER_0_263_721, 332.34, 723.52, 0.000145178
FILLER_0_261_721, 332.34, 718.08, 0.000146937
FILLER_0_259_721, 332.34, 712.64, 0.000148579
FILLER_0_257_721, 332.34, 707.2, 0.000150084
FILLER_0_255_721, 332.34, 701.76, 0.000151429
FILLER_0_253_721, 332.34, 696.32, 0.000152589
FILLER_0_251_721, 332.34, 690.88, 0.000153536
FILLER_0_249_721, 332.34, 685.44, 0.000154239
FILLER_0_247_721, 332.34, 680, 0.000154686
FILLER_0_245_721, 332.34, 674.56, 0.000154773
FILLER_0_243_721, 332.34, 669.12, 0.000154523
FILLER_0_241_721, 332.34, 663.68, 0.000153869
FILLER_0_239_721, 332.34, 658.24, 0.00015276
FILLER_0_237_721, 332.34, 652.8, 0.000151137
FILLER_0_235_721, 332.34, 647.36, 0.000148937
FILLER_0_233_721, 332.34, 641.92, 0.000161586
FILLER_0_231_721, 332.34, 636.48, 0.000209796
FILLER_0_229_721, 332.34, 631.04, 0.000257461
FILLER_0_227_721, 332.34, 625.6, 0.000304691
FILLER_0_225_721, 332.34, 620.16, 0.000351595
FILLER_0_223_721, 332.34, 614.72, 0.000398272
FILLER_0_221_721, 332.34, 609.28, 0.000444817
FILLER_0_219_721, 332.34, 603.84, 0.000491319
FILLER_0_217_721, 332.34, 598.4, 0.000537867
FILLER_0_215_721, 332.34, 592.96, 0.000584542
FILLER_0_213_721, 332.34, 587.52, 0.000631423
FILLER_0_211_721, 332.34, 582.08, 0.000678589
FILLER_0_209_721, 332.34, 576.64, 0.000726112
FILLER_0_207_721, 332.34, 571.2, 0.000774067
FILLER_0_205_721, 332.34, 565.76, 0.000822524
FILLER_0_203_721, 332.34, 560.32, 0.000871551
FILLER_0_201_721, 332.34, 554.88, 0.000925726
FILLER_0_199_721, 332.34, 549.44, 0.00102089
FILLER_0_197_721, 332.34, 544, 0.00104212
FILLER_0_195_721, 332.34, 538.56, 0.00112159
FILLER_0_193_721, 332.34, 533.12, 0.0011823
FILLER_0_191_721, 332.34, 527.68, 0.00120376
FILLER_0_189_721, 332.34, 522.24, 0.00126166
FILLER_0_187_721, 332.34, 516.8, 0.0013503
FILLER_0_185_721, 332.34, 511.36, 0.00137009
FILLER_0_183_721, 332.34, 505.92, 0.00135821
FILLER_0_181_721, 332.34, 500.48, 0.00136654
FILLER_0_179_721, 332.34, 495.04, 0.00144392
FILLER_0_177_721, 332.34, 489.6, 0.00148493
FILLER_0_175_721, 332.34, 484.16, 0.00153902
FILLER_0_173_721, 332.34, 478.72, 0.00157714
FILLER_0_171_721, 332.34, 473.28, 0.00147545
FILLER_0_169_721, 332.34, 467.84, 0.00152079
FILLER_0_167_721, 332.34, 462.4, 0.00152444
FILLER_0_165_721, 332.34, 456.96, 0.00150573
FILLER_0_163_721, 332.34, 451.52, 0.00144936
FILLER_0_161_721, 332.34, 446.08, 0.00142157
wire24, 332.34, 440.64, 0.00145237
FILLER_0_159_721, 332.34, 440.64, 0.00145237
FILLER_0_155_721, 332.34, 429.76, 0.00130973
FILLER_0_153_721, 332.34, 424.32, 0.00130252
FILLER_0_151_721, 332.34, 418.88, 0.00116496
FILLER_0_149_721, 332.34, 413.44, 0.00114633
FILLER_0_147_721, 332.34, 408, 0.00106542
FILLER_0_145_721, 332.34, 402.56, 0.00096625
FILLER_0_143_721, 332.34, 397.12, 0.000896367
FILLER_0_141_721, 332.34, 391.68, 0.000835756
FILLER_0_139_721, 332.34, 386.24, 0.000775322
FILLER_0_137_721, 332.34, 380.8, 0.000714943
FILLER_0_135_721, 332.34, 375.36, 0.000654492
FILLER_0_133_721, 332.34, 369.92, 0.000593837
FILLER_0_131_721, 332.34, 364.48, 0.000532838
FILLER_0_129_721, 332.34, 359.04, 0.000471351
FILLER_0_127_721, 332.34, 353.6, 0.000409221
FILLER_0_125_721, 332.34, 348.16, 0.000346286
FILLER_0_123_721, 332.34, 342.72, 0.000282375
FILLER_0_121_721, 332.34, 337.28, 0.00021735
FILLER_0_119_721, 332.34, 331.84, 0.000222943
FILLER_0_117_721, 332.34, 326.4, 0.000228567
FILLER_0_115_721, 332.34, 320.96, 0.000233084
FILLER_0_113_721, 332.34, 315.52, 0.000236603
FILLER_0_111_721, 332.34, 310.08, 0.000239223
FILLER_0_109_721, 332.34, 304.64, 0.000241036
FILLER_0_107_721, 332.34, 299.2, 0.000242122
FILLER_0_105_721, 332.34, 293.76, 0.000242557
FILLER_0_103_721, 332.34, 288.32, 0.00024241
FILLER_0_101_721, 332.34, 282.88, 0.000241742
FILLER_0_99_721, 332.34, 277.44, 0.00024061
FILLER_0_97_721, 332.34, 272, 0.000239066
FILLER_0_95_721, 332.34, 266.56, 0.000237158
FILLER_0_93_721, 332.34, 261.12, 0.00023493
FILLER_0_91_721, 332.34, 255.68, 0.000232422
FILLER_0_89_721, 332.34, 250.24, 0.000229672
FILLER_0_87_721, 332.34, 244.8, 0.000226713
FILLER_0_85_721, 332.34, 239.36, 0.000223578
FILLER_0_83_721, 332.34, 233.92, 0.000220297
FILLER_0_81_721, 332.34, 228.48, 0.000216897
FILLER_0_79_721, 332.34, 223.04, 0.000213404
FILLER_0_77_721, 332.34, 217.6, 0.000209843
FILLER_0_75_721, 332.34, 212.16, 0.000206236
FILLER_0_73_721, 332.34, 206.72, 0.000202606
FILLER_0_71_721, 332.34, 201.28, 0.000198974
FILLER_0_69_721, 332.34, 195.84, 0.000195359
FILLER_0_67_721, 332.34, 190.4, 0.000191781
FILLER_0_65_721, 332.34, 184.96, 0.000188258
FILLER_0_63_721, 332.34, 179.52, 0.000186203
FILLER_0_61_721, 332.34, 174.08, 0.00018452
FILLER_0_59_721, 332.34, 168.64, 0.000182911
FILLER_0_57_721, 332.34, 163.2, 0.000181378
FILLER_0_55_721, 332.34, 157.76, 0.000179917
FILLER_0_53_721, 332.34, 152.32, 0.000178529
FILLER_0_51_721, 332.34, 146.88, 0.000177211
FILLER_0_49_721, 332.34, 141.44, 0.000175962
FILLER_0_47_721, 332.34, 136, 0.000174779
FILLER_0_45_721, 332.34, 130.56, 0.000173662
FILLER_0_43_721, 332.34, 125.12, 0.000172607
FILLER_0_41_721, 332.34, 119.68, 0.000171614
FILLER_0_39_721, 332.34, 114.24, 0.000170679
FILLER_0_37_721, 332.34, 108.8, 0.000169802
FILLER_0_35_721, 332.34, 103.36, 0.00016898
FILLER_0_33_721, 332.34, 97.92, 0.000168211
FILLER_0_31_721, 332.34, 92.48, 0.000167493
FILLER_0_29_721, 332.34, 87.04, 0.000166825
FILLER_0_27_721, 332.34, 81.6, 0.000166204
FILLER_0_25_721, 332.34, 76.16, 0.000165628
FILLER_0_23_721, 332.34, 70.72, 0.000165097
FILLER_0_21_721, 332.34, 65.28, 0.000164608
FILLER_0_19_721, 332.34, 59.84, 0.00016416
FILLER_0_17_721, 332.34, 54.4, 0.00016375
FILLER_0_15_721, 332.34, 48.96, 0.000163379
FILLER_0_13_721, 332.34, 43.52, 0.000163043
FILLER_0_11_721, 332.34, 38.08, 0.000162743
FILLER_0_9_721, 332.34, 32.64, 0.000162476
FILLER_0_7_721, 332.34, 27.2, 0.00016254
FILLER_0_5_721, 332.34, 21.76, 0.000162786
FILLER_0_3_721, 332.34, 16.32, 0.000163063
FILLER_0_1_721, 332.34, 10.88, 0.000168982
FILLER_0_358_389, 178.74, 984.64, 0.00012536
FILLER_0_357_385, 178.74, 979.2, 0.00011859
FILLER_0_355_385, 178.74, 973.76, 0.000118253
FILLER_0_353_385, 178.74, 968.32, 0.000117936
FILLER_0_351_385, 178.74, 962.88, 0.000117639
FILLER_0_349_385, 178.74, 957.44, 0.000117361
FILLER_0_347_385, 178.74, 952, 0.000117103
FILLER_0_345_385, 178.74, 946.56, 0.000117026
FILLER_0_343_385, 178.74, 941.12, 0.000117068
FILLER_0_341_385, 178.74, 935.68, 0.000117129
FILLER_0_339_385, 178.74, 930.24, 0.000117209
FILLER_0_337_385, 178.74, 924.8, 0.000117307
FILLER_0_335_385, 178.74, 919.36, 0.000117425
FILLER_0_333_385, 178.74, 913.92, 0.000117561
FILLER_0_331_385, 178.74, 908.48, 0.000117717
FILLER_0_329_385, 178.74, 903.04, 0.000117892
FILLER_0_327_385, 178.74, 897.6, 0.000118086
FILLER_0_325_385, 178.74, 892.16, 0.000118301
FILLER_0_323_385, 178.74, 886.72, 0.000118535
FILLER_0_321_385, 178.74, 881.28, 0.00011879
FILLER_0_319_385, 178.74, 875.84, 0.000119065
FILLER_0_317_385, 178.74, 870.4, 0.000119361
FILLER_0_315_385, 178.74, 864.96, 0.000119677
FILLER_0_313_385, 178.74, 859.52, 0.000120015
FILLER_0_311_385, 178.74, 854.08, 0.000120869
FILLER_0_309_385, 178.74, 848.64, 0.000120698
FILLER_0_307_385, 178.74, 843.2, 0.000121046
FILLER_0_305_385, 178.74, 837.76, 0.000121418
FILLER_0_303_385, 178.74, 832.32, 0.000121815
FILLER_0_301_385, 178.74, 826.88, 0.00012224
FILLER_0_299_385, 178.74, 821.44, 0.000122694
FILLER_0_297_385, 178.74, 816, 0.000123179
FILLER_0_295_385, 178.74, 810.56, 0.000123695
FILLER_0_293_385, 178.74, 805.12, 0.000124245
FILLER_0_291_385, 178.74, 799.68, 0.00012483
FILLER_0_289_385, 178.74, 794.24, 0.000125716
FILLER_0_287_385, 178.74, 788.8, 0.000126954
FILLER_0_285_385, 178.74, 783.36, 0.000128232
FILLER_0_283_385, 178.74, 777.92, 0.000129552
FILLER_0_281_385, 178.74, 772.48, 0.000130916
FILLER_0_279_385, 178.74, 767.04, 0.000132325
FILLER_0_277_385, 178.74, 761.6, 0.000133783
FILLER_0_275_385, 178.74, 756.16, 0.000135292
FILLER_0_273_385, 178.74, 750.72, 0.000136856
FILLER_0_271_385, 178.74, 745.28, 0.000138478
FILLER_0_269_385, 178.74, 739.84, 0.000140163
FILLER_0_267_385, 178.74, 734.4, 0.000141916
FILLER_0_265_385, 178.74, 728.96, 0.000143744
FILLER_0_263_385, 178.74, 723.52, 0.000145654
FILLER_0_261_385, 178.74, 718.08, 0.000147653
FILLER_0_259_385, 178.74, 712.64, 0.000149752
FILLER_0_257_385, 178.74, 707.2, 0.00015196
FILLER_0_255_385, 178.74, 701.76, 0.000154291
FILLER_0_253_385, 178.74, 696.32, 0.000156757
FILLER_0_251_385, 178.74, 690.88, 0.000159375
FILLER_0_249_385, 178.74, 685.44, 0.000162163
FILLER_0_247_385, 178.74, 680, 0.000165494
FILLER_0_245_385, 178.74, 674.56, 0.000168293
FILLER_0_243_385, 178.74, 669.12, 0.000171686
FILLER_0_241_385, 178.74, 663.68, 0.000175349
FILLER_0_239_385, 178.74, 658.24, 0.000179317
FILLER_0_237_385, 178.74, 652.8, 0.00018363
FILLER_0_235_385, 178.74, 647.36, 0.000188329
FILLER_0_233_385, 178.74, 641.92, 0.000199804
FILLER_0_231_385, 178.74, 636.48, 0.000226548
FILLER_0_229_385, 178.74, 631.04, 0.000253671
FILLER_0_227_385, 178.74, 625.6, 0.000281105
FILLER_0_225_385, 178.74, 620.16, 0.000308789
FILLER_0_223_385, 178.74, 614.72, 0.000336663
FILLER_0_221_385, 178.74, 609.28, 0.000364673
FILLER_0_219_385, 178.74, 603.84, 0.000392765
FILLER_0_217_385, 178.74, 598.4, 0.000420888
FILLER_0_215_385, 178.74, 592.96, 0.000448993
FILLER_0_213_385, 178.74, 587.52, 0.000477031
FILLER_0_211_385, 178.74, 582.08, 0.000504951
FILLER_0_209_385, 178.74, 576.64, 0.000532706
FILLER_0_207_385, 178.74, 571.2, 0.000560244
FILLER_0_205_385, 178.74, 565.76, 0.000587515
FILLER_0_203_385, 178.74, 560.32, 0.000614464
FILLER_0_201_385, 178.74, 554.88, 0.000641297
FILLER_0_199_385, 178.74, 549.44, 0.000670008
FILLER_0_197_385, 178.74, 544, 0.000693745
FILLER_0_195_385, 178.74, 538.56, 0.000720173
FILLER_0_193_385, 178.74, 533.12, 0.000744677
FILLER_0_191_385, 178.74, 527.68, 0.000765964
FILLER_0_189_385, 178.74, 522.24, 0.000788423
FILLER_0_187_385, 178.74, 516.8, 0.000811618
FILLER_0_185_385, 178.74, 511.36, 0.000829583
FILLER_0_183_385, 178.74, 505.92, 0.000844469
FILLER_0_181_385, 178.74, 500.48, 0.000859375
FILLER_0_179_385, 178.74, 495.04, 0.000877154
FILLER_0_177_385, 178.74, 489.6, 0.000889973
FILLER_0_175_385, 178.74, 484.16, 0.000892786
FILLER_0_173_385, 178.74, 478.72, 0.0008931
FILLER_0_171_385, 178.74, 473.28, 0.000883628
FILLER_0_169_385, 178.74, 467.84, 0.00088126
FILLER_0_167_385, 178.74, 462.4, 0.00087492
FILLER_0_165_385, 178.74, 456.96, 0.000865683
FILLER_0_163_385, 178.74, 451.52, 0.000852687
FILLER_0_161_385, 178.74, 446.08, 0.000839892
FILLER_0_159_385, 178.74, 440.64, 0.00082907
FILLER_0_157_385, 178.74, 435.2, 0.000814509
FILLER_0_155_385, 178.74, 429.76, 0.00079085
FILLER_0_153_385, 178.74, 424.32, 0.000773369
FILLER_0_151_385, 178.74, 418.88, 0.000747024
FILLER_0_149_385, 178.74, 413.44, 0.000726573
FILLER_0_147_385, 178.74, 408, 0.000701503
FILLER_0_145_385, 178.74, 402.56, 0.000674514
FILLER_0_143_385, 178.74, 397.12, 0.000648567
FILLER_0_141_385, 178.74, 391.68, 0.000622619
FILLER_0_139_385, 178.74, 386.24, 0.000596225
FILLER_0_137_385, 178.74, 380.8, 0.000569459
FILLER_0_135_385, 178.74, 375.36, 0.000542392
FILLER_0_133_385, 178.74, 369.92, 0.000515094
FILLER_0_131_385, 178.74, 364.48, 0.000487635
FILLER_0_129_385, 178.74, 359.04, 0.000460083
FILLER_0_127_385, 178.74, 353.6, 0.00043251
FILLER_0_125_385, 178.74, 348.16, 0.000404989
FILLER_0_123_385, 178.74, 342.72, 0.000377593
FILLER_0_121_385, 178.74, 337.28, 0.000351177
FILLER_0_119_385, 178.74, 331.84, 0.00034121
FILLER_0_117_385, 178.74, 326.4, 0.000332569
FILLER_0_115_385, 178.74, 320.96, 0.000324145
FILLER_0_113_385, 178.74, 315.52, 0.00031591
FILLER_0_111_385, 178.74, 310.08, 0.000307838
FILLER_0_109_385, 178.74, 304.64, 0.000299906
FILLER_0_107_385, 178.74, 299.2, 0.000292096
FILLER_0_105_385, 178.74, 293.76, 0.000284391
FILLER_0_103_385, 178.74, 288.32, 0.000276779
FILLER_0_101_385, 178.74, 282.88, 0.000269247
FILLER_0_99_385, 178.74, 277.44, 0.000261787
FILLER_0_97_385, 178.74, 272, 0.00025439
FILLER_0_95_385, 178.74, 266.56, 0.000247052
FILLER_0_93_385, 178.74, 261.12, 0.000239767
FILLER_0_91_385, 178.74, 255.68, 0.000232534
FILLER_0_89_385, 178.74, 250.24, 0.00022535
FILLER_0_87_385, 178.74, 244.8, 0.000218215
FILLER_0_85_385, 178.74, 239.36, 0.00021113
FILLER_0_83_385, 178.74, 233.92, 0.000204098
FILLER_0_81_385, 178.74, 228.48, 0.000197122
FILLER_0_79_385, 178.74, 223.04, 0.000190206
FILLER_0_77_385, 178.74, 217.6, 0.000183356
FILLER_0_75_385, 178.74, 212.16, 0.000176578
FILLER_0_73_385, 178.74, 206.72, 0.000169881
FILLER_0_71_385, 178.74, 201.28, 0.000163274
FILLER_0_69_385, 178.74, 195.84, 0.000156768
FILLER_0_67_385, 178.74, 190.4, 0.000150374
FILLER_0_65_385, 178.74, 184.96, 0.000144106
FILLER_0_63_385, 178.74, 179.52, 0.000142526
FILLER_0_61_385, 178.74, 174.08, 0.000142039
FILLER_0_59_385, 178.74, 168.64, 0.000141669
FILLER_0_57_385, 178.74, 163.2, 0.000141402
FILLER_0_55_385, 178.74, 157.76, 0.000141226
FILLER_0_53_385, 178.74, 152.32, 0.000141132
FILLER_0_51_385, 178.74, 146.88, 0.000141109
FILLER_0_49_385, 178.74, 141.44, 0.000141149
FILLER_0_47_385, 178.74, 136, 0.000141245
FILLER_0_45_385, 178.74, 130.56, 0.000141389
FILLER_0_43_385, 178.74, 125.12, 0.000141577
FILLER_0_41_385, 178.74, 119.68, 0.000141802
FILLER_0_39_385, 178.74, 114.24, 0.000142059
FILLER_0_37_385, 178.74, 108.8, 0.000142344
FILLER_0_35_385, 178.74, 103.36, 0.000142654
FILLER_0_33_385, 178.74, 97.92, 0.000142984
FILLER_0_31_385, 178.74, 92.48, 0.000143332
FILLER_0_29_385, 178.74, 87.04, 0.000143695
FILLER_0_27_385, 178.74, 81.6, 0.00014407
FILLER_0_25_385, 178.74, 76.16, 0.000144455
FILLER_0_23_385, 178.74, 70.72, 0.000144848
FILLER_0_21_385, 178.74, 65.28, 0.000145248
FILLER_0_19_385, 178.74, 59.84, 0.000145652
FILLER_0_17_385, 178.74, 54.4, 0.000146059
FILLER_0_15_385, 178.74, 48.96, 0.000146468
FILLER_0_13_385, 178.74, 43.52, 0.000146878
FILLER_0_11_385, 178.74, 38.08, 0.000147288
FILLER_0_9_385, 178.74, 32.64, 0.000147696
FILLER_0_7_385, 178.74, 27.2, 0.000148068
FILLER_0_5_385, 178.74, 21.76, 0.000148421
FILLER_0_3_385, 178.74, 16.32, 0.00014877
FILLER_0_0_389, 178.74, 10.88, 0.000154632
FILLER_0_1_385, 178.74, 10.88, 0.000154632
input12, 25.14, 984.64, 0.000129629
FILLER_0_358_41, 25.14, 984.64, 0.000129629
FILLER_0_357_51, 25.14, 979.2, 0.000123099
FILLER_0_355_51, 25.14, 973.76, 0.000122756
FILLER_0_353_51, 25.14, 968.32, 0.000122432
FILLER_0_351_51, 25.14, 962.88, 0.000122126
FILLER_0_349_51, 25.14, 957.44, 0.000121838
FILLER_0_347_51, 25.14, 952, 0.000121568
FILLER_0_345_51, 25.14, 946.56, 0.000121477
FILLER_0_343_51, 25.14, 941.12, 0.000121504
FILLER_0_341_51, 25.14, 935.68, 0.000121548
FILLER_0_339_51, 25.14, 930.24, 0.00012161
FILLER_0_337_51, 25.14, 924.8, 0.00012169
FILLER_0_335_51, 25.14, 919.36, 0.000121787
FILLER_0_333_51, 25.14, 913.92, 0.000121902
FILLER_0_331_51, 25.14, 908.48, 0.000122034
FILLER_0_329_51, 25.14, 903.04, 0.000122184
FILLER_0_327_51, 25.14, 897.6, 0.000122351
FILLER_0_325_51, 25.14, 892.16, 0.000122535
FILLER_0_323_51, 25.14, 886.72, 0.000122737
FILLER_0_321_51, 25.14, 881.28, 0.000122955
FILLER_0_319_51, 25.14, 875.84, 0.00012319
FILLER_0_317_51, 25.14, 870.4, 0.000123442
FILLER_0_315_51, 25.14, 864.96, 0.00012371
FILLER_0_313_51, 25.14, 859.52, 0.000123995
FILLER_0_311_47, 25.14, 854.08, 0.000132865
FILLER_0_309_51, 25.14, 848.64, 0.000124117
FILLER_0_307_51, 25.14, 843.2, 0.000123951
FILLER_0_305_51, 25.14, 837.76, 0.000123798
FILLER_0_303_51, 25.14, 832.32, 0.000123655
FILLER_0_301_51, 25.14, 826.88, 0.000123521
FILLER_0_299_51, 25.14, 821.44, 0.000123394
FILLER_0_297_51, 25.14, 816, 0.000123271
FILLER_0_295_51, 25.14, 810.56, 0.00012315
FILLER_0_293_51, 25.14, 805.12, 0.000123029
FILLER_0_291_51, 25.14, 799.68, 0.000122906
FILLER_0_289_51, 25.14, 794.24, 0.000122756
FILLER_0_287_51, 25.14, 788.8, 0.00012257
FILLER_0_285_51, 25.14, 783.36, 0.00012237
FILLER_0_283_51, 25.14, 777.92, 0.000122151
FILLER_0_281_51, 25.14, 772.48, 0.000121907
FILLER_0_279_51, 25.14, 767.04, 0.000121631
FILLER_0_277_51, 25.14, 761.6, 0.000121319
FILLER_0_275_51, 25.14, 756.16, 0.000120963
FILLER_0_273_51, 25.14, 750.72, 0.000120556
FILLER_0_271_51, 25.14, 745.28, 0.000120092
FILLER_0_269_51, 25.14, 739.84, 0.000119563
FILLER_0_267_51, 25.14, 734.4, 0.000118961
FILLER_0_265_51, 25.14, 728.96, 0.000118277
FILLER_0_263_51, 25.14, 723.52, 0.000117503
FILLER_0_261_51, 25.14, 718.08, 0.000116628
FILLER_0_259_51, 25.14, 712.64, 0.000115644
FILLER_0_257_51, 25.14, 707.2, 0.000114538
FILLER_0_255_51, 25.14, 701.76, 0.000113299
FILLER_0_253_51, 25.14, 696.32, 0.000111915
FILLER_0_251_51, 25.14, 690.88, 0.000110371
FILLER_0_249_51, 25.14, 685.44, 0.000108655
FILLER_0_247_51, 25.14, 680, 0.000112851
FILLER_0_245_51, 25.14, 674.56, 0.000104284
FILLER_0_243_51, 25.14, 669.12, 0.000101593
FILLER_0_241_51, 25.14, 663.68, 9.86555e-05
FILLER_0_239_51, 25.14, 658.24, 9.54493e-05
FILLER_0_237_51, 25.14, 652.8, 9.19495e-05
FILLER_0_235_51, 25.14, 647.36, 8.81296e-05
FILLER_0_233_51, 25.14, 641.92, 9.36061e-05
FILLER_0_231_51, 25.14, 636.48, 0.000121258
FILLER_0_229_51, 25.14, 631.04, 0.000148538
FILLER_0_227_51, 25.14, 625.6, 0.000175443
FILLER_0_225_51, 25.14, 620.16, 0.000201966
FILLER_0_223_51, 25.14, 614.72, 0.000228101
FILLER_0_221_51, 25.14, 609.28, 0.000253837
FILLER_0_219_51, 25.14, 603.84, 0.000279162
FILLER_0_217_51, 25.14, 598.4, 0.000304062
FILLER_0_215_51, 25.14, 592.96, 0.000328524
FILLER_0_213_51, 25.14, 587.52, 0.00035253
FILLER_0_211_51, 25.14, 582.08, 0.000376061
FILLER_0_209_51, 25.14, 576.64, 0.000399099
FILLER_0_207_51, 25.14, 571.2, 0.000421622
FILLER_0_205_51, 25.14, 565.76, 0.00044361
FILLER_0_203_51, 25.14, 560.32, 0.000465037
FILLER_0_201_51, 25.14, 554.88, 0.000485898
FILLER_0_199_51, 25.14, 549.44, 0.00050629
FILLER_0_197_51, 25.14, 544, 0.000525764
FILLER_0_195_51, 25.14, 538.56, 0.000544772
FILLER_0_193_51, 25.14, 533.12, 0.000563005
FILLER_0_191_51, 25.14, 527.68, 0.00058036
FILLER_0_189_51, 25.14, 522.24, 0.00059709
FILLER_0_187_51, 25.14, 516.8, 0.000613148
FILLER_0_185_45, 25.14, 511.36, 0.000628141
FILLER_0_185_53, 25.14, 511.36, 0.000628141
FILLER_0_183_51, 25.14, 505.92, 0.000642191
FILLER_0_181_51, 25.14, 500.48, 0.000655483
FILLER_0_179_51, 25.14, 495.04, 0.000668186
FILLER_0_177_51, 25.14, 489.6, 0.00067825
FILLER_0_175_51, 25.14, 484.16, 0.000677489
FILLER_0_173_51, 25.14, 478.72, 0.000675768
FILLER_0_171_51, 25.14, 473.28, 0.000672634
FILLER_0_169_51, 25.14, 467.84, 0.000669143
FILLER_0_167_51, 25.14, 462.4, 0.000664613
FILLER_0_165_51, 25.14, 456.96, 0.000659117
FILLER_0_163_51, 25.14, 451.52, 0.000652617
FILLER_0_161_51, 25.14, 446.08, 0.000645379
FILLER_0_159_51, 25.14, 440.64, 0.000637531
FILLER_0_157_51, 25.14, 435.2, 0.000628737
FILLER_0_155_51, 25.14, 429.76, 0.000618689
FILLER_0_153_51, 25.14, 424.32, 0.000608374
FILLER_0_151_51, 25.14, 418.88, 0.000596898
FILLER_0_149_51, 25.14, 413.44, 0.000585219
FILLER_0_147_51, 25.14, 408, 0.000572727
FILLER_0_145_51, 25.14, 402.56, 0.000559635
FILLER_0_143_51, 25.14, 397.12, 0.000546176
FILLER_0_141_51, 25.14, 391.68, 0.000532333
FILLER_0_139_51, 25.14, 386.24, 0.000518124
FILLER_0_137_51, 25.14, 380.8, 0.000503599
FILLER_0_135_51, 25.14, 375.36, 0.000488809
FILLER_0_133_51, 25.14, 369.92, 0.000473803
FILLER_0_131_51, 25.14, 364.48, 0.000458633
FILLER_0_129_51, 25.14, 359.04, 0.000443349
FILLER_0_127_51, 25.14, 353.6, 0.000428
FILLER_0_125_51, 25.14, 348.16, 0.000412638
FILLER_0_123_51, 25.14, 342.72, 0.000397312
FILLER_0_121_45, 25.14, 337.28, 0.000395473
FILLER_0_121_53, 25.14, 337.28, 0.000395473
FILLER_0_119_51, 25.14, 331.84, 0.000370308
FILLER_0_117_51, 25.14, 326.4, 0.000358737
FILLER_0_115_51, 25.14, 320.96, 0.000347277
FILLER_0_113_51, 25.14, 315.52, 0.000335916
FILLER_0_111_51, 25.14, 310.08, 0.00032464
FILLER_0_109_51, 25.14, 304.64, 0.000313436
FILLER_0_107_51, 25.14, 299.2, 0.000302289
FILLER_0_105_51, 25.14, 293.76, 0.000291187
FILLER_0_103_51, 25.14, 288.32, 0.000280117
FILLER_0_101_51, 25.14, 282.88, 0.000269064
FILLER_0_99_51, 25.14, 277.44, 0.000258014
FILLER_0_97_51, 25.14, 272, 0.000246955
FILLER_0_95_51, 25.14, 266.56, 0.00023587
FILLER_0_93_51, 25.14, 261.12, 0.000224748
FILLER_0_91_51, 25.14, 255.68, 0.000213572
FILLER_0_89_51, 25.14, 250.24, 0.000202328
FILLER_0_87_51, 25.14, 244.8, 0.000191
FILLER_0_85_51, 25.14, 239.36, 0.000179574
FILLER_0_83_51, 25.14, 233.92, 0.000168033
FILLER_0_81_51, 25.14, 228.48, 0.000156359
FILLER_0_79_51, 25.14, 223.04, 0.000144537
FILLER_0_77_51, 25.14, 217.6, 0.000132547
FILLER_0_75_51, 25.14, 212.16, 0.000120371
FILLER_0_73_51, 25.14, 206.72, 0.000107989
FILLER_0_71_51, 25.14, 201.28, 9.53802e-05
FILLER_0_69_51, 25.14, 195.84, 8.25231e-05
FILLER_0_67_51, 25.14, 190.4, 6.93944e-05
FILLER_0_65_51, 25.14, 184.96, 5.59697e-05
FILLER_0_63_51, 25.14, 179.52, 5.80588e-05
FILLER_0_61_51, 25.14, 174.08, 6.31896e-05
FILLER_0_59_45, 25.14, 168.64, 6.80318e-05
FILLER_0_59_53, 25.14, 168.64, 6.80318e-05
FILLER_0_57_51, 25.14, 163.2, 7.2604e-05
FILLER_0_55_51, 25.14, 157.76, 7.69239e-05
FILLER_0_53_51, 25.14, 152.32, 8.10075e-05
FILLER_0_51_51, 25.14, 146.88, 8.48699e-05
FILLER_0_49_51, 25.14, 141.44, 8.85253e-05
FILLER_0_47_51, 25.14, 136, 9.19867e-05
FILLER_0_45_51, 25.14, 130.56, 9.52664e-05
FILLER_0_43_51, 25.14, 125.12, 9.83756e-05
FILLER_0_41_51, 25.14, 119.68, 0.000101325
FILLER_0_39_51, 25.14, 114.24, 0.000104125
FILLER_0_37_51, 25.14, 108.8, 0.000106784
FILLER_0_35_51, 25.14, 103.36, 0.000109311
FILLER_0_33_51, 25.14, 97.92, 0.000111714
FILLER_0_31_51, 25.14, 92.48, 0.000114002
FILLER_0_29_51, 25.14, 87.04, 0.00011618
FILLER_0_27_51, 25.14, 81.6, 0.000118255
FILLER_0_25_51, 25.14, 76.16, 0.000120235
FILLER_0_23_51, 25.14, 70.72, 0.000122124
FILLER_0_21_51, 25.14, 65.28, 0.000123928
FILLER_0_19_51, 25.14, 59.84, 0.000125653
FILLER_0_17_51, 25.14, 54.4, 0.000127302
FILLER_0_15_51, 25.14, 48.96, 0.000128882
FILLER_0_13_51, 25.14, 43.52, 0.000130395
FILLER_0_11_51, 25.14, 38.08, 0.000131847
FILLER_0_9_51, 25.14, 32.64, 0.000133241
FILLER_0_7_51, 25.14, 27.2, 0.000134092
FILLER_0_5_51, 25.14, 21.76, 0.000134647
FILLER_0_3_51, 25.14, 16.32, 0.00013515
FILLER_0_0_53, 25.14, 10.88, 0.000142204
FILLER_0_1_51, 25.14, 10.88, 0.000142204
PHY_714, 5.52, 984.64, 0.000129629
PHY_716, 5.52, 984.64, 0.000129629
PHY_715, 994.06, 984.64, 7.64991e-05
PHY_717, 994.06, 984.64, 7.64991e-05
output19, 994.06, 984.64, 7.64991e-05
FILLER_0_357_2141, 994.06, 984.64, 7.64991e-05
FILLER_0_358_2137, 994.06, 984.64, 7.64991e-05
FILLER_0_358_81, 37.94, 984.64, 0.000129274
FILLER_0_358_109, 50.74, 984.64, 0.000128918
FILLER_0_358_137, 63.54, 984.64, 0.000128562
FILLER_0_358_165, 76.34, 984.64, 0.000128206
FILLER_0_358_193, 89.14, 984.64, 0.00012785
FILLER_0_358_221, 101.94, 984.64, 0.000127495
FILLER_0_358_249, 114.74, 984.64, 0.000127139
FILLER_0_358_277, 127.54, 984.64, 0.000126783
FILLER_0_358_305, 140.34, 984.64, 0.000126427
FILLER_0_358_333, 153.14, 984.64, 0.000126071
FILLER_0_358_361, 165.94, 984.64, 0.000125715
input6, 191.54, 984.64, 0.000132731
FILLER_0_358_445, 204.34, 984.64, 0.000130813
FILLER_0_358_473, 217.14, 984.64, 0.000128895
FILLER_0_358_501, 229.94, 984.64, 0.000126977
FILLER_0_358_529, 242.74, 984.64, 0.000125059
FILLER_0_358_557, 255.54, 984.64, 0.000123141
FILLER_0_358_585, 268.34, 984.64, 0.000121223
FILLER_0_358_613, 281.14, 984.64, 0.000119305
FILLER_0_358_641, 306.74, 984.64, 0.000115469
FILLER_0_358_669, 319.54, 984.64, 0.000113551
FILLER_0_358_725, 345.14, 984.64, 0.00011324
input1, 357.94, 984.64, 0.000114848
FILLER_0_358_753, 357.94, 984.64, 0.000114848
FILLER_0_358_775, 357.94, 984.64, 0.000114848
FILLER_0_358_809, 383.54, 984.64, 0.000111291
FILLER_0_358_837, 396.34, 984.64, 0.000109513
FILLER_0_358_865, 409.14, 984.64, 0.000107735
FILLER_0_358_893, 421.94, 984.64, 0.000105957
FILLER_0_358_921, 434.74, 984.64, 0.000104179
FILLER_0_358_949, 447.54, 984.64, 0.000102401
FILLER_0_358_977, 460.34, 984.64, 0.000100623
FILLER_0_358_1005, 473.14, 984.64, 9.88449e-05
FILLER_0_358_1061, 498.74, 984.64, 9.6546e-05
FILLER_0_358_1089, 511.54, 984.64, 9.60251e-05
FILLER_0_358_1117, 524.34, 984.64, 9.55043e-05
FILLER_0_358_1145, 537.14, 984.64, 9.49834e-05
FILLER_0_358_1173, 549.94, 984.64, 9.44625e-05
FILLER_0_358_1201, 562.74, 984.64, 9.39416e-05
FILLER_0_358_1229, 575.54, 984.64, 9.34207e-05
FILLER_0_358_1257, 588.34, 984.64, 9.28998e-05
FILLER_0_357_1281, 601.14, 984.64, 9.23789e-05
FILLER_0_358_1285, 601.14, 984.64, 9.23789e-05
FILLER_0_358_1313, 613.94, 984.64, 9.18579e-05
FILLER_0_357_1337, 626.74, 984.64, 9.1337e-05
FILLER_0_358_1341, 626.74, 984.64, 9.1337e-05
FILLER_0_357_1393, 652.34, 984.64, 9.66324e-05
FILLER_0_358_1397, 652.34, 984.64, 9.66324e-05
FILLER_0_358_1425, 665.14, 984.64, 0.000102449
input9, 677.94, 984.64, 0.000108265
FILLER_0_357_1449, 677.94, 984.64, 0.000108265
FILLER_0_358_1453, 677.94, 984.64, 0.000108265
FILLER_0_357_1505, 703.54, 984.64, 0.000102259
FILLER_0_358_1509, 703.54, 984.64, 0.000102259
FILLER_0_358_1537, 716.34, 984.64, 9.92565e-05
FILLER_0_357_1561, 729.14, 984.64, 9.62535e-05
FILLER_0_358_1565, 729.14, 984.64, 9.62535e-05
FILLER_0_358_1593, 741.94, 984.64, 9.32506e-05
FILLER_0_357_1617, 754.74, 984.64, 9.02477e-05
FILLER_0_358_1621, 754.74, 984.64, 9.02477e-05
FILLER_0_358_1649, 767.54, 984.64, 8.72447e-05
FILLER_0_357_1673, 780.34, 984.64, 8.42417e-05
FILLER_0_358_1677, 780.34, 984.64, 8.42417e-05
FILLER_0_357_1729, 805.94, 984.64, 8.08438e-05
FILLER_0_358_1733, 805.94, 984.64, 8.08438e-05
FILLER_0_358_1761, 818.74, 984.64, 8.04489e-05
output14, 831.54, 984.64, 8.0054e-05
FILLER_0_357_1785, 831.54, 984.64, 8.0054e-05
FILLER_0_358_1789, 831.54, 984.64, 8.0054e-05
FILLER_0_358_1805, 831.54, 984.64, 8.0054e-05
FILLER_0_358_1815, 844.34, 984.64, 7.9659e-05
FILLER_0_357_1841, 857.14, 984.64, 7.92641e-05
FILLER_0_358_1845, 857.14, 984.64, 7.92641e-05
FILLER_0_358_1873, 869.94, 984.64, 7.88691e-05
FILLER_0_357_1897, 882.74, 984.64, 7.84741e-05
FILLER_0_358_1901, 882.74, 984.64, 7.84741e-05
FILLER_0_358_1929, 895.54, 984.64, 7.8079e-05
FILLER_0_357_1953, 908.34, 984.64, 7.7684e-05
FILLER_0_358_1957, 908.34, 984.64, 7.7684e-05
FILLER_0_358_1985, 921.14, 984.64, 7.72889e-05
FILLER_0_357_2009, 933.94, 984.64, 7.68939e-05
FILLER_0_358_2013, 933.94, 984.64, 7.68939e-05
FILLER_0_357_2065, 958.57, 984.64, 7.64989e-05
FILLER_0_358_2069, 958.57, 984.64, 7.64989e-05
FILLER_0_358_2097, 970.4, 984.64, 7.6499e-05
FILLER_0_357_2121, 982.23, 984.64, 7.64991e-05
FILLER_0_358_2125, 982.23, 984.64, 7.64991e-05
FILLER_0_358_2129, 982.23, 984.64, 7.64991e-05
PHY_710, 5.52, 979.2, 0.000123099
PHY_712, 5.52, 979.2, 0.000123099
PHY_711, 994.06, 979.2, 7.63631e-05
PHY_713, 994.06, 979.2, 7.63631e-05
FILLER_0_355_2141, 994.06, 979.2, 7.63631e-05
FILLER_0_356_2137, 994.06, 979.2, 7.63631e-05
FILLER_0_356_77, 37.94, 979.2, 0.000122723
FILLER_0_357_105, 50.74, 979.2, 0.000122347
FILLER_0_356_133, 63.54, 979.2, 0.000121972
FILLER_0_357_161, 76.34, 979.2, 0.000121596
FILLER_0_356_189, 89.14, 979.2, 0.00012122
FILLER_0_357_217, 101.94, 979.2, 0.000120845
FILLER_0_356_245, 114.74, 979.2, 0.000120469
FILLER_0_357_273, 127.54, 979.2, 0.000120093
FILLER_0_356_301, 140.34, 979.2, 0.000119717
FILLER_0_357_329, 153.14, 979.2, 0.000119342
FILLER_0_356_357, 165.94, 979.2, 0.000118966
FILLER_0_356_413, 191.54, 979.2, 0.000117754
FILLER_0_357_441, 204.34, 979.2, 0.000116918
FILLER_0_356_469, 217.14, 979.2, 0.000116081
FILLER_0_357_497, 229.94, 979.2, 0.000115245
FILLER_0_356_525, 242.74, 979.2, 0.000114409
FILLER_0_357_553, 255.54, 979.2, 0.000113573
FILLER_0_356_581, 268.34, 979.2, 0.000112736
FILLER_0_357_609, 281.14, 979.2, 0.0001119
FILLER_0_356_637, 293.94, 979.2, 0.000111064
FILLER_0_357_665, 306.74, 979.2, 0.000110227
FILLER_0_356_693, 319.54, 979.2, 0.000109391
FILLER_0_356_749, 345.14, 979.2, 0.000107522
FILLER_0_357_777, 357.94, 979.2, 0.000106489
FILLER_0_356_805, 370.74, 979.2, 0.000105456
FILLER_0_357_833, 383.54, 979.2, 0.000104422
FILLER_0_356_861, 396.34, 979.2, 0.000103389
FILLER_0_357_889, 409.14, 979.2, 0.000102356
FILLER_0_356_917, 421.94, 979.2, 0.000101323
FILLER_0_357_945, 434.74, 979.2, 0.00010029
FILLER_0_356_973, 447.54, 979.2, 9.9257e-05
FILLER_0_357_1001, 460.34, 979.2, 9.82238e-05
FILLER_0_356_1029, 473.14, 979.2, 9.71907e-05
FILLER_0_356_1085, 498.74, 979.2, 9.52953e-05
FILLER_0_357_1113, 511.54, 979.2, 9.4433e-05
FILLER_0_356_1141, 524.34, 979.2, 9.35708e-05
FILLER_0_357_1169, 537.14, 979.2, 9.27085e-05
FILLER_0_356_1197, 549.94, 979.2, 9.18462e-05
FILLER_0_357_1225, 562.74, 979.2, 9.09839e-05
FILLER_0_356_1253, 575.54, 979.2, 9.01216e-05
FILLER_0_355_1281, 601.14, 979.2, 8.8397e-05
FILLER_0_356_1309, 613.94, 979.2, 8.75347e-05
FILLER_0_355_1337, 626.74, 979.2, 8.66723e-05
FILLER_0_355_1393, 652.34, 979.2, 8.52682e-05
FILLER_0_356_1421, 665.14, 979.2, 8.47263e-05
FILLER_0_355_1449, 677.94, 979.2, 8.41844e-05
FILLER_0_356_1477, 690.74, 979.2, 8.36426e-05
FILLER_0_355_1505, 703.54, 979.2, 8.31007e-05
FILLER_0_356_1533, 716.34, 979.2, 8.25588e-05
FILLER_0_355_1561, 729.14, 979.2, 8.20169e-05
FILLER_0_356_1589, 741.94, 979.2, 8.1475e-05
FILLER_0_355_1617, 754.74, 979.2, 8.09331e-05
FILLER_0_356_1645, 767.54, 979.2, 8.03911e-05
FILLER_0_355_1673, 780.34, 979.2, 7.98492e-05
FILLER_0_355_1729, 805.94, 979.2, 7.90619e-05
FILLER_0_356_1757, 818.74, 979.2, 7.88166e-05
FILLER_0_355_1785, 831.54, 979.2, 7.85713e-05
FILLER_0_356_1813, 844.34, 979.2, 7.8326e-05
FILLER_0_355_1841, 857.14, 979.2, 7.80806e-05
FILLER_0_356_1869, 869.94, 979.2, 7.78352e-05
FILLER_0_355_1897, 882.74, 979.2, 7.75899e-05
FILLER_0_356_1925, 895.54, 979.2, 7.73445e-05
FILLER_0_355_1953, 908.34, 979.2, 7.70991e-05
FILLER_0_356_1981, 921.14, 979.2, 7.68537e-05
FILLER_0_355_2009, 933.94, 979.2, 7.66083e-05
FILLER_0_355_2065, 958.57, 979.2, 7.63629e-05
FILLER_0_356_2093, 970.4, 979.2, 7.6363e-05
FILLER_0_355_2121, 982.23, 979.2, 7.6363e-05
PHY_706, 5.52, 973.76, 0.000122756
PHY_708, 5.52, 973.76, 0.000122756
PHY_707, 994.06, 973.76, 7.63255e-05
PHY_709, 994.06, 973.76, 7.63255e-05
FILLER_0_353_2141, 994.06, 973.76, 7.63255e-05
FILLER_0_354_2137, 994.06, 973.76, 7.63255e-05
FILLER_0_354_77, 37.94, 973.76, 0.000122381
FILLER_0_355_105, 50.74, 973.76, 0.000122006
FILLER_0_354_133, 63.54, 973.76, 0.000121631
FILLER_0_355_161, 76.34, 973.76, 0.000121255
FILLER_0_354_189, 89.14, 973.76, 0.00012088
FILLER_0_355_217, 101.94, 973.76, 0.000120505
FILLER_0_354_245, 114.74, 973.76, 0.000120129
FILLER_0_355_273, 127.54, 973.76, 0.000119754
FILLER_0_354_301, 140.34, 973.76, 0.000119379
FILLER_0_355_329, 153.14, 973.76, 0.000119003
FILLER_0_354_357, 165.94, 973.76, 0.000118628
FILLER_0_354_413, 191.54, 973.76, 0.000117431
FILLER_0_355_441, 204.34, 973.76, 0.000116609
FILLER_0_354_469, 217.14, 973.76, 0.000115787
FILLER_0_355_497, 229.94, 973.76, 0.000114965
FILLER_0_354_525, 242.74, 973.76, 0.000114143
FILLER_0_355_553, 255.54, 973.76, 0.000113321
FILLER_0_354_581, 268.34, 973.76, 0.000112499
FILLER_0_355_609, 281.14, 973.76, 0.000111677
FILLER_0_354_637, 293.94, 973.76, 0.000110855
FILLER_0_355_665, 306.74, 973.76, 0.000110033
FILLER_0_354_693, 319.54, 973.76, 0.000109211
FILLER_0_354_749, 345.14, 973.76, 0.000107363
FILLER_0_355_777, 357.94, 973.76, 0.000106336
FILLER_0_354_805, 370.74, 973.76, 0.00010531
FILLER_0_355_833, 383.54, 973.76, 0.000104283
FILLER_0_354_861, 396.34, 973.76, 0.000103256
FILLER_0_355_889, 409.14, 973.76, 0.00010223
FILLER_0_354_917, 421.94, 973.76, 0.000101203
FILLER_0_355_945, 434.74, 973.76, 0.000100177
FILLER_0_354_973, 447.54, 973.76, 9.91502e-05
FILLER_0_355_1001, 460.34, 973.76, 9.81236e-05
FILLER_0_354_1029, 473.14, 973.76, 9.7097e-05
FILLER_0_354_1085, 498.74, 973.76, 9.51908e-05
FILLER_0_355_1113, 511.54, 973.76, 9.43111e-05
FILLER_0_354_1141, 524.34, 973.76, 9.34315e-05
FILLER_0_355_1169, 537.14, 973.76, 9.25519e-05
FILLER_0_354_1197, 549.94, 973.76, 9.16722e-05
FILLER_0_355_1225, 562.74, 973.76, 9.07925e-05
FILLER_0_354_1253, 575.54, 973.76, 8.99129e-05
FILLER_0_353_1281, 601.14, 973.76, 8.81535e-05
FILLER_0_354_1309, 613.94, 973.76, 8.72738e-05
FILLER_0_353_1337, 626.74, 973.76, 8.63941e-05
FILLER_0_353_1393, 652.34, 973.76, 8.49853e-05
FILLER_0_354_1421, 665.14, 973.76, 8.44562e-05
FILLER_0_353_1449, 677.94, 973.76, 8.39271e-05
FILLER_0_354_1477, 690.74, 973.76, 8.3398e-05
FILLER_0_353_1505, 703.54, 973.76, 8.28689e-05
FILLER_0_354_1533, 716.34, 973.76, 8.23398e-05
FILLER_0_353_1561, 729.14, 973.76, 8.18107e-05
FILLER_0_354_1589, 741.94, 973.76, 8.12815e-05
FILLER_0_353_1617, 754.74, 973.76, 8.07524e-05
FILLER_0_354_1645, 767.54, 973.76, 8.02232e-05
FILLER_0_353_1673, 780.34, 973.76, 7.9694e-05
FILLER_0_353_1729, 805.94, 973.76, 7.89283e-05
FILLER_0_354_1757, 818.74, 973.76, 7.86917e-05
FILLER_0_353_1785, 831.54, 973.76, 7.84551e-05
FILLER_0_354_1813, 844.34, 973.76, 7.82185e-05
FILLER_0_353_1841, 857.14, 973.76, 7.79819e-05
FILLER_0_354_1869, 869.94, 973.76, 7.77453e-05
FILLER_0_353_1897, 882.74, 973.76, 7.75086e-05
FILLER_0_354_1925, 895.54, 973.76, 7.7272e-05
FILLER_0_353_1953, 908.34, 973.76, 7.70353e-05
FILLER_0_354_1981, 921.14, 973.76, 7.67987e-05
FILLER_0_353_2009, 933.94, 973.76, 7.6562e-05
FILLER_0_353_2065, 958.57, 973.76, 7.63254e-05
FILLER_0_354_2093, 970.4, 973.76, 7.63254e-05
FILLER_0_353_2121, 982.23, 973.76, 7.63255e-05
PHY_702, 5.52, 968.32, 0.000122432
PHY_704, 5.52, 968.32, 0.000122432
PHY_703, 994.06, 968.32, 7.62765e-05
PHY_705, 994.06, 968.32, 7.62765e-05
FILLER_0_351_2141, 994.06, 968.32, 7.62765e-05
FILLER_0_352_2137, 994.06, 968.32, 7.62765e-05
FILLER_0_352_77, 37.94, 968.32, 0.000122058
FILLER_0_353_105, 50.74, 968.32, 0.000121683
FILLER_0_352_133, 63.54, 968.32, 0.000121308
FILLER_0_353_161, 76.34, 968.32, 0.000120934
FILLER_0_352_189, 89.14, 968.32, 0.000120559
FILLER_0_353_217, 101.94, 968.32, 0.000120184
FILLER_0_352_245, 114.74, 968.32, 0.000119809
FILLER_0_353_273, 127.54, 968.32, 0.000119435
FILLER_0_352_301, 140.34, 968.32, 0.00011906
FILLER_0_353_329, 153.14, 968.32, 0.000118685
FILLER_0_352_357, 165.94, 968.32, 0.00011831
FILLER_0_352_413, 191.54, 968.32, 0.000117127
FILLER_0_353_441, 204.34, 968.32, 0.000116319
FILLER_0_352_469, 217.14, 968.32, 0.00011551
FILLER_0_353_497, 229.94, 968.32, 0.000114702
FILLER_0_352_525, 242.74, 968.32, 0.000113893
FILLER_0_353_553, 255.54, 968.32, 0.000113084
FILLER_0_352_581, 268.34, 968.32, 0.000112276
FILLER_0_353_609, 281.14, 968.32, 0.000111467
FILLER_0_352_637, 293.94, 968.32, 0.000110659
FILLER_0_353_665, 306.74, 968.32, 0.00010985
FILLER_0_352_693, 319.54, 968.32, 0.000109041
FILLER_0_352_749, 345.14, 968.32, 0.000107212
FILLER_0_353_777, 357.94, 968.32, 0.00010619
FILLER_0_352_805, 370.74, 968.32, 0.000105169
FILLER_0_353_833, 383.54, 968.32, 0.000104148
FILLER_0_352_861, 396.34, 968.32, 0.000103126
FILLER_0_353_889, 409.14, 968.32, 0.000102105
FILLER_0_352_917, 421.94, 968.32, 0.000101084
FILLER_0_353_945, 434.74, 968.32, 0.000100062
FILLER_0_352_973, 447.54, 968.32, 9.90408e-05
FILLER_0_353_1001, 460.34, 968.32, 9.80194e-05
FILLER_0_352_1029, 473.14, 968.32, 9.6998e-05
FILLER_0_352_1085, 498.74, 968.32, 9.50788e-05
FILLER_0_353_1113, 511.54, 968.32, 9.41811e-05
FILLER_0_352_1141, 524.34, 968.32, 9.32833e-05
FILLER_0_353_1169, 537.14, 968.32, 9.23855e-05
FILLER_0_352_1197, 549.94, 968.32, 9.14876e-05
FILLER_0_353_1225, 562.74, 968.32, 9.05898e-05
FILLER_0_352_1253, 575.54, 968.32, 8.9692e-05
FILLER_0_351_1281, 601.14, 968.32, 8.78963e-05
FILLER_0_352_1309, 613.94, 968.32, 8.69984e-05
FILLER_0_351_1337, 626.74, 968.32, 8.61006e-05
FILLER_0_351_1393, 652.34, 968.32, 8.46865e-05
FILLER_0_352_1421, 665.14, 968.32, 8.41704e-05
FILLER_0_351_1449, 677.94, 968.32, 8.36543e-05
FILLER_0_352_1477, 690.74, 968.32, 8.31381e-05
FILLER_0_351_1505, 703.54, 968.32, 8.26219e-05
FILLER_0_352_1533, 716.34, 968.32, 8.21058e-05
FILLER_0_351_1561, 729.14, 968.32, 8.15896e-05
FILLER_0_352_1589, 741.94, 968.32, 8.10734e-05
FILLER_0_351_1617, 754.74, 968.32, 8.05571e-05
FILLER_0_352_1645, 767.54, 968.32, 8.00409e-05
FILLER_0_351_1673, 780.34, 968.32, 7.95247e-05
FILLER_0_351_1729, 805.94, 968.32, 7.87808e-05
FILLER_0_352_1757, 818.74, 968.32, 7.85532e-05
FILLER_0_351_1785, 831.54, 968.32, 7.83255e-05
FILLER_0_352_1813, 844.34, 968.32, 7.80979e-05
FILLER_0_351_1841, 857.14, 968.32, 7.78702e-05
FILLER_0_352_1869, 869.94, 968.32, 7.76425e-05
FILLER_0_351_1897, 882.74, 968.32, 7.74148e-05
FILLER_0_352_1925, 895.54, 968.32, 7.71871e-05
FILLER_0_351_1953, 908.34, 968.32, 7.69594e-05
FILLER_0_352_1981, 921.14, 968.32, 7.67317e-05
FILLER_0_351_2009, 933.94, 968.32, 7.6504e-05
FILLER_0_351_2065, 958.57, 968.32, 7.62763e-05
FILLER_0_352_2093, 970.4, 968.32, 7.62764e-05
FILLER_0_351_2121, 982.23, 968.32, 7.62764e-05
PHY_698, 5.52, 962.88, 0.000122126
PHY_700, 5.52, 962.88, 0.000122126
PHY_699, 994.06, 962.88, 7.62163e-05
PHY_701, 994.06, 962.88, 7.62163e-05
FILLER_0_349_2141, 994.06, 962.88, 7.62163e-05
FILLER_0_350_2137, 994.06, 962.88, 7.62163e-05
FILLER_0_350_77, 37.94, 962.88, 0.000121752
FILLER_0_351_105, 50.74, 962.88, 0.000121379
FILLER_0_350_133, 63.54, 962.88, 0.000121005
FILLER_0_351_161, 76.34, 962.88, 0.000120631
FILLER_0_350_189, 89.14, 962.88, 0.000120257
FILLER_0_351_217, 101.94, 962.88, 0.000119883
FILLER_0_350_245, 114.74, 962.88, 0.000119509
FILLER_0_351_273, 127.54, 962.88, 0.000119135
FILLER_0_350_301, 140.34, 962.88, 0.000118761
FILLER_0_351_329, 153.14, 962.88, 0.000118387
FILLER_0_350_357, 165.94, 962.88, 0.000118013
FILLER_0_350_413, 191.54, 962.88, 0.000116843
FILLER_0_351_441, 204.34, 962.88, 0.000116047
FILLER_0_350_469, 217.14, 962.88, 0.000115251
FILLER_0_351_497, 229.94, 962.88, 0.000114455
FILLER_0_350_525, 242.74, 962.88, 0.000113659
FILLER_0_351_553, 255.54, 962.88, 0.000112863
FILLER_0_350_581, 268.34, 962.88, 0.000112067
FILLER_0_351_609, 281.14, 962.88, 0.000111271
FILLER_0_350_637, 293.94, 962.88, 0.000110475
FILLER_0_351_665, 306.74, 962.88, 0.000109679
FILLER_0_350_693, 319.54, 962.88, 0.000108883
FILLER_0_350_749, 345.14, 962.88, 0.000107069
FILLER_0_351_777, 357.94, 962.88, 0.000106052
FILLER_0_350_805, 370.74, 962.88, 0.000105034
FILLER_0_351_833, 383.54, 962.88, 0.000104017
FILLER_0_350_861, 396.34, 962.88, 0.000102999
FILLER_0_351_889, 409.14, 962.88, 0.000101982
FILLER_0_350_917, 421.94, 962.88, 0.000100965
FILLER_0_351_945, 434.74, 962.88, 9.99471e-05
FILLER_0_350_973, 447.54, 962.88, 9.89296e-05
FILLER_0_351_1001, 460.34, 962.88, 9.79122e-05
FILLER_0_350_1029, 473.14, 962.88, 9.68947e-05
FILLER_0_350_1085, 498.74, 962.88, 9.49603e-05
FILLER_0_351_1113, 511.54, 962.88, 9.40433e-05
FILLER_0_350_1141, 524.34, 962.88, 9.31264e-05
FILLER_0_351_1169, 537.14, 962.88, 9.22095e-05
FILLER_0_350_1197, 549.94, 962.88, 9.12925e-05
FILLER_0_351_1225, 562.74, 962.88, 9.03756e-05
FILLER_0_350_1253, 575.54, 962.88, 8.94586e-05
FILLER_0_349_1281, 601.14, 962.88, 8.76247e-05
FILLER_0_350_1309, 613.94, 962.88, 8.67077e-05
FILLER_0_349_1337, 626.74, 962.88, 8.57907e-05
FILLER_0_349_1393, 652.34, 962.88, 8.43708e-05
FILLER_0_350_1421, 665.14, 962.88, 8.38679e-05
FILLER_0_349_1449, 677.94, 962.88, 8.33649e-05
FILLER_0_350_1477, 690.74, 962.88, 8.2862e-05
FILLER_0_349_1505, 703.54, 962.88, 8.23591e-05
FILLER_0_350_1533, 716.34, 962.88, 8.18561e-05
FILLER_0_349_1561, 729.14, 962.88, 8.13531e-05
FILLER_0_350_1589, 741.94, 962.88, 8.08502e-05
FILLER_0_349_1617, 754.74, 962.88, 8.03472e-05
FILLER_0_350_1645, 767.54, 962.88, 7.98442e-05
FILLER_0_349_1673, 780.34, 962.88, 7.93412e-05
FILLER_0_349_1729, 805.94, 962.88, 7.86197e-05
FILLER_0_350_1757, 818.74, 962.88, 7.84012e-05
FILLER_0_349_1785, 831.54, 962.88, 7.81828e-05
FILLER_0_350_1813, 844.34, 962.88, 7.79643e-05
FILLER_0_349_1841, 857.14, 962.88, 7.77458e-05
FILLER_0_350_1869, 869.94, 962.88, 7.75273e-05
FILLER_0_349_1897, 882.74, 962.88, 7.73088e-05
FILLER_0_350_1925, 895.54, 962.88, 7.70903e-05
FILLER_0_349_1953, 908.34, 962.88, 7.68717e-05
FILLER_0_350_1981, 921.14, 962.88, 7.66532e-05
FILLER_0_349_2009, 933.94, 962.88, 7.64346e-05
FILLER_0_349_2065, 958.57, 962.88, 7.62161e-05
FILLER_0_350_2093, 970.4, 962.88, 7.62162e-05
FILLER_0_349_2121, 982.23, 962.88, 7.62163e-05
PHY_694, 5.52, 957.44, 0.000121838
PHY_696, 5.52, 957.44, 0.000121838
PHY_695, 994.06, 957.44, 7.61454e-05
PHY_697, 994.06, 957.44, 7.61454e-05
FILLER_0_347_2141, 994.06, 957.44, 7.61454e-05
FILLER_0_348_2137, 994.06, 957.44, 7.61454e-05
FILLER_0_348_77, 37.94, 957.44, 0.000121465
FILLER_0_349_105, 50.74, 957.44, 0.000121092
FILLER_0_348_133, 63.54, 957.44, 0.000120719
FILLER_0_349_161, 76.34, 957.44, 0.000120346
FILLER_0_348_189, 89.14, 957.44, 0.000119973
FILLER_0_349_217, 101.94, 957.44, 0.0001196
FILLER_0_348_245, 114.74, 957.44, 0.000119227
FILLER_0_349_273, 127.54, 957.44, 0.000118854
FILLER_0_348_301, 140.34, 957.44, 0.000118481
FILLER_0_349_329, 153.14, 957.44, 0.000118108
FILLER_0_348_357, 165.94, 957.44, 0.000117734
FILLER_0_348_413, 191.54, 957.44, 0.000116577
FILLER_0_349_441, 204.34, 957.44, 0.000115793
FILLER_0_348_469, 217.14, 957.44, 0.000115009
FILLER_0_349_497, 229.94, 957.44, 0.000114225
FILLER_0_348_525, 242.74, 957.44, 0.00011344
FILLER_0_349_553, 255.54, 957.44, 0.000112656
FILLER_0_348_581, 268.34, 957.44, 0.000111872
FILLER_0_349_609, 281.14, 957.44, 0.000111088
FILLER_0_348_637, 293.94, 957.44, 0.000110303
FILLER_0_349_665, 306.74, 957.44, 0.000109519
FILLER_0_348_693, 319.54, 957.44, 0.000108735
FILLER_0_348_749, 345.14, 957.44, 0.000106936
FILLER_0_349_777, 357.94, 957.44, 0.000105921
FILLER_0_348_805, 370.74, 957.44, 0.000104906
FILLER_0_349_833, 383.54, 957.44, 0.000103891
FILLER_0_348_861, 396.34, 957.44, 0.000102877
FILLER_0_349_889, 409.14, 957.44, 0.000101862
FILLER_0_348_917, 421.94, 957.44, 0.000100847
FILLER_0_349_945, 434.74, 957.44, 9.98323e-05
FILLER_0_348_973, 447.54, 957.44, 9.88175e-05
FILLER_0_349_1001, 460.34, 957.44, 9.78026e-05
FILLER_0_348_1029, 473.14, 957.44, 9.67878e-05
FILLER_0_348_1085, 498.74, 957.44, 9.48358e-05
FILLER_0_349_1113, 511.54, 957.44, 9.38986e-05
FILLER_0_348_1141, 524.34, 957.44, 9.29614e-05
FILLER_0_349_1169, 537.14, 957.44, 9.20241e-05
FILLER_0_348_1197, 549.94, 957.44, 9.10869e-05
FILLER_0_349_1225, 562.74, 957.44, 9.01497e-05
FILLER_0_348_1253, 575.54, 957.44, 8.92124e-05
FILLER_0_347_1281, 601.14, 957.44, 8.73379e-05
FILLER_0_348_1309, 613.94, 957.44, 8.64006e-05
FILLER_0_347_1337, 626.74, 957.44, 8.54633e-05
FILLER_0_347_1393, 652.34, 957.44, 8.40368e-05
FILLER_0_348_1421, 665.14, 957.44, 8.35475e-05
FILLER_0_347_1449, 677.94, 957.44, 8.30582e-05
FILLER_0_348_1477, 690.74, 957.44, 8.25689e-05
FILLER_0_347_1505, 703.54, 957.44, 8.20796e-05
FILLER_0_348_1533, 716.34, 957.44, 8.15903e-05
FILLER_0_347_1561, 729.14, 957.44, 8.11009e-05
FILLER_0_348_1589, 741.94, 957.44, 8.06116e-05
FILLER_0_347_1617, 754.74, 957.44, 8.01222e-05
FILLER_0_348_1645, 767.54, 957.44, 7.96329e-05
FILLER_0_347_1673, 780.34, 957.44, 7.91435e-05
FILLER_0_347_1729, 805.94, 957.44, 7.84451e-05
FILLER_0_348_1757, 818.74, 957.44, 7.82361e-05
FILLER_0_347_1785, 831.54, 957.44, 7.8027e-05
FILLER_0_348_1813, 844.34, 957.44, 7.7818e-05
FILLER_0_347_1841, 857.14, 957.44, 7.76089e-05
FILLER_0_348_1869, 869.94, 957.44, 7.73999e-05
FILLER_0_347_1897, 882.74, 957.44, 7.71908e-05
FILLER_0_348_1925, 895.54, 957.44, 7.69817e-05
FILLER_0_347_1953, 908.34, 957.44, 7.67726e-05
FILLER_0_348_1981, 921.14, 957.44, 7.65635e-05
FILLER_0_347_2009, 933.94, 957.44, 7.63544e-05
FILLER_0_347_2065, 958.57, 957.44, 7.61453e-05
FILLER_0_348_2093, 970.4, 957.44, 7.61454e-05
FILLER_0_347_2121, 982.23, 957.44, 7.61454e-05
PHY_690, 5.52, 952, 0.000121568
PHY_692, 5.52, 952, 0.000121568
PHY_691, 994.06, 952, 7.60644e-05
PHY_693, 994.06, 952, 7.60644e-05
FILLER_0_345_2141, 994.06, 952, 7.60644e-05
FILLER_0_346_2137, 994.06, 952, 7.60644e-05
FILLER_0_346_77, 37.94, 952, 0.000121196
FILLER_0_347_105, 50.74, 952, 0.000120824
FILLER_0_346_133, 63.54, 952, 0.000120452
FILLER_0_347_161, 76.34, 952, 0.00012008
FILLER_0_346_189, 89.14, 952, 0.000119708
FILLER_0_347_217, 101.94, 952, 0.000119336
FILLER_0_346_245, 114.74, 952, 0.000118964
FILLER_0_347_273, 127.54, 952, 0.000118592
FILLER_0_346_301, 140.34, 952, 0.000118219
FILLER_0_347_329, 153.14, 952, 0.000117847
FILLER_0_346_357, 165.94, 952, 0.000117475
FILLER_0_346_413, 191.54, 952, 0.00011633
FILLER_0_347_441, 204.34, 952, 0.000115557
FILLER_0_346_469, 217.14, 952, 0.000114784
FILLER_0_347_497, 229.94, 952, 0.00011401
FILLER_0_346_525, 242.74, 952, 0.000113237
FILLER_0_347_553, 255.54, 952, 0.000112464
FILLER_0_346_581, 268.34, 952, 0.000111691
FILLER_0_347_609, 281.14, 952, 0.000110918
FILLER_0_346_637, 293.94, 952, 0.000110145
FILLER_0_347_665, 306.74, 952, 0.000109371
FILLER_0_346_693, 319.54, 952, 0.000108598
FILLER_0_346_749, 345.14, 952, 0.000106812
FILLER_0_347_777, 357.94, 952, 0.000105798
FILLER_0_346_805, 370.74, 952, 0.000104785
FILLER_0_347_833, 383.54, 952, 0.000103772
FILLER_0_346_861, 396.34, 952, 0.000102758
FILLER_0_347_889, 409.14, 952, 0.000101745
FILLER_0_346_917, 421.94, 952, 0.000100732
FILLER_0_347_945, 434.74, 952, 9.97184e-05
FILLER_0_346_973, 447.54, 952, 9.87051e-05
FILLER_0_347_1001, 460.34, 952, 9.76917e-05
FILLER_0_346_1029, 473.14, 952, 9.66783e-05
FILLER_0_346_1085, 498.74, 952, 9.47061e-05
FILLER_0_347_1113, 511.54, 952, 9.37473e-05
FILLER_0_346_1141, 524.34, 952, 9.27884e-05
FILLER_0_347_1169, 537.14, 952, 9.18296e-05
FILLER_0_346_1197, 549.94, 952, 9.08707e-05
FILLER_0_347_1225, 562.74, 952, 8.99118e-05
FILLER_0_346_1253, 575.54, 952, 8.89529e-05
FILLER_0_345_1281, 601.14, 952, 8.70351e-05
FILLER_0_346_1309, 613.94, 952, 8.60762e-05
FILLER_0_345_1337, 626.74, 952, 8.51173e-05
FILLER_0_345_1393, 652.34, 952, 8.36833e-05
FILLER_0_346_1421, 665.14, 952, 8.32082e-05
FILLER_0_345_1449, 677.94, 952, 8.2733e-05
FILLER_0_346_1477, 690.74, 952, 8.22579e-05
FILLER_0_345_1505, 703.54, 952, 8.17828e-05
FILLER_0_346_1533, 716.34, 952, 8.13076e-05
FILLER_0_345_1561, 729.14, 952, 8.08324e-05
FILLER_0_346_1589, 741.94, 952, 8.03573e-05
FILLER_0_345_1617, 754.74, 952, 7.98821e-05
FILLER_0_346_1645, 767.54, 952, 7.94069e-05
FILLER_0_345_1673, 780.34, 952, 7.89316e-05
FILLER_0_345_1729, 805.94, 952, 7.82571e-05
FILLER_0_346_1757, 818.74, 952, 7.80578e-05
FILLER_0_345_1785, 831.54, 952, 7.78585e-05
FILLER_0_346_1813, 844.34, 952, 7.76592e-05
FILLER_0_345_1841, 857.14, 952, 7.74598e-05
FILLER_0_346_1869, 869.94, 952, 7.72605e-05
FILLER_0_345_1897, 882.74, 952, 7.70611e-05
FILLER_0_346_1925, 895.54, 952, 7.68617e-05
FILLER_0_345_1953, 908.34, 952, 7.66624e-05
FILLER_0_346_1981, 921.14, 952, 7.6463e-05
FILLER_0_345_2009, 933.94, 952, 7.62635e-05
FILLER_0_345_2065, 958.57, 952, 7.60642e-05
FILLER_0_346_2093, 970.4, 952, 7.60643e-05
FILLER_0_345_2121, 982.23, 952, 7.60643e-05
PHY_686, 5.52, 946.56, 0.000121477
PHY_688, 5.52, 946.56, 0.000121477
PHY_687, 994.06, 946.56, 7.58845e-05
PHY_689, 994.06, 946.56, 7.58845e-05
FILLER_0_343_2141, 994.06, 946.56, 7.58845e-05
FILLER_0_344_2137, 994.06, 946.56, 7.58845e-05
FILLER_0_344_77, 37.94, 946.56, 0.000121106
FILLER_0_345_105, 50.74, 946.56, 0.000120735
FILLER_0_344_133, 63.54, 946.56, 0.000120364
FILLER_0_345_161, 76.34, 946.56, 0.000119993
FILLER_0_344_189, 89.14, 946.56, 0.000119622
FILLER_0_345_217, 101.94, 946.56, 0.000119251
FILLER_0_344_245, 114.74, 946.56, 0.000118881
FILLER_0_345_273, 127.54, 946.56, 0.00011851
FILLER_0_344_301, 140.34, 946.56, 0.000118139
FILLER_0_345_329, 153.14, 946.56, 0.000117768
FILLER_0_344_357, 165.94, 946.56, 0.000117397
FILLER_0_344_413, 191.54, 946.56, 0.000116258
FILLER_0_345_441, 204.34, 946.56, 0.000115489
FILLER_0_344_469, 217.14, 946.56, 0.000114721
FILLER_0_345_497, 229.94, 946.56, 0.000113953
FILLER_0_344_525, 242.74, 946.56, 0.000113185
FILLER_0_345_553, 255.54, 946.56, 0.000112417
FILLER_0_344_581, 268.34, 946.56, 0.000111649
FILLER_0_345_609, 281.14, 946.56, 0.000110881
FILLER_0_344_637, 293.94, 946.56, 0.000110113
FILLER_0_345_665, 306.74, 946.56, 0.000109344
FILLER_0_344_693, 319.54, 946.56, 0.000108576
FILLER_0_344_749, 345.14, 946.56, 0.000106785
FILLER_0_345_777, 357.94, 946.56, 0.000105762
FILLER_0_344_805, 370.74, 946.56, 0.000104738
FILLER_0_345_833, 383.54, 946.56, 0.000103715
FILLER_0_344_861, 396.34, 946.56, 0.000102692
FILLER_0_345_889, 409.14, 946.56, 0.000101669
FILLER_0_344_917, 421.94, 946.56, 0.000100646
FILLER_0_345_945, 434.74, 946.56, 9.96223e-05
FILLER_0_344_973, 447.54, 946.56, 9.8599e-05
FILLER_0_345_1001, 460.34, 946.56, 9.75758e-05
FILLER_0_344_1029, 473.14, 946.56, 9.65525e-05
FILLER_0_344_1085, 498.74, 946.56, 9.45339e-05
FILLER_0_345_1113, 511.54, 946.56, 9.35386e-05
FILLER_0_344_1141, 524.34, 946.56, 9.25433e-05
FILLER_0_345_1169, 537.14, 946.56, 9.15479e-05
FILLER_0_344_1197, 549.94, 946.56, 9.05526e-05
FILLER_0_345_1225, 562.74, 946.56, 8.95572e-05
FILLER_0_344_1253, 575.54, 946.56, 8.85619e-05
FILLER_0_343_1281, 601.14, 946.56, 8.65711e-05
FILLER_0_344_1309, 613.94, 946.56, 8.55758e-05
FILLER_0_343_1337, 626.74, 946.56, 8.45804e-05
FILLER_0_343_1393, 652.34, 946.56, 8.31299e-05
FILLER_0_344_1421, 665.14, 946.56, 8.26747e-05
FILLER_0_343_1449, 677.94, 946.56, 8.22196e-05
FILLER_0_344_1477, 690.74, 946.56, 8.17645e-05
FILLER_0_343_1505, 703.54, 946.56, 8.13093e-05
FILLER_0_344_1533, 716.34, 946.56, 8.08542e-05
FILLER_0_343_1561, 729.14, 946.56, 8.0399e-05
FILLER_0_344_1589, 741.94, 946.56, 7.99438e-05
FILLER_0_343_1617, 754.74, 946.56, 7.94886e-05
FILLER_0_344_1645, 767.54, 946.56, 7.90334e-05
FILLER_0_343_1673, 780.34, 946.56, 7.85782e-05
FILLER_0_343_1729, 805.94, 946.56, 7.79365e-05
FILLER_0_344_1757, 818.74, 946.56, 7.775e-05
FILLER_0_343_1785, 831.54, 946.56, 7.75634e-05
FILLER_0_344_1813, 844.34, 946.56, 7.73769e-05
FILLER_0_343_1841, 857.14, 946.56, 7.71904e-05
FILLER_0_344_1869, 869.94, 946.56, 7.70038e-05
FILLER_0_343_1897, 882.74, 946.56, 7.68172e-05
FILLER_0_344_1925, 895.54, 946.56, 7.66307e-05
FILLER_0_343_1953, 908.34, 946.56, 7.64441e-05
FILLER_0_344_1981, 921.14, 946.56, 7.62575e-05
FILLER_0_343_2009, 933.94, 946.56, 7.60709e-05
FILLER_0_343_2065, 958.57, 946.56, 7.58843e-05
FILLER_0_344_2093, 970.4, 946.56, 7.58844e-05
FILLER_0_343_2121, 982.23, 946.56, 7.58844e-05
PHY_682, 5.52, 941.12, 0.000121504
PHY_684, 5.52, 941.12, 0.000121504
PHY_683, 994.06, 941.12, 7.56398e-05
PHY_685, 994.06, 941.12, 7.56398e-05
FILLER_0_341_2141, 994.06, 941.12, 7.56398e-05
FILLER_0_342_2137, 994.06, 941.12, 7.56398e-05
FILLER_0_342_77, 37.94, 941.12, 0.000121134
FILLER_0_343_105, 50.74, 941.12, 0.000120764
FILLER_0_342_133, 63.54, 941.12, 0.000120395
FILLER_0_343_161, 76.34, 941.12, 0.000120025
FILLER_0_342_189, 89.14, 941.12, 0.000119656
FILLER_0_343_217, 101.94, 941.12, 0.000119286
FILLER_0_342_245, 114.74, 941.12, 0.000118916
FILLER_0_343_273, 127.54, 941.12, 0.000118547
FILLER_0_342_301, 140.34, 941.12, 0.000118177
FILLER_0_343_329, 153.14, 941.12, 0.000117807
FILLER_0_342_357, 165.94, 941.12, 0.000117438
FILLER_0_342_413, 191.54, 941.12, 0.000116301
FILLER_0_343_441, 204.34, 941.12, 0.000115534
FILLER_0_342_469, 217.14, 941.12, 0.000114767
FILLER_0_343_497, 229.94, 941.12, 0.000114
FILLER_0_342_525, 242.74, 941.12, 0.000113233
FILLER_0_343_553, 255.54, 941.12, 0.000112466
FILLER_0_342_581, 268.34, 941.12, 0.000111699
FILLER_0_343_609, 281.14, 941.12, 0.000110932
FILLER_0_342_637, 293.94, 941.12, 0.000110165
FILLER_0_343_665, 306.74, 941.12, 0.000109398
FILLER_0_342_693, 319.54, 941.12, 0.000108631
FILLER_0_342_749, 345.14, 941.12, 0.000106823
FILLER_0_343_777, 357.94, 941.12, 0.000105782
FILLER_0_342_805, 370.74, 941.12, 0.000104742
FILLER_0_343_833, 383.54, 941.12, 0.000103701
FILLER_0_342_861, 396.34, 941.12, 0.000102661
FILLER_0_343_889, 409.14, 941.12, 0.00010162
FILLER_0_342_917, 421.94, 941.12, 0.000100579
FILLER_0_343_945, 434.74, 941.12, 9.95387e-05
FILLER_0_342_973, 447.54, 941.12, 9.84981e-05
FILLER_0_343_1001, 460.34, 941.12, 9.74574e-05
FILLER_0_342_1029, 473.14, 941.12, 9.64168e-05
FILLER_0_342_1085, 498.74, 941.12, 9.43342e-05
FILLER_0_343_1113, 511.54, 941.12, 9.32923e-05
FILLER_0_342_1141, 524.34, 941.12, 9.22504e-05
FILLER_0_343_1169, 537.14, 941.12, 9.12085e-05
FILLER_0_342_1197, 549.94, 941.12, 9.01665e-05
FILLER_0_343_1225, 562.74, 941.12, 8.91246e-05
FILLER_0_342_1253, 575.54, 941.12, 8.80826e-05
FILLER_0_341_1281, 601.14, 941.12, 8.59987e-05
FILLER_0_342_1309, 613.94, 941.12, 8.49567e-05
FILLER_0_341_1337, 626.74, 941.12, 8.39148e-05
FILLER_0_341_1393, 652.34, 941.12, 8.24418e-05
FILLER_0_342_1421, 665.14, 941.12, 8.20107e-05
FILLER_0_341_1449, 677.94, 941.12, 8.15797e-05
FILLER_0_342_1477, 690.74, 941.12, 8.11487e-05
FILLER_0_341_1505, 703.54, 941.12, 8.07176e-05
FILLER_0_342_1533, 716.34, 941.12, 8.02866e-05
FILLER_0_341_1561, 729.14, 941.12, 7.98555e-05
FILLER_0_342_1589, 741.94, 941.12, 7.94244e-05
FILLER_0_341_1617, 754.74, 941.12, 7.89933e-05
FILLER_0_342_1645, 767.54, 941.12, 7.85622e-05
FILLER_0_341_1673, 780.34, 941.12, 7.81311e-05
FILLER_0_341_1729, 805.94, 941.12, 7.75284e-05
FILLER_0_342_1757, 818.74, 941.12, 7.73567e-05
FILLER_0_341_1785, 831.54, 941.12, 7.7185e-05
FILLER_0_342_1813, 844.34, 941.12, 7.70134e-05
FILLER_0_341_1841, 857.14, 941.12, 7.68417e-05
FILLER_0_342_1869, 869.94, 941.12, 7.667e-05
FILLER_0_341_1897, 882.74, 941.12, 7.64983e-05
FILLER_0_342_1925, 895.54, 941.12, 7.63266e-05
FILLER_0_341_1953, 908.34, 941.12, 7.61548e-05
FILLER_0_342_1981, 921.14, 941.12, 7.59831e-05
FILLER_0_341_2009, 933.94, 941.12, 7.58113e-05
FILLER_0_341_2065, 958.57, 941.12, 7.56397e-05
FILLER_0_342_2093, 970.4, 941.12, 7.56397e-05
FILLER_0_341_2121, 982.23, 941.12, 7.56398e-05
PHY_678, 5.52, 935.68, 0.000121548
PHY_680, 5.52, 935.68, 0.000121548
PHY_679, 994.06, 935.68, 7.53866e-05
PHY_681, 994.06, 935.68, 7.53866e-05
FILLER_0_339_2141, 994.06, 935.68, 7.53866e-05
FILLER_0_340_2137, 994.06, 935.68, 7.53866e-05
FILLER_0_340_77, 37.94, 935.68, 0.00012118
FILLER_0_341_105, 50.74, 935.68, 0.000120812
FILLER_0_340_133, 63.54, 935.68, 0.000120443
FILLER_0_341_161, 76.34, 935.68, 0.000120075
FILLER_0_340_189, 89.14, 935.68, 0.000119707
FILLER_0_341_217, 101.94, 935.68, 0.000119339
FILLER_0_340_245, 114.74, 935.68, 0.00011897
FILLER_0_341_273, 127.54, 935.68, 0.000118602
FILLER_0_340_301, 140.34, 935.68, 0.000118234
FILLER_0_341_329, 153.14, 935.68, 0.000117866
FILLER_0_340_357, 165.94, 935.68, 0.000117497
FILLER_0_340_413, 191.54, 935.68, 0.000116363
FILLER_0_341_441, 204.34, 935.68, 0.000115596
FILLER_0_340_469, 217.14, 935.68, 0.00011483
FILLER_0_341_497, 229.94, 935.68, 0.000114063
FILLER_0_340_525, 242.74, 935.68, 0.000113297
FILLER_0_341_553, 255.54, 935.68, 0.000112531
FILLER_0_340_581, 268.34, 935.68, 0.000111764
FILLER_0_341_609, 281.14, 935.68, 0.000110998
FILLER_0_340_637, 293.94, 935.68, 0.000110231
FILLER_0_341_665, 306.74, 935.68, 0.000109465
FILLER_0_340_693, 319.54, 935.68, 0.000108698
FILLER_0_340_749, 345.14, 935.68, 0.000106873
FILLER_0_341_777, 357.94, 935.68, 0.000105814
FILLER_0_340_805, 370.74, 935.68, 0.000104754
FILLER_0_341_833, 383.54, 935.68, 0.000103695
FILLER_0_340_861, 396.34, 935.68, 0.000102636
FILLER_0_341_889, 409.14, 935.68, 0.000101577
FILLER_0_340_917, 421.94, 935.68, 0.000100518
FILLER_0_341_945, 434.74, 935.68, 9.94589e-05
FILLER_0_340_973, 447.54, 935.68, 9.83997e-05
FILLER_0_341_1001, 460.34, 935.68, 9.73406e-05
FILLER_0_340_1029, 473.14, 935.68, 9.62814e-05
FILLER_0_340_1085, 498.74, 935.68, 9.41316e-05
FILLER_0_341_1113, 511.54, 935.68, 9.30409e-05
FILLER_0_340_1141, 524.34, 935.68, 9.19503e-05
FILLER_0_341_1169, 537.14, 935.68, 9.08596e-05
FILLER_0_340_1197, 549.94, 935.68, 8.97689e-05
FILLER_0_341_1225, 562.74, 935.68, 8.86782e-05
FILLER_0_340_1253, 575.54, 935.68, 8.75875e-05
FILLER_0_339_1281, 601.14, 935.68, 8.54061e-05
FILLER_0_340_1309, 613.94, 935.68, 8.43153e-05
FILLER_0_339_1337, 626.74, 935.68, 8.32246e-05
FILLER_0_339_1393, 652.34, 935.68, 8.17281e-05
FILLER_0_340_1421, 665.14, 935.68, 8.13223e-05
FILLER_0_339_1449, 677.94, 935.68, 8.09165e-05
FILLER_0_340_1477, 690.74, 935.68, 8.05107e-05
FILLER_0_339_1505, 703.54, 935.68, 8.01049e-05
FILLER_0_340_1533, 716.34, 935.68, 7.96991e-05
FILLER_0_339_1561, 729.14, 935.68, 7.92933e-05
FILLER_0_340_1589, 741.94, 935.68, 7.88874e-05
FILLER_0_339_1617, 754.74, 935.68, 7.84816e-05
FILLER_0_340_1645, 767.54, 935.68, 7.80757e-05
FILLER_0_339_1673, 780.34, 935.68, 7.76698e-05
FILLER_0_339_1729, 805.94, 935.68, 7.71076e-05
FILLER_0_340_1757, 818.74, 935.68, 7.69511e-05
FILLER_0_339_1785, 831.54, 935.68, 7.67947e-05
FILLER_0_340_1813, 844.34, 935.68, 7.66383e-05
FILLER_0_339_1841, 857.14, 935.68, 7.64818e-05
FILLER_0_340_1869, 869.94, 935.68, 7.63254e-05
FILLER_0_339_1897, 882.74, 935.68, 7.61689e-05
FILLER_0_340_1925, 895.54, 935.68, 7.60124e-05
FILLER_0_339_1953, 908.34, 935.68, 7.58559e-05
FILLER_0_340_1981, 921.14, 935.68, 7.56994e-05
FILLER_0_339_2009, 933.94, 935.68, 7.55429e-05
FILLER_0_339_2065, 958.57, 935.68, 7.53865e-05
FILLER_0_340_2093, 970.4, 935.68, 7.53865e-05
FILLER_0_339_2121, 982.23, 935.68, 7.53866e-05
PHY_674, 5.52, 930.24, 0.00012161
PHY_676, 5.52, 930.24, 0.00012161
PHY_675, 994.06, 930.24, 7.51256e-05
PHY_677, 994.06, 930.24, 7.51256e-05
FILLER_0_337_2141, 994.06, 930.24, 7.51256e-05
FILLER_0_338_2137, 994.06, 930.24, 7.51256e-05
FILLER_0_338_77, 37.94, 930.24, 0.000121243
FILLER_0_339_105, 50.74, 930.24, 0.000120877
FILLER_0_338_133, 63.54, 930.24, 0.00012051
FILLER_0_339_161, 76.34, 930.24, 0.000120143
FILLER_0_338_189, 89.14, 930.24, 0.000119776
FILLER_0_339_217, 101.94, 930.24, 0.00011941
FILLER_0_338_245, 114.74, 930.24, 0.000119043
FILLER_0_339_273, 127.54, 930.24, 0.000118676
FILLER_0_338_301, 140.34, 930.24, 0.000118309
FILLER_0_339_329, 153.14, 930.24, 0.000117942
FILLER_0_338_357, 165.94, 930.24, 0.000117576
FILLER_0_338_413, 191.54, 930.24, 0.000116442
FILLER_0_339_441, 204.34, 930.24, 0.000115676
FILLER_0_338_469, 217.14, 930.24, 0.00011491
FILLER_0_339_497, 229.94, 930.24, 0.000114144
FILLER_0_338_525, 242.74, 930.24, 0.000113378
FILLER_0_339_553, 255.54, 930.24, 0.000112611
FILLER_0_338_581, 268.34, 930.24, 0.000111845
FILLER_0_339_609, 281.14, 930.24, 0.000111079
FILLER_0_338_637, 293.94, 930.24, 0.000110312
FILLER_0_339_665, 306.74, 930.24, 0.000109546
FILLER_0_338_693, 319.54, 930.24, 0.00010878
FILLER_0_338_749, 345.14, 930.24, 0.000106935
FILLER_0_339_777, 357.94, 930.24, 0.000105856
FILLER_0_338_805, 370.74, 930.24, 0.000104777
FILLER_0_339_833, 383.54, 930.24, 0.000103699
FILLER_0_338_861, 396.34, 930.24, 0.00010262
FILLER_0_339_889, 409.14, 930.24, 0.000101541
FILLER_0_338_917, 421.94, 930.24, 0.000100463
FILLER_0_339_945, 434.74, 930.24, 9.93838e-05
FILLER_0_338_973, 447.54, 930.24, 9.83051e-05
FILLER_0_339_1001, 460.34, 930.24, 9.72263e-05
FILLER_0_338_1029, 473.14, 930.24, 9.61476e-05
FILLER_0_338_1085, 498.74, 930.24, 9.39269e-05
FILLER_0_339_1113, 511.54, 930.24, 9.27849e-05
FILLER_0_338_1141, 524.34, 930.24, 9.1643e-05
FILLER_0_339_1169, 537.14, 930.24, 9.05011e-05
FILLER_0_338_1197, 549.94, 930.24, 8.93591e-05
FILLER_0_339_1225, 562.74, 930.24, 8.82172e-05
FILLER_0_338_1253, 575.54, 930.24, 8.70752e-05
FILLER_0_337_1281, 601.14, 930.24, 8.47912e-05
FILLER_0_338_1309, 613.94, 930.24, 8.36492e-05
FILLER_0_337_1337, 626.74, 930.24, 8.25072e-05
FILLER_0_337_1393, 652.34, 930.24, 8.09861e-05
FILLER_0_338_1421, 665.14, 930.24, 8.0607e-05
FILLER_0_337_1449, 677.94, 930.24, 8.02278e-05
FILLER_0_338_1477, 690.74, 930.24, 7.98487e-05
FILLER_0_337_1505, 703.54, 930.24, 7.94695e-05
FILLER_0_338_1533, 716.34, 930.24, 7.90904e-05
FILLER_0_337_1561, 729.14, 930.24, 7.87112e-05
FILLER_0_338_1589, 741.94, 930.24, 7.8332e-05
FILLER_0_337_1617, 754.74, 930.24, 7.79528e-05
FILLER_0_338_1645, 767.54, 930.24, 7.75736e-05
FILLER_0_337_1673, 780.34, 930.24, 7.71944e-05
FILLER_0_337_1729, 805.94, 930.24, 7.66744e-05
FILLER_0_338_1757, 818.74, 930.24, 7.65337e-05
FILLER_0_337_1785, 831.54, 930.24, 7.63929e-05
FILLER_0_338_1813, 844.34, 930.24, 7.62521e-05
FILLER_0_337_1841, 857.14, 930.24, 7.61113e-05
FILLER_0_338_1869, 869.94, 930.24, 7.59705e-05
FILLER_0_337_1897, 882.74, 930.24, 7.58297e-05
FILLER_0_338_1925, 895.54, 930.24, 7.56888e-05
FILLER_0_337_1953, 908.34, 930.24, 7.5548e-05
FILLER_0_338_1981, 921.14, 930.24, 7.54071e-05
FILLER_0_337_2009, 933.94, 930.24, 7.52663e-05
FILLER_0_337_2065, 958.57, 930.24, 7.51255e-05
FILLER_0_338_2093, 970.4, 930.24, 7.51255e-05
FILLER_0_337_2121, 982.23, 930.24, 7.51256e-05
PHY_670, 5.52, 924.8, 0.00012169
PHY_672, 5.52, 924.8, 0.00012169
PHY_671, 994.06, 924.8, 7.48575e-05
PHY_673, 994.06, 924.8, 7.48575e-05
FILLER_0_335_2141, 994.06, 924.8, 7.48575e-05
FILLER_0_336_2137, 994.06, 924.8, 7.48575e-05
FILLER_0_336_77, 37.94, 924.8, 0.000121325
FILLER_0_337_105, 50.74, 924.8, 0.00012096
FILLER_0_336_133, 63.54, 924.8, 0.000120594
FILLER_0_337_161, 76.34, 924.8, 0.000120229
FILLER_0_336_189, 89.14, 924.8, 0.000119864
FILLER_0_337_217, 101.94, 924.8, 0.000119499
FILLER_0_336_245, 114.74, 924.8, 0.000119133
FILLER_0_337_273, 127.54, 924.8, 0.000118768
FILLER_0_336_301, 140.34, 924.8, 0.000118403
FILLER_0_337_329, 153.14, 924.8, 0.000118038
FILLER_0_336_357, 165.94, 924.8, 0.000117672
FILLER_0_336_413, 191.54, 924.8, 0.000116541
FILLER_0_337_441, 204.34, 924.8, 0.000115774
FILLER_0_336_469, 217.14, 924.8, 0.000115008
FILLER_0_337_497, 229.94, 924.8, 0.000114241
FILLER_0_336_525, 242.74, 924.8, 0.000113475
FILLER_0_337_553, 255.54, 924.8, 0.000112709
FILLER_0_336_581, 268.34, 924.8, 0.000111942
FILLER_0_337_609, 281.14, 924.8, 0.000111176
FILLER_0_336_637, 293.94, 924.8, 0.000110409
FILLER_0_337_665, 306.74, 924.8, 0.000109643
FILLER_0_336_693, 319.54, 924.8, 0.000108876
FILLER_0_336_749, 345.14, 924.8, 0.00010701
FILLER_0_337_777, 357.94, 924.8, 0.000105911
FILLER_0_336_805, 370.74, 924.8, 0.000104812
FILLER_0_337_833, 383.54, 924.8, 0.000103712
FILLER_0_336_861, 396.34, 924.8, 0.000102613
FILLER_0_337_889, 409.14, 924.8, 0.000101513
FILLER_0_336_917, 421.94, 924.8, 0.000100414
FILLER_0_337_945, 434.74, 924.8, 9.93146e-05
FILLER_0_336_973, 447.54, 924.8, 9.82152e-05
FILLER_0_337_1001, 460.34, 924.8, 9.71158e-05
FILLER_0_336_1029, 473.14, 924.8, 9.60164e-05
FILLER_0_336_1085, 498.74, 924.8, 9.37209e-05
FILLER_0_337_1113, 511.54, 924.8, 9.25248e-05
FILLER_0_336_1141, 524.34, 924.8, 9.13287e-05
FILLER_0_337_1169, 537.14, 924.8, 9.01326e-05
FILLER_0_336_1197, 549.94, 924.8, 8.89365e-05
FILLER_0_337_1225, 562.74, 924.8, 8.77404e-05
FILLER_0_336_1253, 575.54, 924.8, 8.65443e-05
FILLER_0_335_1281, 601.14, 924.8, 8.4152e-05
FILLER_0_336_1309, 613.94, 924.8, 8.29559e-05
FILLER_0_335_1337, 626.74, 924.8, 8.17597e-05
FILLER_0_335_1393, 652.34, 924.8, 8.02128e-05
FILLER_0_336_1421, 665.14, 924.8, 7.9862e-05
FILLER_0_335_1449, 677.94, 924.8, 7.95113e-05
FILLER_0_336_1477, 690.74, 924.8, 7.91605e-05
FILLER_0_335_1505, 703.54, 924.8, 7.88097e-05
FILLER_0_336_1533, 716.34, 924.8, 7.84589e-05
FILLER_0_335_1561, 729.14, 924.8, 7.81081e-05
FILLER_0_336_1589, 741.94, 924.8, 7.77573e-05
FILLER_0_335_1617, 754.74, 924.8, 7.74065e-05
FILLER_0_336_1645, 767.54, 924.8, 7.70557e-05
FILLER_0_335_1673, 780.34, 924.8, 7.67048e-05
FILLER_0_335_1729, 805.94, 924.8, 7.62293e-05
FILLER_0_336_1757, 818.74, 924.8, 7.61046e-05
FILLER_0_335_1785, 831.54, 924.8, 7.59799e-05
FILLER_0_336_1813, 844.34, 924.8, 7.58553e-05
FILLER_0_335_1841, 857.14, 924.8, 7.57305e-05
FILLER_0_336_1869, 869.94, 924.8, 7.56058e-05
FILLER_0_335_1897, 882.74, 924.8, 7.54811e-05
FILLER_0_336_1925, 895.54, 924.8, 7.53564e-05
FILLER_0_335_1953, 908.34, 924.8, 7.52316e-05
FILLER_0_336_1981, 921.14, 924.8, 7.51069e-05
FILLER_0_335_2009, 933.94, 924.8, 7.49821e-05
FILLER_0_335_2065, 958.57, 924.8, 7.48574e-05
FILLER_0_336_2093, 970.4, 924.8, 7.48574e-05
FILLER_0_335_2121, 982.23, 924.8, 7.48575e-05
PHY_666, 5.52, 919.36, 0.000121787
PHY_668, 5.52, 919.36, 0.000121787
PHY_667, 994.06, 919.36, 7.45831e-05
PHY_669, 994.06, 919.36, 7.45831e-05
FILLER_0_333_2141, 994.06, 919.36, 7.45831e-05
FILLER_0_334_2137, 994.06, 919.36, 7.45831e-05
FILLER_0_334_77, 37.94, 919.36, 0.000121424
FILLER_0_335_105, 50.74, 919.36, 0.00012106
FILLER_0_334_133, 63.54, 919.36, 0.000120697
FILLER_0_335_161, 76.34, 919.36, 0.000120333
FILLER_0_334_189, 89.14, 919.36, 0.00011997
FILLER_0_335_217, 101.94, 919.36, 0.000119606
FILLER_0_334_245, 114.74, 919.36, 0.000119243
FILLER_0_335_273, 127.54, 919.36, 0.000118879
FILLER_0_334_301, 140.34, 919.36, 0.000118515
FILLER_0_335_329, 153.14, 919.36, 0.000118152
FILLER_0_334_357, 165.94, 919.36, 0.000117788
FILLER_0_334_413, 191.54, 919.36, 0.000116658
FILLER_0_335_441, 204.34, 919.36, 0.000115891
FILLER_0_334_469, 217.14, 919.36, 0.000115124
FILLER_0_335_497, 229.94, 919.36, 0.000114357
FILLER_0_334_525, 242.74, 919.36, 0.00011359
FILLER_0_335_553, 255.54, 919.36, 0.000112823
FILLER_0_334_581, 268.34, 919.36, 0.000112056
FILLER_0_335_609, 281.14, 919.36, 0.000111289
FILLER_0_334_637, 293.94, 919.36, 0.000110522
FILLER_0_335_665, 306.74, 919.36, 0.000109755
FILLER_0_334_693, 319.54, 919.36, 0.000108988
FILLER_0_334_749, 345.14, 919.36, 0.0001071
FILLER_0_335_777, 357.94, 919.36, 0.000105979
FILLER_0_334_805, 370.74, 919.36, 0.000104858
FILLER_0_335_833, 383.54, 919.36, 0.000103737
FILLER_0_334_861, 396.34, 919.36, 0.000102616
FILLER_0_335_889, 409.14, 919.36, 0.000101495
FILLER_0_334_917, 421.94, 919.36, 0.000100374
FILLER_0_335_945, 434.74, 919.36, 9.92525e-05
FILLER_0_334_973, 447.54, 919.36, 9.81314e-05
FILLER_0_335_1001, 460.34, 919.36, 9.70102e-05
FILLER_0_334_1029, 473.14, 919.36, 9.58891e-05
FILLER_0_334_1085, 498.74, 919.36, 9.35145e-05
FILLER_0_335_1113, 511.54, 919.36, 9.2261e-05
FILLER_0_334_1141, 524.34, 919.36, 9.10075e-05
FILLER_0_335_1169, 537.14, 919.36, 8.9754e-05
FILLER_0_334_1197, 549.94, 919.36, 8.85004e-05
FILLER_0_335_1225, 562.74, 919.36, 8.72469e-05
FILLER_0_334_1253, 575.54, 919.36, 8.59933e-05
FILLER_0_333_1281, 601.14, 919.36, 8.34862e-05
FILLER_0_334_1309, 613.94, 919.36, 8.22327e-05
FILLER_0_333_1337, 626.74, 919.36, 8.09791e-05
FILLER_0_333_1393, 652.34, 919.36, 7.94051e-05
FILLER_0_334_1421, 665.14, 919.36, 7.90848e-05
FILLER_0_333_1449, 677.94, 919.36, 7.87644e-05
FILLER_0_334_1477, 690.74, 919.36, 7.84441e-05
FILLER_0_333_1505, 703.54, 919.36, 7.81237e-05
FILLER_0_334_1533, 716.34, 919.36, 7.78033e-05
FILLER_0_333_1561, 729.14, 919.36, 7.74829e-05
FILLER_0_334_1589, 741.94, 919.36, 7.71625e-05
FILLER_0_333_1617, 754.74, 919.36, 7.6842e-05
FILLER_0_334_1645, 767.54, 919.36, 7.65216e-05
FILLER_0_333_1673, 780.34, 919.36, 7.62012e-05
FILLER_0_333_1729, 805.94, 919.36, 7.57726e-05
FILLER_0_334_1757, 818.74, 919.36, 7.56645e-05
FILLER_0_333_1785, 831.54, 919.36, 7.55564e-05
FILLER_0_334_1813, 844.34, 919.36, 7.54483e-05
FILLER_0_333_1841, 857.14, 919.36, 7.53401e-05
FILLER_0_334_1869, 869.94, 919.36, 7.5232e-05
FILLER_0_333_1897, 882.74, 919.36, 7.51238e-05
FILLER_0_334_1925, 895.54, 919.36, 7.50156e-05
FILLER_0_333_1953, 908.34, 919.36, 7.49075e-05
FILLER_0_334_1981, 921.14, 919.36, 7.47993e-05
FILLER_0_333_2009, 933.94, 919.36, 7.46911e-05
FILLER_0_333_2065, 958.57, 919.36, 7.45829e-05
FILLER_0_334_2093, 970.4, 919.36, 7.4583e-05
FILLER_0_333_2121, 982.23, 919.36, 7.4583e-05
PHY_662, 5.52, 913.92, 0.000121902
PHY_664, 5.52, 913.92, 0.000121902
PHY_663, 994.06, 913.92, 7.4303e-05
PHY_665, 994.06, 913.92, 7.4303e-05
FILLER_0_331_2141, 994.06, 913.92, 7.4303e-05
FILLER_0_332_2137, 994.06, 913.92, 7.4303e-05
FILLER_0_332_77, 37.94, 913.92, 0.00012154
FILLER_0_333_105, 50.74, 913.92, 0.000121179
FILLER_0_332_133, 63.54, 913.92, 0.000120817
FILLER_0_333_161, 76.34, 913.92, 0.000120455
FILLER_0_332_189, 89.14, 913.92, 0.000120093
FILLER_0_333_217, 101.94, 913.92, 0.000119732
FILLER_0_332_245, 114.74, 913.92, 0.00011937
FILLER_0_333_273, 127.54, 913.92, 0.000119008
FILLER_0_332_301, 140.34, 913.92, 0.000118646
FILLER_0_333_329, 153.14, 913.92, 0.000118285
FILLER_0_332_357, 165.94, 913.92, 0.000117923
FILLER_0_332_413, 191.54, 913.92, 0.000116793
FILLER_0_333_441, 204.34, 913.92, 0.000116026
FILLER_0_332_469, 217.14, 913.92, 0.000115258
FILLER_0_333_497, 229.94, 913.92, 0.00011449
FILLER_0_332_525, 242.74, 913.92, 0.000113723
FILLER_0_333_553, 255.54, 913.92, 0.000112955
FILLER_0_332_581, 268.34, 913.92, 0.000112187
FILLER_0_333_609, 281.14, 913.92, 0.00011142
FILLER_0_332_637, 293.94, 913.92, 0.000110652
FILLER_0_333_665, 306.74, 913.92, 0.000109884
FILLER_0_332_693, 319.54, 913.92, 0.000109117
FILLER_0_332_749, 345.14, 913.92, 0.000107205
FILLER_0_333_777, 357.94, 913.92, 0.000106061
FILLER_0_332_805, 370.74, 913.92, 0.000104918
FILLER_0_333_833, 383.54, 913.92, 0.000103774
FILLER_0_332_861, 396.34, 913.92, 0.00010263
FILLER_0_333_889, 409.14, 913.92, 0.000101486
FILLER_0_332_917, 421.94, 913.92, 0.000100342
FILLER_0_333_945, 434.74, 913.92, 9.91986e-05
FILLER_0_332_973, 447.54, 913.92, 9.80548e-05
FILLER_0_333_1001, 460.34, 913.92, 9.6911e-05
FILLER_0_332_1029, 473.14, 913.92, 9.57671e-05
FILLER_0_332_1085, 498.74, 913.92, 9.33087e-05
FILLER_0_333_1113, 511.54, 913.92, 9.19941e-05
FILLER_0_332_1141, 524.34, 913.92, 9.06794e-05
FILLER_0_333_1169, 537.14, 913.92, 8.93648e-05
FILLER_0_332_1197, 549.94, 913.92, 8.80502e-05
FILLER_0_333_1225, 562.74, 913.92, 8.67355e-05
FILLER_0_332_1253, 575.54, 913.92, 8.54209e-05
FILLER_0_331_1281, 601.14, 913.92, 8.27915e-05
FILLER_0_332_1309, 613.94, 913.92, 8.14768e-05
FILLER_0_331_1337, 626.74, 913.92, 8.01621e-05
FILLER_0_331_1393, 652.34, 913.92, 7.85599e-05
FILLER_0_332_1421, 665.14, 913.92, 7.82723e-05
FILLER_0_331_1449, 677.94, 913.92, 7.79847e-05
FILLER_0_332_1477, 690.74, 913.92, 7.76971e-05
FILLER_0_331_1505, 703.54, 913.92, 7.74094e-05
FILLER_0_332_1533, 716.34, 913.92, 7.71218e-05
FILLER_0_331_1561, 729.14, 913.92, 7.68342e-05
FILLER_0_332_1589, 741.94, 913.92, 7.65465e-05
FILLER_0_331_1617, 754.74, 913.92, 7.62588e-05
FILLER_0_332_1645, 767.54, 913.92, 7.59712e-05
FILLER_0_331_1673, 780.34, 913.92, 7.56835e-05
FILLER_0_331_1729, 805.94, 913.92, 7.53048e-05
FILLER_0_332_1757, 818.74, 913.92, 7.52137e-05
FILLER_0_331_1785, 831.54, 913.92, 7.51227e-05
FILLER_0_332_1813, 844.34, 913.92, 7.50316e-05
FILLER_0_331_1841, 857.14, 913.92, 7.49406e-05
FILLER_0_332_1869, 869.94, 913.92, 7.48495e-05
FILLER_0_331_1897, 882.74, 913.92, 7.47584e-05
FILLER_0_332_1925, 895.54, 913.92, 7.46673e-05
FILLER_0_331_1953, 908.34, 913.92, 7.45762e-05
FILLER_0_332_1981, 921.14, 913.92, 7.44851e-05
FILLER_0_331_2009, 933.94, 913.92, 7.43939e-05
FILLER_0_331_2065, 958.57, 913.92, 7.43029e-05
FILLER_0_332_2093, 970.4, 913.92, 7.43029e-05
FILLER_0_331_2121, 982.23, 913.92, 7.4303e-05
PHY_658, 5.52, 908.48, 0.000122034
PHY_660, 5.52, 908.48, 0.000122034
PHY_659, 994.06, 908.48, 7.40182e-05
PHY_661, 994.06, 908.48, 7.40182e-05
FILLER_0_329_2141, 994.06, 908.48, 7.40182e-05
FILLER_0_330_2137, 994.06, 908.48, 7.40182e-05
FILLER_0_330_77, 37.94, 908.48, 0.000121675
FILLER_0_331_105, 50.74, 908.48, 0.000121315
FILLER_0_330_133, 63.54, 908.48, 0.000120955
FILLER_0_331_161, 76.34, 908.48, 0.000120595
FILLER_0_330_189, 89.14, 908.48, 0.000120236
FILLER_0_331_217, 101.94, 908.48, 0.000119876
FILLER_0_330_245, 114.74, 908.48, 0.000119516
FILLER_0_331_273, 127.54, 908.48, 0.000119156
FILLER_0_330_301, 140.34, 908.48, 0.000118796
FILLER_0_331_329, 153.14, 908.48, 0.000118436
FILLER_0_330_357, 165.94, 908.48, 0.000118077
FILLER_0_330_413, 191.54, 908.48, 0.000116948
FILLER_0_331_441, 204.34, 908.48, 0.00011618
FILLER_0_330_469, 217.14, 908.48, 0.000115411
FILLER_0_331_497, 229.94, 908.48, 0.000114643
FILLER_0_330_525, 242.74, 908.48, 0.000113874
FILLER_0_331_553, 255.54, 908.48, 0.000113106
FILLER_0_330_581, 268.34, 908.48, 0.000112337
FILLER_0_331_609, 281.14, 908.48, 0.000111568
FILLER_0_330_637, 293.94, 908.48, 0.0001108
FILLER_0_331_665, 306.74, 908.48, 0.000110031
FILLER_0_330_693, 319.54, 908.48, 0.000109263
FILLER_0_330_749, 345.14, 908.48, 0.000107327
FILLER_0_331_777, 357.94, 908.48, 0.000106159
FILLER_0_330_805, 370.74, 908.48, 0.000104992
FILLER_0_331_833, 383.54, 908.48, 0.000103824
FILLER_0_330_861, 396.34, 908.48, 0.000102657
FILLER_0_331_889, 409.14, 908.48, 0.000101489
FILLER_0_330_917, 421.94, 908.48, 0.000100322
FILLER_0_331_945, 434.74, 908.48, 9.91544e-05
FILLER_0_330_973, 447.54, 908.48, 9.79868e-05
FILLER_0_331_1001, 460.34, 908.48, 9.68193e-05
FILLER_0_330_1029, 473.14, 908.48, 9.56518e-05
FILLER_0_330_1085, 498.74, 908.48, 9.31044e-05
FILLER_0_331_1113, 511.54, 908.48, 9.17246e-05
FILLER_0_330_1141, 524.34, 908.48, 9.03447e-05
FILLER_0_331_1169, 537.14, 908.48, 8.89648e-05
FILLER_0_330_1197, 549.94, 908.48, 8.75849e-05
FILLER_0_331_1225, 562.74, 908.48, 8.6205e-05
FILLER_0_330_1253, 575.54, 908.48, 8.48251e-05
FILLER_0_329_1281, 601.14, 908.48, 8.20653e-05
FILLER_0_330_1309, 613.94, 908.48, 8.06854e-05
FILLER_0_329_1337, 626.74, 908.48, 7.93054e-05
FILLER_0_329_1393, 652.34, 908.48, 7.76734e-05
FILLER_0_330_1421, 665.14, 908.48, 7.74213e-05
FILLER_0_329_1449, 677.94, 908.48, 7.71692e-05
FILLER_0_330_1477, 690.74, 908.48, 7.69171e-05
FILLER_0_329_1505, 703.54, 908.48, 7.6665e-05
FILLER_0_330_1533, 716.34, 908.48, 7.64128e-05
FILLER_0_329_1561, 729.14, 908.48, 7.61607e-05
FILLER_0_330_1589, 741.94, 908.48, 7.59085e-05
FILLER_0_329_1617, 754.74, 908.48, 7.56563e-05
FILLER_0_330_1645, 767.54, 908.48, 7.54041e-05
FILLER_0_329_1673, 780.34, 908.48, 7.5152e-05
FILLER_0_329_1729, 805.94, 908.48, 7.48263e-05
FILLER_0_330_1757, 818.74, 908.48, 7.47529e-05
FILLER_0_329_1785, 831.54, 908.48, 7.46794e-05
FILLER_0_330_1813, 844.34, 908.48, 7.4606e-05
FILLER_0_329_1841, 857.14, 908.48, 7.45325e-05
FILLER_0_330_1869, 869.94, 908.48, 7.4459e-05
FILLER_0_329_1897, 882.74, 908.48, 7.43856e-05
FILLER_0_330_1925, 895.54, 908.48, 7.43121e-05
FILLER_0_329_1953, 908.34, 908.48, 7.42386e-05
FILLER_0_330_1981, 921.14, 908.48, 7.4165e-05
FILLER_0_329_2009, 933.94, 908.48, 7.40915e-05
FILLER_0_329_2065, 958.57, 908.48, 7.4018e-05
FILLER_0_330_2093, 970.4, 908.48, 7.40181e-05
FILLER_0_329_2121, 982.23, 908.48, 7.40181e-05
PHY_654, 5.52, 903.04, 0.000122184
PHY_656, 5.52, 903.04, 0.000122184
PHY_655, 994.06, 903.04, 7.37294e-05
PHY_657, 994.06, 903.04, 7.37294e-05
FILLER_0_327_2141, 994.06, 903.04, 7.37294e-05
FILLER_0_328_2137, 994.06, 903.04, 7.37294e-05
FILLER_0_328_77, 37.94, 903.04, 0.000121826
FILLER_0_329_105, 50.74, 903.04, 0.000121469
FILLER_0_328_133, 63.54, 903.04, 0.000121111
FILLER_0_329_161, 76.34, 903.04, 0.000120754
FILLER_0_328_189, 89.14, 903.04, 0.000120396
FILLER_0_329_217, 101.94, 903.04, 0.000120038
FILLER_0_328_245, 114.74, 903.04, 0.00011968
FILLER_0_329_273, 127.54, 903.04, 0.000119323
FILLER_0_328_301, 140.34, 903.04, 0.000118965
FILLER_0_329_329, 153.14, 903.04, 0.000118607
FILLER_0_328_357, 165.94, 903.04, 0.00011825
FILLER_0_328_413, 191.54, 903.04, 0.000117122
FILLER_0_329_441, 204.34, 903.04, 0.000116353
FILLER_0_328_469, 217.14, 903.04, 0.000115583
FILLER_0_329_497, 229.94, 903.04, 0.000114814
FILLER_0_328_525, 242.74, 903.04, 0.000114044
FILLER_0_329_553, 255.54, 903.04, 0.000113275
FILLER_0_328_581, 268.34, 903.04, 0.000112505
FILLER_0_329_609, 281.14, 903.04, 0.000111736
FILLER_0_328_637, 293.94, 903.04, 0.000110966
FILLER_0_329_665, 306.74, 903.04, 0.000110197
FILLER_0_328_693, 319.54, 903.04, 0.000109427
FILLER_0_328_749, 345.14, 903.04, 0.000107466
FILLER_0_329_777, 357.94, 903.04, 0.000106274
FILLER_0_328_805, 370.74, 903.04, 0.000105082
FILLER_0_329_833, 383.54, 903.04, 0.00010389
FILLER_0_328_861, 396.34, 903.04, 0.000102697
FILLER_0_329_889, 409.14, 903.04, 0.000101505
FILLER_0_328_917, 421.94, 903.04, 0.000100313
FILLER_0_329_945, 434.74, 903.04, 9.91211e-05
FILLER_0_328_973, 447.54, 903.04, 9.7929e-05
FILLER_0_329_1001, 460.34, 903.04, 9.67369e-05
FILLER_0_328_1029, 473.14, 903.04, 9.55447e-05
FILLER_0_328_1085, 498.74, 903.04, 9.29029e-05
FILLER_0_329_1113, 511.54, 903.04, 9.14532e-05
FILLER_0_328_1141, 524.34, 903.04, 9.00034e-05
FILLER_0_329_1169, 537.14, 903.04, 8.85537e-05
FILLER_0_328_1197, 549.94, 903.04, 8.7104e-05
FILLER_0_329_1225, 562.74, 903.04, 8.56542e-05
FILLER_0_328_1253, 575.54, 903.04, 8.42045e-05
FILLER_0_327_1281, 601.14, 903.04, 8.13049e-05
FILLER_0_328_1309, 613.94, 903.04, 7.98551e-05
FILLER_0_327_1337, 626.74, 903.04, 7.84053e-05
FILLER_0_327_1393, 652.34, 903.04, 7.67421e-05
FILLER_0_328_1421, 665.14, 903.04, 7.65286e-05
FILLER_0_327_1449, 677.94, 903.04, 7.63151e-05
FILLER_0_328_1477, 690.74, 903.04, 7.61016e-05
FILLER_0_327_1505, 703.54, 903.04, 7.58881e-05
FILLER_0_328_1533, 716.34, 903.04, 7.56745e-05
FILLER_0_327_1561, 729.14, 903.04, 7.5461e-05
FILLER_0_328_1589, 741.94, 903.04, 7.52474e-05
FILLER_0_327_1617, 754.74, 903.04, 7.50339e-05
FILLER_0_328_1645, 767.54, 903.04, 7.48203e-05
FILLER_0_327_1673, 780.34, 903.04, 7.46067e-05
FILLER_0_327_1729, 805.94, 903.04, 7.43378e-05
FILLER_0_328_1757, 818.74, 903.04, 7.42826e-05
FILLER_0_327_1785, 831.54, 903.04, 7.42273e-05
FILLER_0_328_1813, 844.34, 903.04, 7.4172e-05
FILLER_0_327_1841, 857.14, 903.04, 7.41167e-05
FILLER_0_328_1869, 869.94, 903.04, 7.40613e-05
FILLER_0_327_1897, 882.74, 903.04, 7.4006e-05
FILLER_0_328_1925, 895.54, 903.04, 7.39507e-05
FILLER_0_327_1953, 908.34, 903.04, 7.38953e-05
FILLER_0_328_1981, 921.14, 903.04, 7.38399e-05
FILLER_0_327_2009, 933.94, 903.04, 7.37845e-05
FILLER_0_327_2065, 958.57, 903.04, 7.37292e-05
FILLER_0_328_2093, 970.4, 903.04, 7.37293e-05
FILLER_0_327_2121, 982.23, 903.04, 7.37293e-05
PHY_650, 5.52, 897.6, 0.000122351
PHY_652, 5.52, 897.6, 0.000122351
PHY_651, 994.06, 897.6, 7.34375e-05
PHY_653, 994.06, 897.6, 7.34375e-05
FILLER_0_325_2141, 994.06, 897.6, 7.34375e-05
FILLER_0_326_2137, 994.06, 897.6, 7.34375e-05
FILLER_0_326_77, 37.94, 897.6, 0.000121996
FILLER_0_327_105, 50.74, 897.6, 0.00012164
FILLER_0_326_133, 63.54, 897.6, 0.000121285
FILLER_0_327_161, 76.34, 897.6, 0.00012093
FILLER_0_326_189, 89.14, 897.6, 0.000120574
FILLER_0_327_217, 101.94, 897.6, 0.000120219
FILLER_0_326_245, 114.74, 897.6, 0.000119864
FILLER_0_327_273, 127.54, 897.6, 0.000119508
FILLER_0_326_301, 140.34, 897.6, 0.000119153
FILLER_0_327_329, 153.14, 897.6, 0.000118797
FILLER_0_326_357, 165.94, 897.6, 0.000118442
FILLER_0_326_413, 191.54, 897.6, 0.000117316
FILLER_0_327_441, 204.34, 897.6, 0.000116546
FILLER_0_326_469, 217.14, 897.6, 0.000115775
FILLER_0_327_497, 229.94, 897.6, 0.000115005
FILLER_0_326_525, 242.74, 897.6, 0.000114234
FILLER_0_327_553, 255.54, 897.6, 0.000113464
FILLER_0_326_581, 268.34, 897.6, 0.000112693
FILLER_0_327_609, 281.14, 897.6, 0.000111923
FILLER_0_326_637, 293.94, 897.6, 0.000111152
FILLER_0_327_665, 306.74, 897.6, 0.000110382
FILLER_0_326_693, 319.54, 897.6, 0.000109611
FILLER_0_326_749, 345.14, 897.6, 0.000107623
FILLER_0_327_777, 357.94, 897.6, 0.000106406
FILLER_0_326_805, 370.74, 897.6, 0.000105188
FILLER_0_327_833, 383.54, 897.6, 0.000103971
FILLER_0_326_861, 396.34, 897.6, 0.000102753
FILLER_0_327_889, 409.14, 897.6, 0.000101536
FILLER_0_326_917, 421.94, 897.6, 0.000100318
FILLER_0_327_945, 434.74, 897.6, 9.91004e-05
FILLER_0_326_973, 447.54, 897.6, 9.78828e-05
FILLER_0_327_1001, 460.34, 897.6, 9.66652e-05
FILLER_0_326_1029, 473.14, 897.6, 9.54475e-05
FILLER_0_326_1085, 498.74, 897.6, 9.27052e-05
FILLER_0_327_1113, 511.54, 897.6, 9.11805e-05
FILLER_0_326_1141, 524.34, 897.6, 8.96558e-05
FILLER_0_327_1169, 537.14, 897.6, 8.81311e-05
FILLER_0_326_1197, 549.94, 897.6, 8.66064e-05
FILLER_0_327_1225, 562.74, 897.6, 8.50817e-05
FILLER_0_326_1253, 575.54, 897.6, 8.35569e-05
FILLER_0_325_1281, 601.14, 897.6, 8.05074e-05
FILLER_0_326_1309, 613.94, 897.6, 7.89826e-05
FILLER_0_325_1337, 626.74, 897.6, 7.74579e-05
FILLER_0_325_1393, 652.34, 897.6, 7.57618e-05
FILLER_0_326_1421, 665.14, 897.6, 7.55904e-05
FILLER_0_325_1449, 677.94, 897.6, 7.54191e-05
FILLER_0_326_1477, 690.74, 897.6, 7.52478e-05
FILLER_0_325_1505, 703.54, 897.6, 7.50764e-05
FILLER_0_326_1533, 716.34, 897.6, 7.4905e-05
FILLER_0_325_1561, 729.14, 897.6, 7.47336e-05
FILLER_0_326_1589, 741.94, 897.6, 7.45622e-05
FILLER_0_325_1617, 754.74, 897.6, 7.43908e-05
FILLER_0_326_1645, 767.54, 897.6, 7.42194e-05
FILLER_0_325_1673, 780.34, 897.6, 7.4048e-05
FILLER_0_325_1729, 805.94, 897.6, 7.384e-05
FILLER_0_326_1757, 818.74, 897.6, 7.38035e-05
FILLER_0_325_1785, 831.54, 897.6, 7.37669e-05
FILLER_0_326_1813, 844.34, 897.6, 7.37303e-05
FILLER_0_325_1841, 857.14, 897.6, 7.36937e-05
FILLER_0_326_1869, 869.94, 897.6, 7.36571e-05
FILLER_0_325_1897, 882.74, 897.6, 7.36205e-05
FILLER_0_326_1925, 895.54, 897.6, 7.35839e-05
FILLER_0_325_1953, 908.34, 897.6, 7.35472e-05
FILLER_0_326_1981, 921.14, 897.6, 7.35106e-05
FILLER_0_325_2009, 933.94, 897.6, 7.34739e-05
FILLER_0_325_2065, 958.57, 897.6, 7.34373e-05
FILLER_0_326_2093, 970.4, 897.6, 7.34374e-05
FILLER_0_325_2121, 982.23, 897.6, 7.34374e-05
PHY_646, 5.52, 892.16, 0.000122535
PHY_648, 5.52, 892.16, 0.000122535
PHY_647, 994.06, 892.16, 7.31434e-05
PHY_649, 994.06, 892.16, 7.31434e-05
FILLER_0_323_2141, 994.06, 892.16, 7.31434e-05
FILLER_0_324_2137, 994.06, 892.16, 7.31434e-05
FILLER_0_324_77, 37.94, 892.16, 0.000122182
FILLER_0_325_105, 50.74, 892.16, 0.00012183
FILLER_0_324_133, 63.54, 892.16, 0.000121477
FILLER_0_325_161, 76.34, 892.16, 0.000121124
FILLER_0_324_189, 89.14, 892.16, 0.000120771
FILLER_0_325_217, 101.94, 892.16, 0.000120418
FILLER_0_324_245, 114.74, 892.16, 0.000120065
FILLER_0_325_273, 127.54, 892.16, 0.000119713
FILLER_0_324_301, 140.34, 892.16, 0.00011936
FILLER_0_325_329, 153.14, 892.16, 0.000119007
FILLER_0_324_357, 165.94, 892.16, 0.000118654
FILLER_0_324_413, 191.54, 892.16, 0.00011753
FILLER_0_325_441, 204.34, 892.16, 0.000116758
FILLER_0_324_469, 217.14, 892.16, 0.000115987
FILLER_0_325_497, 229.94, 892.16, 0.000115216
FILLER_0_324_525, 242.74, 892.16, 0.000114444
FILLER_0_325_553, 255.54, 892.16, 0.000113673
FILLER_0_324_581, 268.34, 892.16, 0.000112902
FILLER_0_325_609, 281.14, 892.16, 0.00011213
FILLER_0_324_637, 293.94, 892.16, 0.000111359
FILLER_0_325_665, 306.74, 892.16, 0.000110588
FILLER_0_324_693, 319.54, 892.16, 0.000109816
FILLER_0_324_749, 345.14, 892.16, 0.000107801
FILLER_0_325_777, 357.94, 892.16, 0.000106557
FILLER_0_324_805, 370.74, 892.16, 0.000105313
FILLER_0_325_833, 383.54, 892.16, 0.00010407
FILLER_0_324_861, 396.34, 892.16, 0.000102826
FILLER_0_325_889, 409.14, 892.16, 0.000101582
FILLER_0_324_917, 421.94, 892.16, 0.000100338
FILLER_0_325_945, 434.74, 892.16, 9.90939e-05
FILLER_0_324_973, 447.54, 892.16, 9.785e-05
FILLER_0_325_1001, 460.34, 892.16, 9.6606e-05
FILLER_0_324_1029, 473.14, 892.16, 9.53621e-05
FILLER_0_324_1085, 498.74, 892.16, 9.25128e-05
FILLER_0_325_1113, 511.54, 892.16, 9.09074e-05
FILLER_0_324_1141, 524.34, 892.16, 8.93021e-05
FILLER_0_325_1169, 537.14, 892.16, 8.76967e-05
FILLER_0_324_1197, 549.94, 892.16, 8.60913e-05
FILLER_0_325_1225, 562.74, 892.16, 8.44859e-05
FILLER_0_324_1253, 575.54, 892.16, 8.28805e-05
FILLER_0_323_1281, 601.14, 892.16, 7.96696e-05
FILLER_0_324_1309, 613.94, 892.16, 7.80642e-05
FILLER_0_323_1337, 626.74, 892.16, 7.64588e-05
FILLER_0_323_1393, 652.34, 892.16, 7.47282e-05
FILLER_0_324_1421, 665.14, 892.16, 7.4603e-05
FILLER_0_323_1449, 677.94, 892.16, 7.44779e-05
FILLER_0_324_1477, 690.74, 892.16, 7.43527e-05
FILLER_0_323_1505, 703.54, 892.16, 7.42275e-05
FILLER_0_324_1533, 716.34, 892.16, 7.41023e-05
FILLER_0_323_1561, 729.14, 892.16, 7.39771e-05
FILLER_0_324_1589, 741.94, 892.16, 7.38519e-05
FILLER_0_323_1617, 754.74, 892.16, 7.37266e-05
FILLER_0_324_1645, 767.54, 892.16, 7.36014e-05
FILLER_0_323_1673, 780.34, 892.16, 7.34761e-05
FILLER_0_323_1729, 805.94, 892.16, 7.33336e-05
FILLER_0_324_1757, 818.74, 892.16, 7.33164e-05
FILLER_0_323_1785, 831.54, 892.16, 7.32991e-05
FILLER_0_324_1813, 844.34, 892.16, 7.32818e-05
FILLER_0_323_1841, 857.14, 892.16, 7.32645e-05
FILLER_0_324_1869, 869.94, 892.16, 7.32472e-05
FILLER_0_323_1897, 882.74, 892.16, 7.32299e-05
FILLER_0_324_1925, 895.54, 892.16, 7.32126e-05
FILLER_0_323_1953, 908.34, 892.16, 7.31952e-05
FILLER_0_324_1981, 921.14, 892.16, 7.31779e-05
FILLER_0_323_2009, 933.94, 892.16, 7.31605e-05
FILLER_0_323_2065, 958.57, 892.16, 7.31432e-05
FILLER_0_324_2093, 970.4, 892.16, 7.31433e-05
FILLER_0_323_2121, 982.23, 892.16, 7.31433e-05
PHY_642, 5.52, 886.72, 0.000122737
PHY_644, 5.52, 886.72, 0.000122737
PHY_643, 994.06, 886.72, 7.2848e-05
PHY_645, 994.06, 886.72, 7.2848e-05
FILLER_0_321_2141, 994.06, 886.72, 7.2848e-05
FILLER_0_322_2137, 994.06, 886.72, 7.2848e-05
FILLER_0_322_77, 37.94, 886.72, 0.000122387
FILLER_0_323_105, 50.74, 886.72, 0.000122036
FILLER_0_322_133, 63.54, 886.72, 0.000121686
FILLER_0_323_161, 76.34, 886.72, 0.000121336
FILLER_0_322_189, 89.14, 886.72, 0.000120986
FILLER_0_323_217, 101.94, 886.72, 0.000120636
FILLER_0_322_245, 114.74, 886.72, 0.000120286
FILLER_0_323_273, 127.54, 886.72, 0.000119936
FILLER_0_322_301, 140.34, 886.72, 0.000119586
FILLER_0_323_329, 153.14, 886.72, 0.000119236
FILLER_0_322_357, 165.94, 886.72, 0.000118885
FILLER_0_322_413, 191.54, 886.72, 0.000117763
FILLER_0_323_441, 204.34, 886.72, 0.000116991
FILLER_0_322_469, 217.14, 886.72, 0.000116219
FILLER_0_323_497, 229.94, 886.72, 0.000115447
FILLER_0_322_525, 242.74, 886.72, 0.000114675
FILLER_0_323_553, 255.54, 886.72, 0.000113903
FILLER_0_322_581, 268.34, 886.72, 0.000113131
FILLER_0_323_609, 281.14, 886.72, 0.000112359
FILLER_0_322_637, 293.94, 886.72, 0.000111587
FILLER_0_323_665, 306.74, 886.72, 0.000110815
FILLER_0_322_693, 319.54, 886.72, 0.000110043
FILLER_0_322_749, 345.14, 886.72, 0.000108
FILLER_0_323_777, 357.94, 886.72, 0.000106729
FILLER_0_322_805, 370.74, 886.72, 0.000105458
FILLER_0_323_833, 383.54, 886.72, 0.000104187
FILLER_0_322_861, 396.34, 886.72, 0.000102916
FILLER_0_323_889, 409.14, 886.72, 0.000101645
FILLER_0_322_917, 421.94, 886.72, 0.000100374
FILLER_0_323_945, 434.74, 886.72, 9.91034e-05
FILLER_0_322_973, 447.54, 886.72, 9.78324e-05
FILLER_0_323_1001, 460.34, 886.72, 9.65614e-05
FILLER_0_322_1029, 473.14, 886.72, 9.52904e-05
FILLER_0_322_1085, 498.74, 886.72, 9.23271e-05
FILLER_0_323_1113, 511.54, 886.72, 9.06347e-05
FILLER_0_322_1141, 524.34, 886.72, 8.89424e-05
FILLER_0_323_1169, 537.14, 886.72, 8.72501e-05
FILLER_0_322_1197, 549.94, 886.72, 8.55577e-05
FILLER_0_323_1225, 562.74, 886.72, 8.38654e-05
FILLER_0_322_1253, 575.54, 886.72, 8.2173e-05
FILLER_0_321_1281, 601.14, 886.72, 7.87883e-05
FILLER_0_322_1309, 613.94, 886.72, 7.70959e-05
FILLER_0_321_1337, 626.74, 886.72, 7.54035e-05
FILLER_0_321_1393, 652.34, 886.72, 7.36366e-05
FILLER_0_322_1421, 665.14, 886.72, 7.35621e-05
FILLER_0_321_1449, 677.94, 886.72, 7.34877e-05
FILLER_0_322_1477, 690.74, 886.72, 7.34132e-05
FILLER_0_321_1505, 703.54, 886.72, 7.33387e-05
FILLER_0_322_1533, 716.34, 886.72, 7.32642e-05
FILLER_0_321_1561, 729.14, 886.72, 7.31897e-05
FILLER_0_322_1589, 741.94, 886.72, 7.31151e-05
FILLER_0_321_1617, 754.74, 886.72, 7.30406e-05
FILLER_0_322_1645, 767.54, 886.72, 7.2966e-05
FILLER_0_321_1673, 780.34, 886.72, 7.28915e-05
FILLER_0_321_1729, 805.94, 886.72, 7.28195e-05
FILLER_0_322_1757, 818.74, 886.72, 7.28222e-05
FILLER_0_321_1785, 831.54, 886.72, 7.28248e-05
FILLER_0_322_1813, 844.34, 886.72, 7.28274e-05
FILLER_0_321_1841, 857.14, 886.72, 7.28299e-05
FILLER_0_322_1869, 869.94, 886.72, 7.28325e-05
FILLER_0_321_1897, 882.74, 886.72, 7.28351e-05
FILLER_0_322_1925, 895.54, 886.72, 7.28376e-05
FILLER_0_321_1953, 908.34, 886.72, 7.28402e-05
FILLER_0_322_1981, 921.14, 886.72, 7.28427e-05
FILLER_0_321_2009, 933.94, 886.72, 7.28452e-05
FILLER_0_321_2065, 958.57, 886.72, 7.28478e-05
FILLER_0_322_2093, 970.4, 886.72, 7.28479e-05
FILLER_0_321_2121, 982.23, 886.72, 7.28479e-05
PHY_638, 5.52, 881.28, 0.000122955
PHY_640, 5.52, 881.28, 0.000122955
PHY_639, 994.06, 881.28, 7.25522e-05
PHY_641, 994.06, 881.28, 7.25522e-05
FILLER_0_319_2141, 994.06, 881.28, 7.25522e-05
FILLER_0_320_2137, 994.06, 881.28, 7.25522e-05
FILLER_0_320_77, 37.94, 881.28, 0.000122608
FILLER_0_321_105, 50.74, 881.28, 0.000122261
FILLER_0_320_133, 63.54, 881.28, 0.000121914
FILLER_0_321_161, 76.34, 881.28, 0.000121567
FILLER_0_320_189, 89.14, 881.28, 0.00012122
FILLER_0_321_217, 101.94, 881.28, 0.000120873
FILLER_0_320_245, 114.74, 881.28, 0.000120526
FILLER_0_321_273, 127.54, 881.28, 0.000120178
FILLER_0_320_301, 140.34, 881.28, 0.000119831
FILLER_0_321_329, 153.14, 881.28, 0.000119484
FILLER_0_320_357, 165.94, 881.28, 0.000119137
FILLER_0_320_413, 191.54, 881.28, 0.000118017
FILLER_0_321_441, 204.34, 881.28, 0.000117245
FILLER_0_320_469, 217.14, 881.28, 0.000116473
FILLER_0_321_497, 229.94, 881.28, 0.0001157
FILLER_0_320_525, 242.74, 881.28, 0.000114928
FILLER_0_321_553, 255.54, 881.28, 0.000114155
FILLER_0_320_581, 268.34, 881.28, 0.000113383
FILLER_0_321_609, 281.14, 881.28, 0.00011261
FILLER_0_320_637, 293.94, 881.28, 0.000111838
FILLER_0_321_665, 306.74, 881.28, 0.000111065
FILLER_0_320_693, 319.54, 881.28, 0.000110293
FILLER_0_320_749, 345.14, 881.28, 0.000108221
FILLER_0_321_777, 357.94, 881.28, 0.000106923
FILLER_0_320_805, 370.74, 881.28, 0.000105624
FILLER_0_321_833, 383.54, 881.28, 0.000104325
FILLER_0_320_861, 396.34, 881.28, 0.000103027
FILLER_0_321_889, 409.14, 881.28, 0.000101728
FILLER_0_320_917, 421.94, 881.28, 0.000100429
FILLER_0_321_945, 434.74, 881.28, 9.91307e-05
FILLER_0_320_973, 447.54, 881.28, 9.7832e-05
FILLER_0_321_1001, 460.34, 881.28, 9.65333e-05
FILLER_0_320_1029, 473.14, 881.28, 9.52346e-05
FILLER_0_320_1085, 498.74, 881.28, 9.21497e-05
FILLER_0_321_1113, 511.54, 881.28, 9.03634e-05
FILLER_0_320_1141, 524.34, 881.28, 8.85772e-05
FILLER_0_321_1169, 537.14, 881.28, 8.67909e-05
FILLER_0_320_1197, 549.94, 881.28, 8.50047e-05
FILLER_0_321_1225, 562.74, 881.28, 8.32184e-05
FILLER_0_320_1253, 575.54, 881.28, 8.14321e-05
FILLER_0_319_1281, 601.14, 881.28, 7.78595e-05
FILLER_0_320_1309, 613.94, 881.28, 7.60732e-05
FILLER_0_319_1337, 626.74, 881.28, 7.42869e-05
FILLER_0_319_1393, 652.34, 881.28, 7.24819e-05
FILLER_0_320_1421, 665.14, 881.28, 7.24632e-05
FILLER_0_319_1449, 677.94, 881.28, 7.24445e-05
FILLER_0_320_1477, 690.74, 881.28, 7.24258e-05
FILLER_0_319_1505, 703.54, 881.28, 7.24071e-05
FILLER_0_320_1533, 716.34, 881.28, 7.23884e-05
FILLER_0_319_1561, 729.14, 881.28, 7.23696e-05
FILLER_0_320_1589, 741.94, 881.28, 7.23509e-05
FILLER_0_319_1617, 754.74, 881.28, 7.23321e-05
FILLER_0_320_1645, 767.54, 881.28, 7.23133e-05
FILLER_0_319_1673, 780.34, 881.28, 7.22945e-05
FILLER_0_319_1729, 805.94, 881.28, 7.22988e-05
FILLER_0_320_1757, 818.74, 881.28, 7.23219e-05
FILLER_0_319_1785, 831.54, 881.28, 7.23449e-05
FILLER_0_320_1813, 844.34, 881.28, 7.2368e-05
FILLER_0_319_1841, 857.14, 881.28, 7.2391e-05
FILLER_0_320_1869, 869.94, 881.28, 7.24141e-05
FILLER_0_319_1897, 882.74, 881.28, 7.24371e-05
FILLER_0_320_1925, 895.54, 881.28, 7.24601e-05
FILLER_0_319_1953, 908.34, 881.28, 7.24831e-05
FILLER_0_320_1981, 921.14, 881.28, 7.25061e-05
FILLER_0_319_2009, 933.94, 881.28, 7.2529e-05
FILLER_0_319_2065, 958.57, 881.28, 7.25521e-05
FILLER_0_320_2093, 970.4, 881.28, 7.25521e-05
FILLER_0_319_2121, 982.23, 881.28, 7.25522e-05
PHY_634, 5.52, 875.84, 0.00012319
PHY_636, 5.52, 875.84, 0.00012319
PHY_635, 994.06, 875.84, 7.22571e-05
PHY_637, 994.06, 875.84, 7.22571e-05
FILLER_0_317_2141, 994.06, 875.84, 7.22571e-05
FILLER_0_318_2137, 994.06, 875.84, 7.22571e-05
FILLER_0_318_77, 37.94, 875.84, 0.000122846
FILLER_0_319_105, 50.74, 875.84, 0.000122503
FILLER_0_318_133, 63.54, 875.84, 0.000122159
FILLER_0_319_161, 76.34, 875.84, 0.000121815
FILLER_0_318_189, 89.14, 875.84, 0.000121471
FILLER_0_319_217, 101.94, 875.84, 0.000121128
FILLER_0_318_245, 114.74, 875.84, 0.000120784
FILLER_0_319_273, 127.54, 875.84, 0.00012044
FILLER_0_318_301, 140.34, 875.84, 0.000120096
FILLER_0_319_329, 153.14, 875.84, 0.000119753
FILLER_0_318_357, 165.94, 875.84, 0.000119409
FILLER_0_318_413, 191.54, 875.84, 0.000118292
FILLER_0_319_441, 204.34, 875.84, 0.00011752
FILLER_0_318_469, 217.14, 875.84, 0.000116747
FILLER_0_319_497, 229.94, 875.84, 0.000115975
FILLER_0_318_525, 242.74, 875.84, 0.000115202
FILLER_0_319_553, 255.54, 875.84, 0.000114429
FILLER_0_318_581, 268.34, 875.84, 0.000113657
FILLER_0_319_609, 281.14, 875.84, 0.000112884
FILLER_0_318_637, 293.94, 875.84, 0.000112112
FILLER_0_319_665, 306.74, 875.84, 0.000111339
FILLER_0_318_693, 319.54, 875.84, 0.000110566
FILLER_0_318_749, 345.14, 875.84, 0.000108467
FILLER_0_319_777, 357.94, 875.84, 0.00010714
FILLER_0_318_805, 370.74, 875.84, 0.000105813
FILLER_0_319_833, 383.54, 875.84, 0.000104486
FILLER_0_318_861, 396.34, 875.84, 0.000103159
FILLER_0_319_889, 409.14, 875.84, 0.000101832
FILLER_0_318_917, 421.94, 875.84, 0.000100505
FILLER_0_319_945, 434.74, 875.84, 9.91782e-05
FILLER_0_318_973, 447.54, 875.84, 9.78512e-05
FILLER_0_319_1001, 460.34, 875.84, 9.65242e-05
FILLER_0_318_1029, 473.14, 875.84, 9.51972e-05
FILLER_0_318_1085, 498.74, 875.84, 9.19824e-05
FILLER_0_319_1113, 511.54, 875.84, 9.00946e-05
FILLER_0_318_1141, 524.34, 875.84, 8.82067e-05
FILLER_0_319_1169, 537.14, 875.84, 8.63189e-05
FILLER_0_318_1197, 549.94, 875.84, 8.44311e-05
FILLER_0_319_1225, 562.74, 875.84, 8.25432e-05
FILLER_0_318_1253, 575.54, 875.84, 8.06553e-05
FILLER_0_317_1281, 601.14, 875.84, 7.68796e-05
FILLER_0_318_1309, 613.94, 875.84, 7.49917e-05
FILLER_0_317_1337, 626.74, 875.84, 7.31038e-05
FILLER_0_317_1393, 652.34, 875.84, 7.12587e-05
FILLER_0_318_1421, 665.14, 875.84, 7.13014e-05
FILLER_0_317_1449, 677.94, 875.84, 7.13442e-05
FILLER_0_318_1477, 690.74, 875.84, 7.13869e-05
FILLER_0_317_1505, 703.54, 875.84, 7.14297e-05
FILLER_0_318_1533, 716.34, 875.84, 7.14724e-05
FILLER_0_317_1561, 729.14, 875.84, 7.15151e-05
FILLER_0_318_1589, 741.94, 875.84, 7.15578e-05
FILLER_0_317_1617, 754.74, 875.84, 7.16005e-05
FILLER_0_318_1645, 767.54, 875.84, 7.16432e-05
FILLER_0_317_1673, 780.34, 875.84, 7.16859e-05
FILLER_0_317_1729, 805.94, 875.84, 7.17726e-05
FILLER_0_318_1757, 818.74, 875.84, 7.18167e-05
FILLER_0_317_1785, 831.54, 875.84, 7.18608e-05
FILLER_0_318_1813, 844.34, 875.84, 7.19048e-05
FILLER_0_317_1841, 857.14, 875.84, 7.19489e-05
FILLER_0_318_1869, 869.94, 875.84, 7.19929e-05
FILLER_0_317_1897, 882.74, 875.84, 7.2037e-05
FILLER_0_318_1925, 895.54, 875.84, 7.2081e-05
FILLER_0_317_1953, 908.34, 875.84, 7.2125e-05
FILLER_0_318_1981, 921.14, 875.84, 7.2169e-05
FILLER_0_317_2009, 933.94, 875.84, 7.2213e-05
FILLER_0_317_2065, 958.57, 875.84, 7.2257e-05
FILLER_0_318_2093, 970.4, 875.84, 7.22571e-05
FILLER_0_317_2121, 982.23, 875.84, 7.22571e-05
PHY_630, 5.52, 870.4, 0.000123442
PHY_632, 5.52, 870.4, 0.000123442
PHY_631, 994.06, 870.4, 7.19638e-05
PHY_633, 994.06, 870.4, 7.19638e-05
FILLER_0_315_2141, 994.06, 870.4, 7.19638e-05
FILLER_0_316_2137, 994.06, 870.4, 7.19638e-05
FILLER_0_316_77, 37.94, 870.4, 0.000123102
FILLER_0_317_105, 50.74, 870.4, 0.000122762
FILLER_0_316_133, 63.54, 870.4, 0.000122422
FILLER_0_317_161, 76.34, 870.4, 0.000122082
FILLER_0_316_189, 89.14, 870.4, 0.000121742
FILLER_0_317_217, 101.94, 870.4, 0.000121402
FILLER_0_316_245, 114.74, 870.4, 0.000121061
FILLER_0_317_273, 127.54, 870.4, 0.000120721
FILLER_0_316_301, 140.34, 870.4, 0.000120381
FILLER_0_317_329, 153.14, 870.4, 0.000120041
FILLER_0_316_357, 165.94, 870.4, 0.000119701
FILLER_0_316_413, 191.54, 870.4, 0.000118588
FILLER_0_317_441, 204.34, 870.4, 0.000117816
FILLER_0_316_469, 217.14, 870.4, 0.000117044
FILLER_0_317_497, 229.94, 870.4, 0.000116272
FILLER_0_316_525, 242.74, 870.4, 0.000115499
FILLER_0_317_553, 255.54, 870.4, 0.000114727
FILLER_0_316_581, 268.34, 870.4, 0.000113955
FILLER_0_317_609, 281.14, 870.4, 0.000113182
FILLER_0_316_637, 293.94, 870.4, 0.00011241
FILLER_0_317_665, 306.74, 870.4, 0.000111638
FILLER_0_316_693, 319.54, 870.4, 0.000110865
FILLER_0_316_749, 345.14, 870.4, 0.000108738
FILLER_0_317_777, 357.94, 870.4, 0.000107382
FILLER_0_316_805, 370.74, 870.4, 0.000106026
FILLER_0_317_833, 383.54, 870.4, 0.000104671
FILLER_0_316_861, 396.34, 870.4, 0.000103315
FILLER_0_317_889, 409.14, 870.4, 0.000101959
FILLER_0_316_917, 421.94, 870.4, 0.000100604
FILLER_0_317_945, 434.74, 870.4, 9.9248e-05
FILLER_0_316_973, 447.54, 870.4, 9.78923e-05
FILLER_0_317_1001, 460.34, 870.4, 9.65366e-05
FILLER_0_316_1029, 473.14, 870.4, 9.51808e-05
FILLER_0_316_1085, 498.74, 870.4, 9.18273e-05
FILLER_0_317_1113, 511.54, 870.4, 8.98294e-05
FILLER_0_316_1141, 524.34, 870.4, 8.78315e-05
FILLER_0_317_1169, 537.14, 870.4, 8.58336e-05
FILLER_0_316_1197, 549.94, 870.4, 8.38357e-05
FILLER_0_317_1225, 562.74, 870.4, 8.18378e-05
FILLER_0_316_1253, 575.54, 870.4, 7.98399e-05
FILLER_0_315_1281, 601.14, 870.4, 7.5844e-05
FILLER_0_316_1309, 613.94, 870.4, 7.38461e-05
FILLER_0_315_1337, 626.74, 870.4, 7.18481e-05
FILLER_0_315_1393, 652.34, 870.4, 6.99608e-05
FILLER_0_316_1421, 665.14, 870.4, 7.00714e-05
FILLER_0_315_1449, 677.94, 870.4, 7.0182e-05
FILLER_0_316_1477, 690.74, 870.4, 7.02925e-05
FILLER_0_315_1505, 703.54, 870.4, 7.04031e-05
FILLER_0_316_1533, 716.34, 870.4, 7.05136e-05
FILLER_0_315_1561, 729.14, 870.4, 7.06242e-05
FILLER_0_316_1589, 741.94, 870.4, 7.07347e-05
FILLER_0_315_1617, 754.74, 870.4, 7.08452e-05
FILLER_0_316_1645, 767.54, 870.4, 7.09557e-05
FILLER_0_315_1673, 780.34, 870.4, 7.10662e-05
FILLER_0_315_1729, 805.94, 870.4, 7.12423e-05
FILLER_0_316_1757, 818.74, 870.4, 7.1308e-05
FILLER_0_315_1785, 831.54, 870.4, 7.13736e-05
FILLER_0_316_1813, 844.34, 870.4, 7.14392e-05
FILLER_0_315_1841, 857.14, 870.4, 7.15047e-05
FILLER_0_316_1869, 869.94, 870.4, 7.15703e-05
FILLER_0_315_1897, 882.74, 870.4, 7.16359e-05
FILLER_0_316_1925, 895.54, 870.4, 7.17014e-05
FILLER_0_315_1953, 908.34, 870.4, 7.1767e-05
FILLER_0_316_1981, 921.14, 870.4, 7.18325e-05
FILLER_0_315_2009, 933.94, 870.4, 7.1898e-05
FILLER_0_315_2065, 958.57, 870.4, 7.19636e-05
FILLER_0_316_2093, 970.4, 870.4, 7.19637e-05
FILLER_0_315_2121, 982.23, 870.4, 7.19637e-05
PHY_626, 5.52, 864.96, 0.00012371
PHY_628, 5.52, 864.96, 0.00012371
PHY_627, 994.06, 864.96, 7.16731e-05
PHY_629, 994.06, 864.96, 7.16731e-05
FILLER_0_313_2141, 994.06, 864.96, 7.16731e-05
FILLER_0_314_2137, 994.06, 864.96, 7.16731e-05
FILLER_0_314_77, 37.94, 864.96, 0.000123374
FILLER_0_315_105, 50.74, 864.96, 0.000123038
FILLER_0_314_133, 63.54, 864.96, 0.000122702
FILLER_0_315_161, 76.34, 864.96, 0.000122366
FILLER_0_314_189, 89.14, 864.96, 0.00012203
FILLER_0_315_217, 101.94, 864.96, 0.000121694
FILLER_0_314_245, 114.74, 864.96, 0.000121358
FILLER_0_315_273, 127.54, 864.96, 0.000121022
FILLER_0_314_301, 140.34, 864.96, 0.000120686
FILLER_0_315_329, 153.14, 864.96, 0.00012035
FILLER_0_314_357, 165.94, 864.96, 0.000120013
FILLER_0_314_413, 191.54, 864.96, 0.000118906
FILLER_0_315_441, 204.34, 864.96, 0.000118134
FILLER_0_314_469, 217.14, 864.96, 0.000117363
FILLER_0_315_497, 229.94, 864.96, 0.000116592
FILLER_0_314_525, 242.74, 864.96, 0.00011582
FILLER_0_315_553, 255.54, 864.96, 0.000115049
FILLER_0_314_581, 268.34, 864.96, 0.000114277
FILLER_0_315_609, 281.14, 864.96, 0.000113506
FILLER_0_314_637, 293.94, 864.96, 0.000112734
FILLER_0_315_665, 306.74, 864.96, 0.000111963
FILLER_0_314_693, 319.54, 864.96, 0.000111191
FILLER_0_314_749, 345.14, 864.96, 0.000109035
FILLER_0_315_777, 357.94, 864.96, 0.000107651
FILLER_0_314_805, 370.74, 864.96, 0.000106266
FILLER_0_315_833, 383.54, 864.96, 0.000104881
FILLER_0_314_861, 396.34, 864.96, 0.000103497
FILLER_0_315_889, 409.14, 864.96, 0.000102112
FILLER_0_314_917, 421.94, 864.96, 0.000100727
FILLER_0_315_945, 434.74, 864.96, 9.93427e-05
FILLER_0_314_973, 447.54, 864.96, 9.7958e-05
FILLER_0_315_1001, 460.34, 864.96, 9.65732e-05
FILLER_0_314_1029, 473.14, 864.96, 9.51885e-05
FILLER_0_314_1085, 498.74, 864.96, 9.16865e-05
FILLER_0_315_1113, 511.54, 864.96, 8.95693e-05
FILLER_0_314_1141, 524.34, 864.96, 8.7452e-05
FILLER_0_315_1169, 537.14, 864.96, 8.53347e-05
FILLER_0_314_1197, 549.94, 864.96, 8.32175e-05
FILLER_0_315_1225, 562.74, 864.96, 8.11002e-05
FILLER_0_314_1253, 575.54, 864.96, 7.89829e-05
FILLER_0_313_1281, 601.14, 864.96, 7.47482e-05
FILLER_0_314_1309, 613.94, 864.96, 7.26309e-05
FILLER_0_313_1337, 626.74, 864.96, 7.05136e-05
FILLER_0_313_1393, 652.34, 864.96, 6.85817e-05
FILLER_0_314_1421, 665.14, 864.96, 6.87673e-05
FILLER_0_313_1449, 677.94, 864.96, 6.89528e-05
FILLER_0_314_1477, 690.74, 864.96, 6.91383e-05
FILLER_0_313_1505, 703.54, 864.96, 6.93238e-05
FILLER_0_314_1533, 716.34, 864.96, 6.95092e-05
FILLER_0_313_1561, 729.14, 864.96, 6.96947e-05
FILLER_0_314_1589, 741.94, 864.96, 6.98802e-05
FILLER_0_313_1617, 754.74, 864.96, 7.00656e-05
FILLER_0_314_1645, 767.54, 864.96, 7.0251e-05
FILLER_0_313_1673, 780.34, 864.96, 7.04364e-05
FILLER_0_313_1729, 805.94, 864.96, 7.07095e-05
FILLER_0_314_1757, 818.74, 864.96, 7.07971e-05
FILLER_0_313_1785, 831.54, 864.96, 7.08848e-05
FILLER_0_314_1813, 844.34, 864.96, 7.09724e-05
FILLER_0_313_1841, 857.14, 864.96, 7.106e-05
FILLER_0_314_1869, 869.94, 864.96, 7.11476e-05
FILLER_0_313_1897, 882.74, 864.96, 7.12352e-05
FILLER_0_314_1925, 895.54, 864.96, 7.13227e-05
FILLER_0_313_1953, 908.34, 864.96, 7.14103e-05
FILLER_0_314_1981, 921.14, 864.96, 7.14978e-05
FILLER_0_313_2009, 933.94, 864.96, 7.15854e-05
FILLER_0_313_2065, 958.57, 864.96, 7.1673e-05
FILLER_0_314_2093, 970.4, 864.96, 7.1673e-05
FILLER_0_313_2121, 982.23, 864.96, 7.16731e-05
PHY_622, 5.52, 859.52, 0.000123995
PHY_624, 5.52, 859.52, 0.000123995
PHY_623, 994.06, 859.52, 7.13864e-05
PHY_625, 994.06, 859.52, 7.13864e-05
FILLER_0_311_2141, 994.06, 859.52, 7.13864e-05
FILLER_0_312_2137, 994.06, 859.52, 7.13864e-05
FILLER_0_312_77, 37.94, 859.52, 0.000123664
FILLER_0_313_105, 50.74, 859.52, 0.000123332
FILLER_0_312_133, 63.54, 859.52, 0.000123
FILLER_0_313_161, 76.34, 859.52, 0.000122669
FILLER_0_312_189, 89.14, 859.52, 0.000122337
FILLER_0_313_217, 101.94, 859.52, 0.000122005
FILLER_0_312_245, 114.74, 859.52, 0.000121674
FILLER_0_313_273, 127.54, 859.52, 0.000121342
FILLER_0_312_301, 140.34, 859.52, 0.00012101
FILLER_0_313_329, 153.14, 859.52, 0.000120678
FILLER_0_312_357, 165.94, 859.52, 0.000120347
FILLER_0_312_413, 191.54, 859.52, 0.000119245
FILLER_0_313_441, 204.34, 859.52, 0.000118475
FILLER_0_312_469, 217.14, 859.52, 0.000117705
FILLER_0_313_497, 229.94, 859.52, 0.000116935
FILLER_0_312_525, 242.74, 859.52, 0.000116165
FILLER_0_313_553, 255.54, 859.52, 0.000115395
FILLER_0_312_581, 268.34, 859.52, 0.000114625
FILLER_0_313_609, 281.14, 859.52, 0.000113855
FILLER_0_312_637, 293.94, 859.52, 0.000113086
FILLER_0_313_665, 306.74, 859.52, 0.000112316
FILLER_0_312_693, 319.54, 859.52, 0.000111546
FILLER_0_312_749, 345.14, 859.52, 0.000109362
FILLER_0_313_777, 357.94, 859.52, 0.000107948
FILLER_0_312_805, 370.74, 859.52, 0.000106534
FILLER_0_313_833, 383.54, 859.52, 0.00010512
FILLER_0_312_861, 396.34, 859.52, 0.000103707
FILLER_0_313_889, 409.14, 859.52, 0.000102293
FILLER_0_312_917, 421.94, 859.52, 0.000100879
FILLER_0_313_945, 434.74, 859.52, 9.94651e-05
FILLER_0_312_973, 447.54, 859.52, 9.80512e-05
FILLER_0_313_1001, 460.34, 859.52, 9.66374e-05
FILLER_0_312_1029, 473.14, 859.52, 9.52235e-05
FILLER_0_312_1085, 498.74, 859.52, 9.15627e-05
FILLER_0_313_1113, 511.54, 859.52, 8.93158e-05
FILLER_0_312_1141, 524.34, 859.52, 8.70689e-05
FILLER_0_313_1169, 537.14, 859.52, 8.48219e-05
FILLER_0_312_1197, 549.94, 859.52, 8.2575e-05
FILLER_0_313_1225, 562.74, 859.52, 8.0328e-05
FILLER_0_312_1253, 575.54, 859.52, 7.80811e-05
FILLER_0_311_1281, 601.14, 859.52, 7.35871e-05
FILLER_0_312_1309, 613.94, 859.52, 7.13401e-05
FILLER_0_311_1337, 626.74, 859.52, 6.90931e-05
FILLER_0_311_1393, 652.34, 859.52, 6.71145e-05
FILLER_0_312_1421, 665.14, 859.52, 6.73828e-05
FILLER_0_311_1449, 677.94, 859.52, 6.76512e-05
FILLER_0_312_1477, 690.74, 859.52, 6.79195e-05
FILLER_0_311_1505, 703.54, 859.52, 6.81878e-05
FILLER_0_312_1533, 716.34, 859.52, 6.84562e-05
FILLER_0_311_1561, 729.14, 859.52, 6.87245e-05
FILLER_0_312_1589, 741.94, 859.52, 6.89928e-05
FILLER_0_311_1617, 754.74, 859.52, 6.9261e-05
FILLER_0_312_1645, 767.54, 859.52, 6.95293e-05
FILLER_0_311_1673, 780.34, 859.52, 6.97976e-05
FILLER_0_311_1729, 805.94, 859.52, 7.01759e-05
FILLER_0_312_1757, 818.74, 859.52, 7.0286e-05
FILLER_0_311_1785, 831.54, 859.52, 7.03961e-05
FILLER_0_312_1813, 844.34, 859.52, 7.05061e-05
FILLER_0_311_1841, 857.14, 859.52, 7.06162e-05
FILLER_0_312_1869, 869.94, 859.52, 7.07262e-05
FILLER_0_311_1897, 882.74, 859.52, 7.08362e-05
FILLER_0_312_1925, 895.54, 859.52, 7.09462e-05
FILLER_0_311_1953, 908.34, 859.52, 7.10562e-05
FILLER_0_312_1981, 921.14, 859.52, 7.11662e-05
FILLER_0_311_2009, 933.94, 859.52, 7.12762e-05
FILLER_0_311_2065, 958.57, 859.52, 7.13862e-05
FILLER_0_312_2093, 970.4, 859.52, 7.13863e-05
FILLER_0_311_2121, 982.23, 859.52, 7.13863e-05
PHY_618, 5.52, 854.08, 0.000150701
PHY_620, 5.52, 854.08, 0.000150701
input8, 5.52, 854.08, 0.000150701
PHY_619, 994.06, 854.08, 7.11046e-05
PHY_621, 994.06, 854.08, 7.11046e-05
FILLER_0_309_2141, 994.06, 854.08, 7.11046e-05
FILLER_0_310_2137, 994.06, 854.08, 7.11046e-05
FILLER_0_310_77, 37.94, 854.08, 0.000131865
FILLER_0_311_105, 50.74, 854.08, 0.000130865
FILLER_0_310_133, 63.54, 854.08, 0.000129866
FILLER_0_311_161, 76.34, 854.08, 0.000128866
FILLER_0_310_189, 89.14, 854.08, 0.000127867
FILLER_0_311_217, 101.94, 854.08, 0.000126867
FILLER_0_310_245, 114.74, 854.08, 0.000125867
FILLER_0_311_273, 127.54, 854.08, 0.000124868
FILLER_0_310_301, 140.34, 854.08, 0.000123868
FILLER_0_311_329, 153.14, 854.08, 0.000122868
FILLER_0_310_357, 165.94, 854.08, 0.000121869
FILLER_0_310_413, 191.54, 854.08, 0.000120063
FILLER_0_311_441, 204.34, 854.08, 0.000119256
FILLER_0_310_469, 217.14, 854.08, 0.000118449
FILLER_0_311_497, 229.94, 854.08, 0.000117643
FILLER_0_310_525, 242.74, 854.08, 0.000116836
FILLER_0_311_553, 255.54, 854.08, 0.00011603
FILLER_0_310_581, 268.34, 854.08, 0.000115223
FILLER_0_311_609, 281.14, 854.08, 0.000114417
FILLER_0_310_637, 293.94, 854.08, 0.00011361
FILLER_0_311_665, 306.74, 854.08, 0.000112803
FILLER_0_310_693, 319.54, 854.08, 0.000111997
FILLER_0_310_749, 345.14, 854.08, 0.000109745
FILLER_0_311_777, 357.94, 854.08, 0.0001083
FILLER_0_310_805, 370.74, 854.08, 0.000106855
FILLER_0_311_833, 383.54, 854.08, 0.00010541
FILLER_0_310_861, 396.34, 854.08, 0.000103964
FILLER_0_311_889, 409.14, 854.08, 0.000102519
FILLER_0_310_917, 421.94, 854.08, 0.000101074
FILLER_0_311_945, 434.74, 854.08, 9.9629e-05
FILLER_0_310_973, 447.54, 854.08, 9.81838e-05
FILLER_0_311_1001, 460.34, 854.08, 9.67386e-05
FILLER_0_310_1029, 473.14, 854.08, 9.52934e-05
FILLER_0_310_1085, 498.74, 854.08, 9.14601e-05
FILLER_0_311_1113, 511.54, 854.08, 8.90721e-05
FILLER_0_310_1141, 524.34, 854.08, 8.6684e-05
FILLER_0_311_1169, 537.14, 854.08, 8.4296e-05
FILLER_0_310_1197, 549.94, 854.08, 8.19079e-05
FILLER_0_311_1225, 562.74, 854.08, 7.95199e-05
FILLER_0_310_1253, 575.54, 854.08, 7.71318e-05
FILLER_0_309_1281, 601.14, 854.08, 7.23556e-05
FILLER_0_310_1309, 613.94, 854.08, 6.99675e-05
FILLER_0_309_1337, 626.74, 854.08, 6.75793e-05
FILLER_0_309_1393, 652.34, 854.08, 6.55512e-05
FILLER_0_310_1421, 665.14, 854.08, 6.59112e-05
FILLER_0_309_1449, 677.94, 854.08, 6.62712e-05
FILLER_0_310_1477, 690.74, 854.08, 6.66312e-05
FILLER_0_309_1505, 703.54, 854.08, 6.69912e-05
FILLER_0_310_1533, 716.34, 854.08, 6.73512e-05
FILLER_0_309_1561, 729.14, 854.08, 6.77111e-05
FILLER_0_310_1589, 741.94, 854.08, 6.80711e-05
FILLER_0_309_1617, 754.74, 854.08, 6.8431e-05
FILLER_0_310_1645, 767.54, 854.08, 6.8791e-05
FILLER_0_309_1673, 780.34, 854.08, 6.91509e-05
FILLER_0_309_1729, 805.94, 854.08, 6.96436e-05
FILLER_0_310_1757, 818.74, 854.08, 6.97765e-05
FILLER_0_309_1785, 831.54, 854.08, 6.99093e-05
FILLER_0_310_1813, 844.34, 854.08, 7.00422e-05
FILLER_0_309_1841, 857.14, 854.08, 7.0175e-05
FILLER_0_310_1869, 869.94, 854.08, 7.03078e-05
FILLER_0_309_1897, 882.74, 854.08, 7.04406e-05
FILLER_0_310_1925, 895.54, 854.08, 7.05734e-05
FILLER_0_309_1953, 908.34, 854.08, 7.07061e-05
FILLER_0_310_1981, 921.14, 854.08, 7.08389e-05
FILLER_0_309_2009, 933.94, 854.08, 7.09717e-05
FILLER_0_309_2065, 958.57, 854.08, 7.11045e-05
FILLER_0_310_2093, 970.4, 854.08, 7.11045e-05
FILLER_0_309_2121, 982.23, 854.08, 7.11046e-05
PHY_614, 5.52, 848.64, 0.000124117
PHY_616, 5.52, 848.64, 0.000124117
PHY_615, 994.06, 848.64, 7.0829e-05
PHY_617, 994.06, 848.64, 7.0829e-05
FILLER_0_307_2141, 994.06, 848.64, 7.0829e-05
FILLER_0_308_2137, 994.06, 848.64, 7.0829e-05
FILLER_0_308_77, 37.94, 848.64, 0.000123832
FILLER_0_309_105, 50.74, 848.64, 0.000123547
FILLER_0_308_133, 63.54, 848.64, 0.000123262
FILLER_0_309_161, 76.34, 848.64, 0.000122977
FILLER_0_308_189, 89.14, 848.64, 0.000122693
FILLER_0_309_217, 101.94, 848.64, 0.000122408
FILLER_0_308_245, 114.74, 848.64, 0.000122123
FILLER_0_309_273, 127.54, 848.64, 0.000121838
FILLER_0_308_301, 140.34, 848.64, 0.000121553
FILLER_0_309_329, 153.14, 848.64, 0.000121268
FILLER_0_308_357, 165.94, 848.64, 0.000120983
FILLER_0_308_413, 191.54, 848.64, 0.000119938
FILLER_0_309_441, 204.34, 848.64, 0.000119178
FILLER_0_308_469, 217.14, 848.64, 0.000118418
FILLER_0_309_497, 229.94, 848.64, 0.000117657
FILLER_0_308_525, 242.74, 848.64, 0.000116897
FILLER_0_309_553, 255.54, 848.64, 0.000116137
FILLER_0_308_581, 268.34, 848.64, 0.000115376
FILLER_0_309_609, 281.14, 848.64, 0.000114616
FILLER_0_308_637, 293.94, 848.64, 0.000113856
FILLER_0_309_665, 306.74, 848.64, 0.000113095
FILLER_0_308_693, 319.54, 848.64, 0.000112335
FILLER_0_308_749, 345.14, 848.64, 0.000110103
FILLER_0_309_777, 357.94, 848.64, 0.000108632
FILLER_0_308_805, 370.74, 848.64, 0.000107161
FILLER_0_309_833, 383.54, 848.64, 0.000105689
FILLER_0_308_861, 396.34, 848.64, 0.000104218
FILLER_0_309_889, 409.14, 848.64, 0.000102747
FILLER_0_308_917, 421.94, 848.64, 0.000101275
FILLER_0_309_945, 434.74, 848.64, 9.98039e-05
FILLER_0_308_973, 447.54, 848.64, 9.83325e-05
FILLER_0_309_1001, 460.34, 848.64, 9.68611e-05
FILLER_0_308_1029, 473.14, 848.64, 9.53897e-05
FILLER_0_308_1085, 498.74, 848.64, 9.1377e-05
FILLER_0_309_1113, 511.54, 848.64, 8.88357e-05
FILLER_0_308_1141, 524.34, 848.64, 8.62943e-05
FILLER_0_309_1169, 537.14, 848.64, 8.3753e-05
FILLER_0_308_1197, 549.94, 848.64, 8.12116e-05
FILLER_0_309_1225, 562.74, 848.64, 7.86702e-05
FILLER_0_308_1253, 575.54, 848.64, 7.61288e-05
FILLER_0_307_1281, 601.14, 848.64, 7.1046e-05
FILLER_0_308_1309, 613.94, 848.64, 6.85046e-05
FILLER_0_307_1337, 626.74, 848.64, 6.59632e-05
FILLER_0_307_1393, 652.34, 848.64, 6.38833e-05
FILLER_0_308_1421, 665.14, 848.64, 6.43448e-05
FILLER_0_307_1449, 677.94, 848.64, 6.48063e-05
FILLER_0_308_1477, 690.74, 848.64, 6.52677e-05
FILLER_0_307_1505, 703.54, 848.64, 6.57292e-05
FILLER_0_308_1533, 716.34, 848.64, 6.61906e-05
FILLER_0_307_1561, 729.14, 848.64, 6.66521e-05
FILLER_0_308_1589, 741.94, 848.64, 6.71135e-05
FILLER_0_307_1617, 754.74, 848.64, 6.75749e-05
FILLER_0_308_1645, 767.54, 848.64, 6.80363e-05
FILLER_0_307_1673, 780.34, 848.64, 6.84977e-05
FILLER_0_307_1729, 805.94, 848.64, 6.9115e-05
FILLER_0_308_1757, 818.74, 848.64, 6.92708e-05
FILLER_0_307_1785, 831.54, 848.64, 6.94267e-05
FILLER_0_308_1813, 844.34, 848.64, 6.95825e-05
FILLER_0_307_1841, 857.14, 848.64, 6.97383e-05
FILLER_0_308_1869, 869.94, 848.64, 6.98942e-05
FILLER_0_307_1897, 882.74, 848.64, 7.005e-05
FILLER_0_308_1925, 895.54, 848.64, 7.02058e-05
FILLER_0_307_1953, 908.34, 848.64, 7.03615e-05
FILLER_0_308_1981, 921.14, 848.64, 7.05173e-05
FILLER_0_307_2009, 933.94, 848.64, 7.06731e-05
FILLER_0_307_2065, 958.57, 848.64, 7.08289e-05
FILLER_0_308_2093, 970.4, 848.64, 7.0829e-05
FILLER_0_307_2121, 982.23, 848.64, 7.0829e-05
PHY_610, 5.52, 843.2, 0.000123951
PHY_612, 5.52, 843.2, 0.000123951
PHY_611, 994.06, 843.2, 7.05608e-05
PHY_613, 994.06, 843.2, 7.05608e-05
FILLER_0_305_2141, 994.06, 843.2, 7.05608e-05
FILLER_0_306_2137, 994.06, 843.2, 7.05608e-05
FILLER_0_306_77, 37.94, 843.2, 0.000123709
FILLER_0_307_105, 50.74, 843.2, 0.000123467
FILLER_0_306_133, 63.54, 843.2, 0.000123225
FILLER_0_307_161, 76.34, 843.2, 0.000122983
FILLER_0_306_189, 89.14, 843.2, 0.000122741
FILLER_0_307_217, 101.94, 843.2, 0.000122499
FILLER_0_306_245, 114.74, 843.2, 0.000122257
FILLER_0_307_273, 127.54, 843.2, 0.000122014
FILLER_0_306_301, 140.34, 843.2, 0.000121772
FILLER_0_307_329, 153.14, 843.2, 0.00012153
FILLER_0_306_357, 165.94, 843.2, 0.000121288
FILLER_0_306_413, 191.54, 843.2, 0.000120294
FILLER_0_307_441, 204.34, 843.2, 0.000119542
FILLER_0_306_469, 217.14, 843.2, 0.00011879
FILLER_0_307_497, 229.94, 843.2, 0.000118038
FILLER_0_306_525, 242.74, 843.2, 0.000117286
FILLER_0_307_553, 255.54, 843.2, 0.000116534
FILLER_0_306_581, 268.34, 843.2, 0.000115782
FILLER_0_307_609, 281.14, 843.2, 0.00011503
FILLER_0_306_637, 293.94, 843.2, 0.000114278
FILLER_0_307_665, 306.74, 843.2, 0.000113526
FILLER_0_306_693, 319.54, 843.2, 0.000112773
FILLER_0_306_749, 345.14, 843.2, 0.000110522
FILLER_0_307_777, 357.94, 843.2, 0.000109023
FILLER_0_306_805, 370.74, 843.2, 0.000107524
FILLER_0_307_833, 383.54, 843.2, 0.000106024
FILLER_0_306_861, 396.34, 843.2, 0.000104525
FILLER_0_307_889, 409.14, 843.2, 0.000103026
FILLER_0_306_917, 421.94, 843.2, 0.000101527
FILLER_0_307_945, 434.74, 843.2, 0.000100027
FILLER_0_306_973, 447.54, 843.2, 9.85282e-05
FILLER_0_307_1001, 460.34, 843.2, 9.70289e-05
FILLER_0_306_1029, 473.14, 843.2, 9.55296e-05
FILLER_0_306_1085, 498.74, 843.2, 9.13218e-05
FILLER_0_307_1113, 511.54, 843.2, 8.86133e-05
FILLER_0_306_1141, 524.34, 843.2, 8.59048e-05
FILLER_0_307_1169, 537.14, 843.2, 8.31963e-05
FILLER_0_306_1197, 549.94, 843.2, 8.04878e-05
FILLER_0_307_1225, 562.74, 843.2, 7.77792e-05
FILLER_0_306_1253, 575.54, 843.2, 7.50707e-05
FILLER_0_305_1281, 601.14, 843.2, 6.96535e-05
FILLER_0_306_1309, 613.94, 843.2, 6.69449e-05
FILLER_0_305_1337, 626.74, 843.2, 6.42364e-05
FILLER_0_305_1393, 652.34, 843.2, 6.21016e-05
FILLER_0_306_1421, 665.14, 843.2, 6.26755e-05
FILLER_0_305_1449, 677.94, 843.2, 6.32494e-05
FILLER_0_306_1477, 690.74, 843.2, 6.38232e-05
FILLER_0_305_1505, 703.54, 843.2, 6.43971e-05
FILLER_0_306_1533, 716.34, 843.2, 6.49709e-05
FILLER_0_305_1561, 729.14, 843.2, 6.55447e-05
FILLER_0_306_1589, 741.94, 843.2, 6.61185e-05
FILLER_0_305_1617, 754.74, 843.2, 6.66923e-05
FILLER_0_306_1645, 767.54, 843.2, 6.72661e-05
FILLER_0_305_1673, 780.34, 843.2, 6.78399e-05
FILLER_0_305_1729, 805.94, 843.2, 6.85926e-05
FILLER_0_306_1757, 818.74, 843.2, 6.87716e-05
FILLER_0_305_1785, 831.54, 843.2, 6.89505e-05
FILLER_0_306_1813, 844.34, 843.2, 6.91295e-05
FILLER_0_305_1841, 857.14, 843.2, 6.93084e-05
FILLER_0_306_1869, 869.94, 843.2, 6.94873e-05
FILLER_0_305_1897, 882.74, 843.2, 6.96662e-05
FILLER_0_306_1925, 895.54, 843.2, 6.98451e-05
FILLER_0_305_1953, 908.34, 843.2, 7.0024e-05
FILLER_0_306_1981, 921.14, 843.2, 7.02029e-05
FILLER_0_305_2009, 933.94, 843.2, 7.03818e-05
FILLER_0_305_2065, 958.57, 843.2, 7.05607e-05
FILLER_0_306_2093, 970.4, 843.2, 7.05608e-05
FILLER_0_305_2121, 982.23, 843.2, 7.05608e-05
PHY_606, 5.52, 837.76, 0.000123798
PHY_608, 5.52, 837.76, 0.000123798
PHY_607, 994.06, 837.76, 7.03013e-05
PHY_609, 994.06, 837.76, 7.03013e-05
FILLER_0_303_2141, 994.06, 837.76, 7.03013e-05
FILLER_0_304_2137, 994.06, 837.76, 7.03013e-05
FILLER_0_304_77, 37.94, 837.76, 0.0001236
FILLER_0_305_105, 50.74, 837.76, 0.000123401
FILLER_0_304_133, 63.54, 837.76, 0.000123203
FILLER_0_305_161, 76.34, 837.76, 0.000123005
FILLER_0_304_189, 89.14, 837.76, 0.000122806
FILLER_0_305_217, 101.94, 837.76, 0.000122608
FILLER_0_304_245, 114.74, 837.76, 0.00012241
FILLER_0_305_273, 127.54, 837.76, 0.000122211
FILLER_0_304_301, 140.34, 837.76, 0.000122013
FILLER_0_305_329, 153.14, 837.76, 0.000121814
FILLER_0_304_357, 165.94, 837.76, 0.000121616
FILLER_0_304_413, 191.54, 837.76, 0.000120675
FILLER_0_305_441, 204.34, 837.76, 0.000119932
FILLER_0_304_469, 217.14, 837.76, 0.000119189
FILLER_0_305_497, 229.94, 837.76, 0.000118447
FILLER_0_304_525, 242.74, 837.76, 0.000117704
FILLER_0_305_553, 255.54, 837.76, 0.000116961
FILLER_0_304_581, 268.34, 837.76, 0.000116218
FILLER_0_305_609, 281.14, 837.76, 0.000115475
FILLER_0_304_637, 293.94, 837.76, 0.000114732
FILLER_0_305_665, 306.74, 837.76, 0.00011399
FILLER_0_304_693, 319.54, 837.76, 0.000113247
FILLER_0_304_749, 345.14, 837.76, 0.000110978
FILLER_0_305_777, 357.94, 837.76, 0.000109451
FILLER_0_304_805, 370.74, 837.76, 0.000107925
FILLER_0_305_833, 383.54, 837.76, 0.000106399
FILLER_0_304_861, 396.34, 837.76, 0.000104872
FILLER_0_305_889, 409.14, 837.76, 0.000103346
FILLER_0_304_917, 421.94, 837.76, 0.00010182
FILLER_0_305_945, 434.74, 837.76, 0.000100293
FILLER_0_304_973, 447.54, 837.76, 9.8767e-05
FILLER_0_305_1001, 460.34, 837.76, 9.72406e-05
FILLER_0_304_1029, 473.14, 837.76, 9.57142e-05
FILLER_0_304_1085, 498.74, 837.76, 9.1297e-05
FILLER_0_305_1113, 511.54, 837.76, 8.84062e-05
FILLER_0_304_1141, 524.34, 837.76, 8.55154e-05
FILLER_0_305_1169, 537.14, 837.76, 8.26246e-05
FILLER_0_304_1197, 549.94, 837.76, 7.97337e-05
FILLER_0_305_1225, 562.74, 837.76, 7.68429e-05
FILLER_0_304_1253, 575.54, 837.76, 7.39521e-05
FILLER_0_303_1281, 601.14, 837.76, 6.81703e-05
FILLER_0_304_1309, 613.94, 837.76, 6.52794e-05
FILLER_0_303_1337, 626.74, 837.76, 6.23886e-05
FILLER_0_303_1393, 652.34, 837.76, 6.0196e-05
FILLER_0_304_1421, 665.14, 837.76, 6.08944e-05
FILLER_0_303_1449, 677.94, 837.76, 6.15928e-05
FILLER_0_304_1477, 690.74, 837.76, 6.22911e-05
FILLER_0_303_1505, 703.54, 837.76, 6.29895e-05
FILLER_0_304_1533, 716.34, 837.76, 6.36878e-05
FILLER_0_303_1561, 729.14, 837.76, 6.43861e-05
FILLER_0_304_1589, 741.94, 837.76, 6.50844e-05
FILLER_0_303_1617, 754.74, 837.76, 6.57827e-05
FILLER_0_304_1645, 767.54, 837.76, 6.6481e-05
FILLER_0_303_1673, 780.34, 837.76, 6.71793e-05
FILLER_0_303_1729, 805.94, 837.76, 6.80796e-05
FILLER_0_304_1757, 818.74, 837.76, 6.82816e-05
FILLER_0_303_1785, 831.54, 837.76, 6.84836e-05
FILLER_0_304_1813, 844.34, 837.76, 6.86856e-05
FILLER_0_303_1841, 857.14, 837.76, 6.88875e-05
FILLER_0_304_1869, 869.94, 837.76, 6.90895e-05
FILLER_0_303_1897, 882.74, 837.76, 6.92915e-05
FILLER_0_304_1925, 895.54, 837.76, 6.94934e-05
FILLER_0_303_1953, 908.34, 837.76, 6.96953e-05
FILLER_0_304_1981, 921.14, 837.76, 6.98972e-05
FILLER_0_303_2009, 933.94, 837.76, 7.00992e-05
FILLER_0_303_2065, 958.57, 837.76, 7.03011e-05
FILLER_0_304_2093, 970.4, 837.76, 7.03012e-05
FILLER_0_303_2121, 982.23, 837.76, 7.03012e-05
PHY_602, 5.52, 832.32, 0.000123655
PHY_604, 5.52, 832.32, 0.000123655
PHY_603, 994.06, 832.32, 7.00516e-05
PHY_605, 994.06, 832.32, 7.00516e-05
FILLER_0_301_2141, 994.06, 832.32, 7.00516e-05
FILLER_0_302_2137, 994.06, 832.32, 7.00516e-05
FILLER_0_302_77, 37.94, 832.32, 0.000123502
FILLER_0_303_105, 50.74, 832.32, 0.000123349
FILLER_0_302_133, 63.54, 832.32, 0.000123195
FILLER_0_303_161, 76.34, 832.32, 0.000123042
FILLER_0_302_189, 89.14, 832.32, 0.000122889
FILLER_0_303_217, 101.94, 832.32, 0.000122736
FILLER_0_302_245, 114.74, 832.32, 0.000122582
FILLER_0_303_273, 127.54, 832.32, 0.000122429
FILLER_0_302_301, 140.34, 832.32, 0.000122276
FILLER_0_303_329, 153.14, 832.32, 0.000122122
FILLER_0_302_357, 165.94, 832.32, 0.000121969
FILLER_0_302_413, 191.54, 832.32, 0.000121083
FILLER_0_303_441, 204.34, 832.32, 0.00012035
FILLER_0_302_469, 217.14, 832.32, 0.000119618
FILLER_0_303_497, 229.94, 832.32, 0.000118885
FILLER_0_302_525, 242.74, 832.32, 0.000118153
FILLER_0_303_553, 255.54, 832.32, 0.00011742
FILLER_0_302_581, 268.34, 832.32, 0.000116687
FILLER_0_303_609, 281.14, 832.32, 0.000115955
FILLER_0_302_637, 293.94, 832.32, 0.000115222
FILLER_0_303_665, 306.74, 832.32, 0.000114489
FILLER_0_302_693, 319.54, 832.32, 0.000113757
FILLER_0_302_749, 345.14, 832.32, 0.000111472
FILLER_0_303_777, 357.94, 832.32, 0.00010992
FILLER_0_302_805, 370.74, 832.32, 0.000108367
FILLER_0_303_833, 383.54, 832.32, 0.000106815
FILLER_0_302_861, 396.34, 832.32, 0.000105263
FILLER_0_303_889, 409.14, 832.32, 0.000103711
FILLER_0_302_917, 421.94, 832.32, 0.000102158
FILLER_0_303_945, 434.74, 832.32, 0.000100606
FILLER_0_302_973, 447.54, 832.32, 9.90538e-05
FILLER_0_303_1001, 460.34, 832.32, 9.75014e-05
FILLER_0_302_1029, 473.14, 832.32, 9.59491e-05
FILLER_0_302_1085, 498.74, 832.32, 9.1307e-05
FILLER_0_303_1113, 511.54, 832.32, 8.82173e-05
FILLER_0_302_1141, 524.34, 832.32, 8.51275e-05
FILLER_0_303_1169, 537.14, 832.32, 8.20377e-05
FILLER_0_302_1197, 549.94, 832.32, 7.89479e-05
FILLER_0_303_1225, 562.74, 832.32, 7.58581e-05
FILLER_0_302_1253, 575.54, 832.32, 7.27683e-05
FILLER_0_301_1281, 601.14, 832.32, 6.65886e-05
FILLER_0_302_1309, 613.94, 832.32, 6.34988e-05
FILLER_0_301_1337, 626.74, 832.32, 6.04089e-05
FILLER_0_301_1393, 652.34, 832.32, 5.81554e-05
FILLER_0_302_1421, 665.14, 832.32, 5.89917e-05
FILLER_0_301_1449, 677.94, 832.32, 5.98281e-05
FILLER_0_302_1477, 690.74, 832.32, 6.06644e-05
FILLER_0_301_1505, 703.54, 832.32, 6.15007e-05
FILLER_0_302_1533, 716.34, 832.32, 6.2337e-05
FILLER_0_301_1561, 729.14, 832.32, 6.31733e-05
FILLER_0_302_1589, 741.94, 832.32, 6.40095e-05
FILLER_0_301_1617, 754.74, 832.32, 6.48458e-05
FILLER_0_302_1645, 767.54, 832.32, 6.56821e-05
FILLER_0_301_1673, 780.34, 832.32, 6.65183e-05
FILLER_0_301_1729, 805.94, 832.32, 6.75793e-05
FILLER_0_302_1757, 818.74, 832.32, 6.78041e-05
FILLER_0_301_1785, 831.54, 832.32, 6.80289e-05
FILLER_0_302_1813, 844.34, 832.32, 6.82537e-05
FILLER_0_301_1841, 857.14, 832.32, 6.84784e-05
FILLER_0_302_1869, 869.94, 832.32, 6.87031e-05
FILLER_0_301_1897, 882.74, 832.32, 6.89279e-05
FILLER_0_302_1925, 895.54, 832.32, 6.91526e-05
FILLER_0_301_1953, 908.34, 832.32, 6.93773e-05
FILLER_0_302_1981, 921.14, 832.32, 6.9602e-05
FILLER_0_301_2009, 933.94, 832.32, 6.98267e-05
FILLER_0_301_2065, 958.57, 832.32, 7.00514e-05
FILLER_0_302_2093, 970.4, 832.32, 7.00515e-05
FILLER_0_301_2121, 982.23, 832.32, 7.00515e-05
PHY_598, 5.52, 826.88, 0.000123521
PHY_600, 5.52, 826.88, 0.000123521
PHY_599, 994.06, 826.88, 6.98131e-05
PHY_601, 994.06, 826.88, 6.98131e-05
output16, 994.06, 826.88, 6.98131e-05
FILLER_0_299_2141, 994.06, 826.88, 6.98131e-05
FILLER_0_300_2137, 994.06, 826.88, 6.98131e-05
FILLER_0_300_77, 37.94, 826.88, 0.000123415
FILLER_0_301_105, 50.74, 826.88, 0.000123308
FILLER_0_300_133, 63.54, 826.88, 0.000123201
FILLER_0_301_161, 76.34, 826.88, 0.000123094
FILLER_0_300_189, 89.14, 826.88, 0.000122988
FILLER_0_301_217, 101.94, 826.88, 0.000122881
FILLER_0_300_245, 114.74, 826.88, 0.000122774
FILLER_0_301_273, 127.54, 826.88, 0.000122668
FILLER_0_300_301, 140.34, 826.88, 0.000122561
FILLER_0_301_329, 153.14, 826.88, 0.000122454
FILLER_0_300_357, 165.94, 826.88, 0.000122347
FILLER_0_300_413, 191.54, 826.88, 0.000121519
FILLER_0_301_441, 204.34, 826.88, 0.000120798
FILLER_0_300_469, 217.14, 826.88, 0.000120076
FILLER_0_301_497, 229.94, 826.88, 0.000119355
FILLER_0_300_525, 242.74, 826.88, 0.000118634
FILLER_0_301_553, 255.54, 826.88, 0.000117912
FILLER_0_300_581, 268.34, 826.88, 0.000117191
FILLER_0_301_609, 281.14, 826.88, 0.00011647
FILLER_0_300_637, 293.94, 826.88, 0.000115748
FILLER_0_301_665, 306.74, 826.88, 0.000115027
FILLER_0_300_693, 319.54, 826.88, 0.000114305
FILLER_0_300_749, 345.14, 826.88, 0.000112007
FILLER_0_301_777, 357.94, 826.88, 0.000110431
FILLER_0_300_805, 370.74, 826.88, 0.000108854
FILLER_0_301_833, 383.54, 826.88, 0.000107277
FILLER_0_300_861, 396.34, 826.88, 0.000105701
FILLER_0_301_889, 409.14, 826.88, 0.000104124
FILLER_0_300_917, 421.94, 826.88, 0.000102547
FILLER_0_301_945, 434.74, 826.88, 0.000100971
FILLER_0_300_973, 447.54, 826.88, 9.93941e-05
FILLER_0_301_1001, 460.34, 826.88, 9.78174e-05
FILLER_0_300_1029, 473.14, 826.88, 9.62406e-05
FILLER_0_300_1085, 498.74, 826.88, 9.13568e-05
FILLER_0_301_1113, 511.54, 826.88, 8.80497e-05
FILLER_0_300_1141, 524.34, 826.88, 8.47426e-05
FILLER_0_301_1169, 537.14, 826.88, 8.14355e-05
FILLER_0_300_1197, 549.94, 826.88, 7.81284e-05
FILLER_0_301_1225, 562.74, 826.88, 7.48212e-05
FILLER_0_300_1253, 575.54, 826.88, 7.15141e-05
FILLER_0_299_1281, 601.14, 826.88, 6.48998e-05
FILLER_0_300_1309, 613.94, 826.88, 6.15926e-05
FILLER_0_299_1337, 626.74, 826.88, 5.82854e-05
FILLER_0_299_1393, 652.34, 826.88, 5.59675e-05
FILLER_0_300_1421, 665.14, 826.88, 5.69568e-05
FILLER_0_299_1449, 677.94, 826.88, 5.7946e-05
FILLER_0_300_1477, 690.74, 826.88, 5.89352e-05
FILLER_0_299_1505, 703.54, 826.88, 5.99245e-05
FILLER_0_300_1533, 716.34, 826.88, 6.09137e-05
FILLER_0_299_1561, 729.14, 826.88, 6.19029e-05
FILLER_0_300_1589, 741.94, 826.88, 6.28921e-05
FILLER_0_299_1617, 754.74, 826.88, 6.38813e-05
FILLER_0_300_1645, 767.54, 826.88, 6.48704e-05
FILLER_0_299_1673, 780.34, 826.88, 6.58596e-05
FILLER_0_299_1729, 805.94, 826.88, 6.70958e-05
FILLER_0_300_1757, 818.74, 826.88, 6.73429e-05
FILLER_0_299_1785, 831.54, 826.88, 6.75899e-05
FILLER_0_300_1813, 844.34, 826.88, 6.7837e-05
FILLER_0_299_1841, 857.14, 826.88, 6.8084e-05
FILLER_0_300_1869, 869.94, 826.88, 6.8331e-05
FILLER_0_299_1897, 882.74, 826.88, 6.8578e-05
FILLER_0_300_1925, 895.54, 826.88, 6.8825e-05
FILLER_0_299_1953, 908.34, 826.88, 6.9072e-05
FILLER_0_300_1981, 921.14, 826.88, 6.93189e-05
FILLER_0_299_2009, 933.94, 826.88, 6.95659e-05
FILLER_0_299_2065, 958.57, 826.88, 6.98129e-05
FILLER_0_300_2093, 970.4, 826.88, 6.9813e-05
FILLER_0_299_2121, 982.23, 826.88, 6.98131e-05
PHY_594, 5.52, 821.44, 0.000123394
PHY_596, 5.52, 821.44, 0.000123394
PHY_595, 994.06, 821.44, 6.9587e-05
PHY_597, 994.06, 821.44, 6.9587e-05
FILLER_0_297_2141, 994.06, 821.44, 6.9587e-05
FILLER_0_298_2137, 994.06, 821.44, 6.9587e-05
FILLER_0_298_77, 37.94, 821.44, 0.000123335
FILLER_0_299_105, 50.74, 821.44, 0.000123277
FILLER_0_298_133, 63.54, 821.44, 0.000123219
FILLER_0_299_161, 76.34, 821.44, 0.000123161
FILLER_0_298_189, 89.14, 821.44, 0.000123103
FILLER_0_299_217, 101.94, 821.44, 0.000123044
FILLER_0_298_245, 114.74, 821.44, 0.000122986
FILLER_0_299_273, 127.54, 821.44, 0.000122928
FILLER_0_298_301, 140.34, 821.44, 0.000122869
FILLER_0_299_329, 153.14, 821.44, 0.000122811
FILLER_0_298_357, 165.94, 821.44, 0.000122753
FILLER_0_298_413, 191.54, 821.44, 0.000121985
FILLER_0_299_441, 204.34, 821.44, 0.000121276
FILLER_0_298_469, 217.14, 821.44, 0.000120567
FILLER_0_299_497, 229.94, 821.44, 0.000119858
FILLER_0_298_525, 242.74, 821.44, 0.000119149
FILLER_0_299_553, 255.54, 821.44, 0.00011844
FILLER_0_298_581, 268.34, 821.44, 0.000117731
FILLER_0_299_609, 281.14, 821.44, 0.000117022
FILLER_0_298_637, 293.94, 821.44, 0.000116313
FILLER_0_299_665, 306.74, 821.44, 0.000115604
FILLER_0_298_693, 319.54, 821.44, 0.000114895
FILLER_0_298_749, 345.14, 821.44, 0.000112587
FILLER_0_299_777, 357.94, 821.44, 0.000110988
FILLER_0_298_805, 370.74, 821.44, 0.000109389
FILLER_0_299_833, 383.54, 821.44, 0.000107789
FILLER_0_298_861, 396.34, 821.44, 0.00010619
FILLER_0_299_889, 409.14, 821.44, 0.000104591
FILLER_0_298_917, 421.94, 821.44, 0.000102992
FILLER_0_299_945, 434.74, 821.44, 0.000101393
FILLER_0_298_973, 447.54, 821.44, 9.9794e-05
FILLER_0_299_1001, 460.34, 821.44, 9.81949e-05
FILLER_0_298_1029, 473.14, 821.44, 9.65958e-05
FILLER_0_298_1085, 498.74, 821.44, 9.1452e-05
FILLER_0_299_1113, 511.54, 821.44, 8.79073e-05
FILLER_0_298_1141, 524.34, 821.44, 8.43627e-05
FILLER_0_299_1169, 537.14, 821.44, 8.0818e-05
FILLER_0_298_1197, 549.94, 821.44, 7.72733e-05
FILLER_0_299_1225, 562.74, 821.44, 7.37286e-05
FILLER_0_298_1253, 575.54, 821.44, 7.01839e-05
FILLER_0_297_1281, 601.14, 821.44, 6.30945e-05
FILLER_0_298_1309, 613.94, 821.44, 5.95497e-05
FILLER_0_297_1337, 626.74, 821.44, 5.6005e-05
FILLER_0_297_1393, 652.34, 821.44, 5.3619e-05
FILLER_0_298_1421, 665.14, 821.44, 5.47778e-05
FILLER_0_297_1449, 677.94, 821.44, 5.59366e-05
FILLER_0_298_1477, 690.74, 821.44, 5.70953e-05
FILLER_0_297_1505, 703.54, 821.44, 5.82541e-05
FILLER_0_298_1533, 716.34, 821.44, 5.94128e-05
FILLER_0_297_1561, 729.14, 821.44, 6.05715e-05
FILLER_0_298_1589, 741.94, 821.44, 6.17302e-05
FILLER_0_297_1617, 754.74, 821.44, 6.28889e-05
FILLER_0_298_1645, 767.54, 821.44, 6.40476e-05
FILLER_0_297_1673, 780.34, 821.44, 6.52063e-05
FILLER_0_297_1729, 805.94, 821.44, 6.66335e-05
FILLER_0_298_1757, 818.74, 821.44, 6.6902e-05
FILLER_0_297_1785, 831.54, 821.44, 6.71706e-05
FILLER_0_298_1813, 844.34, 821.44, 6.74391e-05
FILLER_0_297_1841, 857.14, 821.44, 6.77076e-05
FILLER_0_298_1869, 869.94, 821.44, 6.79761e-05
FILLER_0_297_1897, 882.74, 821.44, 6.82445e-05
FILLER_0_298_1925, 895.54, 821.44, 6.8513e-05
FILLER_0_297_1953, 908.34, 821.44, 6.87815e-05
FILLER_0_298_1981, 921.14, 821.44, 6.90499e-05
FILLER_0_297_2009, 933.94, 821.44, 6.93183e-05
FILLER_0_297_2065, 958.57, 821.44, 6.95868e-05
FILLER_0_298_2093, 970.4, 821.44, 6.95869e-05
FILLER_0_297_2121, 982.23, 821.44, 6.95869e-05
PHY_590, 5.52, 816, 0.000123271
PHY_592, 5.52, 816, 0.000123271
PHY_591, 994.06, 816, 6.93747e-05
PHY_593, 994.06, 816, 6.93747e-05
FILLER_0_295_2141, 994.06, 816, 6.93747e-05
FILLER_0_296_2137, 994.06, 816, 6.93747e-05
FILLER_0_296_77, 37.94, 816, 0.000123263
FILLER_0_297_105, 50.74, 816, 0.000123255
FILLER_0_296_133, 63.54, 816, 0.000123248
FILLER_0_297_161, 76.34, 816, 0.00012324
FILLER_0_296_189, 89.14, 816, 0.000123233
FILLER_0_297_217, 101.94, 816, 0.000123225
FILLER_0_296_245, 114.74, 816, 0.000123217
FILLER_0_297_273, 127.54, 816, 0.00012321
FILLER_0_296_301, 140.34, 816, 0.000123202
FILLER_0_297_329, 153.14, 816, 0.000123194
FILLER_0_296_357, 165.94, 816, 0.000123186
FILLER_0_296_413, 191.54, 816, 0.000122483
FILLER_0_297_441, 204.34, 816, 0.000121788
FILLER_0_296_469, 217.14, 816, 0.000121092
FILLER_0_297_497, 229.94, 816, 0.000120396
FILLER_0_296_525, 242.74, 816, 0.000119701
FILLER_0_297_553, 255.54, 816, 0.000119005
FILLER_0_296_581, 268.34, 816, 0.000118309
FILLER_0_297_609, 281.14, 816, 0.000117614
FILLER_0_296_637, 293.94, 816, 0.000116918
FILLER_0_297_665, 306.74, 816, 0.000116222
FILLER_0_296_693, 319.54, 816, 0.000115527
FILLER_0_296_749, 345.14, 816, 0.000113212
FILLER_0_297_777, 357.94, 816, 0.000111593
FILLER_0_296_805, 370.74, 816, 0.000109974
FILLER_0_297_833, 383.54, 816, 0.000108355
FILLER_0_296_861, 396.34, 816, 0.000106736
FILLER_0_297_889, 409.14, 816, 0.000105117
FILLER_0_296_917, 421.94, 816, 0.000103498
FILLER_0_297_945, 434.74, 816, 0.000101879
FILLER_0_296_973, 447.54, 816, 0.00010026
FILLER_0_297_1001, 460.34, 816, 9.86413e-05
FILLER_0_296_1029, 473.14, 816, 9.70222e-05
FILLER_0_296_1085, 498.74, 816, 9.15987e-05
FILLER_0_297_1113, 511.54, 816, 8.77942e-05
FILLER_0_296_1141, 524.34, 816, 8.39897e-05
FILLER_0_297_1169, 537.14, 816, 8.01852e-05
FILLER_0_296_1197, 549.94, 816, 7.63806e-05
FILLER_0_297_1225, 562.74, 816, 7.25761e-05
FILLER_0_296_1253, 575.54, 816, 6.87715e-05
FILLER_0_295_1281, 601.14, 816, 6.11624e-05
FILLER_0_296_1309, 613.94, 816, 5.73578e-05
FILLER_0_295_1337, 626.74, 816, 5.35532e-05
FILLER_0_295_1393, 652.34, 816, 5.10953e-05
FILLER_0_296_1421, 665.14, 816, 5.2442e-05
FILLER_0_295_1449, 677.94, 816, 5.37887e-05
FILLER_0_296_1477, 690.74, 816, 5.51354e-05
FILLER_0_295_1505, 703.54, 816, 5.64821e-05
FILLER_0_296_1533, 716.34, 816, 5.78288e-05
FILLER_0_295_1561, 729.14, 816, 5.91754e-05
FILLER_0_296_1589, 741.94, 816, 6.05221e-05
FILLER_0_295_1617, 754.74, 816, 6.18687e-05
FILLER_0_296_1645, 767.54, 816, 6.32153e-05
FILLER_0_295_1673, 780.34, 816, 6.45619e-05
FILLER_0_295_1729, 805.94, 816, 6.61974e-05
FILLER_0_296_1757, 818.74, 816, 6.64863e-05
FILLER_0_295_1785, 831.54, 816, 6.67752e-05
FILLER_0_296_1813, 844.34, 816, 6.7064e-05
FILLER_0_295_1841, 857.14, 816, 6.73529e-05
FILLER_0_296_1869, 869.94, 816, 6.76417e-05
FILLER_0_295_1897, 882.74, 816, 6.79305e-05
FILLER_0_296_1925, 895.54, 816, 6.82193e-05
FILLER_0_295_1953, 908.34, 816, 6.85081e-05
FILLER_0_296_1981, 921.14, 816, 6.87969e-05
FILLER_0_295_2009, 933.94, 816, 6.90857e-05
FILLER_0_295_2065, 958.57, 816, 6.93745e-05
FILLER_0_296_2093, 970.4, 816, 6.93746e-05
FILLER_0_295_2121, 982.23, 816, 6.93746e-05
PHY_586, 5.52, 810.56, 0.00012315
PHY_588, 5.52, 810.56, 0.00012315
PHY_587, 994.06, 810.56, 6.91774e-05
PHY_589, 994.06, 810.56, 6.91774e-05
FILLER_0_293_2141, 994.06, 810.56, 6.91774e-05
FILLER_0_294_2137, 994.06, 810.56, 6.91774e-05
FILLER_0_294_77, 37.94, 810.56, 0.000123195
FILLER_0_295_105, 50.74, 810.56, 0.000123241
FILLER_0_294_133, 63.54, 810.56, 0.000123286
FILLER_0_295_161, 76.34, 810.56, 0.000123332
FILLER_0_294_189, 89.14, 810.56, 0.000123377
FILLER_0_295_217, 101.94, 810.56, 0.000123423
FILLER_0_294_245, 114.74, 810.56, 0.000123468
FILLER_0_295_273, 127.54, 810.56, 0.000123513
FILLER_0_294_301, 140.34, 810.56, 0.000123559
FILLER_0_295_329, 153.14, 810.56, 0.000123604
FILLER_0_294_357, 165.94, 810.56, 0.00012365
FILLER_0_294_413, 191.54, 810.56, 0.000123014
FILLER_0_295_441, 204.34, 810.56, 0.000122333
FILLER_0_294_469, 217.14, 810.56, 0.000121652
FILLER_0_295_497, 229.94, 810.56, 0.000120971
FILLER_0_294_525, 242.74, 810.56, 0.00012029
FILLER_0_295_553, 255.54, 810.56, 0.000119609
FILLER_0_294_581, 268.34, 810.56, 0.000118928
FILLER_0_295_609, 281.14, 810.56, 0.000118247
FILLER_0_294_637, 293.94, 810.56, 0.000117566
FILLER_0_295_665, 306.74, 810.56, 0.000116884
FILLER_0_294_693, 319.54, 810.56, 0.000116203
FILLER_0_294_749, 345.14, 810.56, 0.000113886
FILLER_0_295_777, 357.94, 810.56, 0.000112251
FILLER_0_294_805, 370.74, 810.56, 0.000110615
FILLER_0_295_833, 383.54, 810.56, 0.000108979
FILLER_0_294_861, 396.34, 810.56, 0.000107344
FILLER_0_295_889, 409.14, 810.56, 0.000105708
FILLER_0_294_917, 421.94, 810.56, 0.000104072
FILLER_0_295_945, 434.74, 810.56, 0.000102436
FILLER_0_294_973, 447.54, 810.56, 0.0001008
FILLER_0_295_1001, 460.34, 810.56, 9.91646e-05
FILLER_0_294_1029, 473.14, 810.56, 9.75288e-05
FILLER_0_294_1085, 498.74, 810.56, 9.1804e-05
FILLER_0_295_1113, 511.54, 810.56, 8.77151e-05
FILLER_0_294_1141, 524.34, 810.56, 8.36261e-05
FILLER_0_295_1169, 537.14, 810.56, 7.95372e-05
FILLER_0_294_1197, 549.94, 810.56, 7.54482e-05
FILLER_0_295_1225, 562.74, 810.56, 7.13592e-05
FILLER_0_294_1253, 575.54, 810.56, 6.72702e-05
FILLER_0_293_1281, 601.14, 810.56, 5.90922e-05
FILLER_0_294_1309, 613.94, 810.56, 5.50032e-05
FILLER_0_293_1337, 626.74, 810.56, 5.09142e-05
FILLER_0_293_1393, 652.34, 810.56, 4.83802e-05
FILLER_0_294_1421, 665.14, 810.56, 4.99353e-05
FILLER_0_293_1449, 677.94, 810.56, 5.14904e-05
FILLER_0_294_1477, 690.74, 810.56, 5.30455e-05
FILLER_0_293_1505, 703.54, 810.56, 5.46005e-05
FILLER_0_294_1533, 716.34, 810.56, 5.61556e-05
FILLER_0_293_1561, 729.14, 810.56, 5.77106e-05
FILLER_0_294_1589, 741.94, 810.56, 5.92657e-05
FILLER_0_293_1617, 754.74, 810.56, 6.08207e-05
FILLER_0_294_1645, 767.54, 810.56, 6.23757e-05
FILLER_0_293_1673, 780.34, 810.56, 6.39307e-05
FILLER_0_293_1729, 805.94, 810.56, 6.57933e-05
FILLER_0_294_1757, 818.74, 810.56, 6.6101e-05
FILLER_0_293_1785, 831.54, 810.56, 6.64087e-05
FILLER_0_294_1813, 844.34, 810.56, 6.67163e-05
FILLER_0_293_1841, 857.14, 810.56, 6.7024e-05
FILLER_0_294_1869, 869.94, 810.56, 6.73316e-05
FILLER_0_293_1897, 882.74, 810.56, 6.76392e-05
FILLER_0_294_1925, 895.54, 810.56, 6.79468e-05
FILLER_0_293_1953, 908.34, 810.56, 6.82544e-05
FILLER_0_294_1981, 921.14, 810.56, 6.8562e-05
FILLER_0_293_2009, 933.94, 810.56, 6.88696e-05
FILLER_0_293_2065, 958.57, 810.56, 6.91772e-05
FILLER_0_294_2093, 970.4, 810.56, 6.91773e-05
FILLER_0_293_2121, 982.23, 810.56, 6.91773e-05
PHY_582, 5.52, 805.12, 0.000123029
PHY_584, 5.52, 805.12, 0.000123029
PHY_583, 994.06, 805.12, 6.89964e-05
PHY_585, 994.06, 805.12, 6.89964e-05
FILLER_0_291_2141, 994.06, 805.12, 6.89964e-05
FILLER_0_292_2137, 994.06, 805.12, 6.89964e-05
FILLER_0_292_77, 37.94, 805.12, 0.000123131
FILLER_0_293_105, 50.74, 805.12, 0.000123232
FILLER_0_292_133, 63.54, 805.12, 0.000123333
FILLER_0_293_161, 76.34, 805.12, 0.000123435
FILLER_0_292_189, 89.14, 805.12, 0.000123536
FILLER_0_293_217, 101.94, 805.12, 0.000123637
FILLER_0_292_245, 114.74, 805.12, 0.000123738
FILLER_0_293_273, 127.54, 805.12, 0.00012384
FILLER_0_292_301, 140.34, 805.12, 0.000123941
FILLER_0_293_329, 153.14, 805.12, 0.000124042
FILLER_0_292_357, 165.94, 805.12, 0.000124144
FILLER_0_292_413, 191.54, 805.12, 0.00012358
FILLER_0_293_441, 204.34, 805.12, 0.000122914
FILLER_0_292_469, 217.14, 805.12, 0.000122249
FILLER_0_293_497, 229.94, 805.12, 0.000121584
FILLER_0_292_525, 242.74, 805.12, 0.000120918
FILLER_0_293_553, 255.54, 805.12, 0.000120253
FILLER_0_292_581, 268.34, 805.12, 0.000119588
FILLER_0_293_609, 281.14, 805.12, 0.000118923
FILLER_0_292_637, 293.94, 805.12, 0.000118257
FILLER_0_293_665, 306.74, 805.12, 0.000117592
FILLER_0_292_693, 319.54, 805.12, 0.000116927
FILLER_0_292_749, 345.14, 805.12, 0.000114612
FILLER_0_293_777, 357.94, 805.12, 0.000112964
FILLER_0_292_805, 370.74, 805.12, 0.000111315
FILLER_0_293_833, 383.54, 805.12, 0.000109666
FILLER_0_292_861, 396.34, 805.12, 0.000108018
FILLER_0_293_889, 409.14, 805.12, 0.000106369
FILLER_0_292_917, 421.94, 805.12, 0.00010472
FILLER_0_293_945, 434.74, 805.12, 0.000103071
FILLER_0_292_973, 447.54, 805.12, 0.000101423
FILLER_0_293_1001, 460.34, 805.12, 9.97737e-05
FILLER_0_292_1029, 473.14, 805.12, 9.81249e-05
FILLER_0_292_1085, 498.74, 805.12, 9.20757e-05
FILLER_0_293_1113, 511.54, 805.12, 8.76752e-05
FILLER_0_292_1141, 524.34, 805.12, 8.32747e-05
FILLER_0_293_1169, 537.14, 805.12, 7.88742e-05
FILLER_0_292_1197, 549.94, 805.12, 7.44737e-05
FILLER_0_293_1225, 562.74, 805.12, 7.00732e-05
FILLER_0_292_1253, 575.54, 805.12, 6.56727e-05
FILLER_0_291_1281, 601.14, 805.12, 5.68717e-05
FILLER_0_292_1309, 613.94, 805.12, 5.24711e-05
FILLER_0_291_1337, 626.74, 805.12, 4.80706e-05
FILLER_0_291_1393, 652.34, 805.12, 4.54562e-05
FILLER_0_292_1421, 665.14, 805.12, 4.72423e-05
FILLER_0_291_1449, 677.94, 805.12, 4.90285e-05
FILLER_0_292_1477, 690.74, 805.12, 5.08146e-05
FILLER_0_291_1505, 703.54, 805.12, 5.26007e-05
FILLER_0_292_1533, 716.34, 805.12, 5.43868e-05
FILLER_0_291_1561, 729.14, 805.12, 5.61729e-05
FILLER_0_292_1589, 741.94, 805.12, 5.7959e-05
FILLER_0_291_1617, 754.74, 805.12, 5.97451e-05
FILLER_0_292_1645, 767.54, 805.12, 6.15312e-05
FILLER_0_291_1673, 780.34, 805.12, 6.33172e-05
FILLER_0_291_1729, 805.94, 805.12, 6.54277e-05
FILLER_0_292_1757, 818.74, 805.12, 6.57522e-05
FILLER_0_291_1785, 831.54, 805.12, 6.60767e-05
FILLER_0_292_1813, 844.34, 805.12, 6.64011e-05
FILLER_0_291_1841, 857.14, 805.12, 6.67255e-05
FILLER_0_292_1869, 869.94, 805.12, 6.70499e-05
FILLER_0_291_1897, 882.74, 805.12, 6.73743e-05
FILLER_0_292_1925, 895.54, 805.12, 6.76987e-05
FILLER_0_291_1953, 908.34, 805.12, 6.80231e-05
FILLER_0_292_1981, 921.14, 805.12, 6.83475e-05
FILLER_0_291_2009, 933.94, 805.12, 6.86719e-05
FILLER_0_291_2065, 958.57, 805.12, 6.89963e-05
FILLER_0_292_2093, 970.4, 805.12, 6.89963e-05
FILLER_0_291_2121, 982.23, 805.12, 6.89964e-05
PHY_578, 5.52, 799.68, 0.000122906
PHY_580, 5.52, 799.68, 0.000122906
PHY_579, 994.06, 799.68, 6.8833e-05
PHY_581, 994.06, 799.68, 6.8833e-05
FILLER_0_289_2141, 994.06, 799.68, 6.8833e-05
FILLER_0_290_2137, 994.06, 799.68, 6.8833e-05
FILLER_0_290_77, 37.94, 799.68, 0.000123066
FILLER_0_291_105, 50.74, 799.68, 0.000123227
FILLER_0_290_133, 63.54, 799.68, 0.000123387
FILLER_0_291_161, 76.34, 799.68, 0.000123547
FILLER_0_290_189, 89.14, 799.68, 0.000123708
FILLER_0_291_217, 101.94, 799.68, 0.000123868
FILLER_0_290_245, 114.74, 799.68, 0.000124028
FILLER_0_291_273, 127.54, 799.68, 0.000124189
FILLER_0_290_301, 140.34, 799.68, 0.000124349
FILLER_0_291_329, 153.14, 799.68, 0.000124509
FILLER_0_290_357, 165.94, 799.68, 0.00012467
FILLER_0_290_413, 191.54, 799.68, 0.000124182
FILLER_0_291_441, 204.34, 799.68, 0.000123533
FILLER_0_290_469, 217.14, 799.68, 0.000122885
FILLER_0_291_497, 229.94, 799.68, 0.000122237
FILLER_0_290_525, 242.74, 799.68, 0.000121588
FILLER_0_291_553, 255.54, 799.68, 0.00012094
FILLER_0_290_581, 268.34, 799.68, 0.000120292
FILLER_0_291_609, 281.14, 799.68, 0.000119643
FILLER_0_290_637, 293.94, 799.68, 0.000118995
FILLER_0_291_665, 306.74, 799.68, 0.000118347
FILLER_0_290_693, 319.54, 799.68, 0.000117698
FILLER_0_290_749, 345.14, 799.68, 0.000115393
FILLER_0_291_777, 357.94, 799.68, 0.000113736
FILLER_0_290_805, 370.74, 799.68, 0.000112079
FILLER_0_291_833, 383.54, 799.68, 0.000110422
FILLER_0_290_861, 396.34, 799.68, 0.000108764
FILLER_0_291_889, 409.14, 799.68, 0.000107107
FILLER_0_290_917, 421.94, 799.68, 0.00010545
FILLER_0_291_945, 434.74, 799.68, 0.000103793
FILLER_0_290_973, 447.54, 799.68, 0.000102136
FILLER_0_291_1001, 460.34, 799.68, 0.000100479
FILLER_0_290_1029, 473.14, 799.68, 9.88214e-05
FILLER_0_290_1085, 498.74, 799.68, 9.24224e-05
FILLER_0_291_1113, 511.54, 799.68, 8.76805e-05
FILLER_0_290_1141, 524.34, 799.68, 8.29386e-05
FILLER_0_291_1169, 537.14, 799.68, 7.81968e-05
FILLER_0_290_1197, 549.94, 799.68, 7.34549e-05
FILLER_0_291_1225, 562.74, 799.68, 6.8713e-05
FILLER_0_290_1253, 575.54, 799.68, 6.3971e-05
FILLER_0_289_1281, 601.14, 799.68, 5.44872e-05
FILLER_0_290_1309, 613.94, 799.68, 4.97452e-05
FILLER_0_289_1337, 626.74, 799.68, 4.50033e-05
FILLER_0_289_1393, 652.34, 799.68, 4.23037e-05
FILLER_0_290_1421, 665.14, 799.68, 4.43461e-05
FILLER_0_289_1449, 677.94, 799.68, 4.63885e-05
FILLER_0_290_1477, 690.74, 799.68, 4.84308e-05
FILLER_0_289_1505, 703.54, 799.68, 5.04732e-05
FILLER_0_290_1533, 716.34, 799.68, 5.25155e-05
FILLER_0_289_1561, 729.14, 799.68, 5.45578e-05
FILLER_0_290_1589, 741.94, 799.68, 5.66001e-05
FILLER_0_289_1617, 754.74, 799.68, 5.86424e-05
FILLER_0_290_1645, 767.54, 799.68, 6.06847e-05
FILLER_0_289_1673, 780.34, 799.68, 6.2727e-05
FILLER_0_289_1729, 805.94, 799.68, 6.5108e-05
FILLER_0_290_1757, 818.74, 799.68, 6.54466e-05
FILLER_0_289_1785, 831.54, 799.68, 6.57853e-05
FILLER_0_290_1813, 844.34, 799.68, 6.6124e-05
FILLER_0_289_1841, 857.14, 799.68, 6.64626e-05
FILLER_0_290_1869, 869.94, 799.68, 6.68012e-05
FILLER_0_289_1897, 882.74, 799.68, 6.71399e-05
FILLER_0_290_1925, 895.54, 799.68, 6.74785e-05
FILLER_0_289_1953, 908.34, 799.68, 6.78171e-05
FILLER_0_290_1981, 921.14, 799.68, 6.81556e-05
FILLER_0_289_2009, 933.94, 799.68, 6.84942e-05
FILLER_0_289_2065, 958.57, 799.68, 6.88329e-05
FILLER_0_290_2093, 970.4, 799.68, 6.88329e-05
FILLER_0_289_2121, 982.23, 799.68, 6.8833e-05
PHY_574, 5.52, 794.24, 0.000122756
PHY_576, 5.52, 794.24, 0.000122756
PHY_575, 994.06, 794.24, 6.90018e-05
PHY_577, 994.06, 794.24, 6.90018e-05
FILLER_0_287_2141, 994.06, 794.24, 6.90018e-05
FILLER_0_288_2137, 994.06, 794.24, 6.90018e-05
FILLER_0_288_77, 37.94, 794.24, 0.000123002
FILLER_0_289_105, 50.74, 794.24, 0.000123249
FILLER_0_288_133, 63.54, 794.24, 0.000123496
FILLER_0_289_161, 76.34, 794.24, 0.000123743
FILLER_0_288_189, 89.14, 794.24, 0.000123989
FILLER_0_289_217, 101.94, 794.24, 0.000124236
FILLER_0_288_245, 114.74, 794.24, 0.000124483
FILLER_0_289_273, 127.54, 794.24, 0.000124729
FILLER_0_288_301, 140.34, 794.24, 0.000124976
FILLER_0_289_329, 153.14, 794.24, 0.000125223
FILLER_0_288_357, 165.94, 794.24, 0.00012547
FILLER_0_288_413, 191.54, 794.24, 0.000125107
FILLER_0_289_441, 204.34, 794.24, 0.000124498
FILLER_0_288_469, 217.14, 794.24, 0.000123889
FILLER_0_289_497, 229.94, 794.24, 0.00012328
FILLER_0_288_525, 242.74, 794.24, 0.000122671
FILLER_0_289_553, 255.54, 794.24, 0.000122062
FILLER_0_288_581, 268.34, 794.24, 0.000121453
FILLER_0_289_609, 281.14, 794.24, 0.000120844
FILLER_0_288_637, 293.94, 794.24, 0.000120235
FILLER_0_289_665, 306.74, 794.24, 0.000119626
FILLER_0_288_693, 319.54, 794.24, 0.000119017
FILLER_0_288_749, 345.14, 794.24, 0.000116865
FILLER_0_289_777, 357.94, 794.24, 0.000115323
FILLER_0_288_805, 370.74, 794.24, 0.00011378
FILLER_0_289_833, 383.54, 794.24, 0.000112237
FILLER_0_288_861, 396.34, 794.24, 0.000110694
FILLER_0_289_889, 409.14, 794.24, 0.000109151
FILLER_0_288_917, 421.94, 794.24, 0.000107608
FILLER_0_289_945, 434.74, 794.24, 0.000106065
FILLER_0_288_973, 447.54, 794.24, 0.000104522
FILLER_0_289_1001, 460.34, 794.24, 0.000102979
FILLER_0_288_1029, 473.14, 794.24, 0.000101436
FILLER_0_288_1085, 498.74, 794.24, 9.50974e-05
FILLER_0_289_1113, 511.54, 794.24, 9.03013e-05
FILLER_0_288_1141, 524.34, 794.24, 8.55053e-05
FILLER_0_289_1169, 537.14, 794.24, 8.07092e-05
FILLER_0_288_1197, 549.94, 794.24, 7.59131e-05
FILLER_0_289_1225, 562.74, 794.24, 7.1117e-05
FILLER_0_288_1253, 575.54, 794.24, 6.63209e-05
FILLER_0_287_1281, 601.14, 794.24, 5.67286e-05
FILLER_0_288_1309, 613.94, 794.24, 5.19325e-05
FILLER_0_287_1337, 626.74, 794.24, 4.71364e-05
FILLER_0_287_1393, 652.34, 794.24, 4.43147e-05
FILLER_0_288_1421, 665.14, 794.24, 4.62892e-05
FILLER_0_287_1449, 677.94, 794.24, 4.82637e-05
FILLER_0_288_1477, 690.74, 794.24, 5.02382e-05
FILLER_0_287_1505, 703.54, 794.24, 5.22126e-05
FILLER_0_288_1533, 716.34, 794.24, 5.41871e-05
FILLER_0_287_1561, 729.14, 794.24, 5.61615e-05
FILLER_0_288_1589, 741.94, 794.24, 5.8136e-05
FILLER_0_287_1617, 754.74, 794.24, 6.01104e-05
FILLER_0_288_1645, 767.54, 794.24, 6.20848e-05
FILLER_0_287_1673, 780.34, 794.24, 6.40592e-05
FILLER_0_287_1729, 805.94, 794.24, 6.6281e-05
FILLER_0_288_1757, 818.74, 794.24, 6.65283e-05
FILLER_0_287_1785, 831.54, 794.24, 6.67757e-05
FILLER_0_288_1813, 844.34, 794.24, 6.70231e-05
FILLER_0_287_1841, 857.14, 794.24, 6.72704e-05
FILLER_0_288_1869, 869.94, 794.24, 6.75178e-05
FILLER_0_287_1897, 882.74, 794.24, 6.77651e-05
FILLER_0_288_1925, 895.54, 794.24, 6.80124e-05
FILLER_0_287_1953, 908.34, 794.24, 6.82597e-05
FILLER_0_288_1981, 921.14, 794.24, 6.8507e-05
FILLER_0_287_2009, 933.94, 794.24, 6.87543e-05
FILLER_0_287_2065, 958.57, 794.24, 6.90017e-05
FILLER_0_288_2093, 970.4, 794.24, 6.90017e-05
FILLER_0_287_2121, 982.23, 794.24, 6.90018e-05
PHY_570, 5.52, 788.8, 0.00012257
PHY_572, 5.52, 788.8, 0.00012257
PHY_571, 994.06, 788.8, 6.95567e-05
PHY_573, 994.06, 788.8, 6.95567e-05
FILLER_0_285_2141, 994.06, 788.8, 6.95567e-05
FILLER_0_286_2137, 994.06, 788.8, 6.95567e-05
FILLER_0_286_77, 37.94, 788.8, 0.000122935
FILLER_0_287_105, 50.74, 788.8, 0.000123301
FILLER_0_286_133, 63.54, 788.8, 0.000123666
FILLER_0_287_161, 76.34, 788.8, 0.000124031
FILLER_0_286_189, 89.14, 788.8, 0.000124397
FILLER_0_287_217, 101.94, 788.8, 0.000124762
FILLER_0_286_245, 114.74, 788.8, 0.000125128
FILLER_0_287_273, 127.54, 788.8, 0.000125493
FILLER_0_286_301, 140.34, 788.8, 0.000125858
FILLER_0_287_329, 153.14, 788.8, 0.000126224
FILLER_0_286_357, 165.94, 788.8, 0.000126589
FILLER_0_286_413, 191.54, 788.8, 0.000126411
FILLER_0_287_441, 204.34, 788.8, 0.000125867
FILLER_0_286_469, 217.14, 788.8, 0.000125323
FILLER_0_287_497, 229.94, 788.8, 0.000124779
FILLER_0_286_525, 242.74, 788.8, 0.000124236
FILLER_0_287_553, 255.54, 788.8, 0.000123692
FILLER_0_286_581, 268.34, 788.8, 0.000123148
FILLER_0_287_609, 281.14, 788.8, 0.000122604
FILLER_0_286_637, 293.94, 788.8, 0.000122061
FILLER_0_287_665, 306.74, 788.8, 0.000121517
FILLER_0_286_693, 319.54, 788.8, 0.000120973
FILLER_0_286_749, 345.14, 788.8, 0.000119146
FILLER_0_287_777, 357.94, 788.8, 0.000117862
FILLER_0_286_805, 370.74, 788.8, 0.000116579
FILLER_0_287_833, 383.54, 788.8, 0.000115295
FILLER_0_286_861, 396.34, 788.8, 0.000114011
FILLER_0_287_889, 409.14, 788.8, 0.000112728
FILLER_0_286_917, 421.94, 788.8, 0.000111444
FILLER_0_287_945, 434.74, 788.8, 0.000110161
FILLER_0_286_973, 447.54, 788.8, 0.000108877
FILLER_0_287_1001, 460.34, 788.8, 0.000107593
FILLER_0_286_1029, 473.14, 788.8, 0.00010631
FILLER_0_286_1085, 498.74, 788.8, 0.000100522
FILLER_0_287_1113, 511.54, 788.8, 9.60172e-05
FILLER_0_286_1141, 524.34, 788.8, 9.15128e-05
FILLER_0_287_1169, 537.14, 788.8, 8.70084e-05
FILLER_0_286_1197, 549.94, 788.8, 8.2504e-05
FILLER_0_287_1225, 562.74, 788.8, 7.79996e-05
FILLER_0_286_1253, 575.54, 788.8, 7.34951e-05
FILLER_0_285_1281, 601.14, 788.8, 6.44862e-05
FILLER_0_286_1309, 613.94, 788.8, 5.99818e-05
FILLER_0_285_1337, 626.74, 788.8, 5.54773e-05
FILLER_0_285_1393, 652.34, 788.8, 5.24903e-05
FILLER_0_286_1421, 665.14, 788.8, 5.40077e-05
FILLER_0_285_1449, 677.94, 788.8, 5.55252e-05
FILLER_0_286_1477, 690.74, 788.8, 5.70426e-05
FILLER_0_285_1505, 703.54, 788.8, 5.856e-05
FILLER_0_286_1533, 716.34, 788.8, 6.00774e-05
FILLER_0_285_1561, 729.14, 788.8, 6.15948e-05
FILLER_0_286_1589, 741.94, 788.8, 6.31122e-05
FILLER_0_285_1617, 754.74, 788.8, 6.46296e-05
FILLER_0_286_1645, 767.54, 788.8, 6.61469e-05
FILLER_0_285_1673, 780.34, 788.8, 6.76643e-05
FILLER_0_285_1729, 805.94, 788.8, 6.92129e-05
FILLER_0_286_1757, 818.74, 788.8, 6.92442e-05
FILLER_0_285_1785, 831.54, 788.8, 6.92755e-05
FILLER_0_286_1813, 844.34, 788.8, 6.93067e-05
FILLER_0_285_1841, 857.14, 788.8, 6.9338e-05
FILLER_0_286_1869, 869.94, 788.8, 6.93692e-05
FILLER_0_285_1897, 882.74, 788.8, 6.94005e-05
FILLER_0_286_1925, 895.54, 788.8, 6.94317e-05
FILLER_0_285_1953, 908.34, 788.8, 6.94629e-05
FILLER_0_286_1981, 921.14, 788.8, 6.94941e-05
FILLER_0_285_2009, 933.94, 788.8, 6.95253e-05
FILLER_0_285_2065, 958.57, 788.8, 6.95565e-05
FILLER_0_286_2093, 970.4, 788.8, 6.95566e-05
FILLER_0_285_2121, 982.23, 788.8, 6.95566e-05
PHY_566, 5.52, 783.36, 0.00012237
PHY_568, 5.52, 783.36, 0.00012237
PHY_567, 994.06, 783.36, 7.0116e-05
PHY_569, 994.06, 783.36, 7.0116e-05
FILLER_0_283_2141, 994.06, 783.36, 7.0116e-05
FILLER_0_284_2137, 994.06, 783.36, 7.0116e-05
FILLER_0_284_77, 37.94, 783.36, 0.000122859
FILLER_0_285_105, 50.74, 783.36, 0.000123347
FILLER_0_284_133, 63.54, 783.36, 0.000123836
FILLER_0_285_161, 76.34, 783.36, 0.000124324
FILLER_0_284_189, 89.14, 783.36, 0.000124813
FILLER_0_285_217, 101.94, 783.36, 0.000125301
FILLER_0_284_245, 114.74, 783.36, 0.00012579
FILLER_0_285_273, 127.54, 783.36, 0.000126278
FILLER_0_284_301, 140.34, 783.36, 0.000126767
FILLER_0_285_329, 153.14, 783.36, 0.000127255
FILLER_0_284_357, 165.94, 783.36, 0.000127744
FILLER_0_284_413, 191.54, 783.36, 0.000127754
FILLER_0_285_441, 204.34, 783.36, 0.000127276
FILLER_0_284_469, 217.14, 783.36, 0.000126797
FILLER_0_285_497, 229.94, 783.36, 0.000126319
FILLER_0_284_525, 242.74, 783.36, 0.00012584
FILLER_0_285_553, 255.54, 783.36, 0.000125362
FILLER_0_284_581, 268.34, 783.36, 0.000124884
FILLER_0_285_609, 281.14, 783.36, 0.000124405
FILLER_0_284_637, 293.94, 783.36, 0.000123927
FILLER_0_285_665, 306.74, 783.36, 0.000123448
FILLER_0_284_693, 319.54, 783.36, 0.00012297
FILLER_0_284_749, 345.14, 783.36, 0.000121474
FILLER_0_285_777, 357.94, 783.36, 0.000120457
FILLER_0_284_805, 370.74, 783.36, 0.000119439
FILLER_0_285_833, 383.54, 783.36, 0.000118422
FILLER_0_284_861, 396.34, 783.36, 0.000117405
FILLER_0_285_889, 409.14, 783.36, 0.000116387
FILLER_0_284_917, 421.94, 783.36, 0.00011537
FILLER_0_285_945, 434.74, 783.36, 0.000114353
FILLER_0_284_973, 447.54, 783.36, 0.000113335
FILLER_0_285_1001, 460.34, 783.36, 0.000112318
FILLER_0_284_1029, 473.14, 783.36, 0.000111301
FILLER_0_284_1085, 498.74, 783.36, 0.00010604
FILLER_0_285_1113, 511.54, 783.36, 0.000101796
FILLER_0_284_1141, 524.34, 783.36, 9.75526e-05
FILLER_0_285_1169, 537.14, 783.36, 9.3309e-05
FILLER_0_284_1197, 549.94, 783.36, 8.90654e-05
FILLER_0_285_1225, 562.74, 783.36, 8.48218e-05
FILLER_0_284_1253, 575.54, 783.36, 8.05782e-05
FILLER_0_283_1281, 601.14, 783.36, 7.2091e-05
FILLER_0_284_1309, 613.94, 783.36, 6.78474e-05
FILLER_0_283_1337, 626.74, 783.36, 6.36037e-05
FILLER_0_283_1393, 652.34, 783.36, 6.0445e-05
FILLER_0_284_1421, 665.14, 783.36, 6.153e-05
FILLER_0_283_1449, 677.94, 783.36, 6.26149e-05
FILLER_0_284_1477, 690.74, 783.36, 6.36998e-05
FILLER_0_283_1505, 703.54, 783.36, 6.47847e-05
FILLER_0_284_1533, 716.34, 783.36, 6.58696e-05
FILLER_0_283_1561, 729.14, 783.36, 6.69545e-05
FILLER_0_284_1589, 741.94, 783.36, 6.80394e-05
FILLER_0_283_1617, 754.74, 783.36, 6.91242e-05
FILLER_0_284_1645, 767.54, 783.36, 7.02091e-05
FILLER_0_283_1673, 780.34, 783.36, 7.12939e-05
FILLER_0_283_1729, 805.94, 783.36, 7.21903e-05
FILLER_0_284_1757, 818.74, 783.36, 7.20017e-05
FILLER_0_283_1785, 831.54, 783.36, 7.18132e-05
FILLER_0_284_1813, 844.34, 783.36, 7.16246e-05
FILLER_0_283_1841, 857.14, 783.36, 7.1436e-05
FILLER_0_284_1869, 869.94, 783.36, 7.12475e-05
FILLER_0_283_1897, 882.74, 783.36, 7.10589e-05
FILLER_0_284_1925, 895.54, 783.36, 7.08703e-05
FILLER_0_283_1953, 908.34, 783.36, 7.06816e-05
FILLER_0_284_1981, 921.14, 783.36, 7.0493e-05
FILLER_0_283_2009, 933.94, 783.36, 7.03044e-05
FILLER_0_283_2065, 958.57, 783.36, 7.01158e-05
FILLER_0_284_2093, 970.4, 783.36, 7.01159e-05
FILLER_0_283_2121, 982.23, 783.36, 7.01159e-05
PHY_562, 5.52, 777.92, 0.000122151
PHY_564, 5.52, 777.92, 0.000122151
PHY_563, 994.06, 777.92, 7.06692e-05
PHY_565, 994.06, 777.92, 7.06692e-05
FILLER_0_281_2141, 994.06, 777.92, 7.06692e-05
FILLER_0_282_2137, 994.06, 777.92, 7.06692e-05
FILLER_0_282_77, 37.94, 777.92, 0.000122768
FILLER_0_283_105, 50.74, 777.92, 0.000123385
FILLER_0_282_133, 63.54, 777.92, 0.000124001
FILLER_0_283_161, 76.34, 777.92, 0.000124618
FILLER_0_282_189, 89.14, 777.92, 0.000125235
FILLER_0_283_217, 101.94, 777.92, 0.000125852
FILLER_0_282_245, 114.74, 777.92, 0.000126469
FILLER_0_283_273, 127.54, 777.92, 0.000127085
FILLER_0_282_301, 140.34, 777.92, 0.000127702
FILLER_0_283_329, 153.14, 777.92, 0.000128319
FILLER_0_282_357, 165.94, 777.92, 0.000128936
FILLER_0_282_413, 191.54, 777.92, 0.000129139
FILLER_0_283_441, 204.34, 777.92, 0.000128725
FILLER_0_282_469, 217.14, 777.92, 0.000128311
FILLER_0_283_497, 229.94, 777.92, 0.000127897
FILLER_0_282_525, 242.74, 777.92, 0.000127483
FILLER_0_283_553, 255.54, 777.92, 0.000127069
FILLER_0_282_581, 268.34, 777.92, 0.000126655
FILLER_0_283_609, 281.14, 777.92, 0.000126241
FILLER_0_282_637, 293.94, 777.92, 0.000125828
FILLER_0_283_665, 306.74, 777.92, 0.000125414
FILLER_0_282_693, 319.54, 777.92, 0.000125
FILLER_0_282_749, 345.14, 777.92, 0.000123843
FILLER_0_283_777, 357.94, 777.92, 0.000123099
FILLER_0_282_805, 370.74, 777.92, 0.000122356
FILLER_0_283_833, 383.54, 777.92, 0.000121613
FILLER_0_282_861, 396.34, 777.92, 0.00012087
FILLER_0_283_889, 409.14, 777.92, 0.000120126
FILLER_0_282_917, 421.94, 777.92, 0.000119383
FILLER_0_283_945, 434.74, 777.92, 0.00011864
FILLER_0_282_973, 447.54, 777.92, 0.000117897
FILLER_0_283_1001, 460.34, 777.92, 0.000117153
FILLER_0_282_1029, 473.14, 777.92, 0.00011641
FILLER_0_282_1085, 498.74, 777.92, 0.000111656
FILLER_0_283_1113, 511.54, 777.92, 0.000107644
FILLER_0_282_1141, 524.34, 777.92, 0.000103633
FILLER_0_283_1169, 537.14, 777.92, 9.96217e-05
FILLER_0_282_1197, 549.94, 777.92, 9.56104e-05
FILLER_0_283_1225, 562.74, 777.92, 9.15991e-05
FILLER_0_282_1253, 575.54, 777.92, 8.75877e-05
FILLER_0_281_1281, 601.14, 777.92, 7.9565e-05
FILLER_0_282_1309, 613.94, 777.92, 7.55537e-05
FILLER_0_281_1337, 626.74, 777.92, 7.15423e-05
FILLER_0_281_1393, 652.34, 777.92, 6.82048e-05
FILLER_0_282_1421, 665.14, 777.92, 6.88787e-05
FILLER_0_281_1449, 677.94, 777.92, 6.95526e-05
FILLER_0_282_1477, 690.74, 777.92, 7.02265e-05
FILLER_0_281_1505, 703.54, 777.92, 7.09004e-05
FILLER_0_282_1533, 716.34, 777.92, 7.15742e-05
FILLER_0_281_1561, 729.14, 777.92, 7.22481e-05
FILLER_0_282_1589, 741.94, 777.92, 7.29219e-05
FILLER_0_281_1617, 754.74, 777.92, 7.35957e-05
FILLER_0_282_1645, 767.54, 777.92, 7.42696e-05
FILLER_0_281_1673, 780.34, 777.92, 7.49434e-05
FILLER_0_281_1729, 805.94, 777.92, 7.52049e-05
FILLER_0_282_1757, 818.74, 777.92, 7.47926e-05
FILLER_0_281_1785, 831.54, 777.92, 7.43803e-05
FILLER_0_282_1813, 844.34, 777.92, 7.3968e-05
FILLER_0_281_1841, 857.14, 777.92, 7.35556e-05
FILLER_0_282_1869, 869.94, 777.92, 7.31433e-05
FILLER_0_281_1897, 882.74, 777.92, 7.27309e-05
FILLER_0_282_1925, 895.54, 777.92, 7.23186e-05
FILLER_0_281_1953, 908.34, 777.92, 7.19062e-05
FILLER_0_282_1981, 921.14, 777.92, 7.14938e-05
FILLER_0_281_2009, 933.94, 777.92, 7.10814e-05
FILLER_0_281_2065, 958.57, 777.92, 7.06691e-05
FILLER_0_282_2093, 970.4, 777.92, 7.06692e-05
FILLER_0_281_2121, 982.23, 777.92, 7.06692e-05
PHY_558, 5.52, 772.48, 0.000121907
PHY_560, 5.52, 772.48, 0.000121907
PHY_559, 994.06, 772.48, 7.12061e-05
PHY_561, 994.06, 772.48, 7.12061e-05
FILLER_0_279_2141, 994.06, 772.48, 7.12061e-05
FILLER_0_280_2137, 994.06, 772.48, 7.12061e-05
FILLER_0_280_77, 37.94, 772.48, 0.000122657
FILLER_0_281_105, 50.74, 772.48, 0.000123408
FILLER_0_280_133, 63.54, 772.48, 0.000124159
FILLER_0_281_161, 76.34, 772.48, 0.00012491
FILLER_0_280_189, 89.14, 772.48, 0.000125661
FILLER_0_281_217, 101.94, 772.48, 0.000126411
FILLER_0_280_245, 114.74, 772.48, 0.000127162
FILLER_0_281_273, 127.54, 772.48, 0.000127913
FILLER_0_280_301, 140.34, 772.48, 0.000128664
FILLER_0_281_329, 153.14, 772.48, 0.000129415
FILLER_0_280_357, 165.94, 772.48, 0.000130165
FILLER_0_280_413, 191.54, 772.48, 0.000130565
FILLER_0_281_441, 204.34, 772.48, 0.000130214
FILLER_0_280_469, 217.14, 772.48, 0.000129863
FILLER_0_281_497, 229.94, 772.48, 0.000129512
FILLER_0_280_525, 242.74, 772.48, 0.000129161
FILLER_0_281_553, 255.54, 772.48, 0.00012881
FILLER_0_280_581, 268.34, 772.48, 0.000128459
FILLER_0_281_609, 281.14, 772.48, 0.000128108
FILLER_0_280_637, 293.94, 772.48, 0.000127757
FILLER_0_281_665, 306.74, 772.48, 0.000127406
FILLER_0_280_693, 319.54, 772.48, 0.000127055
FILLER_0_280_749, 345.14, 772.48, 0.000126244
FILLER_0_281_777, 357.94, 772.48, 0.000125783
FILLER_0_280_805, 370.74, 772.48, 0.000125323
FILLER_0_281_833, 383.54, 772.48, 0.000124863
FILLER_0_280_861, 396.34, 772.48, 0.000124402
FILLER_0_281_889, 409.14, 772.48, 0.000123942
FILLER_0_280_917, 421.94, 772.48, 0.000123482
FILLER_0_281_945, 434.74, 772.48, 0.000123021
FILLER_0_280_973, 447.54, 772.48, 0.000122561
FILLER_0_281_1001, 460.34, 772.48, 0.0001221
FILLER_0_280_1029, 473.14, 772.48, 0.00012164
FILLER_0_280_1085, 498.74, 772.48, 0.000117374
FILLER_0_281_1113, 511.54, 772.48, 0.000113568
FILLER_0_280_1141, 524.34, 772.48, 0.000109763
FILLER_0_281_1169, 537.14, 772.48, 0.000105957
FILLER_0_280_1197, 549.94, 772.48, 0.000102152
FILLER_0_281_1225, 562.74, 772.48, 9.83462e-05
FILLER_0_280_1253, 575.54, 772.48, 9.45406e-05
FILLER_0_279_1281, 601.14, 772.48, 8.69294e-05
FILLER_0_280_1309, 613.94, 772.48, 8.31237e-05
FILLER_0_279_1337, 626.74, 772.48, 7.93181e-05
FILLER_0_279_1393, 652.34, 772.48, 7.5794e-05
FILLER_0_280_1421, 665.14, 772.48, 7.60754e-05
FILLER_0_279_1449, 677.94, 772.48, 7.63569e-05
FILLER_0_280_1477, 690.74, 772.48, 7.66384e-05
FILLER_0_279_1505, 703.54, 772.48, 7.69198e-05
FILLER_0_280_1533, 716.34, 772.48, 7.72013e-05
FILLER_0_279_1561, 729.14, 772.48, 7.74827e-05
FILLER_0_280_1589, 741.94, 772.48, 7.77642e-05
FILLER_0_279_1617, 754.74, 772.48, 7.80456e-05
FILLER_0_280_1645, 767.54, 772.48, 7.8327e-05
FILLER_0_279_1673, 780.34, 772.48, 7.86084e-05
FILLER_0_279_1729, 805.94, 772.48, 7.82495e-05
FILLER_0_280_1757, 818.74, 772.48, 7.76092e-05
FILLER_0_279_1785, 831.54, 772.48, 7.69689e-05
FILLER_0_280_1813, 844.34, 772.48, 7.63286e-05
FILLER_0_279_1841, 857.14, 772.48, 7.56883e-05
FILLER_0_280_1869, 869.94, 772.48, 7.5048e-05
FILLER_0_279_1897, 882.74, 772.48, 7.44077e-05
FILLER_0_280_1925, 895.54, 772.48, 7.37673e-05
FILLER_0_279_1953, 908.34, 772.48, 7.3127e-05
FILLER_0_280_1981, 921.14, 772.48, 7.24866e-05
FILLER_0_279_2009, 933.94, 772.48, 7.18462e-05
FILLER_0_279_2065, 958.57, 772.48, 7.12059e-05
FILLER_0_280_2093, 970.4, 772.48, 7.1206e-05
FILLER_0_279_2121, 982.23, 772.48, 7.1206e-05
PHY_554, 5.52, 767.04, 0.000121631
PHY_556, 5.52, 767.04, 0.000121631
PHY_555, 994.06, 767.04, 7.17158e-05
PHY_557, 994.06, 767.04, 7.17158e-05
FILLER_0_277_2141, 994.06, 767.04, 7.17158e-05
FILLER_0_278_2137, 994.06, 767.04, 7.17158e-05
FILLER_0_278_77, 37.94, 767.04, 0.000122523
FILLER_0_279_105, 50.74, 767.04, 0.000123414
FILLER_0_278_133, 63.54, 767.04, 0.000124305
FILLER_0_279_161, 76.34, 767.04, 0.000125196
FILLER_0_278_189, 89.14, 767.04, 0.000126087
FILLER_0_279_217, 101.94, 767.04, 0.000126979
FILLER_0_278_245, 114.74, 767.04, 0.00012787
FILLER_0_279_273, 127.54, 767.04, 0.000128761
FILLER_0_278_301, 140.34, 767.04, 0.000129652
FILLER_0_279_329, 153.14, 767.04, 0.000130543
FILLER_0_278_357, 165.94, 767.04, 0.000131434
FILLER_0_278_413, 191.54, 767.04, 0.000132035
FILLER_0_279_441, 204.34, 767.04, 0.000131744
FILLER_0_278_469, 217.14, 767.04, 0.000131454
FILLER_0_279_497, 229.94, 767.04, 0.000131163
FILLER_0_278_525, 242.74, 767.04, 0.000130872
FILLER_0_279_553, 255.54, 767.04, 0.000130582
FILLER_0_278_581, 268.34, 767.04, 0.000130291
FILLER_0_279_609, 281.14, 767.04, 0.00013
FILLER_0_278_637, 293.94, 767.04, 0.00012971
FILLER_0_279_665, 306.74, 767.04, 0.000129419
FILLER_0_278_693, 319.54, 767.04, 0.000129128
FILLER_0_278_749, 345.14, 767.04, 0.00012867
FILLER_0_279_777, 357.94, 767.04, 0.000128502
FILLER_0_278_805, 370.74, 767.04, 0.000128335
FILLER_0_279_833, 383.54, 767.04, 0.000128167
FILLER_0_278_861, 396.34, 767.04, 0.000127999
FILLER_0_279_889, 409.14, 767.04, 0.000127832
FILLER_0_278_917, 421.94, 767.04, 0.000127664
FILLER_0_279_945, 434.74, 767.04, 0.000127496
FILLER_0_278_973, 447.54, 767.04, 0.000127329
FILLER_0_279_1001, 460.34, 767.04, 0.000127161
FILLER_0_278_1029, 473.14, 767.04, 0.000126993
FILLER_0_278_1085, 498.74, 767.04, 0.000123201
FILLER_0_279_1113, 511.54, 767.04, 0.000119576
FILLER_0_278_1141, 524.34, 767.04, 0.000115952
FILLER_0_279_1169, 537.14, 767.04, 0.000112327
FILLER_0_278_1197, 549.94, 767.04, 0.000108703
FILLER_0_279_1225, 562.74, 767.04, 0.000105078
FILLER_0_278_1253, 575.54, 767.04, 0.000101453
FILLER_0_277_1281, 601.14, 767.04, 9.42039e-05
FILLER_0_278_1309, 613.94, 767.04, 9.05793e-05
FILLER_0_277_1337, 626.74, 767.04, 8.69546e-05
FILLER_0_277_1393, 652.34, 767.04, 8.3235e-05
FILLER_0_278_1421, 665.14, 767.04, 8.31401e-05
FILLER_0_277_1449, 677.94, 767.04, 8.30452e-05
FILLER_0_278_1477, 690.74, 767.04, 8.29503e-05
FILLER_0_277_1505, 703.54, 767.04, 8.28553e-05
FILLER_0_278_1533, 716.34, 767.04, 8.27604e-05
FILLER_0_277_1561, 729.14, 767.04, 8.26654e-05
FILLER_0_278_1589, 741.94, 767.04, 8.25704e-05
FILLER_0_277_1617, 754.74, 767.04, 8.24754e-05
FILLER_0_278_1645, 767.54, 767.04, 8.23804e-05
FILLER_0_277_1673, 780.34, 767.04, 8.22854e-05
FILLER_0_277_1729, 805.94, 767.04, 8.13176e-05
FILLER_0_278_1757, 818.74, 767.04, 8.04447e-05
FILLER_0_277_1785, 831.54, 767.04, 7.95719e-05
FILLER_0_278_1813, 844.34, 767.04, 7.8699e-05
FILLER_0_277_1841, 857.14, 767.04, 7.78261e-05
FILLER_0_278_1869, 869.94, 767.04, 7.69532e-05
FILLER_0_277_1897, 882.74, 767.04, 7.60803e-05
FILLER_0_278_1925, 895.54, 767.04, 7.52074e-05
FILLER_0_277_1953, 908.34, 767.04, 7.43344e-05
FILLER_0_278_1981, 921.14, 767.04, 7.34615e-05
FILLER_0_277_2009, 933.94, 767.04, 7.25885e-05
FILLER_0_277_2065, 958.57, 767.04, 7.17156e-05
FILLER_0_278_2093, 970.4, 767.04, 7.17157e-05
FILLER_0_277_2121, 982.23, 767.04, 7.17157e-05
PHY_550, 5.52, 761.6, 0.000121319
PHY_552, 5.52, 761.6, 0.000121319
PHY_551, 994.06, 761.6, 7.21876e-05
PHY_553, 994.06, 761.6, 7.21876e-05
FILLER_0_275_2141, 994.06, 761.6, 7.21876e-05
FILLER_0_276_2137, 994.06, 761.6, 7.21876e-05
FILLER_0_276_77, 37.94, 761.6, 0.000122358
FILLER_0_277_105, 50.74, 761.6, 0.000123396
FILLER_0_276_133, 63.54, 761.6, 0.000124435
FILLER_0_277_161, 76.34, 761.6, 0.000125474
FILLER_0_276_189, 89.14, 761.6, 0.000126512
FILLER_0_277_217, 101.94, 761.6, 0.000127551
FILLER_0_276_245, 114.74, 761.6, 0.00012859
FILLER_0_277_273, 127.54, 761.6, 0.000129629
FILLER_0_276_301, 140.34, 761.6, 0.000130667
FILLER_0_277_329, 153.14, 761.6, 0.000131706
FILLER_0_276_357, 165.94, 761.6, 0.000132744
FILLER_0_276_413, 191.54, 761.6, 0.000133549
FILLER_0_277_441, 204.34, 761.6, 0.000133315
FILLER_0_276_469, 217.14, 761.6, 0.000133082
FILLER_0_277_497, 229.94, 761.6, 0.000132848
FILLER_0_276_525, 242.74, 761.6, 0.000132614
FILLER_0_277_553, 255.54, 761.6, 0.00013238
FILLER_0_276_581, 268.34, 761.6, 0.000132146
FILLER_0_277_609, 281.14, 761.6, 0.000131912
FILLER_0_276_637, 293.94, 761.6, 0.000131678
FILLER_0_277_665, 306.74, 761.6, 0.000131444
FILLER_0_276_693, 319.54, 761.6, 0.00013121
FILLER_0_276_749, 345.14, 761.6, 0.000131112
FILLER_0_277_777, 357.94, 761.6, 0.000131249
FILLER_0_276_805, 370.74, 761.6, 0.000131385
FILLER_0_277_833, 383.54, 761.6, 0.000131521
FILLER_0_276_861, 396.34, 761.6, 0.000131657
FILLER_0_277_889, 409.14, 761.6, 0.000131793
FILLER_0_276_917, 421.94, 761.6, 0.00013193
FILLER_0_277_945, 434.74, 761.6, 0.000132066
FILLER_0_276_973, 447.54, 761.6, 0.000132202
FILLER_0_277_1001, 460.34, 761.6, 0.000132338
FILLER_0_276_1029, 473.14, 761.6, 0.000132474
FILLER_0_276_1085, 498.74, 761.6, 0.000129143
FILLER_0_277_1113, 511.54, 761.6, 0.000125677
FILLER_0_276_1141, 524.34, 761.6, 0.00012221
FILLER_0_277_1169, 537.14, 761.6, 0.000118743
FILLER_0_276_1197, 549.94, 761.6, 0.000115276
FILLER_0_277_1225, 562.74, 761.6, 0.000111809
FILLER_0_276_1253, 575.54, 761.6, 0.000108342
FILLER_0_275_1281, 601.14, 761.6, 0.000101408
FILLER_0_276_1309, 613.94, 761.6, 9.7941e-05
FILLER_0_275_1337, 626.74, 761.6, 9.4474e-05
FILLER_0_275_1393, 652.34, 761.6, 9.05493e-05
FILLER_0_276_1421, 665.14, 761.6, 9.00916e-05
FILLER_0_275_1449, 677.94, 761.6, 8.96338e-05
FILLER_0_276_1477, 690.74, 761.6, 8.91761e-05
FILLER_0_275_1505, 703.54, 761.6, 8.87183e-05
FILLER_0_276_1533, 716.34, 761.6, 8.82606e-05
FILLER_0_275_1561, 729.14, 761.6, 8.78028e-05
FILLER_0_276_1589, 741.94, 761.6, 8.7345e-05
FILLER_0_275_1617, 754.74, 761.6, 8.68872e-05
FILLER_0_276_1645, 767.54, 761.6, 8.64294e-05
FILLER_0_275_1673, 780.34, 761.6, 8.59716e-05
FILLER_0_275_1729, 805.94, 761.6, 8.44033e-05
FILLER_0_276_1757, 818.74, 761.6, 8.32928e-05
FILLER_0_275_1785, 831.54, 761.6, 8.21823e-05
FILLER_0_276_1813, 844.34, 761.6, 8.10718e-05
FILLER_0_275_1841, 857.14, 761.6, 7.99613e-05
FILLER_0_276_1869, 869.94, 761.6, 7.88508e-05
FILLER_0_275_1897, 882.74, 761.6, 7.77402e-05
FILLER_0_276_1925, 895.54, 761.6, 7.66297e-05
FILLER_0_275_1953, 908.34, 761.6, 7.55191e-05
FILLER_0_276_1981, 921.14, 761.6, 7.44085e-05
FILLER_0_275_2009, 933.94, 761.6, 7.3298e-05
FILLER_0_275_2065, 958.57, 761.6, 7.21874e-05
FILLER_0_276_2093, 970.4, 761.6, 7.21875e-05
FILLER_0_275_2121, 982.23, 761.6, 7.21875e-05
PHY_546, 5.52, 756.16, 0.000120963
PHY_548, 5.52, 756.16, 0.000120963
PHY_547, 994.06, 756.16, 7.26105e-05
PHY_549, 994.06, 756.16, 7.26105e-05
FILLER_0_273_2141, 994.06, 756.16, 7.26105e-05
FILLER_0_274_2137, 994.06, 756.16, 7.26105e-05
FILLER_0_274_77, 37.94, 756.16, 0.000122157
FILLER_0_275_105, 50.74, 756.16, 0.000123351
FILLER_0_274_133, 63.54, 756.16, 0.000124545
FILLER_0_275_161, 76.34, 756.16, 0.000125739
FILLER_0_274_189, 89.14, 756.16, 0.000126933
FILLER_0_275_217, 101.94, 756.16, 0.000128128
FILLER_0_274_245, 114.74, 756.16, 0.000129322
FILLER_0_275_273, 127.54, 756.16, 0.000130516
FILLER_0_274_301, 140.34, 756.16, 0.00013171
FILLER_0_275_329, 153.14, 756.16, 0.000132904
FILLER_0_274_357, 165.94, 756.16, 0.000134098
FILLER_0_274_413, 191.54, 756.16, 0.00013511
FILLER_0_275_441, 204.34, 756.16, 0.000134929
FILLER_0_274_469, 217.14, 756.16, 0.000134747
FILLER_0_275_497, 229.94, 756.16, 0.000134565
FILLER_0_274_525, 242.74, 756.16, 0.000134383
FILLER_0_275_553, 255.54, 756.16, 0.000134202
FILLER_0_274_581, 268.34, 756.16, 0.00013402
FILLER_0_275_609, 281.14, 756.16, 0.000133838
FILLER_0_274_637, 293.94, 756.16, 0.000133656
FILLER_0_275_665, 306.74, 756.16, 0.000133474
FILLER_0_274_693, 319.54, 756.16, 0.000133293
FILLER_0_274_749, 345.14, 756.16, 0.000133563
FILLER_0_275_777, 357.94, 756.16, 0.000134016
FILLER_0_274_805, 370.74, 756.16, 0.000134468
FILLER_0_275_833, 383.54, 756.16, 0.000134921
FILLER_0_274_861, 396.34, 756.16, 0.000135374
FILLER_0_275_889, 409.14, 756.16, 0.000135826
FILLER_0_274_917, 421.94, 756.16, 0.000136279
FILLER_0_275_945, 434.74, 756.16, 0.000136731
FILLER_0_274_973, 447.54, 756.16, 0.000137184
FILLER_0_275_1001, 460.34, 756.16, 0.000137636
FILLER_0_274_1029, 473.14, 756.16, 0.000138088
FILLER_0_274_1085, 498.74, 756.16, 0.00013521
FILLER_0_275_1113, 511.54, 756.16, 0.000131879
FILLER_0_274_1141, 524.34, 756.16, 0.000128547
FILLER_0_275_1169, 537.14, 756.16, 0.000125216
FILLER_0_274_1197, 549.94, 756.16, 0.000121885
FILLER_0_275_1225, 562.74, 756.16, 0.000118554
FILLER_0_274_1253, 575.54, 756.16, 0.000115222
FILLER_0_273_1281, 601.14, 756.16, 0.00010856
FILLER_0_274_1309, 613.94, 756.16, 0.000105228
FILLER_0_273_1337, 626.74, 756.16, 0.000101897
FILLER_0_273_1393, 652.34, 756.16, 9.77567e-05
FILLER_0_274_1421, 665.14, 756.16, 9.69475e-05
FILLER_0_273_1449, 677.94, 756.16, 9.61383e-05
FILLER_0_274_1477, 690.74, 756.16, 9.53292e-05
FILLER_0_273_1505, 703.54, 756.16, 9.452e-05
FILLER_0_274_1533, 716.34, 756.16, 9.37107e-05
FILLER_0_273_1561, 729.14, 756.16, 9.29015e-05
FILLER_0_274_1589, 741.94, 756.16, 9.20923e-05
FILLER_0_273_1617, 754.74, 756.16, 9.1283e-05
FILLER_0_274_1645, 767.54, 756.16, 9.04738e-05
FILLER_0_273_1673, 780.34, 756.16, 8.96645e-05
FILLER_0_273_1729, 805.94, 756.16, 8.75016e-05
FILLER_0_274_1757, 818.74, 756.16, 8.61479e-05
FILLER_0_273_1785, 831.54, 756.16, 8.47941e-05
FILLER_0_274_1813, 844.34, 756.16, 8.34404e-05
FILLER_0_273_1841, 857.14, 756.16, 8.20867e-05
FILLER_0_274_1869, 869.94, 756.16, 8.0733e-05
FILLER_0_273_1897, 882.74, 756.16, 7.93792e-05
FILLER_0_274_1925, 895.54, 756.16, 7.80254e-05
FILLER_0_273_1953, 908.34, 756.16, 7.66717e-05
FILLER_0_274_1981, 921.14, 756.16, 7.53179e-05
FILLER_0_273_2009, 933.94, 756.16, 7.39641e-05
FILLER_0_273_2065, 958.57, 756.16, 7.26103e-05
FILLER_0_274_2093, 970.4, 756.16, 7.26104e-05
FILLER_0_273_2121, 982.23, 756.16, 7.26105e-05
PHY_542, 5.52, 750.72, 0.000120556
PHY_544, 5.52, 750.72, 0.000120556
PHY_543, 994.06, 750.72, 7.29733e-05
PHY_545, 994.06, 750.72, 7.29733e-05
FILLER_0_271_2141, 994.06, 750.72, 7.29733e-05
FILLER_0_272_2137, 994.06, 750.72, 7.29733e-05
FILLER_0_272_77, 37.94, 750.72, 0.000121915
FILLER_0_273_105, 50.74, 750.72, 0.000123273
FILLER_0_272_133, 63.54, 750.72, 0.000124631
FILLER_0_273_161, 76.34, 750.72, 0.00012599
FILLER_0_272_189, 89.14, 750.72, 0.000127348
FILLER_0_273_217, 101.94, 750.72, 0.000128706
FILLER_0_272_245, 114.74, 750.72, 0.000130064
FILLER_0_273_273, 127.54, 750.72, 0.000131423
FILLER_0_272_301, 140.34, 750.72, 0.000132781
FILLER_0_273_329, 153.14, 750.72, 0.000134139
FILLER_0_272_357, 165.94, 750.72, 0.000135497
FILLER_0_272_413, 191.54, 750.72, 0.00013672
FILLER_0_273_441, 204.34, 750.72, 0.000136585
FILLER_0_272_469, 217.14, 750.72, 0.000136449
FILLER_0_273_497, 229.94, 750.72, 0.000136314
FILLER_0_272_525, 242.74, 750.72, 0.000136179
FILLER_0_273_553, 255.54, 750.72, 0.000136043
FILLER_0_272_581, 268.34, 750.72, 0.000135908
FILLER_0_273_609, 281.14, 750.72, 0.000135772
FILLER_0_272_637, 293.94, 750.72, 0.000135637
FILLER_0_273_665, 306.74, 750.72, 0.000135501
FILLER_0_272_693, 319.54, 750.72, 0.000135366
FILLER_0_272_749, 345.14, 750.72, 0.000136013
FILLER_0_273_777, 357.94, 750.72, 0.000136796
FILLER_0_272_805, 370.74, 750.72, 0.000137579
FILLER_0_273_833, 383.54, 750.72, 0.000138362
FILLER_0_272_861, 396.34, 750.72, 0.000139145
FILLER_0_273_889, 409.14, 750.72, 0.000139928
FILLER_0_272_917, 421.94, 750.72, 0.000140711
FILLER_0_273_945, 434.74, 750.72, 0.000141494
FILLER_0_272_973, 447.54, 750.72, 0.000142277
FILLER_0_273_1001, 460.34, 750.72, 0.00014306
FILLER_0_272_1029, 473.14, 750.72, 0.000143843
FILLER_0_272_1085, 498.74, 750.72, 0.000141409
FILLER_0_273_1113, 511.54, 750.72, 0.000138193
FILLER_0_272_1141, 524.34, 750.72, 0.000134976
FILLER_0_273_1169, 537.14, 750.72, 0.00013176
FILLER_0_272_1197, 549.94, 750.72, 0.000128543
FILLER_0_273_1225, 562.74, 750.72, 0.000125327
FILLER_0_272_1253, 575.54, 750.72, 0.00012211
FILLER_0_271_1281, 601.14, 750.72, 0.000115677
FILLER_0_272_1309, 613.94, 750.72, 0.000112461
FILLER_0_271_1337, 626.74, 750.72, 0.000109244
FILLER_0_271_1393, 652.34, 750.72, 0.000104876
FILLER_0_272_1421, 665.14, 750.72, 0.000103725
FILLER_0_271_1449, 677.94, 750.72, 0.000102573
FILLER_0_272_1477, 690.74, 750.72, 0.000101422
FILLER_0_271_1505, 703.54, 750.72, 0.000100271
FILLER_0_272_1533, 716.34, 750.72, 9.91193e-05
FILLER_0_271_1561, 729.14, 750.72, 9.79679e-05
FILLER_0_272_1589, 741.94, 750.72, 9.68164e-05
FILLER_0_271_1617, 754.74, 750.72, 9.5665e-05
FILLER_0_272_1645, 767.54, 750.72, 9.45136e-05
FILLER_0_271_1673, 780.34, 750.72, 9.33622e-05
FILLER_0_271_1729, 805.94, 750.72, 9.06076e-05
FILLER_0_272_1757, 818.74, 750.72, 8.90045e-05
FILLER_0_271_1785, 831.54, 750.72, 8.74015e-05
FILLER_0_272_1813, 844.34, 750.72, 8.57983e-05
FILLER_0_271_1841, 857.14, 750.72, 8.41952e-05
FILLER_0_272_1869, 869.94, 750.72, 8.25921e-05
FILLER_0_271_1897, 882.74, 750.72, 8.0989e-05
FILLER_0_272_1925, 895.54, 750.72, 7.93858e-05
FILLER_0_271_1953, 908.34, 750.72, 7.77827e-05
FILLER_0_272_1981, 921.14, 750.72, 7.61795e-05
FILLER_0_271_2009, 933.94, 750.72, 7.45763e-05
FILLER_0_271_2065, 958.57, 750.72, 7.29732e-05
FILLER_0_272_2093, 970.4, 750.72, 7.29732e-05
FILLER_0_271_2121, 982.23, 750.72, 7.29733e-05
PHY_538, 5.52, 745.28, 0.000120092
PHY_540, 5.52, 745.28, 0.000120092
PHY_539, 994.06, 745.28, 7.32647e-05
PHY_541, 994.06, 745.28, 7.32647e-05
FILLER_0_269_2141, 994.06, 745.28, 7.32647e-05
FILLER_0_270_2137, 994.06, 745.28, 7.32647e-05
FILLER_0_270_77, 37.94, 745.28, 0.000121624
FILLER_0_271_105, 50.74, 745.28, 0.000123157
FILLER_0_270_133, 63.54, 745.28, 0.000124689
FILLER_0_271_161, 76.34, 745.28, 0.000126221
FILLER_0_270_189, 89.14, 745.28, 0.000127753
FILLER_0_271_217, 101.94, 745.28, 0.000129285
FILLER_0_270_245, 114.74, 745.28, 0.000130817
FILLER_0_271_273, 127.54, 745.28, 0.000132349
FILLER_0_270_301, 140.34, 745.28, 0.000133881
FILLER_0_271_329, 153.14, 745.28, 0.000135413
FILLER_0_270_357, 165.94, 745.28, 0.000136946
FILLER_0_270_413, 191.54, 745.28, 0.000138381
FILLER_0_271_441, 204.34, 745.28, 0.000138285
FILLER_0_270_469, 217.14, 745.28, 0.000138189
FILLER_0_271_497, 229.94, 745.28, 0.000138093
FILLER_0_270_525, 242.74, 745.28, 0.000137997
FILLER_0_271_553, 255.54, 745.28, 0.000137901
FILLER_0_270_581, 268.34, 745.28, 0.000137805
FILLER_0_271_609, 281.14, 745.28, 0.000137709
FILLER_0_270_637, 293.94, 745.28, 0.000137612
FILLER_0_271_665, 306.74, 745.28, 0.000137516
FILLER_0_270_693, 319.54, 745.28, 0.00013742
FILLER_0_270_749, 345.14, 745.28, 0.000138453
FILLER_0_271_777, 357.94, 745.28, 0.000139582
FILLER_0_270_805, 370.74, 745.28, 0.000140711
FILLER_0_271_833, 383.54, 745.28, 0.000141841
FILLER_0_270_861, 396.34, 745.28, 0.00014297
FILLER_0_271_889, 409.14, 745.28, 0.000144099
FILLER_0_270_917, 421.94, 745.28, 0.000145228
FILLER_0_271_945, 434.74, 745.28, 0.000146357
FILLER_0_270_973, 447.54, 745.28, 0.000147486
FILLER_0_271_1001, 460.34, 745.28, 0.000148616
FILLER_0_270_1029, 473.14, 745.28, 0.000149745
FILLER_0_270_1085, 498.74, 745.28, 0.000147752
FILLER_0_271_1113, 511.54, 745.28, 0.00014463
FILLER_0_270_1141, 524.34, 745.28, 0.000141508
FILLER_0_271_1169, 537.14, 745.28, 0.000138386
FILLER_0_270_1197, 549.94, 745.28, 0.000135265
FILLER_0_271_1225, 562.74, 745.28, 0.000132143
FILLER_0_270_1253, 575.54, 745.28, 0.000129021
FILLER_0_269_1281, 601.14, 745.28, 0.000122777
FILLER_0_270_1309, 613.94, 745.28, 0.000119655
FILLER_0_269_1337, 626.74, 745.28, 0.000116533
FILLER_0_269_1393, 652.34, 745.28, 0.000111925
FILLER_0_270_1421, 665.14, 745.28, 0.000110439
FILLER_0_269_1449, 677.94, 745.28, 0.000108953
FILLER_0_270_1477, 690.74, 745.28, 0.000107467
FILLER_0_269_1505, 703.54, 745.28, 0.00010598
FILLER_0_270_1533, 716.34, 745.28, 0.000104494
FILLER_0_269_1561, 729.14, 745.28, 0.000103008
FILLER_0_270_1589, 741.94, 745.28, 0.000101522
FILLER_0_269_1617, 754.74, 745.28, 0.000100036
FILLER_0_270_1645, 767.54, 745.28, 9.85493e-05
FILLER_0_269_1673, 780.34, 745.28, 9.7063e-05
FILLER_0_269_1729, 805.94, 745.28, 9.37174e-05
FILLER_0_270_1757, 818.74, 745.28, 9.18581e-05
FILLER_0_269_1785, 831.54, 745.28, 8.99988e-05
FILLER_0_270_1813, 844.34, 745.28, 8.81395e-05
FILLER_0_269_1841, 857.14, 745.28, 8.62801e-05
FILLER_0_270_1869, 869.94, 745.28, 8.44208e-05
FILLER_0_269_1897, 882.74, 745.28, 8.25614e-05
FILLER_0_270_1925, 895.54, 745.28, 8.0702e-05
FILLER_0_269_1953, 908.34, 745.28, 7.88427e-05
FILLER_0_270_1981, 921.14, 745.28, 7.69833e-05
FILLER_0_269_2009, 933.94, 745.28, 7.51239e-05
FILLER_0_269_2065, 958.57, 745.28, 7.32645e-05
FILLER_0_270_2093, 970.4, 745.28, 7.32646e-05
FILLER_0_269_2121, 982.23, 745.28, 7.32646e-05
PHY_534, 5.52, 739.84, 0.000119563
PHY_536, 5.52, 739.84, 0.000119563
PHY_535, 994.06, 739.84, 7.34728e-05
PHY_537, 994.06, 739.84, 7.34728e-05
FILLER_0_267_2141, 994.06, 739.84, 7.34728e-05
FILLER_0_268_2137, 994.06, 739.84, 7.34728e-05
FILLER_0_268_77, 37.94, 739.84, 0.00012128
FILLER_0_269_105, 50.74, 739.84, 0.000122997
FILLER_0_268_133, 63.54, 739.84, 0.000124713
FILLER_0_269_161, 76.34, 739.84, 0.00012643
FILLER_0_268_189, 89.14, 739.84, 0.000128146
FILLER_0_269_217, 101.94, 739.84, 0.000129863
FILLER_0_268_245, 114.74, 739.84, 0.00013158
FILLER_0_269_273, 127.54, 739.84, 0.000133296
FILLER_0_268_301, 140.34, 739.84, 0.000135013
FILLER_0_269_329, 153.14, 739.84, 0.00013673
FILLER_0_268_357, 165.94, 739.84, 0.000138446
FILLER_0_268_413, 191.54, 739.84, 0.000140097
FILLER_0_269_441, 204.34, 739.84, 0.000140032
FILLER_0_268_469, 217.14, 739.84, 0.000139967
FILLER_0_269_497, 229.94, 739.84, 0.000139902
FILLER_0_268_525, 242.74, 739.84, 0.000139836
FILLER_0_269_553, 255.54, 739.84, 0.000139771
FILLER_0_268_581, 268.34, 739.84, 0.000139706
FILLER_0_269_609, 281.14, 739.84, 0.00013964
FILLER_0_268_637, 293.94, 739.84, 0.000139575
FILLER_0_269_665, 306.74, 739.84, 0.00013951
FILLER_0_268_693, 319.54, 739.84, 0.000139444
FILLER_0_268_749, 345.14, 739.84, 0.000140872
FILLER_0_269_777, 357.94, 739.84, 0.000142365
FILLER_0_268_805, 370.74, 739.84, 0.000143859
FILLER_0_269_833, 383.54, 739.84, 0.000145352
FILLER_0_268_861, 396.34, 739.84, 0.000146845
FILLER_0_269_889, 409.14, 739.84, 0.000148338
FILLER_0_268_917, 421.94, 739.84, 0.000149831
FILLER_0_269_945, 434.74, 739.84, 0.000151324
FILLER_0_268_973, 447.54, 739.84, 0.000152817
FILLER_0_269_1001, 460.34, 739.84, 0.000154311
FILLER_0_268_1029, 473.14, 739.84, 0.000155804
FILLER_0_268_1085, 498.74, 739.84, 0.00015425
FILLER_0_269_1113, 511.54, 739.84, 0.000151203
FILLER_0_268_1141, 524.34, 739.84, 0.000148157
FILLER_0_269_1169, 537.14, 739.84, 0.00014511
FILLER_0_268_1197, 549.94, 739.84, 0.000142064
FILLER_0_269_1225, 562.74, 739.84, 0.000139017
FILLER_0_268_1253, 575.54, 739.84, 0.00013597
FILLER_0_267_1281, 601.14, 739.84, 0.000129877
FILLER_0_268_1309, 613.94, 739.84, 0.00012683
FILLER_0_267_1337, 626.74, 739.84, 0.000123783
FILLER_0_267_1393, 652.34, 739.84, 0.000118921
FILLER_0_268_1421, 665.14, 739.84, 0.000117106
FILLER_0_267_1449, 677.94, 739.84, 0.00011529
FILLER_0_268_1477, 690.74, 739.84, 0.000113475
FILLER_0_267_1505, 703.54, 739.84, 0.000111659
FILLER_0_268_1533, 716.34, 739.84, 0.000109844
FILLER_0_267_1561, 729.14, 739.84, 0.000108028
FILLER_0_268_1589, 741.94, 739.84, 0.000106213
FILLER_0_267_1617, 754.74, 739.84, 0.000104397
FILLER_0_268_1645, 767.54, 739.84, 0.000102582
FILLER_0_267_1673, 780.34, 739.84, 0.000100766
FILLER_0_267_1729, 805.94, 739.84, 9.68273e-05
FILLER_0_268_1757, 818.74, 739.84, 9.47042e-05
FILLER_0_267_1785, 831.54, 739.84, 9.25811e-05
FILLER_0_268_1813, 844.34, 739.84, 9.04579e-05
FILLER_0_267_1841, 857.14, 739.84, 8.83348e-05
FILLER_0_268_1869, 869.94, 739.84, 8.62117e-05
FILLER_0_267_1897, 882.74, 739.84, 8.40885e-05
FILLER_0_268_1925, 895.54, 739.84, 8.19653e-05
FILLER_0_267_1953, 908.34, 739.84, 7.98421e-05
FILLER_0_268_1981, 921.14, 739.84, 7.7719e-05
FILLER_0_267_2009, 933.94, 739.84, 7.55957e-05
FILLER_0_267_2065, 958.57, 739.84, 7.34726e-05
FILLER_0_268_2093, 970.4, 739.84, 7.34727e-05
FILLER_0_267_2121, 982.23, 739.84, 7.34727e-05
PHY_530, 5.52, 734.4, 0.000118961
PHY_532, 5.52, 734.4, 0.000118961
PHY_531, 994.06, 734.4, 7.35856e-05
PHY_533, 994.06, 734.4, 7.35856e-05
FILLER_0_265_2141, 994.06, 734.4, 7.35856e-05
FILLER_0_266_2137, 994.06, 734.4, 7.35856e-05
FILLER_0_266_77, 37.94, 734.4, 0.000120874
FILLER_0_267_105, 50.74, 734.4, 0.000122787
FILLER_0_266_133, 63.54, 734.4, 0.0001247
FILLER_0_267_161, 76.34, 734.4, 0.000126613
FILLER_0_266_189, 89.14, 734.4, 0.000128526
FILLER_0_267_217, 101.94, 734.4, 0.000130439
FILLER_0_266_245, 114.74, 734.4, 0.000132352
FILLER_0_267_273, 127.54, 734.4, 0.000134265
FILLER_0_266_301, 140.34, 734.4, 0.000136178
FILLER_0_267_329, 153.14, 734.4, 0.00013809
FILLER_0_266_357, 165.94, 734.4, 0.000140003
FILLER_0_266_413, 191.54, 734.4, 0.000141872
FILLER_0_267_441, 204.34, 734.4, 0.000141827
FILLER_0_266_469, 217.14, 734.4, 0.000141783
FILLER_0_267_497, 229.94, 734.4, 0.000141739
FILLER_0_266_525, 242.74, 734.4, 0.000141694
FILLER_0_267_553, 255.54, 734.4, 0.00014165
FILLER_0_266_581, 268.34, 734.4, 0.000141605
FILLER_0_267_609, 281.14, 734.4, 0.000141561
FILLER_0_266_637, 293.94, 734.4, 0.000141516
FILLER_0_267_665, 306.74, 734.4, 0.000141472
FILLER_0_266_693, 319.54, 734.4, 0.000141427
FILLER_0_266_749, 345.14, 734.4, 0.00014326
FILLER_0_267_777, 357.94, 734.4, 0.000145137
FILLER_0_266_805, 370.74, 734.4, 0.000147014
FILLER_0_267_833, 383.54, 734.4, 0.000148891
FILLER_0_266_861, 396.34, 734.4, 0.000150768
FILLER_0_267_889, 409.14, 734.4, 0.000152645
FILLER_0_266_917, 421.94, 734.4, 0.000154522
FILLER_0_267_945, 434.74, 734.4, 0.000156399
FILLER_0_266_973, 447.54, 734.4, 0.000158276
FILLER_0_267_1001, 460.34, 734.4, 0.000160153
FILLER_0_266_1029, 473.14, 734.4, 0.00016203
FILLER_0_266_1085, 498.74, 734.4, 0.000160916
FILLER_0_267_1113, 511.54, 734.4, 0.000157926
FILLER_0_266_1141, 524.34, 734.4, 0.000154935
FILLER_0_267_1169, 537.14, 734.4, 0.000151945
FILLER_0_266_1197, 549.94, 734.4, 0.000148954
FILLER_0_267_1225, 562.74, 734.4, 0.000145964
FILLER_0_266_1253, 575.54, 734.4, 0.000142973
FILLER_0_265_1281, 601.14, 734.4, 0.000136992
FILLER_0_266_1309, 613.94, 734.4, 0.000134002
FILLER_0_265_1337, 626.74, 734.4, 0.000131011
FILLER_0_265_1393, 652.34, 734.4, 0.00012588
FILLER_0_266_1421, 665.14, 734.4, 0.000123739
FILLER_0_265_1449, 677.94, 734.4, 0.000121598
FILLER_0_266_1477, 690.74, 734.4, 0.000119457
FILLER_0_265_1505, 703.54, 734.4, 0.000117316
FILLER_0_266_1533, 716.34, 734.4, 0.000115175
FILLER_0_265_1561, 729.14, 734.4, 0.000113034
FILLER_0_266_1589, 741.94, 734.4, 0.000110893
FILLER_0_265_1617, 754.74, 734.4, 0.000108752
FILLER_0_266_1645, 767.54, 734.4, 0.000106611
FILLER_0_265_1673, 780.34, 734.4, 0.00010447
FILLER_0_265_1729, 805.94, 734.4, 9.9934e-05
FILLER_0_266_1757, 818.74, 734.4, 9.75387e-05
FILLER_0_265_1785, 831.54, 734.4, 9.51434e-05
FILLER_0_266_1813, 844.34, 734.4, 9.27481e-05
FILLER_0_265_1841, 857.14, 734.4, 9.03528e-05
FILLER_0_266_1869, 869.94, 734.4, 8.79575e-05
FILLER_0_265_1897, 882.74, 734.4, 8.55622e-05
FILLER_0_266_1925, 895.54, 734.4, 8.31668e-05
FILLER_0_265_1953, 908.34, 734.4, 8.07715e-05
FILLER_0_266_1981, 921.14, 734.4, 7.83761e-05
FILLER_0_265_2009, 933.94, 734.4, 7.59808e-05
FILLER_0_265_2065, 958.57, 734.4, 7.35854e-05
FILLER_0_266_2093, 970.4, 734.4, 7.35855e-05
FILLER_0_265_2121, 982.23, 734.4, 7.35856e-05
PHY_526, 5.52, 728.96, 0.000118277
PHY_528, 5.52, 728.96, 0.000118277
PHY_527, 994.06, 728.96, 7.35908e-05
PHY_529, 994.06, 728.96, 7.35908e-05
FILLER_0_263_2141, 994.06, 728.96, 7.35908e-05
FILLER_0_264_2137, 994.06, 728.96, 7.35908e-05
FILLER_0_264_77, 37.94, 728.96, 0.000120399
FILLER_0_265_105, 50.74, 728.96, 0.000122522
FILLER_0_264_133, 63.54, 728.96, 0.000124644
FILLER_0_265_161, 76.34, 728.96, 0.000126766
FILLER_0_264_189, 89.14, 728.96, 0.000128889
FILLER_0_265_217, 101.94, 728.96, 0.000131011
FILLER_0_264_245, 114.74, 728.96, 0.000133133
FILLER_0_265_273, 127.54, 728.96, 0.000135255
FILLER_0_264_301, 140.34, 728.96, 0.000137378
FILLER_0_265_329, 153.14, 728.96, 0.0001395
FILLER_0_264_357, 165.94, 728.96, 0.000141622
FILLER_0_264_413, 191.54, 728.96, 0.000143709
FILLER_0_265_441, 204.34, 728.96, 0.000143674
FILLER_0_264_469, 217.14, 728.96, 0.000143639
FILLER_0_265_497, 229.94, 728.96, 0.000143603
FILLER_0_264_525, 242.74, 728.96, 0.000143568
FILLER_0_265_553, 255.54, 728.96, 0.000143533
FILLER_0_264_581, 268.34, 728.96, 0.000143498
FILLER_0_265_609, 281.14, 728.96, 0.000143462
FILLER_0_264_637, 293.94, 728.96, 0.000143427
FILLER_0_265_665, 306.74, 728.96, 0.000143392
FILLER_0_264_693, 319.54, 728.96, 0.000143356
FILLER_0_264_749, 345.14, 728.96, 0.000145604
FILLER_0_265_777, 357.94, 728.96, 0.000147887
FILLER_0_264_805, 370.74, 728.96, 0.000150171
FILLER_0_265_833, 383.54, 728.96, 0.000152454
FILLER_0_264_861, 396.34, 728.96, 0.000154737
FILLER_0_265_889, 409.14, 728.96, 0.00015702
FILLER_0_264_917, 421.94, 728.96, 0.000159303
FILLER_0_265_945, 434.74, 728.96, 0.000161586
FILLER_0_264_973, 447.54, 728.96, 0.000163869
FILLER_0_265_1001, 460.34, 728.96, 0.000166152
FILLER_0_264_1029, 473.14, 728.96, 0.000168435
FILLER_0_264_1085, 498.74, 728.96, 0.000167765
FILLER_0_265_1113, 511.54, 728.96, 0.000164812
FILLER_0_264_1141, 524.34, 728.96, 0.000161859
FILLER_0_265_1169, 537.14, 728.96, 0.000158906
FILLER_0_264_1197, 549.94, 728.96, 0.000155953
FILLER_0_265_1225, 562.74, 728.96, 0.000153
FILLER_0_264_1253, 575.54, 728.96, 0.000150046
FILLER_0_263_1281, 601.14, 728.96, 0.00014414
FILLER_0_264_1309, 613.94, 728.96, 0.000141187
FILLER_0_263_1337, 626.74, 728.96, 0.000138234
FILLER_0_263_1393, 652.34, 728.96, 0.000132816
FILLER_0_264_1421, 665.14, 728.96, 0.000130352
FILLER_0_263_1449, 677.94, 728.96, 0.000127888
FILLER_0_264_1477, 690.74, 728.96, 0.000125424
FILLER_0_263_1505, 703.54, 728.96, 0.00012296
FILLER_0_264_1533, 716.34, 728.96, 0.000120496
FILLER_0_263_1561, 729.14, 728.96, 0.000118032
FILLER_0_264_1589, 741.94, 728.96, 0.000115568
FILLER_0_263_1617, 754.74, 728.96, 0.000113104
FILLER_0_264_1645, 767.54, 728.96, 0.00011064
FILLER_0_263_1673, 780.34, 728.96, 0.000108175
FILLER_0_263_1729, 805.94, 728.96, 0.000103035
FILLER_0_264_1757, 818.74, 728.96, 0.000100358
FILLER_0_263_1785, 831.54, 728.96, 9.76812e-05
FILLER_0_264_1813, 844.34, 728.96, 9.50045e-05
FILLER_0_263_1841, 857.14, 728.96, 9.23278e-05
FILLER_0_264_1869, 869.94, 728.96, 8.96511e-05
FILLER_0_263_1897, 882.74, 728.96, 8.69744e-05
FILLER_0_264_1925, 895.54, 728.96, 8.42977e-05
FILLER_0_263_1953, 908.34, 728.96, 8.16209e-05
FILLER_0_264_1981, 921.14, 728.96, 7.89442e-05
FILLER_0_263_2009, 933.94, 728.96, 7.62674e-05
FILLER_0_263_2065, 958.57, 728.96, 7.35907e-05
FILLER_0_264_2093, 970.4, 728.96, 7.35907e-05
FILLER_0_263_2121, 982.23, 728.96, 7.35908e-05
PHY_522, 5.52, 723.52, 0.000117503
PHY_524, 5.52, 723.52, 0.000117503
PHY_523, 994.06, 723.52, 7.34757e-05
PHY_525, 994.06, 723.52, 7.34757e-05
FILLER_0_261_2141, 994.06, 723.52, 7.34757e-05
FILLER_0_262_2137, 994.06, 723.52, 7.34757e-05
FILLER_0_262_77, 37.94, 723.52, 0.000119849
FILLER_0_263_105, 50.74, 723.52, 0.000122195
FILLER_0_262_133, 63.54, 723.52, 0.000124541
FILLER_0_263_161, 76.34, 723.52, 0.000126887
FILLER_0_262_189, 89.14, 723.52, 0.000129233
FILLER_0_263_217, 101.94, 723.52, 0.000131579
FILLER_0_262_245, 114.74, 723.52, 0.000133925
FILLER_0_263_273, 127.54, 723.52, 0.00013627
FILLER_0_262_301, 140.34, 723.52, 0.000138616
FILLER_0_263_329, 153.14, 723.52, 0.000140962
FILLER_0_262_357, 165.94, 723.52, 0.000143308
FILLER_0_262_413, 191.54, 723.52, 0.000145614
FILLER_0_263_441, 204.34, 723.52, 0.000145575
FILLER_0_262_469, 217.14, 723.52, 0.000145535
FILLER_0_263_497, 229.94, 723.52, 0.000145496
FILLER_0_262_525, 242.74, 723.52, 0.000145456
FILLER_0_263_553, 255.54, 723.52, 0.000145416
FILLER_0_262_581, 268.34, 723.52, 0.000145377
FILLER_0_263_609, 281.14, 723.52, 0.000145337
FILLER_0_262_637, 293.94, 723.52, 0.000145297
FILLER_0_263_665, 306.74, 723.52, 0.000145258
FILLER_0_262_693, 319.54, 723.52, 0.000145218
FILLER_0_262_749, 345.14, 723.52, 0.000147892
FILLER_0_263_777, 357.94, 723.52, 0.000150606
FILLER_0_262_805, 370.74, 723.52, 0.00015332
FILLER_0_263_833, 383.54, 723.52, 0.000156035
FILLER_0_262_861, 396.34, 723.52, 0.000158749
FILLER_0_263_889, 409.14, 723.52, 0.000161463
FILLER_0_262_917, 421.94, 723.52, 0.000164177
FILLER_0_263_945, 434.74, 723.52, 0.000166891
FILLER_0_262_973, 447.54, 723.52, 0.000169605
FILLER_0_263_1001, 460.34, 723.52, 0.000172319
FILLER_0_262_1029, 473.14, 723.52, 0.000175033
FILLER_0_262_1085, 498.74, 723.52, 0.000174812
FILLER_0_263_1113, 511.54, 723.52, 0.000171878
FILLER_0_262_1141, 524.34, 723.52, 0.000168943
FILLER_0_263_1169, 537.14, 723.52, 0.000166009
FILLER_0_262_1197, 549.94, 723.52, 0.000163074
FILLER_0_263_1225, 562.74, 723.52, 0.00016014
FILLER_0_262_1253, 575.54, 723.52, 0.000157205
FILLER_0_261_1281, 601.14, 723.52, 0.000151336
FILLER_0_262_1309, 613.94, 723.52, 0.000148401
FILLER_0_261_1337, 626.74, 723.52, 0.000145466
FILLER_0_261_1393, 652.34, 723.52, 0.000139745
FILLER_0_262_1421, 665.14, 723.52, 0.000136959
FILLER_0_261_1449, 677.94, 723.52, 0.000134173
FILLER_0_262_1477, 690.74, 723.52, 0.000131386
FILLER_0_261_1505, 703.54, 723.52, 0.0001286
FILLER_0_262_1533, 716.34, 723.52, 0.000125814
FILLER_0_261_1561, 729.14, 723.52, 0.000123027
FILLER_0_262_1589, 741.94, 723.52, 0.000120241
FILLER_0_261_1617, 754.74, 723.52, 0.000117454
FILLER_0_262_1645, 767.54, 723.52, 0.000114668
FILLER_0_261_1673, 780.34, 723.52, 0.000111881
FILLER_0_261_1729, 805.94, 723.52, 0.000106127
FILLER_0_262_1757, 818.74, 723.52, 0.000103158
FILLER_0_261_1785, 831.54, 723.52, 0.00010019
FILLER_0_262_1813, 844.34, 723.52, 9.72219e-05
FILLER_0_261_1841, 857.14, 723.52, 9.42536e-05
FILLER_0_262_1869, 869.94, 723.52, 9.12854e-05
FILLER_0_261_1897, 882.74, 723.52, 8.83171e-05
FILLER_0_262_1925, 895.54, 723.52, 8.53488e-05
FILLER_0_261_1953, 908.34, 723.52, 8.23804e-05
FILLER_0_262_1981, 921.14, 723.52, 7.94121e-05
FILLER_0_261_2009, 933.94, 723.52, 7.64438e-05
FILLER_0_261_2065, 958.57, 723.52, 7.34755e-05
FILLER_0_262_2093, 970.4, 723.52, 7.34756e-05
FILLER_0_261_2121, 982.23, 723.52, 7.34756e-05
PHY_518, 5.52, 718.08, 0.000116628
PHY_520, 5.52, 718.08, 0.000116628
PHY_519, 994.06, 718.08, 7.32269e-05
PHY_521, 994.06, 718.08, 7.32269e-05
FILLER_0_259_2141, 994.06, 718.08, 7.32269e-05
FILLER_0_260_2137, 994.06, 718.08, 7.32269e-05
FILLER_0_260_77, 37.94, 718.08, 0.000119214
FILLER_0_261_105, 50.74, 718.08, 0.000121799
FILLER_0_260_133, 63.54, 718.08, 0.000124385
FILLER_0_261_161, 76.34, 718.08, 0.00012697
FILLER_0_260_189, 89.14, 718.08, 0.000129556
FILLER_0_261_217, 101.94, 718.08, 0.000132141
FILLER_0_260_245, 114.74, 718.08, 0.000134727
FILLER_0_261_273, 127.54, 718.08, 0.000137312
FILLER_0_260_301, 140.34, 718.08, 0.000139897
FILLER_0_261_329, 153.14, 718.08, 0.000142483
FILLER_0_260_357, 165.94, 718.08, 0.000145068
FILLER_0_260_413, 191.54, 718.08, 0.000147594
FILLER_0_261_441, 204.34, 718.08, 0.000147534
FILLER_0_260_469, 217.14, 718.08, 0.000147474
FILLER_0_261_497, 229.94, 718.08, 0.000147415
FILLER_0_260_525, 242.74, 718.08, 0.000147355
FILLER_0_261_553, 255.54, 718.08, 0.000147295
FILLER_0_260_581, 268.34, 718.08, 0.000147236
FILLER_0_261_609, 281.14, 718.08, 0.000147176
FILLER_0_260_637, 293.94, 718.08, 0.000147116
FILLER_0_261_665, 306.74, 718.08, 0.000147057
FILLER_0_260_693, 319.54, 718.08, 0.000146997
FILLER_0_260_749, 345.14, 718.08, 0.00015011
FILLER_0_261_777, 357.94, 718.08, 0.000153283
FILLER_0_260_805, 370.74, 718.08, 0.000156455
FILLER_0_261_833, 383.54, 718.08, 0.000159628
FILLER_0_260_861, 396.34, 718.08, 0.000162801
FILLER_0_261_889, 409.14, 718.08, 0.000165974
FILLER_0_260_917, 421.94, 718.08, 0.000169146
FILLER_0_261_945, 434.74, 718.08, 0.000172319
FILLER_0_260_973, 447.54, 718.08, 0.000175492
FILLER_0_261_1001, 460.34, 718.08, 0.000178664
FILLER_0_260_1029, 473.14, 718.08, 0.000181837
FILLER_0_260_1085, 498.74, 718.08, 0.000182075
FILLER_0_261_1113, 511.54, 718.08, 0.00017914
FILLER_0_260_1141, 524.34, 718.08, 0.000176205
FILLER_0_261_1169, 537.14, 718.08, 0.00017327
FILLER_0_260_1197, 549.94, 718.08, 0.000170335
FILLER_0_261_1225, 562.74, 718.08, 0.0001674
FILLER_0_260_1253, 575.54, 718.08, 0.000164465
FILLER_0_259_1281, 601.14, 718.08, 0.000158596
FILLER_0_260_1309, 613.94, 718.08, 0.000155661
FILLER_0_259_1337, 626.74, 718.08, 0.000152726
FILLER_0_259_1393, 652.34, 718.08, 0.000146681
FILLER_0_260_1421, 665.14, 718.08, 0.000143572
FILLER_0_259_1449, 677.94, 718.08, 0.000140463
FILLER_0_260_1477, 690.74, 718.08, 0.000137354
FILLER_0_259_1505, 703.54, 718.08, 0.000134244
FILLER_0_260_1533, 716.34, 718.08, 0.000131135
FILLER_0_259_1561, 729.14, 718.08, 0.000128026
FILLER_0_260_1589, 741.94, 718.08, 0.000124916
FILLER_0_259_1617, 754.74, 718.08, 0.000121807
FILLER_0_260_1645, 767.54, 718.08, 0.000118698
FILLER_0_259_1673, 780.34, 718.08, 0.000115588
FILLER_0_259_1729, 805.94, 718.08, 0.000109208
FILLER_0_260_1757, 818.74, 718.08, 0.000105937
FILLER_0_259_1785, 831.54, 718.08, 0.000102666
FILLER_0_260_1813, 844.34, 718.08, 9.9395e-05
FILLER_0_259_1841, 857.14, 718.08, 9.6124e-05
FILLER_0_260_1869, 869.94, 718.08, 9.2853e-05
FILLER_0_259_1897, 882.74, 718.08, 8.9582e-05
FILLER_0_260_1925, 895.54, 718.08, 8.6311e-05
FILLER_0_259_1953, 908.34, 718.08, 8.30399e-05
FILLER_0_260_1981, 921.14, 718.08, 7.97688e-05
FILLER_0_259_2009, 933.94, 718.08, 7.64978e-05
FILLER_0_259_2065, 958.57, 718.08, 7.32268e-05
FILLER_0_260_2093, 970.4, 718.08, 7.32268e-05
FILLER_0_259_2121, 982.23, 718.08, 7.32269e-05
PHY_514, 5.52, 712.64, 0.000115644
PHY_516, 5.52, 712.64, 0.000115644
PHY_515, 994.06, 712.64, 7.28309e-05
PHY_517, 994.06, 712.64, 7.28309e-05
FILLER_0_257_2141, 994.06, 712.64, 7.28309e-05
FILLER_0_258_2137, 994.06, 712.64, 7.28309e-05
FILLER_0_258_77, 37.94, 712.64, 0.000118486
FILLER_0_259_105, 50.74, 712.64, 0.000121329
FILLER_0_258_133, 63.54, 712.64, 0.000124171
FILLER_0_259_161, 76.34, 712.64, 0.000127013
FILLER_0_258_189, 89.14, 712.64, 0.000129856
FILLER_0_259_217, 101.94, 712.64, 0.000132698
FILLER_0_258_245, 114.74, 712.64, 0.00013554
FILLER_0_259_273, 127.54, 712.64, 0.000138383
FILLER_0_258_301, 140.34, 712.64, 0.000141225
FILLER_0_259_329, 153.14, 712.64, 0.000144067
FILLER_0_258_357, 165.94, 712.64, 0.00014691
FILLER_0_258_413, 191.54, 712.64, 0.000149654
FILLER_0_259_441, 204.34, 712.64, 0.000149557
FILLER_0_258_469, 217.14, 712.64, 0.000149459
FILLER_0_259_497, 229.94, 712.64, 0.000149361
FILLER_0_258_525, 242.74, 712.64, 0.000149264
FILLER_0_259_553, 255.54, 712.64, 0.000149166
FILLER_0_258_581, 268.34, 712.64, 0.000149068
FILLER_0_259_609, 281.14, 712.64, 0.00014897
FILLER_0_258_637, 293.94, 712.64, 0.000148873
FILLER_0_259_665, 306.74, 712.64, 0.000148775
FILLER_0_258_693, 319.54, 712.64, 0.000148677
FILLER_0_258_749, 345.14, 712.64, 0.000152241
FILLER_0_259_777, 357.94, 712.64, 0.000155904
FILLER_0_258_805, 370.74, 712.64, 0.000159566
FILLER_0_259_833, 383.54, 712.64, 0.000163228
FILLER_0_258_861, 396.34, 712.64, 0.000166891
FILLER_0_259_889, 409.14, 712.64, 0.000170553
FILLER_0_258_917, 421.94, 712.64, 0.000174215
FILLER_0_259_945, 434.74, 712.64, 0.000177877
FILLER_0_258_973, 447.54, 712.64, 0.000181539
FILLER_0_259_1001, 460.34, 712.64, 0.000185202
FILLER_0_258_1029, 473.14, 712.64, 0.000188864
FILLER_0_258_1085, 498.74, 712.64, 0.000189571
FILLER_0_259_1113, 511.54, 712.64, 0.000186617
FILLER_0_258_1141, 524.34, 712.64, 0.000183662
FILLER_0_259_1169, 537.14, 712.64, 0.000180708
FILLER_0_258_1197, 549.94, 712.64, 0.000177753
FILLER_0_259_1225, 562.74, 712.64, 0.000174799
FILLER_0_258_1253, 575.54, 712.64, 0.000171844
FILLER_0_257_1281, 601.14, 712.64, 0.000165935
FILLER_0_258_1309, 613.94, 712.64, 0.000162981
FILLER_0_257_1337, 626.74, 712.64, 0.000160026
FILLER_0_257_1393, 652.34, 712.64, 0.000153637
FILLER_0_258_1421, 665.14, 712.64, 0.000150203
FILLER_0_257_1449, 677.94, 712.64, 0.000146769
FILLER_0_258_1477, 690.74, 712.64, 0.000143335
FILLER_0_257_1505, 703.54, 712.64, 0.000139901
FILLER_0_258_1533, 716.34, 712.64, 0.000136467
FILLER_0_257_1561, 729.14, 712.64, 0.000133033
FILLER_0_258_1589, 741.94, 712.64, 0.000129599
FILLER_0_257_1617, 754.74, 712.64, 0.000126165
FILLER_0_258_1645, 767.54, 712.64, 0.000122731
FILLER_0_257_1673, 780.34, 712.64, 0.000119297
FILLER_0_257_1729, 805.94, 712.64, 0.000112277
FILLER_0_258_1757, 818.74, 712.64, 0.000108691
FILLER_0_257_1785, 831.54, 712.64, 0.000105105
FILLER_0_258_1813, 844.34, 712.64, 0.000101519
FILLER_0_257_1841, 857.14, 712.64, 9.79329e-05
FILLER_0_258_1869, 869.94, 712.64, 9.43469e-05
FILLER_0_257_1897, 882.74, 712.64, 9.07609e-05
FILLER_0_258_1925, 895.54, 712.64, 8.71749e-05
FILLER_0_257_1953, 908.34, 712.64, 8.35888e-05
FILLER_0_258_1981, 921.14, 712.64, 8.00028e-05
FILLER_0_257_2009, 933.94, 712.64, 7.64168e-05
FILLER_0_257_2065, 958.57, 712.64, 7.28308e-05
FILLER_0_258_2093, 970.4, 712.64, 7.28308e-05
FILLER_0_257_2121, 982.23, 712.64, 7.28309e-05
PHY_510, 5.52, 707.2, 0.000114538
PHY_512, 5.52, 707.2, 0.000114538
PHY_511, 994.06, 707.2, 7.22735e-05
PHY_513, 994.06, 707.2, 7.22735e-05
FILLER_0_255_2141, 994.06, 707.2, 7.22735e-05
FILLER_0_256_2137, 994.06, 707.2, 7.22735e-05
FILLER_0_256_77, 37.94, 707.2, 0.000117656
FILLER_0_257_105, 50.74, 707.2, 0.000120775
FILLER_0_256_133, 63.54, 707.2, 0.000123894
FILLER_0_257_161, 76.34, 707.2, 0.000127012
FILLER_0_256_189, 89.14, 707.2, 0.000130131
FILLER_0_257_217, 101.94, 707.2, 0.000133249
FILLER_0_256_245, 114.74, 707.2, 0.000136368
FILLER_0_257_273, 127.54, 707.2, 0.000139486
FILLER_0_256_301, 140.34, 707.2, 0.000142605
FILLER_0_257_329, 153.14, 707.2, 0.000145723
FILLER_0_256_357, 165.94, 707.2, 0.000148842
FILLER_0_256_413, 191.54, 707.2, 0.000151804
FILLER_0_257_441, 204.34, 707.2, 0.000151648
FILLER_0_256_469, 217.14, 707.2, 0.000151491
FILLER_0_257_497, 229.94, 707.2, 0.000151335
FILLER_0_256_525, 242.74, 707.2, 0.000151179
FILLER_0_257_553, 255.54, 707.2, 0.000151022
FILLER_0_256_581, 268.34, 707.2, 0.000150866
FILLER_0_257_609, 281.14, 707.2, 0.00015071
FILLER_0_256_637, 293.94, 707.2, 0.000150553
FILLER_0_257_665, 306.74, 707.2, 0.000150397
FILLER_0_256_693, 319.54, 707.2, 0.00015024
FILLER_0_256_749, 345.14, 707.2, 0.00015427
FILLER_0_257_777, 357.94, 707.2, 0.000158456
FILLER_0_256_805, 370.74, 707.2, 0.000162642
FILLER_0_257_833, 383.54, 707.2, 0.000166829
FILLER_0_256_861, 396.34, 707.2, 0.000171015
FILLER_0_257_889, 409.14, 707.2, 0.000175201
FILLER_0_256_917, 421.94, 707.2, 0.000179387
FILLER_0_257_945, 434.74, 707.2, 0.000183573
FILLER_0_256_973, 447.54, 707.2, 0.000187759
FILLER_0_257_1001, 460.34, 707.2, 0.000191945
FILLER_0_256_1029, 473.14, 707.2, 0.000196131
FILLER_0_256_1085, 498.74, 707.2, 0.000197323
FILLER_0_257_1113, 511.54, 707.2, 0.000194329
FILLER_0_256_1141, 524.34, 707.2, 0.000191335
FILLER_0_257_1169, 537.14, 707.2, 0.000188341
FILLER_0_256_1197, 549.94, 707.2, 0.000185347
FILLER_0_257_1225, 562.74, 707.2, 0.000182353
FILLER_0_256_1253, 575.54, 707.2, 0.000179359
FILLER_0_255_1281, 601.14, 707.2, 0.000173371
FILLER_0_256_1309, 613.94, 707.2, 0.000170377
FILLER_0_255_1337, 626.74, 707.2, 0.000167382
FILLER_0_255_1393, 652.34, 707.2, 0.000160627
FILLER_0_256_1421, 665.14, 707.2, 0.000156865
FILLER_0_255_1449, 677.94, 707.2, 0.000153103
FILLER_0_256_1477, 690.74, 707.2, 0.000149341
FILLER_0_255_1505, 703.54, 707.2, 0.000145579
FILLER_0_256_1533, 716.34, 707.2, 0.000141817
FILLER_0_255_1561, 729.14, 707.2, 0.000138055
FILLER_0_256_1589, 741.94, 707.2, 0.000134293
FILLER_0_255_1617, 754.74, 707.2, 0.000130531
FILLER_0_256_1645, 767.54, 707.2, 0.000126769
FILLER_0_255_1673, 780.34, 707.2, 0.000123008
FILLER_0_255_1729, 805.94, 707.2, 0.000115331
FILLER_0_256_1757, 818.74, 707.2, 0.000111417
FILLER_0_255_1785, 831.54, 707.2, 0.000107503
FILLER_0_256_1813, 844.34, 707.2, 0.000103588
FILLER_0_255_1841, 857.14, 707.2, 9.9674e-05
FILLER_0_256_1869, 869.94, 707.2, 9.57596e-05
FILLER_0_255_1897, 882.74, 707.2, 9.18452e-05
FILLER_0_256_1925, 895.54, 707.2, 8.79309e-05
FILLER_0_255_1953, 908.34, 707.2, 8.40165e-05
FILLER_0_256_1981, 921.14, 707.2, 8.01021e-05
FILLER_0_255_2009, 933.94, 707.2, 7.61877e-05
FILLER_0_255_2065, 958.57, 707.2, 7.22733e-05
FILLER_0_256_2093, 970.4, 707.2, 7.22734e-05
FILLER_0_255_2121, 982.23, 707.2, 7.22734e-05
PHY_506, 5.52, 701.76, 0.000113299
PHY_508, 5.52, 701.76, 0.000113299
PHY_507, 994.06, 701.76, 7.15398e-05
PHY_509, 994.06, 701.76, 7.15398e-05
FILLER_0_253_2141, 994.06, 701.76, 7.15398e-05
FILLER_0_254_2137, 994.06, 701.76, 7.15398e-05
FILLER_0_254_77, 37.94, 701.76, 0.000116715
FILLER_0_255_105, 50.74, 701.76, 0.000120131
FILLER_0_254_133, 63.54, 701.76, 0.000123547
FILLER_0_255_161, 76.34, 701.76, 0.000126963
FILLER_0_254_189, 89.14, 701.76, 0.000130379
FILLER_0_255_217, 101.94, 701.76, 0.000133795
FILLER_0_254_245, 114.74, 701.76, 0.000137211
FILLER_0_255_273, 127.54, 701.76, 0.000140627
FILLER_0_254_301, 140.34, 701.76, 0.000144043
FILLER_0_255_329, 153.14, 701.76, 0.000147459
FILLER_0_254_357, 165.94, 701.76, 0.000150875
FILLER_0_254_413, 191.54, 701.76, 0.000154052
FILLER_0_255_441, 204.34, 701.76, 0.000153814
FILLER_0_254_469, 217.14, 701.76, 0.000153575
FILLER_0_255_497, 229.94, 701.76, 0.000153337
FILLER_0_254_525, 242.74, 701.76, 0.000153098
FILLER_0_255_553, 255.54, 701.76, 0.00015286
FILLER_0_254_581, 268.34, 701.76, 0.000152621
FILLER_0_255_609, 281.14, 701.76, 0.000152383
FILLER_0_254_637, 293.94, 701.76, 0.000152144
FILLER_0_255_665, 306.74, 701.76, 0.000151906
FILLER_0_254_693, 319.54, 701.76, 0.000151667
FILLER_0_254_749, 345.14, 701.76, 0.000156177
FILLER_0_255_777, 357.94, 701.76, 0.000160925
FILLER_0_254_805, 370.74, 701.76, 0.000165673
FILLER_0_255_833, 383.54, 701.76, 0.000170422
FILLER_0_254_861, 396.34, 701.76, 0.00017517
FILLER_0_255_889, 409.14, 701.76, 0.000179918
FILLER_0_254_917, 421.94, 701.76, 0.000184666
FILLER_0_255_945, 434.74, 701.76, 0.000189414
FILLER_0_254_973, 447.54, 701.76, 0.000194162
FILLER_0_255_1001, 460.34, 701.76, 0.00019891
FILLER_0_254_1029, 473.14, 701.76, 0.000203658
FILLER_0_254_1085, 498.74, 701.76, 0.000205352
FILLER_0_255_1113, 511.54, 701.76, 0.000202298
FILLER_0_254_1141, 524.34, 701.76, 0.000199244
FILLER_0_255_1169, 537.14, 701.76, 0.000196189
FILLER_0_254_1197, 549.94, 701.76, 0.000193135
FILLER_0_255_1225, 562.74, 701.76, 0.000190081
FILLER_0_254_1253, 575.54, 701.76, 0.000187027
FILLER_0_253_1281, 601.14, 701.76, 0.000180918
FILLER_0_254_1309, 613.94, 701.76, 0.000177864
FILLER_0_253_1337, 626.74, 701.76, 0.000174809
FILLER_0_253_1393, 652.34, 701.76, 0.000167661
FILLER_0_254_1421, 665.14, 701.76, 0.000163567
FILLER_0_253_1449, 677.94, 701.76, 0.000159473
FILLER_0_254_1477, 690.74, 701.76, 0.000155379
FILLER_0_253_1505, 703.54, 701.76, 0.000151285
FILLER_0_254_1533, 716.34, 701.76, 0.000147192
FILLER_0_253_1561, 729.14, 701.76, 0.000143098
FILLER_0_254_1589, 741.94, 701.76, 0.000139004
FILLER_0_253_1617, 754.74, 701.76, 0.00013491
FILLER_0_254_1645, 767.54, 701.76, 0.000130816
FILLER_0_253_1673, 780.34, 701.76, 0.000126722
FILLER_0_253_1729, 805.94, 701.76, 0.00011837
FILLER_0_254_1757, 818.74, 701.76, 0.000114113
FILLER_0_253_1785, 831.54, 701.76, 0.000109856
FILLER_0_254_1813, 844.34, 701.76, 0.000105598
FILLER_0_253_1841, 857.14, 701.76, 0.000101341
FILLER_0_254_1869, 869.94, 701.76, 9.70838e-05
FILLER_0_253_1897, 882.74, 701.76, 9.28265e-05
FILLER_0_254_1925, 895.54, 701.76, 8.85691e-05
FILLER_0_253_1953, 908.34, 701.76, 8.43117e-05
FILLER_0_254_1981, 921.14, 701.76, 8.00544e-05
FILLER_0_253_2009, 933.94, 701.76, 7.5797e-05
FILLER_0_253_2065, 958.57, 701.76, 7.15396e-05
FILLER_0_254_2093, 970.4, 701.76, 7.15397e-05
FILLER_0_253_2121, 982.23, 701.76, 7.15397e-05
PHY_502, 5.52, 696.32, 0.000111915
PHY_504, 5.52, 696.32, 0.000111915
PHY_503, 994.06, 696.32, 7.06144e-05
PHY_505, 994.06, 696.32, 7.06144e-05
FILLER_0_251_2141, 994.06, 696.32, 7.06144e-05
FILLER_0_252_2137, 994.06, 696.32, 7.06144e-05
FILLER_0_252_77, 37.94, 696.32, 0.000115652
FILLER_0_253_105, 50.74, 696.32, 0.000119388
FILLER_0_252_133, 63.54, 696.32, 0.000123125
FILLER_0_253_161, 76.34, 696.32, 0.000126862
FILLER_0_252_189, 89.14, 696.32, 0.000130599
FILLER_0_253_217, 101.94, 696.32, 0.000134336
FILLER_0_252_245, 114.74, 696.32, 0.000138073
FILLER_0_253_273, 127.54, 696.32, 0.00014181
FILLER_0_252_301, 140.34, 696.32, 0.000145547
FILLER_0_253_329, 153.14, 696.32, 0.000149283
FILLER_0_252_357, 165.94, 696.32, 0.00015302
FILLER_0_252_413, 191.54, 696.32, 0.00015641
FILLER_0_253_441, 204.34, 696.32, 0.000156062
FILLER_0_252_469, 217.14, 696.32, 0.000155715
FILLER_0_253_497, 229.94, 696.32, 0.000155368
FILLER_0_252_525, 242.74, 696.32, 0.00015502
FILLER_0_253_553, 255.54, 696.32, 0.000154673
FILLER_0_252_581, 268.34, 696.32, 0.000154326
FILLER_0_253_609, 281.14, 696.32, 0.000153978
FILLER_0_252_637, 293.94, 696.32, 0.000153631
FILLER_0_253_665, 306.74, 696.32, 0.000153284
FILLER_0_252_693, 319.54, 696.32, 0.000152936
FILLER_0_252_749, 345.14, 696.32, 0.000157941
FILLER_0_253_777, 357.94, 696.32, 0.000163294
FILLER_0_252_805, 370.74, 696.32, 0.000168647
FILLER_0_253_833, 383.54, 696.32, 0.000173999
FILLER_0_252_861, 396.34, 696.32, 0.000179352
FILLER_0_253_889, 409.14, 696.32, 0.000184704
FILLER_0_252_917, 421.94, 696.32, 0.000190057
FILLER_0_253_945, 434.74, 696.32, 0.00019541
FILLER_0_252_973, 447.54, 696.32, 0.000200762
FILLER_0_253_1001, 460.34, 696.32, 0.000206115
FILLER_0_252_1029, 473.14, 696.32, 0.000211467
FILLER_0_252_1085, 498.74, 696.32, 0.000213683
FILLER_0_253_1113, 511.54, 696.32, 0.000210547
FILLER_0_252_1141, 524.34, 696.32, 0.000207411
FILLER_0_253_1169, 537.14, 696.32, 0.000204275
FILLER_0_252_1197, 549.94, 696.32, 0.000201138
FILLER_0_253_1225, 562.74, 696.32, 0.000198002
FILLER_0_252_1253, 575.54, 696.32, 0.000194866
FILLER_0_251_1281, 601.14, 696.32, 0.000188593
FILLER_0_252_1309, 613.94, 696.32, 0.000185457
FILLER_0_251_1337, 626.74, 696.32, 0.000182321
FILLER_0_251_1393, 652.34, 696.32, 0.000174753
FILLER_0_252_1421, 665.14, 696.32, 0.000170322
FILLER_0_251_1449, 677.94, 696.32, 0.000165891
FILLER_0_252_1477, 690.74, 696.32, 0.000161459
FILLER_0_251_1505, 703.54, 696.32, 0.000157028
FILLER_0_252_1533, 716.34, 696.32, 0.000152597
FILLER_0_251_1561, 729.14, 696.32, 0.000148166
FILLER_0_252_1589, 741.94, 696.32, 0.000143734
FILLER_0_251_1617, 754.74, 696.32, 0.000139303
FILLER_0_252_1645, 767.54, 696.32, 0.000134872
FILLER_0_251_1673, 780.34, 696.32, 0.000130441
FILLER_0_251_1729, 805.94, 696.32, 0.000121393
FILLER_0_252_1757, 818.74, 696.32, 0.000116777
FILLER_0_251_1785, 831.54, 696.32, 0.000112161
FILLER_0_252_1813, 844.34, 696.32, 0.000107544
FILLER_0_251_1841, 857.14, 696.32, 0.000102928
FILLER_0_252_1869, 869.94, 696.32, 9.83119e-05
FILLER_0_251_1897, 882.74, 696.32, 9.36957e-05
FILLER_0_252_1925, 895.54, 696.32, 8.90794e-05
FILLER_0_251_1953, 908.34, 696.32, 8.44631e-05
FILLER_0_252_1981, 921.14, 696.32, 7.98468e-05
FILLER_0_251_2009, 933.94, 696.32, 7.52305e-05
FILLER_0_251_2065, 958.57, 696.32, 7.06143e-05
FILLER_0_252_2093, 970.4, 696.32, 7.06143e-05
FILLER_0_251_2121, 982.23, 696.32, 7.06144e-05
PHY_498, 5.52, 690.88, 0.000110371
PHY_500, 5.52, 690.88, 0.000110371
PHY_499, 994.06, 690.88, 6.94813e-05
PHY_501, 994.06, 690.88, 6.94813e-05
FILLER_0_249_2141, 994.06, 690.88, 6.94813e-05
FILLER_0_250_2137, 994.06, 690.88, 6.94813e-05
FILLER_0_250_77, 37.94, 690.88, 0.000114455
FILLER_0_251_105, 50.74, 690.88, 0.000118539
FILLER_0_250_133, 63.54, 690.88, 0.000122623
FILLER_0_251_161, 76.34, 690.88, 0.000126706
FILLER_0_250_189, 89.14, 690.88, 0.00013079
FILLER_0_251_217, 101.94, 690.88, 0.000134874
FILLER_0_250_245, 114.74, 690.88, 0.000138957
FILLER_0_251_273, 127.54, 690.88, 0.000143041
FILLER_0_250_301, 140.34, 690.88, 0.000147124
FILLER_0_251_329, 153.14, 690.88, 0.000151208
FILLER_0_250_357, 165.94, 690.88, 0.000155292
FILLER_0_250_413, 191.54, 690.88, 0.000158889
FILLER_0_251_441, 204.34, 690.88, 0.000158402
FILLER_0_250_469, 217.14, 690.88, 0.000157915
FILLER_0_251_497, 229.94, 690.88, 0.000157429
FILLER_0_250_525, 242.74, 690.88, 0.000156942
FILLER_0_251_553, 255.54, 690.88, 0.000156456
FILLER_0_250_581, 268.34, 690.88, 0.000155969
FILLER_0_251_609, 281.14, 690.88, 0.000155482
FILLER_0_250_637, 293.94, 690.88, 0.000154996
FILLER_0_251_665, 306.74, 690.88, 0.000154509
FILLER_0_250_693, 319.54, 690.88, 0.000154022
FILLER_0_250_749, 345.14, 690.88, 0.00015954
FILLER_0_251_777, 357.94, 690.88, 0.000165544
FILLER_0_250_805, 370.74, 690.88, 0.000171548
FILLER_0_251_833, 383.54, 690.88, 0.000177552
FILLER_0_250_861, 396.34, 690.88, 0.000183556
FILLER_0_251_889, 409.14, 690.88, 0.000189561
FILLER_0_250_917, 421.94, 690.88, 0.000195565
FILLER_0_251_945, 434.74, 690.88, 0.000201569
FILLER_0_250_973, 447.54, 690.88, 0.000207573
FILLER_0_251_1001, 460.34, 690.88, 0.000213577
FILLER_0_250_1029, 473.14, 690.88, 0.000219581
FILLER_0_250_1085, 498.74, 690.88, 0.000222344
FILLER_0_251_1113, 511.54, 690.88, 0.000219102
FILLER_0_250_1141, 524.34, 690.88, 0.000215861
FILLER_0_251_1169, 537.14, 690.88, 0.00021262
FILLER_0_250_1197, 549.94, 690.88, 0.000209379
FILLER_0_251_1225, 562.74, 690.88, 0.000206137
FILLER_0_250_1253, 575.54, 690.88, 0.000202896
FILLER_0_249_1281, 601.14, 690.88, 0.000196413
FILLER_0_250_1309, 613.94, 690.88, 0.000193172
FILLER_0_249_1337, 626.74, 690.88, 0.00018993
FILLER_0_249_1393, 652.34, 690.88, 0.000181914
FILLER_0_250_1421, 665.14, 690.88, 0.000177139
FILLER_0_249_1449, 677.94, 690.88, 0.000172365
FILLER_0_250_1477, 690.74, 690.88, 0.00016759
FILLER_0_249_1505, 703.54, 690.88, 0.000162815
FILLER_0_250_1533, 716.34, 690.88, 0.00015804
FILLER_0_249_1561, 729.14, 690.88, 0.000153265
FILLER_0_250_1589, 741.94, 690.88, 0.000148491
FILLER_0_249_1617, 754.74, 690.88, 0.000143716
FILLER_0_250_1645, 767.54, 690.88, 0.000138941
FILLER_0_249_1673, 780.34, 690.88, 0.000134166
FILLER_0_249_1729, 805.94, 690.88, 0.000124399
FILLER_0_250_1757, 818.74, 690.88, 0.000119406
FILLER_0_249_1785, 831.54, 690.88, 0.000114414
FILLER_0_250_1813, 844.34, 690.88, 0.000109421
FILLER_0_249_1841, 857.14, 690.88, 0.000104429
FILLER_0_250_1869, 869.94, 690.88, 9.94363e-05
FILLER_0_249_1897, 882.74, 690.88, 9.44438e-05
FILLER_0_250_1925, 895.54, 690.88, 8.94513e-05
FILLER_0_249_1953, 908.34, 690.88, 8.44587e-05
FILLER_0_250_1981, 921.14, 690.88, 7.94662e-05
FILLER_0_249_2009, 933.94, 690.88, 7.44737e-05
FILLER_0_249_2065, 958.57, 690.88, 6.94812e-05
FILLER_0_250_2093, 970.4, 690.88, 6.94812e-05
FILLER_0_249_2121, 982.23, 690.88, 6.94813e-05
PHY_494, 5.52, 685.44, 0.000108655
PHY_496, 5.52, 685.44, 0.000108655
PHY_495, 994.06, 685.44, 6.81236e-05
PHY_497, 994.06, 685.44, 6.81236e-05
FILLER_0_247_2141, 994.06, 685.44, 6.81236e-05
FILLER_0_248_2137, 994.06, 685.44, 6.81236e-05
FILLER_0_248_77, 37.94, 685.44, 0.000113114
FILLER_0_249_105, 50.74, 685.44, 0.000117573
FILLER_0_248_133, 63.54, 685.44, 0.000122032
FILLER_0_249_161, 76.34, 685.44, 0.000126491
FILLER_0_248_189, 89.14, 685.44, 0.00013095
FILLER_0_249_217, 101.94, 685.44, 0.000135409
FILLER_0_248_245, 114.74, 685.44, 0.000139868
FILLER_0_249_273, 127.54, 685.44, 0.000144327
FILLER_0_248_301, 140.34, 685.44, 0.000148786
FILLER_0_249_329, 153.14, 685.44, 0.000153245
FILLER_0_248_357, 165.94, 685.44, 0.000157704
FILLER_0_248_413, 191.54, 685.44, 0.000161503
FILLER_0_249_441, 204.34, 685.44, 0.000160843
FILLER_0_248_469, 217.14, 685.44, 0.000160182
FILLER_0_249_497, 229.94, 685.44, 0.000159522
FILLER_0_248_525, 242.74, 685.44, 0.000158862
FILLER_0_249_553, 255.54, 685.44, 0.000158201
FILLER_0_248_581, 268.34, 685.44, 0.000157541
FILLER_0_249_609, 281.14, 685.44, 0.000156881
FILLER_0_248_637, 293.94, 685.44, 0.00015622
FILLER_0_249_665, 306.74, 685.44, 0.00015556
FILLER_0_248_693, 319.54, 685.44, 0.0001549
FILLER_0_248_749, 345.14, 685.44, 0.000160947
FILLER_0_249_777, 357.94, 685.44, 0.000167655
FILLER_0_248_805, 370.74, 685.44, 0.000174363
FILLER_0_249_833, 383.54, 685.44, 0.000181071
FILLER_0_248_861, 396.34, 685.44, 0.000187779
FILLER_0_249_889, 409.14, 685.44, 0.000194487
FILLER_0_248_917, 421.94, 685.44, 0.000201195
FILLER_0_249_945, 434.74, 685.44, 0.000207902
FILLER_0_248_973, 447.54, 685.44, 0.00021461
FILLER_0_249_1001, 460.34, 685.44, 0.000221318
FILLER_0_248_1029, 473.14, 685.44, 0.000228026
FILLER_0_248_1085, 498.74, 685.44, 0.000231363
FILLER_0_249_1113, 511.54, 685.44, 0.000227992
FILLER_0_248_1141, 524.34, 685.44, 0.00022462
FILLER_0_249_1169, 537.14, 685.44, 0.000221249
FILLER_0_248_1197, 549.94, 685.44, 0.000217878
FILLER_0_249_1225, 562.74, 685.44, 0.000214507
FILLER_0_248_1253, 575.54, 685.44, 0.000211136
FILLER_0_247_1281, 601.14, 685.44, 0.000204394
FILLER_0_248_1309, 613.94, 685.44, 0.000201023
FILLER_0_247_1337, 626.74, 685.44, 0.000197652
FILLER_0_247_1393, 652.34, 685.44, 0.000189155
FILLER_0_248_1421, 665.14, 685.44, 0.00018403
FILLER_0_247_1449, 677.94, 685.44, 0.000178904
FILLER_0_248_1477, 690.74, 685.44, 0.000173779
FILLER_0_247_1505, 703.54, 685.44, 0.000168653
FILLER_0_248_1533, 716.34, 685.44, 0.000163528
FILLER_0_247_1561, 729.14, 685.44, 0.000158402
FILLER_0_248_1589, 741.94, 685.44, 0.000153276
FILLER_0_247_1617, 754.74, 685.44, 0.000148151
FILLER_0_248_1645, 767.54, 685.44, 0.000143025
FILLER_0_247_1673, 780.34, 685.44, 0.0001379
FILLER_0_247_1729, 805.94, 685.44, 0.000127387
FILLER_0_248_1757, 818.74, 685.44, 0.000121999
FILLER_0_247_1785, 831.54, 685.44, 0.000116612
FILLER_0_248_1813, 844.34, 685.44, 0.000111224
FILLER_0_247_1841, 857.14, 685.44, 0.000105837
FILLER_0_248_1869, 869.94, 685.44, 0.000100449
FILLER_0_247_1897, 882.74, 685.44, 9.50614e-05
FILLER_0_248_1925, 895.54, 685.44, 8.96738e-05
FILLER_0_247_1953, 908.34, 685.44, 8.42862e-05
FILLER_0_248_1981, 921.14, 685.44, 7.88986e-05
FILLER_0_247_2009, 933.94, 685.44, 7.3511e-05
FILLER_0_247_2065, 958.57, 685.44, 6.81234e-05
FILLER_0_248_2093, 970.4, 685.44, 6.81235e-05
FILLER_0_247_2121, 982.23, 685.44, 6.81235e-05
PHY_490, 5.52, 680, 0.000125553
PHY_492, 5.52, 680, 0.000125553
input11, 5.52, 680, 0.000125553
PHY_491, 994.06, 680, 6.65235e-05
PHY_493, 994.06, 680, 6.65235e-05
FILLER_0_245_2141, 994.06, 680, 6.65235e-05
FILLER_0_246_2137, 994.06, 680, 6.65235e-05
FILLER_0_246_77, 37.94, 680, 0.000117238
FILLER_0_247_105, 50.74, 680, 0.000121625
FILLER_0_246_133, 63.54, 680, 0.000126012
FILLER_0_247_161, 76.34, 680, 0.000130399
FILLER_0_246_189, 89.14, 680, 0.000134786
FILLER_0_247_217, 101.94, 680, 0.000139173
FILLER_0_246_245, 114.74, 680, 0.00014356
FILLER_0_247_273, 127.54, 680, 0.000147947
FILLER_0_246_301, 140.34, 680, 0.000152333
FILLER_0_247_329, 153.14, 680, 0.00015672
FILLER_0_246_357, 165.94, 680, 0.000161107
FILLER_0_246_413, 191.54, 680, 0.000164594
FILLER_0_247_441, 204.34, 680, 0.000163693
FILLER_0_246_469, 217.14, 680, 0.000162792
FILLER_0_247_497, 229.94, 680, 0.000161892
FILLER_0_246_525, 242.74, 680, 0.000160991
FILLER_0_247_553, 255.54, 680, 0.00016009
FILLER_0_246_581, 268.34, 680, 0.00015919
FILLER_0_247_609, 281.14, 680, 0.000158289
FILLER_0_246_637, 293.94, 680, 0.000157388
FILLER_0_247_665, 306.74, 680, 0.000156487
FILLER_0_246_693, 319.54, 680, 0.000155587
FILLER_0_246_749, 345.14, 680, 0.000162154
FILLER_0_247_777, 357.94, 680, 0.000169622
FILLER_0_246_805, 370.74, 680, 0.00017709
FILLER_0_247_833, 383.54, 680, 0.000184558
FILLER_0_246_861, 396.34, 680, 0.000192025
FILLER_0_247_889, 409.14, 680, 0.000199493
FILLER_0_246_917, 421.94, 680, 0.000206961
FILLER_0_247_945, 434.74, 680, 0.000214429
FILLER_0_246_973, 447.54, 680, 0.000221897
FILLER_0_247_1001, 460.34, 680, 0.000229365
FILLER_0_246_1029, 473.14, 680, 0.000236833
FILLER_0_246_1085, 498.74, 680, 0.000240773
FILLER_0_247_1113, 511.54, 680, 0.000237246
FILLER_0_246_1141, 524.34, 680, 0.000233718
FILLER_0_247_1169, 537.14, 680, 0.000230191
FILLER_0_246_1197, 549.94, 680, 0.000226663
FILLER_0_247_1225, 562.74, 680, 0.000223136
FILLER_0_246_1253, 575.54, 680, 0.000219609
FILLER_0_245_1281, 601.14, 680, 0.000212554
FILLER_0_246_1309, 613.94, 680, 0.000209026
FILLER_0_245_1337, 626.74, 680, 0.000205499
FILLER_0_245_1393, 652.34, 680, 0.000196487
FILLER_0_246_1421, 665.14, 680, 0.000191003
FILLER_0_245_1449, 677.94, 680, 0.000185518
FILLER_0_246_1477, 690.74, 680, 0.000180034
FILLER_0_245_1505, 703.54, 680, 0.00017455
FILLER_0_246_1533, 716.34, 680, 0.000169066
FILLER_0_245_1561, 729.14, 680, 0.000163582
FILLER_0_246_1589, 741.94, 680, 0.000158097
FILLER_0_245_1617, 754.74, 680, 0.000152613
FILLER_0_246_1645, 767.54, 680, 0.000147129
FILLER_0_245_1673, 780.34, 680, 0.000141644
FILLER_0_245_1729, 805.94, 680, 0.000130357
FILLER_0_246_1757, 818.74, 680, 0.000124554
FILLER_0_245_1785, 831.54, 680, 0.000118751
FILLER_0_246_1813, 844.34, 680, 0.000112948
FILLER_0_245_1841, 857.14, 680, 0.000107145
FILLER_0_246_1869, 869.94, 680, 0.000101342
FILLER_0_245_1897, 882.74, 680, 9.55388e-05
FILLER_0_246_1925, 895.54, 680, 8.97357e-05
FILLER_0_245_1953, 908.34, 680, 8.39326e-05
FILLER_0_246_1981, 921.14, 680, 7.81295e-05
FILLER_0_245_2009, 933.94, 680, 7.23264e-05
FILLER_0_245_2065, 958.57, 680, 6.65234e-05
FILLER_0_246_2093, 970.4, 680, 6.65234e-05
FILLER_0_245_2121, 982.23, 680, 6.65235e-05
PHY_486, 5.52, 674.56, 0.000104284
PHY_488, 5.52, 674.56, 0.000104284
PHY_487, 994.06, 674.56, 6.46626e-05
PHY_489, 994.06, 674.56, 6.46626e-05
FILLER_0_243_2141, 994.06, 674.56, 6.46626e-05
FILLER_0_244_2137, 994.06, 674.56, 6.46626e-05
FILLER_0_244_77, 37.94, 674.56, 0.000109618
FILLER_0_245_105, 50.74, 674.56, 0.000114952
FILLER_0_244_133, 63.54, 674.56, 0.000120286
FILLER_0_245_161, 76.34, 674.56, 0.00012562
FILLER_0_244_189, 89.14, 674.56, 0.000130955
FILLER_0_245_217, 101.94, 674.56, 0.000136289
FILLER_0_244_245, 114.74, 674.56, 0.000141623
FILLER_0_245_273, 127.54, 674.56, 0.000146957
FILLER_0_244_301, 140.34, 674.56, 0.000152291
FILLER_0_245_329, 153.14, 674.56, 0.000157625
FILLER_0_244_357, 165.94, 674.56, 0.000162959
FILLER_0_244_413, 191.54, 674.56, 0.000167167
FILLER_0_245_441, 204.34, 674.56, 0.00016604
FILLER_0_244_469, 217.14, 674.56, 0.000164913
FILLER_0_245_497, 229.94, 674.56, 0.000163787
FILLER_0_244_525, 242.74, 674.56, 0.00016266
FILLER_0_245_553, 255.54, 674.56, 0.000161533
FILLER_0_244_581, 268.34, 674.56, 0.000160407
FILLER_0_245_609, 281.14, 674.56, 0.00015928
FILLER_0_244_637, 293.94, 674.56, 0.000158153
FILLER_0_245_665, 306.74, 674.56, 0.000157026
FILLER_0_244_693, 319.54, 674.56, 0.0001559
FILLER_0_244_749, 345.14, 674.56, 0.000163068
FILLER_0_245_777, 357.94, 674.56, 0.000171364
FILLER_0_244_805, 370.74, 674.56, 0.00017966
FILLER_0_245_833, 383.54, 674.56, 0.000187955
FILLER_0_244_861, 396.34, 674.56, 0.000196251
FILLER_0_245_889, 409.14, 674.56, 0.000204546
FILLER_0_244_917, 421.94, 674.56, 0.000212842
FILLER_0_245_945, 434.74, 674.56, 0.000221137
FILLER_0_244_973, 447.54, 674.56, 0.000229433
FILLER_0_245_1001, 460.34, 674.56, 0.000237728
FILLER_0_244_1029, 473.14, 674.56, 0.000246024
FILLER_0_244_1085, 498.74, 674.56, 0.000250607
FILLER_0_245_1113, 511.54, 674.56, 0.000246895
FILLER_0_244_1141, 524.34, 674.56, 0.000243182
FILLER_0_245_1169, 537.14, 674.56, 0.00023947
FILLER_0_244_1197, 549.94, 674.56, 0.000235758
FILLER_0_245_1225, 562.74, 674.56, 0.000232045
FILLER_0_244_1253, 575.54, 674.56, 0.000228333
FILLER_0_243_1281, 601.14, 674.56, 0.000220908
FILLER_0_244_1309, 613.94, 674.56, 0.000217196
FILLER_0_243_1337, 626.74, 674.56, 0.000213483
FILLER_0_243_1393, 652.34, 674.56, 0.000203919
FILLER_0_244_1421, 665.14, 674.56, 0.000198068
FILLER_0_243_1449, 677.94, 674.56, 0.000192216
FILLER_0_244_1477, 690.74, 674.56, 0.000186364
FILLER_0_243_1505, 703.54, 674.56, 0.000180513
FILLER_0_244_1533, 716.34, 674.56, 0.000174661
FILLER_0_243_1561, 729.14, 674.56, 0.000168809
FILLER_0_244_1589, 741.94, 674.56, 0.000162958
FILLER_0_243_1617, 754.74, 674.56, 0.000157106
FILLER_0_244_1645, 767.54, 674.56, 0.000151254
FILLER_0_243_1673, 780.34, 674.56, 0.000145403
FILLER_0_243_1729, 805.94, 674.56, 0.00013331
FILLER_0_244_1757, 818.74, 674.56, 0.000127069
FILLER_0_243_1785, 831.54, 674.56, 0.000120829
FILLER_0_244_1813, 844.34, 674.56, 0.000114588
FILLER_0_243_1841, 857.14, 674.56, 0.000108347
FILLER_0_244_1869, 869.94, 674.56, 0.000102107
FILLER_0_243_1897, 882.74, 674.56, 9.5866e-05
FILLER_0_244_1925, 895.54, 674.56, 8.96253e-05
FILLER_0_243_1953, 908.34, 674.56, 8.33846e-05
FILLER_0_244_1981, 921.14, 674.56, 7.71438e-05
FILLER_0_243_2009, 933.94, 674.56, 7.09031e-05
FILLER_0_243_2065, 958.57, 674.56, 6.46624e-05
FILLER_0_244_2093, 970.4, 674.56, 6.46625e-05
FILLER_0_243_2121, 982.23, 674.56, 6.46625e-05
PHY_482, 5.52, 669.12, 0.000101593
PHY_484, 5.52, 669.12, 0.000101593
PHY_483, 994.06, 669.12, 6.25211e-05
PHY_485, 994.06, 669.12, 6.25211e-05
FILLER_0_241_2141, 994.06, 669.12, 6.25211e-05
FILLER_0_242_2137, 994.06, 669.12, 6.25211e-05
FILLER_0_242_77, 37.94, 669.12, 0.000107434
FILLER_0_243_105, 50.74, 669.12, 0.000113275
FILLER_0_242_133, 63.54, 669.12, 0.000119116
FILLER_0_243_161, 76.34, 669.12, 0.000124957
FILLER_0_242_189, 89.14, 669.12, 0.000130798
FILLER_0_243_217, 101.94, 669.12, 0.000136639
FILLER_0_242_245, 114.74, 669.12, 0.00014248
FILLER_0_243_273, 127.54, 669.12, 0.000148321
FILLER_0_242_301, 140.34, 669.12, 0.000154163
FILLER_0_243_329, 153.14, 669.12, 0.000160004
FILLER_0_242_357, 165.94, 669.12, 0.000165845
FILLER_0_242_413, 191.54, 669.12, 0.000170255
FILLER_0_243_441, 204.34, 669.12, 0.000168825
FILLER_0_242_469, 217.14, 669.12, 0.000167395
FILLER_0_243_497, 229.94, 669.12, 0.000165965
FILLER_0_242_525, 242.74, 669.12, 0.000164535
FILLER_0_243_553, 255.54, 669.12, 0.000163104
FILLER_0_242_581, 268.34, 669.12, 0.000161674
FILLER_0_243_609, 281.14, 669.12, 0.000160244
FILLER_0_242_637, 293.94, 669.12, 0.000158814
FILLER_0_243_665, 306.74, 669.12, 0.000157383
FILLER_0_242_693, 319.54, 669.12, 0.000155953
FILLER_0_242_749, 345.14, 669.12, 0.000163716
FILLER_0_243_777, 357.94, 669.12, 0.000172908
FILLER_0_242_805, 370.74, 669.12, 0.000182101
FILLER_0_243_833, 383.54, 669.12, 0.000191294
FILLER_0_242_861, 396.34, 669.12, 0.000200486
FILLER_0_243_889, 409.14, 669.12, 0.000209679
FILLER_0_242_917, 421.94, 669.12, 0.000218872
FILLER_0_243_945, 434.74, 669.12, 0.000228064
FILLER_0_242_973, 447.54, 669.12, 0.000237257
FILLER_0_243_1001, 460.34, 669.12, 0.00024645
FILLER_0_242_1029, 473.14, 669.12, 0.000255642
FILLER_0_242_1085, 498.74, 669.12, 0.000260906
FILLER_0_243_1113, 511.54, 669.12, 0.000256978
FILLER_0_242_1141, 524.34, 669.12, 0.000253049
FILLER_0_243_1169, 537.14, 669.12, 0.00024912
FILLER_0_242_1197, 549.94, 669.12, 0.000245192
FILLER_0_243_1225, 562.74, 669.12, 0.000241263
FILLER_0_242_1253, 575.54, 669.12, 0.000237334
FILLER_0_241_1281, 601.14, 669.12, 0.000229477
FILLER_0_242_1309, 613.94, 669.12, 0.000225548
FILLER_0_241_1337, 626.74, 669.12, 0.000221619
FILLER_0_241_1393, 652.34, 669.12, 0.000211462
FILLER_0_242_1421, 665.14, 669.12, 0.000205234
FILLER_0_241_1449, 677.94, 669.12, 0.000199005
FILLER_0_242_1477, 690.74, 669.12, 0.000192777
FILLER_0_241_1505, 703.54, 669.12, 0.000186548
FILLER_0_242_1533, 716.34, 669.12, 0.00018032
FILLER_0_241_1561, 729.14, 669.12, 0.000174091
FILLER_0_242_1589, 741.94, 669.12, 0.000167863
FILLER_0_241_1617, 754.74, 669.12, 0.000161634
FILLER_0_242_1645, 767.54, 669.12, 0.000155406
FILLER_0_241_1673, 780.34, 669.12, 0.000149177
FILLER_0_241_1729, 805.94, 669.12, 0.000136246
FILLER_0_242_1757, 818.74, 669.12, 0.000129544
FILLER_0_241_1785, 831.54, 669.12, 0.000122842
FILLER_0_242_1813, 844.34, 669.12, 0.00011614
FILLER_0_241_1841, 857.14, 669.12, 0.000109437
FILLER_0_242_1869, 869.94, 669.12, 0.000102735
FILLER_0_241_1897, 882.74, 669.12, 9.60327e-05
FILLER_0_242_1925, 895.54, 669.12, 8.93304e-05
FILLER_0_241_1953, 908.34, 669.12, 8.2628e-05
FILLER_0_242_1981, 921.14, 669.12, 7.59257e-05
FILLER_0_241_2009, 933.94, 669.12, 6.92233e-05
FILLER_0_241_2065, 958.57, 669.12, 6.2521e-05
FILLER_0_242_2093, 970.4, 669.12, 6.2521e-05
FILLER_0_241_2121, 982.23, 669.12, 6.25211e-05
PHY_478, 5.52, 663.68, 9.86556e-05
PHY_480, 5.52, 663.68, 9.86556e-05
PHY_479, 994.06, 663.68, 6.00787e-05
PHY_481, 994.06, 663.68, 6.00787e-05
FILLER_0_239_2141, 994.06, 663.68, 6.00787e-05
FILLER_0_240_2137, 994.06, 663.68, 6.00787e-05
FILLER_0_240_77, 37.94, 663.68, 0.000105047
FILLER_0_241_105, 50.74, 663.68, 0.000111438
FILLER_0_240_133, 63.54, 663.68, 0.000117829
FILLER_0_241_161, 76.34, 663.68, 0.00012422
FILLER_0_240_189, 89.14, 663.68, 0.000130611
FILLER_0_241_217, 101.94, 663.68, 0.000137002
FILLER_0_240_245, 114.74, 663.68, 0.000143394
FILLER_0_241_273, 127.54, 663.68, 0.000149785
FILLER_0_240_301, 140.34, 663.68, 0.000156176
FILLER_0_241_329, 153.14, 663.68, 0.000162567
FILLER_0_240_357, 165.94, 663.68, 0.000168958
FILLER_0_240_413, 191.54, 663.68, 0.000173559
FILLER_0_241_441, 204.34, 663.68, 0.000171769
FILLER_0_240_469, 217.14, 663.68, 0.000169979
FILLER_0_241_497, 229.94, 663.68, 0.000168189
FILLER_0_240_525, 242.74, 663.68, 0.000166399
FILLER_0_241_553, 255.54, 663.68, 0.000164609
FILLER_0_240_581, 268.34, 663.68, 0.000162819
FILLER_0_241_609, 281.14, 663.68, 0.000161029
FILLER_0_240_637, 293.94, 663.68, 0.000159239
FILLER_0_241_665, 306.74, 663.68, 0.000157449
FILLER_0_240_693, 319.54, 663.68, 0.000155659
FILLER_0_240_749, 345.14, 663.68, 0.000164038
FILLER_0_241_777, 357.94, 663.68, 0.000174206
FILLER_0_240_805, 370.74, 663.68, 0.000184375
FILLER_0_241_833, 383.54, 663.68, 0.000194543
FILLER_0_240_861, 396.34, 663.68, 0.000204712
FILLER_0_241_889, 409.14, 663.68, 0.00021488
FILLER_0_240_917, 421.94, 663.68, 0.000225049
FILLER_0_241_945, 434.74, 663.68, 0.000235217
FILLER_0_240_973, 447.54, 663.68, 0.000245386
FILLER_0_241_1001, 460.34, 663.68, 0.000255554
FILLER_0_240_1029, 473.14, 663.68, 0.000265723
FILLER_0_240_1085, 498.74, 663.68, 0.000271712
FILLER_0_241_1113, 511.54, 663.68, 0.000267533
FILLER_0_240_1141, 524.34, 663.68, 0.000263353
FILLER_0_241_1169, 537.14, 663.68, 0.000259174
FILLER_0_240_1197, 549.94, 663.68, 0.000254995
FILLER_0_241_1225, 562.74, 663.68, 0.000250815
FILLER_0_240_1253, 575.54, 663.68, 0.000246636
FILLER_0_239_1281, 601.14, 663.68, 0.000238277
FILLER_0_240_1309, 613.94, 663.68, 0.000234098
FILLER_0_239_1337, 626.74, 663.68, 0.000229919
FILLER_0_239_1393, 652.34, 663.68, 0.000219124
FILLER_0_240_1421, 665.14, 663.68, 0.000212509
FILLER_0_239_1449, 677.94, 663.68, 0.000205894
FILLER_0_240_1477, 690.74, 663.68, 0.000199279
FILLER_0_239_1505, 703.54, 663.68, 0.000192663
FILLER_0_240_1533, 716.34, 663.68, 0.000186048
FILLER_0_239_1561, 729.14, 663.68, 0.000179433
FILLER_0_240_1589, 741.94, 663.68, 0.000172818
FILLER_0_239_1617, 754.74, 663.68, 0.000166203
FILLER_0_240_1645, 767.54, 663.68, 0.000159587
FILLER_0_239_1673, 780.34, 663.68, 0.000152972
FILLER_0_239_1729, 805.94, 663.68, 0.000139167
FILLER_0_240_1757, 818.74, 663.68, 0.000131977
FILLER_0_239_1785, 831.54, 663.68, 0.000124787
FILLER_0_240_1813, 844.34, 663.68, 0.000117598
FILLER_0_239_1841, 857.14, 663.68, 0.000110408
FILLER_0_240_1869, 869.94, 663.68, 0.000103218
FILLER_0_239_1897, 882.74, 663.68, 9.6028e-05
FILLER_0_240_1925, 895.54, 663.68, 8.88381e-05
FILLER_0_239_1953, 908.34, 663.68, 8.16482e-05
FILLER_0_240_1981, 921.14, 663.68, 7.44583e-05
FILLER_0_239_2009, 933.94, 663.68, 6.72684e-05
FILLER_0_239_2065, 958.57, 663.68, 6.00785e-05
FILLER_0_240_2093, 970.4, 663.68, 6.00786e-05
FILLER_0_239_2121, 982.23, 663.68, 6.00786e-05
PHY_474, 5.52, 658.24, 9.54493e-05
PHY_476, 5.52, 658.24, 9.54493e-05
PHY_475, 994.06, 658.24, 5.73134e-05
PHY_477, 994.06, 658.24, 5.73134e-05
FILLER_0_238_2137, 994.06, 658.24, 5.73134e-05
FILLER_0_238_77, 37.94, 658.24, 0.000102438
FILLER_0_239_105, 50.74, 658.24, 0.000109427
FILLER_0_238_133, 63.54, 658.24, 0.000116416
FILLER_0_239_161, 76.34, 658.24, 0.000123406
FILLER_0_238_189, 89.14, 658.24, 0.000130395
FILLER_0_239_217, 101.94, 658.24, 0.000137384
FILLER_0_238_245, 114.74, 658.24, 0.000144373
FILLER_0_239_273, 127.54, 658.24, 0.000151362
FILLER_0_238_301, 140.34, 658.24, 0.000158351
FILLER_0_239_329, 153.14, 658.24, 0.000165339
FILLER_0_238_357, 165.94, 658.24, 0.000172328
FILLER_0_238_413, 191.54, 658.24, 0.000177104
FILLER_0_239_441, 204.34, 658.24, 0.000174891
FILLER_0_238_469, 217.14, 658.24, 0.000172678
FILLER_0_239_497, 229.94, 658.24, 0.000170465
FILLER_0_238_525, 242.74, 658.24, 0.000168252
FILLER_0_239_553, 255.54, 658.24, 0.000166039
FILLER_0_238_581, 268.34, 658.24, 0.000163826
FILLER_0_239_609, 281.14, 658.24, 0.000161613
FILLER_0_238_637, 293.94, 658.24, 0.000159399
FILLER_0_239_665, 306.74, 658.24, 0.000157186
FILLER_0_238_693, 319.54, 658.24, 0.000154973
FILLER_0_238_749, 345.14, 658.24, 0.000163991
FILLER_0_239_777, 357.94, 658.24, 0.000175223
FILLER_0_238_805, 370.74, 658.24, 0.000186455
FILLER_0_239_833, 383.54, 658.24, 0.000197686
FILLER_0_238_861, 396.34, 658.24, 0.000208918
FILLER_0_239_889, 409.14, 658.24, 0.000220149
FILLER_0_238_917, 421.94, 658.24, 0.000231381
FILLER_0_239_945, 434.74, 658.24, 0.000242612
FILLER_0_238_973, 447.54, 658.24, 0.000253844
FILLER_0_239_1001, 460.34, 658.24, 0.000265075
FILLER_0_238_1029, 473.14, 658.24, 0.000276306
FILLER_0_238_1085, 498.74, 658.24, 0.00028307
FILLER_0_239_1113, 511.54, 658.24, 0.000278603
FILLER_0_238_1141, 524.34, 658.24, 0.000274135
FILLER_0_239_1169, 537.14, 658.24, 0.000269667
FILLER_0_238_1197, 549.94, 658.24, 0.0002652
FILLER_0_239_1225, 562.74, 658.24, 0.000260732
FILLER_0_238_1253, 575.54, 658.24, 0.000256265
FILLER_0_237_1281, 601.14, 658.24, 0.000247329
FILLER_0_238_1309, 613.94, 658.24, 0.000242861
FILLER_0_237_1337, 626.74, 658.24, 0.000238394
FILLER_0_237_1393, 652.34, 658.24, 0.000226914
FILLER_0_238_1421, 665.14, 658.24, 0.000219902
FILLER_0_237_1449, 677.94, 658.24, 0.000212889
FILLER_0_238_1477, 690.74, 658.24, 0.000205877
FILLER_0_237_1505, 703.54, 658.24, 0.000198865
FILLER_0_238_1533, 716.34, 658.24, 0.000191853
FILLER_0_237_1561, 729.14, 658.24, 0.00018484
FILLER_0_238_1589, 741.94, 658.24, 0.000177828
FILLER_0_237_1617, 754.74, 658.24, 0.000170816
FILLER_0_238_1645, 767.54, 658.24, 0.000163803
FILLER_0_237_1673, 780.34, 658.24, 0.000156791
FILLER_0_237_1729, 805.94, 658.24, 0.000142073
FILLER_0_238_1757, 818.74, 658.24, 0.000134368
FILLER_0_237_1785, 831.54, 658.24, 0.000126662
FILLER_0_238_1813, 844.34, 658.24, 0.000118957
FILLER_0_237_1841, 857.14, 658.24, 0.000111252
FILLER_0_238_1869, 869.94, 658.24, 0.000103546
FILLER_0_237_1897, 882.74, 658.24, 9.58407e-05
FILLER_0_238_1925, 895.54, 658.24, 8.81352e-05
FILLER_0_237_1953, 908.34, 658.24, 8.04297e-05
FILLER_0_238_1981, 921.14, 658.24, 7.27242e-05
FILLER_0_237_2009, 933.94, 658.24, 6.50187e-05
FILLER_0_237_2065, 958.57, 658.24, 5.73133e-05
FILLER_0_238_2093, 970.4, 658.24, 5.73133e-05
FILLER_0_237_2121, 982.23, 658.24, 5.73134e-05
PHY_470, 5.52, 652.8, 9.19496e-05
PHY_472, 5.52, 652.8, 9.19496e-05
PHY_471, 994.06, 652.8, 8.83221e-05
PHY_473, 994.06, 652.8, 8.83221e-05
FILLER_0_235_2141, 994.06, 652.8, 8.83221e-05
FILLER_0_236_2137, 994.06, 652.8, 8.83221e-05
FILLER_0_236_77, 37.94, 652.8, 9.95896e-05
FILLER_0_237_105, 50.74, 652.8, 0.00010723
FILLER_0_236_133, 63.54, 652.8, 0.00011487
FILLER_0_237_161, 76.34, 652.8, 0.00012251
FILLER_0_236_189, 89.14, 652.8, 0.00013015
FILLER_0_237_217, 101.94, 652.8, 0.00013779
FILLER_0_236_245, 114.74, 652.8, 0.00014543
FILLER_0_237_273, 127.54, 652.8, 0.00015307
FILLER_0_236_301, 140.34, 652.8, 0.00016071
FILLER_0_237_329, 153.14, 652.8, 0.00016835
FILLER_0_236_357, 165.94, 652.8, 0.00017599
FILLER_0_236_413, 191.54, 652.8, 0.000180922
FILLER_0_237_441, 204.34, 652.8, 0.000178214
FILLER_0_236_469, 217.14, 652.8, 0.000175507
FILLER_0_237_497, 229.94, 652.8, 0.000172799
FILLER_0_236_525, 242.74, 652.8, 0.000170091
FILLER_0_237_553, 255.54, 652.8, 0.000167384
FILLER_0_236_581, 268.34, 652.8, 0.000164676
FILLER_0_237_609, 281.14, 652.8, 0.000161968
FILLER_0_236_637, 293.94, 652.8, 0.000159261
FILLER_0_237_665, 306.74, 652.8, 0.000156553
FILLER_0_236_693, 319.54, 652.8, 0.000153845
FILLER_0_236_749, 345.14, 652.8, 0.000163528
FILLER_0_237_777, 357.94, 652.8, 0.00017592
FILLER_0_236_805, 370.74, 652.8, 0.000188311
FILLER_0_237_833, 383.54, 652.8, 0.000200702
FILLER_0_236_861, 396.34, 652.8, 0.000213093
FILLER_0_237_889, 409.14, 652.8, 0.000225484
FILLER_0_236_917, 421.94, 652.8, 0.000237875
FILLER_0_237_945, 434.74, 652.8, 0.000250266
FILLER_0_236_973, 447.54, 652.8, 0.000262657
FILLER_0_237_1001, 460.34, 652.8, 0.000275049
FILLER_0_236_1029, 473.14, 652.8, 0.00028744
FILLER_0_236_1085, 498.74, 652.8, 0.000295035
FILLER_0_237_1113, 511.54, 652.8, 0.000290239
FILLER_0_236_1141, 524.34, 652.8, 0.000285444
FILLER_0_237_1169, 537.14, 652.8, 0.000280648
FILLER_0_236_1197, 549.94, 652.8, 0.000275853
FILLER_0_237_1225, 562.74, 652.8, 0.000271057
FILLER_0_236_1253, 575.54, 652.8, 0.000266261
FILLER_0_235_1281, 601.14, 652.8, 0.00025667
FILLER_0_236_1309, 613.94, 652.8, 0.000251874
FILLER_0_235_1337, 626.74, 652.8, 0.000247079
FILLER_0_235_1393, 652.34, 652.8, 0.000234896
FILLER_0_236_1421, 665.14, 652.8, 0.000227508
FILLER_0_235_1449, 677.94, 652.8, 0.000220121
FILLER_0_236_1477, 690.74, 652.8, 0.000212733
FILLER_0_235_1505, 703.54, 652.8, 0.000205345
FILLER_0_236_1533, 716.34, 652.8, 0.000197958
FILLER_0_235_1561, 729.14, 652.8, 0.00019057
FILLER_0_236_1589, 741.94, 652.8, 0.000183183
FILLER_0_235_1617, 754.74, 652.8, 0.000175795
FILLER_0_236_1645, 767.54, 652.8, 0.000168408
FILLER_0_235_1673, 780.34, 652.8, 0.00016102
FILLER_0_235_1729, 805.94, 652.8, 0.000145943
FILLER_0_236_1757, 818.74, 652.8, 0.000138254
FILLER_0_235_1785, 831.54, 652.8, 0.000130565
FILLER_0_236_1813, 844.34, 652.8, 0.000122876
FILLER_0_235_1841, 857.14, 652.8, 0.000115187
FILLER_0_236_1869, 869.94, 652.8, 0.000107497
FILLER_0_235_1897, 882.74, 652.8, 9.98081e-05
FILLER_0_236_1925, 895.54, 652.8, 9.21189e-05
FILLER_0_235_1953, 908.34, 652.8, 8.44296e-05
FILLER_0_236_1981, 921.14, 652.8, 7.67404e-05
FILLER_0_235_2009, 933.94, 652.8, 6.90511e-05
FILLER_0_235_2065, 958.57, 652.8, 7.03486e-05
FILLER_0_236_2093, 970.4, 652.8, 7.93353e-05
input7, 982.23, 652.8, 8.8322e-05
FILLER_0_235_2121, 982.23, 652.8, 8.8322e-05
FILLER_0_237_2129, 982.23, 652.8, 8.8322e-05
PHY_466, 5.52, 647.36, 8.81296e-05
PHY_468, 5.52, 647.36, 8.81296e-05
PHY_467, 994.06, 647.36, 5.03063e-05
PHY_469, 994.06, 647.36, 5.03063e-05
FILLER_0_233_2141, 994.06, 647.36, 5.03063e-05
FILLER_0_234_2137, 994.06, 647.36, 5.03063e-05
FILLER_0_234_77, 37.94, 647.36, 9.64796e-05
FILLER_0_235_105, 50.74, 647.36, 0.00010483
FILLER_0_234_133, 63.54, 647.36, 0.00011318
FILLER_0_235_161, 76.34, 647.36, 0.00012153
FILLER_0_234_189, 89.14, 647.36, 0.00012988
FILLER_0_235_217, 101.94, 647.36, 0.00013823
FILLER_0_234_245, 114.74, 647.36, 0.00014658
FILLER_0_235_273, 127.54, 647.36, 0.00015493
FILLER_0_234_301, 140.34, 647.36, 0.000163279
FILLER_0_235_329, 153.14, 647.36, 0.000171629
FILLER_0_234_357, 165.94, 647.36, 0.000179979
FILLER_0_234_413, 191.54, 647.36, 0.000185047
FILLER_0_235_441, 204.34, 647.36, 0.000181764
FILLER_0_234_469, 217.14, 647.36, 0.000178481
FILLER_0_235_497, 229.94, 647.36, 0.000175199
FILLER_0_234_525, 242.74, 647.36, 0.000171916
FILLER_0_235_553, 255.54, 647.36, 0.000168633
FILLER_0_234_581, 268.34, 647.36, 0.000165351
FILLER_0_235_609, 281.14, 647.36, 0.000162068
FILLER_0_234_637, 293.94, 647.36, 0.000158785
FILLER_0_235_665, 306.74, 647.36, 0.000155503
FILLER_0_234_693, 319.54, 647.36, 0.00015222
FILLER_0_234_749, 345.14, 647.36, 0.000162594
FILLER_0_235_777, 357.94, 647.36, 0.000176252
FILLER_0_234_805, 370.74, 647.36, 0.000189909
FILLER_0_235_833, 383.54, 647.36, 0.000203566
FILLER_0_234_861, 396.34, 647.36, 0.000217224
FILLER_0_235_889, 409.14, 647.36, 0.000230881
FILLER_0_234_917, 421.94, 647.36, 0.000244538
FILLER_0_235_945, 434.74, 647.36, 0.000258196
FILLER_0_234_973, 447.54, 647.36, 0.000271853
FILLER_0_235_1001, 460.34, 647.36, 0.00028551
FILLER_0_234_1029, 473.14, 647.36, 0.000299168
FILLER_0_234_1085, 498.74, 647.36, 0.000307651
FILLER_0_235_1113, 511.54, 647.36, 0.000302478
FILLER_0_234_1141, 524.34, 647.36, 0.000297304
FILLER_0_235_1169, 537.14, 647.36, 0.000292131
FILLER_0_234_1197, 549.94, 647.36, 0.000286957
FILLER_0_235_1225, 562.74, 647.36, 0.000281783
FILLER_0_234_1253, 575.54, 647.36, 0.00027661
FILLER_0_233_1281, 601.14, 647.36, 0.000266262
FILLER_0_234_1309, 613.94, 647.36, 0.000261089
FILLER_0_233_1337, 626.74, 647.36, 0.000255915
FILLER_0_233_1393, 652.34, 647.36, 0.000242899
FILLER_0_234_1421, 665.14, 647.36, 0.000235057
FILLER_0_233_1449, 677.94, 647.36, 0.000227215
FILLER_0_234_1477, 690.74, 647.36, 0.000219373
FILLER_0_233_1505, 703.54, 647.36, 0.00021153
FILLER_0_234_1533, 716.34, 647.36, 0.000203688
FILLER_0_233_1561, 729.14, 647.36, 0.000195846
FILLER_0_234_1589, 741.94, 647.36, 0.000188004
FILLER_0_233_1617, 754.74, 647.36, 0.000180161
FILLER_0_234_1645, 767.54, 647.36, 0.000172319
FILLER_0_233_1673, 780.34, 647.36, 0.000164477
FILLER_0_233_1729, 805.94, 647.36, 0.000147774
FILLER_0_234_1757, 818.74, 647.36, 0.000138913
FILLER_0_233_1785, 831.54, 647.36, 0.000130052
FILLER_0_234_1813, 844.34, 647.36, 0.000121192
FILLER_0_233_1841, 857.14, 647.36, 0.000112331
FILLER_0_234_1869, 869.94, 647.36, 0.00010347
FILLER_0_233_1897, 882.74, 647.36, 9.46097e-05
FILLER_0_234_1925, 895.54, 647.36, 8.5749e-05
FILLER_0_233_1953, 908.34, 647.36, 7.68883e-05
FILLER_0_234_1981, 921.14, 647.36, 6.80276e-05
FILLER_0_233_2009, 933.94, 647.36, 5.91668e-05
FILLER_0_233_2065, 958.57, 647.36, 5.03062e-05
FILLER_0_234_2093, 970.4, 647.36, 5.03062e-05
FILLER_0_233_2121, 982.23, 647.36, 5.03063e-05
PHY_462, 5.52, 641.92, 9.36061e-05
PHY_464, 5.52, 641.92, 9.36061e-05
PHY_463, 994.06, 641.92, 5.08203e-05
PHY_465, 994.06, 641.92, 5.08203e-05
FILLER_0_231_2141, 994.06, 641.92, 5.08203e-05
FILLER_0_232_2137, 994.06, 641.92, 5.08203e-05
FILLER_0_232_77, 37.94, 641.92, 0.000102456
FILLER_0_233_105, 50.74, 641.92, 0.000111306
FILLER_0_232_133, 63.54, 641.92, 0.000120156
FILLER_0_233_161, 76.34, 641.92, 0.000129006
FILLER_0_232_189, 89.14, 641.92, 0.000137856
FILLER_0_233_217, 101.94, 641.92, 0.000146705
FILLER_0_232_245, 114.74, 641.92, 0.000155555
FILLER_0_233_273, 127.54, 641.92, 0.000164405
FILLER_0_232_301, 140.34, 641.92, 0.000173255
FILLER_0_233_329, 153.14, 641.92, 0.000182105
FILLER_0_232_357, 165.94, 641.92, 0.000190954
FILLER_0_232_413, 191.54, 641.92, 0.00019662
FILLER_0_233_441, 204.34, 641.92, 0.000193435
FILLER_0_232_469, 217.14, 641.92, 0.00019025
FILLER_0_233_497, 229.94, 641.92, 0.000187065
FILLER_0_232_525, 242.74, 641.92, 0.00018388
FILLER_0_233_553, 255.54, 641.92, 0.000180696
FILLER_0_232_581, 268.34, 641.92, 0.000177511
FILLER_0_233_609, 281.14, 641.92, 0.000174326
FILLER_0_232_637, 293.94, 641.92, 0.000171141
FILLER_0_233_665, 306.74, 641.92, 0.000167956
FILLER_0_232_693, 319.54, 641.92, 0.000164771
FILLER_0_232_749, 345.14, 641.92, 0.000175847
FILLER_0_233_777, 357.94, 641.92, 0.000190108
FILLER_0_232_805, 370.74, 641.92, 0.000204369
FILLER_0_233_833, 383.54, 641.92, 0.000218629
FILLER_0_232_861, 396.34, 641.92, 0.00023289
FILLER_0_233_889, 409.14, 641.92, 0.000247151
FILLER_0_232_917, 421.94, 641.92, 0.000261412
FILLER_0_233_945, 434.74, 641.92, 0.000275672
FILLER_0_232_973, 447.54, 641.92, 0.000289933
FILLER_0_233_1001, 460.34, 641.92, 0.000304194
FILLER_0_232_1029, 473.14, 641.92, 0.000318454
FILLER_0_232_1085, 498.74, 641.92, 0.000326713
FILLER_0_233_1113, 511.54, 641.92, 0.000320711
FILLER_0_232_1141, 524.34, 641.92, 0.00031471
FILLER_0_233_1169, 537.14, 641.92, 0.000308708
FILLER_0_232_1197, 549.94, 641.92, 0.000302706
FILLER_0_233_1225, 562.74, 641.92, 0.000296704
FILLER_0_232_1253, 575.54, 641.92, 0.000290702
FILLER_0_231_1281, 601.14, 641.92, 0.000278699
FILLER_0_232_1309, 613.94, 641.92, 0.000272697
FILLER_0_231_1337, 626.74, 641.92, 0.000266695
FILLER_0_231_1393, 652.34, 641.92, 0.000252408
FILLER_0_232_1421, 665.14, 641.92, 0.000244123
FILLER_0_231_1449, 677.94, 641.92, 0.000235837
FILLER_0_232_1477, 690.74, 641.92, 0.000227552
FILLER_0_231_1505, 703.54, 641.92, 0.000219266
FILLER_0_232_1533, 716.34, 641.92, 0.000210981
FILLER_0_231_1561, 729.14, 641.92, 0.000202696
FILLER_0_232_1589, 741.94, 641.92, 0.00019441
FILLER_0_231_1617, 754.74, 641.92, 0.000186125
FILLER_0_232_1645, 767.54, 641.92, 0.000177839
FILLER_0_231_1673, 780.34, 641.92, 0.000169554
FILLER_0_231_1729, 805.94, 641.92, 0.000152065
FILLER_0_232_1757, 818.74, 641.92, 0.000142861
FILLER_0_231_1785, 831.54, 641.92, 0.000133657
FILLER_0_232_1813, 844.34, 641.92, 0.000124453
FILLER_0_231_1841, 857.14, 641.92, 0.000115249
FILLER_0_232_1869, 869.94, 641.92, 0.000106045
FILLER_0_231_1897, 882.74, 641.92, 9.68405e-05
FILLER_0_232_1925, 895.54, 641.92, 8.76364e-05
FILLER_0_231_1953, 908.34, 641.92, 7.84324e-05
FILLER_0_232_1981, 921.14, 641.92, 6.92283e-05
FILLER_0_231_2009, 933.94, 641.92, 6.00242e-05
FILLER_0_231_2065, 958.57, 641.92, 5.08202e-05
FILLER_0_232_2093, 970.4, 641.92, 5.08203e-05
FILLER_0_231_2121, 982.23, 641.92, 5.08203e-05
PHY_458, 5.52, 636.48, 0.000121258
PHY_460, 5.52, 636.48, 0.000121258
PHY_459, 994.06, 636.48, 6.2158e-05
PHY_461, 994.06, 636.48, 6.2158e-05
FILLER_0_229_2141, 994.06, 636.48, 6.2158e-05
FILLER_0_230_2137, 994.06, 636.48, 6.2158e-05
FILLER_0_230_77, 37.94, 636.48, 0.000130032
FILLER_0_231_105, 50.74, 636.48, 0.000138806
FILLER_0_230_133, 63.54, 636.48, 0.000147581
FILLER_0_231_161, 76.34, 636.48, 0.000156355
FILLER_0_230_189, 89.14, 636.48, 0.000165129
FILLER_0_231_217, 101.94, 636.48, 0.000173903
FILLER_0_230_245, 114.74, 636.48, 0.000182678
FILLER_0_231_273, 127.54, 636.48, 0.000191452
FILLER_0_230_301, 140.34, 636.48, 0.000200226
FILLER_0_231_329, 153.14, 636.48, 0.000209
FILLER_0_230_357, 165.94, 636.48, 0.000217774
FILLER_0_230_413, 191.54, 636.48, 0.000225152
FILLER_0_231_441, 204.34, 636.48, 0.000223757
FILLER_0_230_469, 217.14, 636.48, 0.000222361
FILLER_0_231_497, 229.94, 636.48, 0.000220965
FILLER_0_230_525, 242.74, 636.48, 0.000219569
FILLER_0_231_553, 255.54, 636.48, 0.000218173
FILLER_0_230_581, 268.34, 636.48, 0.000216777
FILLER_0_231_609, 281.14, 636.48, 0.000215381
FILLER_0_230_637, 293.94, 636.48, 0.000213985
FILLER_0_231_665, 306.74, 636.48, 0.000212589
FILLER_0_230_693, 319.54, 636.48, 0.000211193
FILLER_0_230_749, 345.14, 636.48, 0.000222959
FILLER_0_231_777, 357.94, 636.48, 0.000236122
FILLER_0_230_805, 370.74, 636.48, 0.000249285
FILLER_0_231_833, 383.54, 636.48, 0.000262447
FILLER_0_230_861, 396.34, 636.48, 0.00027561
FILLER_0_231_889, 409.14, 636.48, 0.000288773
FILLER_0_230_917, 421.94, 636.48, 0.000301935
FILLER_0_231_945, 434.74, 636.48, 0.000315098
FILLER_0_230_973, 447.54, 636.48, 0.000328261
FILLER_0_231_1001, 460.34, 636.48, 0.000341423
FILLER_0_230_1029, 473.14, 636.48, 0.000354586
FILLER_0_230_1085, 498.74, 636.48, 0.000359924
FILLER_0_231_1113, 511.54, 636.48, 0.0003521
FILLER_0_230_1141, 524.34, 636.48, 0.000344275
FILLER_0_231_1169, 537.14, 636.48, 0.000336451
FILLER_0_230_1197, 549.94, 636.48, 0.000328626
FILLER_0_231_1225, 562.74, 636.48, 0.000320802
FILLER_0_230_1253, 575.54, 636.48, 0.000312977
FILLER_0_229_1281, 601.14, 636.48, 0.000297328
FILLER_0_230_1309, 613.94, 636.48, 0.000289504
FILLER_0_229_1337, 626.74, 636.48, 0.000281679
FILLER_0_229_1393, 652.34, 636.48, 0.000265092
FILLER_0_230_1421, 665.14, 636.48, 0.00025633
FILLER_0_229_1449, 677.94, 636.48, 0.000247567
FILLER_0_230_1477, 690.74, 636.48, 0.000238805
FILLER_0_229_1505, 703.54, 636.48, 0.000230042
FILLER_0_230_1533, 716.34, 636.48, 0.00022128
FILLER_0_229_1561, 729.14, 636.48, 0.000212517
FILLER_0_230_1589, 741.94, 636.48, 0.000203755
FILLER_0_229_1617, 754.74, 636.48, 0.000194992
FILLER_0_230_1645, 767.54, 636.48, 0.00018623
FILLER_0_229_1673, 780.34, 636.48, 0.000177467
FILLER_0_229_1729, 805.94, 636.48, 0.000159826
FILLER_0_230_1757, 818.74, 636.48, 0.000150947
FILLER_0_229_1785, 831.54, 636.48, 0.000142068
FILLER_0_230_1813, 844.34, 636.48, 0.000133189
FILLER_0_229_1841, 857.14, 636.48, 0.000124311
FILLER_0_230_1869, 869.94, 636.48, 0.000115432
FILLER_0_229_1897, 882.74, 636.48, 0.000106553
FILLER_0_230_1925, 895.54, 636.48, 9.76737e-05
FILLER_0_229_1953, 908.34, 636.48, 8.87947e-05
FILLER_0_230_1981, 921.14, 636.48, 7.99158e-05
FILLER_0_229_2009, 933.94, 636.48, 7.10368e-05
FILLER_0_229_2065, 958.57, 636.48, 6.21579e-05
FILLER_0_230_2093, 970.4, 636.48, 6.21579e-05
FILLER_0_229_2121, 982.23, 636.48, 6.2158e-05
PHY_454, 5.52, 631.04, 0.000148538
PHY_456, 5.52, 631.04, 0.000148538
PHY_455, 994.06, 631.04, 7.30952e-05
PHY_457, 994.06, 631.04, 7.30952e-05
FILLER_0_227_2141, 994.06, 631.04, 7.30952e-05
FILLER_0_228_2137, 994.06, 631.04, 7.30952e-05
FILLER_0_228_77, 37.94, 631.04, 0.000157299
FILLER_0_229_105, 50.74, 631.04, 0.00016606
FILLER_0_228_133, 63.54, 631.04, 0.000174821
FILLER_0_229_161, 76.34, 631.04, 0.000183582
FILLER_0_228_189, 89.14, 631.04, 0.000192344
FILLER_0_229_217, 101.94, 631.04, 0.000201105
FILLER_0_228_245, 114.74, 631.04, 0.000209866
FILLER_0_229_273, 127.54, 631.04, 0.000218627
FILLER_0_228_301, 140.34, 631.04, 0.000227388
FILLER_0_229_329, 153.14, 631.04, 0.000236149
FILLER_0_228_357, 165.94, 631.04, 0.00024491
FILLER_0_228_413, 191.54, 631.04, 0.000253987
FILLER_0_229_441, 204.34, 631.04, 0.000254303
FILLER_0_228_469, 217.14, 631.04, 0.000254619
FILLER_0_229_497, 229.94, 631.04, 0.000254934
FILLER_0_228_525, 242.74, 631.04, 0.00025525
FILLER_0_229_553, 255.54, 631.04, 0.000255566
FILLER_0_228_581, 268.34, 631.04, 0.000255882
FILLER_0_229_609, 281.14, 631.04, 0.000256198
FILLER_0_228_637, 293.94, 631.04, 0.000256513
FILLER_0_229_665, 306.74, 631.04, 0.000256829
FILLER_0_228_693, 319.54, 631.04, 0.000257145
FILLER_0_228_749, 345.14, 631.04, 0.000269643
FILLER_0_229_777, 357.94, 631.04, 0.000281825
FILLER_0_228_805, 370.74, 631.04, 0.000294007
FILLER_0_229_833, 383.54, 631.04, 0.000306189
FILLER_0_228_861, 396.34, 631.04, 0.000318371
FILLER_0_229_889, 409.14, 631.04, 0.000330554
FILLER_0_228_917, 421.94, 631.04, 0.000342736
FILLER_0_229_945, 434.74, 631.04, 0.000354918
FILLER_0_228_973, 447.54, 631.04, 0.0003671
FILLER_0_229_1001, 460.34, 631.04, 0.000379282
FILLER_0_228_1029, 473.14, 631.04, 0.000391464
FILLER_0_228_1085, 498.74, 631.04, 0.000393934
FILLER_0_229_1113, 511.54, 631.04, 0.000384223
FILLER_0_228_1141, 524.34, 631.04, 0.000374511
FILLER_0_229_1169, 537.14, 631.04, 0.000364799
FILLER_0_228_1197, 549.94, 631.04, 0.000355087
FILLER_0_229_1225, 562.74, 631.04, 0.000345375
FILLER_0_228_1253, 575.54, 631.04, 0.000335664
FILLER_0_227_1281, 601.14, 631.04, 0.00031624
FILLER_0_228_1309, 613.94, 631.04, 0.000306528
FILLER_0_227_1337, 626.74, 631.04, 0.000296816
FILLER_0_227_1393, 652.34, 631.04, 0.000277856
FILLER_0_228_1421, 665.14, 631.04, 0.000268608
FILLER_0_227_1449, 677.94, 631.04, 0.000259361
FILLER_0_228_1477, 690.74, 631.04, 0.000250113
FILLER_0_227_1505, 703.54, 631.04, 0.000240865
FILLER_0_228_1533, 716.34, 631.04, 0.000231617
FILLER_0_227_1561, 729.14, 631.04, 0.000222369
FILLER_0_228_1589, 741.94, 631.04, 0.000213121
FILLER_0_227_1617, 754.74, 631.04, 0.000203873
FILLER_0_228_1645, 767.54, 631.04, 0.000194624
FILLER_0_227_1673, 780.34, 631.04, 0.000185376
FILLER_0_227_1729, 805.94, 631.04, 0.000167542
FILLER_0_228_1757, 818.74, 631.04, 0.000158956
FILLER_0_227_1785, 831.54, 631.04, 0.00015037
FILLER_0_228_1813, 844.34, 631.04, 0.000141784
FILLER_0_227_1841, 857.14, 631.04, 0.000133198
FILLER_0_228_1869, 869.94, 631.04, 0.000124612
FILLER_0_227_1897, 882.74, 631.04, 0.000116026
FILLER_0_228_1925, 895.54, 631.04, 0.00010744
FILLER_0_227_1953, 908.34, 631.04, 9.88535e-05
FILLER_0_228_1981, 921.14, 631.04, 9.02674e-05
FILLER_0_227_2009, 933.94, 631.04, 8.16812e-05
FILLER_0_227_2065, 958.57, 631.04, 7.30951e-05
FILLER_0_228_2093, 970.4, 631.04, 7.30952e-05
FILLER_0_227_2121, 982.23, 631.04, 7.30952e-05
PHY_450, 5.52, 625.6, 0.000175443
PHY_452, 5.52, 625.6, 0.000175443
PHY_451, 994.06, 625.6, 8.3643e-05
PHY_453, 994.06, 625.6, 8.3643e-05
FILLER_0_225_2141, 994.06, 625.6, 8.3643e-05
FILLER_0_226_2137, 994.06, 625.6, 8.3643e-05
FILLER_0_226_77, 37.94, 625.6, 0.000184248
FILLER_0_227_105, 50.74, 625.6, 0.000193053
FILLER_0_226_133, 63.54, 625.6, 0.000201858
FILLER_0_227_161, 76.34, 625.6, 0.000210664
FILLER_0_226_189, 89.14, 625.6, 0.000219469
FILLER_0_227_217, 101.94, 625.6, 0.000228274
FILLER_0_226_245, 114.74, 625.6, 0.000237079
FILLER_0_227_273, 127.54, 625.6, 0.000245885
FILLER_0_226_301, 140.34, 625.6, 0.00025469
FILLER_0_227_329, 153.14, 625.6, 0.000263495
FILLER_0_226_357, 165.94, 625.6, 0.0002723
FILLER_0_226_413, 191.54, 625.6, 0.000283071
FILLER_0_227_441, 204.34, 625.6, 0.000285036
FILLER_0_226_469, 217.14, 625.6, 0.000287002
FILLER_0_227_497, 229.94, 625.6, 0.000288968
FILLER_0_226_525, 242.74, 625.6, 0.000290933
FILLER_0_227_553, 255.54, 625.6, 0.000292899
FILLER_0_226_581, 268.34, 625.6, 0.000294864
FILLER_0_227_609, 281.14, 625.6, 0.00029683
FILLER_0_226_637, 293.94, 625.6, 0.000298795
FILLER_0_227_665, 306.74, 625.6, 0.000300761
FILLER_0_226_693, 319.54, 625.6, 0.000302726
FILLER_0_226_749, 345.14, 625.6, 0.000316005
FILLER_0_227_777, 357.94, 625.6, 0.000327318
FILLER_0_226_805, 370.74, 625.6, 0.000338631
FILLER_0_227_833, 383.54, 625.6, 0.000349944
FILLER_0_226_861, 396.34, 625.6, 0.000361257
FILLER_0_227_889, 409.14, 625.6, 0.00037257
FILLER_0_226_917, 421.94, 625.6, 0.000383884
FILLER_0_227_945, 434.74, 625.6, 0.000395197
FILLER_0_226_973, 447.54, 625.6, 0.00040651
FILLER_0_227_1001, 460.34, 625.6, 0.000417823
FILLER_0_226_1029, 473.14, 625.6, 0.000429136
FILLER_0_226_1085, 498.74, 625.6, 0.000428777
FILLER_0_227_1113, 511.54, 625.6, 0.000417105
FILLER_0_226_1141, 524.34, 625.6, 0.000405433
FILLER_0_227_1169, 537.14, 625.6, 0.000393761
FILLER_0_226_1197, 549.94, 625.6, 0.000382089
FILLER_0_227_1225, 562.74, 625.6, 0.000370417
FILLER_0_226_1253, 575.54, 625.6, 0.000358745
FILLER_0_225_1281, 601.14, 625.6, 0.0003354
FILLER_0_226_1309, 613.94, 625.6, 0.000323728
FILLER_0_225_1337, 626.74, 625.6, 0.000312056
FILLER_0_225_1393, 652.34, 625.6, 0.000290644
FILLER_0_226_1421, 665.14, 625.6, 0.000280904
FILLER_0_225_1449, 677.94, 625.6, 0.000271164
FILLER_0_226_1477, 690.74, 625.6, 0.000261424
FILLER_0_225_1505, 703.54, 625.6, 0.000251684
FILLER_0_226_1533, 716.34, 625.6, 0.000241944
FILLER_0_225_1561, 729.14, 625.6, 0.000232204
FILLER_0_226_1589, 741.94, 625.6, 0.000222463
FILLER_0_225_1617, 754.74, 625.6, 0.000212723
FILLER_0_226_1645, 767.54, 625.6, 0.000202983
FILLER_0_225_1673, 780.34, 625.6, 0.000193243
FILLER_0_225_1729, 805.94, 625.6, 0.000175181
FILLER_0_226_1757, 818.74, 625.6, 0.00016686
FILLER_0_225_1785, 831.54, 625.6, 0.000158538
FILLER_0_226_1813, 844.34, 625.6, 0.000150216
FILLER_0_225_1841, 857.14, 625.6, 0.000141895
FILLER_0_226_1869, 869.94, 625.6, 0.000133573
FILLER_0_225_1897, 882.74, 625.6, 0.000125251
FILLER_0_226_1925, 895.54, 625.6, 0.00011693
FILLER_0_225_1953, 908.34, 625.6, 0.000108608
FILLER_0_226_1981, 921.14, 625.6, 0.000100286
FILLER_0_225_2009, 933.94, 625.6, 9.19646e-05
FILLER_0_225_2065, 958.57, 625.6, 8.36429e-05
FILLER_0_226_2093, 970.4, 625.6, 8.36429e-05
FILLER_0_225_2121, 982.23, 625.6, 8.3643e-05
PHY_446, 5.52, 620.16, 0.000201966
PHY_448, 5.52, 620.16, 0.000201966
PHY_447, 994.06, 620.16, 9.38111e-05
PHY_449, 994.06, 620.16, 9.38111e-05
FILLER_0_223_2141, 994.06, 620.16, 9.38111e-05
FILLER_0_224_2137, 994.06, 620.16, 9.38111e-05
FILLER_0_224_77, 37.94, 620.16, 0.000210868
FILLER_0_225_105, 50.74, 620.16, 0.00021977
FILLER_0_224_133, 63.54, 620.16, 0.000228672
FILLER_0_225_161, 76.34, 620.16, 0.000237574
FILLER_0_224_189, 89.14, 620.16, 0.000246476
FILLER_0_225_217, 101.94, 620.16, 0.000255378
FILLER_0_224_245, 114.74, 620.16, 0.00026428
FILLER_0_225_273, 127.54, 620.16, 0.000273182
FILLER_0_224_301, 140.34, 620.16, 0.000282083
FILLER_0_225_329, 153.14, 620.16, 0.000290985
FILLER_0_224_357, 165.94, 620.16, 0.000299887
FILLER_0_224_413, 191.54, 620.16, 0.000312356
FILLER_0_225_441, 204.34, 620.16, 0.000315923
FILLER_0_224_469, 217.14, 620.16, 0.000319491
FILLER_0_225_497, 229.94, 620.16, 0.000323058
FILLER_0_224_525, 242.74, 620.16, 0.000326625
FILLER_0_225_553, 255.54, 620.16, 0.000330192
FILLER_0_224_581, 268.34, 620.16, 0.000333759
FILLER_0_225_609, 281.14, 620.16, 0.000337327
FILLER_0_224_637, 293.94, 620.16, 0.000340894
FILLER_0_225_665, 306.74, 620.16, 0.000344461
FILLER_0_224_693, 319.54, 620.16, 0.000348028
FILLER_0_224_749, 345.14, 620.16, 0.000362146
FILLER_0_225_777, 357.94, 620.16, 0.000372697
FILLER_0_224_805, 370.74, 620.16, 0.000383248
FILLER_0_225_833, 383.54, 620.16, 0.000393799
FILLER_0_224_861, 396.34, 620.16, 0.00040435
FILLER_0_225_889, 409.14, 620.16, 0.000414901
FILLER_0_224_917, 421.94, 620.16, 0.000425452
FILLER_0_225_945, 434.74, 620.16, 0.000436003
FILLER_0_224_973, 447.54, 620.16, 0.000446554
FILLER_0_225_1001, 460.34, 620.16, 0.000457104
FILLER_0_224_1029, 473.14, 620.16, 0.000467655
FILLER_0_224_1085, 498.74, 620.16, 0.000464492
FILLER_0_225_1113, 511.54, 620.16, 0.000450777
FILLER_0_224_1141, 524.34, 620.16, 0.000437063
FILLER_0_225_1169, 537.14, 620.16, 0.000423348
FILLER_0_224_1197, 549.94, 620.16, 0.000409634
FILLER_0_225_1225, 562.74, 620.16, 0.000395919
FILLER_0_224_1253, 575.54, 620.16, 0.000382205
FILLER_0_223_1281, 601.14, 620.16, 0.000354776
FILLER_0_224_1309, 613.94, 620.16, 0.000341061
FILLER_0_223_1337, 626.74, 620.16, 0.000327346
FILLER_0_223_1393, 652.34, 620.16, 0.000303395
FILLER_0_224_1421, 665.14, 620.16, 0.000293159
FILLER_0_223_1449, 677.94, 620.16, 0.000282922
FILLER_0_224_1477, 690.74, 620.16, 0.000272686
FILLER_0_223_1505, 703.54, 620.16, 0.000262449
FILLER_0_224_1533, 716.34, 620.16, 0.000252213
FILLER_0_223_1561, 729.14, 620.16, 0.000241976
FILLER_0_224_1589, 741.94, 620.16, 0.00023174
FILLER_0_223_1617, 754.74, 620.16, 0.000221503
FILLER_0_224_1645, 767.54, 620.16, 0.000211267
FILLER_0_223_1673, 780.34, 620.16, 0.00020103
FILLER_0_223_1729, 805.94, 620.16, 0.000182712
FILLER_0_224_1757, 818.74, 620.16, 0.00017463
FILLER_0_223_1785, 831.54, 620.16, 0.000166548
FILLER_0_224_1813, 844.34, 620.16, 0.000158466
FILLER_0_223_1841, 857.14, 620.16, 0.000150384
FILLER_0_224_1869, 869.94, 620.16, 0.000142302
FILLER_0_223_1897, 882.74, 620.16, 0.000134221
FILLER_0_224_1925, 895.54, 620.16, 0.000126139
FILLER_0_223_1953, 908.34, 620.16, 0.000118057
FILLER_0_224_1981, 921.14, 620.16, 0.000109975
FILLER_0_223_2009, 933.94, 620.16, 0.000101893
FILLER_0_223_2065, 958.57, 620.16, 9.3811e-05
FILLER_0_224_2093, 970.4, 620.16, 9.38111e-05
FILLER_0_223_2121, 982.23, 620.16, 9.38111e-05
PHY_442, 5.52, 614.72, 0.000228101
PHY_444, 5.52, 614.72, 0.000228101
PHY_443, 994.06, 614.72, 0.000103608
PHY_445, 994.06, 614.72, 0.000103608
FILLER_0_221_2141, 994.06, 614.72, 0.000103608
FILLER_0_222_2137, 994.06, 614.72, 0.000103608
FILLER_0_222_77, 37.94, 614.72, 0.000237148
FILLER_0_223_105, 50.74, 614.72, 0.000246195
FILLER_0_222_133, 63.54, 614.72, 0.000255242
FILLER_0_223_161, 76.34, 614.72, 0.000264288
FILLER_0_222_189, 89.14, 614.72, 0.000273335
FILLER_0_223_217, 101.94, 614.72, 0.000282382
FILLER_0_222_245, 114.74, 614.72, 0.000291429
FILLER_0_223_273, 127.54, 614.72, 0.000300476
FILLER_0_222_301, 140.34, 614.72, 0.000309523
FILLER_0_223_329, 153.14, 614.72, 0.00031857
FILLER_0_222_357, 165.94, 614.72, 0.000327616
FILLER_0_222_413, 191.54, 614.72, 0.000341797
FILLER_0_223_441, 204.34, 614.72, 0.000346931
FILLER_0_222_469, 217.14, 614.72, 0.000352066
FILLER_0_223_497, 229.94, 614.72, 0.0003572
FILLER_0_222_525, 242.74, 614.72, 0.000362334
FILLER_0_223_553, 255.54, 614.72, 0.000367468
FILLER_0_222_581, 268.34, 614.72, 0.000372602
FILLER_0_223_609, 281.14, 614.72, 0.000377736
FILLER_0_222_637, 293.94, 614.72, 0.00038287
FILLER_0_223_665, 306.74, 614.72, 0.000388004
FILLER_0_222_693, 319.54, 614.72, 0.000393138
FILLER_0_222_749, 345.14, 614.72, 0.000408164
FILLER_0_223_777, 357.94, 614.72, 0.000418056
FILLER_0_222_805, 370.74, 614.72, 0.000427948
FILLER_0_223_833, 383.54, 614.72, 0.000437839
FILLER_0_222_861, 396.34, 614.72, 0.000447731
FILLER_0_223_889, 409.14, 614.72, 0.000457623
FILLER_0_222_917, 421.94, 614.72, 0.000467515
FILLER_0_223_945, 434.74, 614.72, 0.000477407
FILLER_0_222_973, 447.54, 614.72, 0.000487299
FILLER_0_223_1001, 460.34, 614.72, 0.00049719
FILLER_0_222_1029, 473.14, 614.72, 0.000507082
FILLER_0_222_1085, 498.74, 614.72, 0.000501125
FILLER_0_223_1113, 511.54, 614.72, 0.000485276
FILLER_0_222_1141, 524.34, 614.72, 0.000469426
FILLER_0_223_1169, 537.14, 614.72, 0.000453577
FILLER_0_222_1197, 549.94, 614.72, 0.000437728
FILLER_0_223_1225, 562.74, 614.72, 0.000421879
FILLER_0_222_1253, 575.54, 614.72, 0.00040603
FILLER_0_221_1281, 601.14, 614.72, 0.000374331
FILLER_0_222_1309, 613.94, 614.72, 0.000358482
FILLER_0_221_1337, 626.74, 614.72, 0.000342633
FILLER_0_221_1393, 652.34, 614.72, 0.000316049
FILLER_0_222_1421, 665.14, 614.72, 0.000305314
FILLER_0_221_1449, 677.94, 614.72, 0.000294579
FILLER_0_222_1477, 690.74, 614.72, 0.000283845
FILLER_0_221_1505, 703.54, 614.72, 0.00027311
FILLER_0_222_1533, 716.34, 614.72, 0.000262375
FILLER_0_221_1561, 729.14, 614.72, 0.00025164
FILLER_0_222_1589, 741.94, 614.72, 0.000240905
FILLER_0_221_1617, 754.74, 614.72, 0.000230171
FILLER_0_222_1645, 767.54, 614.72, 0.000219436
FILLER_0_221_1673, 780.34, 614.72, 0.000208701
FILLER_0_221_1729, 805.94, 614.72, 0.000190103
FILLER_0_222_1757, 818.74, 614.72, 0.00018224
FILLER_0_221_1785, 831.54, 614.72, 0.000174377
FILLER_0_222_1813, 844.34, 614.72, 0.000166514
FILLER_0_221_1841, 857.14, 614.72, 0.00015865
FILLER_0_222_1869, 869.94, 614.72, 0.000150787
FILLER_0_221_1897, 882.74, 614.72, 0.000142924
FILLER_0_222_1925, 895.54, 614.72, 0.000135061
FILLER_0_221_1953, 908.34, 614.72, 0.000127198
FILLER_0_222_1981, 921.14, 614.72, 0.000119334
FILLER_0_221_2009, 933.94, 614.72, 0.000111471
FILLER_0_221_2065, 958.57, 614.72, 0.000103608
FILLER_0_222_2093, 970.4, 614.72, 0.000103608
FILLER_0_221_2121, 982.23, 614.72, 0.000103608
PHY_438, 5.52, 609.28, 0.000253837
PHY_440, 5.52, 609.28, 0.000253837
PHY_439, 994.06, 609.28, 0.000113042
PHY_441, 994.06, 609.28, 0.000113042
FILLER_0_219_2141, 994.06, 609.28, 0.000113042
FILLER_0_220_2137, 994.06, 609.28, 0.000113042
FILLER_0_220_77, 37.94, 609.28, 0.000263073
FILLER_0_221_105, 50.74, 609.28, 0.000272309
FILLER_0_220_133, 63.54, 609.28, 0.000281546
FILLER_0_221_161, 76.34, 609.28, 0.000290782
FILLER_0_220_189, 89.14, 609.28, 0.000300019
FILLER_0_221_217, 101.94, 609.28, 0.000309255
FILLER_0_220_245, 114.74, 609.28, 0.000318491
FILLER_0_221_273, 127.54, 609.28, 0.000327728
FILLER_0_220_301, 140.34, 609.28, 0.000336964
FILLER_0_221_329, 153.14, 609.28, 0.0003462
FILLER_0_220_357, 165.94, 609.28, 0.000355437
FILLER_0_220_413, 191.54, 609.28, 0.000371352
FILLER_0_221_441, 204.34, 609.28, 0.00037803
FILLER_0_220_469, 217.14, 609.28, 0.000384709
FILLER_0_221_497, 229.94, 609.28, 0.000391388
FILLER_0_220_525, 242.74, 609.28, 0.000398066
FILLER_0_221_553, 255.54, 609.28, 0.000404745
FILLER_0_220_581, 268.34, 609.28, 0.000411424
FILLER_0_221_609, 281.14, 609.28, 0.000418102
FILLER_0_220_637, 293.94, 609.28, 0.000424781
FILLER_0_221_665, 306.74, 609.28, 0.000431459
FILLER_0_220_693, 319.54, 609.28, 0.000438138
FILLER_0_220_749, 345.14, 609.28, 0.00045415
FILLER_0_221_777, 357.94, 609.28, 0.000463483
FILLER_0_220_805, 370.74, 609.28, 0.000472817
FILLER_0_221_833, 383.54, 609.28, 0.00048215
FILLER_0_220_861, 396.34, 609.28, 0.000491483
FILLER_0_221_889, 409.14, 609.28, 0.000500817
FILLER_0_220_917, 421.94, 609.28, 0.00051015
FILLER_0_221_945, 434.74, 609.28, 0.000519483
FILLER_0_220_973, 447.54, 609.28, 0.000528817
FILLER_0_221_1001, 460.34, 609.28, 0.00053815
FILLER_0_220_1029, 473.14, 609.28, 0.000547483
FILLER_0_220_1085, 498.74, 609.28, 0.000538729
FILLER_0_221_1113, 511.54, 609.28, 0.000520642
FILLER_0_220_1141, 524.34, 609.28, 0.000502555
FILLER_0_221_1169, 537.14, 609.28, 0.000484468
FILLER_0_220_1197, 549.94, 609.28, 0.000466381
FILLER_0_221_1225, 562.74, 609.28, 0.000448294
FILLER_0_220_1253, 575.54, 609.28, 0.000430207
FILLER_0_219_1281, 601.14, 609.28, 0.000394033
FILLER_0_220_1309, 613.94, 609.28, 0.000375946
FILLER_0_219_1337, 626.74, 609.28, 0.000357859
FILLER_0_219_1393, 652.34, 609.28, 0.000328539
FILLER_0_220_1421, 665.14, 609.28, 0.000317307
FILLER_0_219_1449, 677.94, 609.28, 0.000306075
FILLER_0_220_1477, 690.74, 609.28, 0.000294843
FILLER_0_219_1505, 703.54, 609.28, 0.000283611
FILLER_0_220_1533, 716.34, 609.28, 0.000272379
FILLER_0_219_1561, 729.14, 609.28, 0.000261147
FILLER_0_220_1589, 741.94, 609.28, 0.000249915
FILLER_0_219_1617, 754.74, 609.28, 0.000238683
FILLER_0_220_1645, 767.54, 609.28, 0.000227451
FILLER_0_219_1673, 780.34, 609.28, 0.000216218
FILLER_0_219_1729, 805.94, 609.28, 0.000197324
FILLER_0_220_1757, 818.74, 609.28, 0.000189662
FILLER_0_219_1785, 831.54, 609.28, 0.000182
FILLER_0_220_1813, 844.34, 609.28, 0.000174338
FILLER_0_219_1841, 857.14, 609.28, 0.000166676
FILLER_0_220_1869, 869.94, 609.28, 0.000159014
FILLER_0_219_1897, 882.74, 609.28, 0.000151352
FILLER_0_220_1925, 895.54, 609.28, 0.00014369
FILLER_0_219_1953, 908.34, 609.28, 0.000136028
FILLER_0_220_1981, 921.14, 609.28, 0.000128366
FILLER_0_219_2009, 933.94, 609.28, 0.000120704
FILLER_0_219_2065, 958.57, 609.28, 0.000113042
FILLER_0_220_2093, 970.4, 609.28, 0.000113042
FILLER_0_219_2121, 982.23, 609.28, 0.000113042
PHY_434, 5.52, 603.84, 0.000279162
PHY_436, 5.52, 603.84, 0.000279162
PHY_435, 994.06, 603.84, 0.00012212
PHY_437, 994.06, 603.84, 0.00012212
FILLER_0_217_2141, 994.06, 603.84, 0.00012212
FILLER_0_218_2137, 994.06, 603.84, 0.00012212
FILLER_0_218_77, 37.94, 603.84, 0.000288629
FILLER_0_219_105, 50.74, 603.84, 0.000298096
FILLER_0_218_133, 63.54, 603.84, 0.000307563
FILLER_0_219_161, 76.34, 603.84, 0.00031703
FILLER_0_218_189, 89.14, 603.84, 0.000326497
FILLER_0_219_217, 101.94, 603.84, 0.000335964
FILLER_0_218_245, 114.74, 603.84, 0.00034543
FILLER_0_219_273, 127.54, 603.84, 0.000354897
FILLER_0_218_301, 140.34, 603.84, 0.000364364
FILLER_0_219_329, 153.14, 603.84, 0.000373831
FILLER_0_218_357, 165.94, 603.84, 0.000383298
FILLER_0_218_413, 191.54, 603.84, 0.000400978
FILLER_0_219_441, 204.34, 603.84, 0.000409191
FILLER_0_218_469, 217.14, 603.84, 0.000417404
FILLER_0_219_497, 229.94, 603.84, 0.000425617
FILLER_0_218_525, 242.74, 603.84, 0.00043383
FILLER_0_219_553, 255.54, 603.84, 0.000442042
FILLER_0_218_581, 268.34, 603.84, 0.000450255
FILLER_0_219_609, 281.14, 603.84, 0.000458468
FILLER_0_218_637, 293.94, 603.84, 0.000466681
FILLER_0_219_665, 306.74, 603.84, 0.000474894
FILLER_0_218_693, 319.54, 603.84, 0.000483107
FILLER_0_218_749, 345.14, 603.84, 0.000500193
FILLER_0_219_777, 357.94, 603.84, 0.000509067
FILLER_0_218_805, 370.74, 603.84, 0.000517941
FILLER_0_219_833, 383.54, 603.84, 0.000526815
FILLER_0_218_861, 396.34, 603.84, 0.000535689
FILLER_0_219_889, 409.14, 603.84, 0.000544563
FILLER_0_218_917, 421.94, 603.84, 0.000553437
FILLER_0_219_945, 434.74, 603.84, 0.000562311
FILLER_0_218_973, 447.54, 603.84, 0.000571185
FILLER_0_219_1001, 460.34, 603.84, 0.000580058
FILLER_0_218_1029, 473.14, 603.84, 0.000588932
FILLER_0_218_1085, 498.74, 603.84, 0.000577366
FILLER_0_219_1113, 511.54, 603.84, 0.000556926
FILLER_0_218_1141, 524.34, 603.84, 0.000536486
FILLER_0_219_1169, 537.14, 603.84, 0.000516046
FILLER_0_218_1197, 549.94, 603.84, 0.000495605
FILLER_0_219_1225, 562.74, 603.84, 0.000475165
FILLER_0_218_1253, 575.54, 603.84, 0.000454725
FILLER_0_217_1281, 601.14, 603.84, 0.000413845
FILLER_0_218_1309, 613.94, 603.84, 0.000393405
FILLER_0_217_1337, 626.74, 603.84, 0.000372964
FILLER_0_217_1393, 652.34, 603.84, 0.000340799
FILLER_0_218_1421, 665.14, 603.84, 0.000329074
FILLER_0_217_1449, 677.94, 603.84, 0.000317348
FILLER_0_218_1477, 690.74, 603.84, 0.000305623
FILLER_0_217_1505, 703.54, 603.84, 0.000293898
FILLER_0_218_1533, 716.34, 603.84, 0.000282173
FILLER_0_217_1561, 729.14, 603.84, 0.000270447
FILLER_0_218_1589, 741.94, 603.84, 0.000258722
FILLER_0_217_1617, 754.74, 603.84, 0.000246997
FILLER_0_218_1645, 767.54, 603.84, 0.000235272
FILLER_0_217_1673, 780.34, 603.84, 0.000223546
FILLER_0_217_1729, 805.94, 603.84, 0.000204346
FILLER_0_218_1757, 818.74, 603.84, 0.000196871
FILLER_0_217_1785, 831.54, 603.84, 0.000189396
FILLER_0_218_1813, 844.34, 603.84, 0.000181921
FILLER_0_217_1841, 857.14, 603.84, 0.000174446
FILLER_0_218_1869, 869.94, 603.84, 0.00016697
FILLER_0_217_1897, 882.74, 603.84, 0.000159495
FILLER_0_218_1925, 895.54, 603.84, 0.00015202
FILLER_0_217_1953, 908.34, 603.84, 0.000144545
FILLER_0_218_1981, 921.14, 603.84, 0.00013707
FILLER_0_217_2009, 933.94, 603.84, 0.000129595
FILLER_0_217_2065, 958.57, 603.84, 0.00012212
FILLER_0_218_2093, 970.4, 603.84, 0.00012212
FILLER_0_217_2121, 982.23, 603.84, 0.00012212
PHY_430, 5.52, 598.4, 0.000304062
PHY_432, 5.52, 598.4, 0.000304062
PHY_431, 994.06, 598.4, 0.000130848
PHY_433, 994.06, 598.4, 0.000130848
FILLER_0_215_2141, 994.06, 598.4, 0.000130848
FILLER_0_216_2137, 994.06, 598.4, 0.000130848
FILLER_0_216_77, 37.94, 598.4, 0.000313798
FILLER_0_217_105, 50.74, 598.4, 0.000323534
FILLER_0_216_133, 63.54, 598.4, 0.000333269
FILLER_0_217_161, 76.34, 598.4, 0.000343005
FILLER_0_216_189, 89.14, 598.4, 0.00035274
FILLER_0_217_217, 101.94, 598.4, 0.000362476
FILLER_0_216_245, 114.74, 598.4, 0.000372211
FILLER_0_217_273, 127.54, 598.4, 0.000381947
FILLER_0_216_301, 140.34, 598.4, 0.000391682
FILLER_0_217_329, 153.14, 598.4, 0.000401418
FILLER_0_216_357, 165.94, 598.4, 0.000411153
FILLER_0_216_413, 191.54, 598.4, 0.000430637
FILLER_0_217_441, 204.34, 598.4, 0.000440385
FILLER_0_216_469, 217.14, 598.4, 0.000450133
FILLER_0_217_497, 229.94, 598.4, 0.000459881
FILLER_0_216_525, 242.74, 598.4, 0.00046963
FILLER_0_217_553, 255.54, 598.4, 0.000479378
FILLER_0_216_581, 268.34, 598.4, 0.000489126
FILLER_0_217_609, 281.14, 598.4, 0.000498874
FILLER_0_216_637, 293.94, 598.4, 0.000508622
FILLER_0_217_665, 306.74, 598.4, 0.000518371
FILLER_0_216_693, 319.54, 598.4, 0.000528119
FILLER_0_216_749, 345.14, 598.4, 0.00054638
FILLER_0_217_777, 357.94, 598.4, 0.000554893
FILLER_0_216_805, 370.74, 598.4, 0.000563406
FILLER_0_217_833, 383.54, 598.4, 0.000571919
FILLER_0_216_861, 396.34, 598.4, 0.000580432
FILLER_0_217_889, 409.14, 598.4, 0.000588945
FILLER_0_216_917, 421.94, 598.4, 0.000597458
FILLER_0_217_945, 434.74, 598.4, 0.000605972
FILLER_0_216_973, 447.54, 598.4, 0.000614485
FILLER_0_217_1001, 460.34, 598.4, 0.000622998
FILLER_0_216_1029, 473.14, 598.4, 0.000631511
FILLER_0_216_1085, 498.74, 598.4, 0.000617102
FILLER_0_217_1113, 511.54, 598.4, 0.000594181
FILLER_0_216_1141, 524.34, 598.4, 0.000571259
FILLER_0_217_1169, 537.14, 598.4, 0.000548338
FILLER_0_216_1197, 549.94, 598.4, 0.000525416
FILLER_0_217_1225, 562.74, 598.4, 0.000502495
FILLER_0_216_1253, 575.54, 598.4, 0.000479573
FILLER_0_215_1281, 601.14, 598.4, 0.00043373
FILLER_0_216_1309, 613.94, 598.4, 0.000410808
FILLER_0_215_1337, 626.74, 598.4, 0.000387887
FILLER_0_215_1393, 652.34, 598.4, 0.000352755
FILLER_0_216_1421, 665.14, 598.4, 0.000340544
FILLER_0_215_1449, 677.94, 598.4, 0.000328333
FILLER_0_216_1477, 690.74, 598.4, 0.000316123
FILLER_0_215_1505, 703.54, 598.4, 0.000303912
FILLER_0_216_1533, 716.34, 598.4, 0.000291701
FILLER_0_215_1561, 729.14, 598.4, 0.000279491
FILLER_0_216_1589, 741.94, 598.4, 0.00026728
FILLER_0_215_1617, 754.74, 598.4, 0.000255069
FILLER_0_216_1645, 767.54, 598.4, 0.000242859
FILLER_0_215_1673, 780.34, 598.4, 0.000230648
FILLER_0_215_1729, 805.94, 598.4, 0.000211138
FILLER_0_216_1757, 818.74, 598.4, 0.000203839
FILLER_0_215_1785, 831.54, 598.4, 0.00019654
FILLER_0_216_1813, 844.34, 598.4, 0.000189241
FILLER_0_215_1841, 857.14, 598.4, 0.000181942
FILLER_0_216_1869, 869.94, 598.4, 0.000174643
FILLER_0_215_1897, 882.74, 598.4, 0.000167343
FILLER_0_216_1925, 895.54, 598.4, 0.000160044
FILLER_0_215_1953, 908.34, 598.4, 0.000152745
FILLER_0_216_1981, 921.14, 598.4, 0.000145446
FILLER_0_215_2009, 933.94, 598.4, 0.000138147
FILLER_0_215_2065, 958.57, 598.4, 0.000130848
FILLER_0_216_2093, 970.4, 598.4, 0.000130848
FILLER_0_215_2121, 982.23, 598.4, 0.000130848
PHY_426, 5.52, 592.96, 0.000328524
PHY_428, 5.52, 592.96, 0.000328524
PHY_427, 994.06, 592.96, 0.000139232
PHY_429, 994.06, 592.96, 0.000139232
FILLER_0_213_2141, 994.06, 592.96, 0.000139232
FILLER_0_214_2137, 994.06, 592.96, 0.000139232
FILLER_0_214_77, 37.94, 592.96, 0.000338563
FILLER_0_215_105, 50.74, 592.96, 0.000348602
FILLER_0_214_133, 63.54, 592.96, 0.000358641
FILLER_0_215_161, 76.34, 592.96, 0.000368681
FILLER_0_214_189, 89.14, 592.96, 0.00037872
FILLER_0_215_217, 101.94, 592.96, 0.000388759
FILLER_0_214_245, 114.74, 592.96, 0.000398798
FILLER_0_215_273, 127.54, 592.96, 0.000408837
FILLER_0_214_301, 140.34, 592.96, 0.000418876
FILLER_0_215_329, 153.14, 592.96, 0.000428915
FILLER_0_214_357, 165.94, 592.96, 0.000438954
FILLER_0_214_413, 191.54, 592.96, 0.000460289
FILLER_0_215_441, 204.34, 592.96, 0.000471585
FILLER_0_214_469, 217.14, 592.96, 0.000482881
FILLER_0_215_497, 229.94, 592.96, 0.000494176
FILLER_0_214_525, 242.74, 592.96, 0.000505472
FILLER_0_215_553, 255.54, 592.96, 0.000516768
FILLER_0_214_581, 268.34, 592.96, 0.000528063
FILLER_0_215_609, 281.14, 592.96, 0.000539359
FILLER_0_214_637, 293.94, 592.96, 0.000550655
FILLER_0_215_665, 306.74, 592.96, 0.00056195
FILLER_0_214_693, 319.54, 592.96, 0.000573246
FILLER_0_214_749, 345.14, 592.96, 0.000592793
FILLER_0_215_777, 357.94, 592.96, 0.000601045
FILLER_0_214_805, 370.74, 592.96, 0.000609296
FILLER_0_215_833, 383.54, 592.96, 0.000617548
FILLER_0_214_861, 396.34, 592.96, 0.000625799
FILLER_0_215_889, 409.14, 592.96, 0.000634051
FILLER_0_214_917, 421.94, 592.96, 0.000642302
FILLER_0_215_945, 434.74, 592.96, 0.000650553
FILLER_0_214_973, 447.54, 592.96, 0.000658805
FILLER_0_215_1001, 460.34, 592.96, 0.000667056
FILLER_0_214_1029, 473.14, 592.96, 0.000675308
FILLER_0_214_1085, 498.74, 592.96, 0.000658014
FILLER_0_215_1113, 511.54, 592.96, 0.000632468
FILLER_0_214_1141, 524.34, 592.96, 0.000606923
FILLER_0_215_1169, 537.14, 592.96, 0.000581377
FILLER_0_214_1197, 549.94, 592.96, 0.000555832
FILLER_0_215_1225, 562.74, 592.96, 0.000530287
FILLER_0_214_1253, 575.54, 592.96, 0.000504741
FILLER_0_213_1281, 601.14, 592.96, 0.00045365
FILLER_0_214_1309, 613.94, 592.96, 0.000428105
FILLER_0_213_1337, 626.74, 592.96, 0.000402559
FILLER_0_213_1393, 652.34, 592.96, 0.000364329
FILLER_0_214_1421, 665.14, 592.96, 0.000351645
FILLER_0_213_1449, 677.94, 592.96, 0.000338961
FILLER_0_214_1477, 690.74, 592.96, 0.000326277
FILLER_0_213_1505, 703.54, 592.96, 0.000313593
FILLER_0_214_1533, 716.34, 592.96, 0.000300908
FILLER_0_213_1561, 729.14, 592.96, 0.000288224
FILLER_0_214_1589, 741.94, 592.96, 0.00027554
FILLER_0_213_1617, 754.74, 592.96, 0.000262856
FILLER_0_214_1645, 767.54, 592.96, 0.000250171
FILLER_0_213_1673, 780.34, 592.96, 0.000237487
FILLER_0_213_1729, 805.94, 592.96, 0.000217672
FILLER_0_214_1757, 818.74, 592.96, 0.000210541
FILLER_0_213_1785, 831.54, 592.96, 0.00020341
FILLER_0_214_1813, 844.34, 592.96, 0.000196279
FILLER_0_213_1841, 857.14, 592.96, 0.000189148
FILLER_0_214_1869, 869.94, 592.96, 0.000182017
FILLER_0_213_1897, 882.74, 592.96, 0.000174886
FILLER_0_214_1925, 895.54, 592.96, 0.000167755
FILLER_0_213_1953, 908.34, 592.96, 0.000160624
FILLER_0_214_1981, 921.14, 592.96, 0.000153493
FILLER_0_213_2009, 933.94, 592.96, 0.000146362
FILLER_0_213_2065, 958.57, 592.96, 0.000139232
FILLER_0_214_2093, 970.4, 592.96, 0.000139232
FILLER_0_213_2121, 982.23, 592.96, 0.000139232
PHY_422, 5.52, 587.52, 0.00035253
PHY_424, 5.52, 587.52, 0.00035253
PHY_423, 994.06, 587.52, 0.000147277
PHY_425, 994.06, 587.52, 0.000147277
FILLER_0_211_2141, 994.06, 587.52, 0.000147277
FILLER_0_212_2137, 994.06, 587.52, 0.000147277
FILLER_0_212_77, 37.94, 587.52, 0.000362905
FILLER_0_213_105, 50.74, 587.52, 0.00037328
FILLER_0_212_133, 63.54, 587.52, 0.000383655
FILLER_0_213_161, 76.34, 587.52, 0.00039403
FILLER_0_212_189, 89.14, 587.52, 0.000404405
FILLER_0_213_217, 101.94, 587.52, 0.00041478
FILLER_0_212_245, 114.74, 587.52, 0.000425155
FILLER_0_213_273, 127.54, 587.52, 0.00043553
FILLER_0_212_301, 140.34, 587.52, 0.000445905
FILLER_0_213_329, 153.14, 587.52, 0.000456281
FILLER_0_212_357, 165.94, 587.52, 0.000466656
FILLER_0_212_413, 191.54, 587.52, 0.000489897
FILLER_0_213_441, 204.34, 587.52, 0.000502763
FILLER_0_212_469, 217.14, 587.52, 0.000515629
FILLER_0_213_497, 229.94, 587.52, 0.000528495
FILLER_0_212_525, 242.74, 587.52, 0.000541361
FILLER_0_213_553, 255.54, 587.52, 0.000554227
FILLER_0_212_581, 268.34, 587.52, 0.000567093
FILLER_0_213_609, 281.14, 587.52, 0.000579959
FILLER_0_212_637, 293.94, 587.52, 0.000592825
FILLER_0_213_665, 306.74, 587.52, 0.000605691
FILLER_0_212_693, 319.54, 587.52, 0.000618557
FILLER_0_212_749, 345.14, 587.52, 0.000639514
FILLER_0_213_777, 357.94, 587.52, 0.000647605
FILLER_0_212_805, 370.74, 587.52, 0.000655696
FILLER_0_213_833, 383.54, 587.52, 0.000663786
FILLER_0_212_861, 396.34, 587.52, 0.000671877
FILLER_0_213_889, 409.14, 587.52, 0.000679968
FILLER_0_212_917, 421.94, 587.52, 0.000688059
FILLER_0_213_945, 434.74, 587.52, 0.00069615
FILLER_0_212_973, 447.54, 587.52, 0.00070424
FILLER_0_213_1001, 460.34, 587.52, 0.000712331
FILLER_0_212_1029, 473.14, 587.52, 0.000720422
FILLER_0_212_1085, 498.74, 587.52, 0.000700185
FILLER_0_213_1113, 511.54, 587.52, 0.000671857
FILLER_0_212_1141, 524.34, 587.52, 0.00064353
FILLER_0_213_1169, 537.14, 587.52, 0.000615202
FILLER_0_212_1197, 549.94, 587.52, 0.000586875
FILLER_0_213_1225, 562.74, 587.52, 0.000558547
FILLER_0_212_1253, 575.54, 587.52, 0.00053022
FILLER_0_211_1281, 601.14, 587.52, 0.000473565
FILLER_0_212_1309, 613.94, 587.52, 0.000445237
FILLER_0_211_1337, 626.74, 587.52, 0.000416909
FILLER_0_211_1393, 652.34, 587.52, 0.00037544
FILLER_0_212_1421, 665.14, 587.52, 0.000362299
FILLER_0_211_1449, 677.94, 587.52, 0.000349158
FILLER_0_212_1477, 690.74, 587.52, 0.000336016
FILLER_0_211_1505, 703.54, 587.52, 0.000322875
FILLER_0_212_1533, 716.34, 587.52, 0.000309734
FILLER_0_211_1561, 729.14, 587.52, 0.000296592
FILLER_0_212_1589, 741.94, 587.52, 0.000283451
FILLER_0_211_1617, 754.74, 587.52, 0.00027031
FILLER_0_212_1645, 767.54, 587.52, 0.000257168
FILLER_0_211_1673, 780.34, 587.52, 0.000244027
FILLER_0_211_1729, 805.94, 587.52, 0.000223918
FILLER_0_212_1757, 818.74, 587.52, 0.000216951
FILLER_0_211_1785, 831.54, 587.52, 0.000209984
FILLER_0_212_1813, 844.34, 587.52, 0.000203016
FILLER_0_211_1841, 857.14, 587.52, 0.000196049
FILLER_0_212_1869, 869.94, 587.52, 0.000189082
FILLER_0_211_1897, 882.74, 587.52, 0.000182114
FILLER_0_212_1925, 895.54, 587.52, 0.000175147
FILLER_0_211_1953, 908.34, 587.52, 0.000168179
FILLER_0_212_1981, 921.14, 587.52, 0.000161212
FILLER_0_211_2009, 933.94, 587.52, 0.000154245
FILLER_0_211_2065, 958.57, 587.52, 0.000147277
FILLER_0_212_2093, 970.4, 587.52, 0.000147277
FILLER_0_211_2121, 982.23, 587.52, 0.000147277
PHY_418, 5.52, 582.08, 0.000376061
PHY_420, 5.52, 582.08, 0.000376061
PHY_419, 994.06, 582.08, 0.00015499
PHY_421, 994.06, 582.08, 0.00015499
FILLER_0_209_2141, 994.06, 582.08, 0.00015499
FILLER_0_210_2137, 994.06, 582.08, 0.00015499
FILLER_0_210_77, 37.94, 582.08, 0.000386802
FILLER_0_211_105, 50.74, 582.08, 0.000397543
FILLER_0_210_133, 63.54, 582.08, 0.000408284
FILLER_0_211_161, 76.34, 582.08, 0.000419025
FILLER_0_210_189, 89.14, 582.08, 0.000429765
FILLER_0_211_217, 101.94, 582.08, 0.000440506
FILLER_0_210_245, 114.74, 582.08, 0.000451247
FILLER_0_211_273, 127.54, 582.08, 0.000461988
FILLER_0_210_301, 140.34, 582.08, 0.000472729
FILLER_0_211_329, 153.14, 582.08, 0.00048347
FILLER_0_210_357, 165.94, 582.08, 0.00049421
FILLER_0_210_413, 191.54, 582.08, 0.000519421
FILLER_0_211_441, 204.34, 582.08, 0.000533891
FILLER_0_210_469, 217.14, 582.08, 0.000548361
FILLER_0_211_497, 229.94, 582.08, 0.00056283
FILLER_0_210_525, 242.74, 582.08, 0.0005773
FILLER_0_211_553, 255.54, 582.08, 0.00059177
FILLER_0_210_581, 268.34, 582.08, 0.00060624
FILLER_0_211_609, 281.14, 582.08, 0.00062071
FILLER_0_210_637, 293.94, 582.08, 0.000635179
FILLER_0_211_665, 306.74, 582.08, 0.000649649
FILLER_0_210_693, 319.54, 582.08, 0.000664119
FILLER_0_210_749, 345.14, 582.08, 0.000686622
FILLER_0_211_777, 357.94, 582.08, 0.000694656
FILLER_0_210_805, 370.74, 582.08, 0.00070269
FILLER_0_211_833, 383.54, 582.08, 0.000710724
FILLER_0_210_861, 396.34, 582.08, 0.000718758
FILLER_0_211_889, 409.14, 582.08, 0.000726791
FILLER_0_210_917, 421.94, 582.08, 0.000734825
FILLER_0_211_945, 434.74, 582.08, 0.000742859
FILLER_0_210_973, 447.54, 582.08, 0.000750893
FILLER_0_211_1001, 460.34, 582.08, 0.000758926
FILLER_0_210_1029, 473.14, 582.08, 0.00076696
FILLER_0_210_1085, 498.74, 582.08, 0.000743709
FILLER_0_211_1113, 511.54, 582.08, 0.000712424
FILLER_0_210_1141, 524.34, 582.08, 0.000681139
FILLER_0_211_1169, 537.14, 582.08, 0.000649855
FILLER_0_210_1197, 549.94, 582.08, 0.00061857
FILLER_0_211_1225, 562.74, 582.08, 0.000587285
FILLER_0_210_1253, 575.54, 582.08, 0.000556
FILLER_0_209_1281, 601.14, 582.08, 0.00049343
FILLER_0_210_1309, 613.94, 582.08, 0.000462145
FILLER_0_209_1337, 626.74, 582.08, 0.000430861
FILLER_0_209_1393, 652.34, 582.08, 0.000385999
FILLER_0_210_1421, 665.14, 582.08, 0.000372422
FILLER_0_209_1449, 677.94, 582.08, 0.000358845
FILLER_0_210_1477, 690.74, 582.08, 0.000345269
FILLER_0_209_1505, 703.54, 582.08, 0.000331692
FILLER_0_210_1533, 716.34, 582.08, 0.000318115
FILLER_0_209_1561, 729.14, 582.08, 0.000304538
FILLER_0_210_1589, 741.94, 582.08, 0.000290962
FILLER_0_209_1617, 754.74, 582.08, 0.000277385
FILLER_0_210_1645, 767.54, 582.08, 0.000263808
FILLER_0_209_1673, 780.34, 582.08, 0.000250231
FILLER_0_209_1729, 805.94, 582.08, 0.000229849
FILLER_0_210_1757, 818.74, 582.08, 0.000223044
FILLER_0_209_1785, 831.54, 582.08, 0.000216238
FILLER_0_210_1813, 844.34, 582.08, 0.000209433
FILLER_0_209_1841, 857.14, 582.08, 0.000202628
FILLER_0_210_1869, 869.94, 582.08, 0.000195822
FILLER_0_209_1897, 882.74, 582.08, 0.000189017
FILLER_0_210_1925, 895.54, 582.08, 0.000182212
FILLER_0_209_1953, 908.34, 582.08, 0.000175406
FILLER_0_210_1981, 921.14, 582.08, 0.000168601
FILLER_0_209_2009, 933.94, 582.08, 0.000161796
FILLER_0_209_2065, 958.57, 582.08, 0.00015499
FILLER_0_210_2093, 970.4, 582.08, 0.00015499
FILLER_0_209_2121, 982.23, 582.08, 0.00015499
PHY_414, 5.52, 576.64, 0.000399099
PHY_416, 5.52, 576.64, 0.000399099
PHY_415, 994.06, 576.64, 0.000162376
PHY_417, 994.06, 576.64, 0.000162376
FILLER_0_207_2141, 994.06, 576.64, 0.000162376
FILLER_0_208_2137, 994.06, 576.64, 0.000162376
FILLER_0_208_77, 37.94, 576.64, 0.000410233
FILLER_0_209_105, 50.74, 576.64, 0.000421367
FILLER_0_208_133, 63.54, 576.64, 0.000432501
FILLER_0_209_161, 76.34, 576.64, 0.000443635
FILLER_0_208_189, 89.14, 576.64, 0.000454769
FILLER_0_209_217, 101.94, 576.64, 0.000465903
FILLER_0_208_245, 114.74, 576.64, 0.000477036
FILLER_0_209_273, 127.54, 576.64, 0.00048817
FILLER_0_208_301, 140.34, 576.64, 0.000499304
FILLER_0_209_329, 153.14, 576.64, 0.000510438
FILLER_0_208_357, 165.94, 576.64, 0.000521572
FILLER_0_208_413, 191.54, 576.64, 0.000548823
FILLER_0_209_441, 204.34, 576.64, 0.00056494
FILLER_0_208_469, 217.14, 576.64, 0.000581058
FILLER_0_209_497, 229.94, 576.64, 0.000597175
FILLER_0_208_525, 242.74, 576.64, 0.000613292
FILLER_0_209_553, 255.54, 576.64, 0.000629409
FILLER_0_208_581, 268.34, 576.64, 0.000645527
FILLER_0_209_609, 281.14, 576.64, 0.000661644
FILLER_0_208_637, 293.94, 576.64, 0.000677761
FILLER_0_209_665, 306.74, 576.64, 0.000693878
FILLER_0_208_693, 319.54, 576.64, 0.000709995
FILLER_0_208_749, 345.14, 576.64, 0.000734197
FILLER_0_209_777, 357.94, 576.64, 0.000742281
FILLER_0_208_805, 370.74, 576.64, 0.000750366
FILLER_0_209_833, 383.54, 576.64, 0.00075845
FILLER_0_208_861, 396.34, 576.64, 0.000766534
FILLER_0_209_889, 409.14, 576.64, 0.000774619
FILLER_0_208_917, 421.94, 576.64, 0.000782703
FILLER_0_209_945, 434.74, 576.64, 0.000790787
FILLER_0_208_973, 447.54, 576.64, 0.000798872
FILLER_0_209_1001, 460.34, 576.64, 0.000806956
FILLER_0_208_1029, 473.14, 576.64, 0.00081504
FILLER_0_208_1085, 498.74, 576.64, 0.000788689
FILLER_0_209_1113, 511.54, 576.64, 0.000754253
FILLER_0_208_1141, 524.34, 576.64, 0.000719817
FILLER_0_209_1169, 537.14, 576.64, 0.000685381
FILLER_0_208_1197, 549.94, 576.64, 0.000650945
FILLER_0_209_1225, 562.74, 576.64, 0.000616509
FILLER_0_208_1253, 575.54, 576.64, 0.000582073
FILLER_0_207_1281, 601.14, 576.64, 0.000513202
FILLER_0_208_1309, 613.94, 576.64, 0.000478766
FILLER_0_207_1337, 626.74, 576.64, 0.00044433
FILLER_0_207_1393, 652.34, 576.64, 0.000395909
FILLER_0_208_1421, 665.14, 576.64, 0.000381925
FILLER_0_207_1449, 677.94, 576.64, 0.00036794
FILLER_0_208_1477, 690.74, 576.64, 0.000353955
FILLER_0_207_1505, 703.54, 576.64, 0.000339971
FILLER_0_208_1533, 716.34, 576.64, 0.000325986
FILLER_0_207_1561, 729.14, 576.64, 0.000312001
FILLER_0_208_1589, 741.94, 576.64, 0.000298017
FILLER_0_207_1617, 754.74, 576.64, 0.000284032
FILLER_0_208_1645, 767.54, 576.64, 0.000270047
FILLER_0_207_1673, 780.34, 576.64, 0.000256063
FILLER_0_207_1729, 805.94, 576.64, 0.000235436
FILLER_0_208_1757, 818.74, 576.64, 0.000228794
FILLER_0_207_1785, 831.54, 576.64, 0.000222153
FILLER_0_208_1813, 844.34, 576.64, 0.000215511
FILLER_0_207_1841, 857.14, 576.64, 0.000208869
FILLER_0_208_1869, 869.94, 576.64, 0.000202227
FILLER_0_207_1897, 882.74, 576.64, 0.000195585
FILLER_0_208_1925, 895.54, 576.64, 0.000188943
FILLER_0_207_1953, 908.34, 576.64, 0.000182301
FILLER_0_208_1981, 921.14, 576.64, 0.00017566
FILLER_0_207_2009, 933.94, 576.64, 0.000169018
FILLER_0_207_2065, 958.57, 576.64, 0.000162376
FILLER_0_208_2093, 970.4, 576.64, 0.000162376
FILLER_0_207_2121, 982.23, 576.64, 0.000162376
PHY_410, 5.52, 571.2, 0.000421622
PHY_412, 5.52, 571.2, 0.000421622
PHY_411, 994.06, 571.2, 0.00016944
PHY_413, 994.06, 571.2, 0.00016944
FILLER_0_205_2141, 994.06, 571.2, 0.00016944
FILLER_0_206_2137, 994.06, 571.2, 0.00016944
FILLER_0_206_77, 37.94, 571.2, 0.000433174
FILLER_0_207_105, 50.74, 571.2, 0.000444726
FILLER_0_206_133, 63.54, 571.2, 0.000456278
FILLER_0_207_161, 76.34, 571.2, 0.00046783
FILLER_0_206_189, 89.14, 571.2, 0.000479382
FILLER_0_207_217, 101.94, 571.2, 0.000490934
FILLER_0_206_245, 114.74, 571.2, 0.000502485
FILLER_0_207_273, 127.54, 571.2, 0.000514037
FILLER_0_206_301, 140.34, 571.2, 0.000525589
FILLER_0_207_329, 153.14, 571.2, 0.000537141
FILLER_0_206_357, 165.94, 571.2, 0.000548693
FILLER_0_206_413, 191.54, 571.2, 0.000578063
FILLER_0_207_441, 204.34, 571.2, 0.000595882
FILLER_0_206_469, 217.14, 571.2, 0.0006137
FILLER_0_207_497, 229.94, 571.2, 0.000631519
FILLER_0_206_525, 242.74, 571.2, 0.000649337
FILLER_0_207_553, 255.54, 571.2, 0.000667156
FILLER_0_206_581, 268.34, 571.2, 0.000684975
FILLER_0_207_609, 281.14, 571.2, 0.000702793
FILLER_0_206_637, 293.94, 571.2, 0.000720612
FILLER_0_207_665, 306.74, 571.2, 0.00073843
FILLER_0_206_693, 319.54, 571.2, 0.000756249
FILLER_0_206_749, 345.14, 571.2, 0.000782315
FILLER_0_207_777, 357.94, 571.2, 0.000790563
FILLER_0_206_805, 370.74, 571.2, 0.00079881
FILLER_0_207_833, 383.54, 571.2, 0.000807058
FILLER_0_206_861, 396.34, 571.2, 0.000815305
FILLER_0_207_889, 409.14, 571.2, 0.000823553
FILLER_0_206_917, 421.94, 571.2, 0.000831801
FILLER_0_207_945, 434.74, 571.2, 0.000840048
FILLER_0_206_973, 447.54, 571.2, 0.000848296
FILLER_0_207_1001, 460.34, 571.2, 0.000856543
FILLER_0_206_1029, 473.14, 571.2, 0.000864791
FILLER_0_206_1085, 498.74, 571.2, 0.000835237
FILLER_0_207_1113, 511.54, 571.2, 0.000797436
FILLER_0_206_1141, 524.34, 571.2, 0.000759635
FILLER_0_207_1169, 537.14, 571.2, 0.000721834
FILLER_0_206_1197, 549.94, 571.2, 0.000684033
FILLER_0_207_1225, 562.74, 571.2, 0.000646232
FILLER_0_206_1253, 575.54, 571.2, 0.000608431
FILLER_0_205_1281, 601.14, 571.2, 0.000532829
FILLER_0_206_1309, 613.94, 571.2, 0.000495028
FILLER_0_205_1337, 626.74, 571.2, 0.000457227
FILLER_0_205_1393, 652.34, 571.2, 0.000405067
FILLER_0_206_1421, 665.14, 571.2, 0.000390709
FILLER_0_205_1449, 677.94, 571.2, 0.000376351
FILLER_0_206_1477, 690.74, 571.2, 0.000361993
FILLER_0_205_1505, 703.54, 571.2, 0.000347634
FILLER_0_206_1533, 716.34, 571.2, 0.000333276
FILLER_0_205_1561, 729.14, 571.2, 0.000318918
FILLER_0_206_1589, 741.94, 571.2, 0.00030456
FILLER_0_205_1617, 754.74, 571.2, 0.000290201
FILLER_0_206_1645, 767.54, 571.2, 0.000275843
FILLER_0_205_1673, 780.34, 571.2, 0.000261485
FILLER_0_205_1729, 805.94, 571.2, 0.000240652
FILLER_0_206_1757, 818.74, 571.2, 0.000234179
FILLER_0_205_1785, 831.54, 571.2, 0.000227705
FILLER_0_206_1813, 844.34, 571.2, 0.000221231
FILLER_0_205_1841, 857.14, 571.2, 0.000214757
FILLER_0_206_1869, 869.94, 571.2, 0.000208283
FILLER_0_205_1897, 882.74, 571.2, 0.000201809
FILLER_0_206_1925, 895.54, 571.2, 0.000195335
FILLER_0_205_1953, 908.34, 571.2, 0.000188861
FILLER_0_206_1981, 921.14, 571.2, 0.000182387
FILLER_0_205_2009, 933.94, 571.2, 0.000175913
FILLER_0_205_2065, 958.57, 571.2, 0.000169439
FILLER_0_206_2093, 970.4, 571.2, 0.00016944
FILLER_0_205_2121, 982.23, 571.2, 0.00016944
PHY_406, 5.52, 565.76, 0.00044361
PHY_408, 5.52, 565.76, 0.00044361
PHY_407, 994.06, 565.76, 0.000176187
PHY_409, 994.06, 565.76, 0.000176187
FILLER_0_203_2141, 994.06, 565.76, 0.000176187
FILLER_0_204_2137, 994.06, 565.76, 0.000176187
FILLER_0_204_77, 37.94, 565.76, 0.000455602
FILLER_0_205_105, 50.74, 565.76, 0.000467594
FILLER_0_204_133, 63.54, 565.76, 0.000479586
FILLER_0_205_161, 76.34, 565.76, 0.000491578
FILLER_0_204_189, 89.14, 565.76, 0.00050357
FILLER_0_205_217, 101.94, 565.76, 0.000515562
FILLER_0_204_245, 114.74, 565.76, 0.000527555
FILLER_0_205_273, 127.54, 565.76, 0.000539547
FILLER_0_204_301, 140.34, 565.76, 0.000551539
FILLER_0_205_329, 153.14, 565.76, 0.000563531
FILLER_0_204_357, 165.94, 565.76, 0.000575523
FILLER_0_204_413, 191.54, 565.76, 0.000607099
FILLER_0_205_441, 204.34, 565.76, 0.000626683
FILLER_0_204_469, 217.14, 565.76, 0.000646267
FILLER_0_205_497, 229.94, 565.76, 0.000665852
FILLER_0_204_525, 242.74, 565.76, 0.000685436
FILLER_0_205_553, 255.54, 565.76, 0.00070502
FILLER_0_204_581, 268.34, 565.76, 0.000724604
FILLER_0_205_609, 281.14, 565.76, 0.000744188
FILLER_0_204_637, 293.94, 565.76, 0.000763772
FILLER_0_205_665, 306.74, 565.76, 0.000783356
FILLER_0_204_693, 319.54, 565.76, 0.00080294
FILLER_0_204_749, 345.14, 565.76, 0.000831054
FILLER_0_205_777, 357.94, 565.76, 0.000839584
FILLER_0_204_805, 370.74, 565.76, 0.000848114
FILLER_0_205_833, 383.54, 565.76, 0.000856643
FILLER_0_204_861, 396.34, 565.76, 0.000865173
FILLER_0_205_889, 409.14, 565.76, 0.000873703
FILLER_0_204_917, 421.94, 565.76, 0.000882233
FILLER_0_205_945, 434.74, 565.76, 0.000890763
FILLER_0_204_973, 447.54, 565.76, 0.000899293
FILLER_0_205_1001, 460.34, 565.76, 0.000907822
FILLER_0_204_1029, 473.14, 565.76, 0.000916352
FILLER_0_204_1085, 498.74, 565.76, 0.000883479
FILLER_0_205_1113, 511.54, 565.76, 0.000842077
FILLER_0_204_1141, 524.34, 565.76, 0.000800674
FILLER_0_205_1169, 537.14, 565.76, 0.000759272
FILLER_0_204_1197, 549.94, 565.76, 0.000717869
FILLER_0_205_1225, 562.74, 565.76, 0.000676466
FILLER_0_204_1253, 575.54, 565.76, 0.000635064
FILLER_0_203_1281, 601.14, 565.76, 0.000552259
FILLER_0_204_1309, 613.94, 565.76, 0.000510856
FILLER_0_203_1337, 626.74, 565.76, 0.000469453
FILLER_0_203_1393, 652.34, 565.76, 0.000413361
FILLER_0_204_1421, 665.14, 565.76, 0.000398671
FILLER_0_203_1449, 677.94, 565.76, 0.000383981
FILLER_0_204_1477, 690.74, 565.76, 0.000369291
FILLER_0_203_1505, 703.54, 565.76, 0.0003546
FILLER_0_204_1533, 716.34, 565.76, 0.00033991
FILLER_0_203_1561, 729.14, 565.76, 0.00032522
FILLER_0_204_1589, 741.94, 565.76, 0.00031053
FILLER_0_203_1617, 754.74, 565.76, 0.00029584
FILLER_0_204_1645, 767.54, 565.76, 0.00028115
FILLER_0_203_1673, 780.34, 565.76, 0.00026646
FILLER_0_203_1729, 805.94, 565.76, 0.000245471
FILLER_0_204_1757, 818.74, 565.76, 0.000239173
FILLER_0_203_1785, 831.54, 565.76, 0.000232874
FILLER_0_204_1813, 844.34, 565.76, 0.000226576
FILLER_0_203_1841, 857.14, 565.76, 0.000220277
FILLER_0_204_1869, 869.94, 565.76, 0.000213979
FILLER_0_203_1897, 882.74, 565.76, 0.00020768
FILLER_0_204_1925, 895.54, 565.76, 0.000201381
FILLER_0_203_1953, 908.34, 565.76, 0.000195083
FILLER_0_204_1981, 921.14, 565.76, 0.000188784
FILLER_0_203_2009, 933.94, 565.76, 0.000182486
FILLER_0_203_2065, 958.57, 565.76, 0.000176187
FILLER_0_204_2093, 970.4, 565.76, 0.000176187
FILLER_0_203_2121, 982.23, 565.76, 0.000176187
PHY_402, 5.52, 560.32, 0.000465037
PHY_404, 5.52, 560.32, 0.000465037
PHY_403, 994.06, 560.32, 0.000182625
PHY_405, 994.06, 560.32, 0.000182625
FILLER_0_201_2141, 994.06, 560.32, 0.000182625
FILLER_0_202_2137, 994.06, 560.32, 0.000182625
FILLER_0_202_77, 37.94, 560.32, 0.00047749
FILLER_0_203_105, 50.74, 560.32, 0.000489942
FILLER_0_202_133, 63.54, 560.32, 0.000502394
FILLER_0_203_161, 76.34, 560.32, 0.000514846
FILLER_0_202_189, 89.14, 560.32, 0.000527299
FILLER_0_203_217, 101.94, 560.32, 0.000539751
FILLER_0_202_245, 114.74, 560.32, 0.000552203
FILLER_0_203_273, 127.54, 560.32, 0.000564655
FILLER_0_202_301, 140.34, 560.32, 0.000577108
FILLER_0_203_329, 153.14, 560.32, 0.00058956
FILLER_0_202_357, 165.94, 560.32, 0.000602012
FILLER_0_202_413, 191.54, 560.32, 0.000635888
FILLER_0_203_441, 204.34, 560.32, 0.000657312
FILLER_0_202_469, 217.14, 560.32, 0.000678736
FILLER_0_203_497, 229.94, 560.32, 0.00070016
FILLER_0_202_525, 242.74, 560.32, 0.000721584
FILLER_0_203_553, 255.54, 560.32, 0.000743008
FILLER_0_202_581, 268.34, 560.32, 0.000764432
FILLER_0_203_609, 281.14, 560.32, 0.000785856
FILLER_0_202_637, 293.94, 560.32, 0.00080728
FILLER_0_203_665, 306.74, 560.32, 0.000828704
FILLER_0_202_693, 319.54, 560.32, 0.000850128
FILLER_0_202_749, 345.14, 560.32, 0.00088049
FILLER_0_203_777, 357.94, 560.32, 0.000889429
FILLER_0_202_805, 370.74, 560.32, 0.000898368
FILLER_0_203_833, 383.54, 560.32, 0.000907307
FILLER_0_202_861, 396.34, 560.32, 0.000916245
FILLER_0_203_889, 409.14, 560.32, 0.000925184
FILLER_0_202_917, 421.94, 560.32, 0.000934123
FILLER_0_203_945, 434.74, 560.32, 0.000943062
FILLER_0_202_973, 447.54, 560.32, 0.000952
FILLER_0_203_1001, 460.34, 560.32, 0.000960939
FILLER_0_202_1029, 473.14, 560.32, 0.000969878
FILLER_0_202_1085, 498.74, 560.32, 0.000933552
FILLER_0_203_1113, 511.54, 560.32, 0.000888287
FILLER_0_202_1141, 524.34, 560.32, 0.000843022
FILLER_0_203_1169, 537.14, 560.32, 0.000797757
FILLER_0_202_1197, 549.94, 560.32, 0.000752492
FILLER_0_203_1225, 562.74, 560.32, 0.000707228
FILLER_0_202_1253, 575.54, 560.32, 0.000661963
FILLER_0_201_1281, 601.14, 560.32, 0.000571433
FILLER_0_202_1309, 613.94, 560.32, 0.000526168
FILLER_0_201_1337, 626.74, 560.32, 0.000480903
FILLER_0_201_1393, 652.34, 560.32, 0.000420667
FILLER_0_202_1421, 665.14, 560.32, 0.000405695
FILLER_0_201_1449, 677.94, 560.32, 0.000390724
FILLER_0_202_1477, 690.74, 560.32, 0.000375752
FILLER_0_201_1505, 703.54, 560.32, 0.000360781
FILLER_0_202_1533, 716.34, 560.32, 0.000345809
FILLER_0_201_1561, 729.14, 560.32, 0.000330838
FILLER_0_202_1589, 741.94, 560.32, 0.000315866
FILLER_0_201_1617, 754.74, 560.32, 0.000300895
FILLER_0_202_1645, 767.54, 560.32, 0.000285923
FILLER_0_201_1673, 780.34, 560.32, 0.000270951
FILLER_0_201_1729, 805.94, 560.32, 0.000249867
FILLER_0_202_1757, 818.74, 560.32, 0.000243754
FILLER_0_201_1785, 831.54, 560.32, 0.000237641
FILLER_0_202_1813, 844.34, 560.32, 0.000231528
FILLER_0_201_1841, 857.14, 560.32, 0.000225415
FILLER_0_202_1869, 869.94, 560.32, 0.000219302
FILLER_0_201_1897, 882.74, 560.32, 0.000213189
FILLER_0_202_1925, 895.54, 560.32, 0.000207076
FILLER_0_201_1953, 908.34, 560.32, 0.000200963
FILLER_0_202_1981, 921.14, 560.32, 0.00019485
FILLER_0_201_2009, 933.94, 560.32, 0.000188737
FILLER_0_201_2065, 958.57, 560.32, 0.000182625
FILLER_0_202_2093, 970.4, 560.32, 0.000182625
FILLER_0_201_2121, 982.23, 560.32, 0.000182625
PHY_398, 5.52, 554.88, 0.000485898
PHY_400, 5.52, 554.88, 0.000485898
PHY_399, 994.06, 554.88, 0.000188761
PHY_401, 994.06, 554.88, 0.000188761
FILLER_0_199_2141, 994.06, 554.88, 0.000188761
FILLER_0_200_2137, 994.06, 554.88, 0.000188761
FILLER_0_200_77, 37.94, 554.88, 0.000498848
FILLER_0_201_105, 50.74, 554.88, 0.000511798
FILLER_0_200_133, 63.54, 554.88, 0.000524748
FILLER_0_201_161, 76.34, 554.88, 0.000537698
FILLER_0_200_189, 89.14, 554.88, 0.000550647
FILLER_0_201_217, 101.94, 554.88, 0.000563597
FILLER_0_200_245, 114.74, 554.88, 0.000576547
FILLER_0_201_273, 127.54, 554.88, 0.000589497
FILLER_0_200_301, 140.34, 554.88, 0.000602447
FILLER_0_201_329, 153.14, 554.88, 0.000615397
FILLER_0_200_357, 165.94, 554.88, 0.000628347
FILLER_0_200_413, 191.54, 554.88, 0.000664999
FILLER_0_201_441, 204.34, 554.88, 0.000688702
FILLER_0_200_469, 217.14, 554.88, 0.000712404
FILLER_0_201_497, 229.94, 554.88, 0.000736107
FILLER_0_200_525, 242.74, 554.88, 0.000759809
FILLER_0_201_553, 255.54, 554.88, 0.000783512
FILLER_0_200_581, 268.34, 554.88, 0.000807214
FILLER_0_201_609, 281.14, 554.88, 0.000830916
FILLER_0_200_637, 293.94, 554.88, 0.000854619
FILLER_0_201_665, 306.74, 554.88, 0.000878321
FILLER_0_200_693, 319.54, 554.88, 0.000902024
FILLER_0_200_749, 345.14, 554.88, 0.000941333
FILLER_0_201_777, 357.94, 554.88, 0.000956939
FILLER_0_200_805, 370.74, 554.88, 0.000972546
FILLER_0_201_833, 383.54, 554.88, 0.000988153
FILLER_0_200_861, 396.34, 554.88, 0.00100376
FILLER_0_201_889, 409.14, 554.88, 0.00101937
FILLER_0_200_917, 421.94, 554.88, 0.00103497
hold127, 434.74, 554.88, 0.00105058
FILLER_0_201_945, 434.74, 554.88, 0.00105058
hold125, 447.54, 554.88, 0.00105638
FILLER_0_200_973, 447.54, 554.88, 0.00105638
FILLER_0_201_1001, 460.34, 554.88, 0.00105253
FILLER_0_200_1029, 473.14, 554.88, 0.00104868
FILLER_0_199_1060, 498.74, 554.88, 0.00099465
FILLER_0_200_1085, 498.74, 554.88, 0.00099465
FILLER_0_201_1113, 511.54, 554.88, 0.000944465
FILLER_0_200_1141, 524.34, 554.88, 0.00089428
FILLER_0_201_1169, 537.14, 554.88, 0.000844095
FILLER_0_200_1197, 549.94, 554.88, 0.000793909
FILLER_0_201_1225, 562.74, 554.88, 0.000743724
FILLER_0_200_1253, 575.54, 554.88, 0.000693539
FILLER_0_199_1281, 601.14, 554.88, 0.000593168
FILLER_0_200_1309, 613.94, 554.88, 0.000542983
FILLER_0_199_1337, 626.74, 554.88, 0.000492798
FILLER_0_199_1393, 652.34, 554.88, 0.000427375
FILLER_0_200_1421, 665.14, 554.88, 0.000412138
FILLER_0_199_1449, 677.94, 554.88, 0.0003969
FILLER_0_200_1477, 690.74, 554.88, 0.000381662
FILLER_0_199_1505, 703.54, 554.88, 0.000366425
FILLER_0_200_1533, 716.34, 554.88, 0.000351187
FILLER_0_199_1561, 729.14, 554.88, 0.000335949
FILLER_0_200_1589, 741.94, 554.88, 0.000320712
FILLER_0_199_1617, 754.74, 554.88, 0.000305474
FILLER_0_200_1645, 767.54, 554.88, 0.000290237
FILLER_0_199_1673, 780.34, 554.88, 0.000274999
FILLER_0_199_1729, 805.94, 554.88, 0.000253845
FILLER_0_200_1757, 818.74, 554.88, 0.000247928
FILLER_0_199_1785, 831.54, 554.88, 0.000242011
FILLER_0_200_1813, 844.34, 554.88, 0.000236094
FILLER_0_199_1841, 857.14, 554.88, 0.000230178
FILLER_0_200_1869, 869.94, 554.88, 0.000224261
FILLER_0_199_1897, 882.74, 554.88, 0.000218344
FILLER_0_200_1925, 895.54, 554.88, 0.000212428
FILLER_0_199_1953, 908.34, 554.88, 0.000206511
FILLER_0_200_1981, 921.14, 554.88, 0.000200594
FILLER_0_199_2009, 933.94, 554.88, 0.000194677
FILLER_0_199_2065, 958.57, 554.88, 0.000188761
FILLER_0_200_2093, 970.4, 554.88, 0.000188761
FILLER_0_199_2121, 982.23, 554.88, 0.000188761
PHY_394, 5.52, 549.44, 0.00050629
PHY_396, 5.52, 549.44, 0.00050629
PHY_395, 994.06, 549.44, 0.000194619
PHY_397, 994.06, 549.44, 0.000194619
FILLER_0_197_2141, 994.06, 549.44, 0.000194619
FILLER_0_198_2137, 994.06, 549.44, 0.000194619
FILLER_0_198_77, 37.94, 549.44, 0.000519933
FILLER_0_199_105, 50.74, 549.44, 0.000533576
FILLER_0_198_133, 63.54, 549.44, 0.00054722
FILLER_0_199_161, 76.34, 549.44, 0.000560863
FILLER_0_198_189, 89.14, 549.44, 0.000574506
FILLER_0_199_217, 101.94, 549.44, 0.000588149
FILLER_0_198_245, 114.74, 549.44, 0.000601792
FILLER_0_199_273, 127.54, 549.44, 0.000615436
FILLER_0_198_301, 140.34, 549.44, 0.000629079
FILLER_0_199_329, 153.14, 549.44, 0.000642722
FILLER_0_198_357, 165.94, 549.44, 0.000656365
FILLER_0_198_413, 191.54, 549.44, 0.000699249
FILLER_0_199_441, 204.34, 549.44, 0.000728489
FILLER_0_198_469, 217.14, 549.44, 0.000757729
FILLER_0_199_497, 229.94, 549.44, 0.000786969
FILLER_0_198_525, 242.74, 549.44, 0.000816209
FILLER_0_199_553, 255.54, 549.44, 0.00084545
FILLER_0_198_581, 268.34, 549.44, 0.00087469
FILLER_0_199_609, 281.14, 549.44, 0.00090393
FILLER_0_198_637, 293.94, 549.44, 0.00093317
FILLER_0_199_665, 306.74, 549.44, 0.00096241
FILLER_0_198_693, 319.54, 549.44, 0.00099165
FILLER_0_198_749, 345.14, 549.44, 0.00109838
FILLER_0_199_777, 357.94, 549.44, 0.00117587
FILLER_0_198_805, 370.74, 549.44, 0.00125335
FILLER_0_199_833, 383.54, 549.44, 0.00133084
FILLER_0_198_861, 396.34, 549.44, 0.00140833
_0945_, 409.14, 549.44, 0.00148582
FILLER_0_199_889, 409.14, 549.44, 0.00148582
_0639_, 421.94, 549.44, 0.00153985
_0640_, 421.94, 549.44, 0.00153985
_0940_, 421.94, 549.44, 0.00153985
_1066_, 421.94, 549.44, 0.00153985
hold34, 421.94, 549.44, 0.00153985
FILLER_0_197_897, 421.94, 549.44, 0.00153985
FILLER_0_199_909, 421.94, 549.44, 0.00153985
_0629_, 434.74, 549.44, 0.00152706
_1068_, 434.74, 549.44, 0.00152706
hold112, 434.74, 549.44, 0.00152706
_0633_, 447.54, 549.44, 0.00147414
_0942_, 447.54, 549.44, 0.00147414
FILLER_0_198_977, 460.34, 549.44, 0.00139168
FILLER_0_199_998, 460.34, 549.44, 0.00139168
_0943_, 473.14, 549.44, 0.00130923
FILLER_0_198_1029, 473.14, 549.44, 0.00130923
FILLER_0_198_1086, 498.74, 549.44, 0.00114081
FILLER_0_199_1113, 511.54, 549.44, 0.00107832
FILLER_0_198_1141, 524.34, 549.44, 0.00101583
FILLER_0_199_1169, 537.14, 549.44, 0.000953342
FILLER_0_198_1197, 549.94, 549.44, 0.000890852
FILLER_0_199_1225, 562.74, 549.44, 0.000828362
FILLER_0_198_1253, 575.54, 549.44, 0.000765872
FILLER_0_197_1281, 601.14, 549.44, 0.000640891
FILLER_0_198_1309, 613.94, 549.44, 0.000578401
FILLER_0_197_1337, 626.74, 549.44, 0.000515911
FILLER_0_197_1393, 652.34, 549.44, 0.000437582
FILLER_0_198_1421, 665.14, 549.44, 0.000421743
FILLER_0_197_1449, 677.94, 549.44, 0.000405904
FILLER_0_198_1477, 690.74, 549.44, 0.000390065
FILLER_0_197_1505, 703.54, 549.44, 0.000374226
FILLER_0_198_1533, 716.34, 549.44, 0.000358387
FILLER_0_197_1561, 729.14, 549.44, 0.000342548
FILLER_0_198_1589, 741.94, 549.44, 0.000326709
FILLER_0_197_1617, 754.74, 549.44, 0.000310869
FILLER_0_198_1645, 767.54, 549.44, 0.00029503
FILLER_0_197_1673, 780.34, 549.44, 0.000279191
FILLER_0_197_1729, 805.94, 549.44, 0.000257624
FILLER_0_198_1757, 818.74, 549.44, 0.000251897
FILLER_0_197_1785, 831.54, 549.44, 0.000246169
FILLER_0_198_1813, 844.34, 549.44, 0.000240441
FILLER_0_197_1841, 857.14, 549.44, 0.000234713
FILLER_0_198_1869, 869.94, 549.44, 0.000228986
FILLER_0_197_1897, 882.74, 549.44, 0.000223258
FILLER_0_198_1925, 895.54, 549.44, 0.00021753
FILLER_0_197_1953, 908.34, 549.44, 0.000211802
FILLER_0_198_1981, 921.14, 549.44, 0.000206074
FILLER_0_197_2009, 933.94, 549.44, 0.000200347
FILLER_0_197_2065, 958.57, 549.44, 0.000194619
FILLER_0_198_2093, 970.4, 549.44, 0.000194619
FILLER_0_197_2121, 982.23, 549.44, 0.000194619
PHY_390, 5.52, 544, 0.000525764
PHY_392, 5.52, 544, 0.000525764
PHY_391, 994.06, 544, 0.000200157
PHY_393, 994.06, 544, 0.000200157
FILLER_0_195_2141, 994.06, 544, 0.000200157
FILLER_0_196_2137, 994.06, 544, 0.000200157
FILLER_0_196_77, 37.94, 544, 0.000539762
FILLER_0_197_105, 50.74, 544, 0.000553761
FILLER_0_196_133, 63.54, 544, 0.000567759
FILLER_0_197_161, 76.34, 544, 0.000581758
FILLER_0_196_189, 89.14, 544, 0.000595756
FILLER_0_197_217, 101.94, 544, 0.000609755
FILLER_0_196_245, 114.74, 544, 0.000623753
FILLER_0_197_273, 127.54, 544, 0.000637752
FILLER_0_196_301, 140.34, 544, 0.00065175
FILLER_0_197_329, 153.14, 544, 0.000665749
FILLER_0_196_357, 165.94, 544, 0.000679747
FILLER_0_196_413, 191.54, 544, 0.000722777
FILLER_0_197_441, 204.34, 544, 0.000751808
FILLER_0_196_469, 217.14, 544, 0.00078084
FILLER_0_197_497, 229.94, 544, 0.000809871
FILLER_0_196_525, 242.74, 544, 0.000838902
FILLER_0_197_553, 255.54, 544, 0.000867934
FILLER_0_196_581, 268.34, 544, 0.000896965
FILLER_0_197_609, 281.14, 544, 0.000925996
FILLER_0_196_637, 293.94, 544, 0.000955028
FILLER_0_197_665, 306.74, 544, 0.000984059
FILLER_0_196_693, 319.54, 544, 0.00101309
FILLER_0_196_749, 345.14, 544, 0.0010841
FILLER_0_197_777, 357.94, 544, 0.00112608
FILLER_0_196_805, 370.74, 544, 0.00116805
FILLER_0_197_833, 383.54, 544, 0.00121003
FILLER_0_196_861, 396.34, 544, 0.00125201
FILLER_0_197_889, 409.14, 544, 0.00129399
_0630_, 421.94, 544, 0.00133596
_0876_, 421.94, 544, 0.00133596
_0877_, 421.94, 544, 0.00133596
hold40, 421.94, 544, 0.00133596
FILLER_0_196_917, 421.94, 544, 0.00133596
hold133, 434.74, 544, 0.00135403
_0634_, 447.54, 544, 0.00136261
_0880_, 447.54, 544, 0.00136261
_0881_, 447.54, 544, 0.00136261
hold126, 447.54, 544, 0.00136261
FILLER_0_195_949, 447.54, 544, 0.00136261
_0882_, 460.34, 544, 0.00134605
_1069_, 460.34, 544, 0.00134605
FILLER_0_195_985, 460.34, 544, 0.00134605
FILLER_0_196_976, 460.34, 544, 0.00134605
FILLER_0_196_981, 460.34, 544, 0.00134605
FILLER_0_197_1000, 460.34, 544, 0.00134605
_0635_, 473.14, 544, 0.00129952
_0636_, 473.14, 544, 0.00129952
hold17, 473.14, 544, 0.00129952
hold131, 473.14, 544, 0.00129952
FILLER_0_195_1003, 473.14, 544, 0.00129952
FILLER_0_195_1060, 498.74, 544, 0.00115944
FILLER_0_196_1084, 498.74, 544, 0.00115944
FILLER_0_197_1113, 511.54, 544, 0.00109533
FILLER_0_196_1141, 524.34, 544, 0.00103122
FILLER_0_197_1169, 537.14, 544, 0.000967107
FILLER_0_196_1197, 549.94, 544, 0.000902997
FILLER_0_197_1225, 562.74, 544, 0.000838887
FILLER_0_196_1253, 575.54, 544, 0.000774777
FILLER_0_195_1281, 601.14, 544, 0.000646557
FILLER_0_196_1309, 613.94, 544, 0.000582447
FILLER_0_195_1337, 626.74, 544, 0.000518337
FILLER_0_195_1393, 652.34, 544, 0.000438534
FILLER_0_196_1421, 665.14, 544, 0.000422842
FILLER_0_195_1449, 677.94, 544, 0.00040715
FILLER_0_196_1477, 690.74, 544, 0.000391458
FILLER_0_195_1505, 703.54, 544, 0.000375765
FILLER_0_196_1533, 716.34, 544, 0.000360073
FILLER_0_195_1561, 729.14, 544, 0.000344381
FILLER_0_196_1589, 741.94, 544, 0.000328689
FILLER_0_195_1617, 754.74, 544, 0.000312996
FILLER_0_196_1645, 767.54, 544, 0.000297304
FILLER_0_195_1673, 780.34, 544, 0.000281612
FILLER_0_195_1729, 805.94, 544, 0.000260439
FILLER_0_196_1757, 818.74, 544, 0.000254959
FILLER_0_195_1785, 831.54, 544, 0.000249479
FILLER_0_196_1813, 844.34, 544, 0.000243999
FILLER_0_195_1841, 857.14, 544, 0.000238518
FILLER_0_196_1869, 869.94, 544, 0.000233038
FILLER_0_195_1897, 882.74, 544, 0.000227558
FILLER_0_196_1925, 895.54, 544, 0.000222078
FILLER_0_195_1953, 908.34, 544, 0.000216597
FILLER_0_196_1981, 921.14, 544, 0.000211117
FILLER_0_195_2009, 933.94, 544, 0.000205637
FILLER_0_195_2065, 958.57, 544, 0.000200157
FILLER_0_196_2093, 970.4, 544, 0.000200157
FILLER_0_195_2121, 982.23, 544, 0.000200157
PHY_386, 5.52, 538.56, 0.000544772
PHY_388, 5.52, 538.56, 0.000544772
PHY_387, 994.06, 538.56, 0.000205451
PHY_389, 994.06, 538.56, 0.000205451
FILLER_0_193_2141, 994.06, 538.56, 0.000205451
FILLER_0_194_2137, 994.06, 538.56, 0.000205451
FILLER_0_194_77, 37.94, 538.56, 0.000559389
FILLER_0_195_105, 50.74, 538.56, 0.000574006
FILLER_0_194_133, 63.54, 538.56, 0.000588623
FILLER_0_195_161, 76.34, 538.56, 0.000603239
FILLER_0_194_189, 89.14, 538.56, 0.000617856
FILLER_0_195_217, 101.94, 538.56, 0.000632473
FILLER_0_194_245, 114.74, 538.56, 0.00064709
FILLER_0_195_273, 127.54, 538.56, 0.000661706
FILLER_0_194_301, 140.34, 538.56, 0.000676323
FILLER_0_195_329, 153.14, 538.56, 0.00069094
FILLER_0_194_357, 165.94, 538.56, 0.000705557
FILLER_0_194_413, 191.54, 538.56, 0.000753624
FILLER_0_195_441, 204.34, 538.56, 0.000787076
FILLER_0_194_469, 217.14, 538.56, 0.000820527
FILLER_0_195_497, 229.94, 538.56, 0.000853978
FILLER_0_194_525, 242.74, 538.56, 0.000887429
FILLER_0_195_553, 255.54, 538.56, 0.00092088
FILLER_0_194_581, 268.34, 538.56, 0.000954331
FILLER_0_195_609, 281.14, 538.56, 0.000987782
FILLER_0_194_637, 293.94, 538.56, 0.00102123
FILLER_0_195_665, 306.74, 538.56, 0.00105468
FILLER_0_194_693, 319.54, 538.56, 0.00108814
FILLER_0_194_749, 345.14, 538.56, 0.00120799
FILLER_0_195_777, 357.94, 538.56, 0.0012944
FILLER_0_194_805, 370.74, 538.56, 0.0013808
FILLER_0_195_833, 383.54, 538.56, 0.00146721
FILLER_0_194_861, 396.34, 538.56, 0.00155361
_0602_, 409.14, 538.56, 0.00164002
_0929_, 409.14, 538.56, 0.00164002
FILLER_0_193_876, 409.14, 538.56, 0.00164002
FILLER_0_194_869, 409.14, 538.56, 0.00164002
FILLER_0_195_889, 409.14, 538.56, 0.00164002
_0580_, 421.94, 538.56, 0.00169707
_0592_, 421.94, 538.56, 0.00169707
hold8, 421.94, 538.56, 0.00169707
FILLER_0_194_907, 421.94, 538.56, 0.00169707
_0535_, 434.74, 538.56, 0.00171159
_0596_, 434.74, 538.56, 0.00171159
FILLER_0_195_941, 434.74, 538.56, 0.00171159
_0553_, 447.54, 538.56, 0.00169799
_0651_, 447.54, 538.56, 0.00169799
FILLER_0_194_966, 447.54, 538.56, 0.00169799
FILLER_0_194_974, 447.54, 538.56, 0.00169799
_0562_, 460.34, 538.56, 0.00165355
_0598_, 460.34, 538.56, 0.00165355
_0883_, 460.34, 538.56, 0.00165355
_0927_, 460.34, 538.56, 0.00165355
hold116, 460.34, 538.56, 0.00165355
FILLER_0_193_982, 460.34, 538.56, 0.00165355
_0653_, 473.14, 538.56, 0.00154088
_0951_, 473.14, 538.56, 0.00154088
hold77, 473.14, 538.56, 0.00154088
FILLER_0_193_1005, 473.14, 538.56, 0.00154088
FILLER_0_193_1009, 473.14, 538.56, 0.00154088
FILLER_0_195_1017, 473.14, 538.56, 0.00154088
_0649_, 498.74, 538.56, 0.00134834
_0949_, 498.74, 538.56, 0.00134834
hold91, 498.74, 538.56, 0.00134834
FILLER_0_194_1083, 498.74, 538.56, 0.00134834
FILLER_0_195_1113, 511.54, 538.56, 0.00126791
FILLER_0_193_1117, 524.34, 538.56, 0.00118748
FILLER_0_194_1141, 524.34, 538.56, 0.00118748
FILLER_0_195_1169, 537.14, 538.56, 0.00110706
FILLER_0_194_1197, 549.94, 538.56, 0.00102663
FILLER_0_195_1225, 562.74, 538.56, 0.000946202
FILLER_0_194_1253, 575.54, 538.56, 0.000865775
FILLER_0_193_1281, 601.14, 538.56, 0.000704921
FILLER_0_194_1309, 613.94, 538.56, 0.000624494
FILLER_0_193_1337, 626.74, 538.56, 0.000544067
FILLER_0_193_1393, 652.34, 538.56, 0.000447381
FILLER_0_194_1421, 665.14, 538.56, 0.000431122
FILLER_0_193_1449, 677.94, 538.56, 0.000414864
FILLER_0_194_1477, 690.74, 538.56, 0.000398605
FILLER_0_193_1505, 703.54, 538.56, 0.000382346
FILLER_0_194_1533, 716.34, 538.56, 0.000366088
FILLER_0_193_1561, 729.14, 538.56, 0.000349829
FILLER_0_194_1589, 741.94, 538.56, 0.00033357
FILLER_0_193_1617, 754.74, 538.56, 0.000317312
FILLER_0_194_1645, 767.54, 538.56, 0.000301053
FILLER_0_193_1673, 780.34, 538.56, 0.000284794
FILLER_0_193_1729, 805.94, 538.56, 0.000263279
FILLER_0_194_1757, 818.74, 538.56, 0.000258022
FILLER_0_193_1785, 831.54, 538.56, 0.000252764
FILLER_0_194_1813, 844.34, 538.56, 0.000247507
FILLER_0_193_1841, 857.14, 538.56, 0.00024225
FILLER_0_194_1869, 869.94, 538.56, 0.000236993
FILLER_0_193_1897, 882.74, 538.56, 0.000231736
FILLER_0_194_1925, 895.54, 538.56, 0.000226479
FILLER_0_193_1953, 908.34, 538.56, 0.000221222
FILLER_0_194_1981, 921.14, 538.56, 0.000215965
FILLER_0_193_2009, 933.94, 538.56, 0.000210708
FILLER_0_193_2065, 958.57, 538.56, 0.000205451
FILLER_0_194_2093, 970.4, 538.56, 0.000205451
FILLER_0_193_2121, 982.23, 538.56, 0.000205451
PHY_382, 5.52, 533.12, 0.000563005
PHY_384, 5.52, 533.12, 0.000563005
PHY_383, 994.06, 533.12, 0.00021042
PHY_385, 994.06, 533.12, 0.00021042
FILLER_0_191_2141, 994.06, 533.12, 0.00021042
FILLER_0_192_2137, 994.06, 533.12, 0.00021042
FILLER_0_192_77, 37.94, 533.12, 0.000578144
FILLER_0_193_105, 50.74, 533.12, 0.000593284
FILLER_0_192_133, 63.54, 533.12, 0.000608423
FILLER_0_193_161, 76.34, 533.12, 0.000623563
FILLER_0_192_189, 89.14, 533.12, 0.000638702
FILLER_0_193_217, 101.94, 533.12, 0.000653841
FILLER_0_192_245, 114.74, 533.12, 0.000668981
FILLER_0_193_273, 127.54, 533.12, 0.00068412
FILLER_0_192_301, 140.34, 533.12, 0.000699259
FILLER_0_193_329, 153.14, 533.12, 0.000714399
FILLER_0_192_357, 165.94, 533.12, 0.000729538
FILLER_0_192_413, 191.54, 533.12, 0.000781146
FILLER_0_193_441, 204.34, 533.12, 0.000817614
FILLER_0_192_469, 217.14, 533.12, 0.000854083
FILLER_0_193_497, 229.94, 533.12, 0.000890552
FILLER_0_192_525, 242.74, 533.12, 0.00092702
FILLER_0_193_553, 255.54, 533.12, 0.000963489
FILLER_0_192_581, 268.34, 533.12, 0.000999958
FILLER_0_193_609, 281.14, 533.12, 0.00103643
FILLER_0_192_637, 293.94, 533.12, 0.00107289
FILLER_0_193_665, 306.74, 533.12, 0.00110936
FILLER_0_192_693, 319.54, 533.12, 0.00114583
FILLER_0_192_749, 345.14, 533.12, 0.00129099
FILLER_0_193_777, 357.94, 533.12, 0.00139967
FILLER_0_192_805, 370.74, 533.12, 0.00150835
FILLER_0_193_833, 383.54, 533.12, 0.00161704
_1071_, 396.34, 533.12, 0.00172572
FILLER_0_192_861, 396.34, 533.12, 0.00172572
FILLER_0_193_853, 396.34, 533.12, 0.00172572
_0603_, 409.14, 533.12, 0.00181014
_0658_, 409.14, 533.12, 0.00181014
_0886_, 409.14, 533.12, 0.00181014
_0953_, 409.14, 533.12, 0.00181014
hold90, 409.14, 533.12, 0.00181014
_0593_, 421.94, 533.12, 0.00184716
_0657_, 421.94, 533.12, 0.00184716
_0924_, 421.94, 533.12, 0.00184716
_0948_, 421.94, 533.12, 0.00184716
_0647_, 434.74, 533.12, 0.00182709
_0926_, 434.74, 533.12, 0.00182709
hold117, 434.74, 533.12, 0.00182709
hold119, 434.74, 533.12, 0.00182709
FILLER_0_192_942, 434.74, 533.12, 0.00182709
_0597_, 447.54, 533.12, 0.00175745
_0950_, 447.54, 533.12, 0.00175745
hold98, 447.54, 533.12, 0.00175745
FILLER_0_191_956, 447.54, 533.12, 0.00175745
FILLER_0_192_967, 447.54, 533.12, 0.00175745
_0599_, 460.34, 533.12, 0.00164918
hold132, 460.34, 533.12, 0.00164918
FILLER_0_191_979, 460.34, 533.12, 0.00164918
FILLER_0_193_997, 460.34, 533.12, 0.00164918
_0654_, 473.14, 533.12, 0.00152681
hold124, 473.14, 533.12, 0.00152681
FILLER_0_193_1025, 473.14, 533.12, 0.00152681
_0650_, 498.74, 533.12, 0.00131592
FILLER_0_191_1060, 498.74, 533.12, 0.00131592
FILLER_0_192_1089, 511.54, 533.12, 0.00123779
FILLER_0_191_1114, 524.34, 533.12, 0.00115965
FILLER_0_192_1141, 524.34, 533.12, 0.00115965
FILLER_0_193_1169, 537.14, 533.12, 0.00108151
FILLER_0_192_1197, 549.94, 533.12, 0.00100338
FILLER_0_193_1225, 562.74, 533.12, 0.000925241
FILLER_0_192_1253, 575.54, 533.12, 0.000847105
FILLER_0_191_1281, 601.14, 533.12, 0.000690832
FILLER_0_192_1309, 613.94, 533.12, 0.000612696
FILLER_0_191_1337, 626.74, 533.12, 0.00053456
FILLER_0_191_1393, 652.34, 533.12, 0.000440864
FILLER_0_192_1421, 665.14, 533.12, 0.000425304
FILLER_0_191_1449, 677.94, 533.12, 0.000409745
FILLER_0_192_1477, 690.74, 533.12, 0.000394185
FILLER_0_191_1505, 703.54, 533.12, 0.000378626
FILLER_0_192_1533, 716.34, 533.12, 0.000363066
FILLER_0_191_1561, 729.14, 533.12, 0.000347506
FILLER_0_192_1589, 741.94, 533.12, 0.000331947
FILLER_0_191_1617, 754.74, 533.12, 0.000316387
FILLER_0_192_1645, 767.54, 533.12, 0.000300827
FILLER_0_191_1673, 780.34, 533.12, 0.000285268
FILLER_0_191_1729, 805.94, 533.12, 0.000264767
FILLER_0_192_1757, 818.74, 533.12, 0.000259827
FILLER_0_191_1785, 831.54, 533.12, 0.000254886
FILLER_0_192_1813, 844.34, 533.12, 0.000249946
FILLER_0_191_1841, 857.14, 533.12, 0.000245005
FILLER_0_192_1869, 869.94, 533.12, 0.000240064
FILLER_0_191_1897, 882.74, 533.12, 0.000235124
FILLER_0_192_1925, 895.54, 533.12, 0.000230183
FILLER_0_191_1953, 908.34, 533.12, 0.000225242
FILLER_0_192_1981, 921.14, 533.12, 0.000220301
FILLER_0_191_2009, 933.94, 533.12, 0.000215361
FILLER_0_191_2065, 958.57, 533.12, 0.00021042
FILLER_0_192_2093, 970.4, 533.12, 0.00021042
FILLER_0_191_2121, 982.23, 533.12, 0.00021042
PHY_378, 5.52, 527.68, 0.00058036
PHY_380, 5.52, 527.68, 0.00058036
PHY_379, 994.06, 527.68, 0.000215169
PHY_381, 994.06, 527.68, 0.000215169
FILLER_0_189_2141, 994.06, 527.68, 0.000215169
FILLER_0_190_2137, 994.06, 527.68, 0.000215169
FILLER_0_190_77, 37.94, 527.68, 0.000595827
FILLER_0_191_105, 50.74, 527.68, 0.000611294
FILLER_0_190_133, 63.54, 527.68, 0.000626761
FILLER_0_191_161, 76.34, 527.68, 0.000642228
FILLER_0_190_189, 89.14, 527.68, 0.000657695
FILLER_0_191_217, 101.94, 527.68, 0.000673162
FILLER_0_190_245, 114.74, 527.68, 0.000688629
FILLER_0_191_273, 127.54, 527.68, 0.000704096
FILLER_0_190_301, 140.34, 527.68, 0.000719563
FILLER_0_191_329, 153.14, 527.68, 0.00073503
FILLER_0_190_357, 165.94, 527.68, 0.000750497
FILLER_0_190_413, 191.54, 527.68, 0.000802448
FILLER_0_191_441, 204.34, 527.68, 0.000838931
FILLER_0_190_469, 217.14, 527.68, 0.000875414
FILLER_0_191_497, 229.94, 527.68, 0.000911898
FILLER_0_190_525, 242.74, 527.68, 0.000948381
FILLER_0_191_553, 255.54, 527.68, 0.000984864
FILLER_0_190_581, 268.34, 527.68, 0.00102135
FILLER_0_191_609, 281.14, 527.68, 0.00105783
FILLER_0_190_637, 293.94, 527.68, 0.00109431
FILLER_0_191_665, 306.74, 527.68, 0.0011308
FILLER_0_190_693, 319.54, 527.68, 0.00116728
FILLER_0_190_749, 345.14, 527.68, 0.00128593
FILLER_0_191_777, 357.94, 527.68, 0.0013681
_1059_, 370.74, 527.68, 0.00145027
FILLER_0_190_805, 370.74, 527.68, 0.00145027
_0853_, 383.54, 527.68, 0.00151358
_0859_, 383.54, 527.68, 0.00151358
_1057_, 383.54, 527.68, 0.00151358
FILLER_0_189_808, 383.54, 527.68, 0.00151358
FILLER_0_189_816, 383.54, 527.68, 0.00151358
FILLER_0_191_833, 383.54, 527.68, 0.00151358
_0842_, 396.34, 527.68, 0.00155727
_0843_, 396.34, 527.68, 0.00155727
_0887_, 396.34, 527.68, 0.00155727
_1054_, 396.34, 527.68, 0.00155727
FILLER_0_190_836, 396.34, 527.68, 0.00155727
FILLER_0_191_853, 396.34, 527.68, 0.00155727
_0518_, 409.14, 527.68, 0.00157929
_0648_, 421.94, 527.68, 0.00160132
_0665_, 421.94, 527.68, 0.00160132
hold42, 421.94, 527.68, 0.00160132
hold104, 421.94, 527.68, 0.00160132
FILLER_0_190_892, 421.94, 527.68, 0.00160132
FILLER_0_190_916, 421.94, 527.68, 0.00160132
FILLER_0_191_909, 421.94, 527.68, 0.00160132
FILLER_0_191_917, 421.94, 527.68, 0.00160132
FILLER_0_191_942, 434.74, 527.68, 0.00159172
_0652_, 447.54, 527.68, 0.00158211
FILLER_0_190_973, 447.54, 527.68, 0.00158211
_0671_, 460.34, 527.68, 0.00156818
_0965_, 460.34, 527.68, 0.00156818
FILLER_0_190_981, 460.34, 527.68, 0.00156818
_0667_, 473.14, 527.68, 0.00152408
_0957_, 473.14, 527.68, 0.00152408
hold72, 473.14, 527.68, 0.00152408
FILLER_0_190_1027, 473.14, 527.68, 0.00152408
_0546_, 498.74, 527.68, 0.00145177
_0548_, 498.74, 527.68, 0.00145177
_0917_, 498.74, 527.68, 0.00145177
FILLER_0_190_1073, 498.74, 527.68, 0.00145177
FILLER_0_191_1077, 498.74, 527.68, 0.00145177
_0522_, 511.54, 527.68, 0.00137342
_0549_, 511.54, 527.68, 0.00137342
FILLER_0_190_1141, 524.34, 527.68, 0.00128187
FILLER_0_191_1169, 537.14, 527.68, 0.00119032
FILLER_0_190_1197, 549.94, 527.68, 0.00109877
FILLER_0_191_1225, 562.74, 527.68, 0.00100722
FILLER_0_190_1253, 575.54, 527.68, 0.000915668
FILLER_0_189_1281, 601.14, 527.68, 0.000732568
FILLER_0_190_1309, 613.94, 527.68, 0.000641017
FILLER_0_189_1337, 626.74, 527.68, 0.000549467
FILLER_0_189_1393, 652.34, 527.68, 0.000442333
FILLER_0_190_1421, 665.14, 527.68, 0.00042675
FILLER_0_189_1449, 677.94, 527.68, 0.000411167
FILLER_0_190_1477, 690.74, 527.68, 0.000395584
FILLER_0_189_1505, 703.54, 527.68, 0.000380001
FILLER_0_190_1533, 716.34, 527.68, 0.000364418
FILLER_0_189_1561, 729.14, 527.68, 0.000348835
FILLER_0_190_1589, 741.94, 527.68, 0.000333252
FILLER_0_189_1617, 754.74, 527.68, 0.000317669
FILLER_0_190_1645, 767.54, 527.68, 0.000302086
FILLER_0_189_1673, 780.34, 527.68, 0.000286502
FILLER_0_189_1729, 805.94, 527.68, 0.000266274
FILLER_0_190_1757, 818.74, 527.68, 0.000261628
FILLER_0_189_1785, 831.54, 527.68, 0.000256982
FILLER_0_190_1813, 844.34, 527.68, 0.000252336
FILLER_0_189_1841, 857.14, 527.68, 0.00024769
FILLER_0_190_1869, 869.94, 527.68, 0.000243044
FILLER_0_189_1897, 882.74, 527.68, 0.000238399
FILLER_0_190_1925, 895.54, 527.68, 0.000233753
FILLER_0_189_1953, 908.34, 527.68, 0.000229107
FILLER_0_190_1981, 921.14, 527.68, 0.000224461
FILLER_0_189_2009, 933.94, 527.68, 0.000219815
FILLER_0_189_2065, 958.57, 527.68, 0.000215169
FILLER_0_190_2093, 970.4, 527.68, 0.000215169
FILLER_0_189_2121, 982.23, 527.68, 0.000215169
PHY_374, 5.52, 522.24, 0.00059709
PHY_376, 5.52, 522.24, 0.00059709
PHY_375, 994.06, 522.24, 0.000219645
PHY_377, 994.06, 522.24, 0.000219645
FILLER_0_187_2141, 994.06, 522.24, 0.000219645
FILLER_0_188_2137, 994.06, 522.24, 0.000219645
FILLER_0_188_77, 37.94, 522.24, 0.000613035
FILLER_0_189_105, 50.74, 522.24, 0.000628979
FILLER_0_188_133, 63.54, 522.24, 0.000644924
FILLER_0_189_161, 76.34, 522.24, 0.000660868
FILLER_0_188_189, 89.14, 522.24, 0.000676812
FILLER_0_189_217, 101.94, 522.24, 0.000692757
FILLER_0_188_245, 114.74, 522.24, 0.000708701
FILLER_0_189_273, 127.54, 522.24, 0.000724646
FILLER_0_188_301, 140.34, 522.24, 0.00074059
FILLER_0_189_329, 153.14, 522.24, 0.000756534
FILLER_0_188_357, 165.94, 522.24, 0.000772479
FILLER_0_188_413, 191.54, 522.24, 0.000827859
FILLER_0_189_441, 204.34, 522.24, 0.000867296
FILLER_0_188_469, 217.14, 522.24, 0.000906732
FILLER_0_189_497, 229.94, 522.24, 0.000946169
FILLER_0_188_525, 242.74, 522.24, 0.000985605
FILLER_0_189_553, 255.54, 522.24, 0.00102504
FILLER_0_188_581, 268.34, 522.24, 0.00106448
FILLER_0_189_609, 281.14, 522.24, 0.00110391
FILLER_0_188_637, 293.94, 522.24, 0.00114335
FILLER_0_189_665, 306.74, 522.24, 0.00118279
FILLER_0_188_693, 319.54, 522.24, 0.00122222
FILLER_0_188_749, 345.14, 522.24, 0.00136967
FILLER_0_187_765, 357.94, 522.24, 0.00147768
FILLER_0_189_777, 357.94, 522.24, 0.00147768
_0861_, 370.74, 522.24, 0.00158569
FILLER_0_188_781, 370.74, 522.24, 0.00158569
FILLER_0_188_805, 370.74, 522.24, 0.00158569
_0851_, 383.54, 522.24, 0.00168694
_0852_, 383.54, 522.24, 0.00168694
_0854_, 383.54, 522.24, 0.00168694
_0860_, 383.54, 522.24, 0.00168694
FILLER_0_188_861, 396.34, 522.24, 0.00178015
_0964_, 409.14, 522.24, 0.00187335
_0685_, 421.94, 522.24, 0.00194215
_0740_, 421.94, 522.24, 0.00194215
_0956_, 421.94, 522.24, 0.00194215
_0988_, 421.94, 522.24, 0.00194215
hold128, 421.94, 522.24, 0.00194215
FILLER_0_189_906, 421.94, 522.24, 0.00194215
_0537_, 434.74, 522.24, 0.0019407
_0958_, 434.74, 522.24, 0.0019407
FILLER_0_189_946, 434.74, 522.24, 0.0019407
_0959_, 447.54, 522.24, 0.0018895
hold134, 447.54, 522.24, 0.0018895
FILLER_0_187_953, 447.54, 522.24, 0.0018895
FILLER_0_188_972, 447.54, 522.24, 0.0018895
FILLER_0_189_965, 447.54, 522.24, 0.0018895
_0668_, 460.34, 522.24, 0.0018046
_0672_, 460.34, 522.24, 0.0018046
_0687_, 460.34, 522.24, 0.0018046
_0688_, 460.34, 522.24, 0.0018046
_0691_, 460.34, 522.24, 0.0018046
hold111, 460.34, 522.24, 0.0018046
FILLER_0_188_992, 460.34, 522.24, 0.0018046
FILLER_0_189_993, 460.34, 522.24, 0.0018046
_0545_, 473.14, 522.24, 0.00168244
_0897_, 473.14, 522.24, 0.00168244
FILLER_0_188_1012, 473.14, 522.24, 0.00168244
_0521_, 498.74, 522.24, 0.0015069
_0914_, 498.74, 522.24, 0.0015069
FILLER_0_187_1060, 498.74, 522.24, 0.0015069
FILLER_0_187_1065, 498.74, 522.24, 0.0015069
FILLER_0_188_1065, 498.74, 522.24, 0.0015069
FILLER_0_189_1086, 498.74, 522.24, 0.0015069
FILLER_0_187_1115, 524.34, 522.24, 0.00131463
FILLER_0_188_1141, 524.34, 522.24, 0.00131463
FILLER_0_189_1169, 537.14, 522.24, 0.0012185
FILLER_0_188_1197, 549.94, 522.24, 0.00112237
FILLER_0_189_1225, 562.74, 522.24, 0.00102624
FILLER_0_188_1253, 575.54, 522.24, 0.000930106
FILLER_0_187_1281, 601.14, 522.24, 0.000737842
FILLER_0_188_1309, 613.94, 522.24, 0.000641709
FILLER_0_187_1337, 626.74, 522.24, 0.000545577
FILLER_0_187_1393, 652.34, 522.24, 0.000434581
FILLER_0_188_1421, 665.14, 522.24, 0.000419717
FILLER_0_187_1449, 677.94, 522.24, 0.000404853
FILLER_0_188_1477, 690.74, 522.24, 0.000389989
FILLER_0_187_1505, 703.54, 522.24, 0.000375125
FILLER_0_188_1533, 716.34, 522.24, 0.000360261
FILLER_0_187_1561, 729.14, 522.24, 0.000345397
FILLER_0_188_1589, 741.94, 522.24, 0.000330533
FILLER_0_187_1617, 754.74, 522.24, 0.000315669
FILLER_0_188_1645, 767.54, 522.24, 0.000300805
FILLER_0_187_1673, 780.34, 522.24, 0.000285941
FILLER_0_187_1729, 805.94, 522.24, 0.000266791
FILLER_0_188_1757, 818.74, 522.24, 0.000262505
FILLER_0_187_1785, 831.54, 522.24, 0.000258219
FILLER_0_188_1813, 844.34, 522.24, 0.000253933
FILLER_0_187_1841, 857.14, 522.24, 0.000249647
FILLER_0_188_1869, 869.94, 522.24, 0.000245361
FILLER_0_187_1897, 882.74, 522.24, 0.000241075
FILLER_0_188_1925, 895.54, 522.24, 0.000236789
FILLER_0_187_1953, 908.34, 522.24, 0.000232503
FILLER_0_188_1981, 921.14, 522.24, 0.000228217
FILLER_0_187_2009, 933.94, 522.24, 0.000223931
FILLER_0_187_2065, 958.57, 522.24, 0.000219645
FILLER_0_188_2093, 970.4, 522.24, 0.000219645
FILLER_0_187_2121, 982.23, 522.24, 0.000219645
PHY_370, 5.52, 516.8, 0.000613148
PHY_372, 5.52, 516.8, 0.000613148
PHY_371, 994.06, 516.8, 0.000223863
PHY_373, 994.06, 516.8, 0.000223863
FILLER_0_185_2141, 994.06, 516.8, 0.000223863
FILLER_0_186_2137, 994.06, 516.8, 0.000223863
FILLER_0_186_77, 37.94, 516.8, 0.000629687
FILLER_0_187_105, 50.74, 516.8, 0.000646226
FILLER_0_186_133, 63.54, 516.8, 0.000662766
FILLER_0_187_161, 76.34, 516.8, 0.000679305
FILLER_0_186_189, 89.14, 516.8, 0.000695844
FILLER_0_187_217, 101.94, 516.8, 0.000712383
FILLER_0_186_245, 114.74, 516.8, 0.000728923
FILLER_0_187_273, 127.54, 516.8, 0.000745462
FILLER_0_186_301, 140.34, 516.8, 0.000762001
FILLER_0_187_329, 153.14, 516.8, 0.00077854
FILLER_0_186_357, 165.94, 516.8, 0.000795079
FILLER_0_186_413, 191.54, 516.8, 0.000856509
FILLER_0_187_441, 204.34, 516.8, 0.000901399
FILLER_0_186_469, 217.14, 516.8, 0.000946289
FILLER_0_187_497, 229.94, 516.8, 0.00099118
FILLER_0_186_525, 242.74, 516.8, 0.00103607
FILLER_0_187_553, 255.54, 516.8, 0.00108096
FILLER_0_186_581, 268.34, 516.8, 0.00112585
FILLER_0_187_609, 281.14, 516.8, 0.00117074
FILLER_0_186_637, 293.94, 516.8, 0.00121563
FILLER_0_187_665, 306.74, 516.8, 0.00126052
FILLER_0_186_693, 319.54, 516.8, 0.00130541
FILLER_0_186_749, 345.14, 516.8, 0.00153021
_0567_, 357.94, 516.8, 0.00171011
_0858_, 357.94, 516.8, 0.00171011
_0919_, 357.94, 516.8, 0.00171011
fanout30, 357.94, 516.8, 0.00171011
FILLER_0_186_778, 357.94, 516.8, 0.00171011
FILLER_0_187_773, 357.94, 516.8, 0.00171011
FILLER_0_187_779, 357.94, 516.8, 0.00171011
_0857_, 370.74, 516.8, 0.00183813
_1044_, 370.74, 516.8, 0.00183813
FILLER_0_185_785, 370.74, 516.8, 0.00183813
FILLER_0_186_805, 370.74, 516.8, 0.00183813
_1049_, 383.54, 516.8, 0.00193806
FILLER_0_187_833, 383.54, 516.8, 0.00193806
_0483_, 396.34, 516.8, 0.00200751
_0839_, 396.34, 516.8, 0.00200751
_0840_, 396.34, 516.8, 0.00200751
_0841_, 396.34, 516.8, 0.00200751
_1052_, 396.34, 516.8, 0.00200751
FILLER_0_186_837, 396.34, 516.8, 0.00200751
FILLER_0_186_846, 396.34, 516.8, 0.00200751
FILLER_0_187_853, 396.34, 516.8, 0.00200751
_0666_, 409.14, 516.8, 0.00202978
_0686_, 409.14, 516.8, 0.00202978
_0513_, 421.94, 516.8, 0.00204187
_0536_, 421.94, 516.8, 0.00204187
_1074_, 421.94, 516.8, 0.00204187
FILLER_0_186_897, 421.94, 516.8, 0.00204187
_0669_, 434.74, 516.8, 0.00200906
_0741_, 434.74, 516.8, 0.00200906
hold93, 434.74, 516.8, 0.00200906
FILLER_0_185_933, 434.74, 516.8, 0.00200906
FILLER_0_187_939, 434.74, 516.8, 0.00200906
_0670_, 447.54, 516.8, 0.00195424
_0692_, 447.54, 516.8, 0.00195424
_0898_, 447.54, 516.8, 0.00195424
_0899_, 447.54, 516.8, 0.00195424
_0967_, 447.54, 516.8, 0.00195424
hold121, 447.54, 516.8, 0.00195424
FILLER_0_186_961, 447.54, 516.8, 0.00195424
FILLER_0_186_973, 447.54, 516.8, 0.00195424
_0563_, 460.34, 516.8, 0.00184362
hold31, 460.34, 516.8, 0.00184362
FILLER_0_186_981, 460.34, 516.8, 0.00184362
FILLER_0_187_1001, 460.34, 516.8, 0.00184362
_0564_, 473.14, 516.8, 0.00170123
_0896_, 473.14, 516.8, 0.00170123
_1075_, 473.14, 516.8, 0.00170123
FILLER_0_186_1017, 473.14, 516.8, 0.00170123
_0656_, 498.74, 516.8, 0.00143917
hold26, 498.74, 516.8, 0.00143917
FILLER_0_186_1069, 498.74, 516.8, 0.00143917
FILLER_0_186_1082, 498.74, 516.8, 0.00143917
FILLER_0_185_1117, 524.34, 516.8, 0.0012558
FILLER_0_186_1141, 524.34, 516.8, 0.0012558
FILLER_0_187_1169, 537.14, 516.8, 0.00116411
FILLER_0_186_1197, 549.94, 516.8, 0.00107243
FILLER_0_187_1225, 562.74, 516.8, 0.000980741
FILLER_0_186_1253, 575.54, 516.8, 0.000889055
FILLER_0_185_1281, 601.14, 516.8, 0.000705684
FILLER_0_186_1309, 613.94, 516.8, 0.000613998
FILLER_0_185_1337, 626.74, 516.8, 0.000522312
FILLER_0_185_1393, 652.34, 516.8, 0.000417256
FILLER_0_186_1421, 665.14, 516.8, 0.000403885
FILLER_0_185_1449, 677.94, 516.8, 0.000390514
FILLER_0_186_1477, 690.74, 516.8, 0.000377143
FILLER_0_185_1505, 703.54, 516.8, 0.000363772
FILLER_0_186_1533, 716.34, 516.8, 0.000350401
FILLER_0_185_1561, 729.14, 516.8, 0.00033703
FILLER_0_186_1589, 741.94, 516.8, 0.000323659
FILLER_0_185_1617, 754.74, 516.8, 0.000310288
FILLER_0_186_1645, 767.54, 516.8, 0.000296917
FILLER_0_185_1673, 780.34, 516.8, 0.000283546
FILLER_0_185_1729, 805.94, 516.8, 0.000266315
FILLER_0_186_1757, 818.74, 516.8, 0.000262456
FILLER_0_185_1785, 831.54, 516.8, 0.000258597
FILLER_0_186_1813, 844.34, 516.8, 0.000254737
FILLER_0_185_1841, 857.14, 516.8, 0.000250878
FILLER_0_186_1869, 869.94, 516.8, 0.000247019
FILLER_0_185_1897, 882.74, 516.8, 0.00024316
FILLER_0_186_1925, 895.54, 516.8, 0.0002393
FILLER_0_185_1953, 908.34, 516.8, 0.000235441
FILLER_0_186_1981, 921.14, 516.8, 0.000231582
FILLER_0_185_2009, 933.94, 516.8, 0.000227722
FILLER_0_185_2065, 958.57, 516.8, 0.000223863
FILLER_0_186_2093, 970.4, 516.8, 0.000223863
FILLER_0_185_2121, 982.23, 516.8, 0.000223863
PHY_366, 5.52, 511.36, 0.000628141
PHY_368, 5.52, 511.36, 0.000628141
output21, 5.52, 511.36, 0.000628141
PHY_367, 994.06, 511.36, 0.000227923
PHY_369, 994.06, 511.36, 0.000227923
FILLER_0_183_2141, 994.06, 511.36, 0.000227923
FILLER_0_184_2137, 994.06, 511.36, 0.000227923
FILLER_0_184_77, 37.94, 511.36, 0.000644928
FILLER_0_185_105, 50.74, 511.36, 0.000661715
FILLER_0_184_133, 63.54, 511.36, 0.000678502
FILLER_0_185_161, 76.34, 511.36, 0.000695289
FILLER_0_184_189, 89.14, 511.36, 0.000712075
FILLER_0_185_217, 101.94, 511.36, 0.000728862
FILLER_0_184_245, 114.74, 511.36, 0.000745649
FILLER_0_185_273, 127.54, 511.36, 0.000762436
FILLER_0_184_301, 140.34, 511.36, 0.000779222
FILLER_0_185_329, 153.14, 511.36, 0.000796009
FILLER_0_184_357, 165.94, 511.36, 0.000812796
FILLER_0_184_413, 191.54, 511.36, 0.000874625
FILLER_0_185_441, 204.34, 511.36, 0.000919668
FILLER_0_184_469, 217.14, 511.36, 0.00096471
FILLER_0_185_497, 229.94, 511.36, 0.00100975
FILLER_0_184_525, 242.74, 511.36, 0.0010548
FILLER_0_185_553, 255.54, 511.36, 0.00109984
FILLER_0_184_581, 268.34, 511.36, 0.00114488
FILLER_0_185_609, 281.14, 511.36, 0.00118992
FILLER_0_184_637, 293.94, 511.36, 0.00123497
FILLER_0_185_665, 306.74, 511.36, 0.00128001
FILLER_0_184_693, 319.54, 511.36, 0.00132505
fanout29, 345.14, 511.36, 0.00153677
FILLER_0_184_749, 345.14, 511.36, 0.00153677
FILLER_0_185_741, 345.14, 511.36, 0.00153677
_0566_, 357.94, 511.36, 0.00169955
_0856_, 357.94, 511.36, 0.00169955
_1058_, 357.94, 511.36, 0.00169955
FILLER_0_184_757, 357.94, 511.36, 0.00169955
FILLER_0_185_770, 357.94, 511.36, 0.00169955
_0476_, 370.74, 511.36, 0.0018427
FILLER_0_184_803, 370.74, 511.36, 0.0018427
_0520_, 383.54, 511.36, 0.00198586
_0837_, 383.54, 511.36, 0.00198586
hold4, 383.54, 511.36, 0.00198586
FILLER_0_183_818, 383.54, 511.36, 0.00198586
FILLER_0_185_831, 383.54, 511.36, 0.00198586
_0838_, 396.34, 511.36, 0.00208411
_1053_, 396.34, 511.36, 0.00208411
FILLER_0_183_837, 396.34, 511.36, 0.00208411
_0511_, 409.14, 511.36, 0.00215877
_1051_, 409.14, 511.36, 0.00215877
FILLER_0_184_891, 409.14, 511.36, 0.00215877
FILLER_0_185_891, 409.14, 511.36, 0.00215877
_0506_, 421.94, 511.36, 0.00220267
_0514_, 421.94, 511.36, 0.00220267
_0894_, 421.94, 511.36, 0.00220267
_0895_, 421.94, 511.36, 0.00220267
_1076_, 434.74, 511.36, 0.00223477
_0745_, 447.54, 511.36, 0.00224311
clkbuf_4_13_0_w_clk, 447.54, 511.36, 0.00224311
FILLER_0_183_957, 447.54, 511.36, 0.00224311
FILLER_0_184_961, 447.54, 511.36, 0.00224311
FILLER_0_185_974, 447.54, 511.36, 0.00224311
_0565_, 460.34, 511.36, 0.00215421
_0746_, 460.34, 511.36, 0.00215421
_0747_, 460.34, 511.36, 0.00215421
_0991_, 460.34, 511.36, 0.00215421
FILLER_0_184_997, 460.34, 511.36, 0.00215421
FILLER_0_185_1002, 460.34, 511.36, 0.00215421
_0749_, 473.14, 511.36, 0.00199107
_0992_, 473.14, 511.36, 0.00199107
clkbuf_4_14_0_w_clk, 473.14, 511.36, 0.00199107
clkbuf_4_15_0_w_clk, 473.14, 511.36, 0.00199107
FILLER_0_183_1009, 473.14, 511.36, 0.00199107
FILLER_0_184_1014, 473.14, 511.36, 0.00199107
FILLER_0_184_1022, 473.14, 511.36, 0.00199107
FILLER_0_185_1018, 473.14, 511.36, 0.00199107
_0655_, 498.74, 511.36, 0.00160901
_0952_, 498.74, 511.36, 0.00160901
hold63, 498.74, 511.36, 0.00160901
FILLER_0_184_1061, 498.74, 511.36, 0.00160901
FILLER_0_184_1089, 511.54, 511.36, 0.00150123
FILLER_0_185_1109, 511.54, 511.36, 0.00150123
FILLER_0_184_1141, 524.34, 511.36, 0.00139344
FILLER_0_185_1169, 537.14, 511.36, 0.00128566
FILLER_0_184_1197, 549.94, 511.36, 0.00117787
FILLER_0_185_1225, 562.74, 511.36, 0.00107009
FILLER_0_184_1253, 575.54, 511.36, 0.000962301
FILLER_0_183_1281, 601.14, 511.36, 0.00074673
FILLER_0_184_1309, 613.94, 511.36, 0.000638945
FILLER_0_183_1337, 626.74, 511.36, 0.00053116
FILLER_0_183_1393, 652.34, 511.36, 0.000410554
FILLER_0_184_1421, 665.14, 511.36, 0.000397733
FILLER_0_183_1449, 677.94, 511.36, 0.000384912
FILLER_0_184_1477, 690.74, 511.36, 0.000372092
FILLER_0_183_1505, 703.54, 511.36, 0.000359271
FILLER_0_184_1533, 716.34, 511.36, 0.00034645
FILLER_0_183_1561, 729.14, 511.36, 0.00033363
FILLER_0_184_1589, 741.94, 511.36, 0.000320809
FILLER_0_183_1617, 754.74, 511.36, 0.000307988
FILLER_0_184_1645, 767.54, 511.36, 0.000295168
FILLER_0_183_1673, 780.34, 511.36, 0.000282347
FILLER_0_183_1729, 805.94, 511.36, 0.000266059
FILLER_0_184_1757, 818.74, 511.36, 0.000262592
FILLER_0_183_1785, 831.54, 511.36, 0.000259125
FILLER_0_184_1813, 844.34, 511.36, 0.000255658
FILLER_0_183_1841, 857.14, 511.36, 0.000252192
FILLER_0_184_1869, 869.94, 511.36, 0.000248725
FILLER_0_183_1897, 882.74, 511.36, 0.000245258
FILLER_0_184_1925, 895.54, 511.36, 0.000241791
FILLER_0_183_1953, 908.34, 511.36, 0.000238324
FILLER_0_184_1981, 921.14, 511.36, 0.000234857
FILLER_0_183_2009, 933.94, 511.36, 0.00023139
FILLER_0_183_2065, 958.57, 511.36, 0.000227923
FILLER_0_184_2093, 970.4, 511.36, 0.000227923
FILLER_0_183_2121, 982.23, 511.36, 0.000227923
PHY_362, 5.52, 505.92, 0.000642191
PHY_364, 5.52, 505.92, 0.000642191
PHY_363, 994.06, 505.92, 0.000231729
PHY_365, 994.06, 505.92, 0.000231729
FILLER_0_181_2141, 994.06, 505.92, 0.000231729
FILLER_0_182_2137, 994.06, 505.92, 0.000231729
FILLER_0_182_77, 37.94, 505.92, 0.000659048
FILLER_0_183_105, 50.74, 505.92, 0.000675904
FILLER_0_182_133, 63.54, 505.92, 0.000692761
FILLER_0_183_161, 76.34, 505.92, 0.000709617
FILLER_0_182_189, 89.14, 505.92, 0.000726474
FILLER_0_183_217, 101.94, 505.92, 0.00074333
FILLER_0_182_245, 114.74, 505.92, 0.000760187
FILLER_0_183_273, 127.54, 505.92, 0.000777043
FILLER_0_182_301, 140.34, 505.92, 0.0007939
FILLER_0_183_329, 153.14, 505.92, 0.000810756
FILLER_0_182_357, 165.94, 505.92, 0.000827613
FILLER_0_182_413, 191.54, 505.92, 0.000887281
FILLER_0_183_441, 204.34, 505.92, 0.000930093
FILLER_0_182_469, 217.14, 505.92, 0.000972905
FILLER_0_183_497, 229.94, 505.92, 0.00101572
FILLER_0_182_525, 242.74, 505.92, 0.00105853
FILLER_0_183_553, 255.54, 505.92, 0.00110134
FILLER_0_182_581, 268.34, 505.92, 0.00114415
FILLER_0_183_609, 281.14, 505.92, 0.00118696
FILLER_0_182_637, 293.94, 505.92, 0.00122978
FILLER_0_183_665, 306.74, 505.92, 0.00127259
FILLER_0_182_693, 319.54, 505.92, 0.0013154
FILLER_0_182_749, 345.14, 505.92, 0.00147621
_1039_, 357.94, 505.92, 0.00159421
FILLER_0_181_753, 357.94, 505.92, 0.00159421
FILLER_0_181_761, 357.94, 505.92, 0.00159421
FILLER_0_183_777, 357.94, 505.92, 0.00159421
_0477_, 370.74, 505.92, 0.00170365
_0482_, 383.54, 505.92, 0.0018131
_0836_, 383.54, 505.92, 0.0018131
_0855_, 383.54, 505.92, 0.0018131
_1043_, 383.54, 505.92, 0.0018131
FILLER_0_181_809, 383.54, 505.92, 0.0018131
FILLER_0_181_817, 383.54, 505.92, 0.0018131
_0835_, 396.34, 505.92, 0.00190184
FILLER_0_182_858, 396.34, 505.92, 0.00190184
FILLER_0_183_853, 396.34, 505.92, 0.00190184
_0507_, 409.14, 505.92, 0.00198462
_0510_, 409.14, 505.92, 0.00198462
FILLER_0_181_877, 409.14, 505.92, 0.00198462
FILLER_0_182_869, 409.14, 505.92, 0.00198462
FILLER_0_182_876, 409.14, 505.92, 0.00198462
FILLER_0_183_889, 409.14, 505.92, 0.00198462
_0582_, 421.94, 505.92, 0.0020674
_0750_, 421.94, 505.92, 0.0020674
_0751_, 421.94, 505.92, 0.0020674
hold79, 421.94, 505.92, 0.0020674
FILLER_0_181_897, 421.94, 505.92, 0.0020674
FILLER_0_182_907, 421.94, 505.92, 0.0020674
FILLER_0_183_909, 421.94, 505.92, 0.0020674
_0554_, 434.74, 505.92, 0.00210657
_0689_, 434.74, 505.92, 0.00210657
_0966_, 434.74, 505.92, 0.00210657
hold68, 434.74, 505.92, 0.00210657
FILLER_0_181_925, 434.74, 505.92, 0.00210657
FILLER_0_182_941, 434.74, 505.92, 0.00210657
FILLER_0_183_934, 434.74, 505.92, 0.00210657
FILLER_0_183_946, 434.74, 505.92, 0.00210657
_0555_, 447.54, 505.92, 0.0020858
_0744_, 447.54, 505.92, 0.0020858
clkbuf_4_12_0_w_clk, 447.54, 505.92, 0.0020858
FILLER_0_183_965, 447.54, 505.92, 0.0020858
_0900_, 460.34, 505.92, 0.00196476
_0901_, 460.34, 505.92, 0.00196476
_1077_, 460.34, 505.92, 0.00196476
hold118, 460.34, 505.92, 0.00196476
FILLER_0_182_975, 460.34, 505.92, 0.00196476
FILLER_0_183_1002, 460.34, 505.92, 0.00196476
_0573_, 473.14, 505.92, 0.00179673
_0748_, 473.14, 505.92, 0.00179673
hold19, 473.14, 505.92, 0.00179673
FILLER_0_181_1009, 473.14, 505.92, 0.00179673
FILLER_0_182_1028, 473.14, 505.92, 0.00179673
_0638_, 498.74, 505.92, 0.00151327
_0944_, 498.74, 505.92, 0.00151327
FILLER_0_182_1088, 511.54, 505.92, 0.00141164
FILLER_0_183_1111, 511.54, 505.92, 0.00141164
FILLER_0_182_1141, 524.34, 505.92, 0.00131002
FILLER_0_183_1169, 537.14, 505.92, 0.0012084
FILLER_0_182_1197, 549.94, 505.92, 0.00110677
FILLER_0_183_1225, 562.74, 505.92, 0.00100515
FILLER_0_182_1253, 575.54, 505.92, 0.000903529
FILLER_0_181_1281, 601.14, 505.92, 0.000700284
FILLER_0_182_1309, 613.94, 505.92, 0.000598661
FILLER_0_181_1337, 626.74, 505.92, 0.000497038
FILLER_0_181_1393, 652.34, 505.92, 0.000384737
FILLER_0_182_1421, 665.14, 505.92, 0.000374058
FILLER_0_181_1449, 677.94, 505.92, 0.00036338
FILLER_0_182_1477, 690.74, 505.92, 0.000352701
FILLER_0_181_1505, 703.54, 505.92, 0.000342023
FILLER_0_182_1533, 716.34, 505.92, 0.000331344
FILLER_0_181_1561, 729.14, 505.92, 0.000320666
FILLER_0_182_1589, 741.94, 505.92, 0.000309987
FILLER_0_181_1617, 754.74, 505.92, 0.000299309
FILLER_0_182_1645, 767.54, 505.92, 0.00028863
FILLER_0_181_1673, 780.34, 505.92, 0.000277952
FILLER_0_181_1729, 805.94, 505.92, 0.000264311
FILLER_0_182_1757, 818.74, 505.92, 0.000261349
FILLER_0_181_1785, 831.54, 505.92, 0.000258387
FILLER_0_182_1813, 844.34, 505.92, 0.000255425
FILLER_0_181_1841, 857.14, 505.92, 0.000252463
FILLER_0_182_1869, 869.94, 505.92, 0.000249501
FILLER_0_181_1897, 882.74, 505.92, 0.000246539
FILLER_0_182_1925, 895.54, 505.92, 0.000243577
FILLER_0_181_1953, 908.34, 505.92, 0.000240615
FILLER_0_182_1981, 921.14, 505.92, 0.000237653
FILLER_0_181_2009, 933.94, 505.92, 0.00023469
FILLER_0_181_2065, 958.57, 505.92, 0.000231728
FILLER_0_182_2093, 970.4, 505.92, 0.000231728
FILLER_0_181_2121, 982.23, 505.92, 0.000231729
PHY_358, 5.52, 500.48, 0.000655483
PHY_360, 5.52, 500.48, 0.000655483
PHY_359, 994.06, 500.48, 0.000235368
PHY_361, 994.06, 500.48, 0.000235368
FILLER_0_179_2141, 994.06, 500.48, 0.000235368
FILLER_0_180_2137, 994.06, 500.48, 0.000235368
FILLER_0_180_77, 37.94, 500.48, 0.000672474
FILLER_0_181_105, 50.74, 500.48, 0.000689465
FILLER_0_180_133, 63.54, 500.48, 0.000706456
FILLER_0_181_161, 76.34, 500.48, 0.000723447
FILLER_0_180_189, 89.14, 500.48, 0.000740438
FILLER_0_181_217, 101.94, 500.48, 0.000757429
FILLER_0_180_245, 114.74, 500.48, 0.00077442
FILLER_0_181_273, 127.54, 500.48, 0.000791411
FILLER_0_180_301, 140.34, 500.48, 0.000808402
FILLER_0_181_329, 153.14, 500.48, 0.000825393
FILLER_0_180_357, 165.94, 500.48, 0.000842384
FILLER_0_180_413, 191.54, 500.48, 0.000901639
FILLER_0_181_441, 204.34, 500.48, 0.000943903
FILLER_0_180_469, 217.14, 500.48, 0.000986167
FILLER_0_181_497, 229.94, 500.48, 0.00102843
FILLER_0_180_525, 242.74, 500.48, 0.00107069
FILLER_0_181_553, 255.54, 500.48, 0.00111296
FILLER_0_180_581, 268.34, 500.48, 0.00115522
FILLER_0_181_609, 281.14, 500.48, 0.00119749
FILLER_0_180_637, 293.94, 500.48, 0.00123975
FILLER_0_181_665, 306.74, 500.48, 0.00128201
FILLER_0_180_693, 319.54, 500.48, 0.00132428
FILLER_0_180_749, 345.14, 500.48, 0.00146801
_1034_, 357.94, 500.48, 0.00156949
fanout28, 357.94, 500.48, 0.00156949
_1033_, 370.74, 500.48, 0.00165736
_1038_, 370.74, 500.48, 0.00165736
FILLER_0_179_781, 370.74, 500.48, 0.00165736
FILLER_0_180_789, 370.74, 500.48, 0.00165736
_0847_, 383.54, 500.48, 0.00172937
_0848_, 383.54, 500.48, 0.00172937
_1020_, 396.34, 500.48, 0.00180138
hold2, 396.34, 500.48, 0.00180138
FILLER_0_179_837, 396.34, 500.48, 0.00180138
FILLER_0_179_841, 396.34, 500.48, 0.00180138
FILLER_0_180_857, 396.34, 500.48, 0.00180138
_0676_, 409.14, 500.48, 0.00183838
_0695_, 409.14, 500.48, 0.00183838
_0696_, 409.14, 500.48, 0.00183838
FILLER_0_179_869, 409.14, 500.48, 0.00183838
FILLER_0_179_877, 409.14, 500.48, 0.00183838
FILLER_0_180_865, 409.14, 500.48, 0.00183838
FILLER_0_180_881, 409.14, 500.48, 0.00183838
_0581_, 421.94, 500.48, 0.00185984
_0675_, 421.94, 500.48, 0.00185984
_0993_, 421.94, 500.48, 0.00185984
FILLER_0_180_918, 421.94, 500.48, 0.00185984
_0690_, 434.74, 500.48, 0.00182981
_0990_, 434.74, 500.48, 0.00182981
hold85, 434.74, 500.48, 0.00182981
FILLER_0_180_925, 434.74, 500.48, 0.00182981
FILLER_0_180_933, 434.74, 500.48, 0.00182981
FILLER_0_180_939, 434.74, 500.48, 0.00182981
FILLER_0_181_940, 434.74, 500.48, 0.00182981
FILLER_0_180_970, 447.54, 500.48, 0.00176203
_0694_, 460.34, 500.48, 0.00169425
hold110, 460.34, 500.48, 0.00169425
FILLER_0_181_1002, 460.34, 500.48, 0.00169425
_0572_, 473.14, 500.48, 0.00161149
_0903_, 473.14, 500.48, 0.00161149
FILLER_0_179_1004, 473.14, 500.48, 0.00161149
FILLER_0_180_1028, 473.14, 500.48, 0.00161149
_0637_, 498.74, 500.48, 0.00142156
hold14, 498.74, 500.48, 0.00142156
FILLER_0_180_1088, 511.54, 500.48, 0.0013254
FILLER_0_181_1113, 511.54, 500.48, 0.0013254
FILLER_0_180_1141, 524.34, 500.48, 0.00122924
FILLER_0_181_1169, 537.14, 500.48, 0.00113309
FILLER_0_180_1197, 549.94, 500.48, 0.00103693
FILLER_0_181_1225, 562.74, 500.48, 0.000940776
FILLER_0_180_1253, 575.54, 500.48, 0.00084462
FILLER_0_179_1281, 601.14, 500.48, 0.000652308
FILLER_0_180_1309, 613.94, 500.48, 0.000556152
FILLER_0_179_1337, 626.74, 500.48, 0.000459996
FILLER_0_179_1393, 652.34, 500.48, 0.00035556
FILLER_0_180_1421, 665.14, 500.48, 0.000347279
FILLER_0_179_1449, 677.94, 500.48, 0.000338999
FILLER_0_180_1477, 690.74, 500.48, 0.000330719
FILLER_0_179_1505, 703.54, 500.48, 0.000322438
FILLER_0_180_1533, 716.34, 500.48, 0.000314158
FILLER_0_179_1561, 729.14, 500.48, 0.000305877
FILLER_0_180_1589, 741.94, 500.48, 0.000297597
FILLER_0_179_1617, 754.74, 500.48, 0.000289316
FILLER_0_180_1645, 767.54, 500.48, 0.000281036
FILLER_0_179_1673, 780.34, 500.48, 0.000272755
FILLER_0_179_1729, 805.94, 500.48, 0.000262049
FILLER_0_180_1757, 818.74, 500.48, 0.000259624
FILLER_0_179_1785, 831.54, 500.48, 0.000257198
FILLER_0_180_1813, 844.34, 500.48, 0.000254773
FILLER_0_179_1841, 857.14, 500.48, 0.000252347
FILLER_0_180_1869, 869.94, 500.48, 0.000249921
FILLER_0_179_1897, 882.74, 500.48, 0.000247496
FILLER_0_180_1925, 895.54, 500.48, 0.00024507
FILLER_0_179_1953, 908.34, 500.48, 0.000242644
FILLER_0_180_1981, 921.14, 500.48, 0.000240219
FILLER_0_179_2009, 933.94, 500.48, 0.000237793
FILLER_0_179_2065, 958.57, 500.48, 0.000235367
FILLER_0_180_2093, 970.4, 500.48, 0.000235367
FILLER_0_179_2121, 982.23, 500.48, 0.000235368
PHY_354, 5.52, 495.04, 0.000668186
PHY_356, 5.52, 495.04, 0.000668186
PHY_355, 994.06, 495.04, 0.000238912
PHY_357, 994.06, 495.04, 0.000238912
FILLER_0_177_2141, 994.06, 495.04, 0.000238912
FILLER_0_178_2137, 994.06, 495.04, 0.000238912
FILLER_0_178_77, 37.94, 495.04, 0.0006856
FILLER_0_179_105, 50.74, 495.04, 0.000703015
FILLER_0_178_133, 63.54, 495.04, 0.000720429
FILLER_0_179_161, 76.34, 495.04, 0.000737843
FILLER_0_178_189, 89.14, 495.04, 0.000755257
FILLER_0_179_217, 101.94, 495.04, 0.000772671
FILLER_0_178_245, 114.74, 495.04, 0.000790085
FILLER_0_179_273, 127.54, 495.04, 0.000807499
FILLER_0_178_301, 140.34, 495.04, 0.000824913
FILLER_0_179_329, 153.14, 495.04, 0.000842327
FILLER_0_178_357, 165.94, 495.04, 0.00085974
FILLER_0_178_413, 191.54, 495.04, 0.000924385
FILLER_0_179_441, 204.34, 495.04, 0.000971615
FILLER_0_178_469, 217.14, 495.04, 0.00101885
FILLER_0_179_497, 229.94, 495.04, 0.00106608
FILLER_0_178_525, 242.74, 495.04, 0.00111331
FILLER_0_179_553, 255.54, 495.04, 0.00116054
FILLER_0_178_581, 268.34, 495.04, 0.00120777
FILLER_0_179_609, 281.14, 495.04, 0.001255
FILLER_0_178_637, 293.94, 495.04, 0.00130223
FILLER_0_179_665, 306.74, 495.04, 0.00134946
FILLER_0_178_693, 319.54, 495.04, 0.00139669
_0814_, 345.14, 495.04, 0.00162638
_1021_, 345.14, 495.04, 0.00162638
FILLER_0_178_752, 345.14, 495.04, 0.00162638
_0813_, 357.94, 495.04, 0.00177801
hold136, 357.94, 495.04, 0.00177801
FILLER_0_177_753, 357.94, 495.04, 0.00177801
FILLER_0_178_757, 357.94, 495.04, 0.00177801
FILLER_0_179_773, 357.94, 495.04, 0.00177801
_1022_, 370.74, 495.04, 0.00190921
FILLER_0_178_782, 370.74, 495.04, 0.00190921
_0815_, 383.54, 495.04, 0.00201404
FILLER_0_177_818, 383.54, 495.04, 0.00201404
FILLER_0_179_829, 383.54, 495.04, 0.00201404
_1048_, 396.34, 495.04, 0.00211027
FILLER_0_177_837, 396.34, 495.04, 0.00211027
FILLER_0_178_837, 396.34, 495.04, 0.00211027
FILLER_0_178_862, 396.34, 495.04, 0.00211027
_0961_, 409.14, 495.04, 0.00218407
_0969_, 409.14, 495.04, 0.00218407
hold6, 409.14, 495.04, 0.00218407
_1079_, 421.94, 495.04, 0.00220082
hold13, 421.94, 495.04, 0.00220082
hold35, 421.94, 495.04, 0.00220082
FILLER_0_178_914, 421.94, 495.04, 0.00220082
_0874_, 434.74, 495.04, 0.00217464
_1065_, 434.74, 495.04, 0.00217464
hold49, 434.74, 495.04, 0.00217464
hold105, 434.74, 495.04, 0.00217464
FILLER_0_177_924, 434.74, 495.04, 0.00217464
FILLER_0_178_933, 434.74, 495.04, 0.00217464
_0627_, 447.54, 495.04, 0.0020998
_0939_, 447.54, 495.04, 0.0020998
hold53, 447.54, 495.04, 0.0020998
_0674_, 460.34, 495.04, 0.00198602
_0693_, 460.34, 495.04, 0.00198602
_0960_, 460.34, 495.04, 0.00198602
_0968_, 460.34, 495.04, 0.00198602
FILLER_0_177_980, 460.34, 495.04, 0.00198602
FILLER_0_178_977, 460.34, 495.04, 0.00198602
FILLER_0_178_981, 460.34, 495.04, 0.00198602
FILLER_0_179_989, 460.34, 495.04, 0.00198602
_0673_, 473.14, 495.04, 0.00181427
_0902_, 473.14, 495.04, 0.00181427
_1078_, 473.14, 495.04, 0.00181427
hold75, 473.14, 495.04, 0.00181427
FILLER_0_178_1023, 473.14, 495.04, 0.00181427
FILLER_0_179_1021, 473.14, 495.04, 0.00181427
_0625_, 498.74, 495.04, 0.00152722
_0938_, 498.74, 495.04, 0.00152722
hold41, 498.74, 495.04, 0.00152722
FILLER_0_178_1086, 498.74, 495.04, 0.00152722
FILLER_0_179_1113, 511.54, 495.04, 0.00141937
FILLER_0_178_1141, 524.34, 495.04, 0.00131152
FILLER_0_179_1169, 537.14, 495.04, 0.00120368
FILLER_0_178_1197, 549.94, 495.04, 0.00109583
FILLER_0_179_1225, 562.74, 495.04, 0.000987987
FILLER_0_178_1253, 575.54, 495.04, 0.000880141
FILLER_0_177_1281, 601.14, 495.04, 0.00066445
FILLER_0_178_1309, 613.94, 495.04, 0.000556604
FILLER_0_177_1337, 626.74, 495.04, 0.000448759
FILLER_0_177_1393, 652.34, 495.04, 0.00033433
FILLER_0_178_1421, 665.14, 495.04, 0.000327748
FILLER_0_177_1449, 677.94, 495.04, 0.000321165
FILLER_0_178_1477, 690.74, 495.04, 0.000314583
FILLER_0_177_1505, 703.54, 495.04, 0.000308
FILLER_0_178_1533, 716.34, 495.04, 0.000301417
FILLER_0_177_1561, 729.14, 495.04, 0.000294835
FILLER_0_178_1589, 741.94, 495.04, 0.000288252
FILLER_0_177_1617, 754.74, 495.04, 0.000281669
FILLER_0_178_1645, 767.54, 495.04, 0.000275087
FILLER_0_177_1673, 780.34, 495.04, 0.000268504
FILLER_0_177_1729, 805.94, 495.04, 0.000260004
FILLER_0_178_1757, 818.74, 495.04, 0.000258087
FILLER_0_177_1785, 831.54, 495.04, 0.000256169
FILLER_0_178_1813, 844.34, 495.04, 0.000254252
FILLER_0_177_1841, 857.14, 495.04, 0.000252334
FILLER_0_178_1869, 869.94, 495.04, 0.000250417
FILLER_0_177_1897, 882.74, 495.04, 0.000248499
FILLER_0_178_1925, 895.54, 495.04, 0.000246582
FILLER_0_177_1953, 908.34, 495.04, 0.000244665
FILLER_0_178_1981, 921.14, 495.04, 0.000242747
FILLER_0_177_2009, 933.94, 495.04, 0.00024083
FILLER_0_177_2065, 958.57, 495.04, 0.000238912
FILLER_0_178_2093, 970.4, 495.04, 0.000238912
FILLER_0_177_2121, 982.23, 495.04, 0.000238912
PHY_350, 5.52, 489.6, 0.00067825
PHY_352, 5.52, 489.6, 0.00067825
PHY_351, 994.06, 489.6, 0.000242538
PHY_353, 994.06, 489.6, 0.000242538
FILLER_0_175_2141, 994.06, 489.6, 0.000242538
FILLER_0_176_2137, 994.06, 489.6, 0.000242538
FILLER_0_176_77, 37.94, 489.6, 0.000695893
FILLER_0_177_105, 50.74, 489.6, 0.000713537
FILLER_0_176_133, 63.54, 489.6, 0.000731181
FILLER_0_177_161, 76.34, 489.6, 0.000748824
FILLER_0_176_189, 89.14, 489.6, 0.000766468
FILLER_0_177_217, 101.94, 489.6, 0.000784112
FILLER_0_176_245, 114.74, 489.6, 0.000801755
FILLER_0_177_273, 127.54, 489.6, 0.000819399
FILLER_0_176_301, 140.34, 489.6, 0.000837042
FILLER_0_177_329, 153.14, 489.6, 0.000854686
FILLER_0_176_357, 165.94, 489.6, 0.00087233
FILLER_0_176_413, 191.54, 489.6, 0.000939553
FILLER_0_177_441, 204.34, 489.6, 0.000989132
FILLER_0_176_469, 217.14, 489.6, 0.00103871
FILLER_0_177_497, 229.94, 489.6, 0.00108829
FILLER_0_176_525, 242.74, 489.6, 0.00113787
FILLER_0_177_553, 255.54, 489.6, 0.00118745
FILLER_0_176_581, 268.34, 489.6, 0.00123703
FILLER_0_177_609, 281.14, 489.6, 0.00128661
FILLER_0_176_637, 293.94, 489.6, 0.00133619
FILLER_0_177_665, 306.74, 489.6, 0.00138577
FILLER_0_176_693, 319.54, 489.6, 0.00143535
FILLER_0_176_749, 345.14, 489.6, 0.0017031
_1035_, 357.94, 489.6, 0.00192128
_1040_, 357.94, 489.6, 0.00192128
FILLER_0_175_753, 357.94, 489.6, 0.00192128
FILLER_0_177_779, 357.94, 489.6, 0.00192128
_0816_, 370.74, 489.6, 0.0021237
FILLER_0_175_785, 370.74, 489.6, 0.0021237
FILLER_0_176_805, 370.74, 489.6, 0.0021237
_0452_, 383.54, 489.6, 0.00232022
_0455_, 383.54, 489.6, 0.00232022
_0459_, 383.54, 489.6, 0.00232022
_0460_, 383.54, 489.6, 0.00232022
max_cap26, 383.54, 489.6, 0.00232022
FILLER_0_175_817, 383.54, 489.6, 0.00232022
FILLER_0_176_813, 383.54, 489.6, 0.00232022
FILLER_0_177_829, 383.54, 489.6, 0.00232022
_0472_, 396.34, 489.6, 0.00239487
_0812_, 396.34, 489.6, 0.00239487
clkbuf_4_7_0_w_clk, 396.34, 489.6, 0.00239487
FILLER_0_175_841, 396.34, 489.6, 0.00239487
FILLER_0_176_852, 396.34, 489.6, 0.00239487
FILLER_0_177_853, 396.34, 489.6, 0.00239487
clkbuf_4_6_0_w_clk, 409.14, 489.6, 0.00238133
FILLER_0_176_865, 409.14, 489.6, 0.00238133
FILLER_0_177_891, 409.14, 489.6, 0.00238133
_0904_, 421.94, 489.6, 0.00231091
_0905_, 421.94, 489.6, 0.00231091
FILLER_0_176_917, 421.94, 489.6, 0.00231091
_0590_, 434.74, 489.6, 0.0022277
_0923_, 434.74, 489.6, 0.0022277
FILLER_0_176_941, 434.74, 489.6, 0.0022277
FILLER_0_177_944, 434.74, 489.6, 0.0022277
_0526_, 447.54, 489.6, 0.0021155
_0628_, 447.54, 489.6, 0.0021155
_0645_, 447.54, 489.6, 0.0021155
_0646_, 447.54, 489.6, 0.0021155
_0947_, 447.54, 489.6, 0.0021155
hold74, 460.34, 489.6, 0.00193965
FILLER_0_175_984, 460.34, 489.6, 0.00193965
FILLER_0_177_1000, 460.34, 489.6, 0.00193965
hold46, 473.14, 489.6, 0.00175423
hold122, 473.14, 489.6, 0.00175423
FILLER_0_175_1004, 473.14, 489.6, 0.00175423
FILLER_0_176_1013, 473.14, 489.6, 0.00175423
FILLER_0_176_1021, 473.14, 489.6, 0.00175423
hold51, 498.74, 489.6, 0.00145538
FILLER_0_175_1061, 498.74, 489.6, 0.00145538
FILLER_0_176_1084, 498.74, 489.6, 0.00145538
FILLER_0_177_1112, 511.54, 489.6, 0.00135168
FILLER_0_175_1117, 524.34, 489.6, 0.00124798
FILLER_0_176_1141, 524.34, 489.6, 0.00124798
FILLER_0_177_1169, 537.14, 489.6, 0.00114428
FILLER_0_176_1197, 549.94, 489.6, 0.00104058
FILLER_0_177_1225, 562.74, 489.6, 0.000936876
FILLER_0_176_1253, 575.54, 489.6, 0.000833176
FILLER_0_175_1281, 601.14, 489.6, 0.000625776
FILLER_0_176_1309, 613.94, 489.6, 0.000522076
FILLER_0_175_1337, 626.74, 489.6, 0.000418376
FILLER_0_175_1393, 652.34, 489.6, 0.000310166
FILLER_0_176_1421, 665.14, 489.6, 0.000305656
FILLER_0_175_1449, 677.94, 489.6, 0.000301146
FILLER_0_176_1477, 690.74, 489.6, 0.000296636
FILLER_0_175_1505, 703.54, 489.6, 0.000292125
FILLER_0_176_1533, 716.34, 489.6, 0.000287615
FILLER_0_175_1561, 729.14, 489.6, 0.000283105
FILLER_0_176_1589, 741.94, 489.6, 0.000278595
FILLER_0_175_1617, 754.74, 489.6, 0.000274085
FILLER_0_176_1645, 767.54, 489.6, 0.000269575
FILLER_0_175_1673, 780.34, 489.6, 0.000265064
FILLER_0_175_1729, 805.94, 489.6, 0.000259053
FILLER_0_176_1757, 818.74, 489.6, 0.000257551
FILLER_0_175_1785, 831.54, 489.6, 0.00025605
FILLER_0_176_1813, 844.34, 489.6, 0.000254549
FILLER_0_175_1841, 857.14, 489.6, 0.000253047
FILLER_0_176_1869, 869.94, 489.6, 0.000251546
FILLER_0_175_1897, 882.74, 489.6, 0.000250045
FILLER_0_176_1925, 895.54, 489.6, 0.000248543
FILLER_0_175_1953, 908.34, 489.6, 0.000247042
FILLER_0_176_1981, 921.14, 489.6, 0.00024554
FILLER_0_175_2009, 933.94, 489.6, 0.000244039
FILLER_0_175_2065, 958.57, 489.6, 0.000242538
FILLER_0_176_2093, 970.4, 489.6, 0.000242538
FILLER_0_175_2121, 982.23, 489.6, 0.000242538
PHY_346, 5.52, 484.16, 0.000677489
PHY_348, 5.52, 484.16, 0.000677489
PHY_347, 994.06, 484.16, 0.000247577
PHY_349, 994.06, 484.16, 0.000247577
output17, 994.06, 484.16, 0.000247577
FILLER_0_173_2141, 994.06, 484.16, 0.000247577
FILLER_0_174_2137, 994.06, 484.16, 0.000247577
FILLER_0_174_77, 37.94, 484.16, 0.000695431
FILLER_0_175_105, 50.74, 484.16, 0.000713372
FILLER_0_174_133, 63.54, 484.16, 0.000731314
FILLER_0_175_161, 76.34, 484.16, 0.000749255
FILLER_0_174_189, 89.14, 484.16, 0.000767196
FILLER_0_175_217, 101.94, 484.16, 0.000785138
FILLER_0_174_245, 114.74, 484.16, 0.000803079
FILLER_0_175_273, 127.54, 484.16, 0.000821021
FILLER_0_174_301, 140.34, 484.16, 0.000838962
FILLER_0_175_329, 153.14, 484.16, 0.000856903
FILLER_0_174_357, 165.94, 484.16, 0.000874845
FILLER_0_174_413, 191.54, 484.16, 0.000946639
FILLER_0_175_441, 204.34, 484.16, 0.00100049
FILLER_0_174_469, 217.14, 484.16, 0.00105434
FILLER_0_175_497, 229.94, 484.16, 0.0011082
FILLER_0_174_525, 242.74, 484.16, 0.00116205
FILLER_0_175_553, 255.54, 484.16, 0.0012159
FILLER_0_174_581, 268.34, 484.16, 0.00126975
FILLER_0_175_609, 281.14, 484.16, 0.00132361
FILLER_0_174_637, 293.94, 484.16, 0.00137746
FILLER_0_175_665, 306.74, 484.16, 0.00143131
FILLER_0_174_693, 319.54, 484.16, 0.00148516
FILLER_0_174_749, 345.14, 484.16, 0.00179524
_0850_, 357.94, 484.16, 0.00205145
_1045_, 357.94, 484.16, 0.00205145
FILLER_0_173_765, 357.94, 484.16, 0.00205145
FILLER_0_174_757, 357.94, 484.16, 0.00205145
FILLER_0_174_766, 357.94, 484.16, 0.00205145
FILLER_0_174_774, 357.94, 484.16, 0.00205145
_0479_, 370.74, 484.16, 0.00228199
_1050_, 370.74, 484.16, 0.00228199
hold5, 370.74, 484.16, 0.00228199
FILLER_0_173_792, 370.74, 484.16, 0.00228199
FILLER_0_174_805, 370.74, 484.16, 0.00228199
_0468_, 383.54, 484.16, 0.00248059
_0868_, 383.54, 484.16, 0.00248059
max_cap25, 383.54, 484.16, 0.00248059
clkbuf_4_5_0_w_clk, 383.54, 484.16, 0.00248059
FILLER_0_173_811, 383.54, 484.16, 0.00248059
FILLER_0_174_824, 383.54, 484.16, 0.00248059
FILLER_0_175_834, 383.54, 484.16, 0.00248059
_0473_, 396.34, 484.16, 0.00260138
_0811_, 396.34, 484.16, 0.00260138
_0871_, 396.34, 484.16, 0.00260138
FILLER_0_173_837, 396.34, 484.16, 0.00260138
_0461_, 409.14, 484.16, 0.00268264
_0587_, 409.14, 484.16, 0.00268264
_0889_, 409.14, 484.16, 0.00268264
FILLER_0_175_887, 409.14, 484.16, 0.00268264
_0624_, 421.94, 484.16, 0.002595
_0642_, 421.94, 484.16, 0.002595
_0591_, 434.74, 484.16, 0.00248226
_0683_, 434.74, 484.16, 0.00248226
_0875_, 434.74, 484.16, 0.00248226
hold67, 434.74, 484.16, 0.00248226
hold103, 434.74, 484.16, 0.00248226
FILLER_0_173_923, 434.74, 484.16, 0.00248226
FILLER_0_174_920, 434.74, 484.16, 0.00248226
FILLER_0_174_925, 434.74, 484.16, 0.00248226
FILLER_0_174_933, 434.74, 484.16, 0.00248226
FILLER_0_175_946, 434.74, 484.16, 0.00248226
FILLER_0_173_947, 447.54, 484.16, 0.00233379
FILLER_0_174_973, 447.54, 484.16, 0.00233379
_0661_, 460.34, 484.16, 0.00218532
_0954_, 460.34, 484.16, 0.00218532
_0962_, 460.34, 484.16, 0.00218532
FILLER_0_173_977, 460.34, 484.16, 0.00218532
FILLER_0_174_981, 460.34, 484.16, 0.00218532
FILLER_0_175_992, 460.34, 484.16, 0.00218532
_0516_, 473.14, 484.16, 0.00198223
_0736_, 473.14, 484.16, 0.00198223
_0986_, 473.14, 484.16, 0.00198223
FILLER_0_173_1003, 473.14, 484.16, 0.00198223
FILLER_0_173_1009, 473.14, 484.16, 0.00198223
FILLER_0_175_1017, 473.14, 484.16, 0.00198223
_0517_, 498.74, 484.16, 0.00170044
_0946_, 498.74, 484.16, 0.00170044
_0915_, 511.54, 484.16, 0.00164097
hold59, 511.54, 484.16, 0.00164097
FILLER_0_175_1109, 511.54, 484.16, 0.00164097
FILLER_0_173_1117, 524.34, 484.16, 0.00151506
FILLER_0_174_1137, 524.34, 484.16, 0.00151506
FILLER_0_174_1145, 537.14, 484.16, 0.00138914
FILLER_0_175_1169, 537.14, 484.16, 0.00138914
FILLER_0_174_1197, 549.94, 484.16, 0.00126323
FILLER_0_175_1225, 562.74, 484.16, 0.00113731
FILLER_0_174_1253, 575.54, 484.16, 0.0010114
FILLER_0_173_1281, 601.14, 484.16, 0.000759566
FILLER_0_174_1309, 613.94, 484.16, 0.000633651
FILLER_0_173_1337, 626.74, 484.16, 0.000507736
FILLER_0_173_1393, 652.34, 484.16, 0.00037284
FILLER_0_174_1421, 665.14, 484.16, 0.000363859
FILLER_0_173_1449, 677.94, 484.16, 0.000354877
FILLER_0_174_1477, 690.74, 484.16, 0.000345896
FILLER_0_173_1505, 703.54, 484.16, 0.000336915
FILLER_0_174_1533, 716.34, 484.16, 0.000327934
FILLER_0_173_1561, 729.14, 484.16, 0.000318953
FILLER_0_174_1589, 741.94, 484.16, 0.000309971
FILLER_0_173_1617, 754.74, 484.16, 0.00030099
FILLER_0_174_1645, 767.54, 484.16, 0.000292009
FILLER_0_173_1673, 780.34, 484.16, 0.000283027
FILLER_0_173_1729, 805.94, 484.16, 0.00027184
FILLER_0_174_1757, 818.74, 484.16, 0.000269635
FILLER_0_173_1785, 831.54, 484.16, 0.000267429
FILLER_0_174_1813, 844.34, 484.16, 0.000265223
FILLER_0_173_1841, 857.14, 484.16, 0.000263017
FILLER_0_174_1869, 869.94, 484.16, 0.000260811
FILLER_0_173_1897, 882.74, 484.16, 0.000258606
FILLER_0_174_1925, 895.54, 484.16, 0.0002564
FILLER_0_173_1953, 908.34, 484.16, 0.000254194
FILLER_0_174_1981, 921.14, 484.16, 0.000251988
FILLER_0_173_2009, 933.94, 484.16, 0.000249782
FILLER_0_173_2065, 958.57, 484.16, 0.000247576
FILLER_0_174_2093, 970.4, 484.16, 0.000247576
FILLER_0_173_2121, 982.23, 484.16, 0.000247576
PHY_342, 5.52, 478.72, 0.000675769
PHY_344, 5.52, 478.72, 0.000675769
PHY_343, 994.06, 478.72, 0.000252399
PHY_345, 994.06, 478.72, 0.000252399
FILLER_0_171_2141, 994.06, 478.72, 0.000252399
FILLER_0_172_2137, 994.06, 478.72, 0.000252399
FILLER_0_172_77, 37.94, 478.72, 0.00069388
FILLER_0_173_105, 50.74, 478.72, 0.000711991
FILLER_0_172_133, 63.54, 478.72, 0.000730102
FILLER_0_173_161, 76.34, 478.72, 0.000748213
FILLER_0_172_189, 89.14, 478.72, 0.000766324
FILLER_0_173_217, 101.94, 478.72, 0.000784435
FILLER_0_172_245, 114.74, 478.72, 0.000802546
FILLER_0_173_273, 127.54, 478.72, 0.000820657
FILLER_0_172_301, 140.34, 478.72, 0.000838768
FILLER_0_173_329, 153.14, 478.72, 0.000856879
FILLER_0_172_357, 165.94, 478.72, 0.000874989
FILLER_0_172_413, 191.54, 478.72, 0.000950104
FILLER_0_173_441, 204.34, 478.72, 0.00100711
FILLER_0_172_469, 217.14, 478.72, 0.00106411
FILLER_0_173_497, 229.94, 478.72, 0.00112111
FILLER_0_172_525, 242.74, 478.72, 0.00117812
FILLER_0_173_553, 255.54, 478.72, 0.00123512
FILLER_0_172_581, 268.34, 478.72, 0.00129212
FILLER_0_173_609, 281.14, 478.72, 0.00134913
FILLER_0_172_637, 293.94, 478.72, 0.00140613
FILLER_0_173_665, 306.74, 478.72, 0.00146313
FILLER_0_172_693, 319.54, 478.72, 0.00152014
FILLER_0_172_749, 345.14, 478.72, 0.00186226
_0849_, 357.94, 478.72, 0.00214738
_1056_, 357.94, 478.72, 0.00214738
FILLER_0_173_779, 357.94, 478.72, 0.00214738
_0481_, 370.74, 478.72, 0.00241426
clkbuf_4_4_0_w_clk, 370.74, 478.72, 0.00241426
FILLER_0_171_781, 370.74, 478.72, 0.00241426
FILLER_0_172_789, 370.74, 478.72, 0.00241426
_0458_, 383.54, 478.72, 0.00262805
_0467_, 383.54, 478.72, 0.00262805
_0808_, 383.54, 478.72, 0.00262805
_0869_, 383.54, 478.72, 0.00262805
FILLER_0_172_813, 383.54, 478.72, 0.00262805
FILLER_0_172_828, 383.54, 478.72, 0.00262805
FILLER_0_173_829, 383.54, 478.72, 0.00262805
_0454_, 396.34, 478.72, 0.00279618
_0471_, 396.34, 478.72, 0.00279618
_0752_, 396.34, 478.72, 0.00279618
FILLER_0_171_841, 396.34, 478.72, 0.00279618
FILLER_0_172_836, 396.34, 478.72, 0.00279618
_0470_, 409.14, 478.72, 0.00292931
_0474_, 409.14, 478.72, 0.00292931
_0586_, 409.14, 478.72, 0.00292931
_0641_, 409.14, 478.72, 0.00292931
_0659_, 409.14, 478.72, 0.00292931
_0660_, 409.14, 478.72, 0.00292931
FILLER_0_171_865, 409.14, 478.72, 0.00292931
FILLER_0_172_886, 409.14, 478.72, 0.00292931
FILLER_0_173_887, 409.14, 478.72, 0.00292931
_0488_, 421.94, 478.72, 0.00295922
_0735_, 421.94, 478.72, 0.00295922
FILLER_0_171_897, 421.94, 478.72, 0.00295922
FILLER_0_172_913, 421.94, 478.72, 0.00295922
_0663_, 434.74, 478.72, 0.00295847
_0955_, 434.74, 478.72, 0.00295847
clkbuf_0_w_clk, 434.74, 478.72, 0.00295847
FILLER_0_172_921, 434.74, 478.72, 0.00295847
FILLER_0_172_945, 434.74, 478.72, 0.00295847
_0527_, 447.54, 478.72, 0.00274116
_0528_, 447.54, 478.72, 0.00274116
_0529_, 447.54, 478.72, 0.00274116
_0892_, 447.54, 478.72, 0.00274116
FILLER_0_171_947, 447.54, 478.72, 0.00274116
_0681_, 460.34, 478.72, 0.00245645
hold20, 460.34, 478.72, 0.00245645
hold92, 460.34, 478.72, 0.00245645
_0682_, 473.14, 478.72, 0.00214605
_0891_, 473.14, 478.72, 0.00214605
_1072_, 473.14, 478.72, 0.00214605
FILLER_0_171_1005, 473.14, 478.72, 0.00214605
_0643_, 498.74, 478.72, 0.00170365
_0644_, 498.74, 478.72, 0.00170365
FILLER_0_173_1083, 498.74, 478.72, 0.00170365
_0530_, 511.54, 478.72, 0.00159489
FILLER_0_173_1109, 511.54, 478.72, 0.00159489
FILLER_0_171_1117, 524.34, 478.72, 0.00147751
FILLER_0_172_1138, 524.34, 478.72, 0.00147751
FILLER_0_173_1169, 537.14, 478.72, 0.00136012
FILLER_0_172_1197, 549.94, 478.72, 0.00124273
FILLER_0_173_1225, 562.74, 478.72, 0.00112535
FILLER_0_172_1253, 575.54, 478.72, 0.00100796
FILLER_0_171_1281, 601.14, 478.72, 0.000773188
FILLER_0_172_1309, 613.94, 478.72, 0.000655802
FILLER_0_171_1337, 626.74, 478.72, 0.000538415
FILLER_0_171_1393, 652.34, 478.72, 0.000409746
FILLER_0_172_1421, 665.14, 478.72, 0.000398462
FILLER_0_171_1449, 677.94, 478.72, 0.000387179
FILLER_0_172_1477, 690.74, 478.72, 0.000375896
FILLER_0_171_1505, 703.54, 478.72, 0.000364612
FILLER_0_172_1533, 716.34, 478.72, 0.000353329
FILLER_0_171_1561, 729.14, 478.72, 0.000342046
FILLER_0_172_1589, 741.94, 478.72, 0.000330762
FILLER_0_171_1617, 754.74, 478.72, 0.000319479
FILLER_0_172_1645, 767.54, 478.72, 0.000308195
FILLER_0_171_1673, 780.34, 478.72, 0.000296912
FILLER_0_171_1729, 805.94, 478.72, 0.00028286
FILLER_0_172_1757, 818.74, 478.72, 0.00028009
FILLER_0_171_1785, 831.54, 478.72, 0.000277321
FILLER_0_172_1813, 844.34, 478.72, 0.000274552
FILLER_0_171_1841, 857.14, 478.72, 0.000271783
FILLER_0_172_1869, 869.94, 478.72, 0.000269014
FILLER_0_171_1897, 882.74, 478.72, 0.000266245
FILLER_0_172_1925, 895.54, 478.72, 0.000263476
FILLER_0_171_1953, 908.34, 478.72, 0.000260707
FILLER_0_172_1981, 921.14, 478.72, 0.000257937
FILLER_0_171_2009, 933.94, 478.72, 0.000255168
FILLER_0_171_2065, 958.57, 478.72, 0.000252399
FILLER_0_172_2093, 970.4, 478.72, 0.000252399
FILLER_0_171_2121, 982.23, 478.72, 0.000252399
PHY_338, 5.52, 473.28, 0.000672634
PHY_340, 5.52, 473.28, 0.000672634
PHY_339, 994.06, 473.28, 0.00025704
PHY_341, 994.06, 473.28, 0.00025704
FILLER_0_169_2141, 994.06, 473.28, 0.00025704
FILLER_0_170_2137, 994.06, 473.28, 0.00025704
FILLER_0_170_77, 37.94, 473.28, 0.000690217
FILLER_0_171_105, 50.74, 473.28, 0.0007078
FILLER_0_170_133, 63.54, 473.28, 0.000725383
FILLER_0_171_161, 76.34, 473.28, 0.000742965
FILLER_0_170_189, 89.14, 473.28, 0.000760548
FILLER_0_171_217, 101.94, 473.28, 0.000778131
FILLER_0_170_245, 114.74, 473.28, 0.000795714
FILLER_0_171_273, 127.54, 473.28, 0.000813297
FILLER_0_170_301, 140.34, 473.28, 0.000830879
FILLER_0_171_329, 153.14, 473.28, 0.000848462
FILLER_0_170_357, 165.94, 473.28, 0.000866045
FILLER_0_170_413, 191.54, 473.28, 0.000932946
FILLER_0_171_441, 204.34, 473.28, 0.000982265
FILLER_0_170_469, 217.14, 473.28, 0.00103158
FILLER_0_171_497, 229.94, 473.28, 0.0010809
FILLER_0_170_525, 242.74, 473.28, 0.00113022
FILLER_0_171_553, 255.54, 473.28, 0.00117954
FILLER_0_170_581, 268.34, 473.28, 0.00122886
FILLER_0_171_609, 281.14, 473.28, 0.00127818
FILLER_0_170_637, 293.94, 473.28, 0.00132749
FILLER_0_171_665, 306.74, 473.28, 0.00137681
FILLER_0_170_693, 319.54, 473.28, 0.00142613
_0810_, 345.14, 473.28, 0.00161373
_1019_, 345.14, 473.28, 0.00161373
FILLER_0_170_749, 345.14, 473.28, 0.00161373
FILLER_0_171_741, 345.14, 473.28, 0.00161373
_0478_, 357.94, 473.28, 0.00171979
FILLER_0_170_769, 357.94, 473.28, 0.00171979
FILLER_0_171_773, 357.94, 473.28, 0.00171979
_0870_, 370.74, 473.28, 0.00182585
hold3, 370.74, 473.28, 0.00182585
FILLER_0_169_781, 370.74, 473.28, 0.00182585
FILLER_0_169_785, 370.74, 473.28, 0.00182585
FILLER_0_171_797, 370.74, 473.28, 0.00182585
FILLER_0_171_804, 370.74, 473.28, 0.00182585
_0466_, 383.54, 473.28, 0.0019159
FILLER_0_170_825, 383.54, 473.28, 0.0019159
_0456_, 396.34, 473.28, 0.00199525
_0462_, 396.34, 473.28, 0.00199525
_0465_, 396.34, 473.28, 0.00199525
_0865_, 396.34, 473.28, 0.00199525
FILLER_0_170_860, 396.34, 473.28, 0.00199525
_0604_, 409.14, 473.28, 0.00203708
_0623_, 409.14, 473.28, 0.00203708
_0678_, 409.14, 473.28, 0.00203708
FILLER_0_169_865, 409.14, 473.28, 0.00203708
FILLER_0_170_888, 409.14, 473.28, 0.00203708
FILLER_0_171_890, 409.14, 473.28, 0.00203708
_0679_, 421.94, 473.28, 0.00205607
_0680_, 421.94, 473.28, 0.00205607
_0684_, 421.94, 473.28, 0.00205607
_0734_, 421.94, 473.28, 0.00205607
FILLER_0_171_916, 421.94, 473.28, 0.00205607
_0664_, 434.74, 473.28, 0.00204982
_0963_, 434.74, 473.28, 0.00204982
_1073_, 434.74, 473.28, 0.00204982
hold113, 434.74, 473.28, 0.00204982
FILLER_0_169_933, 434.74, 473.28, 0.00204982
FILLER_0_170_941, 434.74, 473.28, 0.00204982
_0738_, 447.54, 473.28, 0.00198213
_0987_, 447.54, 473.28, 0.00198213
hold38, 447.54, 473.28, 0.00198213
FILLER_0_169_953, 447.54, 473.28, 0.00198213
_0662_, 460.34, 473.28, 0.00187348
_0760_, 460.34, 473.28, 0.00187348
FILLER_0_169_981, 460.34, 473.28, 0.00187348
FILLER_0_171_991, 460.34, 473.28, 0.00187348
FILLER_0_171_999, 460.34, 473.28, 0.00187348
_0543_, 498.74, 473.28, 0.00156793
_0614_, 498.74, 473.28, 0.00156793
_0531_, 511.54, 473.28, 0.00147276
FILLER_0_170_1088, 511.54, 473.28, 0.00147276
FILLER_0_169_1117, 524.34, 473.28, 0.00137054
FILLER_0_170_1141, 524.34, 473.28, 0.00137054
FILLER_0_171_1169, 537.14, 473.28, 0.00126832
FILLER_0_170_1197, 549.94, 473.28, 0.00116609
FILLER_0_171_1225, 562.74, 473.28, 0.00106387
FILLER_0_170_1253, 575.54, 473.28, 0.00096165
FILLER_0_169_1281, 601.14, 473.28, 0.000757204
FILLER_0_170_1309, 613.94, 473.28, 0.000654982
FILLER_0_169_1337, 626.74, 473.28, 0.000552759
FILLER_0_169_1393, 652.34, 473.28, 0.000437682
FILLER_0_170_1421, 665.14, 473.28, 0.000424827
FILLER_0_169_1449, 677.94, 473.28, 0.000411973
FILLER_0_170_1477, 690.74, 473.28, 0.000399118
FILLER_0_169_1505, 703.54, 473.28, 0.000386263
FILLER_0_170_1533, 716.34, 473.28, 0.000373409
FILLER_0_169_1561, 729.14, 473.28, 0.000360554
FILLER_0_170_1589, 741.94, 473.28, 0.000347699
FILLER_0_169_1617, 754.74, 473.28, 0.000334845
FILLER_0_170_1645, 767.54, 473.28, 0.00032199
FILLER_0_169_1673, 780.34, 473.28, 0.000309135
FILLER_0_169_1729, 805.94, 473.28, 0.000293011
FILLER_0_170_1757, 818.74, 473.28, 0.000289741
FILLER_0_169_1785, 831.54, 473.28, 0.000286471
FILLER_0_170_1813, 844.34, 473.28, 0.000283201
FILLER_0_169_1841, 857.14, 473.28, 0.000279931
FILLER_0_170_1869, 869.94, 473.28, 0.000276661
FILLER_0_169_1897, 882.74, 473.28, 0.000273391
FILLER_0_170_1925, 895.54, 473.28, 0.00027012
FILLER_0_169_1953, 908.34, 473.28, 0.00026685
FILLER_0_170_1981, 921.14, 473.28, 0.00026358
FILLER_0_169_2009, 933.94, 473.28, 0.00026031
FILLER_0_169_2065, 958.57, 473.28, 0.00025704
FILLER_0_170_2093, 970.4, 473.28, 0.00025704
FILLER_0_169_2121, 982.23, 473.28, 0.00025704
PHY_334, 5.52, 467.84, 0.000669143
PHY_336, 5.52, 467.84, 0.000669143
PHY_335, 994.06, 467.84, 0.000261564
PHY_337, 994.06, 467.84, 0.000261564
FILLER_0_167_2141, 994.06, 467.84, 0.000261564
FILLER_0_168_2137, 994.06, 467.84, 0.000261564
FILLER_0_168_77, 37.94, 467.84, 0.000686819
FILLER_0_169_105, 50.74, 467.84, 0.000704496
FILLER_0_168_133, 63.54, 467.84, 0.000722172
FILLER_0_169_161, 76.34, 467.84, 0.000739849
FILLER_0_168_189, 89.14, 467.84, 0.000757525
FILLER_0_169_217, 101.94, 467.84, 0.000775202
FILLER_0_168_245, 114.74, 467.84, 0.000792878
FILLER_0_169_273, 127.54, 467.84, 0.000810555
FILLER_0_168_301, 140.34, 467.84, 0.000828231
FILLER_0_169_329, 153.14, 467.84, 0.000845907
FILLER_0_168_357, 165.94, 467.84, 0.000863584
FILLER_0_168_413, 191.54, 467.84, 0.000934554
FILLER_0_169_441, 204.34, 467.84, 0.000987849
FILLER_0_168_469, 217.14, 467.84, 0.00104114
FILLER_0_169_497, 229.94, 467.84, 0.00109444
FILLER_0_168_525, 242.74, 467.84, 0.00114773
FILLER_0_169_553, 255.54, 467.84, 0.00120103
FILLER_0_168_581, 268.34, 467.84, 0.00125432
FILLER_0_169_609, 281.14, 467.84, 0.00130761
FILLER_0_168_637, 293.94, 467.84, 0.00136091
FILLER_0_169_665, 306.74, 467.84, 0.0014142
FILLER_0_168_693, 319.54, 467.84, 0.0014675
_1032_, 345.14, 467.84, 0.00171749
hold137, 345.14, 467.84, 0.00171749
FILLER_0_168_737, 345.14, 467.84, 0.00171749
_0809_, 357.94, 467.84, 0.0018976
_1037_, 357.94, 467.84, 0.0018976
_1042_, 357.94, 467.84, 0.0018976
FILLER_0_167_753, 357.94, 467.84, 0.0018976
FILLER_0_167_761, 357.94, 467.84, 0.0018976
FILLER_0_168_766, 357.94, 467.84, 0.0018976
_1047_, 370.74, 467.84, 0.00203502
_1063_, 370.74, 467.84, 0.00203502
_0457_, 383.54, 467.84, 0.00211224
_0464_, 383.54, 467.84, 0.00211224
FILLER_0_167_821, 383.54, 467.84, 0.00211224
FILLER_0_169_832, 383.54, 467.84, 0.00211224
_0866_, 396.34, 467.84, 0.0021706
_0486_, 409.14, 467.84, 0.0022193
_0489_, 409.14, 467.84, 0.0022193
_0769_, 409.14, 467.84, 0.0022193
_0888_, 409.14, 467.84, 0.0022193
FILLER_0_168_865, 409.14, 467.84, 0.0022193
FILLER_0_168_881, 409.14, 467.84, 0.0022193
_0605_, 421.94, 467.84, 0.0022308
_0698_, 421.94, 467.84, 0.0022308
_0699_, 421.94, 467.84, 0.0022308
_0716_, 421.94, 467.84, 0.0022308
FILLER_0_168_915, 421.94, 467.84, 0.0022308
_0893_, 434.74, 467.84, 0.00218458
FILLER_0_167_930, 434.74, 467.84, 0.00218458
FILLER_0_169_945, 434.74, 467.84, 0.00218458
_0709_, 447.54, 467.84, 0.00213356
_0739_, 447.54, 467.84, 0.00213356
FILLER_0_167_949, 447.54, 467.84, 0.00213356
FILLER_0_168_973, 447.54, 467.84, 0.00213356
_0541_, 460.34, 467.84, 0.00207117
_0759_, 460.34, 467.84, 0.00207117
_0796_, 460.34, 467.84, 0.00207117
_0997_, 460.34, 467.84, 0.00207117
hold21, 460.34, 467.84, 0.00207117
hold52, 460.34, 467.84, 0.00207117
FILLER_0_168_998, 460.34, 467.84, 0.00207117
_0497_, 473.14, 467.84, 0.00193167
_0826_, 473.14, 467.84, 0.00193167
hold58, 473.14, 467.84, 0.00193167
FILLER_0_168_1026, 473.14, 467.84, 0.00193167
_0706_, 498.74, 467.84, 0.0017355
_0933_, 498.74, 467.84, 0.0017355
_0973_, 498.74, 467.84, 0.0017355
hold83, 498.74, 467.84, 0.0017355
FILLER_0_167_1065, 498.74, 467.84, 0.0017355
hold108, 511.54, 467.84, 0.00163159
FILLER_0_168_1141, 524.34, 467.84, 0.00151798
FILLER_0_169_1169, 537.14, 467.84, 0.00140438
FILLER_0_168_1197, 549.94, 467.84, 0.00129077
FILLER_0_169_1225, 562.74, 467.84, 0.00117716
FILLER_0_168_1253, 575.54, 467.84, 0.00106356
FILLER_0_167_1281, 601.14, 467.84, 0.000836346
FILLER_0_168_1309, 613.94, 467.84, 0.00072274
FILLER_0_167_1337, 626.74, 467.84, 0.000609134
FILLER_0_167_1393, 652.34, 467.84, 0.000479852
FILLER_0_168_1421, 665.14, 467.84, 0.000464176
FILLER_0_167_1449, 677.94, 467.84, 0.000448499
FILLER_0_168_1477, 690.74, 467.84, 0.000432823
FILLER_0_167_1505, 703.54, 467.84, 0.000417147
FILLER_0_168_1533, 716.34, 467.84, 0.00040147
FILLER_0_167_1561, 729.14, 467.84, 0.000385794
FILLER_0_168_1589, 741.94, 467.84, 0.000370117
FILLER_0_167_1617, 754.74, 467.84, 0.000354441
FILLER_0_168_1645, 767.54, 467.84, 0.000338764
FILLER_0_167_1673, 780.34, 467.84, 0.000323088
FILLER_0_167_1729, 805.94, 467.84, 0.000303591
FILLER_0_168_1757, 818.74, 467.84, 0.00029977
FILLER_0_167_1785, 831.54, 467.84, 0.00029595
FILLER_0_168_1813, 844.34, 467.84, 0.000292129
FILLER_0_167_1841, 857.14, 467.84, 0.000288308
FILLER_0_168_1869, 869.94, 467.84, 0.000284488
FILLER_0_167_1897, 882.74, 467.84, 0.000280667
FILLER_0_168_1925, 895.54, 467.84, 0.000276846
FILLER_0_167_1953, 908.34, 467.84, 0.000273026
FILLER_0_168_1981, 921.14, 467.84, 0.000269205
FILLER_0_167_2009, 933.94, 467.84, 0.000265384
FILLER_0_167_2065, 958.57, 467.84, 0.000261564
FILLER_0_168_2093, 970.4, 467.84, 0.000261564
FILLER_0_167_2121, 982.23, 467.84, 0.000261564
PHY_330, 5.52, 462.4, 0.000664613
PHY_332, 5.52, 462.4, 0.000664613
PHY_331, 994.06, 462.4, 0.000265817
PHY_333, 994.06, 462.4, 0.000265817
FILLER_0_165_2141, 994.06, 462.4, 0.000265817
FILLER_0_166_2137, 994.06, 462.4, 0.000265817
FILLER_0_166_77, 37.94, 462.4, 0.000682139
FILLER_0_167_105, 50.74, 462.4, 0.000699664
FILLER_0_166_133, 63.54, 462.4, 0.00071719
FILLER_0_167_161, 76.34, 462.4, 0.000734715
FILLER_0_166_189, 89.14, 462.4, 0.000752241
FILLER_0_167_217, 101.94, 462.4, 0.000769767
FILLER_0_166_245, 114.74, 462.4, 0.000787292
FILLER_0_167_273, 127.54, 462.4, 0.000804818
FILLER_0_166_301, 140.34, 462.4, 0.000822343
FILLER_0_167_329, 153.14, 462.4, 0.000839869
FILLER_0_166_357, 165.94, 462.4, 0.000857394
FILLER_0_166_413, 191.54, 462.4, 0.000929046
FILLER_0_167_441, 204.34, 462.4, 0.000983173
FILLER_0_166_469, 217.14, 462.4, 0.0010373
FILLER_0_167_497, 229.94, 462.4, 0.00109143
FILLER_0_166_525, 242.74, 462.4, 0.00114555
FILLER_0_167_553, 255.54, 462.4, 0.00119968
FILLER_0_166_581, 268.34, 462.4, 0.0012538
FILLER_0_167_609, 281.14, 462.4, 0.00130793
FILLER_0_166_637, 293.94, 462.4, 0.00136206
FILLER_0_167_665, 306.74, 462.4, 0.00141618
FILLER_0_166_693, 319.54, 462.4, 0.00147031
FILLER_0_166_749, 345.14, 462.4, 0.00173185
hold135, 357.94, 462.4, 0.00193926
FILLER_0_166_757, 357.94, 462.4, 0.00193926
_0463_, 383.54, 462.4, 0.00233431
_0863_, 383.54, 462.4, 0.00233431
_0864_, 383.54, 462.4, 0.00233431
_1061_, 383.54, 462.4, 0.00233431
FILLER_0_166_830, 383.54, 462.4, 0.00233431
_0867_, 396.34, 462.4, 0.0024596
_1062_, 396.34, 462.4, 0.0024596
FILLER_0_166_861, 396.34, 462.4, 0.0024596
FILLER_0_167_854, 396.34, 462.4, 0.0024596
FILLER_0_167_862, 396.34, 462.4, 0.0024596
_0484_, 409.14, 462.4, 0.0025378
_0485_, 409.14, 462.4, 0.0025378
_0697_, 409.14, 462.4, 0.0025378
_0770_, 409.14, 462.4, 0.0025378
_0818_, 409.14, 462.4, 0.0025378
FILLER_0_165_875, 409.14, 462.4, 0.0025378
FILLER_0_167_883, 409.14, 462.4, 0.0025378
_0606_, 421.94, 462.4, 0.00253558
_0717_, 421.94, 462.4, 0.00253558
_0817_, 421.94, 462.4, 0.00253558
FILLER_0_166_916, 421.94, 462.4, 0.00253558
_0616_, 434.74, 462.4, 0.00246662
_0727_, 434.74, 462.4, 0.00246662
_0934_, 434.74, 462.4, 0.00246662
hold37, 434.74, 462.4, 0.00246662
FILLER_0_167_941, 434.74, 462.4, 0.00246662
_0551_, 447.54, 462.4, 0.00235312
_0708_, 447.54, 462.4, 0.00235312
FILLER_0_165_948, 447.54, 462.4, 0.00235312
FILLER_0_166_954, 447.54, 462.4, 0.00235312
FILLER_0_166_969, 447.54, 462.4, 0.00235312
_0496_, 460.34, 462.4, 0.00220943
_0795_, 460.34, 462.4, 0.00220943
_0909_, 460.34, 462.4, 0.00220943
_1013_, 460.34, 462.4, 0.00220943
FILLER_0_166_977, 460.34, 462.4, 0.00220943
FILLER_0_166_997, 460.34, 462.4, 0.00220943
_0825_, 473.14, 462.4, 0.00200483
_1026_, 473.14, 462.4, 0.00200483
FILLER_0_165_1009, 473.14, 462.4, 0.00200483
FILLER_0_166_1027, 473.14, 462.4, 0.00200483
_0613_, 498.74, 462.4, 0.0016803
_0707_, 498.74, 462.4, 0.0016803
FILLER_0_166_1061, 498.74, 462.4, 0.0016803
FILLER_0_166_1070, 498.74, 462.4, 0.0016803
FILLER_0_166_1084, 498.74, 462.4, 0.0016803
FILLER_0_166_1141, 524.34, 462.4, 0.00146962
FILLER_0_167_1169, 537.14, 462.4, 0.00136429
FILLER_0_166_1197, 549.94, 462.4, 0.00125895
FILLER_0_167_1225, 562.74, 462.4, 0.00115361
FILLER_0_166_1253, 575.54, 462.4, 0.00104828
FILLER_0_165_1281, 601.14, 462.4, 0.000837604
FILLER_0_166_1309, 613.94, 462.4, 0.000732268
FILLER_0_165_1337, 626.74, 462.4, 0.000626931
FILLER_0_165_1393, 652.34, 462.4, 0.00050454
FILLER_0_166_1421, 665.14, 462.4, 0.000487485
FILLER_0_165_1449, 677.94, 462.4, 0.00047043
FILLER_0_166_1477, 690.74, 462.4, 0.000453375
FILLER_0_165_1505, 703.54, 462.4, 0.000436319
FILLER_0_166_1533, 716.34, 462.4, 0.000419264
FILLER_0_165_1561, 729.14, 462.4, 0.000402209
FILLER_0_166_1589, 741.94, 462.4, 0.000385154
FILLER_0_165_1617, 754.74, 462.4, 0.000368099
FILLER_0_166_1645, 767.54, 462.4, 0.000351044
FILLER_0_165_1673, 780.34, 462.4, 0.000333988
FILLER_0_165_1729, 805.94, 462.4, 0.000312674
FILLER_0_166_1757, 818.74, 462.4, 0.000308414
FILLER_0_165_1785, 831.54, 462.4, 0.000304154
FILLER_0_166_1813, 844.34, 462.4, 0.000299894
FILLER_0_165_1841, 857.14, 462.4, 0.000295635
FILLER_0_166_1869, 869.94, 462.4, 0.000291375
FILLER_0_165_1897, 882.74, 462.4, 0.000287115
FILLER_0_166_1925, 895.54, 462.4, 0.000282856
FILLER_0_165_1953, 908.34, 462.4, 0.000278596
FILLER_0_166_1981, 921.14, 462.4, 0.000274336
FILLER_0_165_2009, 933.94, 462.4, 0.000270076
FILLER_0_165_2065, 958.57, 462.4, 0.000265816
FILLER_0_166_2093, 970.4, 462.4, 0.000265817
FILLER_0_165_2121, 982.23, 462.4, 0.000265817
PHY_326, 5.52, 456.96, 0.000659117
PHY_328, 5.52, 456.96, 0.000659117
PHY_327, 994.06, 456.96, 0.000269854
PHY_329, 994.06, 456.96, 0.000269854
FILLER_0_163_2141, 994.06, 456.96, 0.000269854
FILLER_0_164_2137, 994.06, 456.96, 0.000269854
FILLER_0_164_77, 37.94, 456.96, 0.000676331
FILLER_0_165_105, 50.74, 456.96, 0.000693545
FILLER_0_164_133, 63.54, 456.96, 0.000710759
FILLER_0_165_161, 76.34, 456.96, 0.000727973
FILLER_0_164_189, 89.14, 456.96, 0.000745187
FILLER_0_165_217, 101.94, 456.96, 0.0007624
FILLER_0_164_245, 114.74, 456.96, 0.000779614
FILLER_0_165_273, 127.54, 456.96, 0.000796828
FILLER_0_164_301, 140.34, 456.96, 0.000814042
FILLER_0_165_329, 153.14, 456.96, 0.000831256
FILLER_0_164_357, 165.94, 456.96, 0.000848469
FILLER_0_164_413, 191.54, 456.96, 0.00091902
FILLER_0_165_441, 204.34, 456.96, 0.000972357
FILLER_0_164_469, 217.14, 456.96, 0.00102569
FILLER_0_165_497, 229.94, 456.96, 0.00107903
FILLER_0_164_525, 242.74, 456.96, 0.00113237
FILLER_0_165_553, 255.54, 456.96, 0.00118571
FILLER_0_164_581, 268.34, 456.96, 0.00123904
FILLER_0_165_609, 281.14, 456.96, 0.00129238
FILLER_0_164_637, 293.94, 456.96, 0.00134572
FILLER_0_165_665, 306.74, 456.96, 0.00139905
FILLER_0_164_693, 319.54, 456.96, 0.00145239
_1018_, 345.14, 456.96, 0.00170304
FILLER_0_164_749, 345.14, 456.96, 0.00170304
FILLER_0_165_741, 345.14, 456.96, 0.00170304
_0806_, 357.94, 456.96, 0.00187765
_0807_, 357.94, 456.96, 0.00187765
_1031_, 357.94, 456.96, 0.00187765
_1036_, 357.94, 456.96, 0.00187765
fanout27, 357.94, 456.96, 0.00187765
FILLER_0_164_757, 357.94, 456.96, 0.00187765
FILLER_0_164_770, 357.94, 456.96, 0.00187765
FILLER_0_165_768, 357.94, 456.96, 0.00187765
_0480_, 370.74, 456.96, 0.00201483
FILLER_0_164_802, 370.74, 456.96, 0.00201483
FILLER_0_165_797, 370.74, 456.96, 0.00201483
FILLER_0_165_805, 370.74, 456.96, 0.00201483
_0469_, 383.54, 456.96, 0.00215201
_0862_, 383.54, 456.96, 0.00215201
_1046_, 383.54, 456.96, 0.00215201
FILLER_0_164_813, 383.54, 456.96, 0.00215201
FILLER_0_164_829, 383.54, 456.96, 0.00215201
FILLER_0_165_831, 383.54, 456.96, 0.00215201
_0475_, 396.34, 456.96, 0.00224824
_0805_, 396.34, 456.96, 0.00224824
_1060_, 396.34, 456.96, 0.00224824
FILLER_0_163_837, 396.34, 456.96, 0.00224824
FILLER_0_164_853, 396.34, 456.96, 0.00224824
FILLER_0_165_853, 396.34, 456.96, 0.00224824
_0487_, 409.14, 456.96, 0.00227133
_0677_, 409.14, 456.96, 0.00227133
_0787_, 409.14, 456.96, 0.00227133
FILLER_0_164_864, 409.14, 456.96, 0.00227133
_0788_, 421.94, 456.96, 0.00228115
FILLER_0_163_893, 421.94, 456.96, 0.00228115
_0615_, 434.74, 456.96, 0.00227621
_0726_, 434.74, 456.96, 0.00227621
_0982_, 434.74, 456.96, 0.00227621
hold78, 434.74, 456.96, 0.00227621
FILLER_0_163_921, 434.74, 456.96, 0.00227621
FILLER_0_164_921, 434.74, 456.96, 0.00227621
_0780_, 447.54, 456.96, 0.00222089
_0974_, 447.54, 456.96, 0.00222089
hold27, 447.54, 456.96, 0.00222089
FILLER_0_164_949, 447.54, 456.96, 0.00222089
FILLER_0_164_971, 447.54, 456.96, 0.00222089
_0764_, 460.34, 456.96, 0.00212684
clkbuf_4_9_0_w_clk, 460.34, 456.96, 0.00212684
hold11, 460.34, 456.96, 0.00212684
FILLER_0_163_977, 460.34, 456.96, 0.00212684
FILLER_0_164_981, 460.34, 456.96, 0.00212684
FILLER_0_165_993, 460.34, 456.96, 0.00212684
hold45, 473.14, 456.96, 0.00196285
FILLER_0_164_1026, 473.14, 456.96, 0.00196285
_0618_, 498.74, 456.96, 0.00171066
_0711_, 498.74, 456.96, 0.00171066
_0729_, 498.74, 456.96, 0.00171066
FILLER_0_163_1065, 498.74, 456.96, 0.00171066
FILLER_0_164_1084, 498.74, 456.96, 0.00171066
hold130, 511.54, 456.96, 0.00161383
FILLER_0_165_1113, 511.54, 456.96, 0.00161383
FILLER_0_164_1141, 524.34, 456.96, 0.0015075
FILLER_0_165_1169, 537.14, 456.96, 0.00140116
FILLER_0_164_1197, 549.94, 456.96, 0.00129482
FILLER_0_165_1225, 562.74, 456.96, 0.00118849
FILLER_0_164_1253, 575.54, 456.96, 0.00108215
FILLER_0_163_1281, 601.14, 456.96, 0.000869476
FILLER_0_164_1309, 613.94, 456.96, 0.00076314
FILLER_0_163_1337, 626.74, 456.96, 0.000656803
FILLER_0_163_1393, 652.34, 456.96, 0.000531765
FILLER_0_164_1421, 665.14, 456.96, 0.000513065
FILLER_0_163_1449, 677.94, 456.96, 0.000494365
FILLER_0_164_1477, 690.74, 456.96, 0.000475664
FILLER_0_163_1505, 703.54, 456.96, 0.000456964
FILLER_0_164_1533, 716.34, 456.96, 0.000438264
FILLER_0_163_1561, 729.14, 456.96, 0.000419563
FILLER_0_164_1589, 741.94, 456.96, 0.000400863
FILLER_0_163_1617, 754.74, 456.96, 0.000382163
FILLER_0_164_1645, 767.54, 456.96, 0.000363462
FILLER_0_163_1673, 780.34, 456.96, 0.000344762
FILLER_0_163_1729, 805.94, 456.96, 0.000321378
FILLER_0_164_1757, 818.74, 456.96, 0.000316694
FILLER_0_163_1785, 831.54, 456.96, 0.00031201
FILLER_0_164_1813, 844.34, 456.96, 0.000307326
FILLER_0_163_1841, 857.14, 456.96, 0.000302642
FILLER_0_164_1869, 869.94, 456.96, 0.000297958
FILLER_0_163_1897, 882.74, 456.96, 0.000293274
FILLER_0_164_1925, 895.54, 456.96, 0.00028859
FILLER_0_163_1953, 908.34, 456.96, 0.000283906
FILLER_0_164_1981, 921.14, 456.96, 0.000279222
FILLER_0_163_2009, 933.94, 456.96, 0.000274538
FILLER_0_163_2065, 958.57, 456.96, 0.000269854
FILLER_0_164_2093, 970.4, 456.96, 0.000269854
FILLER_0_163_2121, 982.23, 456.96, 0.000269854
PHY_322, 5.52, 451.52, 0.000652617
PHY_324, 5.52, 451.52, 0.000652617
PHY_323, 994.06, 451.52, 0.000273678
PHY_325, 994.06, 451.52, 0.000273678
FILLER_0_161_2141, 994.06, 451.52, 0.000273678
FILLER_0_162_2137, 994.06, 451.52, 0.000273678
FILLER_0_162_77, 37.94, 451.52, 0.00066929
FILLER_0_163_105, 50.74, 451.52, 0.000685962
FILLER_0_162_133, 63.54, 451.52, 0.000702635
FILLER_0_163_161, 76.34, 451.52, 0.000719307
FILLER_0_162_189, 89.14, 451.52, 0.00073598
FILLER_0_163_217, 101.94, 451.52, 0.000752652
FILLER_0_162_245, 114.74, 451.52, 0.000769324
FILLER_0_163_273, 127.54, 451.52, 0.000785997
FILLER_0_162_301, 140.34, 451.52, 0.000802669
FILLER_0_163_329, 153.14, 451.52, 0.000819342
FILLER_0_162_357, 165.94, 451.52, 0.000836014
FILLER_0_162_413, 191.54, 451.52, 0.00090241
FILLER_0_163_441, 204.34, 451.52, 0.000952133
FILLER_0_162_469, 217.14, 451.52, 0.00100186
FILLER_0_163_497, 229.94, 451.52, 0.00105158
FILLER_0_162_525, 242.74, 451.52, 0.0011013
FILLER_0_163_553, 255.54, 451.52, 0.00115103
FILLER_0_162_581, 268.34, 451.52, 0.00120075
FILLER_0_163_609, 281.14, 451.52, 0.00125047
FILLER_0_162_637, 293.94, 451.52, 0.00130019
FILLER_0_163_665, 306.74, 451.52, 0.00134992
FILLER_0_162_693, 319.54, 451.52, 0.00139964
FILLER_0_162_749, 345.14, 451.52, 0.00159439
FILLER_0_163_780, 357.94, 451.52, 0.00173942
_1041_, 370.74, 451.52, 0.00188444
FILLER_0_162_781, 370.74, 451.52, 0.00188444
FILLER_0_162_789, 370.74, 451.52, 0.00188444
hold1, 383.54, 451.52, 0.00200897
FILLER_0_163_829, 383.54, 451.52, 0.00200897
FILLER_0_162_857, 396.34, 451.52, 0.00212379
_0453_, 409.14, 451.52, 0.00223862
_0786_, 409.14, 451.52, 0.00223862
_1009_, 409.14, 451.52, 0.00223862
FILLER_0_162_865, 409.14, 451.52, 0.00223862
FILLER_0_163_885, 409.14, 451.52, 0.00223862
_0622_, 421.94, 451.52, 0.002292
_0715_, 421.94, 451.52, 0.002292
_0937_, 421.94, 451.52, 0.002292
hold12, 421.94, 451.52, 0.002292
FILLER_0_162_899, 421.94, 451.52, 0.002292
FILLER_0_162_911, 421.94, 451.52, 0.002292
_0779_, 434.74, 451.52, 0.00229979
FILLER_0_162_937, 434.74, 451.52, 0.00229979
_0552_, 447.54, 451.52, 0.00230058
_0556_, 447.54, 451.52, 0.00230058
hold70, 447.54, 451.52, 0.00230058
_0800_, 460.34, 451.52, 0.00225288
clkbuf_4_8_0_w_clk, 460.34, 451.52, 0.00225288
hold80, 460.34, 451.52, 0.00225288
FILLER_0_162_984, 460.34, 451.52, 0.00225288
FILLER_0_163_1000, 460.34, 451.52, 0.00225288
_0501_, 473.14, 451.52, 0.00211837
_0561_, 473.14, 451.52, 0.00211837
_0728_, 473.14, 451.52, 0.00211837
_0830_, 473.14, 451.52, 0.00211837
_1028_, 473.14, 451.52, 0.00211837
hold114, 473.14, 451.52, 0.00211837
FILLER_0_162_1023, 473.14, 451.52, 0.00211837
FILLER_0_163_1017, 473.14, 451.52, 0.00211837
_0710_, 498.74, 451.52, 0.00191331
_0935_, 498.74, 451.52, 0.00191331
_0975_, 498.74, 451.52, 0.00191331
hold87, 498.74, 451.52, 0.00191331
FILLER_0_161_1065, 498.74, 451.52, 0.00191331
_0558_, 511.54, 451.52, 0.00185058
_0617_, 511.54, 451.52, 0.00185058
_0918_, 511.54, 451.52, 0.00185058
FILLER_0_163_1112, 511.54, 451.52, 0.00185058
FILLER_0_161_1117, 524.34, 451.52, 0.00172444
FILLER_0_162_1138, 524.34, 451.52, 0.00172444
FILLER_0_163_1169, 537.14, 451.52, 0.0015983
FILLER_0_162_1197, 549.94, 451.52, 0.00147216
FILLER_0_163_1225, 562.74, 451.52, 0.00134602
FILLER_0_162_1253, 575.54, 451.52, 0.00121988
FILLER_0_161_1281, 601.14, 451.52, 0.000967604
FILLER_0_162_1309, 613.94, 451.52, 0.000841465
FILLER_0_161_1337, 626.74, 451.52, 0.000715325
FILLER_0_161_1393, 652.34, 451.52, 0.000568015
FILLER_0_162_1421, 665.14, 451.52, 0.000546846
FILLER_0_161_1449, 677.94, 451.52, 0.000525676
FILLER_0_162_1477, 690.74, 451.52, 0.000504507
FILLER_0_161_1505, 703.54, 451.52, 0.000483337
FILLER_0_162_1533, 716.34, 451.52, 0.000462168
FILLER_0_161_1561, 729.14, 451.52, 0.000440998
FILLER_0_162_1589, 741.94, 451.52, 0.000419829
FILLER_0_161_1617, 754.74, 451.52, 0.000398659
FILLER_0_162_1645, 767.54, 451.52, 0.00037749
FILLER_0_161_1673, 780.34, 451.52, 0.00035632
FILLER_0_161_1729, 805.94, 451.52, 0.000330028
FILLER_0_162_1757, 818.74, 451.52, 0.000324905
FILLER_0_161_1785, 831.54, 451.52, 0.000319782
FILLER_0_162_1813, 844.34, 451.52, 0.00031466
FILLER_0_161_1841, 857.14, 451.52, 0.000309537
FILLER_0_162_1869, 869.94, 451.52, 0.000304414
FILLER_0_161_1897, 882.74, 451.52, 0.000299291
FILLER_0_162_1925, 895.54, 451.52, 0.000294169
FILLER_0_161_1953, 908.34, 451.52, 0.000289046
FILLER_0_162_1981, 921.14, 451.52, 0.000283923
FILLER_0_161_2009, 933.94, 451.52, 0.0002788
FILLER_0_161_2065, 958.57, 451.52, 0.000273678
FILLER_0_162_2093, 970.4, 451.52, 0.000273678
FILLER_0_161_2121, 982.23, 451.52, 0.000273678
PHY_318, 5.52, 446.08, 0.000645379
PHY_320, 5.52, 446.08, 0.000645379
PHY_319, 994.06, 446.08, 0.000277077
PHY_321, 994.06, 446.08, 0.000277077
FILLER_0_159_2141, 994.06, 446.08, 0.000277077
FILLER_0_160_2137, 994.06, 446.08, 0.000277077
FILLER_0_160_77, 37.94, 446.08, 0.000661588
FILLER_0_161_105, 50.74, 446.08, 0.000677798
FILLER_0_160_133, 63.54, 446.08, 0.000694007
FILLER_0_161_161, 76.34, 446.08, 0.000710217
FILLER_0_160_189, 89.14, 446.08, 0.000726426
FILLER_0_161_217, 101.94, 446.08, 0.000742635
FILLER_0_160_245, 114.74, 446.08, 0.000758845
FILLER_0_161_273, 127.54, 446.08, 0.000775054
FILLER_0_160_301, 140.34, 446.08, 0.000791264
FILLER_0_161_329, 153.14, 446.08, 0.000807473
FILLER_0_160_357, 165.94, 446.08, 0.000823683
FILLER_0_160_413, 191.54, 446.08, 0.000888365
FILLER_0_161_441, 204.34, 446.08, 0.000936838
FILLER_0_160_469, 217.14, 446.08, 0.000985311
FILLER_0_161_497, 229.94, 446.08, 0.00103378
FILLER_0_160_525, 242.74, 446.08, 0.00108226
FILLER_0_161_553, 255.54, 446.08, 0.00113073
FILLER_0_160_581, 268.34, 446.08, 0.0011792
FILLER_0_161_609, 281.14, 446.08, 0.00122768
FILLER_0_160_637, 293.94, 446.08, 0.00127615
FILLER_0_161_665, 306.74, 446.08, 0.00132462
FILLER_0_160_693, 319.54, 446.08, 0.0013731
FILLER_0_160_749, 345.14, 446.08, 0.00155908
FILLER_0_161_777, 357.94, 446.08, 0.00169659
_0845_, 370.74, 446.08, 0.0018341
_0846_, 370.74, 446.08, 0.0018341
_1055_, 370.74, 446.08, 0.0018341
FILLER_0_159_785, 370.74, 446.08, 0.0018341
FILLER_0_160_781, 370.74, 446.08, 0.0018341
FILLER_0_160_806, 370.74, 446.08, 0.0018341
_0768_, 383.54, 446.08, 0.00195032
_0804_, 383.54, 446.08, 0.00195032
_0844_, 383.54, 446.08, 0.00195032
FILLER_0_159_818, 383.54, 446.08, 0.00195032
FILLER_0_160_813, 383.54, 446.08, 0.00195032
FILLER_0_161_831, 383.54, 446.08, 0.00195032
_0505_, 396.34, 446.08, 0.00205698
_0834_, 396.34, 446.08, 0.00205698
_0913_, 396.34, 446.08, 0.00205698
hold7, 396.34, 446.08, 0.00205698
FILLER_0_160_848, 396.34, 446.08, 0.00205698
FILLER_0_160_855, 396.34, 446.08, 0.00205698
FILLER_0_161_853, 396.34, 446.08, 0.00205698
FILLER_0_161_861, 396.34, 446.08, 0.00205698
_0733_, 409.14, 446.08, 0.00212026
_0785_, 409.14, 446.08, 0.00212026
hold23, 409.14, 446.08, 0.00212026
FILLER_0_160_869, 409.14, 446.08, 0.00212026
FILLER_0_160_891, 409.14, 446.08, 0.00212026
_0578_, 421.94, 446.08, 0.00216074
_0621_, 421.94, 446.08, 0.00216074
_0714_, 421.94, 446.08, 0.00216074
hold30, 421.94, 446.08, 0.00216074
FILLER_0_159_905, 421.94, 446.08, 0.00216074
_1006_, 434.74, 446.08, 0.00215111
hold61, 434.74, 446.08, 0.00215111
FILLER_0_160_945, 434.74, 446.08, 0.00215111
_0610_, 447.54, 446.08, 0.00210789
_0999_, 447.54, 446.08, 0.00210789
_1015_, 447.54, 446.08, 0.00210789
FILLER_0_160_954, 447.54, 446.08, 0.00210789
_0559_, 460.34, 446.08, 0.00201159
_0763_, 460.34, 446.08, 0.00201159
_0799_, 460.34, 446.08, 0.00201159
_0829_, 460.34, 446.08, 0.00201159
hold109, 460.34, 446.08, 0.00201159
FILLER_0_159_977, 460.34, 446.08, 0.00201159
FILLER_0_160_990, 460.34, 446.08, 0.00201159
_0500_, 473.14, 446.08, 0.00186279
hold102, 473.14, 446.08, 0.00186279
FILLER_0_161_1025, 473.14, 446.08, 0.00186279
FILLER_0_160_1085, 498.74, 446.08, 0.00161218
_0557_, 511.54, 446.08, 0.00152726
FILLER_0_160_1093, 511.54, 446.08, 0.00152726
FILLER_0_160_1142, 537.14, 446.08, 0.00133881
FILLER_0_161_1169, 537.14, 446.08, 0.00133881
FILLER_0_160_1197, 549.94, 446.08, 0.00124459
FILLER_0_161_1225, 562.74, 446.08, 0.00115037
FILLER_0_160_1253, 575.54, 446.08, 0.00105615
FILLER_0_159_1281, 601.14, 446.08, 0.000867703
FILLER_0_160_1309, 613.94, 446.08, 0.000773481
FILLER_0_159_1337, 626.74, 446.08, 0.000679259
FILLER_0_159_1393, 652.34, 446.08, 0.000564706
FILLER_0_160_1421, 665.14, 446.08, 0.000544375
FILLER_0_159_1449, 677.94, 446.08, 0.000524044
FILLER_0_160_1477, 690.74, 446.08, 0.000503713
FILLER_0_159_1505, 703.54, 446.08, 0.000483382
FILLER_0_160_1533, 716.34, 446.08, 0.000463051
FILLER_0_159_1561, 729.14, 446.08, 0.00044272
FILLER_0_160_1589, 741.94, 446.08, 0.000422389
FILLER_0_159_1617, 754.74, 446.08, 0.000402058
FILLER_0_160_1645, 767.54, 446.08, 0.000381727
FILLER_0_159_1673, 780.34, 446.08, 0.000361396
FILLER_0_159_1729, 805.94, 446.08, 0.000335732
FILLER_0_160_1757, 818.74, 446.08, 0.0003304
FILLER_0_159_1785, 831.54, 446.08, 0.000325068
FILLER_0_160_1813, 844.34, 446.08, 0.000319735
FILLER_0_159_1841, 857.14, 446.08, 0.000314403
FILLER_0_160_1869, 869.94, 446.08, 0.000309071
FILLER_0_159_1897, 882.74, 446.08, 0.000303738
FILLER_0_160_1925, 895.54, 446.08, 0.000298406
FILLER_0_159_1953, 908.34, 446.08, 0.000293074
FILLER_0_160_1981, 921.14, 446.08, 0.000287741
FILLER_0_159_2009, 933.94, 446.08, 0.000282409
FILLER_0_159_2065, 958.57, 446.08, 0.000277077
FILLER_0_160_2093, 970.4, 446.08, 0.000277077
FILLER_0_159_2121, 982.23, 446.08, 0.000277077
PHY_314, 5.52, 440.64, 0.000637531
PHY_316, 5.52, 440.64, 0.000637531
PHY_315, 994.06, 440.64, 0.000280292
PHY_317, 994.06, 440.64, 0.000280292
FILLER_0_157_2141, 994.06, 440.64, 0.000280292
FILLER_0_158_2137, 994.06, 440.64, 0.000280292
FILLER_0_158_77, 37.94, 440.64, 0.000653493
FILLER_0_159_105, 50.74, 440.64, 0.000669455
FILLER_0_158_133, 63.54, 440.64, 0.000685416
FILLER_0_159_161, 76.34, 440.64, 0.000701378
FILLER_0_158_189, 89.14, 440.64, 0.000717339
FILLER_0_159_217, 101.94, 440.64, 0.000733301
FILLER_0_158_245, 114.74, 440.64, 0.000749262
FILLER_0_159_273, 127.54, 440.64, 0.000765224
FILLER_0_158_301, 140.34, 440.64, 0.000781185
FILLER_0_159_329, 153.14, 440.64, 0.000797147
FILLER_0_158_357, 165.94, 440.64, 0.000813108
FILLER_0_158_413, 191.54, 440.64, 0.000881012
FILLER_0_159_441, 204.34, 440.64, 0.000932954
FILLER_0_158_469, 217.14, 440.64, 0.000984895
FILLER_0_159_497, 229.94, 440.64, 0.00103684
FILLER_0_158_525, 242.74, 440.64, 0.00108878
FILLER_0_159_553, 255.54, 440.64, 0.00114072
FILLER_0_158_581, 268.34, 440.64, 0.00119266
FILLER_0_159_609, 281.14, 440.64, 0.0012446
FILLER_0_158_637, 293.94, 440.64, 0.00129655
FILLER_0_159_665, 306.74, 440.64, 0.00134849
FILLER_0_158_693, 319.54, 440.64, 0.00140043
FILLER_0_158_749, 345.14, 440.64, 0.00163911
FILLER_0_159_777, 357.94, 440.64, 0.00182585
_0575_, 370.74, 440.64, 0.00201259
FILLER_0_158_805, 370.74, 440.64, 0.00201259
FILLER_0_159_807, 370.74, 440.64, 0.00201259
_0767_, 383.54, 440.64, 0.00219064
_1001_, 383.54, 440.64, 0.00219064
hold18, 383.54, 440.64, 0.00219064
FILLER_0_158_825, 383.54, 440.64, 0.00219064
FILLER_0_159_824, 383.54, 440.64, 0.00219064
_0504_, 396.34, 440.64, 0.00232924
_0577_, 396.34, 440.64, 0.00232924
clkbuf_4_1_0_w_clk, 396.34, 440.64, 0.00232924
FILLER_0_157_836, 396.34, 440.64, 0.00232924
FILLER_0_158_839, 396.34, 440.64, 0.00232924
_0833_, 409.14, 440.64, 0.00237997
_0985_, 409.14, 440.64, 0.00237997
hold84, 409.14, 440.64, 0.00237997
FILLER_0_158_864, 409.14, 440.64, 0.00237997
FILLER_0_159_891, 409.14, 440.64, 0.00237997
_0579_, 421.94, 440.64, 0.00238954
_0583_, 421.94, 440.64, 0.00238954
_0732_, 421.94, 440.64, 0.00238954
_0977_, 421.94, 440.64, 0.00238954
FILLER_0_157_892, 421.94, 440.64, 0.00238954
FILLER_0_158_902, 421.94, 440.64, 0.00238954
FILLER_0_158_917, 421.94, 440.64, 0.00238954
_0538_, 434.74, 440.64, 0.002327
_0931_, 434.74, 440.64, 0.002327
FILLER_0_158_937, 434.74, 440.64, 0.002327
FILLER_0_159_943, 434.74, 440.64, 0.002327
_0609_, 447.54, 440.64, 0.00221096
hold39, 447.54, 440.64, 0.00221096
FILLER_0_157_948, 447.54, 440.64, 0.00221096
FILLER_0_158_974, 447.54, 440.64, 0.00221096
_0911_, 460.34, 440.64, 0.00207672
_0570_, 473.14, 440.64, 0.00191924
FILLER_0_157_1009, 473.14, 440.64, 0.00191924
FILLER_0_158_1029, 473.14, 440.64, 0.00191924
_0620_, 498.74, 440.64, 0.00172396
_0712_, 498.74, 440.64, 0.00172396
_0713_, 498.74, 440.64, 0.00172396
_0976_, 498.74, 440.64, 0.00172396
hold25, 498.74, 440.64, 0.00172396
FILLER_0_157_1068, 498.74, 440.64, 0.00172396
_0540_, 511.54, 440.64, 0.00164387
_0584_, 511.54, 440.64, 0.00164387
_0585_, 511.54, 440.64, 0.00164387
FILLER_0_157_1087, 511.54, 440.64, 0.00164387
FILLER_0_157_1095, 511.54, 440.64, 0.00164387
FILLER_0_159_1113, 511.54, 440.64, 0.00164387
FILLER_0_157_1116, 524.34, 440.64, 0.00154027
FILLER_0_159_1169, 537.14, 440.64, 0.00143668
FILLER_0_158_1197, 549.94, 440.64, 0.00133308
FILLER_0_159_1225, 562.74, 440.64, 0.00122949
FILLER_0_158_1253, 575.54, 440.64, 0.00112589
FILLER_0_157_1281, 601.14, 440.64, 0.0009187
FILLER_0_158_1309, 613.94, 440.64, 0.000815105
FILLER_0_157_1337, 626.74, 440.64, 0.00071151
FILLER_0_157_1393, 652.34, 440.64, 0.000586246
FILLER_0_158_1421, 665.14, 440.64, 0.000564578
FILLER_0_157_1449, 677.94, 440.64, 0.000542909
FILLER_0_158_1477, 690.74, 440.64, 0.00052124
FILLER_0_157_1505, 703.54, 440.64, 0.000499571
FILLER_0_158_1533, 716.34, 440.64, 0.000477902
FILLER_0_157_1561, 729.14, 440.64, 0.000456233
FILLER_0_158_1589, 741.94, 440.64, 0.000434564
FILLER_0_157_1617, 754.74, 440.64, 0.000412895
FILLER_0_158_1645, 767.54, 440.64, 0.000391227
FILLER_0_157_1673, 780.34, 440.64, 0.000369558
FILLER_0_157_1729, 805.94, 440.64, 0.000342256
FILLER_0_158_1757, 818.74, 440.64, 0.000336623
FILLER_0_157_1785, 831.54, 440.64, 0.00033099
FILLER_0_158_1813, 844.34, 440.64, 0.000325356
FILLER_0_157_1841, 857.14, 440.64, 0.000319723
FILLER_0_158_1869, 869.94, 440.64, 0.00031409
FILLER_0_157_1897, 882.74, 440.64, 0.000308457
FILLER_0_158_1925, 895.54, 440.64, 0.000302824
FILLER_0_157_1953, 908.34, 440.64, 0.000297191
FILLER_0_158_1981, 921.14, 440.64, 0.000291558
FILLER_0_157_2009, 933.94, 440.64, 0.000285925
FILLER_0_157_2065, 958.57, 440.64, 0.000280292
FILLER_0_158_2093, 970.4, 440.64, 0.000280292
FILLER_0_157_2121, 982.23, 440.64, 0.000280292
PHY_310, 5.52, 435.2, 0.000628737
PHY_312, 5.52, 435.2, 0.000628737
PHY_311, 994.06, 435.2, 0.000283238
PHY_313, 994.06, 435.2, 0.000283238
FILLER_0_155_2141, 994.06, 435.2, 0.000283238
FILLER_0_156_2137, 994.06, 435.2, 0.000283238
FILLER_0_156_77, 37.94, 435.2, 0.000644218
FILLER_0_157_105, 50.74, 435.2, 0.000659699
FILLER_0_156_133, 63.54, 435.2, 0.00067518
FILLER_0_157_161, 76.34, 435.2, 0.000690661
FILLER_0_156_189, 89.14, 435.2, 0.000706142
FILLER_0_157_217, 101.94, 435.2, 0.000721623
FILLER_0_156_245, 114.74, 435.2, 0.000737104
FILLER_0_157_273, 127.54, 435.2, 0.000752585
FILLER_0_156_301, 140.34, 435.2, 0.000768066
FILLER_0_157_329, 153.14, 435.2, 0.000783547
FILLER_0_156_357, 165.94, 435.2, 0.000799028
FILLER_0_156_413, 191.54, 435.2, 0.00086711
FILLER_0_157_441, 204.34, 435.2, 0.00091971
FILLER_0_156_469, 217.14, 435.2, 0.000972311
FILLER_0_157_497, 229.94, 435.2, 0.00102491
FILLER_0_156_525, 242.74, 435.2, 0.00107751
FILLER_0_157_553, 255.54, 435.2, 0.00113011
FILLER_0_156_581, 268.34, 435.2, 0.00118271
FILLER_0_157_609, 281.14, 435.2, 0.00123531
FILLER_0_156_637, 293.94, 435.2, 0.00128791
FILLER_0_157_665, 306.74, 435.2, 0.00134052
FILLER_0_156_693, 319.54, 435.2, 0.00139312
FILLER_0_156_749, 345.14, 435.2, 0.00169779
_0920_, 357.94, 435.2, 0.00194987
FILLER_0_156_769, 357.94, 435.2, 0.00194987
FILLER_0_157_777, 357.94, 435.2, 0.00194987
_0576_, 370.74, 435.2, 0.00215
FILLER_0_156_806, 370.74, 435.2, 0.00215
_0803_, 383.54, 435.2, 0.00234402
_1017_, 383.54, 435.2, 0.00234402
_1030_, 396.34, 435.2, 0.0025069
clkbuf_4_0_0_w_clk, 396.34, 435.2, 0.0025069
hold107, 396.34, 435.2, 0.0025069
FILLER_0_155_836, 396.34, 435.2, 0.0025069
FILLER_0_156_861, 396.34, 435.2, 0.0025069
_0776_, 409.14, 435.2, 0.00258484
FILLER_0_156_869, 409.14, 435.2, 0.00258484
_0612_, 421.94, 435.2, 0.00265743
clkbuf_4_2_0_w_clk, 421.94, 435.2, 0.00265743
clkbuf_4_3_0_w_clk, 421.94, 435.2, 0.00265743
hold44, 421.94, 435.2, 0.00265743
FILLER_0_155_905, 421.94, 435.2, 0.00265743
FILLER_0_156_911, 421.94, 435.2, 0.00265743
FILLER_0_156_917, 421.94, 435.2, 0.00265743
FILLER_0_157_917, 421.94, 435.2, 0.00265743
_0774_, 434.74, 435.2, 0.00259382
_1003_, 434.74, 435.2, 0.00259382
hold69, 434.74, 435.2, 0.00259382
FILLER_0_156_937, 434.74, 435.2, 0.00259382
FILLER_0_157_942, 434.74, 435.2, 0.00259382
_0524_, 447.54, 435.2, 0.00249145
_0525_, 447.54, 435.2, 0.00249145
_0703_, 447.54, 435.2, 0.00249145
_0721_, 447.54, 435.2, 0.00249145
FILLER_0_156_954, 447.54, 435.2, 0.00249145
FILLER_0_156_974, 447.54, 435.2, 0.00249145
_0753_, 460.34, 435.2, 0.00233812
_0994_, 460.34, 435.2, 0.00233812
hold76, 460.34, 435.2, 0.00233812
FILLER_0_157_1001, 460.34, 435.2, 0.00233812
_0574_, 473.14, 435.2, 0.00214572
_0730_, 473.14, 435.2, 0.00214572
_0820_, 473.14, 435.2, 0.00214572
_1023_, 473.14, 435.2, 0.00214572
hold62, 473.14, 435.2, 0.00214572
hold129, 473.14, 435.2, 0.00214572
FILLER_0_155_1005, 473.14, 435.2, 0.00214572
FILLER_0_156_1005, 473.14, 435.2, 0.00214572
_0619_, 498.74, 435.2, 0.00190989
_0936_, 498.74, 435.2, 0.00190989
FILLER_0_155_1065, 498.74, 435.2, 0.00190989
FILLER_0_156_1065, 498.74, 435.2, 0.00190989
FILLER_0_156_1086, 498.74, 435.2, 0.00190989
_0539_, 511.54, 435.2, 0.00192505
_0916_, 511.54, 435.2, 0.00192505
_0921_, 511.54, 435.2, 0.00192505
FILLER_0_155_1089, 511.54, 435.2, 0.00192505
FILLER_0_156_1093, 511.54, 435.2, 0.00192505
FILLER_0_156_1142, 537.14, 435.2, 0.00166776
FILLER_0_157_1169, 537.14, 435.2, 0.00166776
FILLER_0_156_1197, 549.94, 435.2, 0.00153911
FILLER_0_157_1225, 562.74, 435.2, 0.00141047
FILLER_0_156_1253, 575.54, 435.2, 0.00128182
FILLER_0_155_1281, 601.14, 435.2, 0.00102453
FILLER_0_156_1309, 613.94, 435.2, 0.000895884
FILLER_0_155_1337, 626.74, 435.2, 0.000767239
FILLER_0_155_1393, 652.34, 435.2, 0.000614916
FILLER_0_156_1421, 665.14, 435.2, 0.000591239
FILLER_0_155_1449, 677.94, 435.2, 0.000567562
FILLER_0_156_1477, 690.74, 435.2, 0.000543885
FILLER_0_155_1505, 703.54, 435.2, 0.000520207
FILLER_0_156_1533, 716.34, 435.2, 0.00049653
FILLER_0_155_1561, 729.14, 435.2, 0.000472853
FILLER_0_156_1589, 741.94, 435.2, 0.000449176
FILLER_0_155_1617, 754.74, 435.2, 0.000425499
FILLER_0_156_1645, 767.54, 435.2, 0.000401821
FILLER_0_155_1673, 780.34, 435.2, 0.000378144
FILLER_0_155_1729, 805.94, 435.2, 0.000348531
FILLER_0_156_1757, 818.74, 435.2, 0.000342595
FILLER_0_155_1785, 831.54, 435.2, 0.00033666
FILLER_0_156_1813, 844.34, 435.2, 0.000330724
FILLER_0_155_1841, 857.14, 435.2, 0.000324788
FILLER_0_156_1869, 869.94, 435.2, 0.000318852
FILLER_0_155_1897, 882.74, 435.2, 0.000312917
FILLER_0_156_1925, 895.54, 435.2, 0.000306981
FILLER_0_155_1953, 908.34, 435.2, 0.000301045
FILLER_0_156_1981, 921.14, 435.2, 0.000295109
FILLER_0_155_2009, 933.94, 435.2, 0.000289174
FILLER_0_155_2065, 958.57, 435.2, 0.000283238
FILLER_0_156_2093, 970.4, 435.2, 0.000283238
FILLER_0_155_2121, 982.23, 435.2, 0.000283238
PHY_306, 5.52, 429.76, 0.00061869
PHY_308, 5.52, 429.76, 0.00061869
PHY_307, 994.06, 429.76, 0.000285673
PHY_309, 994.06, 429.76, 0.000285673
FILLER_0_153_2141, 994.06, 429.76, 0.000285673
FILLER_0_154_2137, 994.06, 429.76, 0.000285673
FILLER_0_154_77, 37.94, 429.76, 0.000633036
FILLER_0_155_105, 50.74, 429.76, 0.000647383
FILLER_0_154_133, 63.54, 429.76, 0.00066173
FILLER_0_155_161, 76.34, 429.76, 0.000676076
FILLER_0_154_189, 89.14, 429.76, 0.000690423
FILLER_0_155_217, 101.94, 429.76, 0.00070477
FILLER_0_154_245, 114.74, 429.76, 0.000719116
FILLER_0_155_273, 127.54, 429.76, 0.000733463
FILLER_0_154_301, 140.34, 429.76, 0.00074781
FILLER_0_155_329, 153.14, 429.76, 0.000762156
FILLER_0_154_357, 165.94, 429.76, 0.000776503
FILLER_0_154_413, 191.54, 429.76, 0.00083409
FILLER_0_155_441, 204.34, 429.76, 0.00087733
FILLER_0_154_469, 217.14, 429.76, 0.00092057
FILLER_0_155_497, 229.94, 429.76, 0.000963811
FILLER_0_154_525, 242.74, 429.76, 0.00100705
FILLER_0_155_553, 255.54, 429.76, 0.00105029
FILLER_0_154_581, 268.34, 429.76, 0.00109353
FILLER_0_155_609, 281.14, 429.76, 0.00113677
FILLER_0_154_637, 293.94, 429.76, 0.00118001
FILLER_0_155_665, 306.74, 429.76, 0.00122325
FILLER_0_154_693, 319.54, 429.76, 0.00126649
FILLER_0_154_749, 345.14, 429.76, 0.00143545
FILLER_0_155_777, 357.94, 429.76, 0.00156118
FILLER_0_154_805, 370.74, 429.76, 0.0016869
_0758_, 383.54, 429.76, 0.00181262
hold56, 383.54, 429.76, 0.00181262
FILLER_0_153_821, 383.54, 429.76, 0.00181262
FILLER_0_154_813, 383.54, 429.76, 0.00181262
_0495_, 396.34, 429.76, 0.00192393
_0532_, 396.34, 429.76, 0.00192393
FILLER_0_153_836, 396.34, 429.76, 0.00192393
FILLER_0_153_841, 396.34, 429.76, 0.00192393
FILLER_0_154_860, 396.34, 429.76, 0.00192393
_1004_, 409.14, 429.76, 0.00200341
hold9, 409.14, 429.76, 0.00200341
hold28, 409.14, 429.76, 0.00200341
FILLER_0_154_869, 409.14, 429.76, 0.00200341
FILLER_0_155_889, 409.14, 429.76, 0.00200341
_0533_, 421.94, 429.76, 0.0020398
_0534_, 421.94, 429.76, 0.0020398
_0932_, 421.94, 429.76, 0.0020398
FILLER_0_153_897, 421.94, 429.76, 0.0020398
FILLER_0_154_893, 421.94, 429.76, 0.0020398
FILLER_0_154_918, 421.94, 429.76, 0.0020398
_0611_, 434.74, 429.76, 0.00201898
_0705_, 434.74, 429.76, 0.00201898
_0773_, 434.74, 429.76, 0.00201898
hold88, 434.74, 429.76, 0.00201898
FILLER_0_153_931, 434.74, 429.76, 0.00201898
FILLER_0_154_934, 434.74, 429.76, 0.00201898
_0971_, 447.54, 429.76, 0.001965
hold115, 447.54, 429.76, 0.001965
FILLER_0_154_949, 447.54, 429.76, 0.001965
FILLER_0_154_973, 447.54, 429.76, 0.001965
FILLER_0_155_974, 447.54, 429.76, 0.001965
_0508_, 460.34, 429.76, 0.00187721
_0754_, 460.34, 429.76, 0.00187721
FILLER_0_154_981, 460.34, 429.76, 0.00187721
FILLER_0_154_991, 460.34, 429.76, 0.00187721
_0819_, 473.14, 429.76, 0.00176186
_0984_, 473.14, 429.76, 0.00176186
FILLER_0_154_1030, 473.14, 429.76, 0.00176186
_0608_, 498.74, 429.76, 0.00154402
hold99, 498.74, 429.76, 0.00154402
FILLER_0_154_1084, 498.74, 429.76, 0.00154402
FILLER_0_153_1115, 524.34, 429.76, 0.00137486
FILLER_0_154_1141, 524.34, 429.76, 0.00137486
FILLER_0_155_1169, 537.14, 429.76, 0.00129027
FILLER_0_154_1197, 549.94, 429.76, 0.00120569
FILLER_0_155_1225, 562.74, 429.76, 0.0011211
FILLER_0_154_1253, 575.54, 429.76, 0.00103652
FILLER_0_153_1281, 601.14, 429.76, 0.000867349
FILLER_0_154_1309, 613.94, 429.76, 0.000782764
FILLER_0_153_1337, 626.74, 429.76, 0.00069818
FILLER_0_153_1393, 652.34, 429.76, 0.000592217
FILLER_0_154_1421, 665.14, 429.76, 0.000570839
FILLER_0_153_1449, 677.94, 429.76, 0.00054946
FILLER_0_154_1477, 690.74, 429.76, 0.000528082
FILLER_0_153_1505, 703.54, 429.76, 0.000506704
FILLER_0_154_1533, 716.34, 429.76, 0.000485325
FILLER_0_153_1561, 729.14, 429.76, 0.000463947
FILLER_0_154_1589, 741.94, 429.76, 0.000442568
FILLER_0_153_1617, 754.74, 429.76, 0.00042119
FILLER_0_154_1645, 767.54, 429.76, 0.000399812
FILLER_0_153_1673, 780.34, 429.76, 0.000378433
FILLER_0_153_1729, 805.94, 429.76, 0.000351106
FILLER_0_154_1757, 818.74, 429.76, 0.000345158
FILLER_0_153_1785, 831.54, 429.76, 0.00033921
FILLER_0_154_1813, 844.34, 429.76, 0.000333261
FILLER_0_153_1841, 857.14, 429.76, 0.000327313
FILLER_0_154_1869, 869.94, 429.76, 0.000321364
FILLER_0_153_1897, 882.74, 429.76, 0.000315416
FILLER_0_154_1925, 895.54, 429.76, 0.000309467
FILLER_0_153_1953, 908.34, 429.76, 0.000303519
FILLER_0_154_1981, 921.14, 429.76, 0.00029757
FILLER_0_153_2009, 933.94, 429.76, 0.000291621
FILLER_0_153_2065, 958.57, 429.76, 0.000285673
FILLER_0_154_2093, 970.4, 429.76, 0.000285673
FILLER_0_153_2121, 982.23, 429.76, 0.000285673
PHY_302, 5.52, 424.32, 0.000608374
PHY_304, 5.52, 424.32, 0.000608374
PHY_303, 994.06, 424.32, 0.000287909
PHY_305, 994.06, 424.32, 0.000287909
FILLER_0_151_2141, 994.06, 424.32, 0.000287909
FILLER_0_152_2137, 994.06, 424.32, 0.000287909
FILLER_0_152_77, 37.94, 424.32, 0.000622124
FILLER_0_153_105, 50.74, 424.32, 0.000635873
FILLER_0_152_133, 63.54, 424.32, 0.000649623
FILLER_0_153_161, 76.34, 424.32, 0.000663373
FILLER_0_152_189, 89.14, 424.32, 0.000677122
FILLER_0_153_217, 101.94, 424.32, 0.000690872
FILLER_0_152_245, 114.74, 424.32, 0.000704621
FILLER_0_153_273, 127.54, 424.32, 0.000718371
FILLER_0_152_301, 140.34, 424.32, 0.00073212
FILLER_0_153_329, 153.14, 424.32, 0.00074587
FILLER_0_152_357, 165.94, 424.32, 0.000759619
FILLER_0_152_413, 191.54, 424.32, 0.000817465
FILLER_0_153_441, 204.34, 424.32, 0.000861561
FILLER_0_152_469, 217.14, 424.32, 0.000905657
FILLER_0_153_497, 229.94, 424.32, 0.000949753
FILLER_0_152_525, 242.74, 424.32, 0.000993849
FILLER_0_153_553, 255.54, 424.32, 0.00103794
FILLER_0_152_581, 268.34, 424.32, 0.00108204
FILLER_0_153_609, 281.14, 424.32, 0.00112614
FILLER_0_152_637, 293.94, 424.32, 0.00117023
FILLER_0_153_665, 306.74, 424.32, 0.00121433
FILLER_0_152_693, 319.54, 424.32, 0.00125842
FILLER_0_152_749, 345.14, 424.32, 0.00148194
FILLER_0_153_777, 357.94, 424.32, 0.00166136
FILLER_0_152_805, 370.74, 424.32, 0.00184078
_0793_, 383.54, 424.32, 0.0020202
_0794_, 383.54, 424.32, 0.0020202
_0996_, 383.54, 424.32, 0.0020202
_1012_, 383.54, 424.32, 0.0020202
FILLER_0_151_809, 383.54, 424.32, 0.0020202
FILLER_0_152_813, 383.54, 424.32, 0.0020202
_0757_, 396.34, 424.32, 0.00214043
_0824_, 396.34, 424.32, 0.00214043
_0908_, 396.34, 424.32, 0.00214043
_1025_, 396.34, 424.32, 0.00214043
hold29, 396.34, 424.32, 0.00214043
_0494_, 409.14, 424.32, 0.002193
_0722_, 409.14, 424.32, 0.002193
_0723_, 409.14, 424.32, 0.002193
_0775_, 409.14, 424.32, 0.002193
_0823_, 409.14, 424.32, 0.002193
_0980_, 409.14, 424.32, 0.002193
FILLER_0_151_874, 409.14, 424.32, 0.002193
FILLER_0_152_865, 409.14, 424.32, 0.002193
FILLER_0_152_878, 409.14, 424.32, 0.002193
_0704_, 421.94, 424.32, 0.00218713
_0972_, 421.94, 424.32, 0.00218713
hold57, 421.94, 424.32, 0.00218713
FILLER_0_151_893, 421.94, 424.32, 0.00218713
FILLER_0_151_897, 421.94, 424.32, 0.00218713
FILLER_0_152_894, 421.94, 424.32, 0.00218713
FILLER_0_152_918, 421.94, 424.32, 0.00218713
_0720_, 434.74, 424.32, 0.00213815
_0979_, 434.74, 424.32, 0.00213815
FILLER_0_152_937, 434.74, 424.32, 0.00213815
_0702_, 447.54, 424.32, 0.00205781
hold81, 447.54, 424.32, 0.00205781
hold86, 447.54, 424.32, 0.00205781
FILLER_0_152_974, 447.54, 424.32, 0.00205781
_0490_, 460.34, 424.32, 0.00194873
_0789_, 460.34, 424.32, 0.00194873
_0906_, 460.34, 424.32, 0.00194873
hold24, 460.34, 424.32, 0.00194873
hold120, 460.34, 424.32, 0.00194873
_0491_, 473.14, 424.32, 0.00178415
FILLER_0_152_1026, 473.14, 424.32, 0.00178415
FILLER_0_153_1030, 473.14, 424.32, 0.00178415
_0700_, 498.74, 424.32, 0.00157146
_0930_, 498.74, 424.32, 0.00157146
hold94, 498.74, 424.32, 0.00157146
FILLER_0_152_1059, 498.74, 424.32, 0.00157146
FILLER_0_152_1067, 498.74, 424.32, 0.00157146
FILLER_0_152_1086, 498.74, 424.32, 0.00157146
FILLER_0_153_1080, 498.74, 424.32, 0.00157146
FILLER_0_152_1141, 524.34, 424.32, 0.00139839
FILLER_0_153_1169, 537.14, 424.32, 0.00131186
FILLER_0_152_1197, 549.94, 424.32, 0.00122532
FILLER_0_153_1225, 562.74, 424.32, 0.00113879
FILLER_0_152_1253, 575.54, 424.32, 0.00105225
FILLER_0_151_1281, 601.14, 424.32, 0.000879184
FILLER_0_152_1309, 613.94, 424.32, 0.000792649
FILLER_0_151_1337, 626.74, 424.32, 0.000706114
FILLER_0_151_1393, 652.34, 424.32, 0.000598012
FILLER_0_152_1421, 665.14, 424.32, 0.000576444
FILLER_0_151_1449, 677.94, 424.32, 0.000554875
FILLER_0_152_1477, 690.74, 424.32, 0.000533307
FILLER_0_151_1505, 703.54, 424.32, 0.000511739
FILLER_0_152_1533, 716.34, 424.32, 0.000490171
FILLER_0_151_1561, 729.14, 424.32, 0.000468603
FILLER_0_152_1589, 741.94, 424.32, 0.000447035
FILLER_0_151_1617, 754.74, 424.32, 0.000425467
FILLER_0_152_1645, 767.54, 424.32, 0.000403899
FILLER_0_151_1673, 780.34, 424.32, 0.00038233
FILLER_0_151_1729, 805.94, 424.32, 0.000354691
FILLER_0_152_1757, 818.74, 424.32, 0.00034862
FILLER_0_151_1785, 831.54, 424.32, 0.000342549
FILLER_0_152_1813, 844.34, 424.32, 0.000336478
FILLER_0_151_1841, 857.14, 424.32, 0.000330407
FILLER_0_152_1869, 869.94, 424.32, 0.000324336
FILLER_0_151_1897, 882.74, 424.32, 0.000318265
FILLER_0_152_1925, 895.54, 424.32, 0.000312193
FILLER_0_151_1953, 908.34, 424.32, 0.000306122
FILLER_0_152_1981, 921.14, 424.32, 0.000300051
FILLER_0_151_2009, 933.94, 424.32, 0.00029398
FILLER_0_151_2065, 958.57, 424.32, 0.000287909
FILLER_0_152_2093, 970.4, 424.32, 0.000287909
FILLER_0_151_2121, 982.23, 424.32, 0.000287909
PHY_298, 5.52, 418.88, 0.000596898
PHY_300, 5.52, 418.88, 0.000596898
PHY_299, 994.06, 418.88, 0.000289788
PHY_301, 994.06, 418.88, 0.000289788
FILLER_0_149_2141, 994.06, 418.88, 0.000289788
FILLER_0_150_2137, 994.06, 418.88, 0.000289788
FILLER_0_150_77, 37.94, 418.88, 0.000609408
FILLER_0_151_105, 50.74, 418.88, 0.000621919
FILLER_0_150_133, 63.54, 418.88, 0.000634429
FILLER_0_151_161, 76.34, 418.88, 0.00064694
FILLER_0_150_189, 89.14, 418.88, 0.000659451
FILLER_0_151_217, 101.94, 418.88, 0.000671961
FILLER_0_150_245, 114.74, 418.88, 0.000684472
FILLER_0_151_273, 127.54, 418.88, 0.000696982
FILLER_0_150_301, 140.34, 418.88, 0.000709493
FILLER_0_151_329, 153.14, 418.88, 0.000722003
FILLER_0_150_357, 165.94, 418.88, 0.000734513
FILLER_0_150_413, 191.54, 418.88, 0.000781852
FILLER_0_151_441, 204.34, 418.88, 0.000816681
FILLER_0_150_469, 217.14, 418.88, 0.000851509
FILLER_0_151_497, 229.94, 418.88, 0.000886337
FILLER_0_150_525, 242.74, 418.88, 0.000921166
FILLER_0_151_553, 255.54, 418.88, 0.000955994
FILLER_0_150_581, 268.34, 418.88, 0.000990822
FILLER_0_151_609, 281.14, 418.88, 0.00102565
FILLER_0_150_637, 293.94, 418.88, 0.00106048
FILLER_0_151_665, 306.74, 418.88, 0.00109531
FILLER_0_150_693, 319.54, 418.88, 0.00113014
FILLER_0_150_749, 345.14, 418.88, 0.00122947
FILLER_0_151_777, 357.94, 418.88, 0.00129398
FILLER_0_150_805, 370.74, 418.88, 0.00135849
FILLER_0_151_831, 383.54, 418.88, 0.001423
FILLER_0_150_861, 396.34, 418.88, 0.00148751
_0762_, 409.14, 418.88, 0.00155202
hold50, 409.14, 418.88, 0.00155202
FILLER_0_149_865, 409.14, 418.88, 0.00155202
FILLER_0_150_881, 409.14, 418.88, 0.00155202
_0755_, 434.74, 418.88, 0.00165227
_0995_, 434.74, 418.88, 0.00165227
FILLER_0_150_925, 434.74, 418.88, 0.00165227
FILLER_0_151_943, 434.74, 418.88, 0.00165227
_0523_, 447.54, 418.88, 0.00167202
_0821_, 447.54, 418.88, 0.00167202
_1010_, 447.54, 418.88, 0.00167202
hold36, 447.54, 418.88, 0.00167202
FILLER_0_150_953, 447.54, 418.88, 0.00167202
FILLER_0_151_961, 447.54, 418.88, 0.00167202
_0766_, 460.34, 418.88, 0.00162752
_0790_, 460.34, 418.88, 0.00162752
FILLER_0_150_976, 460.34, 418.88, 0.00162752
FILLER_0_151_999, 460.34, 418.88, 0.00162752
_0719_, 473.14, 418.88, 0.00157371
_0832_, 473.14, 418.88, 0.00157371
_0978_, 473.14, 418.88, 0.00157371
FILLER_0_150_1022, 473.14, 418.88, 0.00157371
_0607_, 498.74, 418.88, 0.00145232
_0970_, 498.74, 418.88, 0.00145232
hold43, 498.74, 418.88, 0.00145232
FILLER_0_149_1059, 498.74, 418.88, 0.00145232
FILLER_0_150_1086, 498.74, 418.88, 0.00145232
FILLER_0_150_1141, 524.34, 418.88, 0.00129982
FILLER_0_151_1169, 537.14, 418.88, 0.00122357
FILLER_0_150_1197, 549.94, 418.88, 0.00114732
FILLER_0_151_1225, 562.74, 418.88, 0.00107107
FILLER_0_150_1253, 575.54, 418.88, 0.000994825
FILLER_0_149_1281, 601.14, 418.88, 0.000842327
FILLER_0_150_1309, 613.94, 418.88, 0.000766077
FILLER_0_149_1337, 626.74, 418.88, 0.000689828
FILLER_0_149_1393, 652.34, 418.88, 0.000592706
FILLER_0_150_1421, 665.14, 418.88, 0.000571833
FILLER_0_149_1449, 677.94, 418.88, 0.000550959
FILLER_0_150_1477, 690.74, 418.88, 0.000530086
FILLER_0_149_1505, 703.54, 418.88, 0.000509213
FILLER_0_150_1533, 716.34, 418.88, 0.00048834
FILLER_0_149_1561, 729.14, 418.88, 0.000467467
FILLER_0_150_1589, 741.94, 418.88, 0.000446594
FILLER_0_149_1617, 754.74, 418.88, 0.000425721
FILLER_0_150_1645, 767.54, 418.88, 0.000404847
FILLER_0_149_1673, 780.34, 418.88, 0.000383974
FILLER_0_149_1729, 805.94, 418.88, 0.000356992
FILLER_0_150_1757, 818.74, 418.88, 0.000350882
FILLER_0_149_1785, 831.54, 418.88, 0.000344773
FILLER_0_150_1813, 844.34, 418.88, 0.000338663
FILLER_0_149_1841, 857.14, 418.88, 0.000332554
FILLER_0_150_1869, 869.94, 418.88, 0.000326445
FILLER_0_149_1897, 882.74, 418.88, 0.000320335
FILLER_0_150_1925, 895.54, 418.88, 0.000314226
FILLER_0_149_1953, 908.34, 418.88, 0.000308116
FILLER_0_150_1981, 921.14, 418.88, 0.000302007
FILLER_0_149_2009, 933.94, 418.88, 0.000295897
FILLER_0_149_2065, 958.57, 418.88, 0.000289788
FILLER_0_150_2093, 970.4, 418.88, 0.000289788
FILLER_0_149_2121, 982.23, 418.88, 0.000289788
PHY_294, 5.52, 413.44, 0.000585219
PHY_296, 5.52, 413.44, 0.000585219
PHY_295, 994.06, 413.44, 0.000291353
PHY_297, 994.06, 413.44, 0.000291353
FILLER_0_147_2141, 994.06, 413.44, 0.000291353
FILLER_0_148_2137, 994.06, 413.44, 0.000291353
FILLER_0_148_77, 37.94, 413.44, 0.000596998
FILLER_0_149_105, 50.74, 413.44, 0.000608778
FILLER_0_148_133, 63.54, 413.44, 0.000620557
FILLER_0_149_161, 76.34, 413.44, 0.000632337
FILLER_0_148_189, 89.14, 413.44, 0.000644117
FILLER_0_149_217, 101.94, 413.44, 0.000655896
FILLER_0_148_245, 114.74, 413.44, 0.000667676
FILLER_0_149_273, 127.54, 413.44, 0.000679455
FILLER_0_148_301, 140.34, 413.44, 0.000691234
FILLER_0_149_329, 153.14, 413.44, 0.000703014
FILLER_0_148_357, 165.94, 413.44, 0.000714793
FILLER_0_148_413, 191.54, 413.44, 0.000761553
FILLER_0_149_441, 204.34, 413.44, 0.000796532
FILLER_0_148_469, 217.14, 413.44, 0.000831512
FILLER_0_149_497, 229.94, 413.44, 0.000866492
FILLER_0_148_525, 242.74, 413.44, 0.000901471
FILLER_0_149_553, 255.54, 413.44, 0.000936451
FILLER_0_148_581, 268.34, 413.44, 0.000971431
FILLER_0_149_609, 281.14, 413.44, 0.00100641
FILLER_0_148_637, 293.94, 413.44, 0.00104139
FILLER_0_149_665, 306.74, 413.44, 0.00107637
FILLER_0_148_693, 319.54, 413.44, 0.00111135
FILLER_0_148_749, 345.14, 413.44, 0.00125934
FILLER_0_149_777, 357.94, 413.44, 0.00137235
FILLER_0_148_805, 370.74, 413.44, 0.00148536
FILLER_0_149_833, 383.54, 413.44, 0.00159837
FILLER_0_148_861, 396.34, 413.44, 0.00171138
_0761_, 409.14, 413.44, 0.00182439
_0797_, 409.14, 413.44, 0.00182439
_0798_, 409.14, 413.44, 0.00182439
_0998_, 409.14, 413.44, 0.00182439
hold10, 409.14, 413.44, 0.00182439
hold96, 409.14, 413.44, 0.00182439
FILLER_0_148_891, 409.14, 413.44, 0.00182439
_0498_, 421.94, 413.44, 0.00187764
_0499_, 421.94, 413.44, 0.00187764
_0550_, 421.94, 413.44, 0.00187764
_0828_, 421.94, 413.44, 0.00187764
FILLER_0_147_897, 421.94, 413.44, 0.00187764
FILLER_0_148_917, 421.94, 413.44, 0.00187764
_0791_, 434.74, 413.44, 0.0018837
_1011_, 434.74, 413.44, 0.0018837
hold55, 434.74, 413.44, 0.0018837
FILLER_0_147_923, 434.74, 413.44, 0.0018837
FILLER_0_148_925, 434.74, 413.44, 0.0018837
FILLER_0_148_933, 434.74, 413.44, 0.0018837
FILLER_0_149_945, 434.74, 413.44, 0.0018837
_0492_, 447.54, 413.44, 0.00185052
_0756_, 447.54, 413.44, 0.00185052
_0822_, 447.54, 413.44, 0.00185052
_1024_, 447.54, 413.44, 0.00185052
FILLER_0_148_973, 447.54, 413.44, 0.00185052
_0568_, 460.34, 413.44, 0.00177561
_0765_, 460.34, 413.44, 0.00177561
_0802_, 460.34, 413.44, 0.00177561
_1000_, 460.34, 413.44, 0.00177561
hold66, 460.34, 413.44, 0.00177561
FILLER_0_149_990, 460.34, 413.44, 0.00177561
FILLER_0_149_1001, 460.34, 413.44, 0.00177561
_0831_, 473.14, 413.44, 0.00163019
_1029_, 473.14, 413.44, 0.00163019
hold60, 473.14, 413.44, 0.00163019
FILLER_0_147_1009, 473.14, 413.44, 0.00163019
FILLER_0_148_1029, 473.14, 413.44, 0.00163019
FILLER_0_149_1024, 473.14, 413.44, 0.00163019
FILLER_0_147_1061, 498.74, 413.44, 0.00137416
FILLER_0_148_1085, 498.74, 413.44, 0.00137416
FILLER_0_149_1113, 511.54, 413.44, 0.00130449
FILLER_0_148_1141, 524.34, 413.44, 0.00123482
FILLER_0_149_1169, 537.14, 413.44, 0.00116514
FILLER_0_148_1197, 549.94, 413.44, 0.00109547
FILLER_0_149_1225, 562.74, 413.44, 0.0010258
FILLER_0_148_1253, 575.54, 413.44, 0.000956128
FILLER_0_147_1281, 601.14, 413.44, 0.000816784
FILLER_0_148_1309, 613.94, 413.44, 0.000747112
FILLER_0_147_1337, 626.74, 413.44, 0.00067744
FILLER_0_147_1393, 652.34, 413.44, 0.000587521
FILLER_0_148_1421, 665.14, 413.44, 0.000567274
FILLER_0_147_1449, 677.94, 413.44, 0.000547027
FILLER_0_148_1477, 690.74, 413.44, 0.000526781
FILLER_0_147_1505, 703.54, 413.44, 0.000506534
FILLER_0_148_1533, 716.34, 413.44, 0.000486287
FILLER_0_147_1561, 729.14, 413.44, 0.00046604
FILLER_0_148_1589, 741.94, 413.44, 0.000445794
FILLER_0_147_1617, 754.74, 413.44, 0.000425547
FILLER_0_148_1645, 767.54, 413.44, 0.0004053
FILLER_0_147_1673, 780.34, 413.44, 0.000385053
FILLER_0_147_1729, 805.94, 413.44, 0.000358685
FILLER_0_148_1757, 818.74, 413.44, 0.000352564
FILLER_0_147_1785, 831.54, 413.44, 0.000346443
FILLER_0_148_1813, 844.34, 413.44, 0.000340322
FILLER_0_147_1841, 857.14, 413.44, 0.000334201
FILLER_0_148_1869, 869.94, 413.44, 0.00032808
FILLER_0_147_1897, 882.74, 413.44, 0.000321959
FILLER_0_148_1925, 895.54, 413.44, 0.000315838
FILLER_0_147_1953, 908.34, 413.44, 0.000309716
FILLER_0_148_1981, 921.14, 413.44, 0.000303595
FILLER_0_147_2009, 933.94, 413.44, 0.000297474
FILLER_0_147_2065, 958.57, 413.44, 0.000291353
FILLER_0_148_2093, 970.4, 413.44, 0.000291353
FILLER_0_147_2121, 982.23, 413.44, 0.000291353
PHY_290, 5.52, 408, 0.000572727
PHY_292, 5.52, 408, 0.000572727
PHY_291, 994.06, 408, 0.000292589
PHY_293, 994.06, 408, 0.000292589
FILLER_0_145_2141, 994.06, 408, 0.000292589
FILLER_0_146_2137, 994.06, 408, 0.000292589
FILLER_0_146_77, 37.94, 408, 0.000583459
FILLER_0_147_105, 50.74, 408, 0.00059419
FILLER_0_146_133, 63.54, 408, 0.000604921
FILLER_0_147_161, 76.34, 408, 0.000615653
FILLER_0_146_189, 89.14, 408, 0.000626384
FILLER_0_147_217, 101.94, 408, 0.000637115
FILLER_0_146_245, 114.74, 408, 0.000647847
FILLER_0_147_273, 127.54, 408, 0.000658578
FILLER_0_146_301, 140.34, 408, 0.000669309
FILLER_0_147_329, 153.14, 408, 0.00068004
FILLER_0_146_357, 165.94, 408, 0.000690772
FILLER_0_146_413, 191.54, 408, 0.00073183
FILLER_0_147_441, 204.34, 408, 0.000762157
FILLER_0_146_469, 217.14, 408, 0.000792484
FILLER_0_147_497, 229.94, 408, 0.00082281
FILLER_0_146_525, 242.74, 408, 0.000853137
FILLER_0_147_553, 255.54, 408, 0.000883464
FILLER_0_146_581, 268.34, 408, 0.000913791
FILLER_0_147_609, 281.14, 408, 0.000944118
FILLER_0_146_637, 293.94, 408, 0.000974445
FILLER_0_147_665, 306.74, 408, 0.00100477
FILLER_0_146_693, 319.54, 408, 0.0010351
FILLER_0_146_749, 345.14, 408, 0.00114724
FILLER_0_147_777, 357.94, 408, 0.00122905
FILLER_0_146_805, 370.74, 408, 0.00131086
FILLER_0_147_833, 383.54, 408, 0.00139268
FILLER_0_146_861, 396.34, 408, 0.00147449
_0910_, 409.14, 408, 0.0015563
_1014_, 409.14, 408, 0.0015563
FILLER_0_146_885, 409.14, 408, 0.0015563
FILLER_0_147_890, 409.14, 408, 0.0015563
_0827_, 421.94, 408, 0.00159004
_1027_, 421.94, 408, 0.00159004
FILLER_0_145_897, 421.94, 408, 0.00159004
_0792_, 434.74, 408, 0.0015927
_0907_, 434.74, 408, 0.0015927
hold33, 434.74, 408, 0.0015927
FILLER_0_146_933, 434.74, 408, 0.0015927
hold64, 447.54, 408, 0.00155721
_0503_, 460.34, 408, 0.00151228
_0801_, 460.34, 408, 0.00151228
_0912_, 460.34, 408, 0.00151228
hold101, 460.34, 408, 0.00151228
FILLER_0_147_998, 460.34, 408, 0.00151228
_0502_, 473.14, 408, 0.00142388
hold89, 473.14, 408, 0.00142388
FILLER_0_146_1085, 498.74, 408, 0.00125808
FILLER_0_147_1113, 511.54, 408, 0.00119802
FILLER_0_146_1141, 524.34, 408, 0.00113796
FILLER_0_147_1169, 537.14, 408, 0.0010779
FILLER_0_146_1197, 549.94, 408, 0.00101785
FILLER_0_147_1225, 562.74, 408, 0.000957791
FILLER_0_146_1253, 575.54, 408, 0.000897734
FILLER_0_145_1281, 601.14, 408, 0.00077762
FILLER_0_146_1309, 613.94, 408, 0.000717563
FILLER_0_145_1337, 626.74, 408, 0.000657506
FILLER_0_145_1393, 652.34, 408, 0.000578131
FILLER_0_146_1421, 665.14, 408, 0.000558814
FILLER_0_145_1449, 677.94, 408, 0.000539496
FILLER_0_146_1477, 690.74, 408, 0.000520178
FILLER_0_145_1505, 703.54, 408, 0.00050086
FILLER_0_146_1533, 716.34, 408, 0.000481542
FILLER_0_145_1561, 729.14, 408, 0.000462224
FILLER_0_146_1589, 741.94, 408, 0.000442906
FILLER_0_145_1617, 754.74, 408, 0.000423588
FILLER_0_146_1645, 767.54, 408, 0.00040427
FILLER_0_145_1673, 780.34, 408, 0.000384952
FILLER_0_145_1729, 805.94, 408, 0.000359547
FILLER_0_146_1757, 818.74, 408, 0.00035346
FILLER_0_145_1785, 831.54, 408, 0.000347373
FILLER_0_146_1813, 844.34, 408, 0.000341286
FILLER_0_145_1841, 857.14, 408, 0.000335199
FILLER_0_146_1869, 869.94, 408, 0.000329112
FILLER_0_145_1897, 882.74, 408, 0.000323025
FILLER_0_146_1925, 895.54, 408, 0.000316937
FILLER_0_145_1953, 908.34, 408, 0.00031085
FILLER_0_146_1981, 921.14, 408, 0.000304763
FILLER_0_145_2009, 933.94, 408, 0.000298676
FILLER_0_145_2065, 958.57, 408, 0.000292589
FILLER_0_146_2093, 970.4, 408, 0.000292589
FILLER_0_145_2121, 982.23, 408, 0.000292589
PHY_286, 5.52, 402.56, 0.000559635
PHY_288, 5.52, 402.56, 0.000559635
PHY_287, 994.06, 402.56, 0.000293507
PHY_289, 994.06, 402.56, 0.000293507
FILLER_0_143_2141, 994.06, 402.56, 0.000293507
FILLER_0_144_2137, 994.06, 402.56, 0.000293507
FILLER_0_144_77, 37.94, 402.56, 0.000569209
FILLER_0_145_105, 50.74, 402.56, 0.000578782
FILLER_0_144_133, 63.54, 402.56, 0.000588355
FILLER_0_145_161, 76.34, 402.56, 0.000597929
FILLER_0_144_189, 89.14, 402.56, 0.000607502
FILLER_0_145_217, 101.94, 402.56, 0.000617075
FILLER_0_144_245, 114.74, 402.56, 0.000626648
FILLER_0_145_273, 127.54, 402.56, 0.000636222
FILLER_0_144_301, 140.34, 402.56, 0.000645795
FILLER_0_145_329, 153.14, 402.56, 0.000655368
FILLER_0_144_357, 165.94, 402.56, 0.000664941
FILLER_0_144_413, 191.54, 402.56, 0.000698826
FILLER_0_145_441, 204.34, 402.56, 0.000723137
FILLER_0_144_469, 217.14, 402.56, 0.000747448
FILLER_0_145_497, 229.94, 402.56, 0.00077176
FILLER_0_144_525, 242.74, 402.56, 0.000796071
FILLER_0_145_553, 255.54, 402.56, 0.000820382
FILLER_0_144_581, 268.34, 402.56, 0.000844693
FILLER_0_145_609, 281.14, 402.56, 0.000869005
FILLER_0_144_637, 293.94, 402.56, 0.000893316
FILLER_0_145_665, 306.74, 402.56, 0.000917627
FILLER_0_144_693, 319.54, 402.56, 0.000941938
FILLER_0_144_749, 345.14, 402.56, 0.000995281
FILLER_0_145_777, 357.94, 402.56, 0.00102431
FILLER_0_144_805, 370.74, 402.56, 0.00105334
FILLER_0_145_833, 383.54, 402.56, 0.00108238
FILLER_0_144_861, 396.34, 402.56, 0.00111141
FILLER_0_145_889, 409.14, 402.56, 0.00114044
hold15, 421.94, 402.56, 0.00116947
FILLER_0_144_917, 421.94, 402.56, 0.00116947
_0493_, 447.54, 402.56, 0.0012082
_1016_, 447.54, 402.56, 0.0012082
FILLER_0_144_949, 447.54, 402.56, 0.0012082
FILLER_0_145_965, 447.54, 402.56, 0.0012082
FILLER_0_145_1002, 460.34, 402.56, 0.00119844
FILLER_0_144_1029, 473.14, 402.56, 0.00118869
FILLER_0_144_1085, 498.74, 402.56, 0.0011294
FILLER_0_145_1113, 511.54, 402.56, 0.00107987
FILLER_0_144_1141, 524.34, 402.56, 0.00103034
FILLER_0_145_1169, 537.14, 402.56, 0.000980815
FILLER_0_144_1197, 549.94, 402.56, 0.000931286
FILLER_0_145_1225, 562.74, 402.56, 0.000881757
FILLER_0_144_1253, 575.54, 402.56, 0.000832228
FILLER_0_143_1281, 601.14, 402.56, 0.00073317
FILLER_0_144_1309, 613.94, 402.56, 0.000683641
FILLER_0_143_1337, 626.74, 402.56, 0.000634112
FILLER_0_143_1393, 652.34, 402.56, 0.000566346
FILLER_0_144_1421, 665.14, 402.56, 0.000548109
FILLER_0_143_1449, 677.94, 402.56, 0.000529871
FILLER_0_144_1477, 690.74, 402.56, 0.000511634
FILLER_0_143_1505, 703.54, 402.56, 0.000493397
FILLER_0_144_1533, 716.34, 402.56, 0.000475159
FILLER_0_143_1561, 729.14, 402.56, 0.000456922
FILLER_0_144_1589, 741.94, 402.56, 0.000438685
FILLER_0_143_1617, 754.74, 402.56, 0.000420448
FILLER_0_144_1645, 767.54, 402.56, 0.00040221
FILLER_0_143_1673, 780.34, 402.56, 0.000383973
FILLER_0_143_1729, 805.94, 402.56, 0.000359716
FILLER_0_144_1757, 818.74, 402.56, 0.000353697
FILLER_0_143_1785, 831.54, 402.56, 0.000347678
FILLER_0_144_1813, 844.34, 402.56, 0.000341659
FILLER_0_143_1841, 857.14, 402.56, 0.00033564
FILLER_0_144_1869, 869.94, 402.56, 0.000329621
FILLER_0_143_1897, 882.74, 402.56, 0.000323602
FILLER_0_144_1925, 895.54, 402.56, 0.000317583
FILLER_0_143_1953, 908.34, 402.56, 0.000311564
FILLER_0_144_1981, 921.14, 402.56, 0.000305545
FILLER_0_143_2009, 933.94, 402.56, 0.000299526
FILLER_0_143_2065, 958.57, 402.56, 0.000293507
FILLER_0_144_2093, 970.4, 402.56, 0.000293507
FILLER_0_143_2121, 982.23, 402.56, 0.000293507
PHY_282, 5.52, 397.12, 0.000546176
PHY_284, 5.52, 397.12, 0.000546176
PHY_283, 994.06, 397.12, 0.000294127
PHY_285, 994.06, 397.12, 0.000294127
FILLER_0_141_2141, 994.06, 397.12, 0.000294127
FILLER_0_142_2137, 994.06, 397.12, 0.000294127
FILLER_0_142_77, 37.94, 397.12, 0.000554709
FILLER_0_143_105, 50.74, 397.12, 0.000563242
FILLER_0_142_133, 63.54, 397.12, 0.000571774
FILLER_0_143_161, 76.34, 397.12, 0.000580307
FILLER_0_142_189, 89.14, 397.12, 0.000588839
FILLER_0_143_217, 101.94, 397.12, 0.000597372
FILLER_0_142_245, 114.74, 397.12, 0.000605905
FILLER_0_143_273, 127.54, 397.12, 0.000614437
FILLER_0_142_301, 140.34, 397.12, 0.00062297
FILLER_0_143_329, 153.14, 397.12, 0.000631502
FILLER_0_142_357, 165.94, 397.12, 0.000640035
FILLER_0_142_413, 191.54, 397.12, 0.000669217
FILLER_0_143_441, 204.34, 397.12, 0.000689867
FILLER_0_142_469, 217.14, 397.12, 0.000710517
FILLER_0_143_497, 229.94, 397.12, 0.000731167
FILLER_0_142_525, 242.74, 397.12, 0.000751817
FILLER_0_143_553, 255.54, 397.12, 0.000772467
FILLER_0_142_581, 268.34, 397.12, 0.000793117
FILLER_0_143_609, 281.14, 397.12, 0.000813767
FILLER_0_142_637, 293.94, 397.12, 0.000834417
FILLER_0_143_665, 306.74, 397.12, 0.000855067
FILLER_0_142_693, 319.54, 397.12, 0.000875717
FILLER_0_142_749, 345.14, 397.12, 0.000912743
FILLER_0_143_777, 357.94, 397.12, 0.00092912
FILLER_0_142_805, 370.74, 397.12, 0.000945496
FILLER_0_143_833, 383.54, 397.12, 0.000961873
FILLER_0_142_861, 396.34, 397.12, 0.000978249
FILLER_0_143_889, 409.14, 397.12, 0.000994625
FILLER_0_142_917, 421.94, 397.12, 0.001011
FILLER_0_143_945, 434.74, 397.12, 0.00102738
FILLER_0_142_973, 447.54, 397.12, 0.00104375
FILLER_0_143_1001, 460.34, 397.12, 0.00106013
FILLER_0_142_1029, 473.14, 397.12, 0.00107651
FILLER_0_142_1085, 498.74, 397.12, 0.0010496
FILLER_0_143_1113, 511.54, 397.12, 0.00100631
FILLER_0_142_1141, 524.34, 397.12, 0.00096302
FILLER_0_143_1169, 537.14, 397.12, 0.000919732
FILLER_0_142_1197, 549.94, 397.12, 0.000876444
FILLER_0_143_1225, 562.74, 397.12, 0.000833156
FILLER_0_142_1253, 575.54, 397.12, 0.000789868
FILLER_0_141_1281, 601.14, 397.12, 0.000703291
FILLER_0_142_1309, 613.94, 397.12, 0.000660003
FILLER_0_141_1337, 626.74, 397.12, 0.000616715
FILLER_0_141_1393, 652.34, 397.12, 0.000556092
FILLER_0_142_1421, 665.14, 397.12, 0.000538756
FILLER_0_141_1449, 677.94, 397.12, 0.000521421
FILLER_0_142_1477, 690.74, 397.12, 0.000504085
FILLER_0_141_1505, 703.54, 397.12, 0.000486749
FILLER_0_142_1533, 716.34, 397.12, 0.000469414
FILLER_0_141_1561, 729.14, 397.12, 0.000452078
FILLER_0_142_1589, 741.94, 397.12, 0.000434743
FILLER_0_141_1617, 754.74, 397.12, 0.000417407
FILLER_0_142_1645, 767.54, 397.12, 0.000400071
FILLER_0_141_1673, 780.34, 397.12, 0.000382736
FILLER_0_141_1729, 805.94, 397.12, 0.000359461
FILLER_0_142_1757, 818.74, 397.12, 0.000353521
FILLER_0_141_1785, 831.54, 397.12, 0.000347582
FILLER_0_142_1813, 844.34, 397.12, 0.000341642
FILLER_0_141_1841, 857.14, 397.12, 0.000335703
FILLER_0_142_1869, 869.94, 397.12, 0.000329763
FILLER_0_141_1897, 882.74, 397.12, 0.000323824
FILLER_0_142_1925, 895.54, 397.12, 0.000317884
FILLER_0_141_1953, 908.34, 397.12, 0.000311945
FILLER_0_142_1981, 921.14, 397.12, 0.000306005
FILLER_0_141_2009, 933.94, 397.12, 0.000300066
FILLER_0_141_2065, 958.57, 397.12, 0.000294126
FILLER_0_142_2093, 970.4, 397.12, 0.000294127
FILLER_0_141_2121, 982.23, 397.12, 0.000294127
PHY_278, 5.52, 391.68, 0.000532333
PHY_280, 5.52, 391.68, 0.000532333
PHY_279, 994.06, 391.68, 0.000294449
PHY_281, 994.06, 391.68, 0.000294449
FILLER_0_139_2141, 994.06, 391.68, 0.000294449
FILLER_0_140_2137, 994.06, 391.68, 0.000294449
FILLER_0_140_77, 37.94, 391.68, 0.000539857
FILLER_0_141_105, 50.74, 391.68, 0.000547381
FILLER_0_140_133, 63.54, 391.68, 0.000554905
FILLER_0_141_161, 76.34, 391.68, 0.000562428
FILLER_0_140_189, 89.14, 391.68, 0.000569952
FILLER_0_141_217, 101.94, 391.68, 0.000577476
FILLER_0_140_245, 114.74, 391.68, 0.000585
FILLER_0_141_273, 127.54, 391.68, 0.000592524
FILLER_0_140_301, 140.34, 391.68, 0.000600047
FILLER_0_141_329, 153.14, 391.68, 0.000607571
FILLER_0_140_357, 165.94, 391.68, 0.000615095
FILLER_0_140_413, 191.54, 391.68, 0.00064038
FILLER_0_141_441, 204.34, 391.68, 0.000658142
FILLER_0_140_469, 217.14, 391.68, 0.000675903
FILLER_0_141_497, 229.94, 391.68, 0.000693665
FILLER_0_140_525, 242.74, 391.68, 0.000711426
FILLER_0_141_553, 255.54, 391.68, 0.000729187
FILLER_0_140_581, 268.34, 391.68, 0.000746949
FILLER_0_141_609, 281.14, 391.68, 0.00076471
FILLER_0_140_637, 293.94, 391.68, 0.000782472
FILLER_0_141_665, 306.74, 391.68, 0.000800233
FILLER_0_140_693, 319.54, 391.68, 0.000817994
FILLER_0_140_749, 345.14, 391.68, 0.000851852
FILLER_0_141_777, 357.94, 391.68, 0.000867948
FILLER_0_140_805, 370.74, 391.68, 0.000884044
FILLER_0_141_833, 383.54, 391.68, 0.000900141
FILLER_0_140_861, 396.34, 391.68, 0.000916237
FILLER_0_141_889, 409.14, 391.68, 0.000932333
FILLER_0_140_917, 421.94, 391.68, 0.000948429
FILLER_0_141_945, 434.74, 391.68, 0.000964525
FILLER_0_140_973, 447.54, 391.68, 0.000980621
FILLER_0_141_1001, 460.34, 391.68, 0.000996717
FILLER_0_140_1029, 473.14, 391.68, 0.00101281
FILLER_0_140_1085, 498.74, 391.68, 0.000990035
FILLER_0_141_1113, 511.54, 391.68, 0.00095116
FILLER_0_140_1141, 524.34, 391.68, 0.000912286
FILLER_0_141_1169, 537.14, 391.68, 0.000873411
FILLER_0_140_1197, 549.94, 391.68, 0.000834537
FILLER_0_141_1225, 562.74, 391.68, 0.000795662
FILLER_0_140_1253, 575.54, 391.68, 0.000756787
FILLER_0_139_1281, 601.14, 391.68, 0.000679038
FILLER_0_140_1309, 613.94, 391.68, 0.000640163
FILLER_0_139_1337, 626.74, 391.68, 0.000601289
FILLER_0_139_1393, 652.34, 391.68, 0.000545927
FILLER_0_140_1421, 665.14, 391.68, 0.000529441
FILLER_0_139_1449, 677.94, 391.68, 0.000512954
FILLER_0_140_1477, 690.74, 391.68, 0.000496467
FILLER_0_139_1505, 703.54, 391.68, 0.00047998
FILLER_0_140_1533, 716.34, 391.68, 0.000463493
FILLER_0_139_1561, 729.14, 391.68, 0.000447006
FILLER_0_140_1589, 741.94, 391.68, 0.00043052
FILLER_0_139_1617, 754.74, 391.68, 0.000414033
FILLER_0_140_1645, 767.54, 391.68, 0.000397546
FILLER_0_139_1673, 780.34, 391.68, 0.000381059
FILLER_0_139_1729, 805.94, 391.68, 0.000358729
FILLER_0_140_1757, 818.74, 391.68, 0.000352885
FILLER_0_139_1785, 831.54, 391.68, 0.000347041
FILLER_0_140_1813, 844.34, 391.68, 0.000341198
FILLER_0_139_1841, 857.14, 391.68, 0.000335354
FILLER_0_140_1869, 869.94, 391.68, 0.000329511
FILLER_0_139_1897, 882.74, 391.68, 0.000323667
FILLER_0_140_1925, 895.54, 391.68, 0.000317824
FILLER_0_139_1953, 908.34, 391.68, 0.00031198
FILLER_0_140_1981, 921.14, 391.68, 0.000306136
FILLER_0_139_2009, 933.94, 391.68, 0.000300293
FILLER_0_139_2065, 958.57, 391.68, 0.000294449
FILLER_0_140_2093, 970.4, 391.68, 0.000294449
FILLER_0_139_2121, 982.23, 391.68, 0.000294449
PHY_274, 5.52, 386.24, 0.000518124
PHY_276, 5.52, 386.24, 0.000518124
PHY_275, 994.06, 386.24, 0.000294477
PHY_277, 994.06, 386.24, 0.000294477
FILLER_0_137_2141, 994.06, 386.24, 0.000294477
FILLER_0_138_2137, 994.06, 386.24, 0.000294477
FILLER_0_138_77, 37.94, 386.24, 0.000524632
FILLER_0_139_105, 50.74, 386.24, 0.000531141
FILLER_0_138_133, 63.54, 386.24, 0.000537649
FILLER_0_139_161, 76.34, 386.24, 0.000544158
FILLER_0_138_189, 89.14, 386.24, 0.000550666
FILLER_0_139_217, 101.94, 386.24, 0.000557175
FILLER_0_138_245, 114.74, 386.24, 0.000563683
FILLER_0_139_273, 127.54, 386.24, 0.000570191
FILLER_0_138_301, 140.34, 386.24, 0.0005767
FILLER_0_139_329, 153.14, 386.24, 0.000583208
FILLER_0_138_357, 165.94, 386.24, 0.000589716
FILLER_0_138_413, 191.54, 386.24, 0.00061115
FILLER_0_139_441, 204.34, 386.24, 0.000626074
FILLER_0_138_469, 217.14, 386.24, 0.000640999
FILLER_0_139_497, 229.94, 386.24, 0.000655924
FILLER_0_138_525, 242.74, 386.24, 0.000670849
FILLER_0_139_553, 255.54, 386.24, 0.000685774
FILLER_0_138_581, 268.34, 386.24, 0.000700698
FILLER_0_139_609, 281.14, 386.24, 0.000715623
FILLER_0_138_637, 293.94, 386.24, 0.000730548
FILLER_0_139_665, 306.74, 386.24, 0.000745472
FILLER_0_138_693, 319.54, 386.24, 0.000760397
FILLER_0_138_749, 345.14, 386.24, 0.000791314
FILLER_0_139_777, 357.94, 386.24, 0.000807306
FILLER_0_138_805, 370.74, 386.24, 0.000823299
FILLER_0_139_833, 383.54, 386.24, 0.000839291
FILLER_0_138_861, 396.34, 386.24, 0.000855283
FILLER_0_139_889, 409.14, 386.24, 0.000871275
FILLER_0_138_917, 421.94, 386.24, 0.000887268
FILLER_0_139_945, 434.74, 386.24, 0.00090326
FILLER_0_138_973, 447.54, 386.24, 0.000919252
FILLER_0_139_1001, 460.34, 386.24, 0.000935244
FILLER_0_138_1029, 473.14, 386.24, 0.000951236
FILLER_0_138_1085, 498.74, 386.24, 0.000932506
FILLER_0_139_1113, 511.54, 386.24, 0.000897783
FILLER_0_138_1141, 524.34, 386.24, 0.00086306
FILLER_0_139_1169, 537.14, 386.24, 0.000828337
FILLER_0_138_1197, 549.94, 386.24, 0.000793614
FILLER_0_139_1225, 562.74, 386.24, 0.000758891
FILLER_0_138_1253, 575.54, 386.24, 0.000724168
FILLER_0_137_1281, 601.14, 386.24, 0.000654723
FILLER_0_138_1309, 613.94, 386.24, 0.00062
FILLER_0_137_1337, 626.74, 386.24, 0.000585277
FILLER_0_137_1393, 652.34, 386.24, 0.000534943
FILLER_0_138_1421, 665.14, 386.24, 0.000519333
FILLER_0_137_1449, 677.94, 386.24, 0.000503722
FILLER_0_138_1477, 690.74, 386.24, 0.000488112
FILLER_0_137_1505, 703.54, 386.24, 0.000472501
FILLER_0_138_1533, 716.34, 386.24, 0.000456891
FILLER_0_137_1561, 729.14, 386.24, 0.00044128
FILLER_0_138_1589, 741.94, 386.24, 0.000425669
FILLER_0_137_1617, 754.74, 386.24, 0.000410059
FILLER_0_138_1645, 767.54, 386.24, 0.000394448
FILLER_0_137_1673, 780.34, 386.24, 0.000378838
FILLER_0_137_1729, 805.94, 386.24, 0.000357498
FILLER_0_138_1757, 818.74, 386.24, 0.000351769
FILLER_0_137_1785, 831.54, 386.24, 0.00034604
FILLER_0_138_1813, 844.34, 386.24, 0.00034031
FILLER_0_137_1841, 857.14, 386.24, 0.000334581
FILLER_0_138_1869, 869.94, 386.24, 0.000328852
FILLER_0_137_1897, 882.74, 386.24, 0.000323123
FILLER_0_138_1925, 895.54, 386.24, 0.000317394
FILLER_0_137_1953, 908.34, 386.24, 0.000311665
FILLER_0_138_1981, 921.14, 386.24, 0.000305935
FILLER_0_137_2009, 933.94, 386.24, 0.000300206
FILLER_0_137_2065, 958.57, 386.24, 0.000294477
FILLER_0_138_2093, 970.4, 386.24, 0.000294477
FILLER_0_137_2121, 982.23, 386.24, 0.000294477
PHY_270, 5.52, 380.8, 0.000503599
PHY_272, 5.52, 380.8, 0.000503599
PHY_271, 994.06, 380.8, 0.000294218
PHY_273, 994.06, 380.8, 0.000294218
FILLER_0_135_2141, 994.06, 380.8, 0.000294218
FILLER_0_136_2137, 994.06, 380.8, 0.000294218
FILLER_0_136_77, 37.94, 380.8, 0.000509087
FILLER_0_137_105, 50.74, 380.8, 0.000514576
FILLER_0_136_133, 63.54, 380.8, 0.000520064
FILLER_0_137_161, 76.34, 380.8, 0.000525552
FILLER_0_136_189, 89.14, 380.8, 0.000531041
FILLER_0_137_217, 101.94, 380.8, 0.000536529
FILLER_0_136_245, 114.74, 380.8, 0.000542017
FILLER_0_137_273, 127.54, 380.8, 0.000547506
FILLER_0_136_301, 140.34, 380.8, 0.000552994
FILLER_0_137_329, 153.14, 380.8, 0.000558482
FILLER_0_136_357, 165.94, 380.8, 0.000563971
FILLER_0_136_413, 191.54, 380.8, 0.000581583
FILLER_0_137_441, 204.34, 380.8, 0.000593706
FILLER_0_136_469, 217.14, 380.8, 0.00060583
FILLER_0_137_497, 229.94, 380.8, 0.000617954
FILLER_0_136_525, 242.74, 380.8, 0.000630077
FILLER_0_137_553, 255.54, 380.8, 0.000642201
FILLER_0_136_581, 268.34, 380.8, 0.000654325
FILLER_0_137_609, 281.14, 380.8, 0.000666448
FILLER_0_136_637, 293.94, 380.8, 0.000678572
FILLER_0_137_665, 306.74, 380.8, 0.000690696
FILLER_0_136_693, 319.54, 380.8, 0.000702819
FILLER_0_136_749, 345.14, 380.8, 0.000731003
FILLER_0_137_777, 357.94, 380.8, 0.000747063
FILLER_0_136_805, 370.74, 380.8, 0.000763122
FILLER_0_137_833, 383.54, 380.8, 0.000779182
FILLER_0_136_861, 396.34, 380.8, 0.000795242
FILLER_0_137_889, 409.14, 380.8, 0.000811302
FILLER_0_136_917, 421.94, 380.8, 0.000827362
FILLER_0_137_945, 434.74, 380.8, 0.000843421
FILLER_0_136_973, 447.54, 380.8, 0.000859481
FILLER_0_137_1001, 460.34, 380.8, 0.000875541
FILLER_0_136_1029, 473.14, 380.8, 0.000891601
FILLER_0_136_1085, 498.74, 380.8, 0.000876853
FILLER_0_137_1113, 511.54, 380.8, 0.000846047
FILLER_0_136_1141, 524.34, 380.8, 0.00081524
FILLER_0_137_1169, 537.14, 380.8, 0.000784433
FILLER_0_136_1197, 549.94, 380.8, 0.000753626
FILLER_0_137_1225, 562.74, 380.8, 0.000722819
FILLER_0_136_1253, 575.54, 380.8, 0.000692012
FILLER_0_135_1281, 601.14, 380.8, 0.000630398
FILLER_0_136_1309, 613.94, 380.8, 0.000599591
FILLER_0_135_1337, 626.74, 380.8, 0.000568784
FILLER_0_135_1393, 652.34, 380.8, 0.000523263
FILLER_0_136_1421, 665.14, 380.8, 0.000508548
FILLER_0_135_1449, 677.94, 380.8, 0.000493834
FILLER_0_136_1477, 690.74, 380.8, 0.00047912
FILLER_0_135_1505, 703.54, 380.8, 0.000464405
FILLER_0_136_1533, 716.34, 380.8, 0.000449691
FILLER_0_135_1561, 729.14, 380.8, 0.000434977
FILLER_0_136_1589, 741.94, 380.8, 0.000420262
FILLER_0_135_1617, 754.74, 380.8, 0.000405548
FILLER_0_136_1645, 767.54, 380.8, 0.000390834
FILLER_0_135_1673, 780.34, 380.8, 0.000376119
FILLER_0_135_1729, 805.94, 380.8, 0.000355806
FILLER_0_136_1757, 818.74, 380.8, 0.000350207
FILLER_0_135_1785, 831.54, 380.8, 0.000344608
FILLER_0_136_1813, 844.34, 380.8, 0.000339009
FILLER_0_135_1841, 857.14, 380.8, 0.00033341
FILLER_0_136_1869, 869.94, 380.8, 0.000327812
FILLER_0_135_1897, 882.74, 380.8, 0.000322213
FILLER_0_136_1925, 895.54, 380.8, 0.000316614
FILLER_0_135_1953, 908.34, 380.8, 0.000311015
FILLER_0_136_1981, 921.14, 380.8, 0.000305416
FILLER_0_135_2009, 933.94, 380.8, 0.000299817
FILLER_0_135_2065, 958.57, 380.8, 0.000294218
FILLER_0_136_2093, 970.4, 380.8, 0.000294218
FILLER_0_135_2121, 982.23, 380.8, 0.000294218
PHY_266, 5.52, 375.36, 0.000488809
PHY_268, 5.52, 375.36, 0.000488809
PHY_267, 994.06, 375.36, 0.00029368
PHY_269, 994.06, 375.36, 0.00029368
FILLER_0_133_2141, 994.06, 375.36, 0.00029368
FILLER_0_134_2137, 994.06, 375.36, 0.00029368
FILLER_0_134_77, 37.94, 375.36, 0.000493274
FILLER_0_135_105, 50.74, 375.36, 0.000497739
FILLER_0_134_133, 63.54, 375.36, 0.000502205
FILLER_0_135_161, 76.34, 375.36, 0.00050667
FILLER_0_134_189, 89.14, 375.36, 0.000511135
FILLER_0_135_217, 101.94, 375.36, 0.000515601
FILLER_0_134_245, 114.74, 375.36, 0.000520066
FILLER_0_135_273, 127.54, 375.36, 0.000524531
FILLER_0_134_301, 140.34, 375.36, 0.000528996
FILLER_0_135_329, 153.14, 375.36, 0.000533462
FILLER_0_134_357, 165.94, 375.36, 0.000537927
FILLER_0_134_413, 191.54, 375.36, 0.000551734
FILLER_0_135_441, 204.34, 375.36, 0.000561075
FILLER_0_134_469, 217.14, 375.36, 0.000570417
FILLER_0_135_497, 229.94, 375.36, 0.000579759
FILLER_0_134_525, 242.74, 375.36, 0.000589101
FILLER_0_135_553, 255.54, 375.36, 0.000598442
FILLER_0_134_581, 268.34, 375.36, 0.000607784
FILLER_0_135_609, 281.14, 375.36, 0.000617126
FILLER_0_134_637, 293.94, 375.36, 0.000626467
FILLER_0_135_665, 306.74, 375.36, 0.000635809
FILLER_0_134_693, 319.54, 375.36, 0.00064515
FILLER_0_134_749, 345.14, 375.36, 0.000670788
FILLER_0_135_777, 357.94, 375.36, 0.000687084
FILLER_0_134_805, 370.74, 375.36, 0.00070338
FILLER_0_135_833, 383.54, 375.36, 0.000719675
FILLER_0_134_861, 396.34, 375.36, 0.000735971
FILLER_0_135_889, 409.14, 375.36, 0.000752267
FILLER_0_134_917, 421.94, 375.36, 0.000768563
FILLER_0_135_945, 434.74, 375.36, 0.000784859
FILLER_0_134_973, 447.54, 375.36, 0.000801154
FILLER_0_135_1001, 460.34, 375.36, 0.00081745
FILLER_0_134_1029, 473.14, 375.36, 0.000833746
FILLER_0_134_1085, 498.74, 375.36, 0.000822939
FILLER_0_135_1113, 511.54, 375.36, 0.000795836
FILLER_0_134_1141, 524.34, 375.36, 0.000768733
FILLER_0_135_1169, 537.14, 375.36, 0.00074163
FILLER_0_134_1197, 549.94, 375.36, 0.000714526
FILLER_0_135_1225, 562.74, 375.36, 0.000687423
FILLER_0_134_1253, 575.54, 375.36, 0.00066032
FILLER_0_133_1281, 601.14, 375.36, 0.000606114
FILLER_0_134_1309, 613.94, 375.36, 0.000579011
FILLER_0_133_1337, 626.74, 375.36, 0.000551908
FILLER_0_133_1393, 652.34, 375.36, 0.000511
FILLER_0_134_1421, 665.14, 375.36, 0.000497195
FILLER_0_133_1449, 677.94, 375.36, 0.00048339
FILLER_0_134_1477, 690.74, 375.36, 0.000469585
FILLER_0_133_1505, 703.54, 375.36, 0.00045578
FILLER_0_134_1533, 716.34, 375.36, 0.000441976
FILLER_0_133_1561, 729.14, 375.36, 0.000428171
FILLER_0_134_1589, 741.94, 375.36, 0.000414366
FILLER_0_133_1617, 754.74, 375.36, 0.000400561
FILLER_0_134_1645, 767.54, 375.36, 0.000386756
FILLER_0_133_1673, 780.34, 375.36, 0.000372951
FILLER_0_133_1729, 805.94, 375.36, 0.000353691
FILLER_0_134_1757, 818.74, 375.36, 0.000348235
FILLER_0_133_1785, 831.54, 375.36, 0.00034278
FILLER_0_134_1813, 844.34, 375.36, 0.000337324
FILLER_0_133_1841, 857.14, 375.36, 0.000331869
FILLER_0_134_1869, 869.94, 375.36, 0.000326413
FILLER_0_133_1897, 882.74, 375.36, 0.000320958
FILLER_0_134_1925, 895.54, 375.36, 0.000315502
FILLER_0_133_1953, 908.34, 375.36, 0.000310047
FILLER_0_134_1981, 921.14, 375.36, 0.000304591
FILLER_0_133_2009, 933.94, 375.36, 0.000299135
FILLER_0_133_2065, 958.57, 375.36, 0.00029368
FILLER_0_134_2093, 970.4, 375.36, 0.00029368
FILLER_0_133_2121, 982.23, 375.36, 0.00029368
PHY_262, 5.52, 369.92, 0.000473804
PHY_264, 5.52, 369.92, 0.000473804
PHY_263, 994.06, 369.92, 0.000292872
PHY_265, 994.06, 369.92, 0.000292872
FILLER_0_131_2141, 994.06, 369.92, 0.000292872
FILLER_0_132_2137, 994.06, 369.92, 0.000292872
FILLER_0_132_77, 37.94, 369.92, 0.000477244
FILLER_0_133_105, 50.74, 369.92, 0.000480685
FILLER_0_132_133, 63.54, 369.92, 0.000484126
FILLER_0_133_161, 76.34, 369.92, 0.000487567
FILLER_0_132_189, 89.14, 369.92, 0.000491008
FILLER_0_133_217, 101.94, 369.92, 0.000494449
FILLER_0_132_245, 114.74, 369.92, 0.00049789
FILLER_0_133_273, 127.54, 369.92, 0.000501331
FILLER_0_132_301, 140.34, 369.92, 0.000504772
FILLER_0_133_329, 153.14, 369.92, 0.000508213
FILLER_0_132_357, 165.94, 369.92, 0.000511653
FILLER_0_132_413, 191.54, 369.92, 0.000521656
FILLER_0_133_441, 204.34, 369.92, 0.000528218
FILLER_0_132_469, 217.14, 369.92, 0.00053478
FILLER_0_133_497, 229.94, 369.92, 0.000541342
FILLER_0_132_525, 242.74, 369.92, 0.000547904
FILLER_0_133_553, 255.54, 369.92, 0.000554466
FILLER_0_132_581, 268.34, 369.92, 0.000561028
FILLER_0_133_609, 281.14, 369.92, 0.000567589
FILLER_0_132_637, 293.94, 369.92, 0.000574151
FILLER_0_133_665, 306.74, 369.92, 0.000580713
FILLER_0_132_693, 319.54, 369.92, 0.000587275
FILLER_0_132_749, 345.14, 369.92, 0.000610536
FILLER_0_133_777, 357.94, 369.92, 0.000627235
FILLER_0_132_805, 370.74, 369.92, 0.000643934
FILLER_0_133_833, 383.54, 369.92, 0.000660633
FILLER_0_132_861, 396.34, 369.92, 0.000677332
FILLER_0_133_889, 409.14, 369.92, 0.000694031
FILLER_0_132_917, 421.94, 369.92, 0.00071073
FILLER_0_133_945, 434.74, 369.92, 0.000727429
FILLER_0_132_973, 447.54, 369.92, 0.000744127
FILLER_0_133_1001, 460.34, 369.92, 0.000760826
FILLER_0_132_1029, 473.14, 369.92, 0.000777525
FILLER_0_132_1085, 498.74, 369.92, 0.000770635
FILLER_0_133_1113, 511.54, 369.92, 0.000747045
FILLER_0_132_1141, 524.34, 369.92, 0.000723456
FILLER_0_133_1169, 537.14, 369.92, 0.000699866
FILLER_0_132_1197, 549.94, 369.92, 0.000676276
FILLER_0_133_1225, 562.74, 369.92, 0.000652687
FILLER_0_132_1253, 575.54, 369.92, 0.000629097
FILLER_0_131_1281, 601.14, 369.92, 0.000581918
FILLER_0_132_1309, 613.94, 369.92, 0.000558329
FILLER_0_131_1337, 626.74, 369.92, 0.000534739
FILLER_0_131_1393, 652.34, 369.92, 0.000498261
FILLER_0_132_1421, 665.14, 369.92, 0.000485373
FILLER_0_131_1449, 677.94, 369.92, 0.000472484
FILLER_0_132_1477, 690.74, 369.92, 0.000459596
FILLER_0_131_1505, 703.54, 369.92, 0.000446708
FILLER_0_132_1533, 716.34, 369.92, 0.00043382
FILLER_0_131_1561, 729.14, 369.92, 0.000420931
FILLER_0_132_1589, 741.94, 369.92, 0.000408043
FILLER_0_131_1617, 754.74, 369.92, 0.000395155
FILLER_0_132_1645, 767.54, 369.92, 0.000382266
FILLER_0_131_1673, 780.34, 369.92, 0.000369378
FILLER_0_131_1729, 805.94, 369.92, 0.000351188
FILLER_0_132_1757, 818.74, 369.92, 0.000345887
FILLER_0_131_1785, 831.54, 369.92, 0.000340585
FILLER_0_132_1813, 844.34, 369.92, 0.000335284
FILLER_0_131_1841, 857.14, 369.92, 0.000329982
FILLER_0_132_1869, 869.94, 369.92, 0.000324681
FILLER_0_131_1897, 882.74, 369.92, 0.00031938
FILLER_0_132_1925, 895.54, 369.92, 0.000314078
FILLER_0_131_1953, 908.34, 369.92, 0.000308777
FILLER_0_132_1981, 921.14, 369.92, 0.000303475
FILLER_0_131_2009, 933.94, 369.92, 0.000298174
FILLER_0_131_2065, 958.57, 369.92, 0.000292872
FILLER_0_132_2093, 970.4, 369.92, 0.000292872
FILLER_0_131_2121, 982.23, 369.92, 0.000292872
PHY_258, 5.52, 364.48, 0.000458633
PHY_260, 5.52, 364.48, 0.000458633
PHY_259, 994.06, 364.48, 0.000291804
PHY_261, 994.06, 364.48, 0.000291804
FILLER_0_129_2141, 994.06, 364.48, 0.000291804
FILLER_0_130_2137, 994.06, 364.48, 0.000291804
FILLER_0_130_77, 37.94, 364.48, 0.00046105
FILLER_0_131_105, 50.74, 364.48, 0.000463467
FILLER_0_130_133, 63.54, 364.48, 0.000465884
FILLER_0_131_161, 76.34, 364.48, 0.000468301
FILLER_0_130_189, 89.14, 364.48, 0.000470717
FILLER_0_131_217, 101.94, 364.48, 0.000473134
FILLER_0_130_245, 114.74, 364.48, 0.000475551
FILLER_0_131_273, 127.54, 364.48, 0.000477968
FILLER_0_130_301, 140.34, 364.48, 0.000480385
FILLER_0_131_329, 153.14, 364.48, 0.000482801
FILLER_0_130_357, 165.94, 364.48, 0.000485218
FILLER_0_130_413, 191.54, 364.48, 0.000491402
FILLER_0_131_441, 204.34, 364.48, 0.000495169
FILLER_0_130_469, 217.14, 364.48, 0.000498936
FILLER_0_131_497, 229.94, 364.48, 0.000502703
FILLER_0_130_525, 242.74, 364.48, 0.00050647
FILLER_0_131_553, 255.54, 364.48, 0.000510237
FILLER_0_130_581, 268.34, 364.48, 0.000514004
FILLER_0_131_609, 281.14, 364.48, 0.00051777
FILLER_0_130_637, 293.94, 364.48, 0.000521537
FILLER_0_131_665, 306.74, 364.48, 0.000525304
FILLER_0_130_693, 319.54, 364.48, 0.000529071
FILLER_0_130_749, 345.14, 364.48, 0.000550108
FILLER_0_131_777, 357.94, 364.48, 0.000567378
FILLER_0_130_805, 370.74, 364.48, 0.000584647
FILLER_0_131_833, 383.54, 364.48, 0.000601917
FILLER_0_130_861, 396.34, 364.48, 0.000619187
FILLER_0_131_889, 409.14, 364.48, 0.000636456
FILLER_0_130_917, 421.94, 364.48, 0.000653726
FILLER_0_131_945, 434.74, 364.48, 0.000670996
FILLER_0_130_973, 447.54, 364.48, 0.000688265
FILLER_0_131_1001, 460.34, 364.48, 0.000705535
FILLER_0_130_1029, 473.14, 364.48, 0.000722804
FILLER_0_130_1085, 498.74, 364.48, 0.000719827
FILLER_0_131_1113, 511.54, 364.48, 0.000699581
FILLER_0_130_1141, 524.34, 364.48, 0.000679334
FILLER_0_131_1169, 537.14, 364.48, 0.000659088
FILLER_0_130_1197, 549.94, 364.48, 0.000638841
FILLER_0_131_1225, 562.74, 364.48, 0.000618595
FILLER_0_130_1253, 575.54, 364.48, 0.000598348
FILLER_0_129_1281, 601.14, 364.48, 0.000557855
FILLER_0_130_1309, 613.94, 364.48, 0.000537609
FILLER_0_129_1337, 626.74, 364.48, 0.000517362
FILLER_0_129_1393, 652.34, 364.48, 0.000485145
FILLER_0_130_1421, 665.14, 364.48, 0.000473175
FILLER_0_129_1449, 677.94, 364.48, 0.000461205
FILLER_0_130_1477, 690.74, 364.48, 0.000449235
FILLER_0_129_1505, 703.54, 364.48, 0.000437265
FILLER_0_130_1533, 716.34, 364.48, 0.000425295
FILLER_0_129_1561, 729.14, 364.48, 0.000413325
FILLER_0_130_1589, 741.94, 364.48, 0.000401355
FILLER_0_129_1617, 754.74, 364.48, 0.000389385
FILLER_0_130_1645, 767.54, 364.48, 0.000377415
FILLER_0_129_1673, 780.34, 364.48, 0.000365444
FILLER_0_129_1729, 805.94, 364.48, 0.000348335
FILLER_0_130_1757, 818.74, 364.48, 0.000343196
FILLER_0_129_1785, 831.54, 364.48, 0.000338057
FILLER_0_130_1813, 844.34, 364.48, 0.000332918
FILLER_0_129_1841, 857.14, 364.48, 0.000327778
FILLER_0_130_1869, 869.94, 364.48, 0.000322639
FILLER_0_129_1897, 882.74, 364.48, 0.0003175
FILLER_0_130_1925, 895.54, 364.48, 0.000312361
FILLER_0_129_1953, 908.34, 364.48, 0.000307222
FILLER_0_130_1981, 921.14, 364.48, 0.000302082
FILLER_0_129_2009, 933.94, 364.48, 0.000296943
FILLER_0_129_2065, 958.57, 364.48, 0.000291804
FILLER_0_130_2093, 970.4, 364.48, 0.000291804
FILLER_0_129_2121, 982.23, 364.48, 0.000291804
PHY_254, 5.52, 359.04, 0.000443349
PHY_256, 5.52, 359.04, 0.000443349
PHY_255, 994.06, 359.04, 0.000290485
PHY_257, 994.06, 359.04, 0.000290485
FILLER_0_127_2141, 994.06, 359.04, 0.000290485
FILLER_0_128_2137, 994.06, 359.04, 0.000290485
FILLER_0_128_77, 37.94, 359.04, 0.000444743
FILLER_0_129_105, 50.74, 359.04, 0.000446138
FILLER_0_128_133, 63.54, 359.04, 0.000447533
FILLER_0_129_161, 76.34, 359.04, 0.000448927
FILLER_0_128_189, 89.14, 359.04, 0.000450322
FILLER_0_129_217, 101.94, 359.04, 0.000451716
FILLER_0_128_245, 114.74, 359.04, 0.000453111
FILLER_0_129_273, 127.54, 359.04, 0.000454505
FILLER_0_128_301, 140.34, 359.04, 0.0004559
FILLER_0_129_329, 153.14, 359.04, 0.000457294
FILLER_0_128_357, 165.94, 359.04, 0.000458689
FILLER_0_128_413, 191.54, 359.04, 0.000461022
FILLER_0_129_441, 204.34, 359.04, 0.000461961
FILLER_0_128_469, 217.14, 359.04, 0.0004629
FILLER_0_129_497, 229.94, 359.04, 0.000463839
FILLER_0_128_525, 242.74, 359.04, 0.000464778
FILLER_0_129_553, 255.54, 359.04, 0.000465717
FILLER_0_128_581, 268.34, 359.04, 0.000466656
FILLER_0_129_609, 281.14, 359.04, 0.000467595
FILLER_0_128_637, 293.94, 359.04, 0.000468534
FILLER_0_129_665, 306.74, 359.04, 0.000469473
FILLER_0_128_693, 319.54, 359.04, 0.000470412
FILLER_0_128_749, 345.14, 359.04, 0.000489361
FILLER_0_129_777, 357.94, 359.04, 0.000507371
FILLER_0_128_805, 370.74, 359.04, 0.000525381
FILLER_0_129_833, 383.54, 359.04, 0.000543391
FILLER_0_128_861, 396.34, 359.04, 0.000561401
FILLER_0_129_889, 409.14, 359.04, 0.000579411
FILLER_0_128_917, 421.94, 359.04, 0.000597421
FILLER_0_129_945, 434.74, 359.04, 0.000615431
FILLER_0_128_973, 447.54, 359.04, 0.000633441
FILLER_0_129_1001, 460.34, 359.04, 0.000651451
FILLER_0_128_1029, 473.14, 359.04, 0.000669461
FILLER_0_128_1085, 498.74, 359.04, 0.000670415
FILLER_0_129_1113, 511.54, 359.04, 0.000653359
FILLER_0_128_1141, 524.34, 359.04, 0.000636303
FILLER_0_129_1169, 537.14, 359.04, 0.000619248
FILLER_0_128_1197, 549.94, 359.04, 0.000602192
FILLER_0_129_1225, 562.74, 359.04, 0.000585136
FILLER_0_128_1253, 575.54, 359.04, 0.00056808
FILLER_0_127_1281, 601.14, 359.04, 0.000533969
FILLER_0_128_1309, 613.94, 359.04, 0.000516913
FILLER_0_127_1337, 626.74, 359.04, 0.000499857
FILLER_0_127_1393, 652.34, 359.04, 0.000471746
FILLER_0_128_1421, 665.14, 359.04, 0.000460691
FILLER_0_127_1449, 677.94, 359.04, 0.000449636
FILLER_0_128_1477, 690.74, 359.04, 0.00043858
FILLER_0_127_1505, 703.54, 359.04, 0.000427525
FILLER_0_128_1533, 716.34, 359.04, 0.00041647
FILLER_0_127_1561, 729.14, 359.04, 0.000405415
FILLER_0_128_1589, 741.94, 359.04, 0.00039436
FILLER_0_127_1617, 754.74, 359.04, 0.000383304
FILLER_0_128_1645, 767.54, 359.04, 0.000372249
FILLER_0_127_1673, 780.34, 359.04, 0.000361194
FILLER_0_127_1729, 805.94, 359.04, 0.000345168
FILLER_0_128_1757, 818.74, 359.04, 0.000340196
FILLER_0_127_1785, 831.54, 359.04, 0.000335225
FILLER_0_128_1813, 844.34, 359.04, 0.000330254
FILLER_0_127_1841, 857.14, 359.04, 0.000325283
FILLER_0_128_1869, 869.94, 359.04, 0.000320312
FILLER_0_127_1897, 882.74, 359.04, 0.000315341
FILLER_0_128_1925, 895.54, 359.04, 0.00031037
FILLER_0_127_1953, 908.34, 359.04, 0.000305398
FILLER_0_128_1981, 921.14, 359.04, 0.000300427
FILLER_0_127_2009, 933.94, 359.04, 0.000295456
FILLER_0_127_2065, 958.57, 359.04, 0.000290485
FILLER_0_128_2093, 970.4, 359.04, 0.000290485
FILLER_0_127_2121, 982.23, 359.04, 0.000290485
PHY_250, 5.52, 353.6, 0.000428
PHY_252, 5.52, 353.6, 0.000428
PHY_251, 994.06, 353.6, 0.000288925
PHY_253, 994.06, 353.6, 0.000288925
FILLER_0_125_2141, 994.06, 353.6, 0.000288925
FILLER_0_126_2137, 994.06, 353.6, 0.000288925
FILLER_0_126_77, 37.94, 353.6, 0.000428376
FILLER_0_127_105, 50.74, 353.6, 0.000428752
FILLER_0_126_133, 63.54, 353.6, 0.000429128
FILLER_0_127_161, 76.34, 353.6, 0.000429504
FILLER_0_126_189, 89.14, 353.6, 0.00042988
FILLER_0_127_217, 101.94, 353.6, 0.000430256
FILLER_0_126_245, 114.74, 353.6, 0.000430631
FILLER_0_127_273, 127.54, 353.6, 0.000431007
FILLER_0_126_301, 140.34, 353.6, 0.000431383
FILLER_0_127_329, 153.14, 353.6, 0.000431759
FILLER_0_126_357, 165.94, 353.6, 0.000432135
FILLER_0_126_413, 191.54, 353.6, 0.00043057
FILLER_0_127_441, 204.34, 353.6, 0.000428629
FILLER_0_126_469, 217.14, 353.6, 0.000426688
FILLER_0_127_497, 229.94, 353.6, 0.000424747
FILLER_0_126_525, 242.74, 353.6, 0.000422807
FILLER_0_127_553, 255.54, 353.6, 0.000420866
FILLER_0_126_581, 268.34, 353.6, 0.000418925
FILLER_0_127_609, 281.14, 353.6, 0.000416984
FILLER_0_126_637, 293.94, 353.6, 0.000415043
FILLER_0_127_665, 306.74, 353.6, 0.000413102
FILLER_0_126_693, 319.54, 353.6, 0.000411162
FILLER_0_126_749, 345.14, 353.6, 0.000428145
FILLER_0_127_777, 357.94, 353.6, 0.000447069
FILLER_0_126_805, 370.74, 353.6, 0.000465992
FILLER_0_127_833, 383.54, 353.6, 0.000484916
FILLER_0_126_861, 396.34, 353.6, 0.00050384
FILLER_0_127_889, 409.14, 353.6, 0.000522764
FILLER_0_126_917, 421.94, 353.6, 0.000541688
FILLER_0_127_945, 434.74, 353.6, 0.000560612
FILLER_0_126_973, 447.54, 353.6, 0.000579535
FILLER_0_127_1001, 460.34, 353.6, 0.000598459
FILLER_0_126_1029, 473.14, 353.6, 0.000617383
FILLER_0_126_1085, 498.74, 353.6, 0.000622306
FILLER_0_127_1113, 511.54, 353.6, 0.000608306
FILLER_0_126_1141, 524.34, 353.6, 0.000594305
FILLER_0_127_1169, 537.14, 353.6, 0.000580304
FILLER_0_126_1197, 549.94, 353.6, 0.000566304
FILLER_0_127_1225, 562.74, 353.6, 0.000552303
FILLER_0_126_1253, 575.54, 353.6, 0.000538302
FILLER_0_125_1281, 601.14, 353.6, 0.000510301
FILLER_0_126_1309, 613.94, 353.6, 0.0004963
FILLER_0_125_1337, 626.74, 353.6, 0.0004823
FILLER_0_125_1393, 652.34, 353.6, 0.000458151
FILLER_0_126_1421, 665.14, 353.6, 0.000448003
FILLER_0_125_1449, 677.94, 353.6, 0.000437854
FILLER_0_126_1477, 690.74, 353.6, 0.000427706
FILLER_0_125_1505, 703.54, 353.6, 0.000417558
FILLER_0_126_1533, 716.34, 353.6, 0.00040741
FILLER_0_125_1561, 729.14, 353.6, 0.000397262
FILLER_0_126_1589, 741.94, 353.6, 0.000387113
FILLER_0_125_1617, 754.74, 353.6, 0.000376965
FILLER_0_126_1645, 767.54, 353.6, 0.000366817
FILLER_0_125_1673, 780.34, 353.6, 0.000356669
FILLER_0_125_1729, 805.94, 353.6, 0.000341721
FILLER_0_126_1757, 818.74, 353.6, 0.000336921
FILLER_0_125_1785, 831.54, 353.6, 0.000332122
FILLER_0_126_1813, 844.34, 353.6, 0.000327322
FILLER_0_125_1841, 857.14, 353.6, 0.000322522
FILLER_0_126_1869, 869.94, 353.6, 0.000317723
FILLER_0_125_1897, 882.74, 353.6, 0.000312923
FILLER_0_126_1925, 895.54, 353.6, 0.000308123
FILLER_0_125_1953, 908.34, 353.6, 0.000303324
FILLER_0_126_1981, 921.14, 353.6, 0.000298524
FILLER_0_125_2009, 933.94, 353.6, 0.000293724
FILLER_0_125_2065, 958.57, 353.6, 0.000288925
FILLER_0_126_2093, 970.4, 353.6, 0.000288925
FILLER_0_125_2121, 982.23, 353.6, 0.000288925
PHY_246, 5.52, 348.16, 0.000412638
PHY_248, 5.52, 348.16, 0.000412638
PHY_247, 994.06, 348.16, 0.000287133
PHY_249, 994.06, 348.16, 0.000287133
FILLER_0_123_2141, 994.06, 348.16, 0.000287133
FILLER_0_124_2137, 994.06, 348.16, 0.000287133
FILLER_0_124_77, 37.94, 348.16, 0.000412001
FILLER_0_125_105, 50.74, 348.16, 0.000411363
FILLER_0_124_133, 63.54, 348.16, 0.000410726
FILLER_0_125_161, 76.34, 348.16, 0.000410088
FILLER_0_124_189, 89.14, 348.16, 0.000409451
FILLER_0_125_217, 101.94, 348.16, 0.000408813
FILLER_0_124_245, 114.74, 348.16, 0.000408176
FILLER_0_125_273, 127.54, 348.16, 0.000407539
FILLER_0_124_301, 140.34, 348.16, 0.000406901
FILLER_0_125_329, 153.14, 348.16, 0.000406264
FILLER_0_124_357, 165.94, 348.16, 0.000405626
FILLER_0_124_413, 191.54, 348.16, 0.000400097
FILLER_0_125_441, 204.34, 348.16, 0.000395205
FILLER_0_124_469, 217.14, 348.16, 0.000390313
FILLER_0_125_497, 229.94, 348.16, 0.000385421
FILLER_0_124_525, 242.74, 348.16, 0.000380529
FILLER_0_125_553, 255.54, 348.16, 0.000375638
FILLER_0_124_581, 268.34, 348.16, 0.000370746
FILLER_0_125_609, 281.14, 348.16, 0.000365854
FILLER_0_124_637, 293.94, 348.16, 0.000360962
FILLER_0_125_665, 306.74, 348.16, 0.00035607
FILLER_0_124_693, 319.54, 348.16, 0.000351178
FILLER_0_124_749, 345.14, 348.16, 0.000366303
FILLER_0_125_777, 357.94, 348.16, 0.00038632
FILLER_0_124_805, 370.74, 348.16, 0.000406337
FILLER_0_125_833, 383.54, 348.16, 0.000426353
FILLER_0_124_861, 396.34, 348.16, 0.00044637
FILLER_0_125_889, 409.14, 348.16, 0.000466387
FILLER_0_124_917, 421.94, 348.16, 0.000486404
FILLER_0_125_945, 434.74, 348.16, 0.00050642
FILLER_0_124_973, 447.54, 348.16, 0.000526437
FILLER_0_125_1001, 460.34, 348.16, 0.000546454
FILLER_0_124_1029, 473.14, 348.16, 0.000566471
FILLER_0_124_1085, 498.74, 348.16, 0.000575422
FILLER_0_125_1113, 511.54, 348.16, 0.000564356
FILLER_0_124_1141, 524.34, 348.16, 0.00055329
FILLER_0_125_1169, 537.14, 348.16, 0.000542224
FILLER_0_124_1197, 549.94, 348.16, 0.000531158
FILLER_0_125_1225, 562.74, 348.16, 0.000520092
FILLER_0_124_1253, 575.54, 348.16, 0.000509026
FILLER_0_123_1281, 601.14, 348.16, 0.000486894
FILLER_0_124_1309, 613.94, 348.16, 0.000475829
FILLER_0_123_1337, 626.74, 348.16, 0.000464763
FILLER_0_123_1393, 652.34, 348.16, 0.000444443
FILLER_0_124_1421, 665.14, 348.16, 0.00043519
FILLER_0_123_1449, 677.94, 348.16, 0.000425937
FILLER_0_124_1477, 690.74, 348.16, 0.000416683
FILLER_0_123_1505, 703.54, 348.16, 0.00040743
FILLER_0_124_1533, 716.34, 348.16, 0.000398177
FILLER_0_123_1561, 729.14, 348.16, 0.000388923
FILLER_0_124_1589, 741.94, 348.16, 0.00037967
FILLER_0_123_1617, 754.74, 348.16, 0.000370416
FILLER_0_124_1645, 767.54, 348.16, 0.000361163
FILLER_0_123_1673, 780.34, 348.16, 0.00035191
FILLER_0_123_1729, 805.94, 348.16, 0.000338029
FILLER_0_124_1757, 818.74, 348.16, 0.000333402
FILLER_0_123_1785, 831.54, 348.16, 0.000328776
FILLER_0_124_1813, 844.34, 348.16, 0.000324149
FILLER_0_123_1841, 857.14, 348.16, 0.000319522
FILLER_0_124_1869, 869.94, 348.16, 0.000314895
FILLER_0_123_1897, 882.74, 348.16, 0.000310268
FILLER_0_124_1925, 895.54, 348.16, 0.000305641
FILLER_0_123_1953, 908.34, 348.16, 0.000301014
FILLER_0_124_1981, 921.14, 348.16, 0.000296387
FILLER_0_123_2009, 933.94, 348.16, 0.00029176
FILLER_0_123_2065, 958.57, 348.16, 0.000287133
FILLER_0_124_2093, 970.4, 348.16, 0.000287133
FILLER_0_123_2121, 982.23, 348.16, 0.000287133
PHY_242, 5.52, 342.72, 0.000397312
PHY_244, 5.52, 342.72, 0.000397312
PHY_243, 994.06, 342.72, 0.000285121
PHY_245, 994.06, 342.72, 0.000285121
FILLER_0_121_2141, 994.06, 342.72, 0.000285121
FILLER_0_122_2137, 994.06, 342.72, 0.000285121
FILLER_0_122_77, 37.94, 342.72, 0.000395669
FILLER_0_123_105, 50.74, 342.72, 0.000394026
FILLER_0_122_133, 63.54, 342.72, 0.000392382
FILLER_0_123_161, 76.34, 342.72, 0.000390739
FILLER_0_122_189, 89.14, 342.72, 0.000389096
FILLER_0_123_217, 101.94, 342.72, 0.000387453
FILLER_0_122_245, 114.74, 342.72, 0.000385809
FILLER_0_123_273, 127.54, 342.72, 0.000384166
FILLER_0_122_301, 140.34, 342.72, 0.000382523
FILLER_0_123_329, 153.14, 342.72, 0.00038088
FILLER_0_122_357, 165.94, 342.72, 0.000379236
FILLER_0_122_413, 191.54, 342.72, 0.000369658
FILLER_0_123_441, 204.34, 342.72, 0.000361724
FILLER_0_122_469, 217.14, 342.72, 0.000353789
FILLER_0_123_497, 229.94, 342.72, 0.000345854
FILLER_0_122_525, 242.74, 342.72, 0.000337919
FILLER_0_123_553, 255.54, 342.72, 0.000329984
FILLER_0_122_581, 268.34, 342.72, 0.00032205
FILLER_0_123_609, 281.14, 342.72, 0.000314115
FILLER_0_122_637, 293.94, 342.72, 0.00030618
FILLER_0_123_665, 306.74, 342.72, 0.000298245
FILLER_0_122_693, 319.54, 342.72, 0.00029031
FILLER_0_122_749, 345.14, 342.72, 0.000303671
FILLER_0_123_777, 357.94, 342.72, 0.000324968
FILLER_0_122_805, 370.74, 342.72, 0.000346264
FILLER_0_123_833, 383.54, 342.72, 0.00036756
FILLER_0_122_861, 396.34, 342.72, 0.000388856
FILLER_0_123_889, 409.14, 342.72, 0.000410152
FILLER_0_122_917, 421.94, 342.72, 0.000431448
FILLER_0_123_945, 434.74, 342.72, 0.000452745
FILLER_0_122_973, 447.54, 342.72, 0.000474041
FILLER_0_123_1001, 460.34, 342.72, 0.000495337
FILLER_0_122_1029, 473.14, 342.72, 0.000516633
FILLER_0_122_1085, 498.74, 342.72, 0.000529692
FILLER_0_123_1113, 511.54, 342.72, 0.000521454
FILLER_0_122_1141, 524.34, 342.72, 0.000513216
FILLER_0_123_1169, 537.14, 342.72, 0.000504979
FILLER_0_122_1197, 549.94, 342.72, 0.000496741
FILLER_0_123_1225, 562.74, 342.72, 0.000488504
FILLER_0_122_1253, 575.54, 342.72, 0.000480266
FILLER_0_121_1281, 601.14, 342.72, 0.000463791
FILLER_0_122_1309, 613.94, 342.72, 0.000455553
FILLER_0_121_1337, 626.74, 342.72, 0.000447316
FILLER_0_121_1393, 652.34, 342.72, 0.000430703
FILLER_0_122_1421, 665.14, 342.72, 0.000422329
FILLER_0_121_1449, 677.94, 342.72, 0.000413954
FILLER_0_122_1477, 690.74, 342.72, 0.00040558
FILLER_0_121_1505, 703.54, 342.72, 0.000397205
FILLER_0_122_1533, 716.34, 342.72, 0.00038883
FILLER_0_121_1561, 729.14, 342.72, 0.000380455
FILLER_0_122_1589, 741.94, 342.72, 0.000372081
FILLER_0_121_1617, 754.74, 342.72, 0.000363706
FILLER_0_122_1645, 767.54, 342.72, 0.000355331
FILLER_0_121_1673, 780.34, 342.72, 0.000346957
FILLER_0_121_1729, 805.94, 342.72, 0.000334127
FILLER_0_122_1757, 818.74, 342.72, 0.000329672
FILLER_0_121_1785, 831.54, 342.72, 0.000325217
FILLER_0_122_1813, 844.34, 342.72, 0.000320762
FILLER_0_121_1841, 857.14, 342.72, 0.000316307
FILLER_0_122_1869, 869.94, 342.72, 0.000311852
FILLER_0_121_1897, 882.74, 342.72, 0.000307396
FILLER_0_122_1925, 895.54, 342.72, 0.000302941
FILLER_0_121_1953, 908.34, 342.72, 0.000298486
FILLER_0_122_1981, 921.14, 342.72, 0.000294031
FILLER_0_121_2009, 933.94, 342.72, 0.000289576
FILLER_0_121_2065, 958.57, 342.72, 0.000285121
FILLER_0_122_2093, 970.4, 342.72, 0.000285121
FILLER_0_121_2121, 982.23, 342.72, 0.000285121
PHY_238, 5.52, 337.28, 0.000423369
PHY_240, 5.52, 337.28, 0.000423369
output15, 5.52, 337.28, 0.000423369
PHY_239, 994.06, 337.28, 0.000282897
PHY_241, 994.06, 337.28, 0.000282897
FILLER_0_119_2141, 994.06, 337.28, 0.000282897
FILLER_0_120_2137, 994.06, 337.28, 0.000282897
FILLER_0_120_77, 37.94, 337.28, 0.000391782
FILLER_0_121_105, 50.74, 337.28, 0.00038809
FILLER_0_120_133, 63.54, 337.28, 0.000384399
FILLER_0_121_161, 76.34, 337.28, 0.000380708
FILLER_0_120_189, 89.14, 337.28, 0.000377017
FILLER_0_121_217, 101.94, 337.28, 0.000373325
FILLER_0_120_245, 114.74, 337.28, 0.000369634
FILLER_0_121_273, 127.54, 337.28, 0.000365943
FILLER_0_120_301, 140.34, 337.28, 0.000362251
FILLER_0_121_329, 153.14, 337.28, 0.00035856
FILLER_0_120_357, 165.94, 337.28, 0.000354869
FILLER_0_120_413, 191.54, 337.28, 0.000340025
FILLER_0_121_441, 204.34, 337.28, 0.000328873
FILLER_0_120_469, 217.14, 337.28, 0.00031772
FILLER_0_121_497, 229.94, 337.28, 0.000306568
FILLER_0_120_525, 242.74, 337.28, 0.000295416
FILLER_0_121_553, 255.54, 337.28, 0.000284264
FILLER_0_120_581, 268.34, 337.28, 0.000273111
FILLER_0_121_609, 281.14, 337.28, 0.000261959
FILLER_0_120_637, 293.94, 337.28, 0.000250807
FILLER_0_121_665, 306.74, 337.28, 0.000239654
FILLER_0_120_693, 319.54, 337.28, 0.000228502
FILLER_0_120_749, 345.14, 337.28, 0.000240117
FILLER_0_121_777, 357.94, 337.28, 0.000262885
FILLER_0_120_805, 370.74, 337.28, 0.000285653
FILLER_0_121_833, 383.54, 337.28, 0.000308421
FILLER_0_120_861, 396.34, 337.28, 0.000331189
FILLER_0_121_889, 409.14, 337.28, 0.000353956
FILLER_0_120_917, 421.94, 337.28, 0.000376724
FILLER_0_121_945, 434.74, 337.28, 0.000399492
FILLER_0_120_973, 447.54, 337.28, 0.00042226
FILLER_0_121_1001, 460.34, 337.28, 0.000445027
FILLER_0_120_1029, 473.14, 337.28, 0.000467795
FILLER_0_120_1085, 498.74, 337.28, 0.00048506
FILLER_0_121_1113, 511.54, 337.28, 0.000479557
FILLER_0_120_1141, 524.34, 337.28, 0.000474053
FILLER_0_121_1169, 537.14, 337.28, 0.00046855
FILLER_0_120_1197, 549.94, 337.28, 0.000463047
FILLER_0_121_1225, 562.74, 337.28, 0.000457544
FILLER_0_120_1253, 575.54, 337.28, 0.00045204
FILLER_0_119_1281, 601.14, 337.28, 0.000441034
FILLER_0_120_1309, 613.94, 337.28, 0.00043553
FILLER_0_119_1337, 626.74, 337.28, 0.000430027
FILLER_0_119_1393, 652.34, 337.28, 0.000417008
FILLER_0_120_1421, 665.14, 337.28, 0.000409492
FILLER_0_119_1449, 677.94, 337.28, 0.000401976
FILLER_0_120_1477, 690.74, 337.28, 0.00039446
FILLER_0_119_1505, 703.54, 337.28, 0.000386945
FILLER_0_120_1533, 716.34, 337.28, 0.000379429
FILLER_0_119_1561, 729.14, 337.28, 0.000371913
FILLER_0_120_1589, 741.94, 337.28, 0.000364397
FILLER_0_119_1617, 754.74, 337.28, 0.000356881
FILLER_0_120_1645, 767.54, 337.28, 0.000349365
FILLER_0_119_1673, 780.34, 337.28, 0.000341849
FILLER_0_119_1729, 805.94, 337.28, 0.000330047
FILLER_0_120_1757, 818.74, 337.28, 0.00032576
FILLER_0_119_1785, 831.54, 337.28, 0.000321474
FILLER_0_120_1813, 844.34, 337.28, 0.000317188
FILLER_0_119_1841, 857.14, 337.28, 0.000312902
FILLER_0_120_1869, 869.94, 337.28, 0.000308615
FILLER_0_119_1897, 882.74, 337.28, 0.000304329
FILLER_0_120_1925, 895.54, 337.28, 0.000300043
FILLER_0_119_1953, 908.34, 337.28, 0.000295756
FILLER_0_120_1981, 921.14, 337.28, 0.00029147
FILLER_0_119_2009, 933.94, 337.28, 0.000287184
FILLER_0_119_2065, 958.57, 337.28, 0.000282897
FILLER_0_120_2093, 970.4, 337.28, 0.000282897
FILLER_0_119_2121, 982.23, 337.28, 0.000282897
PHY_234, 5.52, 331.84, 0.000370308
PHY_236, 5.52, 331.84, 0.000370308
PHY_235, 994.06, 331.84, 0.000277692
PHY_237, 994.06, 331.84, 0.000277692
FILLER_0_117_2141, 994.06, 331.84, 0.000277692
FILLER_0_118_2137, 994.06, 331.84, 0.000277692
FILLER_0_118_77, 37.94, 331.84, 0.000367883
FILLER_0_119_105, 50.74, 331.84, 0.000365458
FILLER_0_118_133, 63.54, 331.84, 0.000363034
FILLER_0_119_161, 76.34, 331.84, 0.000360609
FILLER_0_118_189, 89.14, 331.84, 0.000358184
FILLER_0_119_217, 101.94, 331.84, 0.000355759
FILLER_0_118_245, 114.74, 331.84, 0.000353334
FILLER_0_119_273, 127.54, 331.84, 0.00035091
FILLER_0_118_301, 140.34, 331.84, 0.000348485
FILLER_0_119_329, 153.14, 331.84, 0.00034606
FILLER_0_118_357, 165.94, 331.84, 0.000343635
FILLER_0_118_413, 191.54, 331.84, 0.000331355
FILLER_0_119_441, 204.34, 331.84, 0.000321499
FILLER_0_118_469, 217.14, 331.84, 0.000311644
FILLER_0_119_497, 229.94, 331.84, 0.000301788
FILLER_0_118_525, 242.74, 331.84, 0.000291933
FILLER_0_119_553, 255.54, 331.84, 0.000282077
FILLER_0_118_581, 268.34, 331.84, 0.000272221
FILLER_0_119_609, 281.14, 331.84, 0.000262366
FILLER_0_118_637, 293.94, 331.84, 0.00025251
FILLER_0_119_665, 306.74, 331.84, 0.000242655
FILLER_0_118_693, 319.54, 331.84, 0.000232799
FILLER_0_118_749, 345.14, 331.84, 0.000243765
FILLER_0_119_777, 357.94, 331.84, 0.000264587
FILLER_0_118_805, 370.74, 331.84, 0.000285408
FILLER_0_119_833, 383.54, 331.84, 0.00030623
FILLER_0_118_861, 396.34, 331.84, 0.000327051
FILLER_0_119_889, 409.14, 331.84, 0.000347873
FILLER_0_118_917, 421.94, 331.84, 0.000368694
FILLER_0_119_945, 434.74, 331.84, 0.000389515
FILLER_0_118_973, 447.54, 331.84, 0.000410337
FILLER_0_119_1001, 460.34, 331.84, 0.000431158
FILLER_0_118_1029, 473.14, 331.84, 0.00045198
FILLER_0_118_1085, 498.74, 331.84, 0.000467937
FILLER_0_119_1113, 511.54, 331.84, 0.000463072
FILLER_0_118_1141, 524.34, 331.84, 0.000458208
FILLER_0_119_1169, 537.14, 331.84, 0.000453343
FILLER_0_118_1197, 549.94, 331.84, 0.000448478
FILLER_0_119_1225, 562.74, 331.84, 0.000443614
FILLER_0_118_1253, 575.54, 331.84, 0.000438749
FILLER_0_117_1281, 601.14, 331.84, 0.00042902
FILLER_0_118_1309, 613.94, 331.84, 0.000424155
FILLER_0_117_1337, 626.74, 331.84, 0.000419291
FILLER_0_117_1393, 652.34, 331.84, 0.000407256
FILLER_0_118_1421, 665.14, 331.84, 0.000400087
FILLER_0_117_1449, 677.94, 331.84, 0.000392917
FILLER_0_118_1477, 690.74, 331.84, 0.000385748
FILLER_0_117_1505, 703.54, 331.84, 0.000378578
FILLER_0_118_1533, 716.34, 331.84, 0.000371409
FILLER_0_117_1561, 729.14, 331.84, 0.000364239
FILLER_0_118_1589, 741.94, 331.84, 0.000357069
FILLER_0_117_1617, 754.74, 331.84, 0.0003499
FILLER_0_118_1645, 767.54, 331.84, 0.00034273
FILLER_0_117_1673, 780.34, 331.84, 0.00033556
FILLER_0_117_1729, 805.94, 331.84, 0.000324166
FILLER_0_118_1757, 818.74, 331.84, 0.000319941
FILLER_0_117_1785, 831.54, 331.84, 0.000315716
FILLER_0_118_1813, 844.34, 331.84, 0.000311491
FILLER_0_117_1841, 857.14, 331.84, 0.000307266
FILLER_0_118_1869, 869.94, 331.84, 0.000303041
FILLER_0_117_1897, 882.74, 331.84, 0.000298816
FILLER_0_118_1925, 895.54, 331.84, 0.000294591
FILLER_0_117_1953, 908.34, 331.84, 0.000290366
FILLER_0_118_1981, 921.14, 331.84, 0.000286141
FILLER_0_117_2009, 933.94, 331.84, 0.000281916
FILLER_0_117_2065, 958.57, 331.84, 0.000277691
FILLER_0_118_2093, 970.4, 331.84, 0.000277691
FILLER_0_117_2121, 982.23, 331.84, 0.000277692
PHY_230, 5.52, 326.4, 0.000358737
PHY_232, 5.52, 326.4, 0.000358737
PHY_231, 994.06, 326.4, 0.000272241
PHY_233, 994.06, 326.4, 0.000272241
FILLER_0_115_2141, 994.06, 326.4, 0.000272241
FILLER_0_116_2137, 994.06, 326.4, 0.000272241
FILLER_0_116_77, 37.94, 326.4, 0.000356556
FILLER_0_117_105, 50.74, 326.4, 0.000354376
FILLER_0_116_133, 63.54, 326.4, 0.000352195
FILLER_0_117_161, 76.34, 326.4, 0.000350014
FILLER_0_116_189, 89.14, 326.4, 0.000347834
FILLER_0_117_217, 101.94, 326.4, 0.000345653
FILLER_0_116_245, 114.74, 326.4, 0.000343472
FILLER_0_117_273, 127.54, 326.4, 0.000341292
FILLER_0_116_301, 140.34, 326.4, 0.000339111
FILLER_0_117_329, 153.14, 326.4, 0.00033693
FILLER_0_116_357, 165.94, 326.4, 0.00033475
FILLER_0_116_413, 191.54, 326.4, 0.000323902
FILLER_0_117_441, 204.34, 326.4, 0.000315235
FILLER_0_116_469, 217.14, 326.4, 0.000306569
FILLER_0_117_497, 229.94, 326.4, 0.000297902
FILLER_0_116_525, 242.74, 326.4, 0.000289235
FILLER_0_117_553, 255.54, 326.4, 0.000280568
FILLER_0_116_581, 268.34, 326.4, 0.000271901
FILLER_0_117_609, 281.14, 326.4, 0.000263235
FILLER_0_116_637, 293.94, 326.4, 0.000254568
FILLER_0_117_665, 306.74, 326.4, 0.000245901
FILLER_0_116_693, 319.54, 326.4, 0.000237234
FILLER_0_116_749, 345.14, 326.4, 0.000247566
FILLER_0_117_777, 357.94, 326.4, 0.000266564
FILLER_0_116_805, 370.74, 326.4, 0.000285563
FILLER_0_117_833, 383.54, 326.4, 0.000304561
FILLER_0_116_861, 396.34, 326.4, 0.00032356
FILLER_0_117_889, 409.14, 326.4, 0.000342558
FILLER_0_116_917, 421.94, 326.4, 0.000361557
FILLER_0_117_945, 434.74, 326.4, 0.000380555
FILLER_0_116_973, 447.54, 326.4, 0.000399553
FILLER_0_117_1001, 460.34, 326.4, 0.000418552
FILLER_0_116_1029, 473.14, 326.4, 0.00043755
FILLER_0_116_1085, 498.74, 326.4, 0.000452216
FILLER_0_117_1113, 511.54, 326.4, 0.000447882
FILLER_0_116_1141, 524.34, 326.4, 0.000443549
FILLER_0_117_1169, 537.14, 326.4, 0.000439216
FILLER_0_116_1197, 549.94, 326.4, 0.000434883
FILLER_0_117_1225, 562.74, 326.4, 0.00043055
FILLER_0_116_1253, 575.54, 326.4, 0.000426217
FILLER_0_115_1281, 601.14, 326.4, 0.00041755
FILLER_0_116_1309, 613.94, 326.4, 0.000413217
FILLER_0_115_1337, 626.74, 326.4, 0.000408884
FILLER_0_115_1393, 652.34, 326.4, 0.000397696
FILLER_0_116_1421, 665.14, 326.4, 0.000390841
FILLER_0_115_1449, 677.94, 326.4, 0.000383987
FILLER_0_116_1477, 690.74, 326.4, 0.000377132
FILLER_0_115_1505, 703.54, 326.4, 0.000370277
FILLER_0_116_1533, 716.34, 326.4, 0.000363423
FILLER_0_115_1561, 729.14, 326.4, 0.000356568
FILLER_0_116_1589, 741.94, 326.4, 0.000349713
FILLER_0_115_1617, 754.74, 326.4, 0.000342859
FILLER_0_116_1645, 767.54, 326.4, 0.000336004
FILLER_0_115_1673, 780.34, 326.4, 0.000329149
FILLER_0_115_1729, 805.94, 326.4, 0.000318123
FILLER_0_116_1757, 818.74, 326.4, 0.000313952
FILLER_0_115_1785, 831.54, 326.4, 0.000309781
FILLER_0_116_1813, 844.34, 326.4, 0.00030561
FILLER_0_115_1841, 857.14, 326.4, 0.000301439
FILLER_0_116_1869, 869.94, 326.4, 0.000297268
FILLER_0_115_1897, 882.74, 326.4, 0.000293097
FILLER_0_116_1925, 895.54, 326.4, 0.000288926
FILLER_0_115_1953, 908.34, 326.4, 0.000284754
FILLER_0_116_1981, 921.14, 326.4, 0.000280583
FILLER_0_115_2009, 933.94, 326.4, 0.000276412
FILLER_0_115_2065, 958.57, 326.4, 0.000272241
FILLER_0_116_2093, 970.4, 326.4, 0.000272241
FILLER_0_115_2121, 982.23, 326.4, 0.000272241
PHY_226, 5.52, 320.96, 0.000347278
PHY_228, 5.52, 320.96, 0.000347278
PHY_227, 994.06, 320.96, 0.000266595
PHY_229, 994.06, 320.96, 0.000266595
FILLER_0_113_2141, 994.06, 320.96, 0.000266595
FILLER_0_114_2137, 994.06, 320.96, 0.000266595
FILLER_0_114_77, 37.94, 320.96, 0.00034535
FILLER_0_115_105, 50.74, 320.96, 0.000343422
FILLER_0_114_133, 63.54, 320.96, 0.000341495
FILLER_0_115_161, 76.34, 320.96, 0.000339567
FILLER_0_114_189, 89.14, 320.96, 0.000337639
FILLER_0_115_217, 101.94, 320.96, 0.000335712
FILLER_0_114_245, 114.74, 320.96, 0.000333784
FILLER_0_115_273, 127.54, 320.96, 0.000331856
FILLER_0_114_301, 140.34, 320.96, 0.000329929
FILLER_0_115_329, 153.14, 320.96, 0.000328001
FILLER_0_114_357, 165.94, 320.96, 0.000326073
FILLER_0_114_413, 191.54, 320.96, 0.000316557
FILLER_0_115_441, 204.34, 320.96, 0.000308969
FILLER_0_114_469, 217.14, 320.96, 0.00030138
FILLER_0_115_497, 229.94, 320.96, 0.000293792
FILLER_0_114_525, 242.74, 320.96, 0.000286203
FILLER_0_115_553, 255.54, 320.96, 0.000278615
FILLER_0_114_581, 268.34, 320.96, 0.000271026
FILLER_0_115_609, 281.14, 320.96, 0.000263438
FILLER_0_114_637, 293.94, 320.96, 0.000255849
FILLER_0_115_665, 306.74, 320.96, 0.000248261
FILLER_0_114_693, 319.54, 320.96, 0.000240672
FILLER_0_114_749, 345.14, 320.96, 0.000250429
FILLER_0_115_777, 357.94, 320.96, 0.000267775
FILLER_0_114_805, 370.74, 320.96, 0.000285121
FILLER_0_115_833, 383.54, 320.96, 0.000302466
FILLER_0_114_861, 396.34, 320.96, 0.000319812
FILLER_0_115_889, 409.14, 320.96, 0.000337157
FILLER_0_114_917, 421.94, 320.96, 0.000354503
FILLER_0_115_945, 434.74, 320.96, 0.000371849
FILLER_0_114_973, 447.54, 320.96, 0.000389194
FILLER_0_115_1001, 460.34, 320.96, 0.00040654
FILLER_0_114_1029, 473.14, 320.96, 0.000423885
FILLER_0_114_1085, 498.74, 320.96, 0.000437364
FILLER_0_115_1113, 511.54, 320.96, 0.000433497
FILLER_0_114_1141, 524.34, 320.96, 0.00042963
FILLER_0_115_1169, 537.14, 320.96, 0.000425764
FILLER_0_114_1197, 549.94, 320.96, 0.000421897
FILLER_0_115_1225, 562.74, 320.96, 0.00041803
FILLER_0_114_1253, 575.54, 320.96, 0.000414163
FILLER_0_113_1281, 601.14, 320.96, 0.00040643
FILLER_0_114_1309, 613.94, 320.96, 0.000402563
FILLER_0_113_1337, 626.74, 320.96, 0.000398696
FILLER_0_113_1393, 652.34, 320.96, 0.000388267
FILLER_0_114_1421, 665.14, 320.96, 0.000381705
FILLER_0_113_1449, 677.94, 320.96, 0.000375142
FILLER_0_114_1477, 690.74, 320.96, 0.00036858
FILLER_0_113_1505, 703.54, 320.96, 0.000362018
FILLER_0_114_1533, 716.34, 320.96, 0.000355456
FILLER_0_113_1561, 729.14, 320.96, 0.000348894
FILLER_0_114_1589, 741.94, 320.96, 0.000342331
FILLER_0_113_1617, 754.74, 320.96, 0.000335769
FILLER_0_114_1645, 767.54, 320.96, 0.000329207
FILLER_0_113_1673, 780.34, 320.96, 0.000322645
FILLER_0_113_1729, 805.94, 320.96, 0.000311958
FILLER_0_114_1757, 818.74, 320.96, 0.000307835
FILLER_0_113_1785, 831.54, 320.96, 0.000303711
FILLER_0_114_1813, 844.34, 320.96, 0.000299587
FILLER_0_113_1841, 857.14, 320.96, 0.000295463
FILLER_0_114_1869, 869.94, 320.96, 0.000291339
FILLER_0_113_1897, 882.74, 320.96, 0.000287215
FILLER_0_114_1925, 895.54, 320.96, 0.000283091
FILLER_0_113_1953, 908.34, 320.96, 0.000278967
FILLER_0_114_1981, 921.14, 320.96, 0.000274843
FILLER_0_113_2009, 933.94, 320.96, 0.000270719
FILLER_0_113_2065, 958.57, 320.96, 0.000266595
FILLER_0_114_2093, 970.4, 320.96, 0.000266595
FILLER_0_113_2121, 982.23, 320.96, 0.000266595
PHY_222, 5.52, 315.52, 0.000335916
PHY_224, 5.52, 315.52, 0.000335916
PHY_223, 994.06, 315.52, 0.000290568
PHY_225, 994.06, 315.52, 0.000290568
input13, 994.06, 315.52, 0.000290568
FILLER_0_112_2137, 994.06, 315.52, 0.000290568
FILLER_0_112_77, 37.94, 315.52, 0.000334249
FILLER_0_113_105, 50.74, 315.52, 0.000332582
FILLER_0_112_133, 63.54, 315.52, 0.000330915
FILLER_0_113_161, 76.34, 315.52, 0.000329248
FILLER_0_112_189, 89.14, 315.52, 0.000327581
FILLER_0_113_217, 101.94, 315.52, 0.000325913
FILLER_0_112_245, 114.74, 315.52, 0.000324246
FILLER_0_113_273, 127.54, 315.52, 0.000322579
FILLER_0_112_301, 140.34, 315.52, 0.000320912
FILLER_0_113_329, 153.14, 315.52, 0.000319245
FILLER_0_112_357, 165.94, 315.52, 0.000317577
FILLER_0_112_413, 191.54, 315.52, 0.000309301
FILLER_0_113_441, 204.34, 315.52, 0.000302692
FILLER_0_112_469, 217.14, 315.52, 0.000296083
FILLER_0_113_497, 229.94, 315.52, 0.000289474
FILLER_0_112_525, 242.74, 315.52, 0.000282866
FILLER_0_113_553, 255.54, 315.52, 0.000276257
FILLER_0_112_581, 268.34, 315.52, 0.000269648
FILLER_0_113_609, 281.14, 315.52, 0.000263039
FILLER_0_112_637, 293.94, 315.52, 0.00025643
FILLER_0_113_665, 306.74, 315.52, 0.000249821
FILLER_0_112_693, 319.54, 315.52, 0.000243212
FILLER_0_112_749, 345.14, 315.52, 0.00025245
FILLER_0_113_777, 357.94, 315.52, 0.000268297
FILLER_0_112_805, 370.74, 315.52, 0.000284143
FILLER_0_113_833, 383.54, 315.52, 0.00029999
FILLER_0_112_861, 396.34, 315.52, 0.000315837
FILLER_0_113_889, 409.14, 315.52, 0.000331684
FILLER_0_112_917, 421.94, 315.52, 0.000347531
FILLER_0_113_945, 434.74, 315.52, 0.000363378
FILLER_0_112_973, 447.54, 315.52, 0.000379225
FILLER_0_113_1001, 460.34, 315.52, 0.000395072
FILLER_0_112_1029, 473.14, 315.52, 0.000410918
FILLER_0_112_1085, 498.74, 315.52, 0.000423308
FILLER_0_113_1113, 511.54, 315.52, 0.000419851
FILLER_0_112_1141, 524.34, 315.52, 0.000416394
FILLER_0_113_1169, 537.14, 315.52, 0.000412937
FILLER_0_112_1197, 549.94, 315.52, 0.00040948
FILLER_0_113_1225, 562.74, 315.52, 0.000406023
FILLER_0_112_1253, 575.54, 315.52, 0.000402566
FILLER_0_111_1281, 601.14, 315.52, 0.000395652
FILLER_0_112_1309, 613.94, 315.52, 0.000392195
FILLER_0_111_1337, 626.74, 315.52, 0.000388738
FILLER_0_111_1393, 652.34, 315.52, 0.000379012
FILLER_0_112_1421, 665.14, 315.52, 0.000372743
FILLER_0_111_1449, 677.94, 315.52, 0.000366474
FILLER_0_112_1477, 690.74, 315.52, 0.000360205
FILLER_0_111_1505, 703.54, 315.52, 0.000353935
FILLER_0_112_1533, 716.34, 315.52, 0.000347666
FILLER_0_111_1561, 729.14, 315.52, 0.000341397
FILLER_0_112_1589, 741.94, 315.52, 0.000335128
FILLER_0_111_1617, 754.74, 315.52, 0.000328859
FILLER_0_112_1645, 767.54, 315.52, 0.000322589
FILLER_0_111_1673, 780.34, 315.52, 0.00031632
FILLER_0_111_1729, 805.94, 315.52, 0.000306356
FILLER_0_112_1757, 818.74, 315.52, 0.000302661
FILLER_0_111_1785, 831.54, 315.52, 0.000298965
FILLER_0_112_1813, 844.34, 315.52, 0.00029527
FILLER_0_111_1841, 857.14, 315.52, 0.000291575
FILLER_0_112_1869, 869.94, 315.52, 0.00028788
FILLER_0_111_1897, 882.74, 315.52, 0.000284185
FILLER_0_112_1925, 895.54, 315.52, 0.00028049
FILLER_0_111_1953, 908.34, 315.52, 0.000276794
FILLER_0_112_1981, 921.14, 315.52, 0.000273099
FILLER_0_111_2009, 933.94, 315.52, 0.000269404
FILLER_0_111_2065, 958.57, 315.52, 0.000271924
FILLER_0_112_2093, 970.4, 315.52, 0.000278138
FILLER_0_111_2121, 982.23, 315.52, 0.000284353
PHY_218, 5.52, 310.08, 0.00032464
PHY_220, 5.52, 310.08, 0.00032464
PHY_219, 994.06, 310.08, 0.000254444
PHY_221, 994.06, 310.08, 0.000254444
FILLER_0_109_2141, 994.06, 310.08, 0.000254444
FILLER_0_110_2137, 994.06, 310.08, 0.000254444
FILLER_0_110_77, 37.94, 310.08, 0.00032324
FILLER_0_111_105, 50.74, 310.08, 0.00032184
FILLER_0_110_133, 63.54, 310.08, 0.00032044
FILLER_0_111_161, 76.34, 310.08, 0.000319039
FILLER_0_110_189, 89.14, 310.08, 0.000317639
FILLER_0_111_217, 101.94, 310.08, 0.000316239
FILLER_0_110_245, 114.74, 310.08, 0.000314839
FILLER_0_111_273, 127.54, 310.08, 0.000313439
FILLER_0_110_301, 140.34, 310.08, 0.000312038
FILLER_0_111_329, 153.14, 310.08, 0.000310638
FILLER_0_110_357, 165.94, 310.08, 0.000309238
FILLER_0_110_413, 191.54, 310.08, 0.00030212
FILLER_0_111_441, 204.34, 310.08, 0.000296402
FILLER_0_110_469, 217.14, 310.08, 0.000290684
FILLER_0_111_497, 229.94, 310.08, 0.000284966
FILLER_0_110_525, 242.74, 310.08, 0.000279248
FILLER_0_111_553, 255.54, 310.08, 0.000273531
FILLER_0_110_581, 268.34, 310.08, 0.000267813
FILLER_0_111_609, 281.14, 310.08, 0.000262095
FILLER_0_110_637, 293.94, 310.08, 0.000256377
FILLER_0_111_665, 306.74, 310.08, 0.000250659
FILLER_0_110_693, 319.54, 310.08, 0.000244941
FILLER_0_110_749, 345.14, 310.08, 0.000253711
FILLER_0_111_777, 357.94, 310.08, 0.000268198
FILLER_0_110_805, 370.74, 310.08, 0.000282686
FILLER_0_111_833, 383.54, 310.08, 0.000297174
FILLER_0_110_861, 396.34, 310.08, 0.000311661
FILLER_0_111_889, 409.14, 310.08, 0.000326149
FILLER_0_110_917, 421.94, 310.08, 0.000340636
FILLER_0_111_945, 434.74, 310.08, 0.000355124
FILLER_0_110_973, 447.54, 310.08, 0.000369611
FILLER_0_111_1001, 460.34, 310.08, 0.000384099
FILLER_0_110_1029, 473.14, 310.08, 0.000398586
FILLER_0_110_1085, 498.74, 310.08, 0.000409972
FILLER_0_111_1113, 511.54, 310.08, 0.000406871
FILLER_0_110_1141, 524.34, 310.08, 0.00040377
FILLER_0_111_1169, 537.14, 310.08, 0.000400668
FILLER_0_110_1197, 549.94, 310.08, 0.000397567
FILLER_0_111_1225, 562.74, 310.08, 0.000394466
FILLER_0_110_1253, 575.54, 310.08, 0.000391364
FILLER_0_109_1281, 601.14, 310.08, 0.000385161
FILLER_0_110_1309, 613.94, 310.08, 0.00038206
FILLER_0_109_1337, 626.74, 310.08, 0.000378959
FILLER_0_109_1393, 652.34, 310.08, 0.000369812
FILLER_0_110_1421, 665.14, 310.08, 0.000363768
FILLER_0_109_1449, 677.94, 310.08, 0.000357723
FILLER_0_110_1477, 690.74, 310.08, 0.000351678
FILLER_0_109_1505, 703.54, 310.08, 0.000345633
FILLER_0_110_1533, 716.34, 310.08, 0.000339588
FILLER_0_109_1561, 729.14, 310.08, 0.000333544
FILLER_0_110_1589, 741.94, 310.08, 0.000327499
FILLER_0_109_1617, 754.74, 310.08, 0.000321454
FILLER_0_110_1645, 767.54, 310.08, 0.000315409
FILLER_0_109_1673, 780.34, 310.08, 0.000309364
FILLER_0_109_1729, 805.94, 310.08, 0.000299246
FILLER_0_110_1757, 818.74, 310.08, 0.000295173
FILLER_0_109_1785, 831.54, 310.08, 0.0002911
FILLER_0_110_1813, 844.34, 310.08, 0.000287027
FILLER_0_109_1841, 857.14, 310.08, 0.000282954
FILLER_0_110_1869, 869.94, 310.08, 0.000278881
FILLER_0_109_1897, 882.74, 310.08, 0.000274808
FILLER_0_110_1925, 895.54, 310.08, 0.000270735
FILLER_0_109_1953, 908.34, 310.08, 0.000266662
FILLER_0_110_1981, 921.14, 310.08, 0.000262589
FILLER_0_109_2009, 933.94, 310.08, 0.000258516
FILLER_0_109_2065, 958.57, 310.08, 0.000254443
FILLER_0_110_2093, 970.4, 310.08, 0.000254443
FILLER_0_109_2121, 982.23, 310.08, 0.000254444
FILLER_0_111_2129, 982.23, 310.08, 0.000254444
PHY_214, 5.52, 304.64, 0.000313436
PHY_216, 5.52, 304.64, 0.000313436
PHY_215, 994.06, 304.64, 0.000247941
PHY_217, 994.06, 304.64, 0.000247941
FILLER_0_107_2141, 994.06, 304.64, 0.000247941
FILLER_0_108_2137, 994.06, 304.64, 0.000247941
FILLER_0_108_77, 37.94, 304.64, 0.000312308
FILLER_0_109_105, 50.74, 304.64, 0.000311181
FILLER_0_108_133, 63.54, 304.64, 0.000310053
FILLER_0_109_161, 76.34, 304.64, 0.000308926
FILLER_0_108_189, 89.14, 304.64, 0.000307798
FILLER_0_109_217, 101.94, 304.64, 0.000306671
FILLER_0_108_245, 114.74, 304.64, 0.000305543
FILLER_0_109_273, 127.54, 304.64, 0.000304416
FILLER_0_108_301, 140.34, 304.64, 0.000303288
FILLER_0_109_329, 153.14, 304.64, 0.000302161
FILLER_0_108_357, 165.94, 304.64, 0.000301033
FILLER_0_108_413, 191.54, 304.64, 0.000295
FILLER_0_109_441, 204.34, 304.64, 0.000290094
FILLER_0_108_469, 217.14, 304.64, 0.000285188
FILLER_0_109_497, 229.94, 304.64, 0.000280283
FILLER_0_108_525, 242.74, 304.64, 0.000275377
FILLER_0_109_553, 255.54, 304.64, 0.000270471
FILLER_0_108_581, 268.34, 304.64, 0.000265565
FILLER_0_109_609, 281.14, 304.64, 0.000260659
FILLER_0_108_637, 293.94, 304.64, 0.000255753
FILLER_0_109_665, 306.74, 304.64, 0.000250847
FILLER_0_108_693, 319.54, 304.64, 0.000245941
FILLER_0_108_749, 345.14, 304.64, 0.00025429
FILLER_0_109_777, 357.94, 304.64, 0.000267545
FILLER_0_108_805, 370.74, 304.64, 0.0002808
FILLER_0_109_833, 383.54, 304.64, 0.000294055
FILLER_0_108_861, 396.34, 304.64, 0.000307309
FILLER_0_109_889, 409.14, 304.64, 0.000320564
FILLER_0_108_917, 421.94, 304.64, 0.000333819
FILLER_0_109_945, 434.74, 304.64, 0.000347073
FILLER_0_108_973, 447.54, 304.64, 0.000360328
FILLER_0_109_1001, 460.34, 304.64, 0.000373583
FILLER_0_108_1029, 473.14, 304.64, 0.000386837
FILLER_0_108_1085, 498.74, 304.64, 0.000397302
FILLER_0_109_1113, 511.54, 304.64, 0.000394512
FILLER_0_108_1141, 524.34, 304.64, 0.000391722
FILLER_0_109_1169, 537.14, 304.64, 0.000388932
FILLER_0_108_1197, 549.94, 304.64, 0.000386141
FILLER_0_109_1225, 562.74, 304.64, 0.000383351
FILLER_0_108_1253, 575.54, 304.64, 0.000380561
FILLER_0_107_1281, 601.14, 304.64, 0.000374981
FILLER_0_108_1309, 613.94, 304.64, 0.000372191
FILLER_0_107_1337, 626.74, 304.64, 0.000369401
FILLER_0_107_1393, 652.34, 304.64, 0.000360792
FILLER_0_108_1421, 665.14, 304.64, 0.000354974
FILLER_0_107_1449, 677.94, 304.64, 0.000349155
FILLER_0_108_1477, 690.74, 304.64, 0.000343337
FILLER_0_107_1505, 703.54, 304.64, 0.000337518
FILLER_0_108_1533, 716.34, 304.64, 0.0003317
FILLER_0_107_1561, 729.14, 304.64, 0.000325881
FILLER_0_108_1589, 741.94, 304.64, 0.000320063
FILLER_0_107_1617, 754.74, 304.64, 0.000314244
FILLER_0_108_1645, 767.54, 304.64, 0.000308426
FILLER_0_107_1673, 780.34, 304.64, 0.000302607
FILLER_0_107_1729, 805.94, 304.64, 0.000292718
FILLER_0_108_1757, 818.74, 304.64, 0.000288647
FILLER_0_107_1785, 831.54, 304.64, 0.000284577
FILLER_0_108_1813, 844.34, 304.64, 0.000280506
FILLER_0_107_1841, 857.14, 304.64, 0.000276435
FILLER_0_108_1869, 869.94, 304.64, 0.000272365
FILLER_0_107_1897, 882.74, 304.64, 0.000268294
FILLER_0_108_1925, 895.54, 304.64, 0.000264223
FILLER_0_107_1953, 908.34, 304.64, 0.000260153
FILLER_0_108_1981, 921.14, 304.64, 0.000256082
FILLER_0_107_2009, 933.94, 304.64, 0.000252011
FILLER_0_107_2065, 958.57, 304.64, 0.000247941
FILLER_0_108_2093, 970.4, 304.64, 0.000247941
FILLER_0_107_2121, 982.23, 304.64, 0.000247941
PHY_210, 5.52, 299.2, 0.000302289
PHY_212, 5.52, 299.2, 0.000302289
PHY_211, 994.06, 299.2, 0.00024125
PHY_213, 994.06, 299.2, 0.00024125
FILLER_0_105_2141, 994.06, 299.2, 0.00024125
FILLER_0_106_2137, 994.06, 299.2, 0.00024125
FILLER_0_106_77, 37.94, 299.2, 0.00030144
FILLER_0_107_105, 50.74, 299.2, 0.00030059
FILLER_0_106_133, 63.54, 299.2, 0.000299741
FILLER_0_107_161, 76.34, 299.2, 0.000298891
FILLER_0_106_189, 89.14, 299.2, 0.000298042
FILLER_0_107_217, 101.94, 299.2, 0.000297193
FILLER_0_106_245, 114.74, 299.2, 0.000296343
FILLER_0_107_273, 127.54, 299.2, 0.000295494
FILLER_0_106_301, 140.34, 299.2, 0.000294644
FILLER_0_107_329, 153.14, 299.2, 0.000293795
FILLER_0_106_357, 165.94, 299.2, 0.000292945
FILLER_0_106_413, 191.54, 299.2, 0.000287931
FILLER_0_107_441, 204.34, 299.2, 0.000283767
FILLER_0_106_469, 217.14, 299.2, 0.000279602
FILLER_0_107_497, 229.94, 299.2, 0.000275438
FILLER_0_106_525, 242.74, 299.2, 0.000271274
FILLER_0_107_553, 255.54, 299.2, 0.000267109
FILLER_0_106_581, 268.34, 299.2, 0.000262945
FILLER_0_107_609, 281.14, 299.2, 0.00025878
FILLER_0_106_637, 293.94, 299.2, 0.000254616
FILLER_0_107_665, 306.74, 299.2, 0.000250451
FILLER_0_106_693, 319.54, 299.2, 0.000246287
FILLER_0_106_749, 345.14, 299.2, 0.000254258
FILLER_0_107_777, 357.94, 299.2, 0.000266395
FILLER_0_106_805, 370.74, 299.2, 0.000278531
FILLER_0_107_833, 383.54, 299.2, 0.000290668
FILLER_0_106_861, 396.34, 299.2, 0.000302804
FILLER_0_107_889, 409.14, 299.2, 0.00031494
FILLER_0_106_917, 421.94, 299.2, 0.000327077
FILLER_0_107_945, 434.74, 299.2, 0.000339213
FILLER_0_106_973, 447.54, 299.2, 0.000351349
FILLER_0_107_1001, 460.34, 299.2, 0.000363486
FILLER_0_106_1029, 473.14, 299.2, 0.000375622
FILLER_0_106_1085, 498.74, 299.2, 0.000385239
FILLER_0_107_1113, 511.54, 299.2, 0.000382719
FILLER_0_106_1141, 524.34, 299.2, 0.0003802
FILLER_0_107_1169, 537.14, 299.2, 0.000377681
FILLER_0_106_1197, 549.94, 299.2, 0.000375161
FILLER_0_107_1225, 562.74, 299.2, 0.000372642
FILLER_0_106_1253, 575.54, 299.2, 0.000370122
FILLER_0_105_1281, 601.14, 299.2, 0.000365084
FILLER_0_106_1309, 613.94, 299.2, 0.000362564
FILLER_0_105_1337, 626.74, 299.2, 0.000360045
FILLER_0_105_1393, 652.34, 299.2, 0.000351913
FILLER_0_106_1421, 665.14, 299.2, 0.000346301
FILLER_0_105_1449, 677.94, 299.2, 0.00034069
FILLER_0_106_1477, 690.74, 299.2, 0.000335078
FILLER_0_105_1505, 703.54, 299.2, 0.000329466
FILLER_0_106_1533, 716.34, 299.2, 0.000323854
FILLER_0_105_1561, 729.14, 299.2, 0.000318242
FILLER_0_106_1589, 741.94, 299.2, 0.00031263
FILLER_0_105_1617, 754.74, 299.2, 0.000307018
FILLER_0_106_1645, 767.54, 299.2, 0.000301406
FILLER_0_105_1673, 780.34, 299.2, 0.000295794
FILLER_0_105_1729, 805.94, 299.2, 0.000286105
FILLER_0_106_1757, 818.74, 299.2, 0.000282027
FILLER_0_105_1785, 831.54, 299.2, 0.000277949
FILLER_0_106_1813, 844.34, 299.2, 0.000273872
FILLER_0_105_1841, 857.14, 299.2, 0.000269794
FILLER_0_106_1869, 869.94, 299.2, 0.000265716
FILLER_0_105_1897, 882.74, 299.2, 0.000261639
FILLER_0_106_1925, 895.54, 299.2, 0.000257561
FILLER_0_105_1953, 908.34, 299.2, 0.000253483
FILLER_0_106_1981, 921.14, 299.2, 0.000249405
FILLER_0_105_2009, 933.94, 299.2, 0.000245328
FILLER_0_105_2065, 958.57, 299.2, 0.00024125
FILLER_0_106_2093, 970.4, 299.2, 0.00024125
FILLER_0_105_2121, 982.23, 299.2, 0.00024125
PHY_206, 5.52, 293.76, 0.000291187
PHY_208, 5.52, 293.76, 0.000291187
PHY_207, 994.06, 293.76, 0.000234372
PHY_209, 994.06, 293.76, 0.000234372
FILLER_0_103_2141, 994.06, 293.76, 0.000234372
FILLER_0_104_2137, 994.06, 293.76, 0.000234372
FILLER_0_104_77, 37.94, 293.76, 0.000290621
FILLER_0_105_105, 50.74, 293.76, 0.000290055
FILLER_0_104_133, 63.54, 293.76, 0.000289489
FILLER_0_105_161, 76.34, 293.76, 0.000288922
FILLER_0_104_189, 89.14, 293.76, 0.000288356
FILLER_0_105_217, 101.94, 293.76, 0.00028779
FILLER_0_104_245, 114.74, 293.76, 0.000287223
FILLER_0_105_273, 127.54, 293.76, 0.000286657
FILLER_0_104_301, 140.34, 293.76, 0.00028609
FILLER_0_105_329, 153.14, 293.76, 0.000285524
FILLER_0_104_357, 165.94, 293.76, 0.000284958
FILLER_0_104_413, 191.54, 293.76, 0.000280905
FILLER_0_105_441, 204.34, 293.76, 0.000277419
FILLER_0_104_469, 217.14, 293.76, 0.000273933
FILLER_0_105_497, 229.94, 293.76, 0.000270447
FILLER_0_104_525, 242.74, 293.76, 0.000266961
FILLER_0_105_553, 255.54, 293.76, 0.000263475
FILLER_0_104_581, 268.34, 293.76, 0.000259988
FILLER_0_105_609, 281.14, 293.76, 0.000256502
FILLER_0_104_637, 293.94, 293.76, 0.000253016
FILLER_0_105_665, 306.74, 293.76, 0.00024953
FILLER_0_104_693, 319.54, 293.76, 0.000246044
FILLER_0_104_749, 345.14, 293.76, 0.000253679
FILLER_0_105_777, 357.94, 293.76, 0.000264801
FILLER_0_104_805, 370.74, 293.76, 0.000275923
FILLER_0_105_833, 383.54, 293.76, 0.000287044
FILLER_0_104_861, 396.34, 293.76, 0.000298166
FILLER_0_105_889, 409.14, 293.76, 0.000309288
FILLER_0_104_917, 421.94, 293.76, 0.00032041
FILLER_0_105_945, 434.74, 293.76, 0.000331531
FILLER_0_104_973, 447.54, 293.76, 0.000342653
FILLER_0_105_1001, 460.34, 293.76, 0.000353775
FILLER_0_104_1029, 473.14, 293.76, 0.000364896
FILLER_0_104_1085, 498.74, 293.76, 0.000373733
FILLER_0_105_1113, 511.54, 293.76, 0.000371448
FILLER_0_104_1141, 524.34, 293.76, 0.000369164
FILLER_0_105_1169, 537.14, 293.76, 0.000366879
FILLER_0_104_1197, 549.94, 293.76, 0.000364594
FILLER_0_105_1225, 562.74, 293.76, 0.00036231
FILLER_0_104_1253, 575.54, 293.76, 0.000360025
FILLER_0_103_1281, 601.14, 293.76, 0.000355456
FILLER_0_104_1309, 613.94, 293.76, 0.000353171
FILLER_0_103_1337, 626.74, 293.76, 0.000350886
FILLER_0_103_1393, 652.34, 293.76, 0.000343177
FILLER_0_104_1421, 665.14, 293.76, 0.000337753
FILLER_0_103_1449, 677.94, 293.76, 0.000332329
FILLER_0_104_1477, 690.74, 293.76, 0.000326904
FILLER_0_103_1505, 703.54, 293.76, 0.00032148
FILLER_0_104_1533, 716.34, 293.76, 0.000316056
FILLER_0_103_1561, 729.14, 293.76, 0.000310631
FILLER_0_104_1589, 741.94, 293.76, 0.000305207
FILLER_0_103_1617, 754.74, 293.76, 0.000299783
FILLER_0_104_1645, 767.54, 293.76, 0.000294358
FILLER_0_103_1673, 780.34, 293.76, 0.000288934
FILLER_0_103_1729, 805.94, 293.76, 0.000279415
FILLER_0_104_1757, 818.74, 293.76, 0.00027532
FILLER_0_103_1785, 831.54, 293.76, 0.000271225
FILLER_0_104_1813, 844.34, 293.76, 0.00026713
FILLER_0_103_1841, 857.14, 293.76, 0.000263036
FILLER_0_104_1869, 869.94, 293.76, 0.000258941
FILLER_0_103_1897, 882.74, 293.76, 0.000254846
FILLER_0_104_1925, 895.54, 293.76, 0.000250751
FILLER_0_103_1953, 908.34, 293.76, 0.000246656
FILLER_0_104_1981, 921.14, 293.76, 0.000242561
FILLER_0_103_2009, 933.94, 293.76, 0.000238466
FILLER_0_103_2065, 958.57, 293.76, 0.000234371
FILLER_0_104_2093, 970.4, 293.76, 0.000234372
FILLER_0_103_2121, 982.23, 293.76, 0.000234372
PHY_202, 5.52, 288.32, 0.000280117
PHY_204, 5.52, 288.32, 0.000280117
PHY_203, 994.06, 288.32, 0.000227305
PHY_205, 994.06, 288.32, 0.000227305
FILLER_0_101_2141, 994.06, 288.32, 0.000227305
FILLER_0_102_2137, 994.06, 288.32, 0.000227305
FILLER_0_102_77, 37.94, 288.32, 0.000279839
FILLER_0_103_105, 50.74, 288.32, 0.000279561
FILLER_0_102_133, 63.54, 288.32, 0.000279283
FILLER_0_103_161, 76.34, 288.32, 0.000279004
FILLER_0_102_189, 89.14, 288.32, 0.000278726
FILLER_0_103_217, 101.94, 288.32, 0.000278448
FILLER_0_102_245, 114.74, 288.32, 0.00027817
FILLER_0_103_273, 127.54, 288.32, 0.000277892
FILLER_0_102_301, 140.34, 288.32, 0.000277614
FILLER_0_103_329, 153.14, 288.32, 0.000277335
FILLER_0_102_357, 165.94, 288.32, 0.000277057
FILLER_0_102_413, 191.54, 288.32, 0.000273915
FILLER_0_103_441, 204.34, 288.32, 0.000271051
FILLER_0_102_469, 217.14, 288.32, 0.000268187
FILLER_0_103_497, 229.94, 288.32, 0.000265323
FILLER_0_102_525, 242.74, 288.32, 0.000262459
FILLER_0_103_553, 255.54, 288.32, 0.000259595
FILLER_0_102_581, 268.34, 288.32, 0.00025673
FILLER_0_103_609, 281.14, 288.32, 0.000253866
FILLER_0_102_637, 293.94, 288.32, 0.000251002
FILLER_0_103_665, 306.74, 288.32, 0.000248138
FILLER_0_102_693, 319.54, 288.32, 0.000245274
FILLER_0_102_749, 345.14, 288.32, 0.000252611
FILLER_0_103_777, 357.94, 288.32, 0.000262812
FILLER_0_102_805, 370.74, 288.32, 0.000273013
FILLER_0_103_833, 383.54, 288.32, 0.000283214
FILLER_0_102_861, 396.34, 288.32, 0.000293415
FILLER_0_103_889, 409.14, 288.32, 0.000303616
FILLER_0_102_917, 421.94, 288.32, 0.000313817
FILLER_0_103_945, 434.74, 288.32, 0.000324018
FILLER_0_102_973, 447.54, 288.32, 0.000334219
FILLER_0_103_1001, 460.34, 288.32, 0.00034442
FILLER_0_102_1029, 473.14, 288.32, 0.000354621
FILLER_0_102_1085, 498.74, 288.32, 0.00036274
FILLER_0_103_1113, 511.54, 288.32, 0.000360658
FILLER_0_102_1141, 524.34, 288.32, 0.000358576
FILLER_0_103_1169, 537.14, 288.32, 0.000356494
FILLER_0_102_1197, 549.94, 288.32, 0.000354412
FILLER_0_103_1225, 562.74, 288.32, 0.00035233
FILLER_0_102_1253, 575.54, 288.32, 0.000350248
FILLER_0_101_1281, 601.14, 288.32, 0.000346085
FILLER_0_102_1309, 613.94, 288.32, 0.000344003
FILLER_0_101_1337, 626.74, 288.32, 0.000341921
FILLER_0_101_1393, 652.34, 288.32, 0.000334584
FILLER_0_102_1421, 665.14, 288.32, 0.000329329
FILLER_0_101_1449, 677.94, 288.32, 0.000324074
FILLER_0_102_1477, 690.74, 288.32, 0.000318819
FILLER_0_101_1505, 703.54, 288.32, 0.000313564
FILLER_0_102_1533, 716.34, 288.32, 0.000308309
FILLER_0_101_1561, 729.14, 288.32, 0.000303054
FILLER_0_102_1589, 741.94, 288.32, 0.000297799
FILLER_0_101_1617, 754.74, 288.32, 0.000292544
FILLER_0_102_1645, 767.54, 288.32, 0.000287289
FILLER_0_101_1673, 780.34, 288.32, 0.000282034
FILLER_0_101_1729, 805.94, 288.32, 0.000272656
FILLER_0_102_1757, 818.74, 288.32, 0.000268533
FILLER_0_101_1785, 831.54, 288.32, 0.000264411
FILLER_0_102_1813, 844.34, 288.32, 0.000260288
FILLER_0_101_1841, 857.14, 288.32, 0.000256165
FILLER_0_102_1869, 869.94, 288.32, 0.000252042
FILLER_0_101_1897, 882.74, 288.32, 0.000247919
FILLER_0_102_1925, 895.54, 288.32, 0.000243797
FILLER_0_101_1953, 908.34, 288.32, 0.000239674
FILLER_0_102_1981, 921.14, 288.32, 0.000235551
FILLER_0_101_2009, 933.94, 288.32, 0.000231428
FILLER_0_101_2065, 958.57, 288.32, 0.000227305
FILLER_0_102_2093, 970.4, 288.32, 0.000227305
FILLER_0_101_2121, 982.23, 288.32, 0.000227305
PHY_198, 5.52, 282.88, 0.000269064
PHY_200, 5.52, 282.88, 0.000269064
PHY_199, 994.06, 282.88, 0.000220051
PHY_201, 994.06, 282.88, 0.000220051
FILLER_0_99_2141, 994.06, 282.88, 0.000220051
FILLER_0_100_2137, 994.06, 282.88, 0.000220051
FILLER_0_100_77, 37.94, 282.88, 0.000269079
FILLER_0_101_105, 50.74, 282.88, 0.000269094
FILLER_0_100_133, 63.54, 282.88, 0.00026911
FILLER_0_101_161, 76.34, 282.88, 0.000269125
FILLER_0_100_189, 89.14, 282.88, 0.00026914
FILLER_0_101_217, 101.94, 282.88, 0.000269156
FILLER_0_100_245, 114.74, 282.88, 0.000269171
FILLER_0_101_273, 127.54, 282.88, 0.000269186
FILLER_0_100_301, 140.34, 282.88, 0.000269201
FILLER_0_101_329, 153.14, 282.88, 0.000269217
FILLER_0_100_357, 165.94, 282.88, 0.000269232
FILLER_0_100_413, 191.54, 282.88, 0.000266955
FILLER_0_101_441, 204.34, 282.88, 0.000264663
FILLER_0_100_469, 217.14, 282.88, 0.000262371
FILLER_0_101_497, 229.94, 282.88, 0.000260079
FILLER_0_100_525, 242.74, 282.88, 0.000257787
FILLER_0_101_553, 255.54, 282.88, 0.000255495
FILLER_0_100_581, 268.34, 282.88, 0.000253202
FILLER_0_101_609, 281.14, 282.88, 0.00025091
FILLER_0_100_637, 293.94, 282.88, 0.000248618
FILLER_0_101_665, 306.74, 282.88, 0.000246326
FILLER_0_100_693, 319.54, 282.88, 0.000244034
FILLER_0_100_749, 345.14, 282.88, 0.000251107
FILLER_0_101_777, 357.94, 282.88, 0.000260472
FILLER_0_100_805, 370.74, 282.88, 0.000269838
FILLER_0_101_833, 383.54, 282.88, 0.000279203
FILLER_0_100_861, 396.34, 282.88, 0.000288569
FILLER_0_101_889, 409.14, 282.88, 0.000297934
FILLER_0_100_917, 421.94, 282.88, 0.000307299
FILLER_0_101_945, 434.74, 282.88, 0.000316665
FILLER_0_100_973, 447.54, 282.88, 0.00032603
FILLER_0_101_1001, 460.34, 282.88, 0.000335395
FILLER_0_100_1029, 473.14, 282.88, 0.000344761
FILLER_0_100_1085, 498.74, 282.88, 0.000352219
FILLER_0_101_1113, 511.54, 282.88, 0.000350311
FILLER_0_100_1141, 524.34, 282.88, 0.000348404
FILLER_0_101_1169, 537.14, 282.88, 0.000346496
FILLER_0_100_1197, 549.94, 282.88, 0.000344589
FILLER_0_101_1225, 562.74, 282.88, 0.000342681
FILLER_0_100_1253, 575.54, 282.88, 0.000340774
FILLER_0_99_1281, 601.14, 282.88, 0.000336959
FILLER_0_100_1309, 613.94, 282.88, 0.000335052
FILLER_0_99_1337, 626.74, 282.88, 0.000333144
FILLER_0_99_1393, 652.34, 282.88, 0.000326133
FILLER_0_100_1421, 665.14, 282.88, 0.00032103
FILLER_0_99_1449, 677.94, 282.88, 0.000315927
FILLER_0_100_1477, 690.74, 282.88, 0.000310824
FILLER_0_99_1505, 703.54, 282.88, 0.000305721
FILLER_0_100_1533, 716.34, 282.88, 0.000300618
FILLER_0_99_1561, 729.14, 282.88, 0.000295514
FILLER_0_100_1589, 741.94, 282.88, 0.000290411
FILLER_0_99_1617, 754.74, 282.88, 0.000285308
FILLER_0_100_1645, 767.54, 282.88, 0.000280205
FILLER_0_99_1673, 780.34, 282.88, 0.000275102
FILLER_0_99_1729, 805.94, 282.88, 0.000265836
FILLER_0_100_1757, 818.74, 282.88, 0.000261674
FILLER_0_99_1785, 831.54, 282.88, 0.000257512
FILLER_0_100_1813, 844.34, 282.88, 0.000253349
FILLER_0_99_1841, 857.14, 282.88, 0.000249187
FILLER_0_100_1869, 869.94, 282.88, 0.000245025
FILLER_0_99_1897, 882.74, 282.88, 0.000240862
FILLER_0_100_1925, 895.54, 282.88, 0.0002367
FILLER_0_99_1953, 908.34, 282.88, 0.000232538
FILLER_0_100_1981, 921.14, 282.88, 0.000228375
FILLER_0_99_2009, 933.94, 282.88, 0.000224213
FILLER_0_99_2065, 958.57, 282.88, 0.00022005
FILLER_0_100_2093, 970.4, 282.88, 0.000220051
FILLER_0_99_2121, 982.23, 282.88, 0.000220051
PHY_194, 5.52, 277.44, 0.000258014
PHY_196, 5.52, 277.44, 0.000258014
PHY_195, 994.06, 277.44, 0.000212606
PHY_197, 994.06, 277.44, 0.000212606
FILLER_0_97_2141, 994.06, 277.44, 0.000212606
FILLER_0_98_2137, 994.06, 277.44, 0.000212606
FILLER_0_98_77, 37.94, 277.44, 0.000258329
FILLER_0_99_105, 50.74, 277.44, 0.000258643
FILLER_0_98_133, 63.54, 277.44, 0.000258958
FILLER_0_99_161, 76.34, 277.44, 0.000259272
FILLER_0_98_189, 89.14, 277.44, 0.000259586
FILLER_0_99_217, 101.94, 277.44, 0.000259901
FILLER_0_98_245, 114.74, 277.44, 0.000260215
FILLER_0_99_273, 127.54, 277.44, 0.00026053
FILLER_0_98_301, 140.34, 277.44, 0.000260844
FILLER_0_99_329, 153.14, 277.44, 0.000261158
FILLER_0_98_357, 165.94, 277.44, 0.000261473
FILLER_0_98_413, 191.54, 277.44, 0.000260022
FILLER_0_99_441, 204.34, 277.44, 0.000258257
FILLER_0_98_469, 217.14, 277.44, 0.000256493
FILLER_0_99_497, 229.94, 277.44, 0.000254728
FILLER_0_98_525, 242.74, 277.44, 0.000252963
FILLER_0_99_553, 255.54, 277.44, 0.000251198
FILLER_0_98_581, 268.34, 277.44, 0.000249434
FILLER_0_99_609, 281.14, 277.44, 0.000247669
FILLER_0_98_637, 293.94, 277.44, 0.000245904
FILLER_0_99_665, 306.74, 277.44, 0.000244139
FILLER_0_98_693, 319.54, 277.44, 0.000242374
FILLER_0_98_749, 345.14, 277.44, 0.000249216
FILLER_0_99_777, 357.94, 277.44, 0.000257823
FILLER_0_98_805, 370.74, 277.44, 0.00026643
FILLER_0_99_833, 383.54, 277.44, 0.000275037
FILLER_0_98_861, 396.34, 277.44, 0.000283644
FILLER_0_99_889, 409.14, 277.44, 0.00029225
FILLER_0_98_917, 421.94, 277.44, 0.000300857
FILLER_0_99_945, 434.74, 277.44, 0.000309464
FILLER_0_98_973, 447.54, 277.44, 0.000318071
FILLER_0_99_1001, 460.34, 277.44, 0.000326677
FILLER_0_98_1029, 473.14, 277.44, 0.000335284
FILLER_0_98_1085, 498.74, 277.44, 0.000342133
FILLER_0_99_1113, 511.54, 277.44, 0.000340375
FILLER_0_98_1141, 524.34, 277.44, 0.000338617
FILLER_0_99_1169, 537.14, 277.44, 0.000336859
FILLER_0_98_1197, 549.94, 277.44, 0.000335101
FILLER_0_99_1225, 562.74, 277.44, 0.000333343
FILLER_0_98_1253, 575.54, 277.44, 0.000331585
FILLER_0_97_1281, 601.14, 277.44, 0.000328068
FILLER_0_98_1309, 613.94, 277.44, 0.00032631
FILLER_0_97_1337, 626.74, 277.44, 0.000324552
FILLER_0_97_1393, 652.34, 277.44, 0.000317826
FILLER_0_98_1421, 665.14, 277.44, 0.000312858
FILLER_0_97_1449, 677.94, 277.44, 0.00030789
FILLER_0_98_1477, 690.74, 277.44, 0.000302922
FILLER_0_97_1505, 703.54, 277.44, 0.000297954
FILLER_0_98_1533, 716.34, 277.44, 0.000292985
FILLER_0_97_1561, 729.14, 277.44, 0.000288017
FILLER_0_98_1589, 741.94, 277.44, 0.000283049
FILLER_0_97_1617, 754.74, 277.44, 0.000278081
FILLER_0_98_1645, 767.54, 277.44, 0.000273113
FILLER_0_97_1673, 780.34, 277.44, 0.000268144
FILLER_0_97_1729, 805.94, 277.44, 0.000258962
FILLER_0_98_1757, 818.74, 277.44, 0.000254748
FILLER_0_97_1785, 831.54, 277.44, 0.000250534
FILLER_0_98_1813, 844.34, 277.44, 0.00024632
FILLER_0_97_1841, 857.14, 277.44, 0.000242105
FILLER_0_98_1869, 869.94, 277.44, 0.000237891
FILLER_0_97_1897, 882.74, 277.44, 0.000233677
FILLER_0_98_1925, 895.54, 277.44, 0.000229463
FILLER_0_97_1953, 908.34, 277.44, 0.000225249
FILLER_0_98_1981, 921.14, 277.44, 0.000221034
FILLER_0_97_2009, 933.94, 277.44, 0.00021682
FILLER_0_97_2065, 958.57, 277.44, 0.000212606
FILLER_0_98_2093, 970.4, 277.44, 0.000212606
FILLER_0_97_2121, 982.23, 277.44, 0.000212606
PHY_190, 5.52, 272, 0.000246955
PHY_192, 5.52, 272, 0.000246955
PHY_191, 994.06, 272, 0.00020497
PHY_193, 994.06, 272, 0.00020497
FILLER_0_95_2141, 994.06, 272, 0.00020497
FILLER_0_96_2137, 994.06, 272, 0.00020497
FILLER_0_96_77, 37.94, 272, 0.000247574
FILLER_0_97_105, 50.74, 272, 0.000248194
FILLER_0_96_133, 63.54, 272, 0.000248814
FILLER_0_97_161, 76.34, 272, 0.000249433
FILLER_0_96_189, 89.14, 272, 0.000250053
FILLER_0_97_217, 101.94, 272, 0.000250673
FILLER_0_96_245, 114.74, 272, 0.000251292
FILLER_0_97_273, 127.54, 272, 0.000251912
FILLER_0_96_301, 140.34, 272, 0.000252532
FILLER_0_97_329, 153.14, 272, 0.000253151
FILLER_0_96_357, 165.94, 272, 0.000253771
FILLER_0_96_413, 191.54, 272, 0.000253113
FILLER_0_97_441, 204.34, 272, 0.000251836
FILLER_0_96_469, 217.14, 272, 0.000250559
FILLER_0_97_497, 229.94, 272, 0.000249282
FILLER_0_96_525, 242.74, 272, 0.000248005
FILLER_0_97_553, 255.54, 272, 0.000246728
FILLER_0_96_581, 268.34, 272, 0.000245451
FILLER_0_97_609, 281.14, 272, 0.000244174
FILLER_0_96_637, 293.94, 272, 0.000242897
FILLER_0_97_665, 306.74, 272, 0.00024162
FILLER_0_96_693, 319.54, 272, 0.000240343
FILLER_0_96_749, 345.14, 272, 0.000246984
FILLER_0_97_777, 357.94, 272, 0.000254902
FILLER_0_96_805, 370.74, 272, 0.00026282
FILLER_0_97_833, 383.54, 272, 0.000270738
FILLER_0_96_861, 396.34, 272, 0.000278655
FILLER_0_97_889, 409.14, 272, 0.000286573
FILLER_0_96_917, 421.94, 272, 0.000294491
FILLER_0_97_945, 434.74, 272, 0.000302409
FILLER_0_96_973, 447.54, 272, 0.000310327
FILLER_0_97_1001, 460.34, 272, 0.000318245
FILLER_0_96_1029, 473.14, 272, 0.000326163
FILLER_0_96_1085, 498.74, 272, 0.00033245
FILLER_0_97_1113, 511.54, 272, 0.000330819
FILLER_0_96_1141, 524.34, 272, 0.000329188
FILLER_0_97_1169, 537.14, 272, 0.000327557
FILLER_0_96_1197, 549.94, 272, 0.000325927
FILLER_0_97_1225, 562.74, 272, 0.000324296
FILLER_0_96_1253, 575.54, 272, 0.000322665
FILLER_0_95_1281, 601.14, 272, 0.000319403
FILLER_0_96_1309, 613.94, 272, 0.000317772
FILLER_0_95_1337, 626.74, 272, 0.000316141
FILLER_0_95_1393, 652.34, 272, 0.000309661
FILLER_0_96_1421, 665.14, 272, 0.000304812
FILLER_0_95_1449, 677.94, 272, 0.000299963
FILLER_0_96_1477, 690.74, 272, 0.000295114
FILLER_0_95_1505, 703.54, 272, 0.000290265
FILLER_0_96_1533, 716.34, 272, 0.000285416
FILLER_0_95_1561, 729.14, 272, 0.000280566
FILLER_0_96_1589, 741.94, 272, 0.000275717
FILLER_0_95_1617, 754.74, 272, 0.000270868
FILLER_0_96_1645, 767.54, 272, 0.000266019
FILLER_0_95_1673, 780.34, 272, 0.00026117
FILLER_0_95_1729, 805.94, 272, 0.000252041
FILLER_0_96_1757, 818.74, 272, 0.000247762
FILLER_0_95_1785, 831.54, 272, 0.000243483
FILLER_0_96_1813, 844.34, 272, 0.000239203
FILLER_0_95_1841, 857.14, 272, 0.000234924
FILLER_0_96_1869, 869.94, 272, 0.000230645
FILLER_0_95_1897, 882.74, 272, 0.000226366
FILLER_0_96_1925, 895.54, 272, 0.000222086
FILLER_0_95_1953, 908.34, 272, 0.000217807
FILLER_0_96_1981, 921.14, 272, 0.000213528
FILLER_0_95_2009, 933.94, 272, 0.000209249
FILLER_0_95_2065, 958.57, 272, 0.000204969
FILLER_0_96_2093, 970.4, 272, 0.000204969
FILLER_0_95_2121, 982.23, 272, 0.000204969
PHY_186, 5.52, 266.56, 0.000235871
PHY_188, 5.52, 266.56, 0.000235871
PHY_187, 994.06, 266.56, 0.000197139
PHY_189, 994.06, 266.56, 0.000197139
FILLER_0_93_2141, 994.06, 266.56, 0.000197139
FILLER_0_94_2137, 994.06, 266.56, 0.000197139
FILLER_0_94_77, 37.94, 266.56, 0.000236802
FILLER_0_95_105, 50.74, 266.56, 0.000237734
FILLER_0_94_133, 63.54, 266.56, 0.000238666
FILLER_0_95_161, 76.34, 266.56, 0.000239598
FILLER_0_94_189, 89.14, 266.56, 0.00024053
FILLER_0_95_217, 101.94, 266.56, 0.000241461
FILLER_0_94_245, 114.74, 266.56, 0.000242393
FILLER_0_95_273, 127.54, 266.56, 0.000243325
FILLER_0_94_301, 140.34, 266.56, 0.000244257
FILLER_0_95_329, 153.14, 266.56, 0.000245189
FILLER_0_94_357, 165.94, 266.56, 0.00024612
FILLER_0_94_413, 191.54, 266.56, 0.000246228
FILLER_0_95_441, 204.34, 266.56, 0.000245403
FILLER_0_94_469, 217.14, 266.56, 0.000244579
FILLER_0_95_497, 229.94, 266.56, 0.000243754
FILLER_0_94_525, 242.74, 266.56, 0.00024293
FILLER_0_95_553, 255.54, 266.56, 0.000242105
FILLER_0_94_581, 268.34, 266.56, 0.000241281
FILLER_0_95_609, 281.14, 266.56, 0.000240456
FILLER_0_94_637, 293.94, 266.56, 0.000239632
FILLER_0_95_665, 306.74, 266.56, 0.000238807
FILLER_0_94_693, 319.54, 266.56, 0.000237982
FILLER_0_94_749, 345.14, 266.56, 0.00024445
FILLER_0_95_777, 357.94, 266.56, 0.000251742
FILLER_0_94_805, 370.74, 266.56, 0.000259034
FILLER_0_95_833, 383.54, 266.56, 0.000266327
FILLER_0_94_861, 396.34, 266.56, 0.000273619
FILLER_0_95_889, 409.14, 266.56, 0.000280911
FILLER_0_94_917, 421.94, 266.56, 0.000288203
FILLER_0_95_945, 434.74, 266.56, 0.000295495
FILLER_0_94_973, 447.54, 266.56, 0.000302787
FILLER_0_95_1001, 460.34, 266.56, 0.000310079
FILLER_0_94_1029, 473.14, 266.56, 0.000317372
FILLER_0_94_1085, 498.74, 266.56, 0.00032314
FILLER_0_95_1113, 511.54, 266.56, 0.000321617
FILLER_0_94_1141, 524.34, 266.56, 0.000320094
FILLER_0_95_1169, 537.14, 266.56, 0.000318571
FILLER_0_94_1197, 549.94, 266.56, 0.000317047
FILLER_0_95_1225, 562.74, 266.56, 0.000315524
FILLER_0_94_1253, 575.54, 266.56, 0.000314001
FILLER_0_93_1281, 601.14, 266.56, 0.000310954
FILLER_0_94_1309, 613.94, 266.56, 0.000309431
FILLER_0_93_1337, 626.74, 266.56, 0.000307908
FILLER_0_93_1393, 652.34, 266.56, 0.000301639
FILLER_0_94_1421, 665.14, 266.56, 0.000296893
FILLER_0_93_1449, 677.94, 266.56, 0.000292148
FILLER_0_94_1477, 690.74, 266.56, 0.000287402
FILLER_0_93_1505, 703.54, 266.56, 0.000282657
FILLER_0_94_1533, 716.34, 266.56, 0.000277911
FILLER_0_93_1561, 729.14, 266.56, 0.000273166
FILLER_0_94_1589, 741.94, 266.56, 0.00026842
FILLER_0_93_1617, 754.74, 266.56, 0.000263675
FILLER_0_94_1645, 767.54, 266.56, 0.000258929
FILLER_0_93_1673, 780.34, 266.56, 0.000254184
FILLER_0_93_1729, 805.94, 266.56, 0.00024508
FILLER_0_94_1757, 818.74, 266.56, 0.000240722
FILLER_0_93_1785, 831.54, 266.56, 0.000236363
FILLER_0_94_1813, 844.34, 266.56, 0.000232005
FILLER_0_93_1841, 857.14, 266.56, 0.000227647
FILLER_0_94_1869, 869.94, 266.56, 0.000223289
FILLER_0_93_1897, 882.74, 266.56, 0.00021893
FILLER_0_94_1925, 895.54, 266.56, 0.000214572
FILLER_0_93_1953, 908.34, 266.56, 0.000210214
FILLER_0_94_1981, 921.14, 266.56, 0.000205855
FILLER_0_93_2009, 933.94, 266.56, 0.000201497
FILLER_0_93_2065, 958.57, 266.56, 0.000197139
FILLER_0_94_2093, 970.4, 266.56, 0.000197139
FILLER_0_93_2121, 982.23, 266.56, 0.000197139
PHY_182, 5.52, 261.12, 0.000224748
PHY_184, 5.52, 261.12, 0.000224748
PHY_183, 994.06, 261.12, 0.000189111
PHY_185, 994.06, 261.12, 0.000189111
FILLER_0_91_2141, 994.06, 261.12, 0.000189111
FILLER_0_92_2137, 994.06, 261.12, 0.000189111
FILLER_0_92_77, 37.94, 261.12, 0.000225999
FILLER_0_93_105, 50.74, 261.12, 0.000227251
FILLER_0_92_133, 63.54, 261.12, 0.000228503
FILLER_0_93_161, 76.34, 261.12, 0.000229754
FILLER_0_92_189, 89.14, 261.12, 0.000231006
FILLER_0_93_217, 101.94, 261.12, 0.000232258
FILLER_0_92_245, 114.74, 261.12, 0.000233509
FILLER_0_93_273, 127.54, 261.12, 0.000234761
FILLER_0_92_301, 140.34, 261.12, 0.000236013
FILLER_0_93_329, 153.14, 261.12, 0.000237264
FILLER_0_92_357, 165.94, 261.12, 0.000238516
FILLER_0_92_413, 191.54, 261.12, 0.000239364
FILLER_0_93_441, 204.34, 261.12, 0.000238961
FILLER_0_92_469, 217.14, 261.12, 0.000238558
FILLER_0_93_497, 229.94, 261.12, 0.000238155
FILLER_0_92_525, 242.74, 261.12, 0.000237752
FILLER_0_93_553, 255.54, 261.12, 0.000237349
FILLER_0_92_581, 268.34, 261.12, 0.000236946
FILLER_0_93_609, 281.14, 261.12, 0.000236543
FILLER_0_92_637, 293.94, 261.12, 0.000236139
FILLER_0_93_665, 306.74, 261.12, 0.000235736
FILLER_0_92_693, 319.54, 261.12, 0.000235333
FILLER_0_92_749, 345.14, 261.12, 0.000241653
FILLER_0_93_777, 357.94, 261.12, 0.000248377
FILLER_0_92_805, 370.74, 261.12, 0.0002551
FILLER_0_93_833, 383.54, 261.12, 0.000261824
FILLER_0_92_861, 396.34, 261.12, 0.000268547
FILLER_0_93_889, 409.14, 261.12, 0.000275271
FILLER_0_92_917, 421.94, 261.12, 0.000281994
FILLER_0_93_945, 434.74, 261.12, 0.000288718
FILLER_0_92_973, 447.54, 261.12, 0.000295441
FILLER_0_93_1001, 460.34, 261.12, 0.000302164
FILLER_0_92_1029, 473.14, 261.12, 0.000308888
FILLER_0_92_1085, 498.74, 261.12, 0.000314178
FILLER_0_93_1113, 511.54, 261.12, 0.000312745
FILLER_0_92_1141, 524.34, 261.12, 0.000311312
FILLER_0_93_1169, 537.14, 261.12, 0.000309879
FILLER_0_92_1197, 549.94, 261.12, 0.000308446
FILLER_0_93_1225, 562.74, 261.12, 0.000307013
FILLER_0_92_1253, 575.54, 261.12, 0.00030558
FILLER_0_91_1281, 601.14, 261.12, 0.000302714
FILLER_0_92_1309, 613.94, 261.12, 0.000301281
FILLER_0_91_1337, 626.74, 261.12, 0.000299848
FILLER_0_91_1393, 652.34, 261.12, 0.000293758
FILLER_0_92_1421, 665.14, 261.12, 0.000289102
FILLER_0_91_1449, 677.94, 261.12, 0.000284446
FILLER_0_92_1477, 690.74, 261.12, 0.000279789
FILLER_0_91_1505, 703.54, 261.12, 0.000275133
FILLER_0_92_1533, 716.34, 261.12, 0.000270476
FILLER_0_91_1561, 729.14, 261.12, 0.00026582
FILLER_0_92_1589, 741.94, 261.12, 0.000261163
FILLER_0_91_1617, 754.74, 261.12, 0.000256507
FILLER_0_92_1645, 767.54, 261.12, 0.00025185
FILLER_0_91_1673, 780.34, 261.12, 0.000247194
FILLER_0_91_1729, 805.94, 261.12, 0.000238085
FILLER_0_92_1757, 818.74, 261.12, 0.000233633
FILLER_0_91_1785, 831.54, 261.12, 0.000229181
FILLER_0_92_1813, 844.34, 261.12, 0.000224728
FILLER_0_91_1841, 857.14, 261.12, 0.000220276
FILLER_0_92_1869, 869.94, 261.12, 0.000215824
FILLER_0_91_1897, 882.74, 261.12, 0.000211372
FILLER_0_92_1925, 895.54, 261.12, 0.00020692
FILLER_0_91_1953, 908.34, 261.12, 0.000202467
FILLER_0_92_1981, 921.14, 261.12, 0.000198015
FILLER_0_91_2009, 933.94, 261.12, 0.000193563
FILLER_0_91_2065, 958.57, 261.12, 0.000189111
FILLER_0_92_2093, 970.4, 261.12, 0.000189111
FILLER_0_91_2121, 982.23, 261.12, 0.000189111
PHY_178, 5.52, 255.68, 0.000213572
PHY_180, 5.52, 255.68, 0.000213572
PHY_179, 994.06, 255.68, 0.000180882
PHY_181, 994.06, 255.68, 0.000180882
FILLER_0_89_2141, 994.06, 255.68, 0.000180882
FILLER_0_90_2137, 994.06, 255.68, 0.000180882
FILLER_0_90_77, 37.94, 255.68, 0.000215152
FILLER_0_91_105, 50.74, 255.68, 0.000216732
FILLER_0_90_133, 63.54, 255.68, 0.000218312
FILLER_0_91_161, 76.34, 255.68, 0.000219893
FILLER_0_90_189, 89.14, 255.68, 0.000221473
FILLER_0_91_217, 101.94, 255.68, 0.000223053
FILLER_0_90_245, 114.74, 255.68, 0.000224633
FILLER_0_91_273, 127.54, 255.68, 0.000226213
FILLER_0_90_301, 140.34, 255.68, 0.000227793
FILLER_0_91_329, 153.14, 255.68, 0.000229374
FILLER_0_90_357, 165.94, 255.68, 0.000230954
FILLER_0_90_413, 191.54, 255.68, 0.000232525
FILLER_0_91_441, 204.34, 255.68, 0.000232515
FILLER_0_90_469, 217.14, 255.68, 0.000232506
FILLER_0_91_497, 229.94, 255.68, 0.000232497
FILLER_0_90_525, 242.74, 255.68, 0.000232487
FILLER_0_91_553, 255.54, 255.68, 0.000232478
FILLER_0_90_581, 268.34, 255.68, 0.000232469
FILLER_0_91_609, 281.14, 255.68, 0.00023246
FILLER_0_90_637, 293.94, 255.68, 0.00023245
FILLER_0_91_665, 306.74, 255.68, 0.000232441
FILLER_0_90_693, 319.54, 255.68, 0.000232431
FILLER_0_90_749, 345.14, 255.68, 0.000238628
FILLER_0_91_777, 357.94, 255.68, 0.000244835
FILLER_0_90_805, 370.74, 255.68, 0.000251041
FILLER_0_91_833, 383.54, 255.68, 0.000257247
FILLER_0_90_861, 396.34, 255.68, 0.000263454
FILLER_0_91_889, 409.14, 255.68, 0.00026966
FILLER_0_90_917, 421.94, 255.68, 0.000275866
FILLER_0_91_945, 434.74, 255.68, 0.000282072
FILLER_0_90_973, 447.54, 255.68, 0.000288279
FILLER_0_91_1001, 460.34, 255.68, 0.000294485
FILLER_0_90_1029, 473.14, 255.68, 0.000300691
FILLER_0_90_1085, 498.74, 255.68, 0.000305539
FILLER_0_91_1113, 511.54, 255.68, 0.000304181
FILLER_0_90_1141, 524.34, 255.68, 0.000302823
FILLER_0_91_1169, 537.14, 255.68, 0.000301465
FILLER_0_90_1197, 549.94, 255.68, 0.000300107
FILLER_0_91_1225, 562.74, 255.68, 0.000298749
FILLER_0_90_1253, 575.54, 255.68, 0.000297391
FILLER_0_89_1281, 601.14, 255.68, 0.000294675
FILLER_0_90_1309, 613.94, 255.68, 0.000293317
FILLER_0_89_1337, 626.74, 255.68, 0.000291959
FILLER_0_89_1393, 652.34, 255.68, 0.00028602
FILLER_0_90_1421, 665.14, 255.68, 0.000281438
FILLER_0_89_1449, 677.94, 255.68, 0.000276857
FILLER_0_90_1477, 690.74, 255.68, 0.000272276
FILLER_0_89_1505, 703.54, 255.68, 0.000267694
FILLER_0_90_1533, 716.34, 255.68, 0.000263113
FILLER_0_89_1561, 729.14, 255.68, 0.000258532
FILLER_0_90_1589, 741.94, 255.68, 0.00025395
FILLER_0_89_1617, 754.74, 255.68, 0.000249369
FILLER_0_90_1645, 767.54, 255.68, 0.000244788
FILLER_0_89_1673, 780.34, 255.68, 0.000240206
FILLER_0_89_1729, 805.94, 255.68, 0.000231063
FILLER_0_90_1757, 818.74, 255.68, 0.000226501
FILLER_0_89_1785, 831.54, 255.68, 0.000221939
FILLER_0_90_1813, 844.34, 255.68, 0.000217377
FILLER_0_89_1841, 857.14, 255.68, 0.000212815
FILLER_0_90_1869, 869.94, 255.68, 0.000208253
FILLER_0_89_1897, 882.74, 255.68, 0.000203691
FILLER_0_90_1925, 895.54, 255.68, 0.000199129
FILLER_0_89_1953, 908.34, 255.68, 0.000194568
FILLER_0_90_1981, 921.14, 255.68, 0.000190006
FILLER_0_89_2009, 933.94, 255.68, 0.000185444
FILLER_0_89_2065, 958.57, 255.68, 0.000180882
FILLER_0_90_2093, 970.4, 255.68, 0.000180882
FILLER_0_89_2121, 982.23, 255.68, 0.000180882
PHY_174, 5.52, 250.24, 0.000202328
PHY_176, 5.52, 250.24, 0.000202328
PHY_175, 994.06, 250.24, 0.000172447
PHY_177, 994.06, 250.24, 0.000172447
FILLER_0_87_2141, 994.06, 250.24, 0.000172447
FILLER_0_88_2137, 994.06, 250.24, 0.000172447
FILLER_0_88_77, 37.94, 250.24, 0.000204246
FILLER_0_89_105, 50.74, 250.24, 0.000206165
FILLER_0_88_133, 63.54, 250.24, 0.000208083
FILLER_0_89_161, 76.34, 250.24, 0.000210002
FILLER_0_88_189, 89.14, 250.24, 0.00021192
FILLER_0_89_217, 101.94, 250.24, 0.000213839
FILLER_0_88_245, 114.74, 250.24, 0.000215757
FILLER_0_89_273, 127.54, 250.24, 0.000217676
FILLER_0_88_301, 140.34, 250.24, 0.000219594
FILLER_0_89_329, 153.14, 250.24, 0.000221513
FILLER_0_88_357, 165.94, 250.24, 0.000223431
FILLER_0_88_413, 191.54, 250.24, 0.00022571
FILLER_0_89_441, 204.34, 250.24, 0.00022607
FILLER_0_88_469, 217.14, 250.24, 0.00022643
FILLER_0_89_497, 229.94, 250.24, 0.000226791
FILLER_0_88_525, 242.74, 250.24, 0.000227151
FILLER_0_89_553, 255.54, 250.24, 0.000227511
FILLER_0_88_581, 268.34, 250.24, 0.000227871
FILLER_0_89_609, 281.14, 250.24, 0.000228231
FILLER_0_88_637, 293.94, 250.24, 0.000228591
FILLER_0_89_665, 306.74, 250.24, 0.000228951
FILLER_0_88_693, 319.54, 250.24, 0.000229312
FILLER_0_88_749, 345.14, 250.24, 0.000235407
FILLER_0_89_777, 357.94, 250.24, 0.000241143
FILLER_0_88_805, 370.74, 250.24, 0.000246879
FILLER_0_89_833, 383.54, 250.24, 0.000252614
FILLER_0_88_861, 396.34, 250.24, 0.00025835
FILLER_0_89_889, 409.14, 250.24, 0.000264086
FILLER_0_88_917, 421.94, 250.24, 0.000269821
FILLER_0_89_945, 434.74, 250.24, 0.000275557
FILLER_0_88_973, 447.54, 250.24, 0.000281293
FILLER_0_89_1001, 460.34, 250.24, 0.000287028
FILLER_0_88_1029, 473.14, 250.24, 0.000292764
FILLER_0_88_1085, 498.74, 250.24, 0.000297203
FILLER_0_89_1113, 511.54, 250.24, 0.000295906
FILLER_0_88_1141, 524.34, 250.24, 0.00029461
FILLER_0_89_1169, 537.14, 250.24, 0.000293314
FILLER_0_88_1197, 549.94, 250.24, 0.000292017
FILLER_0_89_1225, 562.74, 250.24, 0.000290721
FILLER_0_88_1253, 575.54, 250.24, 0.000289424
FILLER_0_87_1281, 601.14, 250.24, 0.000286831
FILLER_0_88_1309, 613.94, 250.24, 0.000285535
FILLER_0_87_1337, 626.74, 250.24, 0.000284238
FILLER_0_87_1393, 652.34, 250.24, 0.000278422
FILLER_0_88_1421, 665.14, 250.24, 0.000273903
FILLER_0_87_1449, 677.94, 250.24, 0.000269384
FILLER_0_88_1477, 690.74, 250.24, 0.000264864
FILLER_0_87_1505, 703.54, 250.24, 0.000260345
FILLER_0_88_1533, 716.34, 250.24, 0.000255825
FILLER_0_87_1561, 729.14, 250.24, 0.000251306
FILLER_0_88_1589, 741.94, 250.24, 0.000246787
FILLER_0_87_1617, 754.74, 250.24, 0.000242267
FILLER_0_88_1645, 767.54, 250.24, 0.000237748
FILLER_0_87_1673, 780.34, 250.24, 0.000233228
FILLER_0_87_1729, 805.94, 250.24, 0.00022402
FILLER_0_88_1757, 818.74, 250.24, 0.000219332
FILLER_0_87_1785, 831.54, 250.24, 0.000214643
FILLER_0_88_1813, 844.34, 250.24, 0.000209955
FILLER_0_87_1841, 857.14, 250.24, 0.000205266
FILLER_0_88_1869, 869.94, 250.24, 0.000200578
FILLER_0_87_1897, 882.74, 250.24, 0.00019589
FILLER_0_88_1925, 895.54, 250.24, 0.000191201
FILLER_0_87_1953, 908.34, 250.24, 0.000186513
FILLER_0_88_1981, 921.14, 250.24, 0.000181824
FILLER_0_87_2009, 933.94, 250.24, 0.000177136
FILLER_0_87_2065, 958.57, 250.24, 0.000172447
FILLER_0_88_2093, 970.4, 250.24, 0.000172447
FILLER_0_87_2121, 982.23, 250.24, 0.000172447
PHY_170, 5.52, 244.8, 0.000191
PHY_172, 5.52, 244.8, 0.000191
PHY_171, 994.06, 244.8, 0.000163802
PHY_173, 994.06, 244.8, 0.000163802
FILLER_0_85_2141, 994.06, 244.8, 0.000163802
FILLER_0_86_2137, 994.06, 244.8, 0.000163802
FILLER_0_86_77, 37.94, 244.8, 0.000193268
FILLER_0_87_105, 50.74, 244.8, 0.000195536
FILLER_0_86_133, 63.54, 244.8, 0.000197804
FILLER_0_87_161, 76.34, 244.8, 0.000200072
FILLER_0_86_189, 89.14, 244.8, 0.00020234
FILLER_0_87_217, 101.94, 244.8, 0.000204608
FILLER_0_86_245, 114.74, 244.8, 0.000206876
FILLER_0_87_273, 127.54, 244.8, 0.000209144
FILLER_0_86_301, 140.34, 244.8, 0.000211411
FILLER_0_87_329, 153.14, 244.8, 0.000213679
FILLER_0_86_357, 165.94, 244.8, 0.000215947
FILLER_0_86_413, 191.54, 244.8, 0.000218923
FILLER_0_87_441, 204.34, 244.8, 0.000219631
FILLER_0_86_469, 217.14, 244.8, 0.00022034
FILLER_0_87_497, 229.94, 244.8, 0.000221048
FILLER_0_86_525, 242.74, 244.8, 0.000221756
FILLER_0_87_553, 255.54, 244.8, 0.000222464
FILLER_0_86_581, 268.34, 244.8, 0.000223172
FILLER_0_87_609, 281.14, 244.8, 0.000223881
FILLER_0_86_637, 293.94, 244.8, 0.000224589
FILLER_0_87_665, 306.74, 244.8, 0.000225297
FILLER_0_86_693, 319.54, 244.8, 0.000226005
FILLER_0_86_749, 345.14, 244.8, 0.00023202
FILLER_0_87_777, 357.94, 244.8, 0.000237327
FILLER_0_86_805, 370.74, 244.8, 0.000242634
FILLER_0_87_833, 383.54, 244.8, 0.000247941
FILLER_0_86_861, 396.34, 244.8, 0.000253248
FILLER_0_87_889, 409.14, 244.8, 0.000258555
FILLER_0_86_917, 421.94, 244.8, 0.000263862
FILLER_0_87_945, 434.74, 244.8, 0.000269169
FILLER_0_86_973, 447.54, 244.8, 0.000274476
FILLER_0_87_1001, 460.34, 244.8, 0.000279783
FILLER_0_86_1029, 473.14, 244.8, 0.00028509
FILLER_0_86_1085, 498.74, 244.8, 0.00028915
FILLER_0_87_1113, 511.54, 244.8, 0.000287903
FILLER_0_86_1141, 524.34, 244.8, 0.000286657
FILLER_0_87_1169, 537.14, 244.8, 0.00028541
FILLER_0_86_1197, 549.94, 244.8, 0.000284163
FILLER_0_87_1225, 562.74, 244.8, 0.000282917
FILLER_0_86_1253, 575.54, 244.8, 0.00028167
FILLER_0_85_1281, 601.14, 244.8, 0.000279177
FILLER_0_86_1309, 613.94, 244.8, 0.00027793
FILLER_0_85_1337, 626.74, 244.8, 0.000276683
FILLER_0_85_1393, 652.34, 244.8, 0.000270967
FILLER_0_86_1421, 665.14, 244.8, 0.000266497
FILLER_0_85_1449, 677.94, 244.8, 0.000262027
FILLER_0_86_1477, 690.74, 244.8, 0.000257557
FILLER_0_85_1505, 703.54, 244.8, 0.000253087
FILLER_0_86_1533, 716.34, 244.8, 0.000248617
FILLER_0_85_1561, 729.14, 244.8, 0.000244147
FILLER_0_86_1589, 741.94, 244.8, 0.000239677
FILLER_0_85_1617, 754.74, 244.8, 0.000235207
FILLER_0_86_1645, 767.54, 244.8, 0.000230737
FILLER_0_85_1673, 780.34, 244.8, 0.000226267
FILLER_0_85_1729, 805.94, 244.8, 0.000216964
FILLER_0_86_1757, 818.74, 244.8, 0.000212131
FILLER_0_85_1785, 831.54, 244.8, 0.000207298
FILLER_0_86_1813, 844.34, 244.8, 0.000202465
FILLER_0_85_1841, 857.14, 244.8, 0.000197632
FILLER_0_86_1869, 869.94, 244.8, 0.000192799
FILLER_0_85_1897, 882.74, 244.8, 0.000187966
FILLER_0_86_1925, 895.54, 244.8, 0.000183133
FILLER_0_85_1953, 908.34, 244.8, 0.0001783
FILLER_0_86_1981, 921.14, 244.8, 0.000173468
FILLER_0_85_2009, 933.94, 244.8, 0.000168635
FILLER_0_85_2065, 958.57, 244.8, 0.000163802
FILLER_0_86_2093, 970.4, 244.8, 0.000163802
FILLER_0_85_2121, 982.23, 244.8, 0.000163802
PHY_166, 5.52, 239.36, 0.000179574
PHY_168, 5.52, 239.36, 0.000179574
PHY_167, 994.06, 239.36, 0.00015494
PHY_169, 994.06, 239.36, 0.00015494
FILLER_0_83_2141, 994.06, 239.36, 0.00015494
FILLER_0_84_2137, 994.06, 239.36, 0.00015494
FILLER_0_84_77, 37.94, 239.36, 0.000182204
FILLER_0_85_105, 50.74, 239.36, 0.000184834
FILLER_0_84_133, 63.54, 239.36, 0.000187463
FILLER_0_85_161, 76.34, 239.36, 0.000190093
FILLER_0_84_189, 89.14, 239.36, 0.000192723
FILLER_0_85_217, 101.94, 239.36, 0.000195352
FILLER_0_84_245, 114.74, 239.36, 0.000197982
FILLER_0_85_273, 127.54, 239.36, 0.000200612
FILLER_0_84_301, 140.34, 239.36, 0.000203241
FILLER_0_85_329, 153.14, 239.36, 0.000205871
FILLER_0_84_357, 165.94, 239.36, 0.000208501
FILLER_0_84_413, 191.54, 239.36, 0.000212168
FILLER_0_85_441, 204.34, 239.36, 0.000213205
FILLER_0_84_469, 217.14, 239.36, 0.000214243
FILLER_0_85_497, 229.94, 239.36, 0.00021528
FILLER_0_84_525, 242.74, 239.36, 0.000216317
FILLER_0_85_553, 255.54, 239.36, 0.000217355
FILLER_0_84_581, 268.34, 239.36, 0.000218392
FILLER_0_85_609, 281.14, 239.36, 0.000219429
FILLER_0_84_637, 293.94, 239.36, 0.000220466
FILLER_0_85_665, 306.74, 239.36, 0.000221504
FILLER_0_84_693, 319.54, 239.36, 0.000222541
FILLER_0_84_749, 345.14, 239.36, 0.000228494
FILLER_0_85_777, 357.94, 239.36, 0.00023341
FILLER_0_84_805, 370.74, 239.36, 0.000238326
FILLER_0_85_833, 383.54, 239.36, 0.000243242
FILLER_0_84_861, 396.34, 239.36, 0.000248158
FILLER_0_85_889, 409.14, 239.36, 0.000253074
FILLER_0_84_917, 421.94, 239.36, 0.00025799
FILLER_0_85_945, 434.74, 239.36, 0.000262906
FILLER_0_84_973, 447.54, 239.36, 0.000267822
FILLER_0_85_1001, 460.34, 239.36, 0.000272738
FILLER_0_84_1029, 473.14, 239.36, 0.000277654
FILLER_0_84_1085, 498.74, 239.36, 0.000281363
FILLER_0_85_1113, 511.54, 239.36, 0.000280156
FILLER_0_84_1141, 524.34, 239.36, 0.000278949
FILLER_0_85_1169, 537.14, 239.36, 0.000277742
FILLER_0_84_1197, 549.94, 239.36, 0.000276535
FILLER_0_85_1225, 562.74, 239.36, 0.000275328
FILLER_0_84_1253, 575.54, 239.36, 0.00027412
FILLER_0_83_1281, 601.14, 239.36, 0.000271706
FILLER_0_84_1309, 613.94, 239.36, 0.000270499
FILLER_0_83_1337, 626.74, 239.36, 0.000269292
FILLER_0_83_1393, 652.34, 239.36, 0.000263652
FILLER_0_84_1421, 665.14, 239.36, 0.00025922
FILLER_0_83_1449, 677.94, 239.36, 0.000254788
FILLER_0_84_1477, 690.74, 239.36, 0.000250355
FILLER_0_83_1505, 703.54, 239.36, 0.000245923
FILLER_0_84_1533, 716.34, 239.36, 0.00024149
FILLER_0_83_1561, 729.14, 239.36, 0.000237058
FILLER_0_84_1589, 741.94, 239.36, 0.000232626
FILLER_0_83_1617, 754.74, 239.36, 0.000228193
FILLER_0_84_1645, 767.54, 239.36, 0.000223761
FILLER_0_83_1673, 780.34, 239.36, 0.000219328
FILLER_0_83_1729, 805.94, 239.36, 0.0002099
FILLER_0_84_1757, 818.74, 239.36, 0.000204903
FILLER_0_83_1785, 831.54, 239.36, 0.000199907
FILLER_0_84_1813, 844.34, 239.36, 0.000194911
FILLER_0_83_1841, 857.14, 239.36, 0.000189914
FILLER_0_84_1869, 869.94, 239.36, 0.000184918
FILLER_0_83_1897, 882.74, 239.36, 0.000179921
FILLER_0_84_1925, 895.54, 239.36, 0.000174925
FILLER_0_83_1953, 908.34, 239.36, 0.000169929
FILLER_0_84_1981, 921.14, 239.36, 0.000164932
FILLER_0_83_2009, 933.94, 239.36, 0.000159936
FILLER_0_83_2065, 958.57, 239.36, 0.000154939
FILLER_0_84_2093, 970.4, 239.36, 0.000154939
FILLER_0_83_2121, 982.23, 239.36, 0.00015494
PHY_162, 5.52, 233.92, 0.000168033
PHY_164, 5.52, 233.92, 0.000168033
PHY_163, 994.06, 233.92, 0.000145854
PHY_165, 994.06, 233.92, 0.000145854
FILLER_0_81_2141, 994.06, 233.92, 0.000145854
FILLER_0_82_2137, 994.06, 233.92, 0.000145854
FILLER_0_82_77, 37.94, 233.92, 0.000171038
FILLER_0_83_105, 50.74, 233.92, 0.000174044
FILLER_0_82_133, 63.54, 233.92, 0.000177049
FILLER_0_83_161, 76.34, 233.92, 0.000180055
FILLER_0_82_189, 89.14, 233.92, 0.00018306
FILLER_0_83_217, 101.94, 233.92, 0.000186066
FILLER_0_82_245, 114.74, 233.92, 0.000189071
FILLER_0_83_273, 127.54, 233.92, 0.000192077
FILLER_0_82_301, 140.34, 233.92, 0.000195082
FILLER_0_83_329, 153.14, 233.92, 0.000198088
FILLER_0_82_357, 165.94, 233.92, 0.000201093
FILLER_0_82_413, 191.54, 233.92, 0.000205448
FILLER_0_83_441, 204.34, 233.92, 0.000206798
FILLER_0_82_469, 217.14, 233.92, 0.000208148
FILLER_0_83_497, 229.94, 233.92, 0.000209498
FILLER_0_82_525, 242.74, 233.92, 0.000210848
FILLER_0_83_553, 255.54, 233.92, 0.000212198
FILLER_0_82_581, 268.34, 233.92, 0.000213548
FILLER_0_83_609, 281.14, 233.92, 0.000214898
FILLER_0_82_637, 293.94, 233.92, 0.000216247
FILLER_0_83_665, 306.74, 233.92, 0.000217597
FILLER_0_82_693, 319.54, 233.92, 0.000218947
FILLER_0_82_749, 345.14, 233.92, 0.000224856
FILLER_0_83_777, 357.94, 233.92, 0.000229415
FILLER_0_82_805, 370.74, 233.92, 0.000233974
FILLER_0_83_833, 383.54, 233.92, 0.000238533
FILLER_0_82_861, 396.34, 233.92, 0.000243092
FILLER_0_83_889, 409.14, 233.92, 0.000247651
FILLER_0_82_917, 421.94, 233.92, 0.00025221
FILLER_0_83_945, 434.74, 233.92, 0.000256769
FILLER_0_82_973, 447.54, 233.92, 0.000261327
FILLER_0_83_1001, 460.34, 233.92, 0.000265886
FILLER_0_82_1029, 473.14, 233.92, 0.000270445
FILLER_0_82_1085, 498.74, 233.92, 0.000273828
FILLER_0_83_1113, 511.54, 233.92, 0.000272651
FILLER_0_82_1141, 524.34, 233.92, 0.000271475
FILLER_0_83_1169, 537.14, 233.92, 0.000270298
FILLER_0_82_1197, 549.94, 233.92, 0.000269122
FILLER_0_83_1225, 562.74, 233.92, 0.000267945
FILLER_0_82_1253, 575.54, 233.92, 0.000266768
FILLER_0_81_1281, 601.14, 233.92, 0.000264415
FILLER_0_82_1309, 613.94, 233.92, 0.000263239
FILLER_0_81_1337, 626.74, 233.92, 0.000262062
FILLER_0_81_1393, 652.34, 233.92, 0.00025648
FILLER_0_82_1421, 665.14, 233.92, 0.000252074
FILLER_0_81_1449, 677.94, 233.92, 0.000247668
FILLER_0_82_1477, 690.74, 233.92, 0.000243262
FILLER_0_81_1505, 703.54, 233.92, 0.000238856
FILLER_0_82_1533, 716.34, 233.92, 0.000234451
FILLER_0_81_1561, 729.14, 233.92, 0.000230045
FILLER_0_82_1589, 741.94, 233.92, 0.000225639
FILLER_0_81_1617, 754.74, 233.92, 0.000221233
FILLER_0_82_1645, 767.54, 233.92, 0.000216827
FILLER_0_81_1673, 780.34, 233.92, 0.000212421
FILLER_0_81_1729, 805.94, 233.92, 0.000202835
FILLER_0_82_1757, 818.74, 233.92, 0.000197655
FILLER_0_81_1785, 831.54, 233.92, 0.000192475
FILLER_0_82_1813, 844.34, 233.92, 0.000187295
FILLER_0_81_1841, 857.14, 233.92, 0.000182115
FILLER_0_82_1869, 869.94, 233.92, 0.000176935
FILLER_0_81_1897, 882.74, 233.92, 0.000171754
FILLER_0_82_1925, 895.54, 233.92, 0.000166574
FILLER_0_81_1953, 908.34, 233.92, 0.000161394
FILLER_0_82_1981, 921.14, 233.92, 0.000156214
FILLER_0_81_2009, 933.94, 233.92, 0.000151034
FILLER_0_81_2065, 958.57, 233.92, 0.000145854
FILLER_0_82_2093, 970.4, 233.92, 0.000145854
FILLER_0_81_2121, 982.23, 233.92, 0.000145854
PHY_158, 5.52, 228.48, 0.000156359
PHY_160, 5.52, 228.48, 0.000156359
PHY_159, 994.06, 228.48, 0.000136536
PHY_161, 994.06, 228.48, 0.000136536
FILLER_0_79_2141, 994.06, 228.48, 0.000136536
FILLER_0_80_2137, 994.06, 228.48, 0.000136536
FILLER_0_80_77, 37.94, 228.48, 0.000159756
FILLER_0_81_105, 50.74, 228.48, 0.000163153
FILLER_0_80_133, 63.54, 228.48, 0.00016655
FILLER_0_81_161, 76.34, 228.48, 0.000169947
FILLER_0_80_189, 89.14, 228.48, 0.000173344
FILLER_0_81_217, 101.94, 228.48, 0.000176741
FILLER_0_80_245, 114.74, 228.48, 0.000180138
FILLER_0_81_273, 127.54, 228.48, 0.000183535
FILLER_0_80_301, 140.34, 228.48, 0.000186932
FILLER_0_81_329, 153.14, 228.48, 0.000190328
FILLER_0_80_357, 165.94, 228.48, 0.000193725
FILLER_0_80_413, 191.54, 228.48, 0.00019877
FILLER_0_81_441, 204.34, 228.48, 0.000200418
FILLER_0_80_469, 217.14, 228.48, 0.000202066
FILLER_0_81_497, 229.94, 228.48, 0.000203714
FILLER_0_80_525, 242.74, 228.48, 0.000205362
FILLER_0_81_553, 255.54, 228.48, 0.00020701
FILLER_0_80_581, 268.34, 228.48, 0.000208658
FILLER_0_81_609, 281.14, 228.48, 0.000210305
FILLER_0_80_637, 293.94, 228.48, 0.000211953
FILLER_0_81_665, 306.74, 228.48, 0.000213601
FILLER_0_80_693, 319.54, 228.48, 0.000215249
FILLER_0_80_749, 345.14, 228.48, 0.000221129
FILLER_0_81_777, 357.94, 228.48, 0.000225361
FILLER_0_80_805, 370.74, 228.48, 0.000229594
FILLER_0_81_833, 383.54, 228.48, 0.000233826
FILLER_0_80_861, 396.34, 228.48, 0.000238058
FILLER_0_81_889, 409.14, 228.48, 0.00024229
FILLER_0_80_917, 421.94, 228.48, 0.000246522
FILLER_0_81_945, 434.74, 228.48, 0.000250755
FILLER_0_80_973, 447.54, 228.48, 0.000254987
FILLER_0_81_1001, 460.34, 228.48, 0.000259219
FILLER_0_80_1029, 473.14, 228.48, 0.000263451
FILLER_0_80_1085, 498.74, 228.48, 0.00026653
FILLER_0_81_1113, 511.54, 228.48, 0.000265376
FILLER_0_80_1141, 524.34, 228.48, 0.000264222
FILLER_0_81_1169, 537.14, 228.48, 0.000263069
FILLER_0_80_1197, 549.94, 228.48, 0.000261915
FILLER_0_81_1225, 562.74, 228.48, 0.000260761
FILLER_0_80_1253, 575.54, 228.48, 0.000259608
FILLER_0_79_1281, 601.14, 228.48, 0.0002573
FILLER_0_80_1309, 613.94, 228.48, 0.000256147
FILLER_0_79_1337, 626.74, 228.48, 0.000254993
FILLER_0_79_1393, 652.34, 228.48, 0.00024945
FILLER_0_80_1421, 665.14, 228.48, 0.00024506
FILLER_0_79_1449, 677.94, 228.48, 0.00024067
FILLER_0_80_1477, 690.74, 228.48, 0.000236281
FILLER_0_79_1505, 703.54, 228.48, 0.000231891
FILLER_0_80_1533, 716.34, 228.48, 0.000227501
FILLER_0_79_1561, 729.14, 228.48, 0.000223112
FILLER_0_80_1589, 741.94, 228.48, 0.000218722
FILLER_0_79_1617, 754.74, 228.48, 0.000214332
FILLER_0_80_1645, 767.54, 228.48, 0.000209943
FILLER_0_79_1673, 780.34, 228.48, 0.000205553
FILLER_0_79_1729, 805.94, 228.48, 0.000195778
FILLER_0_80_1757, 818.74, 228.48, 0.000190392
FILLER_0_79_1785, 831.54, 228.48, 0.000185007
FILLER_0_80_1813, 844.34, 228.48, 0.000179621
FILLER_0_79_1841, 857.14, 228.48, 0.000174235
FILLER_0_80_1869, 869.94, 228.48, 0.00016885
FILLER_0_79_1897, 882.74, 228.48, 0.000163464
FILLER_0_80_1925, 895.54, 228.48, 0.000158079
FILLER_0_79_1953, 908.34, 228.48, 0.000152693
FILLER_0_80_1981, 921.14, 228.48, 0.000147307
FILLER_0_79_2009, 933.94, 228.48, 0.000141922
FILLER_0_79_2065, 958.57, 228.48, 0.000136536
FILLER_0_80_2093, 970.4, 228.48, 0.000136536
FILLER_0_79_2121, 982.23, 228.48, 0.000136536
PHY_154, 5.52, 223.04, 0.000144537
PHY_156, 5.52, 223.04, 0.000144537
PHY_155, 994.06, 223.04, 0.000126979
PHY_157, 994.06, 223.04, 0.000126979
FILLER_0_77_2141, 994.06, 223.04, 0.000126979
FILLER_0_78_2137, 994.06, 223.04, 0.000126979
FILLER_0_78_77, 37.94, 223.04, 0.000148342
FILLER_0_79_105, 50.74, 223.04, 0.000152148
FILLER_0_78_133, 63.54, 223.04, 0.000155954
FILLER_0_79_161, 76.34, 223.04, 0.00015976
FILLER_0_78_189, 89.14, 223.04, 0.000163566
FILLER_0_79_217, 101.94, 223.04, 0.000167372
FILLER_0_78_245, 114.74, 223.04, 0.000171177
FILLER_0_79_273, 127.54, 223.04, 0.000174983
FILLER_0_78_301, 140.34, 223.04, 0.000178789
FILLER_0_79_329, 153.14, 223.04, 0.000182595
FILLER_0_78_357, 165.94, 223.04, 0.0001864
FILLER_0_78_413, 191.54, 223.04, 0.000192139
FILLER_0_79_441, 204.34, 223.04, 0.000194073
FILLER_0_78_469, 217.14, 223.04, 0.000196006
FILLER_0_79_497, 229.94, 223.04, 0.000197939
FILLER_0_78_525, 242.74, 223.04, 0.000199872
FILLER_0_79_553, 255.54, 223.04, 0.000201805
FILLER_0_78_581, 268.34, 223.04, 0.000203738
FILLER_0_79_609, 281.14, 223.04, 0.000205672
FILLER_0_78_637, 293.94, 223.04, 0.000207605
FILLER_0_79_665, 306.74, 223.04, 0.000209538
FILLER_0_78_693, 319.54, 223.04, 0.000211471
FILLER_0_78_749, 345.14, 223.04, 0.000217337
FILLER_0_79_777, 357.94, 223.04, 0.000221269
FILLER_0_78_805, 370.74, 223.04, 0.000225202
FILLER_0_79_833, 383.54, 223.04, 0.000229134
FILLER_0_78_861, 396.34, 223.04, 0.000233067
FILLER_0_79_889, 409.14, 223.04, 0.000236999
FILLER_0_78_917, 421.94, 223.04, 0.000240932
FILLER_0_79_945, 434.74, 223.04, 0.000244864
FILLER_0_78_973, 447.54, 223.04, 0.000248797
FILLER_0_79_1001, 460.34, 223.04, 0.000252729
FILLER_0_78_1029, 473.14, 223.04, 0.000256662
FILLER_0_78_1085, 498.74, 223.04, 0.000259457
FILLER_0_79_1113, 511.54, 223.04, 0.00025832
FILLER_0_78_1141, 524.34, 223.04, 0.000257182
FILLER_0_79_1169, 537.14, 223.04, 0.000256045
FILLER_0_78_1197, 549.94, 223.04, 0.000254907
FILLER_0_79_1225, 562.74, 223.04, 0.00025377
FILLER_0_78_1253, 575.54, 223.04, 0.000252633
FILLER_0_77_1281, 601.14, 223.04, 0.000250358
FILLER_0_78_1309, 613.94, 223.04, 0.000249221
FILLER_0_77_1337, 626.74, 223.04, 0.000248083
FILLER_0_77_1393, 652.34, 223.04, 0.000242563
FILLER_0_78_1421, 665.14, 223.04, 0.000238179
FILLER_0_77_1449, 677.94, 223.04, 0.000233796
FILLER_0_78_1477, 690.74, 223.04, 0.000229413
FILLER_0_77_1505, 703.54, 223.04, 0.00022503
FILLER_0_78_1533, 716.34, 223.04, 0.000220647
FILLER_0_77_1561, 729.14, 223.04, 0.000216264
FILLER_0_78_1589, 741.94, 223.04, 0.000211881
FILLER_0_77_1617, 754.74, 223.04, 0.000207498
FILLER_0_78_1645, 767.54, 223.04, 0.000203114
FILLER_0_77_1673, 780.34, 223.04, 0.000198731
FILLER_0_77_1729, 805.94, 223.04, 0.000188734
FILLER_0_78_1757, 818.74, 223.04, 0.00018312
FILLER_0_77_1785, 831.54, 223.04, 0.000177506
FILLER_0_78_1813, 844.34, 223.04, 0.000171892
FILLER_0_77_1841, 857.14, 223.04, 0.000166278
FILLER_0_78_1869, 869.94, 223.04, 0.000160664
FILLER_0_77_1897, 882.74, 223.04, 0.000155049
FILLER_0_78_1925, 895.54, 223.04, 0.000149435
FILLER_0_77_1953, 908.34, 223.04, 0.000143821
FILLER_0_78_1981, 921.14, 223.04, 0.000138207
FILLER_0_77_2009, 933.94, 223.04, 0.000132593
FILLER_0_77_2065, 958.57, 223.04, 0.000126979
FILLER_0_78_2093, 970.4, 223.04, 0.000126979
FILLER_0_77_2121, 982.23, 223.04, 0.000126979
PHY_150, 5.52, 217.6, 0.000132547
PHY_152, 5.52, 217.6, 0.000132547
PHY_151, 994.06, 217.6, 0.000117172
PHY_153, 994.06, 217.6, 0.000117172
FILLER_0_75_2141, 994.06, 217.6, 0.000117172
FILLER_0_76_2137, 994.06, 217.6, 0.000117172
FILLER_0_76_77, 37.94, 217.6, 0.000136781
FILLER_0_77_105, 50.74, 217.6, 0.000141015
FILLER_0_76_133, 63.54, 217.6, 0.000145249
FILLER_0_77_161, 76.34, 217.6, 0.000149483
FILLER_0_76_189, 89.14, 217.6, 0.000153717
FILLER_0_77_217, 101.94, 217.6, 0.000157951
FILLER_0_76_245, 114.74, 217.6, 0.000162186
FILLER_0_77_273, 127.54, 217.6, 0.00016642
FILLER_0_76_301, 140.34, 217.6, 0.000170654
FILLER_0_77_329, 153.14, 217.6, 0.000174888
FILLER_0_76_357, 165.94, 217.6, 0.000179122
FILLER_0_76_413, 191.54, 217.6, 0.000185563
FILLER_0_77_441, 204.34, 217.6, 0.000187771
FILLER_0_76_469, 217.14, 217.6, 0.000189978
FILLER_0_77_497, 229.94, 217.6, 0.000192185
FILLER_0_76_525, 242.74, 217.6, 0.000194392
FILLER_0_77_553, 255.54, 217.6, 0.0001966
FILLER_0_76_581, 268.34, 217.6, 0.000198807
FILLER_0_77_609, 281.14, 217.6, 0.000201014
FILLER_0_76_637, 293.94, 217.6, 0.000203221
FILLER_0_77_665, 306.74, 217.6, 0.000205428
FILLER_0_76_693, 319.54, 217.6, 0.000207636
FILLER_0_76_749, 345.14, 217.6, 0.0002135
FILLER_0_77_777, 357.94, 217.6, 0.000217157
FILLER_0_76_805, 370.74, 217.6, 0.000220814
FILLER_0_77_833, 383.54, 217.6, 0.00022447
FILLER_0_76_861, 396.34, 217.6, 0.000228127
FILLER_0_77_889, 409.14, 217.6, 0.000231784
FILLER_0_76_917, 421.94, 217.6, 0.000235441
FILLER_0_77_945, 434.74, 217.6, 0.000239098
FILLER_0_76_973, 447.54, 217.6, 0.000242755
FILLER_0_77_1001, 460.34, 217.6, 0.000246412
FILLER_0_76_1029, 473.14, 217.6, 0.000250068
FILLER_0_76_1085, 498.74, 217.6, 0.000252599
FILLER_0_77_1113, 511.54, 217.6, 0.000251472
FILLER_0_76_1141, 524.34, 217.6, 0.000250345
FILLER_0_77_1169, 537.14, 217.6, 0.000249219
FILLER_0_76_1197, 549.94, 217.6, 0.000248092
FILLER_0_77_1225, 562.74, 217.6, 0.000246965
FILLER_0_76_1253, 575.54, 217.6, 0.000245839
FILLER_0_75_1281, 601.14, 217.6, 0.000243585
FILLER_0_76_1309, 613.94, 217.6, 0.000242459
FILLER_0_75_1337, 626.74, 217.6, 0.000241332
FILLER_0_75_1393, 652.34, 217.6, 0.00023582
FILLER_0_76_1421, 665.14, 217.6, 0.000231434
FILLER_0_75_1449, 677.94, 217.6, 0.000227049
FILLER_0_76_1477, 690.74, 217.6, 0.000222663
FILLER_0_75_1505, 703.54, 217.6, 0.000218278
FILLER_0_76_1533, 716.34, 217.6, 0.000213893
FILLER_0_75_1561, 729.14, 217.6, 0.000209507
FILLER_0_76_1589, 741.94, 217.6, 0.000205122
FILLER_0_75_1617, 754.74, 217.6, 0.000200736
FILLER_0_76_1645, 767.54, 217.6, 0.000196351
FILLER_0_75_1673, 780.34, 217.6, 0.000191965
FILLER_0_75_1729, 805.94, 217.6, 0.000181712
FILLER_0_76_1757, 818.74, 217.6, 0.000175845
FILLER_0_75_1785, 831.54, 217.6, 0.000169978
FILLER_0_76_1813, 844.34, 217.6, 0.00016411
FILLER_0_75_1841, 857.14, 217.6, 0.000158243
FILLER_0_76_1869, 869.94, 217.6, 0.000152376
FILLER_0_75_1897, 882.74, 217.6, 0.000146508
FILLER_0_76_1925, 895.54, 217.6, 0.000140641
FILLER_0_75_1953, 908.34, 217.6, 0.000134774
FILLER_0_76_1981, 921.14, 217.6, 0.000128906
FILLER_0_75_2009, 933.94, 217.6, 0.000123039
FILLER_0_75_2065, 958.57, 217.6, 0.000117171
FILLER_0_76_2093, 970.4, 217.6, 0.000117171
FILLER_0_75_2121, 982.23, 217.6, 0.000117172
PHY_146, 5.52, 212.16, 0.000120371
PHY_148, 5.52, 212.16, 0.000120371
PHY_147, 994.06, 212.16, 0.000107104
PHY_149, 994.06, 212.16, 0.000107104
FILLER_0_73_2141, 994.06, 212.16, 0.000107104
FILLER_0_74_2137, 994.06, 212.16, 0.000107104
FILLER_0_74_77, 37.94, 212.16, 0.000125055
FILLER_0_75_105, 50.74, 212.16, 0.000129739
FILLER_0_74_133, 63.54, 212.16, 0.000134423
FILLER_0_75_161, 76.34, 212.16, 0.000139107
FILLER_0_74_189, 89.14, 212.16, 0.000143791
FILLER_0_75_217, 101.94, 212.16, 0.000148475
FILLER_0_74_245, 114.74, 212.16, 0.000153159
FILLER_0_75_273, 127.54, 212.16, 0.000157843
FILLER_0_74_301, 140.34, 212.16, 0.000162527
FILLER_0_75_329, 153.14, 212.16, 0.000167211
FILLER_0_74_357, 165.94, 212.16, 0.000171894
FILLER_0_74_413, 191.54, 212.16, 0.00017905
FILLER_0_75_441, 204.34, 212.16, 0.000181521
FILLER_0_74_469, 217.14, 212.16, 0.000183993
FILLER_0_75_497, 229.94, 212.16, 0.000186465
FILLER_0_74_525, 242.74, 212.16, 0.000188936
FILLER_0_75_553, 255.54, 212.16, 0.000191408
FILLER_0_74_581, 268.34, 212.16, 0.000193879
FILLER_0_75_609, 281.14, 212.16, 0.00019635
FILLER_0_74_637, 293.94, 212.16, 0.000198822
FILLER_0_75_665, 306.74, 212.16, 0.000201293
FILLER_0_74_693, 319.54, 212.16, 0.000203765
FILLER_0_74_749, 345.14, 212.16, 0.000209639
FILLER_0_75_777, 357.94, 212.16, 0.000213041
FILLER_0_74_805, 370.74, 212.16, 0.000216444
FILLER_0_75_833, 383.54, 212.16, 0.000219846
FILLER_0_74_861, 396.34, 212.16, 0.000223249
FILLER_0_75_889, 409.14, 212.16, 0.000226651
FILLER_0_74_917, 421.94, 212.16, 0.000230053
FILLER_0_75_945, 434.74, 212.16, 0.000233456
FILLER_0_74_973, 447.54, 212.16, 0.000236858
FILLER_0_75_1001, 460.34, 212.16, 0.00024026
FILLER_0_74_1029, 473.14, 212.16, 0.000243663
FILLER_0_74_1085, 498.74, 212.16, 0.000245945
FILLER_0_75_1113, 511.54, 212.16, 0.000244824
FILLER_0_74_1141, 524.34, 212.16, 0.000243704
FILLER_0_75_1169, 537.14, 212.16, 0.000242583
FILLER_0_74_1197, 549.94, 212.16, 0.000241462
FILLER_0_75_1225, 562.74, 212.16, 0.000240342
FILLER_0_74_1253, 575.54, 212.16, 0.000239221
FILLER_0_73_1281, 601.14, 212.16, 0.00023698
FILLER_0_74_1309, 613.94, 212.16, 0.000235859
FILLER_0_73_1337, 626.74, 212.16, 0.000234739
FILLER_0_73_1393, 652.34, 212.16, 0.000229222
FILLER_0_74_1421, 665.14, 212.16, 0.000224827
FILLER_0_73_1449, 677.94, 212.16, 0.000220431
FILLER_0_74_1477, 690.74, 212.16, 0.000216035
FILLER_0_73_1505, 703.54, 212.16, 0.000211639
FILLER_0_74_1533, 716.34, 212.16, 0.000207243
FILLER_0_73_1561, 729.14, 212.16, 0.000202847
FILLER_0_74_1589, 741.94, 212.16, 0.000198451
FILLER_0_73_1617, 754.74, 212.16, 0.000194055
FILLER_0_74_1645, 767.54, 212.16, 0.00018966
FILLER_0_73_1673, 780.34, 212.16, 0.000185264
FILLER_0_73_1729, 805.94, 212.16, 0.000174721
FILLER_0_74_1757, 818.74, 212.16, 0.000168574
FILLER_0_73_1785, 831.54, 212.16, 0.000162427
FILLER_0_74_1813, 844.34, 212.16, 0.00015628
FILLER_0_73_1841, 857.14, 212.16, 0.000150133
FILLER_0_74_1869, 869.94, 212.16, 0.000143986
FILLER_0_73_1897, 882.74, 212.16, 0.000137839
FILLER_0_74_1925, 895.54, 212.16, 0.000131692
FILLER_0_73_1953, 908.34, 212.16, 0.000125545
FILLER_0_74_1981, 921.14, 212.16, 0.000119398
FILLER_0_73_2009, 933.94, 212.16, 0.000113251
FILLER_0_73_2065, 958.57, 212.16, 0.000107104
FILLER_0_74_2093, 970.4, 212.16, 0.000107104
FILLER_0_73_2121, 982.23, 212.16, 0.000107104
PHY_142, 5.52, 206.72, 0.000107989
PHY_144, 5.52, 206.72, 0.000107989
PHY_143, 994.06, 206.72, 9.67632e-05
PHY_145, 994.06, 206.72, 9.67632e-05
FILLER_0_71_2141, 994.06, 206.72, 9.67632e-05
FILLER_0_72_2137, 994.06, 206.72, 9.67632e-05
FILLER_0_72_77, 37.94, 206.72, 0.000113147
FILLER_0_73_105, 50.74, 206.72, 0.000118304
FILLER_0_72_133, 63.54, 206.72, 0.000123462
FILLER_0_73_161, 76.34, 206.72, 0.00012862
FILLER_0_72_189, 89.14, 206.72, 0.000133778
FILLER_0_73_217, 101.94, 206.72, 0.000138935
FILLER_0_72_245, 114.74, 206.72, 0.000144093
FILLER_0_73_273, 127.54, 206.72, 0.000149251
FILLER_0_72_301, 140.34, 206.72, 0.000154408
FILLER_0_73_329, 153.14, 206.72, 0.000159566
FILLER_0_72_357, 165.94, 206.72, 0.000164724
FILLER_0_72_413, 191.54, 206.72, 0.000172609
FILLER_0_73_441, 204.34, 206.72, 0.000175336
FILLER_0_72_469, 217.14, 206.72, 0.000178063
FILLER_0_73_497, 229.94, 206.72, 0.00018079
FILLER_0_72_525, 242.74, 206.72, 0.000183517
FILLER_0_73_553, 255.54, 206.72, 0.000186244
FILLER_0_72_581, 268.34, 206.72, 0.000188971
FILLER_0_73_609, 281.14, 206.72, 0.000191698
FILLER_0_72_637, 293.94, 206.72, 0.000194425
FILLER_0_73_665, 306.74, 206.72, 0.000197152
FILLER_0_72_693, 319.54, 206.72, 0.000199879
FILLER_0_72_749, 345.14, 206.72, 0.000205773
FILLER_0_73_777, 357.94, 206.72, 0.00020894
FILLER_0_72_805, 370.74, 206.72, 0.000212106
FILLER_0_73_833, 383.54, 206.72, 0.000215273
FILLER_0_72_861, 396.34, 206.72, 0.000218439
FILLER_0_73_889, 409.14, 206.72, 0.000221606
FILLER_0_72_917, 421.94, 206.72, 0.000224772
FILLER_0_73_945, 434.74, 206.72, 0.000227939
FILLER_0_72_973, 447.54, 206.72, 0.000231105
FILLER_0_73_1001, 460.34, 206.72, 0.000234272
FILLER_0_72_1029, 473.14, 206.72, 0.000237438
FILLER_0_72_1085, 498.74, 206.72, 0.000239486
FILLER_0_73_1113, 511.54, 206.72, 0.000238368
FILLER_0_72_1141, 524.34, 206.72, 0.00023725
FILLER_0_73_1169, 537.14, 206.72, 0.000236132
FILLER_0_72_1197, 549.94, 206.72, 0.000235013
FILLER_0_73_1225, 562.74, 206.72, 0.000233895
FILLER_0_72_1253, 575.54, 206.72, 0.000232777
FILLER_0_71_1281, 601.14, 206.72, 0.00023054
FILLER_0_72_1309, 613.94, 206.72, 0.000229422
FILLER_0_71_1337, 626.74, 206.72, 0.000228304
FILLER_0_71_1393, 652.34, 206.72, 0.000222772
FILLER_0_72_1421, 665.14, 206.72, 0.000218359
FILLER_0_71_1449, 677.94, 206.72, 0.000213945
FILLER_0_72_1477, 690.74, 206.72, 0.000209532
FILLER_0_71_1505, 703.54, 206.72, 0.000205118
FILLER_0_72_1533, 716.34, 206.72, 0.000200705
FILLER_0_71_1561, 729.14, 206.72, 0.000196291
FILLER_0_72_1589, 741.94, 206.72, 0.000191878
FILLER_0_71_1617, 754.74, 206.72, 0.000187464
FILLER_0_72_1645, 767.54, 206.72, 0.00018305
FILLER_0_71_1673, 780.34, 206.72, 0.000178637
FILLER_0_71_1729, 805.94, 206.72, 0.000167768
FILLER_0_72_1757, 818.74, 206.72, 0.000161313
FILLER_0_71_1785, 831.54, 206.72, 0.000154858
FILLER_0_72_1813, 844.34, 206.72, 0.000148403
FILLER_0_71_1841, 857.14, 206.72, 0.000141948
FILLER_0_72_1869, 869.94, 206.72, 0.000135493
FILLER_0_71_1897, 882.74, 206.72, 0.000129038
FILLER_0_72_1925, 895.54, 206.72, 0.000122583
FILLER_0_71_1953, 908.34, 206.72, 0.000116128
FILLER_0_72_1981, 921.14, 206.72, 0.000109673
FILLER_0_71_2009, 933.94, 206.72, 0.000103218
FILLER_0_71_2065, 958.57, 206.72, 9.6763e-05
FILLER_0_72_2093, 970.4, 206.72, 9.67631e-05
FILLER_0_71_2121, 982.23, 206.72, 9.67631e-05
PHY_138, 5.52, 201.28, 9.53802e-05
PHY_140, 5.52, 201.28, 9.53802e-05
PHY_139, 994.06, 201.28, 8.6137e-05
PHY_141, 994.06, 201.28, 8.6137e-05
FILLER_0_69_2141, 994.06, 201.28, 8.6137e-05
FILLER_0_70_2137, 994.06, 201.28, 8.6137e-05
FILLER_0_70_77, 37.94, 201.28, 0.000101038
FILLER_0_71_105, 50.74, 201.28, 0.000106696
FILLER_0_70_133, 63.54, 201.28, 0.000112354
FILLER_0_71_161, 76.34, 201.28, 0.000118012
FILLER_0_70_189, 89.14, 201.28, 0.00012367
FILLER_0_71_217, 101.94, 201.28, 0.000129327
FILLER_0_70_245, 114.74, 201.28, 0.000134985
FILLER_0_71_273, 127.54, 201.28, 0.000140643
FILLER_0_70_301, 140.34, 201.28, 0.000146301
FILLER_0_71_329, 153.14, 201.28, 0.000151959
FILLER_0_70_357, 165.94, 201.28, 0.000157617
FILLER_0_70_413, 191.54, 201.28, 0.000166249
FILLER_0_71_441, 204.34, 201.28, 0.000169224
FILLER_0_70_469, 217.14, 201.28, 0.000172199
FILLER_0_71_497, 229.94, 201.28, 0.000175174
FILLER_0_70_525, 242.74, 201.28, 0.000178149
FILLER_0_71_553, 255.54, 201.28, 0.000181124
FILLER_0_70_581, 268.34, 201.28, 0.000184099
FILLER_0_71_609, 281.14, 201.28, 0.000187074
FILLER_0_70_637, 293.94, 201.28, 0.000190049
FILLER_0_71_665, 306.74, 201.28, 0.000193024
FILLER_0_70_693, 319.54, 201.28, 0.000195999
FILLER_0_70_749, 345.14, 201.28, 0.000201921
FILLER_0_71_777, 357.94, 201.28, 0.000204868
FILLER_0_70_805, 370.74, 201.28, 0.000207814
FILLER_0_71_833, 383.54, 201.28, 0.000210761
FILLER_0_70_861, 396.34, 201.28, 0.000213708
FILLER_0_71_889, 409.14, 201.28, 0.000216655
FILLER_0_70_917, 421.94, 201.28, 0.000219601
FILLER_0_71_945, 434.74, 201.28, 0.000222548
FILLER_0_70_973, 447.54, 201.28, 0.000225495
FILLER_0_71_1001, 460.34, 201.28, 0.000228441
FILLER_0_70_1029, 473.14, 201.28, 0.000231388
FILLER_0_70_1085, 498.74, 201.28, 0.000233216
FILLER_0_71_1113, 511.54, 201.28, 0.000232097
FILLER_0_70_1141, 524.34, 201.28, 0.000230978
FILLER_0_71_1169, 537.14, 201.28, 0.000229859
FILLER_0_70_1197, 549.94, 201.28, 0.00022874
FILLER_0_71_1225, 562.74, 201.28, 0.000227621
FILLER_0_70_1253, 575.54, 201.28, 0.000226503
FILLER_0_69_1281, 601.14, 201.28, 0.000224265
FILLER_0_70_1309, 613.94, 201.28, 0.000223146
FILLER_0_69_1337, 626.74, 201.28, 0.000222027
FILLER_0_69_1393, 652.34, 201.28, 0.000216471
FILLER_0_70_1421, 665.14, 201.28, 0.000212033
FILLER_0_69_1449, 677.94, 201.28, 0.000207596
FILLER_0_70_1477, 690.74, 201.28, 0.000203158
FILLER_0_69_1505, 703.54, 201.28, 0.000198721
FILLER_0_70_1533, 716.34, 201.28, 0.000194283
FILLER_0_69_1561, 729.14, 201.28, 0.000189846
FILLER_0_70_1589, 741.94, 201.28, 0.000185408
FILLER_0_69_1617, 754.74, 201.28, 0.000180971
FILLER_0_70_1645, 767.54, 201.28, 0.000176533
FILLER_0_69_1673, 780.34, 201.28, 0.000172096
FILLER_0_69_1729, 805.94, 201.28, 0.000160865
FILLER_0_70_1757, 818.74, 201.28, 0.000154071
FILLER_0_69_1785, 831.54, 201.28, 0.000147278
FILLER_0_70_1813, 844.34, 201.28, 0.000140484
FILLER_0_69_1841, 857.14, 201.28, 0.000133691
FILLER_0_70_1869, 869.94, 201.28, 0.000126898
FILLER_0_69_1897, 882.74, 201.28, 0.000120104
FILLER_0_70_1925, 895.54, 201.28, 0.000113311
FILLER_0_69_1953, 908.34, 201.28, 0.000106517
FILLER_0_70_1981, 921.14, 201.28, 9.97238e-05
FILLER_0_69_2009, 933.94, 201.28, 9.29303e-05
FILLER_0_69_2065, 958.57, 201.28, 8.61369e-05
FILLER_0_70_2093, 970.4, 201.28, 8.61369e-05
FILLER_0_69_2121, 982.23, 201.28, 8.6137e-05
PHY_134, 5.52, 195.84, 8.25231e-05
PHY_136, 5.52, 195.84, 8.25231e-05
PHY_135, 994.06, 195.84, 7.52107e-05
PHY_137, 994.06, 195.84, 7.52107e-05
FILLER_0_67_2141, 994.06, 195.84, 7.52107e-05
FILLER_0_68_2137, 994.06, 195.84, 7.52107e-05
FILLER_0_68_77, 37.94, 195.84, 8.87102e-05
FILLER_0_69_105, 50.74, 195.84, 9.48973e-05
FILLER_0_68_133, 63.54, 195.84, 0.000101084
FILLER_0_69_161, 76.34, 195.84, 0.000107272
FILLER_0_68_189, 89.14, 195.84, 0.000113459
FILLER_0_69_217, 101.94, 195.84, 0.000119646
FILLER_0_68_245, 114.74, 195.84, 0.000125833
FILLER_0_69_273, 127.54, 195.84, 0.00013202
FILLER_0_68_301, 140.34, 195.84, 0.000138207
FILLER_0_69_329, 153.14, 195.84, 0.000144394
FILLER_0_68_357, 165.94, 195.84, 0.000150581
FILLER_0_68_413, 191.54, 195.84, 0.000159984
FILLER_0_69_441, 204.34, 195.84, 0.0001632
FILLER_0_68_469, 217.14, 195.84, 0.000166416
FILLER_0_69_497, 229.94, 195.84, 0.000169632
FILLER_0_68_525, 242.74, 195.84, 0.000172848
FILLER_0_69_553, 255.54, 195.84, 0.000176064
FILLER_0_68_581, 268.34, 195.84, 0.00017928
FILLER_0_69_609, 281.14, 195.84, 0.000182496
FILLER_0_68_637, 293.94, 195.84, 0.000185712
FILLER_0_69_665, 306.74, 195.84, 0.000188927
FILLER_0_68_693, 319.54, 195.84, 0.000192143
FILLER_0_68_749, 345.14, 195.84, 0.0001981
FILLER_0_69_777, 357.94, 195.84, 0.000200841
FILLER_0_68_805, 370.74, 195.84, 0.000203581
FILLER_0_69_833, 383.54, 195.84, 0.000206322
FILLER_0_68_861, 396.34, 195.84, 0.000209063
FILLER_0_69_889, 409.14, 195.84, 0.000211803
FILLER_0_68_917, 421.94, 195.84, 0.000214544
FILLER_0_69_945, 434.74, 195.84, 0.000217285
FILLER_0_68_973, 447.54, 195.84, 0.000220025
FILLER_0_69_1001, 460.34, 195.84, 0.000222766
FILLER_0_68_1029, 473.14, 195.84, 0.000225506
FILLER_0_68_1085, 498.74, 195.84, 0.000227125
FILLER_0_69_1113, 511.54, 195.84, 0.000226004
FILLER_0_68_1141, 524.34, 195.84, 0.000224882
FILLER_0_69_1169, 537.14, 195.84, 0.000223761
FILLER_0_68_1197, 549.94, 195.84, 0.000222639
FILLER_0_69_1225, 562.74, 195.84, 0.000221517
FILLER_0_68_1253, 575.54, 195.84, 0.000220396
FILLER_0_67_1281, 601.14, 195.84, 0.000218152
FILLER_0_68_1309, 613.94, 195.84, 0.000217031
FILLER_0_67_1337, 626.74, 195.84, 0.000215909
FILLER_0_67_1393, 652.34, 195.84, 0.00021032
FILLER_0_68_1421, 665.14, 195.84, 0.000205854
FILLER_0_67_1449, 677.94, 195.84, 0.000201387
FILLER_0_68_1477, 690.74, 195.84, 0.00019692
FILLER_0_67_1505, 703.54, 195.84, 0.000192453
FILLER_0_68_1533, 716.34, 195.84, 0.000187986
FILLER_0_67_1561, 729.14, 195.84, 0.000183519
FILLER_0_68_1589, 741.94, 195.84, 0.000179052
FILLER_0_67_1617, 754.74, 195.84, 0.000174585
FILLER_0_68_1645, 767.54, 195.84, 0.000170118
FILLER_0_67_1673, 780.34, 195.84, 0.000165651
FILLER_0_67_1729, 805.94, 195.84, 0.00015402
FILLER_0_68_1757, 818.74, 195.84, 0.000146856
FILLER_0_67_1785, 831.54, 195.84, 0.000139691
FILLER_0_68_1813, 844.34, 195.84, 0.000132527
FILLER_0_67_1841, 857.14, 195.84, 0.000125362
FILLER_0_68_1869, 869.94, 195.84, 0.000118198
FILLER_0_67_1897, 882.74, 195.84, 0.000111033
FILLER_0_68_1925, 895.54, 195.84, 0.000103869
FILLER_0_67_1953, 908.34, 195.84, 9.67041e-05
FILLER_0_68_1981, 921.14, 195.84, 8.95395e-05
FILLER_0_67_2009, 933.94, 195.84, 8.2375e-05
FILLER_0_67_2065, 958.57, 195.84, 7.52105e-05
FILLER_0_68_2093, 970.4, 195.84, 7.52106e-05
FILLER_0_67_2121, 982.23, 195.84, 7.52106e-05
PHY_130, 5.52, 190.4, 6.93945e-05
PHY_132, 5.52, 190.4, 6.93945e-05
PHY_131, 994.06, 190.4, 6.39683e-05
PHY_133, 994.06, 190.4, 6.39683e-05
FILLER_0_65_2141, 994.06, 190.4, 6.39683e-05
FILLER_0_66_2137, 994.06, 190.4, 6.39683e-05
FILLER_0_66_77, 37.94, 190.4, 7.61428e-05
FILLER_0_67_105, 50.74, 190.4, 8.28911e-05
FILLER_0_66_133, 63.54, 190.4, 8.96394e-05
FILLER_0_67_161, 76.34, 190.4, 9.63877e-05
FILLER_0_66_189, 89.14, 190.4, 0.000103136
FILLER_0_67_217, 101.94, 190.4, 0.000109884
FILLER_0_66_245, 114.74, 190.4, 0.000116633
FILLER_0_67_273, 127.54, 190.4, 0.000123381
FILLER_0_66_301, 140.34, 190.4, 0.000130129
FILLER_0_67_329, 153.14, 190.4, 0.000136877
FILLER_0_66_357, 165.94, 190.4, 0.000143626
FILLER_0_66_413, 191.54, 190.4, 0.000153824
FILLER_0_67_441, 204.34, 190.4, 0.000157275
FILLER_0_66_469, 217.14, 190.4, 0.000160726
FILLER_0_67_497, 229.94, 190.4, 0.000164176
FILLER_0_66_525, 242.74, 190.4, 0.000167627
FILLER_0_67_553, 255.54, 190.4, 0.000171078
FILLER_0_66_581, 268.34, 190.4, 0.000174528
FILLER_0_67_609, 281.14, 190.4, 0.000177979
FILLER_0_66_637, 293.94, 190.4, 0.000181429
FILLER_0_67_665, 306.74, 190.4, 0.00018488
FILLER_0_66_693, 319.54, 190.4, 0.000188331
FILLER_0_66_749, 345.14, 190.4, 0.000194327
FILLER_0_67_777, 357.94, 190.4, 0.000196874
FILLER_0_66_805, 370.74, 190.4, 0.00019942
FILLER_0_67_833, 383.54, 190.4, 0.000201966
FILLER_0_66_861, 396.34, 190.4, 0.000204512
FILLER_0_67_889, 409.14, 190.4, 0.000207058
FILLER_0_66_917, 421.94, 190.4, 0.000209604
FILLER_0_67_945, 434.74, 190.4, 0.00021215
FILLER_0_66_973, 447.54, 190.4, 0.000214696
FILLER_0_67_1001, 460.34, 190.4, 0.000217242
FILLER_0_66_1029, 473.14, 190.4, 0.000219788
FILLER_0_66_1085, 498.74, 190.4, 0.000221209
FILLER_0_67_1113, 511.54, 190.4, 0.000220083
FILLER_0_66_1141, 524.34, 190.4, 0.000218957
FILLER_0_67_1169, 537.14, 190.4, 0.000217831
FILLER_0_66_1197, 549.94, 190.4, 0.000216705
FILLER_0_67_1225, 562.74, 190.4, 0.00021558
FILLER_0_66_1253, 575.54, 190.4, 0.000214454
FILLER_0_65_1281, 601.14, 190.4, 0.000212202
FILLER_0_66_1309, 613.94, 190.4, 0.000211076
FILLER_0_65_1337, 626.74, 190.4, 0.00020995
FILLER_0_65_1393, 652.34, 190.4, 0.000204324
FILLER_0_66_1421, 665.14, 190.4, 0.000199823
FILLER_0_65_1449, 677.94, 190.4, 0.000195322
FILLER_0_66_1477, 690.74, 190.4, 0.000190822
FILLER_0_65_1505, 703.54, 190.4, 0.000186321
FILLER_0_66_1533, 716.34, 190.4, 0.00018182
FILLER_0_65_1561, 729.14, 190.4, 0.00017732
FILLER_0_66_1589, 741.94, 190.4, 0.000172819
FILLER_0_65_1617, 754.74, 190.4, 0.000168318
FILLER_0_66_1645, 767.54, 190.4, 0.000163818
FILLER_0_65_1673, 780.34, 190.4, 0.000159317
FILLER_0_65_1729, 805.94, 190.4, 0.000147246
FILLER_0_66_1757, 818.74, 190.4, 0.000139675
FILLER_0_65_1785, 831.54, 190.4, 0.000132104
FILLER_0_66_1813, 844.34, 190.4, 0.000124534
FILLER_0_65_1841, 857.14, 190.4, 0.000116963
FILLER_0_66_1869, 869.94, 190.4, 0.000109392
FILLER_0_65_1897, 882.74, 190.4, 0.000101822
FILLER_0_66_1925, 895.54, 190.4, 9.42509e-05
FILLER_0_65_1953, 908.34, 190.4, 8.66802e-05
FILLER_0_66_1981, 921.14, 190.4, 7.91095e-05
FILLER_0_65_2009, 933.94, 190.4, 7.15388e-05
FILLER_0_65_2065, 958.57, 190.4, 6.39681e-05
FILLER_0_66_2093, 970.4, 190.4, 6.39682e-05
FILLER_0_65_2121, 982.23, 190.4, 6.39682e-05
PHY_126, 5.52, 184.96, 5.59697e-05
PHY_128, 5.52, 184.96, 5.59697e-05
PHY_127, 994.06, 184.96, 5.23925e-05
PHY_129, 994.06, 184.96, 5.23925e-05
FILLER_0_63_2141, 994.06, 184.96, 5.23925e-05
FILLER_0_64_2137, 994.06, 184.96, 5.23925e-05
FILLER_0_64_77, 37.94, 184.96, 6.33144e-05
FILLER_0_65_105, 50.74, 184.96, 7.06592e-05
FILLER_0_64_133, 63.54, 184.96, 7.80039e-05
FILLER_0_65_161, 76.34, 184.96, 8.53486e-05
FILLER_0_64_189, 89.14, 184.96, 9.26932e-05
FILLER_0_65_217, 101.94, 184.96, 0.000100038
FILLER_0_64_245, 114.74, 184.96, 0.000107383
FILLER_0_65_273, 127.54, 184.96, 0.000114727
FILLER_0_64_301, 140.34, 184.96, 0.000122072
FILLER_0_65_329, 153.14, 184.96, 0.000129417
FILLER_0_64_357, 165.94, 184.96, 0.000136761
FILLER_0_64_413, 191.54, 184.96, 0.000147785
FILLER_0_65_441, 204.34, 184.96, 0.000151465
FILLER_0_64_469, 217.14, 184.96, 0.000155144
FILLER_0_65_497, 229.94, 184.96, 0.000158823
FILLER_0_64_525, 242.74, 184.96, 0.000162503
FILLER_0_65_553, 255.54, 184.96, 0.000166182
FILLER_0_64_581, 268.34, 184.96, 0.000169862
FILLER_0_65_609, 281.14, 184.96, 0.000173541
FILLER_0_64_637, 293.94, 184.96, 0.00017722
FILLER_0_65_665, 306.74, 184.96, 0.0001809
FILLER_0_64_693, 319.54, 184.96, 0.000184579
FILLER_0_64_749, 345.14, 184.96, 0.000190619
FILLER_0_65_777, 357.94, 184.96, 0.00019298
FILLER_0_64_805, 370.74, 184.96, 0.000195341
FILLER_0_65_833, 383.54, 184.96, 0.000197702
FILLER_0_64_861, 396.34, 184.96, 0.000200063
FILLER_0_65_889, 409.14, 184.96, 0.000202424
FILLER_0_64_917, 421.94, 184.96, 0.000204785
FILLER_0_65_945, 434.74, 184.96, 0.000207146
FILLER_0_64_973, 447.54, 184.96, 0.000209507
FILLER_0_65_1001, 460.34, 184.96, 0.000211868
FILLER_0_64_1029, 473.14, 184.96, 0.000214229
FILLER_0_64_1085, 498.74, 184.96, 0.000215459
FILLER_0_65_1113, 511.54, 184.96, 0.000214329
FILLER_0_64_1141, 524.34, 184.96, 0.000213198
FILLER_0_65_1169, 537.14, 184.96, 0.000212067
FILLER_0_64_1197, 549.94, 184.96, 0.000210937
FILLER_0_65_1225, 562.74, 184.96, 0.000209806
FILLER_0_64_1253, 575.54, 184.96, 0.000208675
FILLER_0_63_1281, 601.14, 184.96, 0.000206414
FILLER_0_64_1309, 613.94, 184.96, 0.000205283
FILLER_0_63_1337, 626.74, 184.96, 0.000204152
FILLER_0_63_1393, 652.34, 184.96, 0.000198484
FILLER_0_64_1421, 665.14, 184.96, 0.000193946
FILLER_0_63_1449, 677.94, 184.96, 0.000189408
FILLER_0_64_1477, 690.74, 184.96, 0.00018487
FILLER_0_63_1505, 703.54, 184.96, 0.000180333
FILLER_0_64_1533, 716.34, 184.96, 0.000175795
FILLER_0_63_1561, 729.14, 184.96, 0.000171257
FILLER_0_64_1589, 741.94, 184.96, 0.000166719
FILLER_0_63_1617, 754.74, 184.96, 0.000162181
FILLER_0_64_1645, 767.54, 184.96, 0.000157644
FILLER_0_63_1673, 780.34, 184.96, 0.000153106
FILLER_0_63_1729, 805.94, 184.96, 0.000140553
FILLER_0_64_1757, 818.74, 184.96, 0.000132539
FILLER_0_63_1785, 831.54, 184.96, 0.000124524
FILLER_0_64_1813, 844.34, 184.96, 0.00011651
FILLER_0_63_1841, 857.14, 184.96, 0.000108495
FILLER_0_64_1869, 869.94, 184.96, 0.00010048
FILLER_0_63_1897, 882.74, 184.96, 9.24657e-05
FILLER_0_64_1925, 895.54, 184.96, 8.4451e-05
FILLER_0_63_1953, 908.34, 184.96, 7.64364e-05
FILLER_0_64_1981, 921.14, 184.96, 6.84217e-05
FILLER_0_63_2009, 933.94, 184.96, 6.0407e-05
FILLER_0_63_2065, 958.57, 184.96, 5.23923e-05
FILLER_0_64_2093, 970.4, 184.96, 5.23924e-05
FILLER_0_63_2121, 982.23, 184.96, 5.23925e-05
PHY_122, 5.52, 179.52, 5.80588e-05
PHY_124, 5.52, 179.52, 5.80588e-05
PHY_123, 994.06, 179.52, 5.50637e-05
PHY_125, 994.06, 179.52, 5.50637e-05
FILLER_0_61_2141, 994.06, 179.52, 5.50637e-05
FILLER_0_62_2137, 994.06, 179.52, 5.50637e-05
FILLER_0_62_77, 37.94, 179.52, 6.50978e-05
FILLER_0_63_105, 50.74, 179.52, 7.21368e-05
FILLER_0_62_133, 63.54, 179.52, 7.91758e-05
FILLER_0_63_161, 76.34, 179.52, 8.62147e-05
FILLER_0_62_189, 89.14, 179.52, 9.32537e-05
FILLER_0_63_217, 101.94, 179.52, 0.000100293
FILLER_0_62_245, 114.74, 179.52, 0.000107332
FILLER_0_63_273, 127.54, 179.52, 0.000114371
FILLER_0_62_301, 140.34, 179.52, 0.000121409
FILLER_0_63_329, 153.14, 179.52, 0.000128448
FILLER_0_62_357, 165.94, 179.52, 0.000135487
FILLER_0_62_413, 191.54, 179.52, 0.000146166
FILLER_0_63_441, 204.34, 179.52, 0.000149806
FILLER_0_62_469, 217.14, 179.52, 0.000153446
FILLER_0_63_497, 229.94, 179.52, 0.000157085
FILLER_0_62_525, 242.74, 179.52, 0.000160725
FILLER_0_63_553, 255.54, 179.52, 0.000164365
FILLER_0_62_581, 268.34, 179.52, 0.000168005
FILLER_0_63_609, 281.14, 179.52, 0.000171644
FILLER_0_62_637, 293.94, 179.52, 0.000175284
FILLER_0_63_665, 306.74, 179.52, 0.000178924
FILLER_0_62_693, 319.54, 179.52, 0.000182564
FILLER_0_62_749, 345.14, 179.52, 0.000188435
FILLER_0_63_777, 357.94, 179.52, 0.000190666
FILLER_0_62_805, 370.74, 179.52, 0.000192898
FILLER_0_63_833, 383.54, 179.52, 0.00019513
FILLER_0_62_861, 396.34, 179.52, 0.000197361
FILLER_0_63_889, 409.14, 179.52, 0.000199593
FILLER_0_62_917, 421.94, 179.52, 0.000201824
FILLER_0_63_945, 434.74, 179.52, 0.000204056
FILLER_0_62_973, 447.54, 179.52, 0.000206287
FILLER_0_63_1001, 460.34, 179.52, 0.000208518
FILLER_0_62_1029, 473.14, 179.52, 0.00021075
FILLER_0_62_1085, 498.74, 179.52, 0.000211872
FILLER_0_63_1113, 511.54, 179.52, 0.000210763
FILLER_0_62_1141, 524.34, 179.52, 0.000209654
FILLER_0_63_1169, 537.14, 179.52, 0.000208545
FILLER_0_62_1197, 549.94, 179.52, 0.000207435
FILLER_0_63_1225, 562.74, 179.52, 0.000206326
FILLER_0_62_1253, 575.54, 179.52, 0.000205217
FILLER_0_61_1281, 601.14, 179.52, 0.000202998
FILLER_0_62_1309, 613.94, 179.52, 0.000201889
FILLER_0_61_1337, 626.74, 179.52, 0.00020078
FILLER_0_61_1393, 652.34, 179.52, 0.000195268
FILLER_0_62_1421, 665.14, 179.52, 0.000190865
FILLER_0_61_1449, 677.94, 179.52, 0.000186462
FILLER_0_62_1477, 690.74, 179.52, 0.00018206
FILLER_0_61_1505, 703.54, 179.52, 0.000177657
FILLER_0_62_1533, 716.34, 179.52, 0.000173255
FILLER_0_61_1561, 729.14, 179.52, 0.000168852
FILLER_0_62_1589, 741.94, 179.52, 0.000164449
FILLER_0_61_1617, 754.74, 179.52, 0.000160046
FILLER_0_62_1645, 767.54, 179.52, 0.000155644
FILLER_0_61_1673, 780.34, 179.52, 0.000151241
FILLER_0_61_1729, 805.94, 179.52, 0.00013919
FILLER_0_62_1757, 818.74, 179.52, 0.000131543
FILLER_0_61_1785, 831.54, 179.52, 0.000123895
FILLER_0_62_1813, 844.34, 179.52, 0.000116247
FILLER_0_61_1841, 857.14, 179.52, 0.000108599
FILLER_0_62_1869, 869.94, 179.52, 0.000100951
FILLER_0_61_1897, 882.74, 179.52, 9.33032e-05
FILLER_0_62_1925, 895.54, 179.52, 8.56552e-05
FILLER_0_61_1953, 908.34, 179.52, 7.80073e-05
FILLER_0_62_1981, 921.14, 179.52, 7.03594e-05
FILLER_0_61_2009, 933.94, 179.52, 6.27114e-05
FILLER_0_61_2065, 958.57, 179.52, 5.50635e-05
FILLER_0_62_2093, 970.4, 179.52, 5.50636e-05
FILLER_0_61_2121, 982.23, 179.52, 5.50637e-05
PHY_118, 5.52, 174.08, 6.31896e-05
PHY_120, 5.52, 174.08, 6.31896e-05
PHY_119, 994.06, 174.08, 6.04874e-05
PHY_121, 994.06, 174.08, 6.04874e-05
FILLER_0_59_2141, 994.06, 174.08, 6.04874e-05
FILLER_0_60_2137, 994.06, 174.08, 6.04874e-05
FILLER_0_60_77, 37.94, 174.08, 6.97605e-05
FILLER_0_61_105, 50.74, 174.08, 7.63313e-05
FILLER_0_60_133, 63.54, 174.08, 8.29022e-05
FILLER_0_61_161, 76.34, 174.08, 8.9473e-05
FILLER_0_60_189, 89.14, 174.08, 9.60439e-05
FILLER_0_61_217, 101.94, 174.08, 0.000102615
FILLER_0_60_245, 114.74, 174.08, 0.000109186
FILLER_0_61_273, 127.54, 174.08, 0.000115756
FILLER_0_60_301, 140.34, 174.08, 0.000122327
FILLER_0_61_329, 153.14, 174.08, 0.000128898
FILLER_0_60_357, 165.94, 174.08, 0.000135469
FILLER_0_60_413, 191.54, 174.08, 0.000145579
FILLER_0_61_441, 204.34, 174.08, 0.00014912
FILLER_0_60_469, 217.14, 174.08, 0.00015266
FILLER_0_61_497, 229.94, 174.08, 0.0001562
FILLER_0_60_525, 242.74, 174.08, 0.00015974
FILLER_0_61_553, 255.54, 174.08, 0.00016328
FILLER_0_60_581, 268.34, 174.08, 0.00016682
FILLER_0_61_609, 281.14, 174.08, 0.00017036
FILLER_0_60_637, 293.94, 174.08, 0.0001739
FILLER_0_61_665, 306.74, 174.08, 0.00017744
FILLER_0_60_693, 319.54, 174.08, 0.00018098
FILLER_0_60_749, 345.14, 174.08, 0.000186638
FILLER_0_61_777, 357.94, 174.08, 0.000188757
FILLER_0_60_805, 370.74, 174.08, 0.000190876
FILLER_0_61_833, 383.54, 174.08, 0.000192995
FILLER_0_60_861, 396.34, 174.08, 0.000195114
FILLER_0_61_889, 409.14, 174.08, 0.000197233
FILLER_0_60_917, 421.94, 174.08, 0.000199351
FILLER_0_61_945, 434.74, 174.08, 0.00020147
FILLER_0_60_973, 447.54, 174.08, 0.000203589
FILLER_0_61_1001, 460.34, 174.08, 0.000205708
FILLER_0_60_1029, 473.14, 174.08, 0.000207827
FILLER_0_60_1085, 498.74, 174.08, 0.000208863
FILLER_0_61_1113, 511.54, 174.08, 0.000207781
FILLER_0_60_1141, 524.34, 174.08, 0.000206699
FILLER_0_61_1169, 537.14, 174.08, 0.000205617
FILLER_0_60_1197, 549.94, 174.08, 0.000204535
FILLER_0_61_1225, 562.74, 174.08, 0.000203453
FILLER_0_60_1253, 575.54, 174.08, 0.000202371
FILLER_0_59_1281, 601.14, 174.08, 0.000200206
FILLER_0_60_1309, 613.94, 174.08, 0.000199124
FILLER_0_59_1337, 626.74, 174.08, 0.000198042
FILLER_0_59_1393, 652.34, 174.08, 0.000192727
FILLER_0_60_1421, 665.14, 174.08, 0.000188494
FILLER_0_59_1449, 677.94, 174.08, 0.000184261
FILLER_0_60_1477, 690.74, 174.08, 0.000180028
FILLER_0_59_1505, 703.54, 174.08, 0.000175795
FILLER_0_60_1533, 716.34, 174.08, 0.000171562
FILLER_0_59_1561, 729.14, 174.08, 0.000167328
FILLER_0_60_1589, 741.94, 174.08, 0.000163095
FILLER_0_59_1617, 754.74, 174.08, 0.000158862
FILLER_0_60_1645, 767.54, 174.08, 0.000154629
FILLER_0_59_1673, 780.34, 174.08, 0.000150396
FILLER_0_59_1729, 805.94, 174.08, 0.000139023
FILLER_0_60_1757, 818.74, 174.08, 0.000131884
FILLER_0_59_1785, 831.54, 174.08, 0.000124744
FILLER_0_60_1813, 844.34, 174.08, 0.000117604
FILLER_0_59_1841, 857.14, 174.08, 0.000110465
FILLER_0_60_1869, 869.94, 174.08, 0.000103325
FILLER_0_59_1897, 882.74, 174.08, 9.61856e-05
FILLER_0_60_1925, 895.54, 174.08, 8.90459e-05
FILLER_0_59_1953, 908.34, 174.08, 8.19063e-05
FILLER_0_60_1981, 921.14, 174.08, 7.47666e-05
FILLER_0_59_2009, 933.94, 174.08, 6.76269e-05
FILLER_0_59_2065, 958.57, 174.08, 6.04873e-05
FILLER_0_60_2093, 970.4, 174.08, 6.04873e-05
FILLER_0_59_2121, 982.23, 174.08, 6.04874e-05
PHY_114, 5.52, 168.64, 6.80318e-05
PHY_116, 5.52, 168.64, 6.80318e-05
output22, 5.52, 168.64, 6.80318e-05
PHY_115, 994.06, 168.64, 6.55967e-05
PHY_117, 994.06, 168.64, 6.55967e-05
FILLER_0_57_2141, 994.06, 168.64, 6.55967e-05
FILLER_0_58_2137, 994.06, 168.64, 6.55967e-05
FILLER_0_58_77, 37.94, 168.64, 7.41683e-05
FILLER_0_59_105, 50.74, 168.64, 8.03047e-05
FILLER_0_58_133, 63.54, 168.64, 8.64412e-05
FILLER_0_59_161, 76.34, 168.64, 9.25777e-05
FILLER_0_58_189, 89.14, 168.64, 9.87141e-05
FILLER_0_59_217, 101.94, 168.64, 0.000104851
FILLER_0_58_245, 114.74, 168.64, 0.000110987
FILLER_0_59_273, 127.54, 168.64, 0.000117123
FILLER_0_58_301, 140.34, 168.64, 0.00012326
FILLER_0_59_329, 153.14, 168.64, 0.000129396
FILLER_0_58_357, 165.94, 168.64, 0.000135533
FILLER_0_58_413, 191.54, 168.64, 0.000145106
FILLER_0_59_441, 204.34, 168.64, 0.000148543
FILLER_0_58_469, 217.14, 168.64, 0.00015198
FILLER_0_59_497, 229.94, 168.64, 0.000155417
FILLER_0_58_525, 242.74, 168.64, 0.000158853
FILLER_0_59_553, 255.54, 168.64, 0.00016229
FILLER_0_58_581, 268.34, 168.64, 0.000165727
FILLER_0_59_609, 281.14, 168.64, 0.000169164
FILLER_0_58_637, 293.94, 168.64, 0.000172601
FILLER_0_59_665, 306.74, 168.64, 0.000176038
FILLER_0_58_693, 319.54, 168.64, 0.000179474
FILLER_0_58_749, 345.14, 168.64, 0.000184924
FILLER_0_59_777, 357.94, 168.64, 0.000186936
FILLER_0_58_805, 370.74, 168.64, 0.000188948
FILLER_0_59_833, 383.54, 168.64, 0.00019096
FILLER_0_58_861, 396.34, 168.64, 0.000192973
FILLER_0_59_889, 409.14, 168.64, 0.000194985
FILLER_0_58_917, 421.94, 168.64, 0.000196997
FILLER_0_59_945, 434.74, 168.64, 0.000199009
FILLER_0_58_973, 447.54, 168.64, 0.000201022
FILLER_0_59_1001, 460.34, 168.64, 0.000203034
FILLER_0_58_1029, 473.14, 168.64, 0.000205046
FILLER_0_58_1085, 498.74, 168.64, 0.000206003
FILLER_0_59_1113, 511.54, 168.64, 0.000204948
FILLER_0_58_1141, 524.34, 168.64, 0.000203893
FILLER_0_59_1169, 537.14, 168.64, 0.000202838
FILLER_0_58_1197, 549.94, 168.64, 0.000201783
FILLER_0_59_1225, 562.74, 168.64, 0.000200728
FILLER_0_58_1253, 575.54, 168.64, 0.000199673
FILLER_0_57_1281, 601.14, 168.64, 0.000197563
FILLER_0_58_1309, 613.94, 168.64, 0.000196508
FILLER_0_57_1337, 626.74, 168.64, 0.000195453
FILLER_0_57_1393, 652.34, 168.64, 0.000190332
FILLER_0_58_1421, 665.14, 168.64, 0.000186266
FILLER_0_57_1449, 677.94, 168.64, 0.000182199
FILLER_0_58_1477, 690.74, 168.64, 0.000178133
FILLER_0_57_1505, 703.54, 168.64, 0.000174066
FILLER_0_58_1533, 716.34, 168.64, 0.00017
FILLER_0_57_1561, 729.14, 168.64, 0.000165933
FILLER_0_58_1589, 741.94, 168.64, 0.000161867
FILLER_0_57_1617, 754.74, 168.64, 0.000157801
FILLER_0_58_1645, 767.54, 168.64, 0.000153734
FILLER_0_57_1673, 780.34, 168.64, 0.000149668
FILLER_0_57_1729, 805.94, 168.64, 0.000138934
FILLER_0_58_1757, 818.74, 168.64, 0.000132267
FILLER_0_57_1785, 831.54, 168.64, 0.0001256
FILLER_0_58_1813, 844.34, 168.64, 0.000118933
FILLER_0_57_1841, 857.14, 168.64, 0.000112266
FILLER_0_58_1869, 869.94, 168.64, 0.000105599
FILLER_0_57_1897, 882.74, 168.64, 9.8932e-05
FILLER_0_58_1925, 895.54, 168.64, 9.22649e-05
FILLER_0_57_1953, 908.34, 168.64, 8.55978e-05
FILLER_0_58_1981, 921.14, 168.64, 7.89307e-05
FILLER_0_57_2009, 933.94, 168.64, 7.22636e-05
FILLER_0_57_2065, 958.57, 168.64, 6.55966e-05
FILLER_0_58_2093, 970.4, 168.64, 6.55966e-05
FILLER_0_57_2121, 982.23, 168.64, 6.55967e-05
PHY_110, 5.52, 163.2, 7.26041e-05
PHY_112, 5.52, 163.2, 7.26041e-05
PHY_111, 994.06, 163.2, 7.04122e-05
PHY_113, 994.06, 163.2, 7.04122e-05
FILLER_0_55_2141, 994.06, 163.2, 7.04122e-05
FILLER_0_56_2137, 994.06, 163.2, 7.04122e-05
FILLER_0_56_77, 37.94, 163.2, 7.83372e-05
FILLER_0_57_105, 50.74, 163.2, 8.40704e-05
FILLER_0_56_133, 63.54, 163.2, 8.98036e-05
FILLER_0_57_161, 76.34, 163.2, 9.55368e-05
FILLER_0_56_189, 89.14, 163.2, 0.00010127
FILLER_0_57_217, 101.94, 163.2, 0.000107003
FILLER_0_56_245, 114.74, 163.2, 0.000112736
FILLER_0_57_273, 127.54, 163.2, 0.000118469
FILLER_0_56_301, 140.34, 163.2, 0.000124202
FILLER_0_57_329, 153.14, 163.2, 0.000129936
FILLER_0_56_357, 165.94, 163.2, 0.000135669
FILLER_0_56_413, 191.54, 163.2, 0.000144733
FILLER_0_57_441, 204.34, 163.2, 0.000148065
FILLER_0_56_469, 217.14, 163.2, 0.000151396
FILLER_0_57_497, 229.94, 163.2, 0.000154727
FILLER_0_56_525, 242.74, 163.2, 0.000158059
FILLER_0_57_553, 255.54, 163.2, 0.00016139
FILLER_0_56_581, 268.34, 163.2, 0.000164721
FILLER_0_57_609, 281.14, 163.2, 0.000168052
FILLER_0_56_637, 293.94, 163.2, 0.000171384
FILLER_0_57_665, 306.74, 163.2, 0.000174715
FILLER_0_56_693, 319.54, 163.2, 0.000178046
FILLER_0_56_749, 345.14, 163.2, 0.000183289
FILLER_0_57_777, 357.94, 163.2, 0.0001852
FILLER_0_56_805, 370.74, 163.2, 0.000187112
FILLER_0_57_833, 383.54, 163.2, 0.000189023
FILLER_0_56_861, 396.34, 163.2, 0.000190934
FILLER_0_57_889, 409.14, 163.2, 0.000192846
FILLER_0_56_917, 421.94, 163.2, 0.000194757
FILLER_0_57_945, 434.74, 163.2, 0.000196668
FILLER_0_56_973, 447.54, 163.2, 0.00019858
FILLER_0_57_1001, 460.34, 163.2, 0.000200491
FILLER_0_56_1029, 473.14, 163.2, 0.000202402
FILLER_0_56_1085, 498.74, 163.2, 0.000203286
FILLER_0_57_1113, 511.54, 163.2, 0.000202258
FILLER_0_56_1141, 524.34, 163.2, 0.00020123
FILLER_0_57_1169, 537.14, 163.2, 0.000200202
FILLER_0_56_1197, 549.94, 163.2, 0.000199174
FILLER_0_57_1225, 562.74, 163.2, 0.000198146
FILLER_0_56_1253, 575.54, 163.2, 0.000197118
FILLER_0_55_1281, 601.14, 163.2, 0.000195062
FILLER_0_56_1309, 613.94, 163.2, 0.000194034
FILLER_0_55_1337, 626.74, 163.2, 0.000193006
FILLER_0_55_1393, 652.34, 163.2, 0.000188075
FILLER_0_56_1421, 665.14, 163.2, 0.000184172
FILLER_0_55_1449, 677.94, 163.2, 0.000180269
FILLER_0_56_1477, 690.74, 163.2, 0.000176366
FILLER_0_55_1505, 703.54, 163.2, 0.000172463
FILLER_0_56_1533, 716.34, 163.2, 0.00016856
FILLER_0_55_1561, 729.14, 163.2, 0.000164657
FILLER_0_56_1589, 741.94, 163.2, 0.000160754
FILLER_0_55_1617, 754.74, 163.2, 0.000156851
FILLER_0_56_1645, 767.54, 163.2, 0.000152947
FILLER_0_55_1673, 780.34, 163.2, 0.000149044
FILLER_0_55_1729, 805.94, 163.2, 0.000138914
FILLER_0_56_1757, 818.74, 163.2, 0.000132686
FILLER_0_55_1785, 831.54, 163.2, 0.000126459
FILLER_0_56_1813, 844.34, 163.2, 0.000120232
FILLER_0_55_1841, 857.14, 163.2, 0.000114004
FILLER_0_56_1869, 869.94, 163.2, 0.000107777
FILLER_0_55_1897, 882.74, 163.2, 0.000101549
FILLER_0_56_1925, 895.54, 163.2, 9.53218e-05
FILLER_0_55_1953, 908.34, 163.2, 8.90944e-05
FILLER_0_56_1981, 921.14, 163.2, 8.28669e-05
FILLER_0_55_2009, 933.94, 163.2, 7.66394e-05
FILLER_0_55_2065, 958.57, 163.2, 7.0412e-05
FILLER_0_56_2093, 970.4, 163.2, 7.04121e-05
FILLER_0_55_2121, 982.23, 163.2, 7.04121e-05
PHY_106, 5.52, 157.76, 7.69239e-05
PHY_108, 5.52, 157.76, 7.69239e-05
PHY_107, 994.06, 157.76, 7.49528e-05
PHY_109, 994.06, 157.76, 7.49528e-05
FILLER_0_53_2141, 994.06, 157.76, 7.49528e-05
FILLER_0_54_2137, 994.06, 157.76, 7.49528e-05
FILLER_0_54_77, 37.94, 157.76, 8.22824e-05
FILLER_0_55_105, 50.74, 157.76, 8.7641e-05
FILLER_0_54_133, 63.54, 157.76, 9.29996e-05
FILLER_0_55_161, 76.34, 157.76, 9.83581e-05
FILLER_0_54_189, 89.14, 157.76, 0.000103717
FILLER_0_55_217, 101.94, 157.76, 0.000109075
FILLER_0_54_245, 114.74, 157.76, 0.000114434
FILLER_0_55_273, 127.54, 157.76, 0.000119792
FILLER_0_54_301, 140.34, 157.76, 0.000125151
FILLER_0_55_329, 153.14, 157.76, 0.000130509
FILLER_0_54_357, 165.94, 157.76, 0.000135868
FILLER_0_54_413, 191.54, 157.76, 0.00014445
FILLER_0_55_441, 204.34, 157.76, 0.000147675
FILLER_0_54_469, 217.14, 157.76, 0.000150899
FILLER_0_55_497, 229.94, 157.76, 0.000154123
FILLER_0_54_525, 242.74, 157.76, 0.000157348
FILLER_0_55_553, 255.54, 157.76, 0.000160572
FILLER_0_54_581, 268.34, 157.76, 0.000163796
FILLER_0_55_609, 281.14, 157.76, 0.00016702
FILLER_0_54_637, 293.94, 157.76, 0.000170245
FILLER_0_55_665, 306.74, 157.76, 0.000173469
FILLER_0_54_693, 319.54, 157.76, 0.000176693
FILLER_0_54_749, 345.14, 157.76, 0.000181733
FILLER_0_55_777, 357.94, 157.76, 0.000183549
FILLER_0_54_805, 370.74, 157.76, 0.000185364
FILLER_0_55_833, 383.54, 157.76, 0.00018718
FILLER_0_54_861, 396.34, 157.76, 0.000188996
FILLER_0_55_889, 409.14, 157.76, 0.000190812
FILLER_0_54_917, 421.94, 157.76, 0.000192627
FILLER_0_55_945, 434.74, 157.76, 0.000194443
FILLER_0_54_973, 447.54, 157.76, 0.000196258
FILLER_0_55_1001, 460.34, 157.76, 0.000198074
FILLER_0_54_1029, 473.14, 157.76, 0.00019989
FILLER_0_54_1085, 498.74, 157.76, 0.000200704
FILLER_0_55_1113, 511.54, 157.76, 0.000199704
FILLER_0_54_1141, 524.34, 157.76, 0.000198703
FILLER_0_55_1169, 537.14, 157.76, 0.000197702
FILLER_0_54_1197, 549.94, 157.76, 0.000196701
FILLER_0_55_1225, 562.74, 157.76, 0.0001957
FILLER_0_54_1253, 575.54, 157.76, 0.000194699
FILLER_0_53_1281, 601.14, 157.76, 0.000192697
FILLER_0_54_1309, 613.94, 157.76, 0.000191696
FILLER_0_53_1337, 626.74, 157.76, 0.000190695
FILLER_0_53_1393, 652.34, 157.76, 0.00018595
FILLER_0_54_1421, 665.14, 157.76, 0.000182207
FILLER_0_53_1449, 677.94, 157.76, 0.000178463
FILLER_0_54_1477, 690.74, 157.76, 0.00017472
FILLER_0_53_1505, 703.54, 157.76, 0.000170976
FILLER_0_54_1533, 716.34, 157.76, 0.000167233
FILLER_0_53_1561, 729.14, 157.76, 0.000163489
FILLER_0_54_1589, 741.94, 157.76, 0.000159746
FILLER_0_53_1617, 754.74, 157.76, 0.000156002
FILLER_0_54_1645, 767.54, 157.76, 0.000152259
FILLER_0_53_1673, 780.34, 157.76, 0.000148515
FILLER_0_53_1729, 805.94, 157.76, 0.000138953
FILLER_0_54_1757, 818.74, 157.76, 0.000133135
FILLER_0_53_1785, 831.54, 157.76, 0.000127317
FILLER_0_54_1813, 844.34, 157.76, 0.000121499
FILLER_0_53_1841, 857.14, 157.76, 0.00011568
FILLER_0_54_1869, 869.94, 157.76, 0.000109862
FILLER_0_53_1897, 882.74, 157.76, 0.000104044
FILLER_0_54_1925, 895.54, 157.76, 9.82257e-05
FILLER_0_53_1953, 908.34, 157.76, 9.24075e-05
FILLER_0_54_1981, 921.14, 157.76, 8.65892e-05
FILLER_0_53_2009, 933.94, 157.76, 8.07709e-05
FILLER_0_53_2065, 958.57, 157.76, 7.49527e-05
FILLER_0_54_2093, 970.4, 157.76, 7.49528e-05
FILLER_0_53_2121, 982.23, 157.76, 7.49528e-05
PHY_102, 5.52, 152.32, 8.10075e-05
PHY_104, 5.52, 152.32, 8.10075e-05
PHY_103, 994.06, 152.32, 7.92366e-05
PHY_105, 994.06, 152.32, 7.92366e-05
FILLER_0_51_2141, 994.06, 152.32, 7.92366e-05
FILLER_0_52_2137, 994.06, 152.32, 7.92366e-05
FILLER_0_52_77, 37.94, 152.32, 8.60179e-05
FILLER_0_53_105, 50.74, 152.32, 9.10282e-05
FILLER_0_52_133, 63.54, 152.32, 9.60386e-05
FILLER_0_53_161, 76.34, 152.32, 0.000101049
FILLER_0_52_189, 89.14, 152.32, 0.000106059
FILLER_0_53_217, 101.94, 152.32, 0.00011107
FILLER_0_52_245, 114.74, 152.32, 0.00011608
FILLER_0_53_273, 127.54, 152.32, 0.00012109
FILLER_0_52_301, 140.34, 152.32, 0.000126101
FILLER_0_53_329, 153.14, 152.32, 0.000131111
FILLER_0_52_357, 165.94, 152.32, 0.000136121
FILLER_0_52_413, 191.54, 152.32, 0.000144248
FILLER_0_53_441, 204.34, 152.32, 0.000147365
FILLER_0_52_469, 217.14, 152.32, 0.000150481
FILLER_0_53_497, 229.94, 152.32, 0.000153597
FILLER_0_52_525, 242.74, 152.32, 0.000156714
FILLER_0_53_553, 255.54, 152.32, 0.00015983
FILLER_0_52_581, 268.34, 152.32, 0.000162947
FILLER_0_53_609, 281.14, 152.32, 0.000166063
FILLER_0_52_637, 293.94, 152.32, 0.00016918
FILLER_0_53_665, 306.74, 152.32, 0.000172296
FILLER_0_52_693, 319.54, 152.32, 0.000175413
FILLER_0_52_749, 345.14, 152.32, 0.000180254
FILLER_0_53_777, 357.94, 152.32, 0.000181979
FILLER_0_52_805, 370.74, 152.32, 0.000183704
FILLER_0_53_833, 383.54, 152.32, 0.000185429
FILLER_0_52_861, 396.34, 152.32, 0.000187154
FILLER_0_53_889, 409.14, 152.32, 0.000188879
FILLER_0_52_917, 421.94, 152.32, 0.000190604
FILLER_0_53_945, 434.74, 152.32, 0.000192329
FILLER_0_52_973, 447.54, 152.32, 0.000194054
FILLER_0_53_1001, 460.34, 152.32, 0.000195779
FILLER_0_52_1029, 473.14, 152.32, 0.000197503
FILLER_0_52_1085, 498.74, 152.32, 0.000198254
FILLER_0_53_1113, 511.54, 152.32, 0.00019728
FILLER_0_52_1141, 524.34, 152.32, 0.000196306
FILLER_0_53_1169, 537.14, 152.32, 0.000195331
FILLER_0_52_1197, 549.94, 152.32, 0.000194357
FILLER_0_53_1225, 562.74, 152.32, 0.000193383
FILLER_0_52_1253, 575.54, 152.32, 0.000192409
FILLER_0_51_1281, 601.14, 152.32, 0.00019046
FILLER_0_52_1309, 613.94, 152.32, 0.000189486
FILLER_0_51_1337, 626.74, 152.32, 0.000188511
FILLER_0_51_1393, 652.34, 152.32, 0.000183949
FILLER_0_52_1421, 665.14, 152.32, 0.000180361
FILLER_0_51_1449, 677.94, 152.32, 0.000176774
FILLER_0_52_1477, 690.74, 152.32, 0.000173186
FILLER_0_51_1505, 703.54, 152.32, 0.000169598
FILLER_0_52_1533, 716.34, 152.32, 0.00016601
FILLER_0_51_1561, 729.14, 152.32, 0.000162422
FILLER_0_52_1589, 741.94, 152.32, 0.000158834
FILLER_0_51_1617, 754.74, 152.32, 0.000155246
FILLER_0_52_1645, 767.54, 152.32, 0.000151658
FILLER_0_51_1673, 780.34, 152.32, 0.00014807
FILLER_0_51_1729, 805.94, 152.32, 0.000139045
FILLER_0_52_1757, 818.74, 152.32, 0.000133608
FILLER_0_51_1785, 831.54, 152.32, 0.000128171
FILLER_0_52_1813, 844.34, 152.32, 0.000122734
FILLER_0_51_1841, 857.14, 152.32, 0.000117297
FILLER_0_52_1869, 869.94, 152.32, 0.00011186
FILLER_0_51_1897, 882.74, 152.32, 0.000106422
FILLER_0_52_1925, 895.54, 152.32, 0.000100985
FILLER_0_51_1953, 908.34, 152.32, 9.5548e-05
FILLER_0_52_1981, 921.14, 152.32, 9.01108e-05
FILLER_0_51_2009, 933.94, 152.32, 8.46736e-05
FILLER_0_51_2065, 958.57, 152.32, 7.92364e-05
FILLER_0_52_2093, 970.4, 152.32, 7.92365e-05
FILLER_0_51_2121, 982.23, 152.32, 7.92365e-05
PHY_98, 5.52, 146.88, 8.487e-05
PHY_100, 5.52, 146.88, 8.487e-05
PHY_99, 994.06, 146.88, 8.328e-05
PHY_101, 994.06, 146.88, 8.328e-05
FILLER_0_49_2141, 994.06, 146.88, 8.328e-05
FILLER_0_50_2137, 994.06, 146.88, 8.328e-05
FILLER_0_50_77, 37.94, 146.88, 8.95565e-05
FILLER_0_51_105, 50.74, 146.88, 9.42431e-05
FILLER_0_50_133, 63.54, 146.88, 9.89297e-05
FILLER_0_51_161, 76.34, 146.88, 0.000103616
FILLER_0_50_189, 89.14, 146.88, 0.000108303
FILLER_0_51_217, 101.94, 146.88, 0.000112989
FILLER_0_50_245, 114.74, 146.88, 0.000117676
FILLER_0_51_273, 127.54, 146.88, 0.000122363
FILLER_0_50_301, 140.34, 146.88, 0.000127049
FILLER_0_51_329, 153.14, 146.88, 0.000131736
FILLER_0_50_357, 165.94, 146.88, 0.000136422
FILLER_0_50_413, 191.54, 146.88, 0.000144117
FILLER_0_51_441, 204.34, 146.88, 0.000147126
FILLER_0_50_469, 217.14, 146.88, 0.000150134
FILLER_0_51_497, 229.94, 146.88, 0.000153143
FILLER_0_50_525, 242.74, 146.88, 0.000156151
FILLER_0_51_553, 255.54, 146.88, 0.00015916
FILLER_0_50_581, 268.34, 146.88, 0.000162168
FILLER_0_51_609, 281.14, 146.88, 0.000165177
FILLER_0_50_637, 293.94, 146.88, 0.000168185
FILLER_0_51_665, 306.74, 146.88, 0.000171194
FILLER_0_50_693, 319.54, 146.88, 0.000174202
FILLER_0_50_749, 345.14, 146.88, 0.00017885
FILLER_0_51_777, 357.94, 146.88, 0.000180489
FILLER_0_50_805, 370.74, 146.88, 0.000182128
FILLER_0_51_833, 383.54, 146.88, 0.000183766
FILLER_0_50_861, 396.34, 146.88, 0.000185405
FILLER_0_51_889, 409.14, 146.88, 0.000187044
FILLER_0_50_917, 421.94, 146.88, 0.000188683
FILLER_0_51_945, 434.74, 146.88, 0.000190322
FILLER_0_50_973, 447.54, 146.88, 0.000191961
FILLER_0_51_1001, 460.34, 146.88, 0.000193599
FILLER_0_50_1029, 473.14, 146.88, 0.000195238
FILLER_0_50_1085, 498.74, 146.88, 0.000195929
FILLER_0_51_1113, 511.54, 146.88, 0.000194981
FILLER_0_50_1141, 524.34, 146.88, 0.000194034
FILLER_0_51_1169, 537.14, 146.88, 0.000193086
FILLER_0_50_1197, 549.94, 146.88, 0.000192138
FILLER_0_51_1225, 562.74, 146.88, 0.00019119
FILLER_0_50_1253, 575.54, 146.88, 0.000190242
FILLER_0_49_1281, 601.14, 146.88, 0.000188347
FILLER_0_50_1309, 613.94, 146.88, 0.000187399
FILLER_0_49_1337, 626.74, 146.88, 0.000186451
FILLER_0_49_1393, 652.34, 146.88, 0.000182067
FILLER_0_50_1421, 665.14, 146.88, 0.00017863
FILLER_0_49_1449, 677.94, 146.88, 0.000175194
FILLER_0_50_1477, 690.74, 146.88, 0.000171757
FILLER_0_49_1505, 703.54, 146.88, 0.000168321
FILLER_0_50_1533, 716.34, 146.88, 0.000164884
FILLER_0_49_1561, 729.14, 146.88, 0.000161448
FILLER_0_50_1589, 741.94, 146.88, 0.000158011
FILLER_0_49_1617, 754.74, 146.88, 0.000154575
FILLER_0_50_1645, 767.54, 146.88, 0.000151138
FILLER_0_49_1673, 780.34, 146.88, 0.000147702
FILLER_0_49_1729, 805.94, 146.88, 0.000139183
FILLER_0_50_1757, 818.74, 146.88, 0.000134101
FILLER_0_49_1785, 831.54, 146.88, 0.000129019
FILLER_0_50_1813, 844.34, 146.88, 0.000123937
FILLER_0_49_1841, 857.14, 146.88, 0.000118855
FILLER_0_50_1869, 869.94, 146.88, 0.000113773
FILLER_0_49_1897, 882.74, 146.88, 0.00010869
FILLER_0_50_1925, 895.54, 146.88, 0.000103608
FILLER_0_49_1953, 908.34, 146.88, 9.85262e-05
FILLER_0_50_1981, 921.14, 146.88, 9.34441e-05
FILLER_0_49_2009, 933.94, 146.88, 8.83619e-05
FILLER_0_49_2065, 958.57, 146.88, 8.32798e-05
FILLER_0_50_2093, 970.4, 146.88, 8.32799e-05
FILLER_0_49_2121, 982.23, 146.88, 8.32799e-05
PHY_94, 5.52, 141.44, 8.85253e-05
PHY_96, 5.52, 141.44, 8.85253e-05
PHY_95, 994.06, 141.44, 8.70985e-05
PHY_97, 994.06, 141.44, 8.70985e-05
output18, 994.06, 141.44, 8.70985e-05
FILLER_0_48_2137, 994.06, 141.44, 8.70985e-05
FILLER_0_48_77, 37.94, 141.44, 9.29107e-05
FILLER_0_49_105, 50.74, 141.44, 9.7296e-05
FILLER_0_48_133, 63.54, 141.44, 0.000101681
FILLER_0_49_161, 76.34, 141.44, 0.000106067
FILLER_0_48_189, 89.14, 141.44, 0.000110452
FILLER_0_49_217, 101.94, 141.44, 0.000114837
FILLER_0_48_245, 114.74, 141.44, 0.000119223
FILLER_0_49_273, 127.54, 141.44, 0.000123608
FILLER_0_48_301, 140.34, 141.44, 0.000127993
FILLER_0_49_329, 153.14, 141.44, 0.000132378
FILLER_0_48_357, 165.94, 141.44, 0.000136764
FILLER_0_48_413, 191.54, 141.44, 0.00014405
FILLER_0_49_441, 204.34, 141.44, 0.000146951
FILLER_0_48_469, 217.14, 141.44, 0.000149852
FILLER_0_49_497, 229.94, 141.44, 0.000152753
FILLER_0_48_525, 242.74, 141.44, 0.000155654
FILLER_0_49_553, 255.54, 141.44, 0.000158555
FILLER_0_48_581, 268.34, 141.44, 0.000161456
FILLER_0_49_609, 281.14, 141.44, 0.000164358
FILLER_0_48_637, 293.94, 141.44, 0.000167259
FILLER_0_49_665, 306.74, 141.44, 0.00017016
FILLER_0_48_693, 319.54, 141.44, 0.000173061
FILLER_0_48_749, 345.14, 141.44, 0.000177519
FILLER_0_49_777, 357.94, 141.44, 0.000179076
FILLER_0_48_805, 370.74, 141.44, 0.000180633
FILLER_0_49_833, 383.54, 141.44, 0.00018219
FILLER_0_48_861, 396.34, 141.44, 0.000183747
FILLER_0_49_889, 409.14, 141.44, 0.000185304
FILLER_0_48_917, 421.94, 141.44, 0.000186861
FILLER_0_49_945, 434.74, 141.44, 0.000188418
FILLER_0_48_973, 447.54, 141.44, 0.000189975
FILLER_0_49_1001, 460.34, 141.44, 0.000191532
FILLER_0_48_1029, 473.14, 141.44, 0.000193089
FILLER_0_48_1085, 498.74, 141.44, 0.000193724
FILLER_0_49_1113, 511.54, 141.44, 0.000192802
FILLER_0_48_1141, 524.34, 141.44, 0.000191881
FILLER_0_49_1169, 537.14, 141.44, 0.000190959
FILLER_0_48_1197, 549.94, 141.44, 0.000190037
FILLER_0_49_1225, 562.74, 141.44, 0.000189116
FILLER_0_48_1253, 575.54, 141.44, 0.000188194
FILLER_0_47_1281, 601.14, 141.44, 0.00018635
FILLER_0_48_1309, 613.94, 141.44, 0.000185429
FILLER_0_47_1337, 626.74, 141.44, 0.000184507
FILLER_0_47_1393, 652.34, 141.44, 0.000180296
FILLER_0_48_1421, 665.14, 141.44, 0.000177006
FILLER_0_47_1449, 677.94, 141.44, 0.000173717
FILLER_0_48_1477, 690.74, 141.44, 0.000170427
FILLER_0_47_1505, 703.54, 141.44, 0.000167138
FILLER_0_48_1533, 716.34, 141.44, 0.000163848
FILLER_0_47_1561, 729.14, 141.44, 0.000160559
FILLER_0_48_1589, 741.94, 141.44, 0.000157269
FILLER_0_47_1617, 754.74, 141.44, 0.00015398
FILLER_0_48_1645, 767.54, 141.44, 0.00015069
FILLER_0_47_1673, 780.34, 141.44, 0.000147401
FILLER_0_47_1729, 805.94, 141.44, 0.00013936
FILLER_0_48_1757, 818.74, 141.44, 0.000134609
FILLER_0_47_1785, 831.54, 141.44, 0.000129858
FILLER_0_48_1813, 844.34, 141.44, 0.000125107
FILLER_0_47_1841, 857.14, 141.44, 0.000120356
FILLER_0_48_1869, 869.94, 141.44, 0.000115605
FILLER_0_47_1897, 882.74, 141.44, 0.000110854
FILLER_0_48_1925, 895.54, 141.44, 0.000106103
FILLER_0_47_1953, 908.34, 141.44, 0.000101352
FILLER_0_48_1981, 921.14, 141.44, 9.66005e-05
FILLER_0_47_2009, 933.94, 141.44, 9.18494e-05
FILLER_0_47_2065, 958.57, 141.44, 8.70983e-05
FILLER_0_48_2093, 970.4, 141.44, 8.70984e-05
FILLER_0_47_2121, 982.23, 141.44, 8.70984e-05
PHY_90, 5.52, 136, 9.19867e-05
PHY_92, 5.52, 136, 9.19867e-05
PHY_91, 994.06, 136, 9.07066e-05
PHY_93, 994.06, 136, 9.07066e-05
FILLER_0_45_2141, 994.06, 136, 9.07066e-05
FILLER_0_46_2137, 994.06, 136, 9.07066e-05
FILLER_0_46_77, 37.94, 136, 9.60916e-05
FILLER_0_47_105, 50.74, 136, 0.000100196
FILLER_0_46_133, 63.54, 136, 0.000104301
FILLER_0_47_161, 76.34, 136, 0.000108406
FILLER_0_46_189, 89.14, 136, 0.000112511
FILLER_0_47_217, 101.94, 136, 0.000116616
FILLER_0_46_245, 114.74, 136, 0.000120721
FILLER_0_47_273, 127.54, 136, 0.000124826
FILLER_0_46_301, 140.34, 136, 0.00012893
FILLER_0_47_329, 153.14, 136, 0.000133035
FILLER_0_46_357, 165.94, 136, 0.00013714
FILLER_0_46_413, 191.54, 136, 0.000144039
FILLER_0_47_441, 204.34, 136, 0.000146834
FILLER_0_46_469, 217.14, 136, 0.000149628
FILLER_0_47_497, 229.94, 136, 0.000152423
FILLER_0_46_525, 242.74, 136, 0.000155218
FILLER_0_47_553, 255.54, 136, 0.000158012
FILLER_0_46_581, 268.34, 136, 0.000160807
FILLER_0_47_609, 281.14, 136, 0.000163601
FILLER_0_46_637, 293.94, 136, 0.000166396
FILLER_0_47_665, 306.74, 136, 0.00016919
FILLER_0_46_693, 319.54, 136, 0.000171985
FILLER_0_46_749, 345.14, 136, 0.000176258
FILLER_0_47_777, 357.94, 136, 0.000177738
FILLER_0_46_805, 370.74, 136, 0.000179217
FILLER_0_47_833, 383.54, 136, 0.000180696
FILLER_0_46_861, 396.34, 136, 0.000182176
FILLER_0_47_889, 409.14, 136, 0.000183655
FILLER_0_46_917, 421.94, 136, 0.000185134
FILLER_0_47_945, 434.74, 136, 0.000186613
FILLER_0_46_973, 447.54, 136, 0.000188092
FILLER_0_47_1001, 460.34, 136, 0.000189572
FILLER_0_46_1029, 473.14, 136, 0.000191051
FILLER_0_46_1085, 498.74, 136, 0.000191634
FILLER_0_47_1113, 511.54, 136, 0.000190738
FILLER_0_46_1141, 524.34, 136, 0.000189842
FILLER_0_47_1169, 537.14, 136, 0.000188946
FILLER_0_46_1197, 549.94, 136, 0.00018805
FILLER_0_47_1225, 562.74, 136, 0.000187154
FILLER_0_46_1253, 575.54, 136, 0.000186258
FILLER_0_45_1281, 601.14, 136, 0.000184466
FILLER_0_46_1309, 613.94, 136, 0.00018357
FILLER_0_45_1337, 626.74, 136, 0.000182674
FILLER_0_45_1393, 652.34, 136, 0.00017863
FILLER_0_46_1421, 665.14, 136, 0.000175484
FILLER_0_45_1449, 677.94, 136, 0.000172337
FILLER_0_46_1477, 690.74, 136, 0.00016919
FILLER_0_45_1505, 703.54, 136, 0.000166043
FILLER_0_46_1533, 716.34, 136, 0.000162896
FILLER_0_45_1561, 729.14, 136, 0.000159749
FILLER_0_46_1589, 741.94, 136, 0.000156602
FILLER_0_45_1617, 754.74, 136, 0.000153455
FILLER_0_46_1645, 767.54, 136, 0.000150308
FILLER_0_45_1673, 780.34, 136, 0.000147161
FILLER_0_45_1729, 805.94, 136, 0.000139571
FILLER_0_46_1757, 818.74, 136, 0.000135129
FILLER_0_45_1785, 831.54, 136, 0.000130687
FILLER_0_46_1813, 844.34, 136, 0.000126245
FILLER_0_45_1841, 857.14, 136, 0.000121802
FILLER_0_46_1869, 869.94, 136, 0.00011736
FILLER_0_45_1897, 882.74, 136, 0.000112918
FILLER_0_46_1925, 895.54, 136, 0.000108476
FILLER_0_45_1953, 908.34, 136, 0.000104033
FILLER_0_46_1981, 921.14, 136, 9.9591e-05
FILLER_0_45_2009, 933.94, 136, 9.51487e-05
FILLER_0_45_2065, 958.57, 136, 9.07064e-05
FILLER_0_46_2093, 970.4, 136, 9.07065e-05
FILLER_0_45_2121, 982.23, 136, 9.07065e-05
PHY_86, 5.52, 130.56, 9.52664e-05
PHY_88, 5.52, 130.56, 9.52664e-05
PHY_87, 994.06, 130.56, 9.41178e-05
PHY_89, 994.06, 130.56, 9.41178e-05
FILLER_0_43_2141, 994.06, 130.56, 9.41178e-05
FILLER_0_44_2137, 994.06, 130.56, 9.41178e-05
FILLER_0_44_77, 37.94, 130.56, 9.911e-05
FILLER_0_45_105, 50.74, 130.56, 0.000102954
FILLER_0_44_133, 63.54, 130.56, 0.000106797
FILLER_0_45_161, 76.34, 130.56, 0.000110641
FILLER_0_44_189, 89.14, 130.56, 0.000114484
FILLER_0_45_217, 101.94, 130.56, 0.000118328
FILLER_0_44_245, 114.74, 130.56, 0.000122172
FILLER_0_45_273, 127.54, 130.56, 0.000126015
FILLER_0_44_301, 140.34, 130.56, 0.000129859
FILLER_0_45_329, 153.14, 130.56, 0.000133702
FILLER_0_44_357, 165.94, 130.56, 0.000137546
FILLER_0_44_413, 191.54, 130.56, 0.000144079
FILLER_0_45_441, 204.34, 130.56, 0.000146768
FILLER_0_44_469, 217.14, 130.56, 0.000149458
FILLER_0_45_497, 229.94, 130.56, 0.000152147
FILLER_0_44_525, 242.74, 130.56, 0.000154836
FILLER_0_45_553, 255.54, 130.56, 0.000157526
FILLER_0_44_581, 268.34, 130.56, 0.000160215
FILLER_0_45_609, 281.14, 130.56, 0.000162904
FILLER_0_44_637, 293.94, 130.56, 0.000165594
FILLER_0_45_665, 306.74, 130.56, 0.000168283
FILLER_0_44_693, 319.54, 130.56, 0.000170972
FILLER_0_44_749, 345.14, 130.56, 0.000175067
FILLER_0_45_777, 357.94, 130.56, 0.000176472
FILLER_0_44_805, 370.74, 130.56, 0.000177878
FILLER_0_45_833, 383.54, 130.56, 0.000179283
FILLER_0_44_861, 396.34, 130.56, 0.000180688
FILLER_0_45_889, 409.14, 130.56, 0.000182093
FILLER_0_44_917, 421.94, 130.56, 0.000183499
FILLER_0_45_945, 434.74, 130.56, 0.000184904
FILLER_0_44_973, 447.54, 130.56, 0.000186309
FILLER_0_45_1001, 460.34, 130.56, 0.000187714
FILLER_0_44_1029, 473.14, 130.56, 0.00018912
FILLER_0_44_1085, 498.74, 130.56, 0.000189654
FILLER_0_45_1113, 511.54, 130.56, 0.000188783
FILLER_0_44_1141, 524.34, 130.56, 0.000187912
FILLER_0_45_1169, 537.14, 130.56, 0.000187042
FILLER_0_44_1197, 549.94, 130.56, 0.000186171
FILLER_0_45_1225, 562.74, 130.56, 0.0001853
FILLER_0_44_1253, 575.54, 130.56, 0.000184429
FILLER_0_43_1281, 601.14, 130.56, 0.000182687
FILLER_0_44_1309, 613.94, 130.56, 0.000181816
FILLER_0_43_1337, 626.74, 130.56, 0.000180945
FILLER_0_43_1393, 652.34, 130.56, 0.000177065
FILLER_0_44_1421, 665.14, 130.56, 0.000174056
FILLER_0_43_1449, 677.94, 130.56, 0.000171047
FILLER_0_44_1477, 690.74, 130.56, 0.000168038
FILLER_0_43_1505, 703.54, 130.56, 0.000165029
FILLER_0_44_1533, 716.34, 130.56, 0.00016202
FILLER_0_43_1561, 729.14, 130.56, 0.000159011
FILLER_0_44_1589, 741.94, 130.56, 0.000156002
FILLER_0_43_1617, 754.74, 130.56, 0.000152993
FILLER_0_44_1645, 767.54, 130.56, 0.000149984
FILLER_0_43_1673, 780.34, 130.56, 0.000146975
FILLER_0_43_1729, 805.94, 130.56, 0.000139812
FILLER_0_44_1757, 818.74, 130.56, 0.000135658
FILLER_0_43_1785, 831.54, 130.56, 0.000131504
FILLER_0_44_1813, 844.34, 130.56, 0.00012735
FILLER_0_43_1841, 857.14, 130.56, 0.000123196
FILLER_0_44_1869, 869.94, 130.56, 0.000119042
FILLER_0_43_1897, 882.74, 130.56, 0.000114888
FILLER_0_44_1925, 895.54, 130.56, 0.000110734
FILLER_0_43_1953, 908.34, 130.56, 0.00010658
FILLER_0_44_1981, 921.14, 130.56, 0.000102426
FILLER_0_43_2009, 933.94, 130.56, 9.82716e-05
FILLER_0_43_2065, 958.57, 130.56, 9.41176e-05
FILLER_0_44_2093, 970.4, 130.56, 9.41177e-05
FILLER_0_43_2121, 982.23, 130.56, 9.41177e-05
PHY_82, 5.52, 125.12, 9.83756e-05
PHY_84, 5.52, 125.12, 9.83756e-05
PHY_83, 994.06, 125.12, 9.73447e-05
PHY_85, 994.06, 125.12, 9.73447e-05
FILLER_0_41_2141, 994.06, 125.12, 9.73447e-05
FILLER_0_42_2137, 994.06, 125.12, 9.73447e-05
FILLER_0_42_77, 37.94, 125.12, 0.000101976
FILLER_0_43_105, 50.74, 125.12, 0.000105576
FILLER_0_42_133, 63.54, 125.12, 0.000109176
FILLER_0_43_161, 76.34, 125.12, 0.000112776
FILLER_0_42_189, 89.14, 125.12, 0.000116376
FILLER_0_43_217, 101.94, 125.12, 0.000119976
FILLER_0_42_245, 114.74, 125.12, 0.000123577
FILLER_0_43_273, 127.54, 125.12, 0.000127177
FILLER_0_42_301, 140.34, 125.12, 0.000130777
FILLER_0_43_329, 153.14, 125.12, 0.000134377
FILLER_0_42_357, 165.94, 125.12, 0.000137977
FILLER_0_42_413, 191.54, 125.12, 0.000144163
FILLER_0_43_441, 204.34, 125.12, 0.000146749
FILLER_0_42_469, 217.14, 125.12, 0.000149335
FILLER_0_43_497, 229.94, 125.12, 0.00015192
FILLER_0_42_525, 242.74, 125.12, 0.000154506
FILLER_0_43_553, 255.54, 125.12, 0.000157092
FILLER_0_42_581, 268.34, 125.12, 0.000159678
FILLER_0_43_609, 281.14, 125.12, 0.000162264
FILLER_0_42_637, 293.94, 125.12, 0.00016485
FILLER_0_43_665, 306.74, 125.12, 0.000167436
FILLER_0_42_693, 319.54, 125.12, 0.000170021
FILLER_0_42_749, 345.14, 125.12, 0.000173942
FILLER_0_43_777, 357.94, 125.12, 0.000175277
FILLER_0_42_805, 370.74, 125.12, 0.000176612
FILLER_0_43_833, 383.54, 125.12, 0.000177947
FILLER_0_42_861, 396.34, 125.12, 0.000179282
FILLER_0_43_889, 409.14, 125.12, 0.000180617
FILLER_0_42_917, 421.94, 125.12, 0.000181951
FILLER_0_43_945, 434.74, 125.12, 0.000183286
FILLER_0_42_973, 447.54, 125.12, 0.000184621
FILLER_0_43_1001, 460.34, 125.12, 0.000185956
FILLER_0_42_1029, 473.14, 125.12, 0.000187291
FILLER_0_42_1085, 498.74, 125.12, 0.000187779
FILLER_0_43_1113, 511.54, 125.12, 0.000186933
FILLER_0_42_1141, 524.34, 125.12, 0.000186087
FILLER_0_43_1169, 537.14, 125.12, 0.000185241
FILLER_0_42_1197, 549.94, 125.12, 0.000184395
FILLER_0_43_1225, 562.74, 125.12, 0.000183548
FILLER_0_42_1253, 575.54, 125.12, 0.000182702
FILLER_0_41_1281, 601.14, 125.12, 0.00018101
FILLER_0_42_1309, 613.94, 125.12, 0.000180163
FILLER_0_41_1337, 626.74, 125.12, 0.000179317
FILLER_0_41_1393, 652.34, 125.12, 0.000175595
FILLER_0_42_1421, 665.14, 125.12, 0.000172719
FILLER_0_41_1449, 677.94, 125.12, 0.000169844
FILLER_0_42_1477, 690.74, 125.12, 0.000166968
FILLER_0_41_1505, 703.54, 125.12, 0.000164092
FILLER_0_42_1533, 716.34, 125.12, 0.000161216
FILLER_0_41_1561, 729.14, 125.12, 0.00015834
FILLER_0_42_1589, 741.94, 125.12, 0.000155465
FILLER_0_41_1617, 754.74, 125.12, 0.000152589
FILLER_0_42_1645, 767.54, 125.12, 0.000149713
FILLER_0_41_1673, 780.34, 125.12, 0.000146837
FILLER_0_41_1729, 805.94, 125.12, 0.000140077
FILLER_0_42_1757, 818.74, 125.12, 0.000136192
FILLER_0_41_1785, 831.54, 125.12, 0.000132307
FILLER_0_42_1813, 844.34, 125.12, 0.000128423
FILLER_0_41_1841, 857.14, 125.12, 0.000124538
FILLER_0_42_1869, 869.94, 125.12, 0.000120653
FILLER_0_41_1897, 882.74, 125.12, 0.000116768
FILLER_0_42_1925, 895.54, 125.12, 0.000112884
FILLER_0_41_1953, 908.34, 125.12, 0.000108999
FILLER_0_42_1981, 921.14, 125.12, 0.000105114
FILLER_0_41_2009, 933.94, 125.12, 0.000101229
FILLER_0_41_2065, 958.57, 125.12, 9.73445e-05
FILLER_0_42_2093, 970.4, 125.12, 9.73446e-05
FILLER_0_41_2121, 982.23, 125.12, 9.73446e-05
PHY_78, 5.52, 119.68, 0.000101325
PHY_80, 5.52, 119.68, 0.000101325
PHY_79, 994.06, 119.68, 0.000100399
PHY_81, 994.06, 119.68, 0.000100399
FILLER_0_39_2141, 994.06, 119.68, 0.000100399
FILLER_0_40_2137, 994.06, 119.68, 0.000100399
FILLER_0_40_77, 37.94, 119.68, 0.000104698
FILLER_0_41_105, 50.74, 119.68, 0.000108071
FILLER_0_40_133, 63.54, 119.68, 0.000111444
FILLER_0_41_161, 76.34, 119.68, 0.000114817
FILLER_0_40_189, 89.14, 119.68, 0.000118191
FILLER_0_41_217, 101.94, 119.68, 0.000121564
FILLER_0_40_245, 114.74, 119.68, 0.000124937
FILLER_0_41_273, 127.54, 119.68, 0.00012831
FILLER_0_40_301, 140.34, 119.68, 0.000131683
FILLER_0_41_329, 153.14, 119.68, 0.000135056
FILLER_0_40_357, 165.94, 119.68, 0.000138429
FILLER_0_40_413, 191.54, 119.68, 0.000144286
FILLER_0_41_441, 204.34, 119.68, 0.00014677
FILLER_0_40_469, 217.14, 119.68, 0.000149255
FILLER_0_41_497, 229.94, 119.68, 0.000151739
FILLER_0_40_525, 242.74, 119.68, 0.000154224
FILLER_0_41_553, 255.54, 119.68, 0.000156708
FILLER_0_40_581, 268.34, 119.68, 0.000159192
FILLER_0_41_609, 281.14, 119.68, 0.000161677
FILLER_0_40_637, 293.94, 119.68, 0.000164161
FILLER_0_41_665, 306.74, 119.68, 0.000166645
FILLER_0_40_693, 319.54, 119.68, 0.00016913
FILLER_0_40_749, 345.14, 119.68, 0.000172882
FILLER_0_41_777, 357.94, 119.68, 0.00017415
FILLER_0_40_805, 370.74, 119.68, 0.000175417
FILLER_0_41_833, 383.54, 119.68, 0.000176685
FILLER_0_40_861, 396.34, 119.68, 0.000177953
FILLER_0_41_889, 409.14, 119.68, 0.000179221
FILLER_0_40_917, 421.94, 119.68, 0.000180489
FILLER_0_41_945, 434.74, 119.68, 0.000181757
FILLER_0_40_973, 447.54, 119.68, 0.000183024
FILLER_0_41_1001, 460.34, 119.68, 0.000184292
FILLER_0_40_1029, 473.14, 119.68, 0.00018556
FILLER_0_40_1085, 498.74, 119.68, 0.000186005
FILLER_0_41_1113, 511.54, 119.68, 0.000185183
FILLER_0_40_1141, 524.34, 119.68, 0.000184361
FILLER_0_41_1169, 537.14, 119.68, 0.000183539
FILLER_0_40_1197, 549.94, 119.68, 0.000182717
FILLER_0_41_1225, 562.74, 119.68, 0.000181895
FILLER_0_40_1253, 575.54, 119.68, 0.000181072
FILLER_0_39_1281, 601.14, 119.68, 0.000179428
FILLER_0_40_1309, 613.94, 119.68, 0.000178606
FILLER_0_39_1337, 626.74, 119.68, 0.000177784
FILLER_0_39_1393, 652.34, 119.68, 0.000174214
FILLER_0_40_1421, 665.14, 119.68, 0.000171467
FILLER_0_39_1449, 677.94, 119.68, 0.00016872
FILLER_0_40_1477, 690.74, 119.68, 0.000165973
FILLER_0_39_1505, 703.54, 119.68, 0.000163226
FILLER_0_40_1533, 716.34, 119.68, 0.000160478
FILLER_0_39_1561, 729.14, 119.68, 0.000157731
FILLER_0_40_1589, 741.94, 119.68, 0.000154984
FILLER_0_39_1617, 754.74, 119.68, 0.000152237
FILLER_0_40_1645, 767.54, 119.68, 0.00014949
FILLER_0_39_1673, 780.34, 119.68, 0.000146742
FILLER_0_39_1729, 805.94, 119.68, 0.000140362
FILLER_0_40_1757, 818.74, 119.68, 0.000136729
FILLER_0_39_1785, 831.54, 119.68, 0.000133096
FILLER_0_40_1813, 844.34, 119.68, 0.000129463
FILLER_0_39_1841, 857.14, 119.68, 0.00012583
FILLER_0_40_1869, 869.94, 119.68, 0.000122197
FILLER_0_39_1897, 882.74, 119.68, 0.000118564
FILLER_0_40_1925, 895.54, 119.68, 0.000114931
FILLER_0_39_1953, 908.34, 119.68, 0.000111298
FILLER_0_40_1981, 921.14, 119.68, 0.000107665
FILLER_0_39_2009, 933.94, 119.68, 0.000104032
FILLER_0_39_2065, 958.57, 119.68, 0.000100399
FILLER_0_40_2093, 970.4, 119.68, 0.000100399
FILLER_0_39_2121, 982.23, 119.68, 0.000100399
PHY_74, 5.52, 114.24, 0.000104125
PHY_76, 5.52, 114.24, 0.000104125
PHY_75, 994.06, 114.24, 0.000103292
PHY_77, 994.06, 114.24, 0.000103292
FILLER_0_37_2141, 994.06, 114.24, 0.000103292
FILLER_0_38_2137, 994.06, 114.24, 0.000103292
FILLER_0_38_77, 37.94, 114.24, 0.000107286
FILLER_0_39_105, 50.74, 114.24, 0.000110447
FILLER_0_38_133, 63.54, 114.24, 0.000113608
FILLER_0_39_161, 76.34, 114.24, 0.00011677
FILLER_0_38_189, 89.14, 114.24, 0.000119931
FILLER_0_39_217, 101.94, 114.24, 0.000123092
FILLER_0_38_245, 114.74, 114.24, 0.000126253
FILLER_0_39_273, 127.54, 114.24, 0.000129414
FILLER_0_38_301, 140.34, 114.24, 0.000132575
FILLER_0_39_329, 153.14, 114.24, 0.000135737
FILLER_0_38_357, 165.94, 114.24, 0.000138898
FILLER_0_38_413, 191.54, 114.24, 0.000144444
FILLER_0_39_441, 204.34, 114.24, 0.000146829
FILLER_0_38_469, 217.14, 114.24, 0.000149214
FILLER_0_39_497, 229.94, 114.24, 0.000151599
FILLER_0_38_525, 242.74, 114.24, 0.000153984
FILLER_0_39_553, 255.54, 114.24, 0.000156369
FILLER_0_38_581, 268.34, 114.24, 0.000158754
FILLER_0_39_609, 281.14, 114.24, 0.000161139
FILLER_0_38_637, 293.94, 114.24, 0.000163524
FILLER_0_39_665, 306.74, 114.24, 0.000165909
FILLER_0_38_693, 319.54, 114.24, 0.000168294
FILLER_0_38_749, 345.14, 114.24, 0.000171883
FILLER_0_39_777, 357.94, 114.24, 0.000173087
FILLER_0_38_805, 370.74, 114.24, 0.000174291
FILLER_0_39_833, 383.54, 114.24, 0.000175495
FILLER_0_38_861, 396.34, 114.24, 0.000176699
FILLER_0_39_889, 409.14, 114.24, 0.000177903
FILLER_0_38_917, 421.94, 114.24, 0.000179107
FILLER_0_39_945, 434.74, 114.24, 0.000180311
FILLER_0_38_973, 447.54, 114.24, 0.000181515
FILLER_0_39_1001, 460.34, 114.24, 0.000182719
FILLER_0_38_1029, 473.14, 114.24, 0.000183923
FILLER_0_38_1085, 498.74, 114.24, 0.000184328
FILLER_0_39_1113, 511.54, 114.24, 0.000183529
FILLER_0_38_1141, 524.34, 114.24, 0.000182731
FILLER_0_39_1169, 537.14, 114.24, 0.000181932
FILLER_0_38_1197, 549.94, 114.24, 0.000181133
FILLER_0_39_1225, 562.74, 114.24, 0.000180334
FILLER_0_38_1253, 575.54, 114.24, 0.000179535
FILLER_0_37_1281, 601.14, 114.24, 0.000177938
FILLER_0_38_1309, 613.94, 114.24, 0.000177139
FILLER_0_37_1337, 626.74, 114.24, 0.00017634
FILLER_0_37_1393, 652.34, 114.24, 0.000172918
FILLER_0_38_1421, 665.14, 114.24, 0.000170295
FILLER_0_37_1449, 677.94, 114.24, 0.000167671
FILLER_0_38_1477, 690.74, 114.24, 0.000165048
FILLER_0_37_1505, 703.54, 114.24, 0.000162425
FILLER_0_38_1533, 716.34, 114.24, 0.000159802
FILLER_0_37_1561, 729.14, 114.24, 0.000157179
FILLER_0_38_1589, 741.94, 114.24, 0.000154556
FILLER_0_37_1617, 754.74, 114.24, 0.000151932
FILLER_0_38_1645, 767.54, 114.24, 0.000149309
FILLER_0_37_1673, 780.34, 114.24, 0.000146686
FILLER_0_37_1729, 805.94, 114.24, 0.000140665
FILLER_0_38_1757, 818.74, 114.24, 0.000137268
FILLER_0_37_1785, 831.54, 114.24, 0.00013387
FILLER_0_38_1813, 844.34, 114.24, 0.000130472
FILLER_0_37_1841, 857.14, 114.24, 0.000127075
FILLER_0_38_1869, 869.94, 114.24, 0.000123677
FILLER_0_37_1897, 882.74, 114.24, 0.00012028
FILLER_0_38_1925, 895.54, 114.24, 0.000116882
FILLER_0_37_1953, 908.34, 114.24, 0.000113485
FILLER_0_38_1981, 921.14, 114.24, 0.000110087
FILLER_0_37_2009, 933.94, 114.24, 0.000106689
FILLER_0_37_2065, 958.57, 114.24, 0.000103292
FILLER_0_38_2093, 970.4, 114.24, 0.000103292
FILLER_0_37_2121, 982.23, 114.24, 0.000103292
PHY_70, 5.52, 108.8, 0.000106784
PHY_72, 5.52, 108.8, 0.000106784
PHY_71, 994.06, 108.8, 0.000106034
PHY_73, 994.06, 108.8, 0.000106034
FILLER_0_35_2141, 994.06, 108.8, 0.000106034
FILLER_0_36_2137, 994.06, 108.8, 0.000106034
FILLER_0_36_77, 37.94, 108.8, 0.000109747
FILLER_0_37_105, 50.74, 108.8, 0.000112711
FILLER_0_36_133, 63.54, 108.8, 0.000115674
FILLER_0_37_161, 76.34, 108.8, 0.000118637
FILLER_0_36_189, 89.14, 108.8, 0.000121601
FILLER_0_37_217, 101.94, 108.8, 0.000124564
FILLER_0_36_245, 114.74, 108.8, 0.000127528
FILLER_0_37_273, 127.54, 108.8, 0.000130491
FILLER_0_36_301, 140.34, 108.8, 0.000133454
FILLER_0_37_329, 153.14, 108.8, 0.000136418
FILLER_0_36_357, 165.94, 108.8, 0.000139381
FILLER_0_36_413, 191.54, 108.8, 0.000144632
FILLER_0_37_441, 204.34, 108.8, 0.000146921
FILLER_0_36_469, 217.14, 108.8, 0.000149209
FILLER_0_37_497, 229.94, 108.8, 0.000151497
FILLER_0_36_525, 242.74, 108.8, 0.000153785
FILLER_0_37_553, 255.54, 108.8, 0.000156073
FILLER_0_36_581, 268.34, 108.8, 0.000158362
FILLER_0_37_609, 281.14, 108.8, 0.00016065
FILLER_0_36_637, 293.94, 108.8, 0.000162938
FILLER_0_37_665, 306.74, 108.8, 0.000165226
FILLER_0_36_693, 319.54, 108.8, 0.000167514
FILLER_0_36_749, 345.14, 108.8, 0.000170945
FILLER_0_37_777, 357.94, 108.8, 0.000172088
FILLER_0_36_805, 370.74, 108.8, 0.000173232
FILLER_0_37_833, 383.54, 108.8, 0.000174375
FILLER_0_36_861, 396.34, 108.8, 0.000175518
FILLER_0_37_889, 409.14, 108.8, 0.000176661
FILLER_0_36_917, 421.94, 108.8, 0.000177804
FILLER_0_37_945, 434.74, 108.8, 0.000178947
FILLER_0_36_973, 447.54, 108.8, 0.00018009
FILLER_0_37_1001, 460.34, 108.8, 0.000181233
FILLER_0_36_1029, 473.14, 108.8, 0.000182376
FILLER_0_36_1085, 498.74, 108.8, 0.000182743
FILLER_0_37_1113, 511.54, 108.8, 0.000181967
FILLER_0_36_1141, 524.34, 108.8, 0.000181191
FILLER_0_37_1169, 537.14, 108.8, 0.000180415
FILLER_0_36_1197, 549.94, 108.8, 0.000179638
FILLER_0_37_1225, 562.74, 108.8, 0.000178862
FILLER_0_36_1253, 575.54, 108.8, 0.000178086
FILLER_0_35_1281, 601.14, 108.8, 0.000176534
FILLER_0_36_1309, 613.94, 108.8, 0.000175757
FILLER_0_35_1337, 626.74, 108.8, 0.000174981
FILLER_0_35_1393, 652.34, 108.8, 0.000171701
FILLER_0_36_1421, 665.14, 108.8, 0.000169197
FILLER_0_35_1449, 677.94, 108.8, 0.000166694
FILLER_0_36_1477, 690.74, 108.8, 0.00016419
FILLER_0_35_1505, 703.54, 108.8, 0.000161686
FILLER_0_36_1533, 716.34, 108.8, 0.000159182
FILLER_0_35_1561, 729.14, 108.8, 0.000156678
FILLER_0_36_1589, 741.94, 108.8, 0.000154174
FILLER_0_35_1617, 754.74, 108.8, 0.000151671
FILLER_0_36_1645, 767.54, 108.8, 0.000149167
FILLER_0_35_1673, 780.34, 108.8, 0.000146663
FILLER_0_35_1729, 805.94, 108.8, 0.000140982
FILLER_0_36_1757, 818.74, 108.8, 0.000137805
FILLER_0_35_1785, 831.54, 108.8, 0.000134628
FILLER_0_36_1813, 844.34, 108.8, 0.000131451
FILLER_0_35_1841, 857.14, 108.8, 0.000128273
FILLER_0_36_1869, 869.94, 108.8, 0.000125096
FILLER_0_35_1897, 882.74, 108.8, 0.000121919
FILLER_0_36_1925, 895.54, 108.8, 0.000118742
FILLER_0_35_1953, 908.34, 108.8, 0.000115565
FILLER_0_36_1981, 921.14, 108.8, 0.000112388
FILLER_0_35_2009, 933.94, 108.8, 0.000109211
FILLER_0_35_2065, 958.57, 108.8, 0.000106034
FILLER_0_36_2093, 970.4, 108.8, 0.000106034
FILLER_0_35_2121, 982.23, 108.8, 0.000106034
PHY_66, 5.52, 103.36, 0.000109311
PHY_68, 5.52, 103.36, 0.000109311
PHY_67, 994.06, 103.36, 0.000108634
PHY_69, 994.06, 103.36, 0.000108634
FILLER_0_33_2141, 994.06, 103.36, 0.000108634
FILLER_0_34_2137, 994.06, 103.36, 0.000108634
FILLER_0_34_77, 37.94, 103.36, 0.00011209
FILLER_0_35_105, 50.74, 103.36, 0.000114868
FILLER_0_34_133, 63.54, 103.36, 0.000117647
FILLER_0_35_161, 76.34, 103.36, 0.000120425
FILLER_0_34_189, 89.14, 103.36, 0.000123204
FILLER_0_35_217, 101.94, 103.36, 0.000125983
FILLER_0_34_245, 114.74, 103.36, 0.000128761
FILLER_0_35_273, 127.54, 103.36, 0.00013154
FILLER_0_34_301, 140.34, 103.36, 0.000134318
FILLER_0_35_329, 153.14, 103.36, 0.000137097
FILLER_0_34_357, 165.94, 103.36, 0.000139875
FILLER_0_34_413, 191.54, 103.36, 0.000144848
FILLER_0_35_441, 204.34, 103.36, 0.000147042
FILLER_0_34_469, 217.14, 103.36, 0.000149235
FILLER_0_35_497, 229.94, 103.36, 0.000151429
FILLER_0_34_525, 242.74, 103.36, 0.000153623
FILLER_0_35_553, 255.54, 103.36, 0.000155817
FILLER_0_34_581, 268.34, 103.36, 0.000158011
FILLER_0_35_609, 281.14, 103.36, 0.000160205
FILLER_0_34_637, 293.94, 103.36, 0.000162399
FILLER_0_35_665, 306.74, 103.36, 0.000164592
FILLER_0_34_693, 319.54, 103.36, 0.000166786
FILLER_0_34_749, 345.14, 103.36, 0.000170065
FILLER_0_35_777, 357.94, 103.36, 0.00017115
FILLER_0_34_805, 370.74, 103.36, 0.000172235
FILLER_0_35_833, 383.54, 103.36, 0.00017332
FILLER_0_34_861, 396.34, 103.36, 0.000174406
FILLER_0_35_889, 409.14, 103.36, 0.000175491
FILLER_0_34_917, 421.94, 103.36, 0.000176576
FILLER_0_35_945, 434.74, 103.36, 0.000177661
FILLER_0_34_973, 447.54, 103.36, 0.000178746
FILLER_0_35_1001, 460.34, 103.36, 0.000179831
FILLER_0_34_1029, 473.14, 103.36, 0.000180916
FILLER_0_34_1085, 498.74, 103.36, 0.000181247
FILLER_0_35_1113, 511.54, 103.36, 0.000180492
FILLER_0_34_1141, 524.34, 103.36, 0.000179738
FILLER_0_35_1169, 537.14, 103.36, 0.000178984
FILLER_0_34_1197, 549.94, 103.36, 0.000178229
FILLER_0_35_1225, 562.74, 103.36, 0.000177475
FILLER_0_34_1253, 575.54, 103.36, 0.000176721
FILLER_0_33_1281, 601.14, 103.36, 0.000175212
FILLER_0_34_1309, 613.94, 103.36, 0.000174458
FILLER_0_33_1337, 626.74, 103.36, 0.000173703
FILLER_0_33_1393, 652.34, 103.36, 0.00017056
FILLER_0_34_1421, 665.14, 103.36, 0.000168171
FILLER_0_33_1449, 677.94, 103.36, 0.000165782
FILLER_0_34_1477, 690.74, 103.36, 0.000163393
FILLER_0_33_1505, 703.54, 103.36, 0.000161004
FILLER_0_34_1533, 716.34, 103.36, 0.000158615
FILLER_0_33_1561, 729.14, 103.36, 0.000156226
FILLER_0_34_1589, 741.94, 103.36, 0.000153837
FILLER_0_33_1617, 754.74, 103.36, 0.000151448
FILLER_0_34_1645, 767.54, 103.36, 0.000149058
FILLER_0_33_1673, 780.34, 103.36, 0.000146669
FILLER_0_33_1729, 805.94, 103.36, 0.00014131
FILLER_0_34_1757, 818.74, 103.36, 0.000138339
FILLER_0_33_1785, 831.54, 103.36, 0.000135369
FILLER_0_34_1813, 844.34, 103.36, 0.000132398
FILLER_0_33_1841, 857.14, 103.36, 0.000129428
FILLER_0_34_1869, 869.94, 103.36, 0.000126457
FILLER_0_33_1897, 882.74, 103.36, 0.000123487
FILLER_0_34_1925, 895.54, 103.36, 0.000120516
FILLER_0_33_1953, 908.34, 103.36, 0.000117545
FILLER_0_34_1981, 921.14, 103.36, 0.000114575
FILLER_0_33_2009, 933.94, 103.36, 0.000111604
FILLER_0_33_2065, 958.57, 103.36, 0.000108634
FILLER_0_34_2093, 970.4, 103.36, 0.000108634
FILLER_0_33_2121, 982.23, 103.36, 0.000108634
PHY_62, 5.52, 97.92, 0.000111714
PHY_64, 5.52, 97.92, 0.000111714
PHY_63, 994.06, 97.92, 0.000111102
PHY_65, 994.06, 97.92, 0.000111102
FILLER_0_31_2141, 994.06, 97.92, 0.000111102
FILLER_0_32_2137, 994.06, 97.92, 0.000111102
FILLER_0_32_77, 37.94, 97.92, 0.00011432
FILLER_0_33_105, 50.74, 97.92, 0.000116926
FILLER_0_32_133, 63.54, 97.92, 0.000119532
FILLER_0_33_161, 76.34, 97.92, 0.000122138
FILLER_0_32_189, 89.14, 97.92, 0.000124744
FILLER_0_33_217, 101.94, 97.92, 0.000127349
FILLER_0_32_245, 114.74, 97.92, 0.000129955
FILLER_0_33_273, 127.54, 97.92, 0.000132561
FILLER_0_32_301, 140.34, 97.92, 0.000135167
FILLER_0_33_329, 153.14, 97.92, 0.000137773
FILLER_0_32_357, 165.94, 97.92, 0.000140378
FILLER_0_32_413, 191.54, 97.92, 0.000145086
FILLER_0_33_441, 204.34, 97.92, 0.000147189
FILLER_0_32_469, 217.14, 97.92, 0.000149291
FILLER_0_33_497, 229.94, 97.92, 0.000151393
FILLER_0_32_525, 242.74, 97.92, 0.000153495
FILLER_0_33_553, 255.54, 97.92, 0.000155598
FILLER_0_32_581, 268.34, 97.92, 0.0001577
FILLER_0_33_609, 281.14, 97.92, 0.000159802
FILLER_0_32_637, 293.94, 97.92, 0.000161904
FILLER_0_33_665, 306.74, 97.92, 0.000164007
FILLER_0_32_693, 319.54, 97.92, 0.000166109
FILLER_0_32_749, 345.14, 97.92, 0.000169241
FILLER_0_33_777, 357.94, 97.92, 0.000170271
FILLER_0_32_805, 370.74, 97.92, 0.0001713
FILLER_0_33_833, 383.54, 97.92, 0.00017233
FILLER_0_32_861, 396.34, 97.92, 0.00017336
FILLER_0_33_889, 409.14, 97.92, 0.00017439
FILLER_0_32_917, 421.94, 97.92, 0.000175419
FILLER_0_33_945, 434.74, 97.92, 0.000176449
FILLER_0_32_973, 447.54, 97.92, 0.000177479
FILLER_0_33_1001, 460.34, 97.92, 0.000178508
FILLER_0_32_1029, 473.14, 97.92, 0.000179538
FILLER_0_32_1085, 498.74, 97.92, 0.000179835
FILLER_0_33_1113, 511.54, 97.92, 0.000179101
FILLER_0_32_1141, 524.34, 97.92, 0.000178368
FILLER_0_33_1169, 537.14, 97.92, 0.000177635
FILLER_0_32_1197, 549.94, 97.92, 0.000176901
FILLER_0_33_1225, 562.74, 97.92, 0.000176168
FILLER_0_32_1253, 575.54, 97.92, 0.000175435
FILLER_0_31_1281, 601.14, 97.92, 0.000173968
FILLER_0_32_1309, 613.94, 97.92, 0.000173235
FILLER_0_31_1337, 626.74, 97.92, 0.000172502
FILLER_0_31_1393, 652.34, 97.92, 0.00016949
FILLER_0_32_1421, 665.14, 97.92, 0.000167211
FILLER_0_31_1449, 677.94, 97.92, 0.000164932
FILLER_0_32_1477, 690.74, 97.92, 0.000162653
FILLER_0_31_1505, 703.54, 97.92, 0.000160375
FILLER_0_32_1533, 716.34, 97.92, 0.000158096
FILLER_0_31_1561, 729.14, 97.92, 0.000155817
FILLER_0_32_1589, 741.94, 97.92, 0.000153538
FILLER_0_31_1617, 754.74, 97.92, 0.000151259
FILLER_0_32_1645, 767.54, 97.92, 0.000148981
FILLER_0_31_1673, 780.34, 97.92, 0.000146702
FILLER_0_31_1729, 805.94, 97.92, 0.000141646
FILLER_0_32_1757, 818.74, 97.92, 0.000138869
FILLER_0_31_1785, 831.54, 97.92, 0.000136093
FILLER_0_32_1813, 844.34, 97.92, 0.000133316
FILLER_0_31_1841, 857.14, 97.92, 0.000130539
FILLER_0_32_1869, 869.94, 97.92, 0.000127762
FILLER_0_31_1897, 882.74, 97.92, 0.000124986
FILLER_0_32_1925, 895.54, 97.92, 0.000122209
FILLER_0_31_1953, 908.34, 97.92, 0.000119432
FILLER_0_32_1981, 921.14, 97.92, 0.000116655
FILLER_0_31_2009, 933.94, 97.92, 0.000113878
FILLER_0_31_2065, 958.57, 97.92, 0.000111102
FILLER_0_32_2093, 970.4, 97.92, 0.000111102
FILLER_0_31_2121, 982.23, 97.92, 0.000111102
PHY_58, 5.52, 92.48, 0.000114002
PHY_60, 5.52, 92.48, 0.000114002
PHY_59, 994.06, 92.48, 0.000113446
PHY_61, 994.06, 92.48, 0.000113446
FILLER_0_29_2141, 994.06, 92.48, 0.000113446
FILLER_0_30_2137, 994.06, 92.48, 0.000113446
FILLER_0_30_77, 37.94, 92.48, 0.000116446
FILLER_0_31_105, 50.74, 92.48, 0.00011889
FILLER_0_30_133, 63.54, 92.48, 0.000121334
FILLER_0_31_161, 76.34, 92.48, 0.000123779
FILLER_0_30_189, 89.14, 92.48, 0.000126223
FILLER_0_31_217, 101.94, 92.48, 0.000128667
FILLER_0_30_245, 114.74, 92.48, 0.000131111
FILLER_0_31_273, 127.54, 92.48, 0.000133555
FILLER_0_30_301, 140.34, 92.48, 0.000136
FILLER_0_31_329, 153.14, 92.48, 0.000138444
FILLER_0_30_357, 165.94, 92.48, 0.000140888
FILLER_0_30_413, 191.54, 92.48, 0.000145345
FILLER_0_31_441, 204.34, 92.48, 0.000147359
FILLER_0_30_469, 217.14, 92.48, 0.000149372
FILLER_0_31_497, 229.94, 92.48, 0.000151386
FILLER_0_30_525, 242.74, 92.48, 0.000153399
FILLER_0_31_553, 255.54, 92.48, 0.000155413
FILLER_0_30_581, 268.34, 92.48, 0.000157426
FILLER_0_31_609, 281.14, 92.48, 0.00015944
FILLER_0_30_637, 293.94, 92.48, 0.000161453
FILLER_0_31_665, 306.74, 92.48, 0.000163466
FILLER_0_30_693, 319.54, 92.48, 0.00016548
FILLER_0_30_749, 345.14, 92.48, 0.00016847
FILLER_0_31_777, 357.94, 92.48, 0.000169447
FILLER_0_30_805, 370.74, 92.48, 0.000170424
FILLER_0_31_833, 383.54, 92.48, 0.000171401
FILLER_0_30_861, 396.34, 92.48, 0.000172378
FILLER_0_31_889, 409.14, 92.48, 0.000173355
FILLER_0_30_917, 421.94, 92.48, 0.000174332
FILLER_0_31_945, 434.74, 92.48, 0.000175309
FILLER_0_30_973, 447.54, 92.48, 0.000176286
FILLER_0_31_1001, 460.34, 92.48, 0.000177263
FILLER_0_30_1029, 473.14, 92.48, 0.00017824
FILLER_0_30_1085, 498.74, 92.48, 0.000178504
FILLER_0_31_1113, 511.54, 92.48, 0.00017779
FILLER_0_30_1141, 524.34, 92.48, 0.000177077
FILLER_0_31_1169, 537.14, 92.48, 0.000176364
FILLER_0_30_1197, 549.94, 92.48, 0.000175651
FILLER_0_31_1225, 562.74, 92.48, 0.000174938
FILLER_0_30_1253, 575.54, 92.48, 0.000174225
FILLER_0_29_1281, 601.14, 92.48, 0.000172798
FILLER_0_30_1309, 613.94, 92.48, 0.000172085
FILLER_0_29_1337, 626.74, 92.48, 0.000171372
FILLER_0_29_1393, 652.34, 92.48, 0.000168486
FILLER_0_30_1421, 665.14, 92.48, 0.000166313
FILLER_0_29_1449, 677.94, 92.48, 0.00016414
FILLER_0_30_1477, 690.74, 92.48, 0.000161967
FILLER_0_29_1505, 703.54, 92.48, 0.000159794
FILLER_0_30_1533, 716.34, 92.48, 0.000157622
FILLER_0_29_1561, 729.14, 92.48, 0.000155449
FILLER_0_30_1589, 741.94, 92.48, 0.000153276
FILLER_0_29_1617, 754.74, 92.48, 0.000151103
FILLER_0_30_1645, 767.54, 92.48, 0.00014893
FILLER_0_29_1673, 780.34, 92.48, 0.000146757
FILLER_0_29_1729, 805.94, 92.48, 0.000141989
FILLER_0_30_1757, 818.74, 92.48, 0.000139394
FILLER_0_29_1785, 831.54, 92.48, 0.000136799
FILLER_0_30_1813, 844.34, 92.48, 0.000134205
FILLER_0_29_1841, 857.14, 92.48, 0.00013161
FILLER_0_30_1869, 869.94, 92.48, 0.000129015
FILLER_0_29_1897, 882.74, 92.48, 0.00012642
FILLER_0_30_1925, 895.54, 92.48, 0.000123825
FILLER_0_29_1953, 908.34, 92.48, 0.00012123
FILLER_0_30_1981, 921.14, 92.48, 0.000118635
FILLER_0_29_2009, 933.94, 92.48, 0.00011604
FILLER_0_29_2065, 958.57, 92.48, 0.000113446
FILLER_0_30_2093, 970.4, 92.48, 0.000113446
FILLER_0_29_2121, 982.23, 92.48, 0.000113446
PHY_54, 5.52, 87.04, 0.00011618
PHY_56, 5.52, 87.04, 0.00011618
PHY_55, 994.06, 87.04, 0.000115674
PHY_57, 994.06, 87.04, 0.000115674
FILLER_0_27_2141, 994.06, 87.04, 0.000115674
FILLER_0_28_2137, 994.06, 87.04, 0.000115674
FILLER_0_28_77, 37.94, 87.04, 0.000118473
FILLER_0_29_105, 50.74, 87.04, 0.000120766
FILLER_0_28_133, 63.54, 87.04, 0.000123059
FILLER_0_29_161, 76.34, 87.04, 0.000125352
FILLER_0_28_189, 89.14, 87.04, 0.000127644
FILLER_0_29_217, 101.94, 87.04, 0.000129937
FILLER_0_28_245, 114.74, 87.04, 0.00013223
FILLER_0_29_273, 127.54, 87.04, 0.000134523
FILLER_0_28_301, 140.34, 87.04, 0.000136816
FILLER_0_29_329, 153.14, 87.04, 0.000139109
FILLER_0_28_357, 165.94, 87.04, 0.000141402
FILLER_0_28_413, 191.54, 87.04, 0.000145622
FILLER_0_29_441, 204.34, 87.04, 0.00014755
FILLER_0_28_469, 217.14, 87.04, 0.000149477
FILLER_0_29_497, 229.94, 87.04, 0.000151405
FILLER_0_28_525, 242.74, 87.04, 0.000153332
FILLER_0_29_553, 255.54, 87.04, 0.00015526
FILLER_0_28_581, 268.34, 87.04, 0.000157187
FILLER_0_29_609, 281.14, 87.04, 0.000159115
FILLER_0_28_637, 293.94, 87.04, 0.000161042
FILLER_0_29_665, 306.74, 87.04, 0.00016297
FILLER_0_28_693, 319.54, 87.04, 0.000164897
FILLER_0_28_749, 345.14, 87.04, 0.000167751
FILLER_0_29_777, 357.94, 87.04, 0.000168678
FILLER_0_28_805, 370.74, 87.04, 0.000169605
FILLER_0_29_833, 383.54, 87.04, 0.000170531
FILLER_0_28_861, 396.34, 87.04, 0.000171458
FILLER_0_29_889, 409.14, 87.04, 0.000172384
FILLER_0_28_917, 421.94, 87.04, 0.000173311
FILLER_0_29_945, 434.74, 87.04, 0.000174238
FILLER_0_28_973, 447.54, 87.04, 0.000175164
FILLER_0_29_1001, 460.34, 87.04, 0.000176091
FILLER_0_28_1029, 473.14, 87.04, 0.000177017
FILLER_0_28_1085, 498.74, 87.04, 0.00017725
FILLER_0_29_1113, 511.54, 87.04, 0.000176556
FILLER_0_28_1141, 524.34, 87.04, 0.000175862
FILLER_0_29_1169, 537.14, 87.04, 0.000175168
FILLER_0_28_1197, 549.94, 87.04, 0.000174474
FILLER_0_29_1225, 562.74, 87.04, 0.000173781
FILLER_0_28_1253, 575.54, 87.04, 0.000173087
FILLER_0_27_1281, 601.14, 87.04, 0.000171699
FILLER_0_28_1309, 613.94, 87.04, 0.000171005
FILLER_0_27_1337, 626.74, 87.04, 0.000170311
FILLER_0_27_1393, 652.34, 87.04, 0.000167546
FILLER_0_28_1421, 665.14, 87.04, 0.000165474
FILLER_0_27_1449, 677.94, 87.04, 0.000163403
FILLER_0_28_1477, 690.74, 87.04, 0.000161331
FILLER_0_27_1505, 703.54, 87.04, 0.00015926
FILLER_0_28_1533, 716.34, 87.04, 0.000157188
FILLER_0_27_1561, 729.14, 87.04, 0.000155117
FILLER_0_28_1589, 741.94, 87.04, 0.000153046
FILLER_0_27_1617, 754.74, 87.04, 0.000150974
FILLER_0_28_1645, 767.54, 87.04, 0.000148903
FILLER_0_27_1673, 780.34, 87.04, 0.000146831
FILLER_0_27_1729, 805.94, 87.04, 0.000142336
FILLER_0_28_1757, 818.74, 87.04, 0.000139912
FILLER_0_27_1785, 831.54, 87.04, 0.000137488
FILLER_0_28_1813, 844.34, 87.04, 0.000135064
FILLER_0_27_1841, 857.14, 87.04, 0.000132641
FILLER_0_28_1869, 869.94, 87.04, 0.000130217
FILLER_0_27_1897, 882.74, 87.04, 0.000127793
FILLER_0_28_1925, 895.54, 87.04, 0.000125369
FILLER_0_27_1953, 908.34, 87.04, 0.000122945
FILLER_0_28_1981, 921.14, 87.04, 0.000120521
FILLER_0_27_2009, 933.94, 87.04, 0.000118098
FILLER_0_27_2065, 958.57, 87.04, 0.000115674
FILLER_0_28_2093, 970.4, 87.04, 0.000115674
FILLER_0_27_2121, 982.23, 87.04, 0.000115674
PHY_50, 5.52, 81.6, 0.000118255
PHY_52, 5.52, 81.6, 0.000118255
PHY_51, 994.06, 81.6, 0.000117794
PHY_53, 994.06, 81.6, 0.000117794
FILLER_0_25_2141, 994.06, 81.6, 0.000117794
FILLER_0_26_2137, 994.06, 81.6, 0.000117794
FILLER_0_26_77, 37.94, 81.6, 0.000120407
FILLER_0_27_105, 50.74, 81.6, 0.000122558
FILLER_0_26_133, 63.54, 81.6, 0.000124709
FILLER_0_27_161, 76.34, 81.6, 0.00012686
FILLER_0_26_189, 89.14, 81.6, 0.000129011
FILLER_0_27_217, 101.94, 81.6, 0.000131163
FILLER_0_26_245, 114.74, 81.6, 0.000133314
FILLER_0_27_273, 127.54, 81.6, 0.000135465
FILLER_0_26_301, 140.34, 81.6, 0.000137616
FILLER_0_27_329, 153.14, 81.6, 0.000139767
FILLER_0_26_357, 165.94, 81.6, 0.000141919
FILLER_0_26_413, 191.54, 81.6, 0.000145914
FILLER_0_27_441, 204.34, 81.6, 0.000147759
FILLER_0_26_469, 217.14, 81.6, 0.000149603
FILLER_0_27_497, 229.94, 81.6, 0.000151448
FILLER_0_26_525, 242.74, 81.6, 0.000153292
FILLER_0_27_553, 255.54, 81.6, 0.000155137
FILLER_0_26_581, 268.34, 81.6, 0.000156981
FILLER_0_27_609, 281.14, 81.6, 0.000158826
FILLER_0_26_637, 293.94, 81.6, 0.00016067
FILLER_0_27_665, 306.74, 81.6, 0.000162515
FILLER_0_26_693, 319.54, 81.6, 0.000164359
FILLER_0_26_749, 345.14, 81.6, 0.000167082
FILLER_0_27_777, 357.94, 81.6, 0.000167961
FILLER_0_26_805, 370.74, 81.6, 0.000168839
FILLER_0_27_833, 383.54, 81.6, 0.000169718
FILLER_0_26_861, 396.34, 81.6, 0.000170597
FILLER_0_27_889, 409.14, 81.6, 0.000171475
FILLER_0_26_917, 421.94, 81.6, 0.000172354
FILLER_0_27_945, 434.74, 81.6, 0.000173232
FILLER_0_26_973, 447.54, 81.6, 0.000174111
FILLER_0_27_1001, 460.34, 81.6, 0.000174989
FILLER_0_26_1029, 473.14, 81.6, 0.000175868
FILLER_0_26_1085, 498.74, 81.6, 0.000176071
FILLER_0_27_1113, 511.54, 81.6, 0.000175395
FILLER_0_26_1141, 524.34, 81.6, 0.000174719
FILLER_0_27_1169, 537.14, 81.6, 0.000174044
FILLER_0_26_1197, 549.94, 81.6, 0.000173368
FILLER_0_27_1225, 562.74, 81.6, 0.000172692
FILLER_0_26_1253, 575.54, 81.6, 0.000172017
FILLER_0_25_1281, 601.14, 81.6, 0.000170665
FILLER_0_26_1309, 613.94, 81.6, 0.00016999
FILLER_0_25_1337, 626.74, 81.6, 0.000169314
FILLER_0_25_1393, 652.34, 81.6, 0.000166664
FILLER_0_26_1421, 665.14, 81.6, 0.00016469
FILLER_0_25_1449, 677.94, 81.6, 0.000162716
FILLER_0_26_1477, 690.74, 81.6, 0.000160742
FILLER_0_25_1505, 703.54, 81.6, 0.000158768
FILLER_0_26_1533, 716.34, 81.6, 0.000156793
FILLER_0_25_1561, 729.14, 81.6, 0.000154819
FILLER_0_26_1589, 741.94, 81.6, 0.000152845
FILLER_0_25_1617, 754.74, 81.6, 0.000150871
FILLER_0_26_1645, 767.54, 81.6, 0.000148896
FILLER_0_25_1673, 780.34, 81.6, 0.000146922
FILLER_0_25_1729, 805.94, 81.6, 0.000142685
FILLER_0_26_1757, 818.74, 81.6, 0.000140422
FILLER_0_25_1785, 831.54, 81.6, 0.000138159
FILLER_0_26_1813, 844.34, 81.6, 0.000135897
FILLER_0_25_1841, 857.14, 81.6, 0.000133634
FILLER_0_26_1869, 869.94, 81.6, 0.000131371
FILLER_0_25_1897, 882.74, 81.6, 0.000129108
FILLER_0_26_1925, 895.54, 81.6, 0.000126845
FILLER_0_25_1953, 908.34, 81.6, 0.000124582
FILLER_0_26_1981, 921.14, 81.6, 0.000122319
FILLER_0_25_2009, 933.94, 81.6, 0.000120056
FILLER_0_25_2065, 958.57, 81.6, 0.000117794
FILLER_0_26_2093, 970.4, 81.6, 0.000117794
FILLER_0_25_2121, 982.23, 81.6, 0.000117794
PHY_46, 5.52, 76.16, 0.000120235
PHY_48, 5.52, 76.16, 0.000120235
PHY_47, 994.06, 76.16, 0.000119812
PHY_49, 994.06, 76.16, 0.000119812
FILLER_0_23_2141, 994.06, 76.16, 0.000119812
FILLER_0_24_2137, 994.06, 76.16, 0.000119812
FILLER_0_24_77, 37.94, 76.16, 0.000122253
FILLER_0_25_105, 50.74, 76.16, 0.000124272
FILLER_0_24_133, 63.54, 76.16, 0.00012629
FILLER_0_25_161, 76.34, 76.16, 0.000128308
FILLER_0_24_189, 89.14, 76.16, 0.000130327
FILLER_0_25_217, 101.94, 76.16, 0.000132345
FILLER_0_24_245, 114.74, 76.16, 0.000134363
FILLER_0_25_273, 127.54, 76.16, 0.000136382
FILLER_0_24_301, 140.34, 76.16, 0.0001384
FILLER_0_25_329, 153.14, 76.16, 0.000140418
FILLER_0_24_357, 165.94, 76.16, 0.000142437
FILLER_0_24_413, 191.54, 76.16, 0.000146219
FILLER_0_25_441, 204.34, 76.16, 0.000147984
FILLER_0_24_469, 217.14, 76.16, 0.000149748
FILLER_0_25_497, 229.94, 76.16, 0.000151513
FILLER_0_24_525, 242.74, 76.16, 0.000153277
FILLER_0_25_553, 255.54, 76.16, 0.000155042
FILLER_0_24_581, 268.34, 76.16, 0.000156806
FILLER_0_25_609, 281.14, 76.16, 0.000158571
FILLER_0_24_637, 293.94, 76.16, 0.000160335
FILLER_0_25_665, 306.74, 76.16, 0.0001621
FILLER_0_24_693, 319.54, 76.16, 0.000163864
FILLER_0_24_749, 345.14, 76.16, 0.000166461
FILLER_0_25_777, 357.94, 76.16, 0.000167294
FILLER_0_24_805, 370.74, 76.16, 0.000168127
FILLER_0_25_833, 383.54, 76.16, 0.000168959
FILLER_0_24_861, 396.34, 76.16, 0.000169792
FILLER_0_25_889, 409.14, 76.16, 0.000170625
FILLER_0_24_917, 421.94, 76.16, 0.000171457
FILLER_0_25_945, 434.74, 76.16, 0.00017229
FILLER_0_24_973, 447.54, 76.16, 0.000173123
FILLER_0_25_1001, 460.34, 76.16, 0.000173955
FILLER_0_24_1029, 473.14, 76.16, 0.000174788
FILLER_0_24_1085, 498.74, 76.16, 0.000174962
FILLER_0_25_1113, 511.54, 76.16, 0.000174304
FILLER_0_24_1141, 524.34, 76.16, 0.000173645
FILLER_0_25_1169, 537.14, 76.16, 0.000172987
FILLER_0_24_1197, 549.94, 76.16, 0.000172329
FILLER_0_25_1225, 562.74, 76.16, 0.00017167
FILLER_0_24_1253, 575.54, 76.16, 0.000171012
FILLER_0_23_1281, 601.14, 76.16, 0.000169695
FILLER_0_24_1309, 613.94, 76.16, 0.000169037
FILLER_0_23_1337, 626.74, 76.16, 0.000168378
FILLER_0_23_1393, 652.34, 76.16, 0.000165839
FILLER_0_24_1421, 665.14, 76.16, 0.000163957
FILLER_0_23_1449, 677.94, 76.16, 0.000162076
FILLER_0_24_1477, 690.74, 76.16, 0.000160195
FILLER_0_23_1505, 703.54, 76.16, 0.000158314
FILLER_0_24_1533, 716.34, 76.16, 0.000156433
FILLER_0_23_1561, 729.14, 76.16, 0.000154552
FILLER_0_24_1589, 741.94, 76.16, 0.000152671
FILLER_0_23_1617, 754.74, 76.16, 0.000150789
FILLER_0_24_1645, 767.54, 76.16, 0.000148908
FILLER_0_23_1673, 780.34, 76.16, 0.000147027
FILLER_0_23_1729, 805.94, 76.16, 0.000143035
FILLER_0_24_1757, 818.74, 76.16, 0.000140924
FILLER_0_23_1785, 831.54, 76.16, 0.000138813
FILLER_0_24_1813, 844.34, 76.16, 0.000136701
FILLER_0_23_1841, 857.14, 76.16, 0.00013459
FILLER_0_24_1869, 869.94, 76.16, 0.000132479
FILLER_0_23_1897, 882.74, 76.16, 0.000130368
FILLER_0_24_1925, 895.54, 76.16, 0.000128257
FILLER_0_23_1953, 908.34, 76.16, 0.000126146
FILLER_0_24_1981, 921.14, 76.16, 0.000124034
FILLER_0_23_2009, 933.94, 76.16, 0.000121923
FILLER_0_23_2065, 958.57, 76.16, 0.000119812
FILLER_0_24_2093, 970.4, 76.16, 0.000119812
FILLER_0_23_2121, 982.23, 76.16, 0.000119812
PHY_42, 5.52, 70.72, 0.000122124
PHY_44, 5.52, 70.72, 0.000122124
PHY_43, 994.06, 70.72, 0.000121736
PHY_45, 994.06, 70.72, 0.000121736
FILLER_0_21_2141, 994.06, 70.72, 0.000121736
FILLER_0_22_2137, 994.06, 70.72, 0.000121736
FILLER_0_22_77, 37.94, 70.72, 0.000124018
FILLER_0_23_105, 50.74, 70.72, 0.000125911
FILLER_0_22_133, 63.54, 70.72, 0.000127805
FILLER_0_23_161, 76.34, 70.72, 0.000129699
FILLER_0_22_189, 89.14, 70.72, 0.000131592
FILLER_0_23_217, 101.94, 70.72, 0.000133486
FILLER_0_22_245, 114.74, 70.72, 0.00013538
FILLER_0_23_273, 127.54, 70.72, 0.000137273
FILLER_0_22_301, 140.34, 70.72, 0.000139167
FILLER_0_23_329, 153.14, 70.72, 0.000141061
FILLER_0_22_357, 165.94, 70.72, 0.000142954
FILLER_0_22_413, 191.54, 70.72, 0.000146536
FILLER_0_23_441, 204.34, 70.72, 0.000148223
FILLER_0_22_469, 217.14, 70.72, 0.00014991
FILLER_0_23_497, 229.94, 70.72, 0.000151598
FILLER_0_22_525, 242.74, 70.72, 0.000153285
FILLER_0_23_553, 255.54, 70.72, 0.000154973
FILLER_0_22_581, 268.34, 70.72, 0.00015666
FILLER_0_23_609, 281.14, 70.72, 0.000158348
FILLER_0_22_637, 293.94, 70.72, 0.000160035
FILLER_0_23_665, 306.74, 70.72, 0.000161722
FILLER_0_22_693, 319.54, 70.72, 0.00016341
FILLER_0_22_749, 345.14, 70.72, 0.000165886
FILLER_0_23_777, 357.94, 70.72, 0.000166675
FILLER_0_22_805, 370.74, 70.72, 0.000167464
FILLER_0_23_833, 383.54, 70.72, 0.000168253
FILLER_0_22_861, 396.34, 70.72, 0.000169042
FILLER_0_23_889, 409.14, 70.72, 0.000169831
FILLER_0_22_917, 421.94, 70.72, 0.00017062
FILLER_0_23_945, 434.74, 70.72, 0.000171408
FILLER_0_22_973, 447.54, 70.72, 0.000172197
FILLER_0_23_1001, 460.34, 70.72, 0.000172986
FILLER_0_22_1029, 473.14, 70.72, 0.000173775
FILLER_0_22_1085, 498.74, 70.72, 0.000173922
FILLER_0_23_1113, 511.54, 70.72, 0.00017328
FILLER_0_22_1141, 524.34, 70.72, 0.000172637
FILLER_0_23_1169, 537.14, 70.72, 0.000171995
FILLER_0_22_1197, 549.94, 70.72, 0.000171353
FILLER_0_23_1225, 562.74, 70.72, 0.000170711
FILLER_0_22_1253, 575.54, 70.72, 0.000170068
FILLER_0_21_1281, 601.14, 70.72, 0.000168784
FILLER_0_22_1309, 613.94, 70.72, 0.000168142
FILLER_0_21_1337, 626.74, 70.72, 0.000167499
FILLER_0_21_1393, 652.34, 70.72, 0.000165065
FILLER_0_22_1421, 665.14, 70.72, 0.000163273
FILLER_0_21_1449, 677.94, 70.72, 0.000161481
FILLER_0_22_1477, 690.74, 70.72, 0.000159689
FILLER_0_21_1505, 703.54, 70.72, 0.000157897
FILLER_0_22_1533, 716.34, 70.72, 0.000156105
FILLER_0_21_1561, 729.14, 70.72, 0.000154312
FILLER_0_22_1589, 741.94, 70.72, 0.00015252
FILLER_0_21_1617, 754.74, 70.72, 0.000150728
FILLER_0_22_1645, 767.54, 70.72, 0.000148936
FILLER_0_21_1673, 780.34, 70.72, 0.000147144
FILLER_0_21_1729, 805.94, 70.72, 0.000143384
FILLER_0_22_1757, 818.74, 70.72, 0.000141416
FILLER_0_21_1785, 831.54, 70.72, 0.000139448
FILLER_0_22_1813, 844.34, 70.72, 0.00013748
FILLER_0_21_1841, 857.14, 70.72, 0.000135512
FILLER_0_22_1869, 869.94, 70.72, 0.000133544
FILLER_0_21_1897, 882.74, 70.72, 0.000131576
FILLER_0_22_1925, 895.54, 70.72, 0.000129608
FILLER_0_21_1953, 908.34, 70.72, 0.00012764
FILLER_0_22_1981, 921.14, 70.72, 0.000125672
FILLER_0_21_2009, 933.94, 70.72, 0.000123704
FILLER_0_21_2065, 958.57, 70.72, 0.000121736
FILLER_0_22_2093, 970.4, 70.72, 0.000121736
FILLER_0_21_2121, 982.23, 70.72, 0.000121736
PHY_38, 5.52, 65.28, 0.000123928
PHY_40, 5.52, 65.28, 0.000123928
PHY_39, 994.06, 65.28, 0.000123572
PHY_41, 994.06, 65.28, 0.000123572
FILLER_0_19_2141, 994.06, 65.28, 0.000123572
FILLER_0_20_2137, 994.06, 65.28, 0.000123572
FILLER_0_20_77, 37.94, 65.28, 0.000125705
FILLER_0_21_105, 50.74, 65.28, 0.000127481
FILLER_0_20_133, 63.54, 65.28, 0.000129258
FILLER_0_21_161, 76.34, 65.28, 0.000131035
FILLER_0_20_189, 89.14, 65.28, 0.000132811
FILLER_0_21_217, 101.94, 65.28, 0.000134588
FILLER_0_20_245, 114.74, 65.28, 0.000136365
FILLER_0_21_273, 127.54, 65.28, 0.000138141
FILLER_0_20_301, 140.34, 65.28, 0.000139918
FILLER_0_21_329, 153.14, 65.28, 0.000141694
FILLER_0_20_357, 165.94, 65.28, 0.000143471
FILLER_0_20_413, 191.54, 65.28, 0.000146861
FILLER_0_21_441, 204.34, 65.28, 0.000148474
FILLER_0_20_469, 217.14, 65.28, 0.000150088
FILLER_0_21_497, 229.94, 65.28, 0.000151701
FILLER_0_20_525, 242.74, 65.28, 0.000153315
FILLER_0_21_553, 255.54, 65.28, 0.000154928
FILLER_0_20_581, 268.34, 65.28, 0.000156541
FILLER_0_21_609, 281.14, 65.28, 0.000158155
FILLER_0_20_637, 293.94, 65.28, 0.000159768
FILLER_0_21_665, 306.74, 65.28, 0.000161381
FILLER_0_20_693, 319.54, 65.28, 0.000162995
FILLER_0_20_749, 345.14, 65.28, 0.000165355
FILLER_0_21_777, 357.94, 65.28, 0.000166102
FILLER_0_20_805, 370.74, 65.28, 0.00016685
FILLER_0_21_833, 383.54, 65.28, 0.000167597
FILLER_0_20_861, 396.34, 65.28, 0.000168344
FILLER_0_21_889, 409.14, 65.28, 0.000169091
FILLER_0_20_917, 421.94, 65.28, 0.000169838
FILLER_0_21_945, 434.74, 65.28, 0.000170585
FILLER_0_20_973, 447.54, 65.28, 0.000171332
FILLER_0_21_1001, 460.34, 65.28, 0.000172079
FILLER_0_20_1029, 473.14, 65.28, 0.000172826
FILLER_0_20_1085, 498.74, 65.28, 0.000172946
FILLER_0_21_1113, 511.54, 65.28, 0.000172319
FILLER_0_20_1141, 524.34, 65.28, 0.000171692
FILLER_0_21_1169, 537.14, 65.28, 0.000171065
FILLER_0_20_1197, 549.94, 65.28, 0.000170438
FILLER_0_21_1225, 562.74, 65.28, 0.000169811
FILLER_0_20_1253, 575.54, 65.28, 0.000169183
FILLER_0_19_1281, 601.14, 65.28, 0.000167929
FILLER_0_20_1309, 613.94, 65.28, 0.000167302
FILLER_0_19_1337, 626.74, 65.28, 0.000166675
FILLER_0_19_1393, 652.34, 65.28, 0.000164341
FILLER_0_20_1421, 665.14, 65.28, 0.000162633
FILLER_0_19_1449, 677.94, 65.28, 0.000160926
FILLER_0_20_1477, 690.74, 65.28, 0.000159219
FILLER_0_19_1505, 703.54, 65.28, 0.000157512
FILLER_0_20_1533, 716.34, 65.28, 0.000155805
FILLER_0_19_1561, 729.14, 65.28, 0.000154098
FILLER_0_20_1589, 741.94, 65.28, 0.000152391
FILLER_0_19_1617, 754.74, 65.28, 0.000150684
FILLER_0_20_1645, 767.54, 65.28, 0.000148977
FILLER_0_19_1673, 780.34, 65.28, 0.00014727
FILLER_0_19_1729, 805.94, 65.28, 0.00014373
FILLER_0_20_1757, 818.74, 65.28, 0.000141898
FILLER_0_19_1785, 831.54, 65.28, 0.000140065
FILLER_0_20_1813, 844.34, 65.28, 0.000138232
FILLER_0_19_1841, 857.14, 65.28, 0.0001364
FILLER_0_20_1869, 869.94, 65.28, 0.000134567
FILLER_0_19_1897, 882.74, 65.28, 0.000132735
FILLER_0_20_1925, 895.54, 65.28, 0.000130902
FILLER_0_19_1953, 908.34, 65.28, 0.00012907
FILLER_0_20_1981, 921.14, 65.28, 0.000127237
FILLER_0_19_2009, 933.94, 65.28, 0.000125404
FILLER_0_19_2065, 958.57, 65.28, 0.000123572
FILLER_0_20_2093, 970.4, 65.28, 0.000123572
FILLER_0_19_2121, 982.23, 65.28, 0.000123572
PHY_34, 5.52, 59.84, 0.000125653
PHY_36, 5.52, 59.84, 0.000125653
PHY_35, 994.06, 59.84, 0.000125325
PHY_37, 994.06, 59.84, 0.000125325
FILLER_0_17_2141, 994.06, 59.84, 0.000125325
FILLER_0_18_2137, 994.06, 59.84, 0.000125325
FILLER_0_18_77, 37.94, 59.84, 0.000127319
FILLER_0_19_105, 50.74, 59.84, 0.000128986
FILLER_0_18_133, 63.54, 59.84, 0.000130652
FILLER_0_19_161, 76.34, 59.84, 0.000132319
FILLER_0_18_189, 89.14, 59.84, 0.000133986
FILLER_0_19_217, 101.94, 59.84, 0.000135652
FILLER_0_18_245, 114.74, 59.84, 0.000137319
FILLER_0_19_273, 127.54, 59.84, 0.000138986
FILLER_0_18_301, 140.34, 59.84, 0.000140652
FILLER_0_19_329, 153.14, 59.84, 0.000142319
FILLER_0_18_357, 165.94, 59.84, 0.000143985
FILLER_0_18_413, 191.54, 59.84, 0.000147194
FILLER_0_19_441, 204.34, 59.84, 0.000148737
FILLER_0_18_469, 217.14, 59.84, 0.000150279
FILLER_0_19_497, 229.94, 59.84, 0.000151821
FILLER_0_18_525, 242.74, 59.84, 0.000153364
FILLER_0_19_553, 255.54, 59.84, 0.000154906
FILLER_0_18_581, 268.34, 59.84, 0.000156448
FILLER_0_19_609, 281.14, 59.84, 0.00015799
FILLER_0_18_637, 293.94, 59.84, 0.000159533
FILLER_0_19_665, 306.74, 59.84, 0.000161075
FILLER_0_18_693, 319.54, 59.84, 0.000162617
FILLER_0_18_749, 345.14, 59.84, 0.000164867
FILLER_0_19_777, 357.94, 59.84, 0.000165574
FILLER_0_18_805, 370.74, 59.84, 0.000166281
FILLER_0_19_833, 383.54, 59.84, 0.000166989
FILLER_0_18_861, 396.34, 59.84, 0.000167696
FILLER_0_19_889, 409.14, 59.84, 0.000168403
FILLER_0_18_917, 421.94, 59.84, 0.00016911
FILLER_0_19_945, 434.74, 59.84, 0.000169818
FILLER_0_18_973, 447.54, 59.84, 0.000170525
FILLER_0_19_1001, 460.34, 59.84, 0.000171232
FILLER_0_18_1029, 473.14, 59.84, 0.000171939
FILLER_0_18_1085, 498.74, 59.84, 0.000172033
FILLER_0_19_1113, 511.54, 59.84, 0.00017142
FILLER_0_18_1141, 524.34, 59.84, 0.000170807
FILLER_0_19_1169, 537.14, 59.84, 0.000170194
FILLER_0_18_1197, 549.94, 59.84, 0.00016958
FILLER_0_19_1225, 562.74, 59.84, 0.000168967
FILLER_0_18_1253, 575.54, 59.84, 0.000168354
FILLER_0_17_1281, 601.14, 59.84, 0.000167127
FILLER_0_18_1309, 613.94, 59.84, 0.000166514
FILLER_0_17_1337, 626.74, 59.84, 0.000165901
FILLER_0_17_1393, 652.34, 59.84, 0.000163662
FILLER_0_18_1421, 665.14, 59.84, 0.000162036
FILLER_0_17_1449, 677.94, 59.84, 0.00016041
FILLER_0_18_1477, 690.74, 59.84, 0.000158784
FILLER_0_17_1505, 703.54, 59.84, 0.000157158
FILLER_0_18_1533, 716.34, 59.84, 0.000155533
FILLER_0_17_1561, 729.14, 59.84, 0.000153907
FILLER_0_18_1589, 741.94, 59.84, 0.000152281
FILLER_0_17_1617, 754.74, 59.84, 0.000150655
FILLER_0_18_1645, 767.54, 59.84, 0.000149029
FILLER_0_17_1673, 780.34, 59.84, 0.000147403
FILLER_0_17_1729, 805.94, 59.84, 0.000144073
FILLER_0_18_1757, 818.74, 59.84, 0.000142369
FILLER_0_17_1785, 831.54, 59.84, 0.000140664
FILLER_0_18_1813, 844.34, 59.84, 0.00013896
FILLER_0_17_1841, 857.14, 59.84, 0.000137256
FILLER_0_18_1869, 869.94, 59.84, 0.000135551
FILLER_0_17_1897, 882.74, 59.84, 0.000133847
FILLER_0_18_1925, 895.54, 59.84, 0.000132143
FILLER_0_17_1953, 908.34, 59.84, 0.000130438
FILLER_0_18_1981, 921.14, 59.84, 0.000128734
FILLER_0_17_2009, 933.94, 59.84, 0.000127029
FILLER_0_17_2065, 958.57, 59.84, 0.000125325
FILLER_0_18_2093, 970.4, 59.84, 0.000125325
FILLER_0_17_2121, 982.23, 59.84, 0.000125325
PHY_30, 5.52, 54.4, 0.000127302
PHY_32, 5.52, 54.4, 0.000127302
PHY_31, 994.06, 54.4, 0.000127002
PHY_33, 994.06, 54.4, 0.000127002
FILLER_0_15_2141, 994.06, 54.4, 0.000127002
FILLER_0_16_2137, 994.06, 54.4, 0.000127002
FILLER_0_16_77, 37.94, 54.4, 0.000128865
FILLER_0_17_105, 50.74, 54.4, 0.000130428
FILLER_0_16_133, 63.54, 54.4, 0.000131992
FILLER_0_17_161, 76.34, 54.4, 0.000133555
FILLER_0_16_189, 89.14, 54.4, 0.000135118
FILLER_0_17_217, 101.94, 54.4, 0.000136681
FILLER_0_16_245, 114.74, 54.4, 0.000138244
FILLER_0_17_273, 127.54, 54.4, 0.000139807
FILLER_0_16_301, 140.34, 54.4, 0.00014137
FILLER_0_17_329, 153.14, 54.4, 0.000142933
FILLER_0_16_357, 165.94, 54.4, 0.000144496
FILLER_0_16_413, 191.54, 54.4, 0.000147533
FILLER_0_17_441, 204.34, 54.4, 0.000149008
FILLER_0_16_469, 217.14, 54.4, 0.000150482
FILLER_0_17_497, 229.94, 54.4, 0.000151956
FILLER_0_16_525, 242.74, 54.4, 0.000153431
FILLER_0_17_553, 255.54, 54.4, 0.000154905
FILLER_0_16_581, 268.34, 54.4, 0.000156379
FILLER_0_17_609, 281.14, 54.4, 0.000157853
FILLER_0_16_637, 293.94, 54.4, 0.000159328
FILLER_0_17_665, 306.74, 54.4, 0.000160802
FILLER_0_16_693, 319.54, 54.4, 0.000162276
FILLER_0_16_749, 345.14, 54.4, 0.00016442
FILLER_0_17_777, 357.94, 54.4, 0.000165089
FILLER_0_16_805, 370.74, 54.4, 0.000165758
FILLER_0_17_833, 383.54, 54.4, 0.000166427
FILLER_0_16_861, 396.34, 54.4, 0.000167096
FILLER_0_17_889, 409.14, 54.4, 0.000167766
FILLER_0_16_917, 421.94, 54.4, 0.000168435
FILLER_0_17_945, 434.74, 54.4, 0.000169104
FILLER_0_16_973, 447.54, 54.4, 0.000169773
FILLER_0_17_1001, 460.34, 54.4, 0.000170442
FILLER_0_16_1029, 473.14, 54.4, 0.000171111
FILLER_0_16_1085, 498.74, 54.4, 0.00017118
FILLER_0_17_1113, 511.54, 54.4, 0.000170579
FILLER_0_16_1141, 524.34, 54.4, 0.000169979
FILLER_0_17_1169, 537.14, 54.4, 0.000169379
FILLER_0_16_1197, 549.94, 54.4, 0.000168778
FILLER_0_17_1225, 562.74, 54.4, 0.000168177
FILLER_0_16_1253, 575.54, 54.4, 0.000167577
FILLER_0_15_1281, 601.14, 54.4, 0.000166376
FILLER_0_16_1309, 613.94, 54.4, 0.000165775
FILLER_0_15_1337, 626.74, 54.4, 0.000165175
FILLER_0_15_1393, 652.34, 54.4, 0.000163026
FILLER_0_16_1421, 665.14, 54.4, 0.000161477
FILLER_0_15_1449, 677.94, 54.4, 0.000159929
FILLER_0_16_1477, 690.74, 54.4, 0.000158381
FILLER_0_15_1505, 703.54, 54.4, 0.000156832
FILLER_0_16_1533, 716.34, 54.4, 0.000155284
FILLER_0_15_1561, 729.14, 54.4, 0.000153735
FILLER_0_16_1589, 741.94, 54.4, 0.000152187
FILLER_0_15_1617, 754.74, 54.4, 0.000150639
FILLER_0_16_1645, 767.54, 54.4, 0.00014909
FILLER_0_15_1673, 780.34, 54.4, 0.000147542
FILLER_0_15_1729, 805.94, 54.4, 0.000144411
FILLER_0_16_1757, 818.74, 54.4, 0.000142828
FILLER_0_15_1785, 831.54, 54.4, 0.000141245
FILLER_0_16_1813, 844.34, 54.4, 0.000139663
FILLER_0_15_1841, 857.14, 54.4, 0.00013808
FILLER_0_16_1869, 869.94, 54.4, 0.000136498
FILLER_0_15_1897, 882.74, 54.4, 0.000134915
FILLER_0_16_1925, 895.54, 54.4, 0.000133332
FILLER_0_15_1953, 908.34, 54.4, 0.00013175
FILLER_0_16_1981, 921.14, 54.4, 0.000130167
FILLER_0_15_2009, 933.94, 54.4, 0.000128584
FILLER_0_15_2065, 958.57, 54.4, 0.000127002
FILLER_0_16_2093, 970.4, 54.4, 0.000127002
FILLER_0_15_2121, 982.23, 54.4, 0.000127002
PHY_26, 5.52, 48.96, 0.000128882
PHY_28, 5.52, 48.96, 0.000128882
PHY_27, 994.06, 48.96, 0.000128608
PHY_29, 994.06, 48.96, 0.000128608
FILLER_0_13_2141, 994.06, 48.96, 0.000128608
FILLER_0_14_2137, 994.06, 48.96, 0.000128608
FILLER_0_14_77, 37.94, 48.96, 0.000130347
FILLER_0_15_105, 50.74, 48.96, 0.000131813
FILLER_0_14_133, 63.54, 48.96, 0.000133279
FILLER_0_15_161, 76.34, 48.96, 0.000134744
FILLER_0_14_189, 89.14, 48.96, 0.00013621
FILLER_0_15_217, 101.94, 48.96, 0.000137675
FILLER_0_14_245, 114.74, 48.96, 0.000139141
FILLER_0_15_273, 127.54, 48.96, 0.000140606
FILLER_0_14_301, 140.34, 48.96, 0.000142072
FILLER_0_15_329, 153.14, 48.96, 0.000143537
FILLER_0_14_357, 165.94, 48.96, 0.000145003
FILLER_0_14_413, 191.54, 48.96, 0.000147878
FILLER_0_15_441, 204.34, 48.96, 0.000149287
FILLER_0_14_469, 217.14, 48.96, 0.000150696
FILLER_0_15_497, 229.94, 48.96, 0.000152105
FILLER_0_14_525, 242.74, 48.96, 0.000153515
FILLER_0_15_553, 255.54, 48.96, 0.000154924
FILLER_0_14_581, 268.34, 48.96, 0.000156333
FILLER_0_15_609, 281.14, 48.96, 0.000157742
FILLER_0_14_637, 293.94, 48.96, 0.000159151
FILLER_0_15_665, 306.74, 48.96, 0.00016056
FILLER_0_14_693, 319.54, 48.96, 0.00016197
FILLER_0_14_749, 345.14, 48.96, 0.000164012
FILLER_0_15_777, 357.94, 48.96, 0.000164644
FILLER_0_14_805, 370.74, 48.96, 0.000165277
FILLER_0_15_833, 383.54, 48.96, 0.00016591
FILLER_0_14_861, 396.34, 48.96, 0.000166543
FILLER_0_15_889, 409.14, 48.96, 0.000167176
FILLER_0_14_917, 421.94, 48.96, 0.000167809
FILLER_0_15_945, 434.74, 48.96, 0.000168442
FILLER_0_14_973, 447.54, 48.96, 0.000169074
FILLER_0_15_1001, 460.34, 48.96, 0.000169707
FILLER_0_14_1029, 473.14, 48.96, 0.00017034
FILLER_0_14_1085, 498.74, 48.96, 0.000170384
FILLER_0_15_1113, 511.54, 48.96, 0.000169795
FILLER_0_14_1141, 524.34, 48.96, 0.000169206
FILLER_0_15_1169, 537.14, 48.96, 0.000168617
FILLER_0_14_1197, 549.94, 48.96, 0.000168028
FILLER_0_15_1225, 562.74, 48.96, 0.000167439
FILLER_0_14_1253, 575.54, 48.96, 0.00016685
FILLER_0_13_1281, 601.14, 48.96, 0.000165672
FILLER_0_14_1309, 613.94, 48.96, 0.000165083
FILLER_0_13_1337, 626.74, 48.96, 0.000164493
FILLER_0_13_1393, 652.34, 48.96, 0.00016243
FILLER_0_14_1421, 665.14, 48.96, 0.000160955
FILLER_0_13_1449, 677.94, 48.96, 0.000159481
FILLER_0_14_1477, 690.74, 48.96, 0.000158006
FILLER_0_13_1505, 703.54, 48.96, 0.000156532
FILLER_0_14_1533, 716.34, 48.96, 0.000155057
FILLER_0_13_1561, 729.14, 48.96, 0.000153582
FILLER_0_14_1589, 741.94, 48.96, 0.000152108
FILLER_0_13_1617, 754.74, 48.96, 0.000150633
FILLER_0_14_1645, 767.54, 48.96, 0.000149158
FILLER_0_13_1673, 780.34, 48.96, 0.000147684
FILLER_0_13_1729, 805.94, 48.96, 0.000144742
FILLER_0_14_1757, 818.74, 48.96, 0.000143276
FILLER_0_13_1785, 831.54, 48.96, 0.000141809
FILLER_0_14_1813, 844.34, 48.96, 0.000140342
FILLER_0_13_1841, 857.14, 48.96, 0.000138875
FILLER_0_14_1869, 869.94, 48.96, 0.000137408
FILLER_0_13_1897, 882.74, 48.96, 0.000135942
FILLER_0_14_1925, 895.54, 48.96, 0.000134475
FILLER_0_13_1953, 908.34, 48.96, 0.000133008
FILLER_0_14_1981, 921.14, 48.96, 0.000131541
FILLER_0_13_2009, 933.94, 48.96, 0.000130074
FILLER_0_13_2065, 958.57, 48.96, 0.000128607
FILLER_0_14_2093, 970.4, 48.96, 0.000128607
FILLER_0_13_2121, 982.23, 48.96, 0.000128608
PHY_22, 5.52, 43.52, 0.000130395
PHY_24, 5.52, 43.52, 0.000130395
PHY_23, 994.06, 43.52, 0.000130147
PHY_25, 994.06, 43.52, 0.000130147
FILLER_0_11_2141, 994.06, 43.52, 0.000130147
FILLER_0_12_2137, 994.06, 43.52, 0.000130147
FILLER_0_12_77, 37.94, 43.52, 0.000131769
FILLER_0_13_105, 50.74, 43.52, 0.000133143
FILLER_0_12_133, 63.54, 43.52, 0.000134516
FILLER_0_13_161, 76.34, 43.52, 0.00013589
FILLER_0_12_189, 89.14, 43.52, 0.000137263
FILLER_0_13_217, 101.94, 43.52, 0.000138637
FILLER_0_12_245, 114.74, 43.52, 0.000140011
FILLER_0_13_273, 127.54, 43.52, 0.000141384
FILLER_0_12_301, 140.34, 43.52, 0.000142758
FILLER_0_13_329, 153.14, 43.52, 0.000144131
FILLER_0_12_357, 165.94, 43.52, 0.000145505
FILLER_0_12_413, 191.54, 43.52, 0.000148226
FILLER_0_13_441, 204.34, 43.52, 0.000149573
FILLER_0_12_469, 217.14, 43.52, 0.00015092
FILLER_0_13_497, 229.94, 43.52, 0.000152267
FILLER_0_12_525, 242.74, 43.52, 0.000153614
FILLER_0_13_553, 255.54, 43.52, 0.000154961
FILLER_0_12_581, 268.34, 43.52, 0.000156308
FILLER_0_13_609, 281.14, 43.52, 0.000157655
FILLER_0_12_637, 293.94, 43.52, 0.000159002
FILLER_0_13_665, 306.74, 43.52, 0.000160349
FILLER_0_12_693, 319.54, 43.52, 0.000161696
FILLER_0_12_749, 345.14, 43.52, 0.000163641
FILLER_0_13_777, 357.94, 43.52, 0.00016424
FILLER_0_12_805, 370.74, 43.52, 0.000164838
FILLER_0_13_833, 383.54, 43.52, 0.000165436
FILLER_0_12_861, 396.34, 43.52, 0.000166034
FILLER_0_13_889, 409.14, 43.52, 0.000166633
FILLER_0_12_917, 421.94, 43.52, 0.000167231
FILLER_0_13_945, 434.74, 43.52, 0.000167829
FILLER_0_12_973, 447.54, 43.52, 0.000168427
FILLER_0_13_1001, 460.34, 43.52, 0.000169025
FILLER_0_12_1029, 473.14, 43.52, 0.000169623
FILLER_0_12_1085, 498.74, 43.52, 0.000169643
FILLER_0_13_1113, 511.54, 43.52, 0.000169064
FILLER_0_12_1141, 524.34, 43.52, 0.000168485
FILLER_0_13_1169, 537.14, 43.52, 0.000167906
FILLER_0_12_1197, 549.94, 43.52, 0.000167327
FILLER_0_13_1225, 562.74, 43.52, 0.000166749
FILLER_0_12_1253, 575.54, 43.52, 0.00016617
FILLER_0_11_1281, 601.14, 43.52, 0.000165012
FILLER_0_12_1309, 613.94, 43.52, 0.000164433
FILLER_0_11_1337, 626.74, 43.52, 0.000163854
FILLER_0_11_1393, 652.34, 43.52, 0.000161871
FILLER_0_12_1421, 665.14, 43.52, 0.000160467
FILLER_0_11_1449, 677.94, 43.52, 0.000159062
FILLER_0_12_1477, 690.74, 43.52, 0.000157658
FILLER_0_11_1505, 703.54, 43.52, 0.000156254
FILLER_0_12_1533, 716.34, 43.52, 0.000154849
FILLER_0_11_1561, 729.14, 43.52, 0.000153445
FILLER_0_12_1589, 741.94, 43.52, 0.000152041
FILLER_0_11_1617, 754.74, 43.52, 0.000150636
FILLER_0_12_1645, 767.54, 43.52, 0.000149232
FILLER_0_11_1673, 780.34, 43.52, 0.000147828
FILLER_0_11_1729, 805.94, 43.52, 0.000145067
FILLER_0_12_1757, 818.74, 43.52, 0.000143711
FILLER_0_11_1785, 831.54, 43.52, 0.000142354
FILLER_0_12_1813, 844.34, 43.52, 0.000140998
FILLER_0_11_1841, 857.14, 43.52, 0.000139642
FILLER_0_12_1869, 869.94, 43.52, 0.000138285
FILLER_0_11_1897, 882.74, 43.52, 0.000136929
FILLER_0_12_1925, 895.54, 43.52, 0.000135572
FILLER_0_11_1953, 908.34, 43.52, 0.000134216
FILLER_0_12_1981, 921.14, 43.52, 0.00013286
FILLER_0_11_2009, 933.94, 43.52, 0.000131503
FILLER_0_11_2065, 958.57, 43.52, 0.000130147
FILLER_0_12_2093, 970.4, 43.52, 0.000130147
FILLER_0_11_2121, 982.23, 43.52, 0.000130147
PHY_18, 5.52, 38.08, 0.000131847
PHY_20, 5.52, 38.08, 0.000131847
PHY_19, 994.06, 38.08, 0.000131625
PHY_21, 994.06, 38.08, 0.000131625
FILLER_0_9_2141, 994.06, 38.08, 0.000131625
FILLER_0_10_2137, 994.06, 38.08, 0.000131625
FILLER_0_10_77, 37.94, 38.08, 0.000133134
FILLER_0_11_105, 50.74, 38.08, 0.000134421
FILLER_0_10_133, 63.54, 38.08, 0.000135707
FILLER_0_11_161, 76.34, 38.08, 0.000136994
FILLER_0_10_189, 89.14, 38.08, 0.000138281
FILLER_0_11_217, 101.94, 38.08, 0.000139568
FILLER_0_10_245, 114.74, 38.08, 0.000140854
FILLER_0_11_273, 127.54, 38.08, 0.000142141
FILLER_0_10_301, 140.34, 38.08, 0.000143428
FILLER_0_11_329, 153.14, 38.08, 0.000144714
FILLER_0_10_357, 165.94, 38.08, 0.000146001
FILLER_0_10_413, 191.54, 38.08, 0.000148576
FILLER_0_11_441, 204.34, 38.08, 0.000149864
FILLER_0_10_469, 217.14, 38.08, 0.000151152
FILLER_0_11_497, 229.94, 38.08, 0.00015244
FILLER_0_10_525, 242.74, 38.08, 0.000153728
FILLER_0_11_553, 255.54, 38.08, 0.000155015
FILLER_0_10_581, 268.34, 38.08, 0.000156303
FILLER_0_11_609, 281.14, 38.08, 0.000157591
FILLER_0_10_637, 293.94, 38.08, 0.000158879
FILLER_0_11_665, 306.74, 38.08, 0.000160167
FILLER_0_10_693, 319.54, 38.08, 0.000161455
FILLER_0_10_749, 345.14, 38.08, 0.000163308
FILLER_0_11_777, 357.94, 38.08, 0.000163873
FILLER_0_10_805, 370.74, 38.08, 0.000164438
FILLER_0_11_833, 383.54, 38.08, 0.000165003
FILLER_0_10_861, 396.34, 38.08, 0.000165569
FILLER_0_11_889, 409.14, 38.08, 0.000166134
FILLER_0_10_917, 421.94, 38.08, 0.000166699
FILLER_0_11_945, 434.74, 38.08, 0.000167264
FILLER_0_10_973, 447.54, 38.08, 0.000167829
FILLER_0_11_1001, 460.34, 38.08, 0.000168394
FILLER_0_10_1029, 473.14, 38.08, 0.000168959
FILLER_0_10_1085, 498.74, 38.08, 0.000168955
FILLER_0_11_1113, 511.54, 38.08, 0.000168385
FILLER_0_10_1141, 524.34, 38.08, 0.000167815
FILLER_0_11_1169, 537.14, 38.08, 0.000167245
FILLER_0_10_1197, 549.94, 38.08, 0.000166674
FILLER_0_11_1225, 562.74, 38.08, 0.000166104
FILLER_0_10_1253, 575.54, 38.08, 0.000165534
FILLER_0_9_1281, 601.14, 38.08, 0.000164394
FILLER_0_10_1309, 613.94, 38.08, 0.000163824
FILLER_0_9_1337, 626.74, 38.08, 0.000163254
FILLER_0_9_1393, 652.34, 38.08, 0.000161347
FILLER_0_10_1421, 665.14, 38.08, 0.000160009
FILLER_0_9_1449, 677.94, 38.08, 0.000158672
FILLER_0_10_1477, 690.74, 38.08, 0.000157334
FILLER_0_9_1505, 703.54, 38.08, 0.000155997
FILLER_0_10_1533, 716.34, 38.08, 0.000154659
FILLER_0_9_1561, 729.14, 38.08, 0.000153322
FILLER_0_10_1589, 741.94, 38.08, 0.000151984
FILLER_0_9_1617, 754.74, 38.08, 0.000150647
FILLER_0_10_1645, 767.54, 38.08, 0.000149309
FILLER_0_9_1673, 780.34, 38.08, 0.000147972
FILLER_0_9_1729, 805.94, 38.08, 0.000145383
FILLER_0_10_1757, 818.74, 38.08, 0.000144133
FILLER_0_9_1785, 831.54, 38.08, 0.000142882
FILLER_0_10_1813, 844.34, 38.08, 0.000141631
FILLER_0_9_1841, 857.14, 38.08, 0.00014038
FILLER_0_10_1869, 869.94, 38.08, 0.00013913
FILLER_0_9_1897, 882.74, 38.08, 0.000137879
FILLER_0_10_1925, 895.54, 38.08, 0.000136628
FILLER_0_9_1953, 908.34, 38.08, 0.000135377
FILLER_0_10_1981, 921.14, 38.08, 0.000134127
FILLER_0_9_2009, 933.94, 38.08, 0.000132876
FILLER_0_9_2065, 958.57, 38.08, 0.000131625
FILLER_0_10_2093, 970.4, 38.08, 0.000131625
FILLER_0_9_2121, 982.23, 38.08, 0.000131625
PHY_14, 5.52, 32.64, 0.000133241
PHY_16, 5.52, 32.64, 0.000133241
PHY_15, 994.06, 32.64, 0.000133047
PHY_17, 994.06, 32.64, 0.000133047
FILLER_0_7_2141, 994.06, 32.64, 0.000133047
FILLER_0_8_2137, 994.06, 32.64, 0.000133047
FILLER_0_8_77, 37.94, 32.64, 0.000134445
FILLER_0_9_105, 50.74, 32.64, 0.00013565
FILLER_0_8_133, 63.54, 32.64, 0.000136855
FILLER_0_9_161, 76.34, 32.64, 0.000138059
FILLER_0_8_189, 89.14, 32.64, 0.000139264
FILLER_0_9_217, 101.94, 32.64, 0.000140468
FILLER_0_8_245, 114.74, 32.64, 0.000141673
FILLER_0_9_273, 127.54, 32.64, 0.000142878
FILLER_0_8_301, 140.34, 32.64, 0.000144082
FILLER_0_9_329, 153.14, 32.64, 0.000145287
FILLER_0_8_357, 165.94, 32.64, 0.000146491
FILLER_0_8_413, 191.54, 32.64, 0.000148928
FILLER_0_9_441, 204.34, 32.64, 0.000150159
FILLER_0_8_469, 217.14, 32.64, 0.000151391
FILLER_0_9_497, 229.94, 32.64, 0.000152623
FILLER_0_8_525, 242.74, 32.64, 0.000153854
FILLER_0_9_553, 255.54, 32.64, 0.000155086
FILLER_0_8_581, 268.34, 32.64, 0.000156318
FILLER_0_9_609, 281.14, 32.64, 0.000157549
FILLER_0_8_637, 293.94, 32.64, 0.000158781
FILLER_0_9_665, 306.74, 32.64, 0.000160012
FILLER_0_8_693, 319.54, 32.64, 0.000161244
FILLER_0_8_749, 345.14, 32.64, 0.000163009
FILLER_0_9_777, 357.94, 32.64, 0.000163543
FILLER_0_8_805, 370.74, 32.64, 0.000164077
FILLER_0_9_833, 383.54, 32.64, 0.00016461
FILLER_0_8_861, 396.34, 32.64, 0.000165144
FILLER_0_9_889, 409.14, 32.64, 0.000165678
FILLER_0_8_917, 421.94, 32.64, 0.000166211
FILLER_0_9_945, 434.74, 32.64, 0.000166745
FILLER_0_8_973, 447.54, 32.64, 0.000167279
FILLER_0_9_1001, 460.34, 32.64, 0.000167812
FILLER_0_8_1029, 473.14, 32.64, 0.000168346
FILLER_0_8_1085, 498.74, 32.64, 0.000168317
FILLER_0_9_1113, 511.54, 32.64, 0.000167754
FILLER_0_8_1141, 524.34, 32.64, 0.000167192
FILLER_0_9_1169, 537.14, 32.64, 0.000166629
FILLER_0_8_1197, 549.94, 32.64, 0.000166067
FILLER_0_9_1225, 562.74, 32.64, 0.000165504
FILLER_0_8_1253, 575.54, 32.64, 0.000164941
FILLER_0_7_1281, 601.14, 32.64, 0.000163816
FILLER_0_8_1309, 613.94, 32.64, 0.000163253
FILLER_0_7_1337, 626.74, 32.64, 0.000162691
FILLER_0_7_1393, 652.34, 32.64, 0.000160854
FILLER_0_8_1421, 665.14, 32.64, 0.00015958
FILLER_0_7_1449, 677.94, 32.64, 0.000158306
FILLER_0_8_1477, 690.74, 32.64, 0.000157032
FILLER_0_7_1505, 703.54, 32.64, 0.000155758
FILLER_0_8_1533, 716.34, 32.64, 0.000154484
FILLER_0_7_1561, 729.14, 32.64, 0.00015321
FILLER_0_8_1589, 741.94, 32.64, 0.000151936
FILLER_0_7_1617, 754.74, 32.64, 0.000150662
FILLER_0_8_1645, 767.54, 32.64, 0.000149388
FILLER_0_7_1673, 780.34, 32.64, 0.000148114
FILLER_0_7_1729, 805.94, 32.64, 0.00014569
FILLER_0_8_1757, 818.74, 32.64, 0.000144541
FILLER_0_7_1785, 831.54, 32.64, 0.000143392
FILLER_0_8_1813, 844.34, 32.64, 0.000142242
FILLER_0_7_1841, 857.14, 32.64, 0.000141093
FILLER_0_8_1869, 869.94, 32.64, 0.000139943
FILLER_0_7_1897, 882.74, 32.64, 0.000138794
FILLER_0_8_1925, 895.54, 32.64, 0.000137644
FILLER_0_7_1953, 908.34, 32.64, 0.000136495
FILLER_0_8_1981, 921.14, 32.64, 0.000135345
FILLER_0_7_2009, 933.94, 32.64, 0.000134196
FILLER_0_7_2065, 958.57, 32.64, 0.000133047
FILLER_0_8_2093, 970.4, 32.64, 0.000133047
FILLER_0_7_2121, 982.23, 32.64, 0.000133047
PHY_10, 5.52, 27.2, 0.000134092
PHY_12, 5.52, 27.2, 0.000134092
PHY_11, 994.06, 27.2, 0.000133949
PHY_13, 994.06, 27.2, 0.000133949
FILLER_0_5_2141, 994.06, 27.2, 0.000133949
FILLER_0_6_2137, 994.06, 27.2, 0.000133949
FILLER_0_6_77, 37.94, 27.2, 0.000135257
FILLER_0_7_105, 50.74, 27.2, 0.000136421
FILLER_0_6_133, 63.54, 27.2, 0.000137586
FILLER_0_7_161, 76.34, 27.2, 0.000138751
FILLER_0_6_189, 89.14, 27.2, 0.000139915
FILLER_0_7_217, 101.94, 27.2, 0.00014108
FILLER_0_6_245, 114.74, 27.2, 0.000142245
FILLER_0_7_273, 127.54, 27.2, 0.00014341
FILLER_0_6_301, 140.34, 27.2, 0.000144574
FILLER_0_7_329, 153.14, 27.2, 0.000145739
FILLER_0_6_357, 165.94, 27.2, 0.000146904
FILLER_0_6_413, 191.54, 27.2, 0.000149274
FILLER_0_7_441, 204.34, 27.2, 0.00015048
FILLER_0_6_469, 217.14, 27.2, 0.000151686
FILLER_0_7_497, 229.94, 27.2, 0.000152892
FILLER_0_6_525, 242.74, 27.2, 0.000154098
FILLER_0_7_553, 255.54, 27.2, 0.000155304
FILLER_0_6_581, 268.34, 27.2, 0.00015651
FILLER_0_7_609, 281.14, 27.2, 0.000157716
FILLER_0_6_637, 293.94, 27.2, 0.000158922
FILLER_0_7_665, 306.74, 27.2, 0.000160128
FILLER_0_6_693, 319.54, 27.2, 0.000161334
FILLER_0_6_749, 345.14, 27.2, 0.000163057
FILLER_0_7_777, 357.94, 27.2, 0.000163574
FILLER_0_6_805, 370.74, 27.2, 0.000164092
FILLER_0_7_833, 383.54, 27.2, 0.000164609
FILLER_0_6_861, 396.34, 27.2, 0.000165126
FILLER_0_7_889, 409.14, 27.2, 0.000165643
FILLER_0_6_917, 421.94, 27.2, 0.000166161
FILLER_0_7_945, 434.74, 27.2, 0.000166678
FILLER_0_6_973, 447.54, 27.2, 0.000167195
FILLER_0_7_1001, 460.34, 27.2, 0.000167712
FILLER_0_6_1029, 473.14, 27.2, 0.000168229
FILLER_0_6_1085, 498.74, 27.2, 0.000168176
FILLER_0_7_1113, 511.54, 27.2, 0.000167606
FILLER_0_6_1141, 524.34, 27.2, 0.000167035
FILLER_0_7_1169, 537.14, 27.2, 0.000166465
FILLER_0_6_1197, 549.94, 27.2, 0.000165894
FILLER_0_7_1225, 562.74, 27.2, 0.000165324
FILLER_0_6_1253, 575.54, 27.2, 0.000164754
FILLER_0_5_1281, 601.14, 27.2, 0.000163613
FILLER_0_6_1309, 613.94, 27.2, 0.000163042
FILLER_0_5_1337, 626.74, 27.2, 0.000162472
FILLER_0_5_1393, 652.34, 27.2, 0.000160657
FILLER_0_6_1421, 665.14, 27.2, 0.000159413
FILLER_0_5_1449, 677.94, 27.2, 0.000158169
FILLER_0_6_1477, 690.74, 27.2, 0.000156925
FILLER_0_5_1505, 703.54, 27.2, 0.00015568
FILLER_0_6_1533, 716.34, 27.2, 0.000154436
FILLER_0_5_1561, 729.14, 27.2, 0.000153192
FILLER_0_6_1589, 741.94, 27.2, 0.000151948
FILLER_0_5_1617, 754.74, 27.2, 0.000150703
FILLER_0_6_1645, 767.54, 27.2, 0.000149459
FILLER_0_5_1673, 780.34, 27.2, 0.000148215
FILLER_0_5_1729, 805.94, 27.2, 0.000145885
FILLER_0_6_1757, 818.74, 27.2, 0.0001448
FILLER_0_5_1785, 831.54, 27.2, 0.000143715
FILLER_0_6_1813, 844.34, 27.2, 0.00014263
FILLER_0_5_1841, 857.14, 27.2, 0.000141545
FILLER_0_6_1869, 869.94, 27.2, 0.00014046
FILLER_0_5_1897, 882.74, 27.2, 0.000139375
FILLER_0_6_1925, 895.54, 27.2, 0.00013829
FILLER_0_5_1953, 908.34, 27.2, 0.000137204
FILLER_0_6_1981, 921.14, 27.2, 0.000136119
FILLER_0_5_2009, 933.94, 27.2, 0.000135034
FILLER_0_5_2065, 958.57, 27.2, 0.000133949
FILLER_0_6_2093, 970.4, 27.2, 0.000133949
FILLER_0_5_2121, 982.23, 27.2, 0.000133949
PHY_6, 5.52, 21.76, 0.000134647
PHY_8, 5.52, 21.76, 0.000134647
PHY_7, 994.06, 21.76, 0.000134569
PHY_9, 994.06, 21.76, 0.000134569
FILLER_0_3_2141, 994.06, 21.76, 0.000134569
FILLER_0_4_2137, 994.06, 21.76, 0.000134569
FILLER_0_4_77, 37.94, 21.76, 0.000135795
FILLER_0_5_105, 50.74, 21.76, 0.000136943
FILLER_0_4_133, 63.54, 21.76, 0.000138091
FILLER_0_5_161, 76.34, 21.76, 0.000139238
FILLER_0_4_189, 89.14, 21.76, 0.000140386
FILLER_0_5_217, 101.94, 21.76, 0.000141534
FILLER_0_4_245, 114.74, 21.76, 0.000142682
FILLER_0_5_273, 127.54, 21.76, 0.00014383
FILLER_0_4_301, 140.34, 21.76, 0.000144977
FILLER_0_5_329, 153.14, 21.76, 0.000146125
FILLER_0_4_357, 165.94, 21.76, 0.000147273
FILLER_0_4_413, 191.54, 21.76, 0.000149618
FILLER_0_5_441, 204.34, 21.76, 0.000150815
FILLER_0_4_469, 217.14, 21.76, 0.000152012
FILLER_0_5_497, 229.94, 21.76, 0.000153209
FILLER_0_4_525, 242.74, 21.76, 0.000154406
FILLER_0_5_553, 255.54, 21.76, 0.000155603
FILLER_0_4_581, 268.34, 21.76, 0.0001568
FILLER_0_5_609, 281.14, 21.76, 0.000157997
FILLER_0_4_637, 293.94, 21.76, 0.000159195
FILLER_0_5_665, 306.74, 21.76, 0.000160392
FILLER_0_4_693, 319.54, 21.76, 0.000161589
FILLER_0_4_749, 345.14, 21.76, 0.000163295
FILLER_0_5_777, 357.94, 21.76, 0.000163804
FILLER_0_4_805, 370.74, 21.76, 0.000164313
FILLER_0_5_833, 383.54, 21.76, 0.000164822
FILLER_0_4_861, 396.34, 21.76, 0.000165331
FILLER_0_5_889, 409.14, 21.76, 0.000165839
FILLER_0_4_917, 421.94, 21.76, 0.000166348
FILLER_0_5_945, 434.74, 21.76, 0.000166857
FILLER_0_4_973, 447.54, 21.76, 0.000167366
FILLER_0_5_1001, 460.34, 21.76, 0.000167875
FILLER_0_4_1029, 473.14, 21.76, 0.000168384
FILLER_0_4_1085, 498.74, 21.76, 0.000168306
FILLER_0_5_1113, 511.54, 21.76, 0.00016772
FILLER_0_4_1141, 524.34, 21.76, 0.000167133
FILLER_0_5_1169, 537.14, 21.76, 0.000166547
FILLER_0_4_1197, 549.94, 21.76, 0.00016596
FILLER_0_5_1225, 562.74, 21.76, 0.000165373
FILLER_0_4_1253, 575.54, 21.76, 0.000164787
FILLER_0_3_1281, 601.14, 21.76, 0.000163613
FILLER_0_4_1309, 613.94, 21.76, 0.000163027
FILLER_0_3_1337, 626.74, 21.76, 0.00016244
FILLER_0_3_1393, 652.34, 21.76, 0.000160621
FILLER_0_4_1421, 665.14, 21.76, 0.000159388
FILLER_0_3_1449, 677.94, 21.76, 0.000158155
FILLER_0_4_1477, 690.74, 21.76, 0.000156922
FILLER_0_3_1505, 703.54, 21.76, 0.000155689
FILLER_0_4_1533, 716.34, 21.76, 0.000154457
FILLER_0_3_1561, 729.14, 21.76, 0.000153224
FILLER_0_4_1589, 741.94, 21.76, 0.000151991
FILLER_0_3_1617, 754.74, 21.76, 0.000150758
FILLER_0_4_1645, 767.54, 21.76, 0.000149525
FILLER_0_3_1673, 780.34, 21.76, 0.000148292
FILLER_0_3_1729, 805.94, 21.76, 0.000146018
FILLER_0_4_1757, 818.74, 21.76, 0.000144978
FILLER_0_3_1785, 831.54, 21.76, 0.000143937
FILLER_0_4_1813, 844.34, 21.76, 0.000142896
FILLER_0_3_1841, 857.14, 21.76, 0.000141855
FILLER_0_4_1869, 869.94, 21.76, 0.000140814
FILLER_0_3_1897, 882.74, 21.76, 0.000139773
FILLER_0_4_1925, 895.54, 21.76, 0.000138733
FILLER_0_3_1953, 908.34, 21.76, 0.000137692
FILLER_0_4_1981, 921.14, 21.76, 0.000136651
FILLER_0_3_2009, 933.94, 21.76, 0.00013561
FILLER_0_3_2065, 958.57, 21.76, 0.000134569
FILLER_0_4_2093, 970.4, 21.76, 0.000134569
FILLER_0_3_2121, 982.23, 21.76, 0.000134569
PHY_2, 5.52, 16.32, 0.00013515
PHY_4, 5.52, 16.32, 0.00013515
PHY_3, 994.06, 16.32, 0.000135142
PHY_5, 994.06, 16.32, 0.000135142
FILLER_0_1_2141, 994.06, 16.32, 0.000135142
FILLER_0_2_2137, 994.06, 16.32, 0.000135142
FILLER_0_2_77, 37.94, 16.32, 0.000136285
FILLER_0_3_105, 50.74, 16.32, 0.00013742
FILLER_0_2_133, 63.54, 16.32, 0.000138555
FILLER_0_3_161, 76.34, 16.32, 0.00013969
FILLER_0_2_189, 89.14, 16.32, 0.000140825
FILLER_0_3_217, 101.94, 16.32, 0.00014196
FILLER_0_2_245, 114.74, 16.32, 0.000143095
FILLER_0_3_273, 127.54, 16.32, 0.00014423
FILLER_0_2_301, 140.34, 16.32, 0.000145365
FILLER_0_3_329, 153.14, 16.32, 0.0001465
FILLER_0_2_357, 165.94, 16.32, 0.000147635
FILLER_0_2_413, 191.54, 16.32, 0.000149961
FILLER_0_3_441, 204.34, 16.32, 0.000151152
FILLER_0_2_469, 217.14, 16.32, 0.000152344
FILLER_0_3_497, 229.94, 16.32, 0.000153535
FILLER_0_2_525, 242.74, 16.32, 0.000154726
FILLER_0_3_553, 255.54, 16.32, 0.000155917
FILLER_0_2_581, 268.34, 16.32, 0.000157108
FILLER_0_3_609, 281.14, 16.32, 0.000158299
FILLER_0_2_637, 293.94, 16.32, 0.00015949
FILLER_0_3_665, 306.74, 16.32, 0.000160681
FILLER_0_2_693, 319.54, 16.32, 0.000161872
FILLER_0_2_749, 345.14, 16.32, 0.000163565
FILLER_0_3_777, 357.94, 16.32, 0.000164068
FILLER_0_2_805, 370.74, 16.32, 0.00016457
FILLER_0_3_833, 383.54, 16.32, 0.000165072
FILLER_0_2_861, 396.34, 16.32, 0.000165574
FILLER_0_3_889, 409.14, 16.32, 0.000166077
FILLER_0_2_917, 421.94, 16.32, 0.000166579
FILLER_0_3_945, 434.74, 16.32, 0.000167081
FILLER_0_2_973, 447.54, 16.32, 0.000167583
FILLER_0_3_1001, 460.34, 16.32, 0.000168085
FILLER_0_2_1029, 473.14, 16.32, 0.000168588
FILLER_0_2_1085, 498.74, 16.32, 0.000168485
FILLER_0_3_1113, 511.54, 16.32, 0.000167881
FILLER_0_2_1141, 524.34, 16.32, 0.000167276
FILLER_0_3_1169, 537.14, 16.32, 0.000166672
FILLER_0_2_1197, 549.94, 16.32, 0.000166067
FILLER_0_3_1225, 562.74, 16.32, 0.000165463
FILLER_0_2_1253, 575.54, 16.32, 0.000164858
FILLER_0_1_1281, 601.14, 16.32, 0.000163649
FILLER_0_2_1309, 613.94, 16.32, 0.000163044
FILLER_0_1_1337, 626.74, 16.32, 0.00016244
FILLER_0_1_1393, 652.34, 16.32, 0.000160611
FILLER_0_2_1421, 665.14, 16.32, 0.000159386
FILLER_0_1_1449, 677.94, 16.32, 0.000158161
FILLER_0_2_1477, 690.74, 16.32, 0.000156937
FILLER_0_1_1505, 703.54, 16.32, 0.000155712
FILLER_0_2_1533, 716.34, 16.32, 0.000154487
FILLER_0_1_1561, 729.14, 16.32, 0.000153262
FILLER_0_2_1589, 741.94, 16.32, 0.000152038
FILLER_0_1_1617, 754.74, 16.32, 0.000150813
FILLER_0_2_1645, 767.54, 16.32, 0.000149588
FILLER_0_1_1673, 780.34, 16.32, 0.000148363
FILLER_0_1_1729, 805.94, 16.32, 0.000146139
FILLER_0_2_1757, 818.74, 16.32, 0.000145139
FILLER_0_1_1785, 831.54, 16.32, 0.00014414
FILLER_0_2_1813, 844.34, 16.32, 0.00014314
FILLER_0_1_1841, 857.14, 16.32, 0.00014214
FILLER_0_2_1869, 869.94, 16.32, 0.00014114
FILLER_0_1_1897, 882.74, 16.32, 0.000140141
FILLER_0_2_1925, 895.54, 16.32, 0.000139141
FILLER_0_1_1953, 908.34, 16.32, 0.000138141
FILLER_0_2_1981, 921.14, 16.32, 0.000137141
FILLER_0_1_2009, 933.94, 16.32, 0.000136141
FILLER_0_1_2065, 958.57, 16.32, 0.000135142
FILLER_0_2_2093, 970.4, 16.32, 0.000135142
FILLER_0_1_2121, 982.23, 16.32, 0.000135142
PHY_0, 5.52, 10.88, 0.000154412
input2, 5.52, 10.88, 0.000154412
PHY_1, 994.06, 10.88, 0.000164896
FILLER_0_0_2141, 994.06, 10.88, 0.000164896
FILLER_0_0_24, 15.33, 10.88, 0.000148308
FILLER_0_0_81, 37.94, 10.88, 0.000143812
FILLER_0_0_109, 50.74, 10.88, 0.000145421
FILLER_0_1_105, 50.74, 10.88, 0.000145421
FILLER_0_0_137, 63.54, 10.88, 0.00014703
FILLER_0_0_165, 76.34, 10.88, 0.000148639
FILLER_0_1_161, 76.34, 10.88, 0.000148639
FILLER_0_0_193, 89.14, 10.88, 0.000150247
FILLER_0_0_221, 101.94, 10.88, 0.000151856
FILLER_0_1_217, 101.94, 10.88, 0.000151856
FILLER_0_0_249, 114.74, 10.88, 0.000153464
FILLER_0_0_277, 127.54, 10.88, 0.000155073
FILLER_0_1_273, 127.54, 10.88, 0.000155073
FILLER_0_0_305, 140.34, 10.88, 0.000156682
FILLER_0_0_333, 153.14, 10.88, 0.00015829
FILLER_0_1_329, 153.14, 10.88, 0.00015829
input3, 165.94, 10.88, 0.000159899
FILLER_0_0_360, 165.94, 10.88, 0.000159899
FILLER_0_0_417, 191.54, 10.88, 0.000156485
FILLER_0_0_445, 204.34, 10.88, 0.000158338
FILLER_0_1_441, 204.34, 10.88, 0.000158338
FILLER_0_0_473, 217.14, 10.88, 0.000160191
FILLER_0_0_501, 229.94, 10.88, 0.000162045
FILLER_0_1_497, 229.94, 10.88, 0.000162045
FILLER_0_0_529, 242.74, 10.88, 0.000163898
FILLER_0_0_557, 255.54, 10.88, 0.000165751
FILLER_0_1_553, 255.54, 10.88, 0.000165751
FILLER_0_0_585, 268.34, 10.88, 0.000167604
FILLER_0_0_613, 281.14, 10.88, 0.000169457
FILLER_0_1_609, 281.14, 10.88, 0.000169457
FILLER_0_0_641, 306.74, 10.88, 0.000173163
FILLER_0_1_665, 306.74, 10.88, 0.000173163
input5, 319.54, 10.88, 0.000175016
FILLER_0_0_669, 319.54, 10.88, 0.000175016
FILLER_0_0_685, 319.54, 10.88, 0.000175016
FILLER_0_0_725, 345.14, 10.88, 0.000169436
FILLER_0_0_753, 357.94, 10.88, 0.00016989
FILLER_0_1_777, 357.94, 10.88, 0.00016989
FILLER_0_0_781, 370.74, 10.88, 0.000170344
FILLER_0_0_809, 383.54, 10.88, 0.000170798
FILLER_0_1_833, 383.54, 10.88, 0.000170798
FILLER_0_0_837, 396.34, 10.88, 0.000171252
FILLER_0_0_865, 409.14, 10.88, 0.000171705
FILLER_0_1_889, 409.14, 10.88, 0.000171705
FILLER_0_0_893, 421.94, 10.88, 0.000172159
FILLER_0_0_921, 434.74, 10.88, 0.000172613
FILLER_0_1_945, 434.74, 10.88, 0.000172613
FILLER_0_0_949, 447.54, 10.88, 0.000173067
FILLER_0_0_977, 460.34, 10.88, 0.000173521
FILLER_0_1_1001, 460.34, 10.88, 0.000173521
FILLER_0_0_1005, 473.14, 10.88, 0.000173974
FILLER_0_0_1089, 511.54, 10.88, 0.000172385
FILLER_0_1_1113, 511.54, 10.88, 0.000172385
FILLER_0_0_1117, 524.34, 10.88, 0.000171363
FILLER_0_0_1145, 537.14, 10.88, 0.000170342
FILLER_0_1_1169, 537.14, 10.88, 0.000170342
FILLER_0_0_1173, 549.94, 10.88, 0.00016932
FILLER_0_0_1201, 562.74, 10.88, 0.000168298
FILLER_0_1_1225, 562.74, 10.88, 0.000168298
FILLER_0_0_1229, 575.54, 10.88, 0.000167276
FILLER_0_0_1257, 588.34, 10.88, 0.000166255
FILLER_0_0_1285, 601.14, 10.88, 0.000165233
FILLER_0_0_1313, 613.94, 10.88, 0.000164211
FILLER_0_0_1341, 626.74, 10.88, 0.00016319
output20, 652.34, 10.88, 0.000160963
FILLER_0_0_1397, 652.34, 10.88, 0.000160963
FILLER_0_0_1419, 652.34, 10.88, 0.000160963
FILLER_0_0_1453, 677.94, 10.88, 0.000158553
FILLER_0_0_1481, 690.74, 10.88, 0.000157347
FILLER_0_0_1509, 703.54, 10.88, 0.000156142
FILLER_0_0_1537, 716.34, 10.88, 0.000154937
FILLER_0_0_1565, 729.14, 10.88, 0.000153732
FILLER_0_0_1593, 741.94, 10.88, 0.000152527
FILLER_0_0_1621, 754.74, 10.88, 0.000151322
FILLER_0_0_1649, 767.54, 10.88, 0.000150116
FILLER_0_0_1677, 780.34, 10.88, 0.000148911
output23, 805.94, 10.88, 0.000147397
FILLER_0_0_1733, 805.94, 10.88, 0.000147397
FILLER_0_0_1749, 805.94, 10.88, 0.000147397
FILLER_0_0_1759, 818.74, 10.88, 0.000147088
FILLER_0_0_1789, 831.54, 10.88, 0.000146779
FILLER_0_0_1817, 844.34, 10.88, 0.000146469
FILLER_0_0_1845, 857.14, 10.88, 0.00014616
FILLER_0_0_1873, 869.94, 10.88, 0.000145851
FILLER_0_0_1901, 882.74, 10.88, 0.000145542
FILLER_0_0_1929, 895.54, 10.88, 0.000145233
FILLER_0_0_1957, 908.34, 10.88, 0.000144923
FILLER_0_0_1985, 921.14, 10.88, 0.000144614
FILLER_0_0_2013, 933.94, 10.88, 0.000144305
FILLER_0_0_2069, 958.57, 10.88, 0.000154446
input4, 970.4, 10.88, 0.000164896
FILLER_0_0_2097, 970.4, 10.88, 0.000164896
FILLER_0_0_2123, 982.23, 10.88, 0.000164896

