
===========================================================================
report_checks -path_delay max (Setup)
============================================================================
======================= Typical Corner ===================================

Startpoint: _1060_ (rising edge-triggered flip-flop clocked by w_clk)
Endpoint: full (output port clocked by w_clk)
Path Group: w_clk
Path Type: max

Fanout     Cap    Slew   Delay    Time   Description
-----------------------------------------------------------------------------
                  0.15    0.00    0.00   clock w_clk (rise edge)
                          0.00    0.00   clock network delay (ideal)
                  0.15    0.00    0.00 ^ _1060_/CLK (sky130_fd_sc_hd__dfrtp_2)
                  0.04    0.43    0.43 v _1060_/Q (sky130_fd_sc_hd__dfrtp_2)
     1    0.00                           w_ptr_b[0] (net)
                  0.04    0.00    0.43 v _0453_/A (sky130_fd_sc_hd__buf_1)
                  0.22    0.25    0.68 v _0453_/X (sky130_fd_sc_hd__buf_1)
    13    0.04                           _0155_ (net)
                  0.22    0.00    0.68 v _0456_/A (sky130_fd_sc_hd__and3_2)
                  0.04    0.26    0.94 v _0456_/X (sky130_fd_sc_hd__and3_2)
     1    0.00                           _0158_ (net)
                  0.04    0.00    0.94 v _0457_/A (sky130_fd_sc_hd__buf_1)
                  0.12    0.17    1.11 v _0457_/X (sky130_fd_sc_hd__buf_1)
     5    0.02                           _0159_ (net)
                  0.12    0.00    1.11 v _0465_/A (sky130_fd_sc_hd__or3_2)
                  0.11    0.56    1.67 v _0465_/X (sky130_fd_sc_hd__or3_2)
     3    0.01                           _0167_ (net)
                  0.11    0.00    1.67 v _0466_/A2 (sky130_fd_sc_hd__a21bo_2)
                  0.03    0.24    1.91 v _0466_/X (sky130_fd_sc_hd__a21bo_2)
     1    0.00                           _0168_ (net)
                  0.03    0.00    1.91 v _0473_/A1 (sky130_fd_sc_hd__a2111o_2)
                  0.08    0.45    2.36 v _0473_/X (sky130_fd_sc_hd__a2111o_2)
     4    0.01                           _0175_ (net)
                  0.08    0.00    2.36 v _0474_/A (sky130_fd_sc_hd__buf_1)
                  0.21    0.26    2.62 v _0474_/X (sky130_fd_sc_hd__buf_1)
    16    0.04                           _0176_ (net)
                  0.21    0.00    2.62 v _0475_/B (sky130_fd_sc_hd__nor2_2)
                  0.38    0.38    3.01 ^ _0475_/Y (sky130_fd_sc_hd__nor2_2)
     1    0.03                           full (net)
                  0.38    0.00    3.01 ^ full (out)
                                  3.01   data arrival time

                  0.15   10.00   10.00   clock w_clk (rise edge)
                          0.00   10.00   clock network delay (ideal)
                         -0.25    9.75   clock uncertainty
                          0.00    9.75   clock reconvergence pessimism
                         -2.00    7.75   output external delay
                                  7.75   data required time
-----------------------------------------------------------------------------
                                  7.75   data required time
                                 -3.01   data arrival time
-----------------------------------------------------------------------------
                                  4.74   slack (MET)


Startpoint: _1060_ (rising edge-triggered flip-flop clocked by w_clk)
Endpoint: _0906_ (rising edge-triggered flip-flop clocked by w_clk)
Path Group: w_clk
Path Type: max

Fanout     Cap    Slew   Delay    Time   Description
-----------------------------------------------------------------------------
                  0.15    0.00    0.00   clock w_clk (rise edge)
                          0.00    0.00   clock network delay (ideal)
                  0.15    0.00    0.00 ^ _1060_/CLK (sky130_fd_sc_hd__dfrtp_2)
                  0.04    0.43    0.43 v _1060_/Q (sky130_fd_sc_hd__dfrtp_2)
     1    0.00                           w_ptr_b[0] (net)
                  0.04    0.00    0.43 v _0453_/A (sky130_fd_sc_hd__buf_1)
                  0.22    0.25    0.68 v _0453_/X (sky130_fd_sc_hd__buf_1)
    13    0.04                           _0155_ (net)
                  0.22    0.00    0.68 v _0456_/A (sky130_fd_sc_hd__and3_2)
                  0.04    0.26    0.94 v _0456_/X (sky130_fd_sc_hd__and3_2)
     1    0.00                           _0158_ (net)
                  0.04    0.00    0.94 v _0457_/A (sky130_fd_sc_hd__buf_1)
                  0.12    0.17    1.11 v _0457_/X (sky130_fd_sc_hd__buf_1)
     5    0.02                           _0159_ (net)
                  0.12    0.00    1.11 v _0465_/A (sky130_fd_sc_hd__or3_2)
                  0.11    0.56    1.67 v _0465_/X (sky130_fd_sc_hd__or3_2)
     3    0.01                           _0167_ (net)
                  0.11    0.00    1.67 v _0466_/A2 (sky130_fd_sc_hd__a21bo_2)
                  0.03    0.24    1.91 v _0466_/X (sky130_fd_sc_hd__a21bo_2)
     1    0.00                           _0168_ (net)
                  0.03    0.00    1.91 v _0473_/A1 (sky130_fd_sc_hd__a2111o_2)
                  0.08    0.45    2.36 v _0473_/X (sky130_fd_sc_hd__a2111o_2)
     4    0.01                           _0175_ (net)
                  0.08    0.00    2.36 v _0474_/A (sky130_fd_sc_hd__buf_1)
                  0.21    0.26    2.62 v _0474_/X (sky130_fd_sc_hd__buf_1)
    16    0.04                           _0176_ (net)
                  0.21    0.00    2.62 v _0489_/A2 (sky130_fd_sc_hd__o211a_2)
                  0.09    0.39    3.01 v _0489_/X (sky130_fd_sc_hd__o211a_2)
     8    0.02                           _0189_ (net)
                  0.09    0.00    3.01 v _0490_/S (sky130_fd_sc_hd__mux2_2)
                  0.05    0.29    3.30 v _0490_/X (sky130_fd_sc_hd__mux2_2)
     1    0.00                           _0190_ (net)
                  0.05    0.00    3.30 v _0491_/A (sky130_fd_sc_hd__buf_1)
                  0.02    0.09    3.38 v _0491_/X (sky130_fd_sc_hd__buf_1)
     1    0.00                           _0000_ (net)
                  0.02    0.00    3.38 v _0906_/D (sky130_fd_sc_hd__dfxtp_2)
                                  3.38   data arrival time

                  0.15   10.00   10.00   clock w_clk (rise edge)
                          0.00   10.00   clock network delay (ideal)
                         -0.25    9.75   clock uncertainty
                          0.00    9.75   clock reconvergence pessimism
                                  9.75 ^ _0906_/CLK (sky130_fd_sc_hd__dfxtp_2)
                         -0.08    9.67   library setup time
                                  9.67   data required time
-----------------------------------------------------------------------------
                                  9.67   data required time
                                 -3.38   data arrival time
-----------------------------------------------------------------------------
                                  6.29   slack (MET)


Startpoint: _1060_ (rising edge-triggered flip-flop clocked by w_clk)
Endpoint: _0907_ (rising edge-triggered flip-flop clocked by w_clk)
Path Group: w_clk
Path Type: max

Fanout     Cap    Slew   Delay    Time   Description
-----------------------------------------------------------------------------
                  0.15    0.00    0.00   clock w_clk (rise edge)
                          0.00    0.00   clock network delay (ideal)
                  0.15    0.00    0.00 ^ _1060_/CLK (sky130_fd_sc_hd__dfrtp_2)
                  0.04    0.43    0.43 v _1060_/Q (sky130_fd_sc_hd__dfrtp_2)
     1    0.00                           w_ptr_b[0] (net)
                  0.04    0.00    0.43 v _0453_/A (sky130_fd_sc_hd__buf_1)
                  0.22    0.25    0.68 v _0453_/X (sky130_fd_sc_hd__buf_1)
    13    0.04                           _0155_ (net)
                  0.22    0.00    0.68 v _0456_/A (sky130_fd_sc_hd__and3_2)
                  0.04    0.26    0.94 v _0456_/X (sky130_fd_sc_hd__and3_2)
     1    0.00                           _0158_ (net)
                  0.04    0.00    0.94 v _0457_/A (sky130_fd_sc_hd__buf_1)
                  0.12    0.17    1.11 v _0457_/X (sky130_fd_sc_hd__buf_1)
     5    0.02                           _0159_ (net)
                  0.12    0.00    1.11 v _0465_/A (sky130_fd_sc_hd__or3_2)
                  0.11    0.56    1.67 v _0465_/X (sky130_fd_sc_hd__or3_2)
     3    0.01                           _0167_ (net)
                  0.11    0.00    1.67 v _0466_/A2 (sky130_fd_sc_hd__a21bo_2)
                  0.03    0.24    1.91 v _0466_/X (sky130_fd_sc_hd__a21bo_2)
     1    0.00                           _0168_ (net)
                  0.03    0.00    1.91 v _0473_/A1 (sky130_fd_sc_hd__a2111o_2)
                  0.08    0.45    2.36 v _0473_/X (sky130_fd_sc_hd__a2111o_2)
     4    0.01                           _0175_ (net)
                  0.08    0.00    2.36 v _0474_/A (sky130_fd_sc_hd__buf_1)
                  0.21    0.26    2.62 v _0474_/X (sky130_fd_sc_hd__buf_1)
    16    0.04                           _0176_ (net)
                  0.21    0.00    2.62 v _0489_/A2 (sky130_fd_sc_hd__o211a_2)
                  0.09    0.39    3.01 v _0489_/X (sky130_fd_sc_hd__o211a_2)
     8    0.02                           _0189_ (net)
                  0.09    0.00    3.01 v _0492_/S (sky130_fd_sc_hd__mux2_2)
                  0.05    0.29    3.30 v _0492_/X (sky130_fd_sc_hd__mux2_2)
     1    0.00                           _0191_ (net)
                  0.05    0.00    3.30 v _0493_/A (sky130_fd_sc_hd__buf_1)
                  0.02    0.09    3.38 v _0493_/X (sky130_fd_sc_hd__buf_1)
     1    0.00                           _0001_ (net)
                  0.02    0.00    3.38 v _0907_/D (sky130_fd_sc_hd__dfxtp_2)
                                  3.38   data arrival time

                  0.15   10.00   10.00   clock w_clk (rise edge)
                          0.00   10.00   clock network delay (ideal)
                         -0.25    9.75   clock uncertainty
                          0.00    9.75   clock reconvergence pessimism
                                  9.75 ^ _0907_/CLK (sky130_fd_sc_hd__dfxtp_2)
                         -0.08    9.67   library setup time
                                  9.67   data required time
-----------------------------------------------------------------------------
                                  9.67   data required time
                                 -3.38   data arrival time
-----------------------------------------------------------------------------
                                  6.29   slack (MET)


Startpoint: _1060_ (rising edge-triggered flip-flop clocked by w_clk)
Endpoint: _0908_ (rising edge-triggered flip-flop clocked by w_clk)
Path Group: w_clk
Path Type: max

Fanout     Cap    Slew   Delay    Time   Description
-----------------------------------------------------------------------------
                  0.15    0.00    0.00   clock w_clk (rise edge)
                          0.00    0.00   clock network delay (ideal)
                  0.15    0.00    0.00 ^ _1060_/CLK (sky130_fd_sc_hd__dfrtp_2)
                  0.04    0.43    0.43 v _1060_/Q (sky130_fd_sc_hd__dfrtp_2)
     1    0.00                           w_ptr_b[0] (net)
                  0.04    0.00    0.43 v _0453_/A (sky130_fd_sc_hd__buf_1)
                  0.22    0.25    0.68 v _0453_/X (sky130_fd_sc_hd__buf_1)
    13    0.04                           _0155_ (net)
                  0.22    0.00    0.68 v _0456_/A (sky130_fd_sc_hd__and3_2)
                  0.04    0.26    0.94 v _0456_/X (sky130_fd_sc_hd__and3_2)
     1    0.00                           _0158_ (net)
                  0.04    0.00    0.94 v _0457_/A (sky130_fd_sc_hd__buf_1)
                  0.12    0.17    1.11 v _0457_/X (sky130_fd_sc_hd__buf_1)
     5    0.02                           _0159_ (net)
                  0.12    0.00    1.11 v _0465_/A (sky130_fd_sc_hd__or3_2)
                  0.11    0.56    1.67 v _0465_/X (sky130_fd_sc_hd__or3_2)
     3    0.01                           _0167_ (net)
                  0.11    0.00    1.67 v _0466_/A2 (sky130_fd_sc_hd__a21bo_2)
                  0.03    0.24    1.91 v _0466_/X (sky130_fd_sc_hd__a21bo_2)
     1    0.00                           _0168_ (net)
                  0.03    0.00    1.91 v _0473_/A1 (sky130_fd_sc_hd__a2111o_2)
                  0.08    0.45    2.36 v _0473_/X (sky130_fd_sc_hd__a2111o_2)
     4    0.01                           _0175_ (net)
                  0.08    0.00    2.36 v _0474_/A (sky130_fd_sc_hd__buf_1)
                  0.21    0.26    2.62 v _0474_/X (sky130_fd_sc_hd__buf_1)
    16    0.04                           _0176_ (net)
                  0.21    0.00    2.62 v _0489_/A2 (sky130_fd_sc_hd__o211a_2)
                  0.09    0.39    3.01 v _0489_/X (sky130_fd_sc_hd__o211a_2)
     8    0.02                           _0189_ (net)
                  0.09    0.00    3.01 v _0494_/S (sky130_fd_sc_hd__mux2_2)
                  0.05    0.29    3.30 v _0494_/X (sky130_fd_sc_hd__mux2_2)
     1    0.00                           _0192_ (net)
                  0.05    0.00    3.30 v _0495_/A (sky130_fd_sc_hd__buf_1)
                  0.02    0.09    3.38 v _0495_/X (sky130_fd_sc_hd__buf_1)
     1    0.00                           _0002_ (net)
                  0.02    0.00    3.38 v _0908_/D (sky130_fd_sc_hd__dfxtp_2)
                                  3.38   data arrival time

                  0.15   10.00   10.00   clock w_clk (rise edge)
                          0.00   10.00   clock network delay (ideal)
                         -0.25    9.75   clock uncertainty
                          0.00    9.75   clock reconvergence pessimism
                                  9.75 ^ _0908_/CLK (sky130_fd_sc_hd__dfxtp_2)
                         -0.08    9.67   library setup time
                                  9.67   data required time
-----------------------------------------------------------------------------
                                  9.67   data required time
                                 -3.38   data arrival time
-----------------------------------------------------------------------------
                                  6.29   slack (MET)


Startpoint: _1060_ (rising edge-triggered flip-flop clocked by w_clk)
Endpoint: _0909_ (rising edge-triggered flip-flop clocked by w_clk)
Path Group: w_clk
Path Type: max

Fanout     Cap    Slew   Delay    Time   Description
-----------------------------------------------------------------------------
                  0.15    0.00    0.00   clock w_clk (rise edge)
                          0.00    0.00   clock network delay (ideal)
                  0.15    0.00    0.00 ^ _1060_/CLK (sky130_fd_sc_hd__dfrtp_2)
                  0.04    0.43    0.43 v _1060_/Q (sky130_fd_sc_hd__dfrtp_2)
     1    0.00                           w_ptr_b[0] (net)
                  0.04    0.00    0.43 v _0453_/A (sky130_fd_sc_hd__buf_1)
                  0.22    0.25    0.68 v _0453_/X (sky130_fd_sc_hd__buf_1)
    13    0.04                           _0155_ (net)
                  0.22    0.00    0.68 v _0456_/A (sky130_fd_sc_hd__and3_2)
                  0.04    0.26    0.94 v _0456_/X (sky130_fd_sc_hd__and3_2)
     1    0.00                           _0158_ (net)
                  0.04    0.00    0.94 v _0457_/A (sky130_fd_sc_hd__buf_1)
                  0.12    0.17    1.11 v _0457_/X (sky130_fd_sc_hd__buf_1)
     5    0.02                           _0159_ (net)
                  0.12    0.00    1.11 v _0465_/A (sky130_fd_sc_hd__or3_2)
                  0.11    0.56    1.67 v _0465_/X (sky130_fd_sc_hd__or3_2)
     3    0.01                           _0167_ (net)
                  0.11    0.00    1.67 v _0466_/A2 (sky130_fd_sc_hd__a21bo_2)
                  0.03    0.24    1.91 v _0466_/X (sky130_fd_sc_hd__a21bo_2)
     1    0.00                           _0168_ (net)
                  0.03    0.00    1.91 v _0473_/A1 (sky130_fd_sc_hd__a2111o_2)
                  0.08    0.45    2.36 v _0473_/X (sky130_fd_sc_hd__a2111o_2)
     4    0.01                           _0175_ (net)
                  0.08    0.00    2.36 v _0474_/A (sky130_fd_sc_hd__buf_1)
                  0.21    0.26    2.62 v _0474_/X (sky130_fd_sc_hd__buf_1)
    16    0.04                           _0176_ (net)
                  0.21    0.00    2.62 v _0489_/A2 (sky130_fd_sc_hd__o211a_2)
                  0.09    0.39    3.01 v _0489_/X (sky130_fd_sc_hd__o211a_2)
     8    0.02                           _0189_ (net)
                  0.09    0.00    3.01 v _0496_/S (sky130_fd_sc_hd__mux2_2)
                  0.05    0.29    3.30 v _0496_/X (sky130_fd_sc_hd__mux2_2)
     1    0.00                           _0193_ (net)
                  0.05    0.00    3.30 v _0497_/A (sky130_fd_sc_hd__buf_1)
                  0.02    0.09    3.38 v _0497_/X (sky130_fd_sc_hd__buf_1)
     1    0.00                           _0003_ (net)
                  0.02    0.00    3.38 v _0909_/D (sky130_fd_sc_hd__dfxtp_2)
                                  3.38   data arrival time

                  0.15   10.00   10.00   clock w_clk (rise edge)
                          0.00   10.00   clock network delay (ideal)
                         -0.25    9.75   clock uncertainty
                          0.00    9.75   clock reconvergence pessimism
                                  9.75 ^ _0909_/CLK (sky130_fd_sc_hd__dfxtp_2)
                         -0.08    9.67   library setup time
                                  9.67   data required time
-----------------------------------------------------------------------------
                                  9.67   data required time
                                 -3.38   data arrival time
-----------------------------------------------------------------------------
                                  6.29   slack (MET)


Startpoint: _1060_ (rising edge-triggered flip-flop clocked by w_clk)
Endpoint: _0910_ (rising edge-triggered flip-flop clocked by w_clk)
Path Group: w_clk
Path Type: max

Fanout     Cap    Slew   Delay    Time   Description
-----------------------------------------------------------------------------
                  0.15    0.00    0.00   clock w_clk (rise edge)
                          0.00    0.00   clock network delay (ideal)
                  0.15    0.00    0.00 ^ _1060_/CLK (sky130_fd_sc_hd__dfrtp_2)
                  0.04    0.43    0.43 v _1060_/Q (sky130_fd_sc_hd__dfrtp_2)
     1    0.00                           w_ptr_b[0] (net)
                  0.04    0.00    0.43 v _0453_/A (sky130_fd_sc_hd__buf_1)
                  0.22    0.25    0.68 v _0453_/X (sky130_fd_sc_hd__buf_1)
    13    0.04                           _0155_ (net)
                  0.22    0.00    0.68 v _0456_/A (sky130_fd_sc_hd__and3_2)
                  0.04    0.26    0.94 v _0456_/X (sky130_fd_sc_hd__and3_2)
     1    0.00                           _0158_ (net)
                  0.04    0.00    0.94 v _0457_/A (sky130_fd_sc_hd__buf_1)
                  0.12    0.17    1.11 v _0457_/X (sky130_fd_sc_hd__buf_1)
     5    0.02                           _0159_ (net)
                  0.12    0.00    1.11 v _0465_/A (sky130_fd_sc_hd__or3_2)
                  0.11    0.56    1.67 v _0465_/X (sky130_fd_sc_hd__or3_2)
     3    0.01                           _0167_ (net)
                  0.11    0.00    1.67 v _0466_/A2 (sky130_fd_sc_hd__a21bo_2)
                  0.03    0.24    1.91 v _0466_/X (sky130_fd_sc_hd__a21bo_2)
     1    0.00                           _0168_ (net)
                  0.03    0.00    1.91 v _0473_/A1 (sky130_fd_sc_hd__a2111o_2)
                  0.08    0.45    2.36 v _0473_/X (sky130_fd_sc_hd__a2111o_2)
     4    0.01                           _0175_ (net)
                  0.08    0.00    2.36 v _0474_/A (sky130_fd_sc_hd__buf_1)
                  0.21    0.26    2.62 v _0474_/X (sky130_fd_sc_hd__buf_1)
    16    0.04                           _0176_ (net)
                  0.21    0.00    2.62 v _0489_/A2 (sky130_fd_sc_hd__o211a_2)
                  0.09    0.39    3.01 v _0489_/X (sky130_fd_sc_hd__o211a_2)
     8    0.02                           _0189_ (net)
                  0.09    0.00    3.01 v _0498_/S (sky130_fd_sc_hd__mux2_2)
                  0.05    0.29    3.30 v _0498_/X (sky130_fd_sc_hd__mux2_2)
     1    0.00                           _0194_ (net)
                  0.05    0.00    3.30 v _0499_/A (sky130_fd_sc_hd__buf_1)
                  0.02    0.09    3.38 v _0499_/X (sky130_fd_sc_hd__buf_1)
     1    0.00                           _0004_ (net)
                  0.02    0.00    3.38 v _0910_/D (sky130_fd_sc_hd__dfxtp_2)
                                  3.38   data arrival time

                  0.15   10.00   10.00   clock w_clk (rise edge)
                          0.00   10.00   clock network delay (ideal)
                         -0.25    9.75   clock uncertainty
                          0.00    9.75   clock reconvergence pessimism
                                  9.75 ^ _0910_/CLK (sky130_fd_sc_hd__dfxtp_2)
                         -0.08    9.67   library setup time
                                  9.67   data required time
-----------------------------------------------------------------------------
                                  9.67   data required time
                                 -3.38   data arrival time
-----------------------------------------------------------------------------
                                  6.29   slack (MET)


Startpoint: _1060_ (rising edge-triggered flip-flop clocked by w_clk)
Endpoint: _0911_ (rising edge-triggered flip-flop clocked by w_clk)
Path Group: w_clk
Path Type: max

Fanout     Cap    Slew   Delay    Time   Description
-----------------------------------------------------------------------------
                  0.15    0.00    0.00   clock w_clk (rise edge)
                          0.00    0.00   clock network delay (ideal)
                  0.15    0.00    0.00 ^ _1060_/CLK (sky130_fd_sc_hd__dfrtp_2)
                  0.04    0.43    0.43 v _1060_/Q (sky130_fd_sc_hd__dfrtp_2)
     1    0.00                           w_ptr_b[0] (net)
                  0.04    0.00    0.43 v _0453_/A (sky130_fd_sc_hd__buf_1)
                  0.22    0.25    0.68 v _0453_/X (sky130_fd_sc_hd__buf_1)
    13    0.04                           _0155_ (net)
                  0.22    0.00    0.68 v _0456_/A (sky130_fd_sc_hd__and3_2)
                  0.04    0.26    0.94 v _0456_/X (sky130_fd_sc_hd__and3_2)
     1    0.00                           _0158_ (net)
                  0.04    0.00    0.94 v _0457_/A (sky130_fd_sc_hd__buf_1)
                  0.12    0.17    1.11 v _0457_/X (sky130_fd_sc_hd__buf_1)
     5    0.02                           _0159_ (net)
                  0.12    0.00    1.11 v _0465_/A (sky130_fd_sc_hd__or3_2)
                  0.11    0.56    1.67 v _0465_/X (sky130_fd_sc_hd__or3_2)
     3    0.01                           _0167_ (net)
                  0.11    0.00    1.67 v _0466_/A2 (sky130_fd_sc_hd__a21bo_2)
                  0.03    0.24    1.91 v _0466_/X (sky130_fd_sc_hd__a21bo_2)
     1    0.00                           _0168_ (net)
                  0.03    0.00    1.91 v _0473_/A1 (sky130_fd_sc_hd__a2111o_2)
                  0.08    0.45    2.36 v _0473_/X (sky130_fd_sc_hd__a2111o_2)
     4    0.01                           _0175_ (net)
                  0.08    0.00    2.36 v _0474_/A (sky130_fd_sc_hd__buf_1)
                  0.21    0.26    2.62 v _0474_/X (sky130_fd_sc_hd__buf_1)
    16    0.04                           _0176_ (net)
                  0.21    0.00    2.62 v _0489_/A2 (sky130_fd_sc_hd__o211a_2)
                  0.09    0.39    3.01 v _0489_/X (sky130_fd_sc_hd__o211a_2)
     8    0.02                           _0189_ (net)
                  0.09    0.00    3.01 v _0500_/S (sky130_fd_sc_hd__mux2_2)
                  0.05    0.29    3.30 v _0500_/X (sky130_fd_sc_hd__mux2_2)
     1    0.00                           _0195_ (net)
                  0.05    0.00    3.30 v _0501_/A (sky130_fd_sc_hd__buf_1)
                  0.02    0.09    3.38 v _0501_/X (sky130_fd_sc_hd__buf_1)
     1    0.00                           _0005_ (net)
                  0.02    0.00    3.38 v _0911_/D (sky130_fd_sc_hd__dfxtp_2)
                                  3.38   data arrival time

                  0.15   10.00   10.00   clock w_clk (rise edge)
                          0.00   10.00   clock network delay (ideal)
                         -0.25    9.75   clock uncertainty
                          0.00    9.75   clock reconvergence pessimism
                                  9.75 ^ _0911_/CLK (sky130_fd_sc_hd__dfxtp_2)
                         -0.08    9.67   library setup time
                                  9.67   data required time
-----------------------------------------------------------------------------
                                  9.67   data required time
                                 -3.38   data arrival time
-----------------------------------------------------------------------------
                                  6.29   slack (MET)


Startpoint: _1060_ (rising edge-triggered flip-flop clocked by w_clk)
Endpoint: _0912_ (rising edge-triggered flip-flop clocked by w_clk)
Path Group: w_clk
Path Type: max

Fanout     Cap    Slew   Delay    Time   Description
-----------------------------------------------------------------------------
                  0.15    0.00    0.00   clock w_clk (rise edge)
                          0.00    0.00   clock network delay (ideal)
                  0.15    0.00    0.00 ^ _1060_/CLK (sky130_fd_sc_hd__dfrtp_2)
                  0.04    0.43    0.43 v _1060_/Q (sky130_fd_sc_hd__dfrtp_2)
     1    0.00                           w_ptr_b[0] (net)
                  0.04    0.00    0.43 v _0453_/A (sky130_fd_sc_hd__buf_1)
                  0.22    0.25    0.68 v _0453_/X (sky130_fd_sc_hd__buf_1)
    13    0.04                           _0155_ (net)
                  0.22    0.00    0.68 v _0456_/A (sky130_fd_sc_hd__and3_2)
                  0.04    0.26    0.94 v _0456_/X (sky130_fd_sc_hd__and3_2)
     1    0.00                           _0158_ (net)
                  0.04    0.00    0.94 v _0457_/A (sky130_fd_sc_hd__buf_1)
                  0.12    0.17    1.11 v _0457_/X (sky130_fd_sc_hd__buf_1)
     5    0.02                           _0159_ (net)
                  0.12    0.00    1.11 v _0465_/A (sky130_fd_sc_hd__or3_2)
                  0.11    0.56    1.67 v _0465_/X (sky130_fd_sc_hd__or3_2)
     3    0.01                           _0167_ (net)
                  0.11    0.00    1.67 v _0466_/A2 (sky130_fd_sc_hd__a21bo_2)
                  0.03    0.24    1.91 v _0466_/X (sky130_fd_sc_hd__a21bo_2)
     1    0.00                           _0168_ (net)
                  0.03    0.00    1.91 v _0473_/A1 (sky130_fd_sc_hd__a2111o_2)
                  0.08    0.45    2.36 v _0473_/X (sky130_fd_sc_hd__a2111o_2)
     4    0.01                           _0175_ (net)
                  0.08    0.00    2.36 v _0474_/A (sky130_fd_sc_hd__buf_1)
                  0.21    0.26    2.62 v _0474_/X (sky130_fd_sc_hd__buf_1)
    16    0.04                           _0176_ (net)
                  0.21    0.00    2.62 v _0489_/A2 (sky130_fd_sc_hd__o211a_2)
                  0.09    0.39    3.01 v _0489_/X (sky130_fd_sc_hd__o211a_2)
     8    0.02                           _0189_ (net)
                  0.09    0.00    3.01 v _0502_/S (sky130_fd_sc_hd__mux2_2)
                  0.05    0.29    3.30 v _0502_/X (sky130_fd_sc_hd__mux2_2)
     1    0.00                           _0196_ (net)
                  0.05    0.00    3.30 v _0503_/A (sky130_fd_sc_hd__buf_1)
                  0.02    0.09    3.38 v _0503_/X (sky130_fd_sc_hd__buf_1)
     1    0.00                           _0006_ (net)
                  0.02    0.00    3.38 v _0912_/D (sky130_fd_sc_hd__dfxtp_2)
                                  3.38   data arrival time

                  0.15   10.00   10.00   clock w_clk (rise edge)
                          0.00   10.00   clock network delay (ideal)
                         -0.25    9.75   clock uncertainty
                          0.00    9.75   clock reconvergence pessimism
                                  9.75 ^ _0912_/CLK (sky130_fd_sc_hd__dfxtp_2)
                         -0.08    9.67   library setup time
                                  9.67   data required time
-----------------------------------------------------------------------------
                                  9.67   data required time
                                 -3.38   data arrival time
-----------------------------------------------------------------------------
                                  6.29   slack (MET)


Startpoint: _1060_ (rising edge-triggered flip-flop clocked by w_clk)
Endpoint: _0913_ (rising edge-triggered flip-flop clocked by w_clk)
Path Group: w_clk
Path Type: max

Fanout     Cap    Slew   Delay    Time   Description
-----------------------------------------------------------------------------
                  0.15    0.00    0.00   clock w_clk (rise edge)
                          0.00    0.00   clock network delay (ideal)
                  0.15    0.00    0.00 ^ _1060_/CLK (sky130_fd_sc_hd__dfrtp_2)
                  0.04    0.43    0.43 v _1060_/Q (sky130_fd_sc_hd__dfrtp_2)
     1    0.00                           w_ptr_b[0] (net)
                  0.04    0.00    0.43 v _0453_/A (sky130_fd_sc_hd__buf_1)
                  0.22    0.25    0.68 v _0453_/X (sky130_fd_sc_hd__buf_1)
    13    0.04                           _0155_ (net)
                  0.22    0.00    0.68 v _0456_/A (sky130_fd_sc_hd__and3_2)
                  0.04    0.26    0.94 v _0456_/X (sky130_fd_sc_hd__and3_2)
     1    0.00                           _0158_ (net)
                  0.04    0.00    0.94 v _0457_/A (sky130_fd_sc_hd__buf_1)
                  0.12    0.17    1.11 v _0457_/X (sky130_fd_sc_hd__buf_1)
     5    0.02                           _0159_ (net)
                  0.12    0.00    1.11 v _0465_/A (sky130_fd_sc_hd__or3_2)
                  0.11    0.56    1.67 v _0465_/X (sky130_fd_sc_hd__or3_2)
     3    0.01                           _0167_ (net)
                  0.11    0.00    1.67 v _0466_/A2 (sky130_fd_sc_hd__a21bo_2)
                  0.03    0.24    1.91 v _0466_/X (sky130_fd_sc_hd__a21bo_2)
     1    0.00                           _0168_ (net)
                  0.03    0.00    1.91 v _0473_/A1 (sky130_fd_sc_hd__a2111o_2)
                  0.08    0.45    2.36 v _0473_/X (sky130_fd_sc_hd__a2111o_2)
     4    0.01                           _0175_ (net)
                  0.08    0.00    2.36 v _0474_/A (sky130_fd_sc_hd__buf_1)
                  0.21    0.26    2.62 v _0474_/X (sky130_fd_sc_hd__buf_1)
    16    0.04                           _0176_ (net)
                  0.21    0.00    2.62 v _0489_/A2 (sky130_fd_sc_hd__o211a_2)
                  0.09    0.39    3.01 v _0489_/X (sky130_fd_sc_hd__o211a_2)
     8    0.02                           _0189_ (net)
                  0.09    0.00    3.01 v _0504_/S (sky130_fd_sc_hd__mux2_2)
                  0.05    0.29    3.30 v _0504_/X (sky130_fd_sc_hd__mux2_2)
     1    0.00                           _0197_ (net)
                  0.05    0.00    3.30 v _0505_/A (sky130_fd_sc_hd__buf_1)
                  0.02    0.09    3.38 v _0505_/X (sky130_fd_sc_hd__buf_1)
     1    0.00                           _0007_ (net)
                  0.02    0.00    3.38 v _0913_/D (sky130_fd_sc_hd__dfxtp_2)
                                  3.38   data arrival time

                  0.15   10.00   10.00   clock w_clk (rise edge)
                          0.00   10.00   clock network delay (ideal)
                         -0.25    9.75   clock uncertainty
                          0.00    9.75   clock reconvergence pessimism
                                  9.75 ^ _0913_/CLK (sky130_fd_sc_hd__dfxtp_2)
                         -0.08    9.67   library setup time
                                  9.67   data required time
-----------------------------------------------------------------------------
                                  9.67   data required time
                                 -3.38   data arrival time
-----------------------------------------------------------------------------
                                  6.29   slack (MET)


Startpoint: _1060_ (rising edge-triggered flip-flop clocked by w_clk)
Endpoint: _0922_ (rising edge-triggered flip-flop clocked by w_clk)
Path Group: w_clk
Path Type: max

Fanout     Cap    Slew   Delay    Time   Description
-----------------------------------------------------------------------------
                  0.15    0.00    0.00   clock w_clk (rise edge)
                          0.00    0.00   clock network delay (ideal)
                  0.15    0.00    0.00 ^ _1060_/CLK (sky130_fd_sc_hd__dfrtp_2)
                  0.04    0.43    0.43 v _1060_/Q (sky130_fd_sc_hd__dfrtp_2)
     1    0.00                           w_ptr_b[0] (net)
                  0.04    0.00    0.43 v _0453_/A (sky130_fd_sc_hd__buf_1)
                  0.22    0.25    0.68 v _0453_/X (sky130_fd_sc_hd__buf_1)
    13    0.04                           _0155_ (net)
                  0.22    0.00    0.68 v _0456_/A (sky130_fd_sc_hd__and3_2)
                  0.04    0.26    0.94 v _0456_/X (sky130_fd_sc_hd__and3_2)
     1    0.00                           _0158_ (net)
                  0.04    0.00    0.94 v _0457_/A (sky130_fd_sc_hd__buf_1)
                  0.12    0.17    1.11 v _0457_/X (sky130_fd_sc_hd__buf_1)
     5    0.02                           _0159_ (net)
                  0.12    0.00    1.11 v _0465_/A (sky130_fd_sc_hd__or3_2)
                  0.11    0.56    1.67 v _0465_/X (sky130_fd_sc_hd__or3_2)
     3    0.01                           _0167_ (net)
                  0.11    0.00    1.67 v _0466_/A2 (sky130_fd_sc_hd__a21bo_2)
                  0.03    0.24    1.91 v _0466_/X (sky130_fd_sc_hd__a21bo_2)
     1    0.00                           _0168_ (net)
                  0.03    0.00    1.91 v _0473_/A1 (sky130_fd_sc_hd__a2111o_2)
                  0.08    0.45    2.36 v _0473_/X (sky130_fd_sc_hd__a2111o_2)
     4    0.01                           _0175_ (net)
                  0.08    0.00    2.36 v _0474_/A (sky130_fd_sc_hd__buf_1)
                  0.21    0.26    2.62 v _0474_/X (sky130_fd_sc_hd__buf_1)
    16    0.04                           _0176_ (net)
                  0.21    0.00    2.62 v _0587_/A2 (sky130_fd_sc_hd__o211a_2)
                  0.09    0.39    3.01 v _0587_/X (sky130_fd_sc_hd__o211a_2)
     8    0.02                           _0271_ (net)
                  0.09    0.00    3.01 v _0588_/S (sky130_fd_sc_hd__mux2_2)
                  0.05    0.29    3.30 v _0588_/X (sky130_fd_sc_hd__mux2_2)
     1    0.00                           _0272_ (net)
                  0.05    0.00    3.30 v _0589_/A (sky130_fd_sc_hd__buf_1)
                  0.02    0.09    3.38 v _0589_/X (sky130_fd_sc_hd__buf_1)
     1    0.00                           _0016_ (net)
                  0.02    0.00    3.38 v _0922_/D (sky130_fd_sc_hd__dfxtp_2)
                                  3.38   data arrival time

                  0.15   10.00   10.00   clock w_clk (rise edge)
                          0.00   10.00   clock network delay (ideal)
                         -0.25    9.75   clock uncertainty
                          0.00    9.75   clock reconvergence pessimism
                                  9.75 ^ _0922_/CLK (sky130_fd_sc_hd__dfxtp_2)
                         -0.08    9.67   library setup time
                                  9.67   data required time
-----------------------------------------------------------------------------
                                  9.67   data required time
                                 -3.38   data arrival time
-----------------------------------------------------------------------------
                                  6.29   slack (MET)


Startpoint: _1060_ (rising edge-triggered flip-flop clocked by w_clk)
Endpoint: _0923_ (rising edge-triggered flip-flop clocked by w_clk)
Path Group: w_clk
Path Type: max

Fanout     Cap    Slew   Delay    Time   Description
-----------------------------------------------------------------------------
                  0.15    0.00    0.00   clock w_clk (rise edge)
                          0.00    0.00   clock network delay (ideal)
                  0.15    0.00    0.00 ^ _1060_/CLK (sky130_fd_sc_hd__dfrtp_2)
                  0.04    0.43    0.43 v _1060_/Q (sky130_fd_sc_hd__dfrtp_2)
     1    0.00                           w_ptr_b[0] (net)
                  0.04    0.00    0.43 v _0453_/A (sky130_fd_sc_hd__buf_1)
                  0.22    0.25    0.68 v _0453_/X (sky130_fd_sc_hd__buf_1)
    13    0.04                           _0155_ (net)
                  0.22    0.00    0.68 v _0456_/A (sky130_fd_sc_hd__and3_2)
                  0.04    0.26    0.94 v _0456_/X (sky130_fd_sc_hd__and3_2)
     1    0.00                           _0158_ (net)
                  0.04    0.00    0.94 v _0457_/A (sky130_fd_sc_hd__buf_1)
                  0.12    0.17    1.11 v _0457_/X (sky130_fd_sc_hd__buf_1)
     5    0.02                           _0159_ (net)
                  0.12    0.00    1.11 v _0465_/A (sky130_fd_sc_hd__or3_2)
                  0.11    0.56    1.67 v _0465_/X (sky130_fd_sc_hd__or3_2)
     3    0.01                           _0167_ (net)
                  0.11    0.00    1.67 v _0466_/A2 (sky130_fd_sc_hd__a21bo_2)
                  0.03    0.24    1.91 v _0466_/X (sky130_fd_sc_hd__a21bo_2)
     1    0.00                           _0168_ (net)
                  0.03    0.00    1.91 v _0473_/A1 (sky130_fd_sc_hd__a2111o_2)
                  0.08    0.45    2.36 v _0473_/X (sky130_fd_sc_hd__a2111o_2)
     4    0.01                           _0175_ (net)
                  0.08    0.00    2.36 v _0474_/A (sky130_fd_sc_hd__buf_1)
                  0.21    0.26    2.62 v _0474_/X (sky130_fd_sc_hd__buf_1)
    16    0.04                           _0176_ (net)
                  0.21    0.00    2.62 v _0587_/A2 (sky130_fd_sc_hd__o211a_2)
                  0.09    0.39    3.01 v _0587_/X (sky130_fd_sc_hd__o211a_2)
     8    0.02                           _0271_ (net)
                  0.09    0.00    3.01 v _0590_/S (sky130_fd_sc_hd__mux2_2)
                  0.05    0.29    3.30 v _0590_/X (sky130_fd_sc_hd__mux2_2)
     1    0.00                           _0273_ (net)
                  0.05    0.00    3.30 v _0591_/A (sky130_fd_sc_hd__buf_1)
                  0.02    0.09    3.38 v _0591_/X (sky130_fd_sc_hd__buf_1)
     1    0.00                           _0017_ (net)
                  0.02    0.00    3.38 v _0923_/D (sky130_fd_sc_hd__dfxtp_2)
                                  3.38   data arrival time

                  0.15   10.00   10.00   clock w_clk (rise edge)
                          0.00   10.00   clock network delay (ideal)
                         -0.25    9.75   clock uncertainty
                          0.00    9.75   clock reconvergence pessimism
                                  9.75 ^ _0923_/CLK (sky130_fd_sc_hd__dfxtp_2)
                         -0.08    9.67   library setup time
                                  9.67   data required time
-----------------------------------------------------------------------------
                                  9.67   data required time
                                 -3.38   data arrival time
-----------------------------------------------------------------------------
                                  6.29   slack (MET)


Startpoint: _1060_ (rising edge-triggered flip-flop clocked by w_clk)
Endpoint: _0924_ (rising edge-triggered flip-flop clocked by w_clk)
Path Group: w_clk
Path Type: max

Fanout     Cap    Slew   Delay    Time   Description
-----------------------------------------------------------------------------
                  0.15    0.00    0.00   clock w_clk (rise edge)
                          0.00    0.00   clock network delay (ideal)
                  0.15    0.00    0.00 ^ _1060_/CLK (sky130_fd_sc_hd__dfrtp_2)
                  0.04    0.43    0.43 v _1060_/Q (sky130_fd_sc_hd__dfrtp_2)
     1    0.00                           w_ptr_b[0] (net)
                  0.04    0.00    0.43 v _0453_/A (sky130_fd_sc_hd__buf_1)
                  0.22    0.25    0.68 v _0453_/X (sky130_fd_sc_hd__buf_1)
    13    0.04                           _0155_ (net)
                  0.22    0.00    0.68 v _0456_/A (sky130_fd_sc_hd__and3_2)
                  0.04    0.26    0.94 v _0456_/X (sky130_fd_sc_hd__and3_2)
     1    0.00                           _0158_ (net)
                  0.04    0.00    0.94 v _0457_/A (sky130_fd_sc_hd__buf_1)
                  0.12    0.17    1.11 v _0457_/X (sky130_fd_sc_hd__buf_1)
     5    0.02                           _0159_ (net)
                  0.12    0.00    1.11 v _0465_/A (sky130_fd_sc_hd__or3_2)
                  0.11    0.56    1.67 v _0465_/X (sky130_fd_sc_hd__or3_2)
     3    0.01                           _0167_ (net)
                  0.11    0.00    1.67 v _0466_/A2 (sky130_fd_sc_hd__a21bo_2)
                  0.03    0.24    1.91 v _0466_/X (sky130_fd_sc_hd__a21bo_2)
     1    0.00                           _0168_ (net)
                  0.03    0.00    1.91 v _0473_/A1 (sky130_fd_sc_hd__a2111o_2)
                  0.08    0.45    2.36 v _0473_/X (sky130_fd_sc_hd__a2111o_2)
     4    0.01                           _0175_ (net)
                  0.08    0.00    2.36 v _0474_/A (sky130_fd_sc_hd__buf_1)
                  0.21    0.26    2.62 v _0474_/X (sky130_fd_sc_hd__buf_1)
    16    0.04                           _0176_ (net)
                  0.21    0.00    2.62 v _0587_/A2 (sky130_fd_sc_hd__o211a_2)
                  0.09    0.39    3.01 v _0587_/X (sky130_fd_sc_hd__o211a_2)
     8    0.02                           _0271_ (net)
                  0.09    0.00    3.01 v _0592_/S (sky130_fd_sc_hd__mux2_2)
                  0.05    0.29    3.30 v _0592_/X (sky130_fd_sc_hd__mux2_2)
     1    0.00                           _0274_ (net)
                  0.05    0.00    3.30 v _0593_/A (sky130_fd_sc_hd__buf_1)
                  0.02    0.09    3.38 v _0593_/X (sky130_fd_sc_hd__buf_1)
     1    0.00                           _0018_ (net)
                  0.02    0.00    3.38 v _0924_/D (sky130_fd_sc_hd__dfxtp_2)
                                  3.38   data arrival time

                  0.15   10.00   10.00   clock w_clk (rise edge)
                          0.00   10.00   clock network delay (ideal)
                         -0.25    9.75   clock uncertainty
                          0.00    9.75   clock reconvergence pessimism
                                  9.75 ^ _0924_/CLK (sky130_fd_sc_hd__dfxtp_2)
                         -0.08    9.67   library setup time
                                  9.67   data required time
-----------------------------------------------------------------------------
                                  9.67   data required time
                                 -3.38   data arrival time
-----------------------------------------------------------------------------
                                  6.29   slack (MET)


Startpoint: _1060_ (rising edge-triggered flip-flop clocked by w_clk)
Endpoint: _0925_ (rising edge-triggered flip-flop clocked by w_clk)
Path Group: w_clk
Path Type: max

Fanout     Cap    Slew   Delay    Time   Description
-----------------------------------------------------------------------------
                  0.15    0.00    0.00   clock w_clk (rise edge)
                          0.00    0.00   clock network delay (ideal)
                  0.15    0.00    0.00 ^ _1060_/CLK (sky130_fd_sc_hd__dfrtp_2)
                  0.04    0.43    0.43 v _1060_/Q (sky130_fd_sc_hd__dfrtp_2)
     1    0.00                           w_ptr_b[0] (net)
                  0.04    0.00    0.43 v _0453_/A (sky130_fd_sc_hd__buf_1)
                  0.22    0.25    0.68 v _0453_/X (sky130_fd_sc_hd__buf_1)
    13    0.04                           _0155_ (net)
                  0.22    0.00    0.68 v _0456_/A (sky130_fd_sc_hd__and3_2)
                  0.04    0.26    0.94 v _0456_/X (sky130_fd_sc_hd__and3_2)
     1    0.00                           _0158_ (net)
                  0.04    0.00    0.94 v _0457_/A (sky130_fd_sc_hd__buf_1)
                  0.12    0.17    1.11 v _0457_/X (sky130_fd_sc_hd__buf_1)
     5    0.02                           _0159_ (net)
                  0.12    0.00    1.11 v _0465_/A (sky130_fd_sc_hd__or3_2)
                  0.11    0.56    1.67 v _0465_/X (sky130_fd_sc_hd__or3_2)
     3    0.01                           _0167_ (net)
                  0.11    0.00    1.67 v _0466_/A2 (sky130_fd_sc_hd__a21bo_2)
                  0.03    0.24    1.91 v _0466_/X (sky130_fd_sc_hd__a21bo_2)
     1    0.00                           _0168_ (net)
                  0.03    0.00    1.91 v _0473_/A1 (sky130_fd_sc_hd__a2111o_2)
                  0.08    0.45    2.36 v _0473_/X (sky130_fd_sc_hd__a2111o_2)
     4    0.01                           _0175_ (net)
                  0.08    0.00    2.36 v _0474_/A (sky130_fd_sc_hd__buf_1)
                  0.21    0.26    2.62 v _0474_/X (sky130_fd_sc_hd__buf_1)
    16    0.04                           _0176_ (net)
                  0.21    0.00    2.62 v _0587_/A2 (sky130_fd_sc_hd__o211a_2)
                  0.09    0.39    3.01 v _0587_/X (sky130_fd_sc_hd__o211a_2)
     8    0.02                           _0271_ (net)
                  0.09    0.00    3.01 v _0594_/S (sky130_fd_sc_hd__mux2_2)
                  0.05    0.29    3.30 v _0594_/X (sky130_fd_sc_hd__mux2_2)
     1    0.00                           _0275_ (net)
                  0.05    0.00    3.30 v _0595_/A (sky130_fd_sc_hd__buf_1)
                  0.02    0.09    3.38 v _0595_/X (sky130_fd_sc_hd__buf_1)
     1    0.00                           _0019_ (net)
                  0.02    0.00    3.38 v _0925_/D (sky130_fd_sc_hd__dfxtp_2)
                                  3.38   data arrival time

                  0.15   10.00   10.00   clock w_clk (rise edge)
                          0.00   10.00   clock network delay (ideal)
                         -0.25    9.75   clock uncertainty
                          0.00    9.75   clock reconvergence pessimism
                                  9.75 ^ _0925_/CLK (sky130_fd_sc_hd__dfxtp_2)
                         -0.08    9.67   library setup time
                                  9.67   data required time
-----------------------------------------------------------------------------
                                  9.67   data required time
                                 -3.38   data arrival time
-----------------------------------------------------------------------------
                                  6.29   slack (MET)


Startpoint: _1060_ (rising edge-triggered flip-flop clocked by w_clk)
Endpoint: _0926_ (rising edge-triggered flip-flop clocked by w_clk)
Path Group: w_clk
Path Type: max

Fanout     Cap    Slew   Delay    Time   Description
-----------------------------------------------------------------------------
                  0.15    0.00    0.00   clock w_clk (rise edge)
                          0.00    0.00   clock network delay (ideal)
                  0.15    0.00    0.00 ^ _1060_/CLK (sky130_fd_sc_hd__dfrtp_2)
                  0.04    0.43    0.43 v _1060_/Q (sky130_fd_sc_hd__dfrtp_2)
     1    0.00                           w_ptr_b[0] (net)
                  0.04    0.00    0.43 v _0453_/A (sky130_fd_sc_hd__buf_1)
                  0.22    0.25    0.68 v _0453_/X (sky130_fd_sc_hd__buf_1)
    13    0.04                           _0155_ (net)
                  0.22    0.00    0.68 v _0456_/A (sky130_fd_sc_hd__and3_2)
                  0.04    0.26    0.94 v _0456_/X (sky130_fd_sc_hd__and3_2)
     1    0.00                           _0158_ (net)
                  0.04    0.00    0.94 v _0457_/A (sky130_fd_sc_hd__buf_1)
                  0.12    0.17    1.11 v _0457_/X (sky130_fd_sc_hd__buf_1)
     5    0.02                           _0159_ (net)
                  0.12    0.00    1.11 v _0465_/A (sky130_fd_sc_hd__or3_2)
                  0.11    0.56    1.67 v _0465_/X (sky130_fd_sc_hd__or3_2)
     3    0.01                           _0167_ (net)
                  0.11    0.00    1.67 v _0466_/A2 (sky130_fd_sc_hd__a21bo_2)
                  0.03    0.24    1.91 v _0466_/X (sky130_fd_sc_hd__a21bo_2)
     1    0.00                           _0168_ (net)
                  0.03    0.00    1.91 v _0473_/A1 (sky130_fd_sc_hd__a2111o_2)
                  0.08    0.45    2.36 v _0473_/X (sky130_fd_sc_hd__a2111o_2)
     4    0.01                           _0175_ (net)
                  0.08    0.00    2.36 v _0474_/A (sky130_fd_sc_hd__buf_1)
                  0.21    0.26    2.62 v _0474_/X (sky130_fd_sc_hd__buf_1)
    16    0.04                           _0176_ (net)
                  0.21    0.00    2.62 v _0587_/A2 (sky130_fd_sc_hd__o211a_2)
                  0.09    0.39    3.01 v _0587_/X (sky130_fd_sc_hd__o211a_2)
     8    0.02                           _0271_ (net)
                  0.09    0.00    3.01 v _0596_/S (sky130_fd_sc_hd__mux2_2)
                  0.05    0.29    3.30 v _0596_/X (sky130_fd_sc_hd__mux2_2)
     1    0.00                           _0276_ (net)
                  0.05    0.00    3.30 v _0597_/A (sky130_fd_sc_hd__buf_1)
                  0.02    0.09    3.38 v _0597_/X (sky130_fd_sc_hd__buf_1)
     1    0.00                           _0020_ (net)
                  0.02    0.00    3.38 v _0926_/D (sky130_fd_sc_hd__dfxtp_2)
                                  3.38   data arrival time

                  0.15   10.00   10.00   clock w_clk (rise edge)
                          0.00   10.00   clock network delay (ideal)
                         -0.25    9.75   clock uncertainty
                          0.00    9.75   clock reconvergence pessimism
                                  9.75 ^ _0926_/CLK (sky130_fd_sc_hd__dfxtp_2)
                         -0.08    9.67   library setup time
                                  9.67   data required time
-----------------------------------------------------------------------------
                                  9.67   data required time
                                 -3.38   data arrival time
-----------------------------------------------------------------------------
                                  6.29   slack (MET)


Startpoint: _1060_ (rising edge-triggered flip-flop clocked by w_clk)
Endpoint: _0927_ (rising edge-triggered flip-flop clocked by w_clk)
Path Group: w_clk
Path Type: max

Fanout     Cap    Slew   Delay    Time   Description
-----------------------------------------------------------------------------
                  0.15    0.00    0.00   clock w_clk (rise edge)
                          0.00    0.00   clock network delay (ideal)
                  0.15    0.00    0.00 ^ _1060_/CLK (sky130_fd_sc_hd__dfrtp_2)
                  0.04    0.43    0.43 v _1060_/Q (sky130_fd_sc_hd__dfrtp_2)
     1    0.00                           w_ptr_b[0] (net)
                  0.04    0.00    0.43 v _0453_/A (sky130_fd_sc_hd__buf_1)
                  0.22    0.25    0.68 v _0453_/X (sky130_fd_sc_hd__buf_1)
    13    0.04                           _0155_ (net)
                  0.22    0.00    0.68 v _0456_/A (sky130_fd_sc_hd__and3_2)
                  0.04    0.26    0.94 v _0456_/X (sky130_fd_sc_hd__and3_2)
     1    0.00                           _0158_ (net)
                  0.04    0.00    0.94 v _0457_/A (sky130_fd_sc_hd__buf_1)
                  0.12    0.17    1.11 v _0457_/X (sky130_fd_sc_hd__buf_1)
     5    0.02                           _0159_ (net)
                  0.12    0.00    1.11 v _0465_/A (sky130_fd_sc_hd__or3_2)
                  0.11    0.56    1.67 v _0465_/X (sky130_fd_sc_hd__or3_2)
     3    0.01                           _0167_ (net)
                  0.11    0.00    1.67 v _0466_/A2 (sky130_fd_sc_hd__a21bo_2)
                  0.03    0.24    1.91 v _0466_/X (sky130_fd_sc_hd__a21bo_2)
     1    0.00                           _0168_ (net)
                  0.03    0.00    1.91 v _0473_/A1 (sky130_fd_sc_hd__a2111o_2)
                  0.08    0.45    2.36 v _0473_/X (sky130_fd_sc_hd__a2111o_2)
     4    0.01                           _0175_ (net)
                  0.08    0.00    2.36 v _0474_/A (sky130_fd_sc_hd__buf_1)
                  0.21    0.26    2.62 v _0474_/X (sky130_fd_sc_hd__buf_1)
    16    0.04                           _0176_ (net)
                  0.21    0.00    2.62 v _0587_/A2 (sky130_fd_sc_hd__o211a_2)
                  0.09    0.39    3.01 v _0587_/X (sky130_fd_sc_hd__o211a_2)
     8    0.02                           _0271_ (net)
                  0.09    0.00    3.01 v _0598_/S (sky130_fd_sc_hd__mux2_2)
                  0.05    0.29    3.30 v _0598_/X (sky130_fd_sc_hd__mux2_2)
     1    0.00                           _0277_ (net)
                  0.05    0.00    3.30 v _0599_/A (sky130_fd_sc_hd__buf_1)
                  0.02    0.09    3.38 v _0599_/X (sky130_fd_sc_hd__buf_1)
     1    0.00                           _0021_ (net)
                  0.02    0.00    3.38 v _0927_/D (sky130_fd_sc_hd__dfxtp_2)
                                  3.38   data arrival time

                  0.15   10.00   10.00   clock w_clk (rise edge)
                          0.00   10.00   clock network delay (ideal)
                         -0.25    9.75   clock uncertainty
                          0.00    9.75   clock reconvergence pessimism
                                  9.75 ^ _0927_/CLK (sky130_fd_sc_hd__dfxtp_2)
                         -0.08    9.67   library setup time
                                  9.67   data required time
-----------------------------------------------------------------------------
                                  9.67   data required time
                                 -3.38   data arrival time
-----------------------------------------------------------------------------
                                  6.29   slack (MET)


Startpoint: _1060_ (rising edge-triggered flip-flop clocked by w_clk)
Endpoint: _0928_ (rising edge-triggered flip-flop clocked by w_clk)
Path Group: w_clk
Path Type: max

Fanout     Cap    Slew   Delay    Time   Description
-----------------------------------------------------------------------------
                  0.15    0.00    0.00   clock w_clk (rise edge)
                          0.00    0.00   clock network delay (ideal)
                  0.15    0.00    0.00 ^ _1060_/CLK (sky130_fd_sc_hd__dfrtp_2)
                  0.04    0.43    0.43 v _1060_/Q (sky130_fd_sc_hd__dfrtp_2)
     1    0.00                           w_ptr_b[0] (net)
                  0.04    0.00    0.43 v _0453_/A (sky130_fd_sc_hd__buf_1)
                  0.22    0.25    0.68 v _0453_/X (sky130_fd_sc_hd__buf_1)
    13    0.04                           _0155_ (net)
                  0.22    0.00    0.68 v _0456_/A (sky130_fd_sc_hd__and3_2)
                  0.04    0.26    0.94 v _0456_/X (sky130_fd_sc_hd__and3_2)
     1    0.00                           _0158_ (net)
                  0.04    0.00    0.94 v _0457_/A (sky130_fd_sc_hd__buf_1)
                  0.12    0.17    1.11 v _0457_/X (sky130_fd_sc_hd__buf_1)
     5    0.02                           _0159_ (net)
                  0.12    0.00    1.11 v _0465_/A (sky130_fd_sc_hd__or3_2)
                  0.11    0.56    1.67 v _0465_/X (sky130_fd_sc_hd__or3_2)
     3    0.01                           _0167_ (net)
                  0.11    0.00    1.67 v _0466_/A2 (sky130_fd_sc_hd__a21bo_2)
                  0.03    0.24    1.91 v _0466_/X (sky130_fd_sc_hd__a21bo_2)
     1    0.00                           _0168_ (net)
                  0.03    0.00    1.91 v _0473_/A1 (sky130_fd_sc_hd__a2111o_2)
                  0.08    0.45    2.36 v _0473_/X (sky130_fd_sc_hd__a2111o_2)
     4    0.01                           _0175_ (net)
                  0.08    0.00    2.36 v _0474_/A (sky130_fd_sc_hd__buf_1)
                  0.21    0.26    2.62 v _0474_/X (sky130_fd_sc_hd__buf_1)
    16    0.04                           _0176_ (net)
                  0.21    0.00    2.62 v _0587_/A2 (sky130_fd_sc_hd__o211a_2)
                  0.09    0.39    3.01 v _0587_/X (sky130_fd_sc_hd__o211a_2)
     8    0.02                           _0271_ (net)
                  0.09    0.00    3.01 v _0600_/S (sky130_fd_sc_hd__mux2_2)
                  0.05    0.29    3.30 v _0600_/X (sky130_fd_sc_hd__mux2_2)
     1    0.00                           _0278_ (net)
                  0.05    0.00    3.30 v _0601_/A (sky130_fd_sc_hd__buf_1)
                  0.02    0.09    3.38 v _0601_/X (sky130_fd_sc_hd__buf_1)
     1    0.00                           _0022_ (net)
                  0.02    0.00    3.38 v _0928_/D (sky130_fd_sc_hd__dfxtp_2)
                                  3.38   data arrival time

                  0.15   10.00   10.00   clock w_clk (rise edge)
                          0.00   10.00   clock network delay (ideal)
                         -0.25    9.75   clock uncertainty
                          0.00    9.75   clock reconvergence pessimism
                                  9.75 ^ _0928_/CLK (sky130_fd_sc_hd__dfxtp_2)
                         -0.08    9.67   library setup time
                                  9.67   data required time
-----------------------------------------------------------------------------
                                  9.67   data required time
                                 -3.38   data arrival time
-----------------------------------------------------------------------------
                                  6.29   slack (MET)


Startpoint: _1060_ (rising edge-triggered flip-flop clocked by w_clk)
Endpoint: _0929_ (rising edge-triggered flip-flop clocked by w_clk)
Path Group: w_clk
Path Type: max

Fanout     Cap    Slew   Delay    Time   Description
-----------------------------------------------------------------------------
                  0.15    0.00    0.00   clock w_clk (rise edge)
                          0.00    0.00   clock network delay (ideal)
                  0.15    0.00    0.00 ^ _1060_/CLK (sky130_fd_sc_hd__dfrtp_2)
                  0.04    0.43    0.43 v _1060_/Q (sky130_fd_sc_hd__dfrtp_2)
     1    0.00                           w_ptr_b[0] (net)
                  0.04    0.00    0.43 v _0453_/A (sky130_fd_sc_hd__buf_1)
                  0.22    0.25    0.68 v _0453_/X (sky130_fd_sc_hd__buf_1)
    13    0.04                           _0155_ (net)
                  0.22    0.00    0.68 v _0456_/A (sky130_fd_sc_hd__and3_2)
                  0.04    0.26    0.94 v _0456_/X (sky130_fd_sc_hd__and3_2)
     1    0.00                           _0158_ (net)
                  0.04    0.00    0.94 v _0457_/A (sky130_fd_sc_hd__buf_1)
                  0.12    0.17    1.11 v _0457_/X (sky130_fd_sc_hd__buf_1)
     5    0.02                           _0159_ (net)
                  0.12    0.00    1.11 v _0465_/A (sky130_fd_sc_hd__or3_2)
                  0.11    0.56    1.67 v _0465_/X (sky130_fd_sc_hd__or3_2)
     3    0.01                           _0167_ (net)
                  0.11    0.00    1.67 v _0466_/A2 (sky130_fd_sc_hd__a21bo_2)
                  0.03    0.24    1.91 v _0466_/X (sky130_fd_sc_hd__a21bo_2)
     1    0.00                           _0168_ (net)
                  0.03    0.00    1.91 v _0473_/A1 (sky130_fd_sc_hd__a2111o_2)
                  0.08    0.45    2.36 v _0473_/X (sky130_fd_sc_hd__a2111o_2)
     4    0.01                           _0175_ (net)
                  0.08    0.00    2.36 v _0474_/A (sky130_fd_sc_hd__buf_1)
                  0.21    0.26    2.62 v _0474_/X (sky130_fd_sc_hd__buf_1)
    16    0.04                           _0176_ (net)
                  0.21    0.00    2.62 v _0587_/A2 (sky130_fd_sc_hd__o211a_2)
                  0.09    0.39    3.01 v _0587_/X (sky130_fd_sc_hd__o211a_2)
     8    0.02                           _0271_ (net)
                  0.09    0.00    3.01 v _0602_/S (sky130_fd_sc_hd__mux2_2)
                  0.05    0.29    3.30 v _0602_/X (sky130_fd_sc_hd__mux2_2)
     1    0.00                           _0279_ (net)
                  0.05    0.00    3.30 v _0603_/A (sky130_fd_sc_hd__buf_1)
                  0.02    0.09    3.38 v _0603_/X (sky130_fd_sc_hd__buf_1)
     1    0.00                           _0023_ (net)
                  0.02    0.00    3.38 v _0929_/D (sky130_fd_sc_hd__dfxtp_2)
                                  3.38   data arrival time

                  0.15   10.00   10.00   clock w_clk (rise edge)
                          0.00   10.00   clock network delay (ideal)
                         -0.25    9.75   clock uncertainty
                          0.00    9.75   clock reconvergence pessimism
                                  9.75 ^ _0929_/CLK (sky130_fd_sc_hd__dfxtp_2)
                         -0.08    9.67   library setup time
                                  9.67   data required time
-----------------------------------------------------------------------------
                                  9.67   data required time
                                 -3.38   data arrival time
-----------------------------------------------------------------------------
                                  6.29   slack (MET)


Startpoint: _1060_ (rising edge-triggered flip-flop clocked by w_clk)
Endpoint: _0930_ (rising edge-triggered flip-flop clocked by w_clk)
Path Group: w_clk
Path Type: max

Fanout     Cap    Slew   Delay    Time   Description
-----------------------------------------------------------------------------
                  0.15    0.00    0.00   clock w_clk (rise edge)
                          0.00    0.00   clock network delay (ideal)
                  0.15    0.00    0.00 ^ _1060_/CLK (sky130_fd_sc_hd__dfrtp_2)
                  0.04    0.43    0.43 v _1060_/Q (sky130_fd_sc_hd__dfrtp_2)
     1    0.00                           w_ptr_b[0] (net)
                  0.04    0.00    0.43 v _0453_/A (sky130_fd_sc_hd__buf_1)
                  0.22    0.25    0.68 v _0453_/X (sky130_fd_sc_hd__buf_1)
    13    0.04                           _0155_ (net)
                  0.22    0.00    0.68 v _0456_/A (sky130_fd_sc_hd__and3_2)
                  0.04    0.26    0.94 v _0456_/X (sky130_fd_sc_hd__and3_2)
     1    0.00                           _0158_ (net)
                  0.04    0.00    0.94 v _0457_/A (sky130_fd_sc_hd__buf_1)
                  0.12    0.17    1.11 v _0457_/X (sky130_fd_sc_hd__buf_1)
     5    0.02                           _0159_ (net)
                  0.12    0.00    1.11 v _0465_/A (sky130_fd_sc_hd__or3_2)
                  0.11    0.56    1.67 v _0465_/X (sky130_fd_sc_hd__or3_2)
     3    0.01                           _0167_ (net)
                  0.11    0.00    1.67 v _0466_/A2 (sky130_fd_sc_hd__a21bo_2)
                  0.03    0.24    1.91 v _0466_/X (sky130_fd_sc_hd__a21bo_2)
     1    0.00                           _0168_ (net)
                  0.03    0.00    1.91 v _0473_/A1 (sky130_fd_sc_hd__a2111o_2)
                  0.08    0.45    2.36 v _0473_/X (sky130_fd_sc_hd__a2111o_2)
     4    0.01                           _0175_ (net)
                  0.08    0.00    2.36 v _0474_/A (sky130_fd_sc_hd__buf_1)
                  0.21    0.26    2.62 v _0474_/X (sky130_fd_sc_hd__buf_1)
    16    0.04                           _0176_ (net)
                  0.21    0.00    2.62 v _0606_/A2 (sky130_fd_sc_hd__o211a_2)
                  0.09    0.39    3.01 v _0606_/X (sky130_fd_sc_hd__o211a_2)
     8    0.02                           _0282_ (net)
                  0.09    0.00    3.01 v _0607_/S (sky130_fd_sc_hd__mux2_2)
                  0.05    0.29    3.30 v _0607_/X (sky130_fd_sc_hd__mux2_2)
     1    0.00                           _0283_ (net)
                  0.05    0.00    3.30 v _0608_/A (sky130_fd_sc_hd__buf_1)
                  0.02    0.09    3.38 v _0608_/X (sky130_fd_sc_hd__buf_1)
     1    0.00                           _0024_ (net)
                  0.02    0.00    3.38 v _0930_/D (sky130_fd_sc_hd__dfxtp_2)
                                  3.38   data arrival time

                  0.15   10.00   10.00   clock w_clk (rise edge)
                          0.00   10.00   clock network delay (ideal)
                         -0.25    9.75   clock uncertainty
                          0.00    9.75   clock reconvergence pessimism
                                  9.75 ^ _0930_/CLK (sky130_fd_sc_hd__dfxtp_2)
                         -0.08    9.67   library setup time
                                  9.67   data required time
-----------------------------------------------------------------------------
                                  9.67   data required time
                                 -3.38   data arrival time
-----------------------------------------------------------------------------
                                  6.29   slack (MET)


Startpoint: _1060_ (rising edge-triggered flip-flop clocked by w_clk)
Endpoint: _0931_ (rising edge-triggered flip-flop clocked by w_clk)
Path Group: w_clk
Path Type: max

Fanout     Cap    Slew   Delay    Time   Description
-----------------------------------------------------------------------------
                  0.15    0.00    0.00   clock w_clk (rise edge)
                          0.00    0.00   clock network delay (ideal)
                  0.15    0.00    0.00 ^ _1060_/CLK (sky130_fd_sc_hd__dfrtp_2)
                  0.04    0.43    0.43 v _1060_/Q (sky130_fd_sc_hd__dfrtp_2)
     1    0.00                           w_ptr_b[0] (net)
                  0.04    0.00    0.43 v _0453_/A (sky130_fd_sc_hd__buf_1)
                  0.22    0.25    0.68 v _0453_/X (sky130_fd_sc_hd__buf_1)
    13    0.04                           _0155_ (net)
                  0.22    0.00    0.68 v _0456_/A (sky130_fd_sc_hd__and3_2)
                  0.04    0.26    0.94 v _0456_/X (sky130_fd_sc_hd__and3_2)
     1    0.00                           _0158_ (net)
                  0.04    0.00    0.94 v _0457_/A (sky130_fd_sc_hd__buf_1)
                  0.12    0.17    1.11 v _0457_/X (sky130_fd_sc_hd__buf_1)
     5    0.02                           _0159_ (net)
                  0.12    0.00    1.11 v _0465_/A (sky130_fd_sc_hd__or3_2)
                  0.11    0.56    1.67 v _0465_/X (sky130_fd_sc_hd__or3_2)
     3    0.01                           _0167_ (net)
                  0.11    0.00    1.67 v _0466_/A2 (sky130_fd_sc_hd__a21bo_2)
                  0.03    0.24    1.91 v _0466_/X (sky130_fd_sc_hd__a21bo_2)
     1    0.00                           _0168_ (net)
                  0.03    0.00    1.91 v _0473_/A1 (sky130_fd_sc_hd__a2111o_2)
                  0.08    0.45    2.36 v _0473_/X (sky130_fd_sc_hd__a2111o_2)
     4    0.01                           _0175_ (net)
                  0.08    0.00    2.36 v _0474_/A (sky130_fd_sc_hd__buf_1)
                  0.21    0.26    2.62 v _0474_/X (sky130_fd_sc_hd__buf_1)
    16    0.04                           _0176_ (net)
                  0.21    0.00    2.62 v _0606_/A2 (sky130_fd_sc_hd__o211a_2)
                  0.09    0.39    3.01 v _0606_/X (sky130_fd_sc_hd__o211a_2)
     8    0.02                           _0282_ (net)
                  0.09    0.00    3.01 v _0609_/S (sky130_fd_sc_hd__mux2_2)
                  0.05    0.29    3.30 v _0609_/X (sky130_fd_sc_hd__mux2_2)
     1    0.00                           _0284_ (net)
                  0.05    0.00    3.30 v _0610_/A (sky130_fd_sc_hd__buf_1)
                  0.02    0.09    3.38 v _0610_/X (sky130_fd_sc_hd__buf_1)
     1    0.00                           _0025_ (net)
                  0.02    0.00    3.38 v _0931_/D (sky130_fd_sc_hd__dfxtp_2)
                                  3.38   data arrival time

                  0.15   10.00   10.00   clock w_clk (rise edge)
                          0.00   10.00   clock network delay (ideal)
                         -0.25    9.75   clock uncertainty
                          0.00    9.75   clock reconvergence pessimism
                                  9.75 ^ _0931_/CLK (sky130_fd_sc_hd__dfxtp_2)
                         -0.08    9.67   library setup time
                                  9.67   data required time
-----------------------------------------------------------------------------
                                  9.67   data required time
                                 -3.38   data arrival time
-----------------------------------------------------------------------------
                                  6.29   slack (MET)


Startpoint: _1060_ (rising edge-triggered flip-flop clocked by w_clk)
Endpoint: _0932_ (rising edge-triggered flip-flop clocked by w_clk)
Path Group: w_clk
Path Type: max

Fanout     Cap    Slew   Delay    Time   Description
-----------------------------------------------------------------------------
                  0.15    0.00    0.00   clock w_clk (rise edge)
                          0.00    0.00   clock network delay (ideal)
                  0.15    0.00    0.00 ^ _1060_/CLK (sky130_fd_sc_hd__dfrtp_2)
                  0.04    0.43    0.43 v _1060_/Q (sky130_fd_sc_hd__dfrtp_2)
     1    0.00                           w_ptr_b[0] (net)
                  0.04    0.00    0.43 v _0453_/A (sky130_fd_sc_hd__buf_1)
                  0.22    0.25    0.68 v _0453_/X (sky130_fd_sc_hd__buf_1)
    13    0.04                           _0155_ (net)
                  0.22    0.00    0.68 v _0456_/A (sky130_fd_sc_hd__and3_2)
                  0.04    0.26    0.94 v _0456_/X (sky130_fd_sc_hd__and3_2)
     1    0.00                           _0158_ (net)
                  0.04    0.00    0.94 v _0457_/A (sky130_fd_sc_hd__buf_1)
                  0.12    0.17    1.11 v _0457_/X (sky130_fd_sc_hd__buf_1)
     5    0.02                           _0159_ (net)
                  0.12    0.00    1.11 v _0465_/A (sky130_fd_sc_hd__or3_2)
                  0.11    0.56    1.67 v _0465_/X (sky130_fd_sc_hd__or3_2)
     3    0.01                           _0167_ (net)
                  0.11    0.00    1.67 v _0466_/A2 (sky130_fd_sc_hd__a21bo_2)
                  0.03    0.24    1.91 v _0466_/X (sky130_fd_sc_hd__a21bo_2)
     1    0.00                           _0168_ (net)
                  0.03    0.00    1.91 v _0473_/A1 (sky130_fd_sc_hd__a2111o_2)
                  0.08    0.45    2.36 v _0473_/X (sky130_fd_sc_hd__a2111o_2)
     4    0.01                           _0175_ (net)
                  0.08    0.00    2.36 v _0474_/A (sky130_fd_sc_hd__buf_1)
                  0.21    0.26    2.62 v _0474_/X (sky130_fd_sc_hd__buf_1)
    16    0.04                           _0176_ (net)
                  0.21    0.00    2.62 v _0606_/A2 (sky130_fd_sc_hd__o211a_2)
                  0.09    0.39    3.01 v _0606_/X (sky130_fd_sc_hd__o211a_2)
     8    0.02                           _0282_ (net)
                  0.09    0.00    3.01 v _0611_/S (sky130_fd_sc_hd__mux2_2)
                  0.05    0.29    3.30 v _0611_/X (sky130_fd_sc_hd__mux2_2)
     1    0.00                           _0285_ (net)
                  0.05    0.00    3.30 v _0612_/A (sky130_fd_sc_hd__buf_1)
                  0.02    0.09    3.38 v _0612_/X (sky130_fd_sc_hd__buf_1)
     1    0.00                           _0026_ (net)
                  0.02    0.00    3.38 v _0932_/D (sky130_fd_sc_hd__dfxtp_2)
                                  3.38   data arrival time

                  0.15   10.00   10.00   clock w_clk (rise edge)
                          0.00   10.00   clock network delay (ideal)
                         -0.25    9.75   clock uncertainty
                          0.00    9.75   clock reconvergence pessimism
                                  9.75 ^ _0932_/CLK (sky130_fd_sc_hd__dfxtp_2)
                         -0.08    9.67   library setup time
                                  9.67   data required time
-----------------------------------------------------------------------------
                                  9.67   data required time
                                 -3.38   data arrival time
-----------------------------------------------------------------------------
                                  6.29   slack (MET)


Startpoint: _1060_ (rising edge-triggered flip-flop clocked by w_clk)
Endpoint: _0933_ (rising edge-triggered flip-flop clocked by w_clk)
Path Group: w_clk
Path Type: max

Fanout     Cap    Slew   Delay    Time   Description
-----------------------------------------------------------------------------
                  0.15    0.00    0.00   clock w_clk (rise edge)
                          0.00    0.00   clock network delay (ideal)
                  0.15    0.00    0.00 ^ _1060_/CLK (sky130_fd_sc_hd__dfrtp_2)
                  0.04    0.43    0.43 v _1060_/Q (sky130_fd_sc_hd__dfrtp_2)
     1    0.00                           w_ptr_b[0] (net)
                  0.04    0.00    0.43 v _0453_/A (sky130_fd_sc_hd__buf_1)
                  0.22    0.25    0.68 v _0453_/X (sky130_fd_sc_hd__buf_1)
    13    0.04                           _0155_ (net)
                  0.22    0.00    0.68 v _0456_/A (sky130_fd_sc_hd__and3_2)
                  0.04    0.26    0.94 v _0456_/X (sky130_fd_sc_hd__and3_2)
     1    0.00                           _0158_ (net)
                  0.04    0.00    0.94 v _0457_/A (sky130_fd_sc_hd__buf_1)
                  0.12    0.17    1.11 v _0457_/X (sky130_fd_sc_hd__buf_1)
     5    0.02                           _0159_ (net)
                  0.12    0.00    1.11 v _0465_/A (sky130_fd_sc_hd__or3_2)
                  0.11    0.56    1.67 v _0465_/X (sky130_fd_sc_hd__or3_2)
     3    0.01                           _0167_ (net)
                  0.11    0.00    1.67 v _0466_/A2 (sky130_fd_sc_hd__a21bo_2)
                  0.03    0.24    1.91 v _0466_/X (sky130_fd_sc_hd__a21bo_2)
     1    0.00                           _0168_ (net)
                  0.03    0.00    1.91 v _0473_/A1 (sky130_fd_sc_hd__a2111o_2)
                  0.08    0.45    2.36 v _0473_/X (sky130_fd_sc_hd__a2111o_2)
     4    0.01                           _0175_ (net)
                  0.08    0.00    2.36 v _0474_/A (sky130_fd_sc_hd__buf_1)
                  0.21    0.26    2.62 v _0474_/X (sky130_fd_sc_hd__buf_1)
    16    0.04                           _0176_ (net)
                  0.21    0.00    2.62 v _0606_/A2 (sky130_fd_sc_hd__o211a_2)
                  0.09    0.39    3.01 v _0606_/X (sky130_fd_sc_hd__o211a_2)
     8    0.02                           _0282_ (net)
                  0.09    0.00    3.01 v _0613_/S (sky130_fd_sc_hd__mux2_2)
                  0.05    0.29    3.30 v _0613_/X (sky130_fd_sc_hd__mux2_2)
     1    0.00                           _0286_ (net)
                  0.05    0.00    3.30 v _0614_/A (sky130_fd_sc_hd__buf_1)
                  0.02    0.09    3.38 v _0614_/X (sky130_fd_sc_hd__buf_1)
     1    0.00                           _0027_ (net)
                  0.02    0.00    3.38 v _0933_/D (sky130_fd_sc_hd__dfxtp_2)
                                  3.38   data arrival time

                  0.15   10.00   10.00   clock w_clk (rise edge)
                          0.00   10.00   clock network delay (ideal)
                         -0.25    9.75   clock uncertainty
                          0.00    9.75   clock reconvergence pessimism
                                  9.75 ^ _0933_/CLK (sky130_fd_sc_hd__dfxtp_2)
                         -0.08    9.67   library setup time
                                  9.67   data required time
-----------------------------------------------------------------------------
                                  9.67   data required time
                                 -3.38   data arrival time
-----------------------------------------------------------------------------
                                  6.29   slack (MET)


Startpoint: _1060_ (rising edge-triggered flip-flop clocked by w_clk)
Endpoint: _0934_ (rising edge-triggered flip-flop clocked by w_clk)
Path Group: w_clk
Path Type: max

Fanout     Cap    Slew   Delay    Time   Description
-----------------------------------------------------------------------------
                  0.15    0.00    0.00   clock w_clk (rise edge)
                          0.00    0.00   clock network delay (ideal)
                  0.15    0.00    0.00 ^ _1060_/CLK (sky130_fd_sc_hd__dfrtp_2)
                  0.04    0.43    0.43 v _1060_/Q (sky130_fd_sc_hd__dfrtp_2)
     1    0.00                           w_ptr_b[0] (net)
                  0.04    0.00    0.43 v _0453_/A (sky130_fd_sc_hd__buf_1)
                  0.22    0.25    0.68 v _0453_/X (sky130_fd_sc_hd__buf_1)
    13    0.04                           _0155_ (net)
                  0.22    0.00    0.68 v _0456_/A (sky130_fd_sc_hd__and3_2)
                  0.04    0.26    0.94 v _0456_/X (sky130_fd_sc_hd__and3_2)
     1    0.00                           _0158_ (net)
                  0.04    0.00    0.94 v _0457_/A (sky130_fd_sc_hd__buf_1)
                  0.12    0.17    1.11 v _0457_/X (sky130_fd_sc_hd__buf_1)
     5    0.02                           _0159_ (net)
                  0.12    0.00    1.11 v _0465_/A (sky130_fd_sc_hd__or3_2)
                  0.11    0.56    1.67 v _0465_/X (sky130_fd_sc_hd__or3_2)
     3    0.01                           _0167_ (net)
                  0.11    0.00    1.67 v _0466_/A2 (sky130_fd_sc_hd__a21bo_2)
                  0.03    0.24    1.91 v _0466_/X (sky130_fd_sc_hd__a21bo_2)
     1    0.00                           _0168_ (net)
                  0.03    0.00    1.91 v _0473_/A1 (sky130_fd_sc_hd__a2111o_2)
                  0.08    0.45    2.36 v _0473_/X (sky130_fd_sc_hd__a2111o_2)
     4    0.01                           _0175_ (net)
                  0.08    0.00    2.36 v _0474_/A (sky130_fd_sc_hd__buf_1)
                  0.21    0.26    2.62 v _0474_/X (sky130_fd_sc_hd__buf_1)
    16    0.04                           _0176_ (net)
                  0.21    0.00    2.62 v _0606_/A2 (sky130_fd_sc_hd__o211a_2)
                  0.09    0.39    3.01 v _0606_/X (sky130_fd_sc_hd__o211a_2)
     8    0.02                           _0282_ (net)
                  0.09    0.00    3.01 v _0615_/S (sky130_fd_sc_hd__mux2_2)
                  0.05    0.29    3.30 v _0615_/X (sky130_fd_sc_hd__mux2_2)
     1    0.00                           _0287_ (net)
                  0.05    0.00    3.30 v _0616_/A (sky130_fd_sc_hd__buf_1)
                  0.02    0.09    3.38 v _0616_/X (sky130_fd_sc_hd__buf_1)
     1    0.00                           _0028_ (net)
                  0.02    0.00    3.38 v _0934_/D (sky130_fd_sc_hd__dfxtp_2)
                                  3.38   data arrival time

                  0.15   10.00   10.00   clock w_clk (rise edge)
                          0.00   10.00   clock network delay (ideal)
                         -0.25    9.75   clock uncertainty
                          0.00    9.75   clock reconvergence pessimism
                                  9.75 ^ _0934_/CLK (sky130_fd_sc_hd__dfxtp_2)
                         -0.08    9.67   library setup time
                                  9.67   data required time
-----------------------------------------------------------------------------
                                  9.67   data required time
                                 -3.38   data arrival time
-----------------------------------------------------------------------------
                                  6.29   slack (MET)


Startpoint: _1060_ (rising edge-triggered flip-flop clocked by w_clk)
Endpoint: _0935_ (rising edge-triggered flip-flop clocked by w_clk)
Path Group: w_clk
Path Type: max

Fanout     Cap    Slew   Delay    Time   Description
-----------------------------------------------------------------------------
                  0.15    0.00    0.00   clock w_clk (rise edge)
                          0.00    0.00   clock network delay (ideal)
                  0.15    0.00    0.00 ^ _1060_/CLK (sky130_fd_sc_hd__dfrtp_2)
                  0.04    0.43    0.43 v _1060_/Q (sky130_fd_sc_hd__dfrtp_2)
     1    0.00                           w_ptr_b[0] (net)
                  0.04    0.00    0.43 v _0453_/A (sky130_fd_sc_hd__buf_1)
                  0.22    0.25    0.68 v _0453_/X (sky130_fd_sc_hd__buf_1)
    13    0.04                           _0155_ (net)
                  0.22    0.00    0.68 v _0456_/A (sky130_fd_sc_hd__and3_2)
                  0.04    0.26    0.94 v _0456_/X (sky130_fd_sc_hd__and3_2)
     1    0.00                           _0158_ (net)
                  0.04    0.00    0.94 v _0457_/A (sky130_fd_sc_hd__buf_1)
                  0.12    0.17    1.11 v _0457_/X (sky130_fd_sc_hd__buf_1)
     5    0.02                           _0159_ (net)
                  0.12    0.00    1.11 v _0465_/A (sky130_fd_sc_hd__or3_2)
                  0.11    0.56    1.67 v _0465_/X (sky130_fd_sc_hd__or3_2)
     3    0.01                           _0167_ (net)
                  0.11    0.00    1.67 v _0466_/A2 (sky130_fd_sc_hd__a21bo_2)
                  0.03    0.24    1.91 v _0466_/X (sky130_fd_sc_hd__a21bo_2)
     1    0.00                           _0168_ (net)
                  0.03    0.00    1.91 v _0473_/A1 (sky130_fd_sc_hd__a2111o_2)
                  0.08    0.45    2.36 v _0473_/X (sky130_fd_sc_hd__a2111o_2)
     4    0.01                           _0175_ (net)
                  0.08    0.00    2.36 v _0474_/A (sky130_fd_sc_hd__buf_1)
                  0.21    0.26    2.62 v _0474_/X (sky130_fd_sc_hd__buf_1)
    16    0.04                           _0176_ (net)
                  0.21    0.00    2.62 v _0606_/A2 (sky130_fd_sc_hd__o211a_2)
                  0.09    0.39    3.01 v _0606_/X (sky130_fd_sc_hd__o211a_2)
     8    0.02                           _0282_ (net)
                  0.09    0.00    3.01 v _0617_/S (sky130_fd_sc_hd__mux2_2)
                  0.05    0.29    3.30 v _0617_/X (sky130_fd_sc_hd__mux2_2)
     1    0.00                           _0288_ (net)
                  0.05    0.00    3.30 v _0618_/A (sky130_fd_sc_hd__buf_1)
                  0.02    0.09    3.38 v _0618_/X (sky130_fd_sc_hd__buf_1)
     1    0.00                           _0029_ (net)
                  0.02    0.00    3.38 v _0935_/D (sky130_fd_sc_hd__dfxtp_2)
                                  3.38   data arrival time

                  0.15   10.00   10.00   clock w_clk (rise edge)
                          0.00   10.00   clock network delay (ideal)
                         -0.25    9.75   clock uncertainty
                          0.00    9.75   clock reconvergence pessimism
                                  9.75 ^ _0935_/CLK (sky130_fd_sc_hd__dfxtp_2)
                         -0.08    9.67   library setup time
                                  9.67   data required time
-----------------------------------------------------------------------------
                                  9.67   data required time
                                 -3.38   data arrival time
-----------------------------------------------------------------------------
                                  6.29   slack (MET)


Startpoint: _1060_ (rising edge-triggered flip-flop clocked by w_clk)
Endpoint: _0936_ (rising edge-triggered flip-flop clocked by w_clk)
Path Group: w_clk
Path Type: max

Fanout     Cap    Slew   Delay    Time   Description
-----------------------------------------------------------------------------
                  0.15    0.00    0.00   clock w_clk (rise edge)
                          0.00    0.00   clock network delay (ideal)
                  0.15    0.00    0.00 ^ _1060_/CLK (sky130_fd_sc_hd__dfrtp_2)
                  0.04    0.43    0.43 v _1060_/Q (sky130_fd_sc_hd__dfrtp_2)
     1    0.00                           w_ptr_b[0] (net)
                  0.04    0.00    0.43 v _0453_/A (sky130_fd_sc_hd__buf_1)
                  0.22    0.25    0.68 v _0453_/X (sky130_fd_sc_hd__buf_1)
    13    0.04                           _0155_ (net)
                  0.22    0.00    0.68 v _0456_/A (sky130_fd_sc_hd__and3_2)
                  0.04    0.26    0.94 v _0456_/X (sky130_fd_sc_hd__and3_2)
     1    0.00                           _0158_ (net)
                  0.04    0.00    0.94 v _0457_/A (sky130_fd_sc_hd__buf_1)
                  0.12    0.17    1.11 v _0457_/X (sky130_fd_sc_hd__buf_1)
     5    0.02                           _0159_ (net)
                  0.12    0.00    1.11 v _0465_/A (sky130_fd_sc_hd__or3_2)
                  0.11    0.56    1.67 v _0465_/X (sky130_fd_sc_hd__or3_2)
     3    0.01                           _0167_ (net)
                  0.11    0.00    1.67 v _0466_/A2 (sky130_fd_sc_hd__a21bo_2)
                  0.03    0.24    1.91 v _0466_/X (sky130_fd_sc_hd__a21bo_2)
     1    0.00                           _0168_ (net)
                  0.03    0.00    1.91 v _0473_/A1 (sky130_fd_sc_hd__a2111o_2)
                  0.08    0.45    2.36 v _0473_/X (sky130_fd_sc_hd__a2111o_2)
     4    0.01                           _0175_ (net)
                  0.08    0.00    2.36 v _0474_/A (sky130_fd_sc_hd__buf_1)
                  0.21    0.26    2.62 v _0474_/X (sky130_fd_sc_hd__buf_1)
    16    0.04                           _0176_ (net)
                  0.21    0.00    2.62 v _0606_/A2 (sky130_fd_sc_hd__o211a_2)
                  0.09    0.39    3.01 v _0606_/X (sky130_fd_sc_hd__o211a_2)
     8    0.02                           _0282_ (net)
                  0.09    0.00    3.01 v _0619_/S (sky130_fd_sc_hd__mux2_2)
                  0.05    0.29    3.30 v _0619_/X (sky130_fd_sc_hd__mux2_2)
     1    0.00                           _0289_ (net)
                  0.05    0.00    3.30 v _0620_/A (sky130_fd_sc_hd__buf_1)
                  0.02    0.09    3.38 v _0620_/X (sky130_fd_sc_hd__buf_1)
     1    0.00                           _0030_ (net)
                  0.02    0.00    3.38 v _0936_/D (sky130_fd_sc_hd__dfxtp_2)
                                  3.38   data arrival time

                  0.15   10.00   10.00   clock w_clk (rise edge)
                          0.00   10.00   clock network delay (ideal)
                         -0.25    9.75   clock uncertainty
                          0.00    9.75   clock reconvergence pessimism
                                  9.75 ^ _0936_/CLK (sky130_fd_sc_hd__dfxtp_2)
                         -0.08    9.67   library setup time
                                  9.67   data required time
-----------------------------------------------------------------------------
                                  9.67   data required time
                                 -3.38   data arrival time
-----------------------------------------------------------------------------
                                  6.29   slack (MET)


Startpoint: _1060_ (rising edge-triggered flip-flop clocked by w_clk)
Endpoint: _0937_ (rising edge-triggered flip-flop clocked by w_clk)
Path Group: w_clk
Path Type: max

Fanout     Cap    Slew   Delay    Time   Description
-----------------------------------------------------------------------------
                  0.15    0.00    0.00   clock w_clk (rise edge)
                          0.00    0.00   clock network delay (ideal)
                  0.15    0.00    0.00 ^ _1060_/CLK (sky130_fd_sc_hd__dfrtp_2)
                  0.04    0.43    0.43 v _1060_/Q (sky130_fd_sc_hd__dfrtp_2)
     1    0.00                           w_ptr_b[0] (net)
                  0.04    0.00    0.43 v _0453_/A (sky130_fd_sc_hd__buf_1)
                  0.22    0.25    0.68 v _0453_/X (sky130_fd_sc_hd__buf_1)
    13    0.04                           _0155_ (net)
                  0.22    0.00    0.68 v _0456_/A (sky130_fd_sc_hd__and3_2)
                  0.04    0.26    0.94 v _0456_/X (sky130_fd_sc_hd__and3_2)
     1    0.00                           _0158_ (net)
                  0.04    0.00    0.94 v _0457_/A (sky130_fd_sc_hd__buf_1)
                  0.12    0.17    1.11 v _0457_/X (sky130_fd_sc_hd__buf_1)
     5    0.02                           _0159_ (net)
                  0.12    0.00    1.11 v _0465_/A (sky130_fd_sc_hd__or3_2)
                  0.11    0.56    1.67 v _0465_/X (sky130_fd_sc_hd__or3_2)
     3    0.01                           _0167_ (net)
                  0.11    0.00    1.67 v _0466_/A2 (sky130_fd_sc_hd__a21bo_2)
                  0.03    0.24    1.91 v _0466_/X (sky130_fd_sc_hd__a21bo_2)
     1    0.00                           _0168_ (net)
                  0.03    0.00    1.91 v _0473_/A1 (sky130_fd_sc_hd__a2111o_2)
                  0.08    0.45    2.36 v _0473_/X (sky130_fd_sc_hd__a2111o_2)
     4    0.01                           _0175_ (net)
                  0.08    0.00    2.36 v _0474_/A (sky130_fd_sc_hd__buf_1)
                  0.21    0.26    2.62 v _0474_/X (sky130_fd_sc_hd__buf_1)
    16    0.04                           _0176_ (net)
                  0.21    0.00    2.62 v _0606_/A2 (sky130_fd_sc_hd__o211a_2)
                  0.09    0.39    3.01 v _0606_/X (sky130_fd_sc_hd__o211a_2)
     8    0.02                           _0282_ (net)
                  0.09    0.00    3.01 v _0621_/S (sky130_fd_sc_hd__mux2_2)
                  0.05    0.29    3.30 v _0621_/X (sky130_fd_sc_hd__mux2_2)
     1    0.00                           _0290_ (net)
                  0.05    0.00    3.30 v _0622_/A (sky130_fd_sc_hd__buf_1)
                  0.02    0.09    3.38 v _0622_/X (sky130_fd_sc_hd__buf_1)
     1    0.00                           _0031_ (net)
                  0.02    0.00    3.38 v _0937_/D (sky130_fd_sc_hd__dfxtp_2)
                                  3.38   data arrival time

                  0.15   10.00   10.00   clock w_clk (rise edge)
                          0.00   10.00   clock network delay (ideal)
                         -0.25    9.75   clock uncertainty
                          0.00    9.75   clock reconvergence pessimism
                                  9.75 ^ _0937_/CLK (sky130_fd_sc_hd__dfxtp_2)
                         -0.08    9.67   library setup time
                                  9.67   data required time
-----------------------------------------------------------------------------
                                  9.67   data required time
                                 -3.38   data arrival time
-----------------------------------------------------------------------------
                                  6.29   slack (MET)


Startpoint: _1060_ (rising edge-triggered flip-flop clocked by w_clk)
Endpoint: _0938_ (rising edge-triggered flip-flop clocked by w_clk)
Path Group: w_clk
Path Type: max

Fanout     Cap    Slew   Delay    Time   Description
-----------------------------------------------------------------------------
                  0.15    0.00    0.00   clock w_clk (rise edge)
                          0.00    0.00   clock network delay (ideal)
                  0.15    0.00    0.00 ^ _1060_/CLK (sky130_fd_sc_hd__dfrtp_2)
                  0.04    0.43    0.43 v _1060_/Q (sky130_fd_sc_hd__dfrtp_2)
     1    0.00                           w_ptr_b[0] (net)
                  0.04    0.00    0.43 v _0453_/A (sky130_fd_sc_hd__buf_1)
                  0.22    0.25    0.68 v _0453_/X (sky130_fd_sc_hd__buf_1)
    13    0.04                           _0155_ (net)
                  0.22    0.00    0.68 v _0456_/A (sky130_fd_sc_hd__and3_2)
                  0.04    0.26    0.94 v _0456_/X (sky130_fd_sc_hd__and3_2)
     1    0.00                           _0158_ (net)
                  0.04    0.00    0.94 v _0457_/A (sky130_fd_sc_hd__buf_1)
                  0.12    0.17    1.11 v _0457_/X (sky130_fd_sc_hd__buf_1)
     5    0.02                           _0159_ (net)
                  0.12    0.00    1.11 v _0465_/A (sky130_fd_sc_hd__or3_2)
                  0.11    0.56    1.67 v _0465_/X (sky130_fd_sc_hd__or3_2)
     3    0.01                           _0167_ (net)
                  0.11    0.00    1.67 v _0466_/A2 (sky130_fd_sc_hd__a21bo_2)
                  0.03    0.24    1.91 v _0466_/X (sky130_fd_sc_hd__a21bo_2)
     1    0.00                           _0168_ (net)
                  0.03    0.00    1.91 v _0473_/A1 (sky130_fd_sc_hd__a2111o_2)
                  0.08    0.45    2.36 v _0473_/X (sky130_fd_sc_hd__a2111o_2)
     4    0.01                           _0175_ (net)
                  0.08    0.00    2.36 v _0474_/A (sky130_fd_sc_hd__buf_1)
                  0.21    0.26    2.62 v _0474_/X (sky130_fd_sc_hd__buf_1)
    16    0.04                           _0176_ (net)
                  0.21    0.00    2.62 v _0624_/A2 (sky130_fd_sc_hd__o211a_2)
                  0.09    0.39    3.01 v _0624_/X (sky130_fd_sc_hd__o211a_2)
     8    0.02                           _0292_ (net)
                  0.09    0.00    3.01 v _0625_/S (sky130_fd_sc_hd__mux2_2)
                  0.05    0.29    3.30 v _0625_/X (sky130_fd_sc_hd__mux2_2)
     1    0.00                           _0293_ (net)
                  0.05    0.00    3.30 v _0626_/A (sky130_fd_sc_hd__buf_1)
                  0.02    0.09    3.38 v _0626_/X (sky130_fd_sc_hd__buf_1)
     1    0.00                           _0032_ (net)
                  0.02    0.00    3.38 v _0938_/D (sky130_fd_sc_hd__dfxtp_2)
                                  3.38   data arrival time

                  0.15   10.00   10.00   clock w_clk (rise edge)
                          0.00   10.00   clock network delay (ideal)
                         -0.25    9.75   clock uncertainty
                          0.00    9.75   clock reconvergence pessimism
                                  9.75 ^ _0938_/CLK (sky130_fd_sc_hd__dfxtp_2)
                         -0.08    9.67   library setup time
                                  9.67   data required time
-----------------------------------------------------------------------------
                                  9.67   data required time
                                 -3.38   data arrival time
-----------------------------------------------------------------------------
                                  6.29   slack (MET)


Startpoint: _1060_ (rising edge-triggered flip-flop clocked by w_clk)
Endpoint: _0939_ (rising edge-triggered flip-flop clocked by w_clk)
Path Group: w_clk
Path Type: max

Fanout     Cap    Slew   Delay    Time   Description
-----------------------------------------------------------------------------
                  0.15    0.00    0.00   clock w_clk (rise edge)
                          0.00    0.00   clock network delay (ideal)
                  0.15    0.00    0.00 ^ _1060_/CLK (sky130_fd_sc_hd__dfrtp_2)
                  0.04    0.43    0.43 v _1060_/Q (sky130_fd_sc_hd__dfrtp_2)
     1    0.00                           w_ptr_b[0] (net)
                  0.04    0.00    0.43 v _0453_/A (sky130_fd_sc_hd__buf_1)
                  0.22    0.25    0.68 v _0453_/X (sky130_fd_sc_hd__buf_1)
    13    0.04                           _0155_ (net)
                  0.22    0.00    0.68 v _0456_/A (sky130_fd_sc_hd__and3_2)
                  0.04    0.26    0.94 v _0456_/X (sky130_fd_sc_hd__and3_2)
     1    0.00                           _0158_ (net)
                  0.04    0.00    0.94 v _0457_/A (sky130_fd_sc_hd__buf_1)
                  0.12    0.17    1.11 v _0457_/X (sky130_fd_sc_hd__buf_1)
     5    0.02                           _0159_ (net)
                  0.12    0.00    1.11 v _0465_/A (sky130_fd_sc_hd__or3_2)
                  0.11    0.56    1.67 v _0465_/X (sky130_fd_sc_hd__or3_2)
     3    0.01                           _0167_ (net)
                  0.11    0.00    1.67 v _0466_/A2 (sky130_fd_sc_hd__a21bo_2)
                  0.03    0.24    1.91 v _0466_/X (sky130_fd_sc_hd__a21bo_2)
     1    0.00                           _0168_ (net)
                  0.03    0.00    1.91 v _0473_/A1 (sky130_fd_sc_hd__a2111o_2)
                  0.08    0.45    2.36 v _0473_/X (sky130_fd_sc_hd__a2111o_2)
     4    0.01                           _0175_ (net)
                  0.08    0.00    2.36 v _0474_/A (sky130_fd_sc_hd__buf_1)
                  0.21    0.26    2.62 v _0474_/X (sky130_fd_sc_hd__buf_1)
    16    0.04                           _0176_ (net)
                  0.21    0.00    2.62 v _0624_/A2 (sky130_fd_sc_hd__o211a_2)
                  0.09    0.39    3.01 v _0624_/X (sky130_fd_sc_hd__o211a_2)
     8    0.02                           _0292_ (net)
                  0.09    0.00    3.01 v _0627_/S (sky130_fd_sc_hd__mux2_2)
                  0.05    0.29    3.30 v _0627_/X (sky130_fd_sc_hd__mux2_2)
     1    0.00                           _0294_ (net)
                  0.05    0.00    3.30 v _0628_/A (sky130_fd_sc_hd__buf_1)
                  0.02    0.09    3.38 v _0628_/X (sky130_fd_sc_hd__buf_1)
     1    0.00                           _0033_ (net)
                  0.02    0.00    3.38 v _0939_/D (sky130_fd_sc_hd__dfxtp_2)
                                  3.38   data arrival time

                  0.15   10.00   10.00   clock w_clk (rise edge)
                          0.00   10.00   clock network delay (ideal)
                         -0.25    9.75   clock uncertainty
                          0.00    9.75   clock reconvergence pessimism
                                  9.75 ^ _0939_/CLK (sky130_fd_sc_hd__dfxtp_2)
                         -0.08    9.67   library setup time
                                  9.67   data required time
-----------------------------------------------------------------------------
                                  9.67   data required time
                                 -3.38   data arrival time
-----------------------------------------------------------------------------
                                  6.29   slack (MET)


Startpoint: _1060_ (rising edge-triggered flip-flop clocked by w_clk)
Endpoint: _0940_ (rising edge-triggered flip-flop clocked by w_clk)
Path Group: w_clk
Path Type: max

Fanout     Cap    Slew   Delay    Time   Description
-----------------------------------------------------------------------------
                  0.15    0.00    0.00   clock w_clk (rise edge)
                          0.00    0.00   clock network delay (ideal)
                  0.15    0.00    0.00 ^ _1060_/CLK (sky130_fd_sc_hd__dfrtp_2)
                  0.04    0.43    0.43 v _1060_/Q (sky130_fd_sc_hd__dfrtp_2)
     1    0.00                           w_ptr_b[0] (net)
                  0.04    0.00    0.43 v _0453_/A (sky130_fd_sc_hd__buf_1)
                  0.22    0.25    0.68 v _0453_/X (sky130_fd_sc_hd__buf_1)
    13    0.04                           _0155_ (net)
                  0.22    0.00    0.68 v _0456_/A (sky130_fd_sc_hd__and3_2)
                  0.04    0.26    0.94 v _0456_/X (sky130_fd_sc_hd__and3_2)
     1    0.00                           _0158_ (net)
                  0.04    0.00    0.94 v _0457_/A (sky130_fd_sc_hd__buf_1)
                  0.12    0.17    1.11 v _0457_/X (sky130_fd_sc_hd__buf_1)
     5    0.02                           _0159_ (net)
                  0.12    0.00    1.11 v _0465_/A (sky130_fd_sc_hd__or3_2)
                  0.11    0.56    1.67 v _0465_/X (sky130_fd_sc_hd__or3_2)
     3    0.01                           _0167_ (net)
                  0.11    0.00    1.67 v _0466_/A2 (sky130_fd_sc_hd__a21bo_2)
                  0.03    0.24    1.91 v _0466_/X (sky130_fd_sc_hd__a21bo_2)
     1    0.00                           _0168_ (net)
                  0.03    0.00    1.91 v _0473_/A1 (sky130_fd_sc_hd__a2111o_2)
                  0.08    0.45    2.36 v _0473_/X (sky130_fd_sc_hd__a2111o_2)
     4    0.01                           _0175_ (net)
                  0.08    0.00    2.36 v _0474_/A (sky130_fd_sc_hd__buf_1)
                  0.21    0.26    2.62 v _0474_/X (sky130_fd_sc_hd__buf_1)
    16    0.04                           _0176_ (net)
                  0.21    0.00    2.62 v _0624_/A2 (sky130_fd_sc_hd__o211a_2)
                  0.09    0.39    3.01 v _0624_/X (sky130_fd_sc_hd__o211a_2)
     8    0.02                           _0292_ (net)
                  0.09    0.00    3.01 v _0629_/S (sky130_fd_sc_hd__mux2_2)
                  0.05    0.29    3.30 v _0629_/X (sky130_fd_sc_hd__mux2_2)
     1    0.00                           _0295_ (net)
                  0.05    0.00    3.30 v _0630_/A (sky130_fd_sc_hd__buf_1)
                  0.02    0.09    3.38 v _0630_/X (sky130_fd_sc_hd__buf_1)
     1    0.00                           _0034_ (net)
                  0.02    0.00    3.38 v _0940_/D (sky130_fd_sc_hd__dfxtp_2)
                                  3.38   data arrival time

                  0.15   10.00   10.00   clock w_clk (rise edge)
                          0.00   10.00   clock network delay (ideal)
                         -0.25    9.75   clock uncertainty
                          0.00    9.75   clock reconvergence pessimism
                                  9.75 ^ _0940_/CLK (sky130_fd_sc_hd__dfxtp_2)
                         -0.08    9.67   library setup time
                                  9.67   data required time
-----------------------------------------------------------------------------
                                  9.67   data required time
                                 -3.38   data arrival time
-----------------------------------------------------------------------------
                                  6.29   slack (MET)


Startpoint: _1060_ (rising edge-triggered flip-flop clocked by w_clk)
Endpoint: _0941_ (rising edge-triggered flip-flop clocked by w_clk)
Path Group: w_clk
Path Type: max

Fanout     Cap    Slew   Delay    Time   Description
-----------------------------------------------------------------------------
                  0.15    0.00    0.00   clock w_clk (rise edge)
                          0.00    0.00   clock network delay (ideal)
                  0.15    0.00    0.00 ^ _1060_/CLK (sky130_fd_sc_hd__dfrtp_2)
                  0.04    0.43    0.43 v _1060_/Q (sky130_fd_sc_hd__dfrtp_2)
     1    0.00                           w_ptr_b[0] (net)
                  0.04    0.00    0.43 v _0453_/A (sky130_fd_sc_hd__buf_1)
                  0.22    0.25    0.68 v _0453_/X (sky130_fd_sc_hd__buf_1)
    13    0.04                           _0155_ (net)
                  0.22    0.00    0.68 v _0456_/A (sky130_fd_sc_hd__and3_2)
                  0.04    0.26    0.94 v _0456_/X (sky130_fd_sc_hd__and3_2)
     1    0.00                           _0158_ (net)
                  0.04    0.00    0.94 v _0457_/A (sky130_fd_sc_hd__buf_1)
                  0.12    0.17    1.11 v _0457_/X (sky130_fd_sc_hd__buf_1)
     5    0.02                           _0159_ (net)
                  0.12    0.00    1.11 v _0465_/A (sky130_fd_sc_hd__or3_2)
                  0.11    0.56    1.67 v _0465_/X (sky130_fd_sc_hd__or3_2)
     3    0.01                           _0167_ (net)
                  0.11    0.00    1.67 v _0466_/A2 (sky130_fd_sc_hd__a21bo_2)
                  0.03    0.24    1.91 v _0466_/X (sky130_fd_sc_hd__a21bo_2)
     1    0.00                           _0168_ (net)
                  0.03    0.00    1.91 v _0473_/A1 (sky130_fd_sc_hd__a2111o_2)
                  0.08    0.45    2.36 v _0473_/X (sky130_fd_sc_hd__a2111o_2)
     4    0.01                           _0175_ (net)
                  0.08    0.00    2.36 v _0474_/A (sky130_fd_sc_hd__buf_1)
                  0.21    0.26    2.62 v _0474_/X (sky130_fd_sc_hd__buf_1)
    16    0.04                           _0176_ (net)
                  0.21    0.00    2.62 v _0624_/A2 (sky130_fd_sc_hd__o211a_2)
                  0.09    0.39    3.01 v _0624_/X (sky130_fd_sc_hd__o211a_2)
     8    0.02                           _0292_ (net)
                  0.09    0.00    3.01 v _0631_/S (sky130_fd_sc_hd__mux2_2)
                  0.05    0.29    3.30 v _0631_/X (sky130_fd_sc_hd__mux2_2)
     1    0.00                           _0296_ (net)
                  0.05    0.00    3.30 v _0632_/A (sky130_fd_sc_hd__buf_1)
                  0.02    0.09    3.38 v _0632_/X (sky130_fd_sc_hd__buf_1)
     1    0.00                           _0035_ (net)
                  0.02    0.00    3.38 v _0941_/D (sky130_fd_sc_hd__dfxtp_2)
                                  3.38   data arrival time

                  0.15   10.00   10.00   clock w_clk (rise edge)
                          0.00   10.00   clock network delay (ideal)
                         -0.25    9.75   clock uncertainty
                          0.00    9.75   clock reconvergence pessimism
                                  9.75 ^ _0941_/CLK (sky130_fd_sc_hd__dfxtp_2)
                         -0.08    9.67   library setup time
                                  9.67   data required time
-----------------------------------------------------------------------------
                                  9.67   data required time
                                 -3.38   data arrival time
-----------------------------------------------------------------------------
                                  6.29   slack (MET)


Startpoint: _1060_ (rising edge-triggered flip-flop clocked by w_clk)
Endpoint: _0942_ (rising edge-triggered flip-flop clocked by w_clk)
Path Group: w_clk
Path Type: max

Fanout     Cap    Slew   Delay    Time   Description
-----------------------------------------------------------------------------
                  0.15    0.00    0.00   clock w_clk (rise edge)
                          0.00    0.00   clock network delay (ideal)
                  0.15    0.00    0.00 ^ _1060_/CLK (sky130_fd_sc_hd__dfrtp_2)
                  0.04    0.43    0.43 v _1060_/Q (sky130_fd_sc_hd__dfrtp_2)
     1    0.00                           w_ptr_b[0] (net)
                  0.04    0.00    0.43 v _0453_/A (sky130_fd_sc_hd__buf_1)
                  0.22    0.25    0.68 v _0453_/X (sky130_fd_sc_hd__buf_1)
    13    0.04                           _0155_ (net)
                  0.22    0.00    0.68 v _0456_/A (sky130_fd_sc_hd__and3_2)
                  0.04    0.26    0.94 v _0456_/X (sky130_fd_sc_hd__and3_2)
     1    0.00                           _0158_ (net)
                  0.04    0.00    0.94 v _0457_/A (sky130_fd_sc_hd__buf_1)
                  0.12    0.17    1.11 v _0457_/X (sky130_fd_sc_hd__buf_1)
     5    0.02                           _0159_ (net)
                  0.12    0.00    1.11 v _0465_/A (sky130_fd_sc_hd__or3_2)
                  0.11    0.56    1.67 v _0465_/X (sky130_fd_sc_hd__or3_2)
     3    0.01                           _0167_ (net)
                  0.11    0.00    1.67 v _0466_/A2 (sky130_fd_sc_hd__a21bo_2)
                  0.03    0.24    1.91 v _0466_/X (sky130_fd_sc_hd__a21bo_2)
     1    0.00                           _0168_ (net)
                  0.03    0.00    1.91 v _0473_/A1 (sky130_fd_sc_hd__a2111o_2)
                  0.08    0.45    2.36 v _0473_/X (sky130_fd_sc_hd__a2111o_2)
     4    0.01                           _0175_ (net)
                  0.08    0.00    2.36 v _0474_/A (sky130_fd_sc_hd__buf_1)
                  0.21    0.26    2.62 v _0474_/X (sky130_fd_sc_hd__buf_1)
    16    0.04                           _0176_ (net)
                  0.21    0.00    2.62 v _0624_/A2 (sky130_fd_sc_hd__o211a_2)
                  0.09    0.39    3.01 v _0624_/X (sky130_fd_sc_hd__o211a_2)
     8    0.02                           _0292_ (net)
                  0.09    0.00    3.01 v _0633_/S (sky130_fd_sc_hd__mux2_2)
                  0.05    0.29    3.30 v _0633_/X (sky130_fd_sc_hd__mux2_2)
     1    0.00                           _0297_ (net)
                  0.05    0.00    3.30 v _0634_/A (sky130_fd_sc_hd__buf_1)
                  0.02    0.09    3.38 v _0634_/X (sky130_fd_sc_hd__buf_1)
     1    0.00                           _0036_ (net)
                  0.02    0.00    3.38 v _0942_/D (sky130_fd_sc_hd__dfxtp_2)
                                  3.38   data arrival time

                  0.15   10.00   10.00   clock w_clk (rise edge)
                          0.00   10.00   clock network delay (ideal)
                         -0.25    9.75   clock uncertainty
                          0.00    9.75   clock reconvergence pessimism
                                  9.75 ^ _0942_/CLK (sky130_fd_sc_hd__dfxtp_2)
                         -0.08    9.67   library setup time
                                  9.67   data required time
-----------------------------------------------------------------------------
                                  9.67   data required time
                                 -3.38   data arrival time
-----------------------------------------------------------------------------
                                  6.29   slack (MET)


Startpoint: _1060_ (rising edge-triggered flip-flop clocked by w_clk)
Endpoint: _0943_ (rising edge-triggered flip-flop clocked by w_clk)
Path Group: w_clk
Path Type: max

Fanout     Cap    Slew   Delay    Time   Description
-----------------------------------------------------------------------------
                  0.15    0.00    0.00   clock w_clk (rise edge)
                          0.00    0.00   clock network delay (ideal)
                  0.15    0.00    0.00 ^ _1060_/CLK (sky130_fd_sc_hd__dfrtp_2)
                  0.04    0.43    0.43 v _1060_/Q (sky130_fd_sc_hd__dfrtp_2)
     1    0.00                           w_ptr_b[0] (net)
                  0.04    0.00    0.43 v _0453_/A (sky130_fd_sc_hd__buf_1)
                  0.22    0.25    0.68 v _0453_/X (sky130_fd_sc_hd__buf_1)
    13    0.04                           _0155_ (net)
                  0.22    0.00    0.68 v _0456_/A (sky130_fd_sc_hd__and3_2)
                  0.04    0.26    0.94 v _0456_/X (sky130_fd_sc_hd__and3_2)
     1    0.00                           _0158_ (net)
                  0.04    0.00    0.94 v _0457_/A (sky130_fd_sc_hd__buf_1)
                  0.12    0.17    1.11 v _0457_/X (sky130_fd_sc_hd__buf_1)
     5    0.02                           _0159_ (net)
                  0.12    0.00    1.11 v _0465_/A (sky130_fd_sc_hd__or3_2)
                  0.11    0.56    1.67 v _0465_/X (sky130_fd_sc_hd__or3_2)
     3    0.01                           _0167_ (net)
                  0.11    0.00    1.67 v _0466_/A2 (sky130_fd_sc_hd__a21bo_2)
                  0.03    0.24    1.91 v _0466_/X (sky130_fd_sc_hd__a21bo_2)
     1    0.00                           _0168_ (net)
                  0.03    0.00    1.91 v _0473_/A1 (sky130_fd_sc_hd__a2111o_2)
                  0.08    0.45    2.36 v _0473_/X (sky130_fd_sc_hd__a2111o_2)
     4    0.01                           _0175_ (net)
                  0.08    0.00    2.36 v _0474_/A (sky130_fd_sc_hd__buf_1)
                  0.21    0.26    2.62 v _0474_/X (sky130_fd_sc_hd__buf_1)
    16    0.04                           _0176_ (net)
                  0.21    0.00    2.62 v _0624_/A2 (sky130_fd_sc_hd__o211a_2)
                  0.09    0.39    3.01 v _0624_/X (sky130_fd_sc_hd__o211a_2)
     8    0.02                           _0292_ (net)
                  0.09    0.00    3.01 v _0635_/S (sky130_fd_sc_hd__mux2_2)
                  0.05    0.29    3.30 v _0635_/X (sky130_fd_sc_hd__mux2_2)
     1    0.00                           _0298_ (net)
                  0.05    0.00    3.30 v _0636_/A (sky130_fd_sc_hd__buf_1)
                  0.02    0.09    3.38 v _0636_/X (sky130_fd_sc_hd__buf_1)
     1    0.00                           _0037_ (net)
                  0.02    0.00    3.38 v _0943_/D (sky130_fd_sc_hd__dfxtp_2)
                                  3.38   data arrival time

                  0.15   10.00   10.00   clock w_clk (rise edge)
                          0.00   10.00   clock network delay (ideal)
                         -0.25    9.75   clock uncertainty
                          0.00    9.75   clock reconvergence pessimism
                                  9.75 ^ _0943_/CLK (sky130_fd_sc_hd__dfxtp_2)
                         -0.08    9.67   library setup time
                                  9.67   data required time
-----------------------------------------------------------------------------
                                  9.67   data required time
                                 -3.38   data arrival time
-----------------------------------------------------------------------------
                                  6.29   slack (MET)


Startpoint: _1060_ (rising edge-triggered flip-flop clocked by w_clk)
Endpoint: _0944_ (rising edge-triggered flip-flop clocked by w_clk)
Path Group: w_clk
Path Type: max

Fanout     Cap    Slew   Delay    Time   Description
-----------------------------------------------------------------------------
                  0.15    0.00    0.00   clock w_clk (rise edge)
                          0.00    0.00   clock network delay (ideal)
                  0.15    0.00    0.00 ^ _1060_/CLK (sky130_fd_sc_hd__dfrtp_2)
                  0.04    0.43    0.43 v _1060_/Q (sky130_fd_sc_hd__dfrtp_2)
     1    0.00                           w_ptr_b[0] (net)
                  0.04    0.00    0.43 v _0453_/A (sky130_fd_sc_hd__buf_1)
                  0.22    0.25    0.68 v _0453_/X (sky130_fd_sc_hd__buf_1)
    13    0.04                           _0155_ (net)
                  0.22    0.00    0.68 v _0456_/A (sky130_fd_sc_hd__and3_2)
                  0.04    0.26    0.94 v _0456_/X (sky130_fd_sc_hd__and3_2)
     1    0.00                           _0158_ (net)
                  0.04    0.00    0.94 v _0457_/A (sky130_fd_sc_hd__buf_1)
                  0.12    0.17    1.11 v _0457_/X (sky130_fd_sc_hd__buf_1)
     5    0.02                           _0159_ (net)
                  0.12    0.00    1.11 v _0465_/A (sky130_fd_sc_hd__or3_2)
                  0.11    0.56    1.67 v _0465_/X (sky130_fd_sc_hd__or3_2)
     3    0.01                           _0167_ (net)
                  0.11    0.00    1.67 v _0466_/A2 (sky130_fd_sc_hd__a21bo_2)
                  0.03    0.24    1.91 v _0466_/X (sky130_fd_sc_hd__a21bo_2)
     1    0.00                           _0168_ (net)
                  0.03    0.00    1.91 v _0473_/A1 (sky130_fd_sc_hd__a2111o_2)
                  0.08    0.45    2.36 v _0473_/X (sky130_fd_sc_hd__a2111o_2)
     4    0.01                           _0175_ (net)
                  0.08    0.00    2.36 v _0474_/A (sky130_fd_sc_hd__buf_1)
                  0.21    0.26    2.62 v _0474_/X (sky130_fd_sc_hd__buf_1)
    16    0.04                           _0176_ (net)
                  0.21    0.00    2.62 v _0624_/A2 (sky130_fd_sc_hd__o211a_2)
                  0.09    0.39    3.01 v _0624_/X (sky130_fd_sc_hd__o211a_2)
     8    0.02                           _0292_ (net)
                  0.09    0.00    3.01 v _0637_/S (sky130_fd_sc_hd__mux2_2)
                  0.05    0.29    3.30 v _0637_/X (sky130_fd_sc_hd__mux2_2)
     1    0.00                           _0299_ (net)
                  0.05    0.00    3.30 v _0638_/A (sky130_fd_sc_hd__buf_1)
                  0.02    0.09    3.38 v _0638_/X (sky130_fd_sc_hd__buf_1)
     1    0.00                           _0038_ (net)
                  0.02    0.00    3.38 v _0944_/D (sky130_fd_sc_hd__dfxtp_2)
                                  3.38   data arrival time

                  0.15   10.00   10.00   clock w_clk (rise edge)
                          0.00   10.00   clock network delay (ideal)
                         -0.25    9.75   clock uncertainty
                          0.00    9.75   clock reconvergence pessimism
                                  9.75 ^ _0944_/CLK (sky130_fd_sc_hd__dfxtp_2)
                         -0.08    9.67   library setup time
                                  9.67   data required time
-----------------------------------------------------------------------------
                                  9.67   data required time
                                 -3.38   data arrival time
-----------------------------------------------------------------------------
                                  6.29   slack (MET)


Startpoint: _1060_ (rising edge-triggered flip-flop clocked by w_clk)
Endpoint: _0945_ (rising edge-triggered flip-flop clocked by w_clk)
Path Group: w_clk
Path Type: max

Fanout     Cap    Slew   Delay    Time   Description
-----------------------------------------------------------------------------
                  0.15    0.00    0.00   clock w_clk (rise edge)
                          0.00    0.00   clock network delay (ideal)
                  0.15    0.00    0.00 ^ _1060_/CLK (sky130_fd_sc_hd__dfrtp_2)
                  0.04    0.43    0.43 v _1060_/Q (sky130_fd_sc_hd__dfrtp_2)
     1    0.00                           w_ptr_b[0] (net)
                  0.04    0.00    0.43 v _0453_/A (sky130_fd_sc_hd__buf_1)
                  0.22    0.25    0.68 v _0453_/X (sky130_fd_sc_hd__buf_1)
    13    0.04                           _0155_ (net)
                  0.22    0.00    0.68 v _0456_/A (sky130_fd_sc_hd__and3_2)
                  0.04    0.26    0.94 v _0456_/X (sky130_fd_sc_hd__and3_2)
     1    0.00                           _0158_ (net)
                  0.04    0.00    0.94 v _0457_/A (sky130_fd_sc_hd__buf_1)
                  0.12    0.17    1.11 v _0457_/X (sky130_fd_sc_hd__buf_1)
     5    0.02                           _0159_ (net)
                  0.12    0.00    1.11 v _0465_/A (sky130_fd_sc_hd__or3_2)
                  0.11    0.56    1.67 v _0465_/X (sky130_fd_sc_hd__or3_2)
     3    0.01                           _0167_ (net)
                  0.11    0.00    1.67 v _0466_/A2 (sky130_fd_sc_hd__a21bo_2)
                  0.03    0.24    1.91 v _0466_/X (sky130_fd_sc_hd__a21bo_2)
     1    0.00                           _0168_ (net)
                  0.03    0.00    1.91 v _0473_/A1 (sky130_fd_sc_hd__a2111o_2)
                  0.08    0.45    2.36 v _0473_/X (sky130_fd_sc_hd__a2111o_2)
     4    0.01                           _0175_ (net)
                  0.08    0.00    2.36 v _0474_/A (sky130_fd_sc_hd__buf_1)
                  0.21    0.26    2.62 v _0474_/X (sky130_fd_sc_hd__buf_1)
    16    0.04                           _0176_ (net)
                  0.21    0.00    2.62 v _0624_/A2 (sky130_fd_sc_hd__o211a_2)
                  0.09    0.39    3.01 v _0624_/X (sky130_fd_sc_hd__o211a_2)
     8    0.02                           _0292_ (net)
                  0.09    0.00    3.01 v _0639_/S (sky130_fd_sc_hd__mux2_2)
                  0.05    0.29    3.30 v _0639_/X (sky130_fd_sc_hd__mux2_2)
     1    0.00                           _0300_ (net)
                  0.05    0.00    3.30 v _0640_/A (sky130_fd_sc_hd__buf_1)
                  0.02    0.09    3.38 v _0640_/X (sky130_fd_sc_hd__buf_1)
     1    0.00                           _0039_ (net)
                  0.02    0.00    3.38 v _0945_/D (sky130_fd_sc_hd__dfxtp_2)
                                  3.38   data arrival time

                  0.15   10.00   10.00   clock w_clk (rise edge)
                          0.00   10.00   clock network delay (ideal)
                         -0.25    9.75   clock uncertainty
                          0.00    9.75   clock reconvergence pessimism
                                  9.75 ^ _0945_/CLK (sky130_fd_sc_hd__dfxtp_2)
                         -0.08    9.67   library setup time
                                  9.67   data required time
-----------------------------------------------------------------------------
                                  9.67   data required time
                                 -3.38   data arrival time
-----------------------------------------------------------------------------
                                  6.29   slack (MET)


Startpoint: _1060_ (rising edge-triggered flip-flop clocked by w_clk)
Endpoint: _0946_ (rising edge-triggered flip-flop clocked by w_clk)
Path Group: w_clk
Path Type: max

Fanout     Cap    Slew   Delay    Time   Description
-----------------------------------------------------------------------------
                  0.15    0.00    0.00   clock w_clk (rise edge)
                          0.00    0.00   clock network delay (ideal)
                  0.15    0.00    0.00 ^ _1060_/CLK (sky130_fd_sc_hd__dfrtp_2)
                  0.04    0.43    0.43 v _1060_/Q (sky130_fd_sc_hd__dfrtp_2)
     1    0.00                           w_ptr_b[0] (net)
                  0.04    0.00    0.43 v _0453_/A (sky130_fd_sc_hd__buf_1)
                  0.22    0.25    0.68 v _0453_/X (sky130_fd_sc_hd__buf_1)
    13    0.04                           _0155_ (net)
                  0.22    0.00    0.68 v _0456_/A (sky130_fd_sc_hd__and3_2)
                  0.04    0.26    0.94 v _0456_/X (sky130_fd_sc_hd__and3_2)
     1    0.00                           _0158_ (net)
                  0.04    0.00    0.94 v _0457_/A (sky130_fd_sc_hd__buf_1)
                  0.12    0.17    1.11 v _0457_/X (sky130_fd_sc_hd__buf_1)
     5    0.02                           _0159_ (net)
                  0.12    0.00    1.11 v _0465_/A (sky130_fd_sc_hd__or3_2)
                  0.11    0.56    1.67 v _0465_/X (sky130_fd_sc_hd__or3_2)
     3    0.01                           _0167_ (net)
                  0.11    0.00    1.67 v _0466_/A2 (sky130_fd_sc_hd__a21bo_2)
                  0.03    0.24    1.91 v _0466_/X (sky130_fd_sc_hd__a21bo_2)
     1    0.00                           _0168_ (net)
                  0.03    0.00    1.91 v _0473_/A1 (sky130_fd_sc_hd__a2111o_2)
                  0.08    0.45    2.36 v _0473_/X (sky130_fd_sc_hd__a2111o_2)
     4    0.01                           _0175_ (net)
                  0.08    0.00    2.36 v _0474_/A (sky130_fd_sc_hd__buf_1)
                  0.21    0.26    2.62 v _0474_/X (sky130_fd_sc_hd__buf_1)
    16    0.04                           _0176_ (net)
                  0.21    0.00    2.62 v _0642_/A2 (sky130_fd_sc_hd__o211a_2)
                  0.09    0.39    3.01 v _0642_/X (sky130_fd_sc_hd__o211a_2)
     8    0.02                           _0302_ (net)
                  0.09    0.00    3.01 v _0643_/S (sky130_fd_sc_hd__mux2_2)
                  0.05    0.29    3.30 v _0643_/X (sky130_fd_sc_hd__mux2_2)
     1    0.00                           _0303_ (net)
                  0.05    0.00    3.30 v _0644_/A (sky130_fd_sc_hd__buf_1)
                  0.02    0.09    3.38 v _0644_/X (sky130_fd_sc_hd__buf_1)
     1    0.00                           _0040_ (net)
                  0.02    0.00    3.38 v _0946_/D (sky130_fd_sc_hd__dfxtp_2)
                                  3.38   data arrival time

                  0.15   10.00   10.00   clock w_clk (rise edge)
                          0.00   10.00   clock network delay (ideal)
                         -0.25    9.75   clock uncertainty
                          0.00    9.75   clock reconvergence pessimism
                                  9.75 ^ _0946_/CLK (sky130_fd_sc_hd__dfxtp_2)
                         -0.08    9.67   library setup time
                                  9.67   data required time
-----------------------------------------------------------------------------
                                  9.67   data required time
                                 -3.38   data arrival time
-----------------------------------------------------------------------------
                                  6.29   slack (MET)


Startpoint: _1060_ (rising edge-triggered flip-flop clocked by w_clk)
Endpoint: _0947_ (rising edge-triggered flip-flop clocked by w_clk)
Path Group: w_clk
Path Type: max

Fanout     Cap    Slew   Delay    Time   Description
-----------------------------------------------------------------------------
                  0.15    0.00    0.00   clock w_clk (rise edge)
                          0.00    0.00   clock network delay (ideal)
                  0.15    0.00    0.00 ^ _1060_/CLK (sky130_fd_sc_hd__dfrtp_2)
                  0.04    0.43    0.43 v _1060_/Q (sky130_fd_sc_hd__dfrtp_2)
     1    0.00                           w_ptr_b[0] (net)
                  0.04    0.00    0.43 v _0453_/A (sky130_fd_sc_hd__buf_1)
                  0.22    0.25    0.68 v _0453_/X (sky130_fd_sc_hd__buf_1)
    13    0.04                           _0155_ (net)
                  0.22    0.00    0.68 v _0456_/A (sky130_fd_sc_hd__and3_2)
                  0.04    0.26    0.94 v _0456_/X (sky130_fd_sc_hd__and3_2)
     1    0.00                           _0158_ (net)
                  0.04    0.00    0.94 v _0457_/A (sky130_fd_sc_hd__buf_1)
                  0.12    0.17    1.11 v _0457_/X (sky130_fd_sc_hd__buf_1)
     5    0.02                           _0159_ (net)
                  0.12    0.00    1.11 v _0465_/A (sky130_fd_sc_hd__or3_2)
                  0.11    0.56    1.67 v _0465_/X (sky130_fd_sc_hd__or3_2)
     3    0.01                           _0167_ (net)
                  0.11    0.00    1.67 v _0466_/A2 (sky130_fd_sc_hd__a21bo_2)
                  0.03    0.24    1.91 v _0466_/X (sky130_fd_sc_hd__a21bo_2)
     1    0.00                           _0168_ (net)
                  0.03    0.00    1.91 v _0473_/A1 (sky130_fd_sc_hd__a2111o_2)
                  0.08    0.45    2.36 v _0473_/X (sky130_fd_sc_hd__a2111o_2)
     4    0.01                           _0175_ (net)
                  0.08    0.00    2.36 v _0474_/A (sky130_fd_sc_hd__buf_1)
                  0.21    0.26    2.62 v _0474_/X (sky130_fd_sc_hd__buf_1)
    16    0.04                           _0176_ (net)
                  0.21    0.00    2.62 v _0642_/A2 (sky130_fd_sc_hd__o211a_2)
                  0.09    0.39    3.01 v _0642_/X (sky130_fd_sc_hd__o211a_2)
     8    0.02                           _0302_ (net)
                  0.09    0.00    3.01 v _0645_/S (sky130_fd_sc_hd__mux2_2)
                  0.05    0.29    3.30 v _0645_/X (sky130_fd_sc_hd__mux2_2)
     1    0.00                           _0304_ (net)
                  0.05    0.00    3.30 v _0646_/A (sky130_fd_sc_hd__buf_1)
                  0.02    0.09    3.38 v _0646_/X (sky130_fd_sc_hd__buf_1)
     1    0.00                           _0041_ (net)
                  0.02    0.00    3.38 v _0947_/D (sky130_fd_sc_hd__dfxtp_2)
                                  3.38   data arrival time

                  0.15   10.00   10.00   clock w_clk (rise edge)
                          0.00   10.00   clock network delay (ideal)
                         -0.25    9.75   clock uncertainty
                          0.00    9.75   clock reconvergence pessimism
                                  9.75 ^ _0947_/CLK (sky130_fd_sc_hd__dfxtp_2)
                         -0.08    9.67   library setup time
                                  9.67   data required time
-----------------------------------------------------------------------------
                                  9.67   data required time
                                 -3.38   data arrival time
-----------------------------------------------------------------------------
                                  6.29   slack (MET)


Startpoint: _1060_ (rising edge-triggered flip-flop clocked by w_clk)
Endpoint: _0948_ (rising edge-triggered flip-flop clocked by w_clk)
Path Group: w_clk
Path Type: max

Fanout     Cap    Slew   Delay    Time   Description
-----------------------------------------------------------------------------
                  0.15    0.00    0.00   clock w_clk (rise edge)
                          0.00    0.00   clock network delay (ideal)
                  0.15    0.00    0.00 ^ _1060_/CLK (sky130_fd_sc_hd__dfrtp_2)
                  0.04    0.43    0.43 v _1060_/Q (sky130_fd_sc_hd__dfrtp_2)
     1    0.00                           w_ptr_b[0] (net)
                  0.04    0.00    0.43 v _0453_/A (sky130_fd_sc_hd__buf_1)
                  0.22    0.25    0.68 v _0453_/X (sky130_fd_sc_hd__buf_1)
    13    0.04                           _0155_ (net)
                  0.22    0.00    0.68 v _0456_/A (sky130_fd_sc_hd__and3_2)
                  0.04    0.26    0.94 v _0456_/X (sky130_fd_sc_hd__and3_2)
     1    0.00                           _0158_ (net)
                  0.04    0.00    0.94 v _0457_/A (sky130_fd_sc_hd__buf_1)
                  0.12    0.17    1.11 v _0457_/X (sky130_fd_sc_hd__buf_1)
     5    0.02                           _0159_ (net)
                  0.12    0.00    1.11 v _0465_/A (sky130_fd_sc_hd__or3_2)
                  0.11    0.56    1.67 v _0465_/X (sky130_fd_sc_hd__or3_2)
     3    0.01                           _0167_ (net)
                  0.11    0.00    1.67 v _0466_/A2 (sky130_fd_sc_hd__a21bo_2)
                  0.03    0.24    1.91 v _0466_/X (sky130_fd_sc_hd__a21bo_2)
     1    0.00                           _0168_ (net)
                  0.03    0.00    1.91 v _0473_/A1 (sky130_fd_sc_hd__a2111o_2)
                  0.08    0.45    2.36 v _0473_/X (sky130_fd_sc_hd__a2111o_2)
     4    0.01                           _0175_ (net)
                  0.08    0.00    2.36 v _0474_/A (sky130_fd_sc_hd__buf_1)
                  0.21    0.26    2.62 v _0474_/X (sky130_fd_sc_hd__buf_1)
    16    0.04                           _0176_ (net)
                  0.21    0.00    2.62 v _0642_/A2 (sky130_fd_sc_hd__o211a_2)
                  0.09    0.39    3.01 v _0642_/X (sky130_fd_sc_hd__o211a_2)
     8    0.02                           _0302_ (net)
                  0.09    0.00    3.01 v _0647_/S (sky130_fd_sc_hd__mux2_2)
                  0.05    0.29    3.30 v _0647_/X (sky130_fd_sc_hd__mux2_2)
     1    0.00                           _0305_ (net)
                  0.05    0.00    3.30 v _0648_/A (sky130_fd_sc_hd__buf_1)
                  0.02    0.09    3.38 v _0648_/X (sky130_fd_sc_hd__buf_1)
     1    0.00                           _0042_ (net)
                  0.02    0.00    3.38 v _0948_/D (sky130_fd_sc_hd__dfxtp_2)
                                  3.38   data arrival time

                  0.15   10.00   10.00   clock w_clk (rise edge)
                          0.00   10.00   clock network delay (ideal)
                         -0.25    9.75   clock uncertainty
                          0.00    9.75   clock reconvergence pessimism
                                  9.75 ^ _0948_/CLK (sky130_fd_sc_hd__dfxtp_2)
                         -0.08    9.67   library setup time
                                  9.67   data required time
-----------------------------------------------------------------------------
                                  9.67   data required time
                                 -3.38   data arrival time
-----------------------------------------------------------------------------
                                  6.29   slack (MET)


Startpoint: _1060_ (rising edge-triggered flip-flop clocked by w_clk)
Endpoint: _0949_ (rising edge-triggered flip-flop clocked by w_clk)
Path Group: w_clk
Path Type: max

Fanout     Cap    Slew   Delay    Time   Description
-----------------------------------------------------------------------------
                  0.15    0.00    0.00   clock w_clk (rise edge)
                          0.00    0.00   clock network delay (ideal)
                  0.15    0.00    0.00 ^ _1060_/CLK (sky130_fd_sc_hd__dfrtp_2)
                  0.04    0.43    0.43 v _1060_/Q (sky130_fd_sc_hd__dfrtp_2)
     1    0.00                           w_ptr_b[0] (net)
                  0.04    0.00    0.43 v _0453_/A (sky130_fd_sc_hd__buf_1)
                  0.22    0.25    0.68 v _0453_/X (sky130_fd_sc_hd__buf_1)
    13    0.04                           _0155_ (net)
                  0.22    0.00    0.68 v _0456_/A (sky130_fd_sc_hd__and3_2)
                  0.04    0.26    0.94 v _0456_/X (sky130_fd_sc_hd__and3_2)
     1    0.00                           _0158_ (net)
                  0.04    0.00    0.94 v _0457_/A (sky130_fd_sc_hd__buf_1)
                  0.12    0.17    1.11 v _0457_/X (sky130_fd_sc_hd__buf_1)
     5    0.02                           _0159_ (net)
                  0.12    0.00    1.11 v _0465_/A (sky130_fd_sc_hd__or3_2)
                  0.11    0.56    1.67 v _0465_/X (sky130_fd_sc_hd__or3_2)
     3    0.01                           _0167_ (net)
                  0.11    0.00    1.67 v _0466_/A2 (sky130_fd_sc_hd__a21bo_2)
                  0.03    0.24    1.91 v _0466_/X (sky130_fd_sc_hd__a21bo_2)
     1    0.00                           _0168_ (net)
                  0.03    0.00    1.91 v _0473_/A1 (sky130_fd_sc_hd__a2111o_2)
                  0.08    0.45    2.36 v _0473_/X (sky130_fd_sc_hd__a2111o_2)
     4    0.01                           _0175_ (net)
                  0.08    0.00    2.36 v _0474_/A (sky130_fd_sc_hd__buf_1)
                  0.21    0.26    2.62 v _0474_/X (sky130_fd_sc_hd__buf_1)
    16    0.04                           _0176_ (net)
                  0.21    0.00    2.62 v _0642_/A2 (sky130_fd_sc_hd__o211a_2)
                  0.09    0.39    3.01 v _0642_/X (sky130_fd_sc_hd__o211a_2)
     8    0.02                           _0302_ (net)
                  0.09    0.00    3.01 v _0649_/S (sky130_fd_sc_hd__mux2_2)
                  0.05    0.29    3.30 v _0649_/X (sky130_fd_sc_hd__mux2_2)
     1    0.00                           _0306_ (net)
                  0.05    0.00    3.30 v _0650_/A (sky130_fd_sc_hd__buf_1)
                  0.02    0.09    3.38 v _0650_/X (sky130_fd_sc_hd__buf_1)
     1    0.00                           _0043_ (net)
                  0.02    0.00    3.38 v _0949_/D (sky130_fd_sc_hd__dfxtp_2)
                                  3.38   data arrival time

                  0.15   10.00   10.00   clock w_clk (rise edge)
                          0.00   10.00   clock network delay (ideal)
                         -0.25    9.75   clock uncertainty
                          0.00    9.75   clock reconvergence pessimism
                                  9.75 ^ _0949_/CLK (sky130_fd_sc_hd__dfxtp_2)
                         -0.08    9.67   library setup time
                                  9.67   data required time
-----------------------------------------------------------------------------
                                  9.67   data required time
                                 -3.38   data arrival time
-----------------------------------------------------------------------------
                                  6.29   slack (MET)


Startpoint: _1060_ (rising edge-triggered flip-flop clocked by w_clk)
Endpoint: _0950_ (rising edge-triggered flip-flop clocked by w_clk)
Path Group: w_clk
Path Type: max

Fanout     Cap    Slew   Delay    Time   Description
-----------------------------------------------------------------------------
                  0.15    0.00    0.00   clock w_clk (rise edge)
                          0.00    0.00   clock network delay (ideal)
                  0.15    0.00    0.00 ^ _1060_/CLK (sky130_fd_sc_hd__dfrtp_2)
                  0.04    0.43    0.43 v _1060_/Q (sky130_fd_sc_hd__dfrtp_2)
     1    0.00                           w_ptr_b[0] (net)
                  0.04    0.00    0.43 v _0453_/A (sky130_fd_sc_hd__buf_1)
                  0.22    0.25    0.68 v _0453_/X (sky130_fd_sc_hd__buf_1)
    13    0.04                           _0155_ (net)
                  0.22    0.00    0.68 v _0456_/A (sky130_fd_sc_hd__and3_2)
                  0.04    0.26    0.94 v _0456_/X (sky130_fd_sc_hd__and3_2)
     1    0.00                           _0158_ (net)
                  0.04    0.00    0.94 v _0457_/A (sky130_fd_sc_hd__buf_1)
                  0.12    0.17    1.11 v _0457_/X (sky130_fd_sc_hd__buf_1)
     5    0.02                           _0159_ (net)
                  0.12    0.00    1.11 v _0465_/A (sky130_fd_sc_hd__or3_2)
                  0.11    0.56    1.67 v _0465_/X (sky130_fd_sc_hd__or3_2)
     3    0.01                           _0167_ (net)
                  0.11    0.00    1.67 v _0466_/A2 (sky130_fd_sc_hd__a21bo_2)
                  0.03    0.24    1.91 v _0466_/X (sky130_fd_sc_hd__a21bo_2)
     1    0.00                           _0168_ (net)
                  0.03    0.00    1.91 v _0473_/A1 (sky130_fd_sc_hd__a2111o_2)
                  0.08    0.45    2.36 v _0473_/X (sky130_fd_sc_hd__a2111o_2)
     4    0.01                           _0175_ (net)
                  0.08    0.00    2.36 v _0474_/A (sky130_fd_sc_hd__buf_1)
                  0.21    0.26    2.62 v _0474_/X (sky130_fd_sc_hd__buf_1)
    16    0.04                           _0176_ (net)
                  0.21    0.00    2.62 v _0642_/A2 (sky130_fd_sc_hd__o211a_2)
                  0.09    0.39    3.01 v _0642_/X (sky130_fd_sc_hd__o211a_2)
     8    0.02                           _0302_ (net)
                  0.09    0.00    3.01 v _0651_/S (sky130_fd_sc_hd__mux2_2)
                  0.05    0.29    3.30 v _0651_/X (sky130_fd_sc_hd__mux2_2)
     1    0.00                           _0307_ (net)
                  0.05    0.00    3.30 v _0652_/A (sky130_fd_sc_hd__buf_1)
                  0.02    0.09    3.38 v _0652_/X (sky130_fd_sc_hd__buf_1)
     1    0.00                           _0044_ (net)
                  0.02    0.00    3.38 v _0950_/D (sky130_fd_sc_hd__dfxtp_2)
                                  3.38   data arrival time

                  0.15   10.00   10.00   clock w_clk (rise edge)
                          0.00   10.00   clock network delay (ideal)
                         -0.25    9.75   clock uncertainty
                          0.00    9.75   clock reconvergence pessimism
                                  9.75 ^ _0950_/CLK (sky130_fd_sc_hd__dfxtp_2)
                         -0.08    9.67   library setup time
                                  9.67   data required time
-----------------------------------------------------------------------------
                                  9.67   data required time
                                 -3.38   data arrival time
-----------------------------------------------------------------------------
                                  6.29   slack (MET)


Startpoint: _1060_ (rising edge-triggered flip-flop clocked by w_clk)
Endpoint: _0951_ (rising edge-triggered flip-flop clocked by w_clk)
Path Group: w_clk
Path Type: max

Fanout     Cap    Slew   Delay    Time   Description
-----------------------------------------------------------------------------
                  0.15    0.00    0.00   clock w_clk (rise edge)
                          0.00    0.00   clock network delay (ideal)
                  0.15    0.00    0.00 ^ _1060_/CLK (sky130_fd_sc_hd__dfrtp_2)
                  0.04    0.43    0.43 v _1060_/Q (sky130_fd_sc_hd__dfrtp_2)
     1    0.00                           w_ptr_b[0] (net)
                  0.04    0.00    0.43 v _0453_/A (sky130_fd_sc_hd__buf_1)
                  0.22    0.25    0.68 v _0453_/X (sky130_fd_sc_hd__buf_1)
    13    0.04                           _0155_ (net)
                  0.22    0.00    0.68 v _0456_/A (sky130_fd_sc_hd__and3_2)
                  0.04    0.26    0.94 v _0456_/X (sky130_fd_sc_hd__and3_2)
     1    0.00                           _0158_ (net)
                  0.04    0.00    0.94 v _0457_/A (sky130_fd_sc_hd__buf_1)
                  0.12    0.17    1.11 v _0457_/X (sky130_fd_sc_hd__buf_1)
     5    0.02                           _0159_ (net)
                  0.12    0.00    1.11 v _0465_/A (sky130_fd_sc_hd__or3_2)
                  0.11    0.56    1.67 v _0465_/X (sky130_fd_sc_hd__or3_2)
     3    0.01                           _0167_ (net)
                  0.11    0.00    1.67 v _0466_/A2 (sky130_fd_sc_hd__a21bo_2)
                  0.03    0.24    1.91 v _0466_/X (sky130_fd_sc_hd__a21bo_2)
     1    0.00                           _0168_ (net)
                  0.03    0.00    1.91 v _0473_/A1 (sky130_fd_sc_hd__a2111o_2)
                  0.08    0.45    2.36 v _0473_/X (sky130_fd_sc_hd__a2111o_2)
     4    0.01                           _0175_ (net)
                  0.08    0.00    2.36 v _0474_/A (sky130_fd_sc_hd__buf_1)
                  0.21    0.26    2.62 v _0474_/X (sky130_fd_sc_hd__buf_1)
    16    0.04                           _0176_ (net)
                  0.21    0.00    2.62 v _0642_/A2 (sky130_fd_sc_hd__o211a_2)
                  0.09    0.39    3.01 v _0642_/X (sky130_fd_sc_hd__o211a_2)
     8    0.02                           _0302_ (net)
                  0.09    0.00    3.01 v _0653_/S (sky130_fd_sc_hd__mux2_2)
                  0.05    0.29    3.30 v _0653_/X (sky130_fd_sc_hd__mux2_2)
     1    0.00                           _0308_ (net)
                  0.05    0.00    3.30 v _0654_/A (sky130_fd_sc_hd__buf_1)
                  0.02    0.09    3.38 v _0654_/X (sky130_fd_sc_hd__buf_1)
     1    0.00                           _0045_ (net)
                  0.02    0.00    3.38 v _0951_/D (sky130_fd_sc_hd__dfxtp_2)
                                  3.38   data arrival time

                  0.15   10.00   10.00   clock w_clk (rise edge)
                          0.00   10.00   clock network delay (ideal)
                         -0.25    9.75   clock uncertainty
                          0.00    9.75   clock reconvergence pessimism
                                  9.75 ^ _0951_/CLK (sky130_fd_sc_hd__dfxtp_2)
                         -0.08    9.67   library setup time
                                  9.67   data required time
-----------------------------------------------------------------------------
                                  9.67   data required time
                                 -3.38   data arrival time
-----------------------------------------------------------------------------
                                  6.29   slack (MET)


Startpoint: _1060_ (rising edge-triggered flip-flop clocked by w_clk)
Endpoint: _0952_ (rising edge-triggered flip-flop clocked by w_clk)
Path Group: w_clk
Path Type: max

Fanout     Cap    Slew   Delay    Time   Description
-----------------------------------------------------------------------------
                  0.15    0.00    0.00   clock w_clk (rise edge)
                          0.00    0.00   clock network delay (ideal)
                  0.15    0.00    0.00 ^ _1060_/CLK (sky130_fd_sc_hd__dfrtp_2)
                  0.04    0.43    0.43 v _1060_/Q (sky130_fd_sc_hd__dfrtp_2)
     1    0.00                           w_ptr_b[0] (net)
                  0.04    0.00    0.43 v _0453_/A (sky130_fd_sc_hd__buf_1)
                  0.22    0.25    0.68 v _0453_/X (sky130_fd_sc_hd__buf_1)
    13    0.04                           _0155_ (net)
                  0.22    0.00    0.68 v _0456_/A (sky130_fd_sc_hd__and3_2)
                  0.04    0.26    0.94 v _0456_/X (sky130_fd_sc_hd__and3_2)
     1    0.00                           _0158_ (net)
                  0.04    0.00    0.94 v _0457_/A (sky130_fd_sc_hd__buf_1)
                  0.12    0.17    1.11 v _0457_/X (sky130_fd_sc_hd__buf_1)
     5    0.02                           _0159_ (net)
                  0.12    0.00    1.11 v _0465_/A (sky130_fd_sc_hd__or3_2)
                  0.11    0.56    1.67 v _0465_/X (sky130_fd_sc_hd__or3_2)
     3    0.01                           _0167_ (net)
                  0.11    0.00    1.67 v _0466_/A2 (sky130_fd_sc_hd__a21bo_2)
                  0.03    0.24    1.91 v _0466_/X (sky130_fd_sc_hd__a21bo_2)
     1    0.00                           _0168_ (net)
                  0.03    0.00    1.91 v _0473_/A1 (sky130_fd_sc_hd__a2111o_2)
                  0.08    0.45    2.36 v _0473_/X (sky130_fd_sc_hd__a2111o_2)
     4    0.01                           _0175_ (net)
                  0.08    0.00    2.36 v _0474_/A (sky130_fd_sc_hd__buf_1)
                  0.21    0.26    2.62 v _0474_/X (sky130_fd_sc_hd__buf_1)
    16    0.04                           _0176_ (net)
                  0.21    0.00    2.62 v _0642_/A2 (sky130_fd_sc_hd__o211a_2)
                  0.09    0.39    3.01 v _0642_/X (sky130_fd_sc_hd__o211a_2)
     8    0.02                           _0302_ (net)
                  0.09    0.00    3.01 v _0655_/S (sky130_fd_sc_hd__mux2_2)
                  0.05    0.29    3.30 v _0655_/X (sky130_fd_sc_hd__mux2_2)
     1    0.00                           _0309_ (net)
                  0.05    0.00    3.30 v _0656_/A (sky130_fd_sc_hd__buf_1)
                  0.02    0.09    3.38 v _0656_/X (sky130_fd_sc_hd__buf_1)
     1    0.00                           _0046_ (net)
                  0.02    0.00    3.38 v _0952_/D (sky130_fd_sc_hd__dfxtp_2)
                                  3.38   data arrival time

                  0.15   10.00   10.00   clock w_clk (rise edge)
                          0.00   10.00   clock network delay (ideal)
                         -0.25    9.75   clock uncertainty
                          0.00    9.75   clock reconvergence pessimism
                                  9.75 ^ _0952_/CLK (sky130_fd_sc_hd__dfxtp_2)
                         -0.08    9.67   library setup time
                                  9.67   data required time
-----------------------------------------------------------------------------
                                  9.67   data required time
                                 -3.38   data arrival time
-----------------------------------------------------------------------------
                                  6.29   slack (MET)


Startpoint: _1060_ (rising edge-triggered flip-flop clocked by w_clk)
Endpoint: _0953_ (rising edge-triggered flip-flop clocked by w_clk)
Path Group: w_clk
Path Type: max

Fanout     Cap    Slew   Delay    Time   Description
-----------------------------------------------------------------------------
                  0.15    0.00    0.00   clock w_clk (rise edge)
                          0.00    0.00   clock network delay (ideal)
                  0.15    0.00    0.00 ^ _1060_/CLK (sky130_fd_sc_hd__dfrtp_2)
                  0.04    0.43    0.43 v _1060_/Q (sky130_fd_sc_hd__dfrtp_2)
     1    0.00                           w_ptr_b[0] (net)
                  0.04    0.00    0.43 v _0453_/A (sky130_fd_sc_hd__buf_1)
                  0.22    0.25    0.68 v _0453_/X (sky130_fd_sc_hd__buf_1)
    13    0.04                           _0155_ (net)
                  0.22    0.00    0.68 v _0456_/A (sky130_fd_sc_hd__and3_2)
                  0.04    0.26    0.94 v _0456_/X (sky130_fd_sc_hd__and3_2)
     1    0.00                           _0158_ (net)
                  0.04    0.00    0.94 v _0457_/A (sky130_fd_sc_hd__buf_1)
                  0.12    0.17    1.11 v _0457_/X (sky130_fd_sc_hd__buf_1)
     5    0.02                           _0159_ (net)
                  0.12    0.00    1.11 v _0465_/A (sky130_fd_sc_hd__or3_2)
                  0.11    0.56    1.67 v _0465_/X (sky130_fd_sc_hd__or3_2)
     3    0.01                           _0167_ (net)
                  0.11    0.00    1.67 v _0466_/A2 (sky130_fd_sc_hd__a21bo_2)
                  0.03    0.24    1.91 v _0466_/X (sky130_fd_sc_hd__a21bo_2)
     1    0.00                           _0168_ (net)
                  0.03    0.00    1.91 v _0473_/A1 (sky130_fd_sc_hd__a2111o_2)
                  0.08    0.45    2.36 v _0473_/X (sky130_fd_sc_hd__a2111o_2)
     4    0.01                           _0175_ (net)
                  0.08    0.00    2.36 v _0474_/A (sky130_fd_sc_hd__buf_1)
                  0.21    0.26    2.62 v _0474_/X (sky130_fd_sc_hd__buf_1)
    16    0.04                           _0176_ (net)
                  0.21    0.00    2.62 v _0642_/A2 (sky130_fd_sc_hd__o211a_2)
                  0.09    0.39    3.01 v _0642_/X (sky130_fd_sc_hd__o211a_2)
     8    0.02                           _0302_ (net)
                  0.09    0.00    3.01 v _0657_/S (sky130_fd_sc_hd__mux2_2)
                  0.05    0.29    3.30 v _0657_/X (sky130_fd_sc_hd__mux2_2)
     1    0.00                           _0310_ (net)
                  0.05    0.00    3.30 v _0658_/A (sky130_fd_sc_hd__buf_1)
                  0.02    0.09    3.38 v _0658_/X (sky130_fd_sc_hd__buf_1)
     1    0.00                           _0047_ (net)
                  0.02    0.00    3.38 v _0953_/D (sky130_fd_sc_hd__dfxtp_2)
                                  3.38   data arrival time

                  0.15   10.00   10.00   clock w_clk (rise edge)
                          0.00   10.00   clock network delay (ideal)
                         -0.25    9.75   clock uncertainty
                          0.00    9.75   clock reconvergence pessimism
                                  9.75 ^ _0953_/CLK (sky130_fd_sc_hd__dfxtp_2)
                         -0.08    9.67   library setup time
                                  9.67   data required time
-----------------------------------------------------------------------------
                                  9.67   data required time
                                 -3.38   data arrival time
-----------------------------------------------------------------------------
                                  6.29   slack (MET)


Startpoint: _1060_ (rising edge-triggered flip-flop clocked by w_clk)
Endpoint: _0954_ (rising edge-triggered flip-flop clocked by w_clk)
Path Group: w_clk
Path Type: max

Fanout     Cap    Slew   Delay    Time   Description
-----------------------------------------------------------------------------
                  0.15    0.00    0.00   clock w_clk (rise edge)
                          0.00    0.00   clock network delay (ideal)
                  0.15    0.00    0.00 ^ _1060_/CLK (sky130_fd_sc_hd__dfrtp_2)
                  0.04    0.43    0.43 v _1060_/Q (sky130_fd_sc_hd__dfrtp_2)
     1    0.00                           w_ptr_b[0] (net)
                  0.04    0.00    0.43 v _0453_/A (sky130_fd_sc_hd__buf_1)
                  0.22    0.25    0.68 v _0453_/X (sky130_fd_sc_hd__buf_1)
    13    0.04                           _0155_ (net)
                  0.22    0.00    0.68 v _0456_/A (sky130_fd_sc_hd__and3_2)
                  0.04    0.26    0.94 v _0456_/X (sky130_fd_sc_hd__and3_2)
     1    0.00                           _0158_ (net)
                  0.04    0.00    0.94 v _0457_/A (sky130_fd_sc_hd__buf_1)
                  0.12    0.17    1.11 v _0457_/X (sky130_fd_sc_hd__buf_1)
     5    0.02                           _0159_ (net)
                  0.12    0.00    1.11 v _0465_/A (sky130_fd_sc_hd__or3_2)
                  0.11    0.56    1.67 v _0465_/X (sky130_fd_sc_hd__or3_2)
     3    0.01                           _0167_ (net)
                  0.11    0.00    1.67 v _0466_/A2 (sky130_fd_sc_hd__a21bo_2)
                  0.03    0.24    1.91 v _0466_/X (sky130_fd_sc_hd__a21bo_2)
     1    0.00                           _0168_ (net)
                  0.03    0.00    1.91 v _0473_/A1 (sky130_fd_sc_hd__a2111o_2)
                  0.08    0.45    2.36 v _0473_/X (sky130_fd_sc_hd__a2111o_2)
     4    0.01                           _0175_ (net)
                  0.08    0.00    2.36 v _0474_/A (sky130_fd_sc_hd__buf_1)
                  0.21    0.26    2.62 v _0474_/X (sky130_fd_sc_hd__buf_1)
    16    0.04                           _0176_ (net)
                  0.21    0.00    2.62 v _0660_/A2 (sky130_fd_sc_hd__o211a_2)
                  0.09    0.39    3.01 v _0660_/X (sky130_fd_sc_hd__o211a_2)
     8    0.02                           _0312_ (net)
                  0.09    0.00    3.01 v _0661_/S (sky130_fd_sc_hd__mux2_2)
                  0.05    0.29    3.30 v _0661_/X (sky130_fd_sc_hd__mux2_2)
     1    0.00                           _0313_ (net)
                  0.05    0.00    3.30 v _0662_/A (sky130_fd_sc_hd__buf_1)
                  0.02    0.09    3.38 v _0662_/X (sky130_fd_sc_hd__buf_1)
     1    0.00                           _0048_ (net)
                  0.02    0.00    3.38 v _0954_/D (sky130_fd_sc_hd__dfxtp_2)
                                  3.38   data arrival time

                  0.15   10.00   10.00   clock w_clk (rise edge)
                          0.00   10.00   clock network delay (ideal)
                         -0.25    9.75   clock uncertainty
                          0.00    9.75   clock reconvergence pessimism
                                  9.75 ^ _0954_/CLK (sky130_fd_sc_hd__dfxtp_2)
                         -0.08    9.67   library setup time
                                  9.67   data required time
-----------------------------------------------------------------------------
                                  9.67   data required time
                                 -3.38   data arrival time
-----------------------------------------------------------------------------
                                  6.29   slack (MET)


Startpoint: _1060_ (rising edge-triggered flip-flop clocked by w_clk)
Endpoint: _0955_ (rising edge-triggered flip-flop clocked by w_clk)
Path Group: w_clk
Path Type: max

Fanout     Cap    Slew   Delay    Time   Description
-----------------------------------------------------------------------------
                  0.15    0.00    0.00   clock w_clk (rise edge)
                          0.00    0.00   clock network delay (ideal)
                  0.15    0.00    0.00 ^ _1060_/CLK (sky130_fd_sc_hd__dfrtp_2)
                  0.04    0.43    0.43 v _1060_/Q (sky130_fd_sc_hd__dfrtp_2)
     1    0.00                           w_ptr_b[0] (net)
                  0.04    0.00    0.43 v _0453_/A (sky130_fd_sc_hd__buf_1)
                  0.22    0.25    0.68 v _0453_/X (sky130_fd_sc_hd__buf_1)
    13    0.04                           _0155_ (net)
                  0.22    0.00    0.68 v _0456_/A (sky130_fd_sc_hd__and3_2)
                  0.04    0.26    0.94 v _0456_/X (sky130_fd_sc_hd__and3_2)
     1    0.00                           _0158_ (net)
                  0.04    0.00    0.94 v _0457_/A (sky130_fd_sc_hd__buf_1)
                  0.12    0.17    1.11 v _0457_/X (sky130_fd_sc_hd__buf_1)
     5    0.02                           _0159_ (net)
                  0.12    0.00    1.11 v _0465_/A (sky130_fd_sc_hd__or3_2)
                  0.11    0.56    1.67 v _0465_/X (sky130_fd_sc_hd__or3_2)
     3    0.01                           _0167_ (net)
                  0.11    0.00    1.67 v _0466_/A2 (sky130_fd_sc_hd__a21bo_2)
                  0.03    0.24    1.91 v _0466_/X (sky130_fd_sc_hd__a21bo_2)
     1    0.00                           _0168_ (net)
                  0.03    0.00    1.91 v _0473_/A1 (sky130_fd_sc_hd__a2111o_2)
                  0.08    0.45    2.36 v _0473_/X (sky130_fd_sc_hd__a2111o_2)
     4    0.01                           _0175_ (net)
                  0.08    0.00    2.36 v _0474_/A (sky130_fd_sc_hd__buf_1)
                  0.21    0.26    2.62 v _0474_/X (sky130_fd_sc_hd__buf_1)
    16    0.04                           _0176_ (net)
                  0.21    0.00    2.62 v _0660_/A2 (sky130_fd_sc_hd__o211a_2)
                  0.09    0.39    3.01 v _0660_/X (sky130_fd_sc_hd__o211a_2)
     8    0.02                           _0312_ (net)
                  0.09    0.00    3.01 v _0663_/S (sky130_fd_sc_hd__mux2_2)
                  0.05    0.29    3.30 v _0663_/X (sky130_fd_sc_hd__mux2_2)
     1    0.00                           _0314_ (net)
                  0.05    0.00    3.30 v _0664_/A (sky130_fd_sc_hd__buf_1)
                  0.02    0.09    3.38 v _0664_/X (sky130_fd_sc_hd__buf_1)
     1    0.00                           _0049_ (net)
                  0.02    0.00    3.38 v _0955_/D (sky130_fd_sc_hd__dfxtp_2)
                                  3.38   data arrival time

                  0.15   10.00   10.00   clock w_clk (rise edge)
                          0.00   10.00   clock network delay (ideal)
                         -0.25    9.75   clock uncertainty
                          0.00    9.75   clock reconvergence pessimism
                                  9.75 ^ _0955_/CLK (sky130_fd_sc_hd__dfxtp_2)
                         -0.08    9.67   library setup time
                                  9.67   data required time
-----------------------------------------------------------------------------
                                  9.67   data required time
                                 -3.38   data arrival time
-----------------------------------------------------------------------------
                                  6.29   slack (MET)


Startpoint: _1060_ (rising edge-triggered flip-flop clocked by w_clk)
Endpoint: _0956_ (rising edge-triggered flip-flop clocked by w_clk)
Path Group: w_clk
Path Type: max

Fanout     Cap    Slew   Delay    Time   Description
-----------------------------------------------------------------------------
                  0.15    0.00    0.00   clock w_clk (rise edge)
                          0.00    0.00   clock network delay (ideal)
                  0.15    0.00    0.00 ^ _1060_/CLK (sky130_fd_sc_hd__dfrtp_2)
                  0.04    0.43    0.43 v _1060_/Q (sky130_fd_sc_hd__dfrtp_2)
     1    0.00                           w_ptr_b[0] (net)
                  0.04    0.00    0.43 v _0453_/A (sky130_fd_sc_hd__buf_1)
                  0.22    0.25    0.68 v _0453_/X (sky130_fd_sc_hd__buf_1)
    13    0.04                           _0155_ (net)
                  0.22    0.00    0.68 v _0456_/A (sky130_fd_sc_hd__and3_2)
                  0.04    0.26    0.94 v _0456_/X (sky130_fd_sc_hd__and3_2)
     1    0.00                           _0158_ (net)
                  0.04    0.00    0.94 v _0457_/A (sky130_fd_sc_hd__buf_1)
                  0.12    0.17    1.11 v _0457_/X (sky130_fd_sc_hd__buf_1)
     5    0.02                           _0159_ (net)
                  0.12    0.00    1.11 v _0465_/A (sky130_fd_sc_hd__or3_2)
                  0.11    0.56    1.67 v _0465_/X (sky130_fd_sc_hd__or3_2)
     3    0.01                           _0167_ (net)
                  0.11    0.00    1.67 v _0466_/A2 (sky130_fd_sc_hd__a21bo_2)
                  0.03    0.24    1.91 v _0466_/X (sky130_fd_sc_hd__a21bo_2)
     1    0.00                           _0168_ (net)
                  0.03    0.00    1.91 v _0473_/A1 (sky130_fd_sc_hd__a2111o_2)
                  0.08    0.45    2.36 v _0473_/X (sky130_fd_sc_hd__a2111o_2)
     4    0.01                           _0175_ (net)
                  0.08    0.00    2.36 v _0474_/A (sky130_fd_sc_hd__buf_1)
                  0.21    0.26    2.62 v _0474_/X (sky130_fd_sc_hd__buf_1)
    16    0.04                           _0176_ (net)
                  0.21    0.00    2.62 v _0660_/A2 (sky130_fd_sc_hd__o211a_2)
                  0.09    0.39    3.01 v _0660_/X (sky130_fd_sc_hd__o211a_2)
     8    0.02                           _0312_ (net)
                  0.09    0.00    3.01 v _0665_/S (sky130_fd_sc_hd__mux2_2)
                  0.05    0.29    3.30 v _0665_/X (sky130_fd_sc_hd__mux2_2)
     1    0.00                           _0315_ (net)
                  0.05    0.00    3.30 v _0666_/A (sky130_fd_sc_hd__buf_1)
                  0.02    0.09    3.38 v _0666_/X (sky130_fd_sc_hd__buf_1)
     1    0.00                           _0050_ (net)
                  0.02    0.00    3.38 v _0956_/D (sky130_fd_sc_hd__dfxtp_2)
                                  3.38   data arrival time

                  0.15   10.00   10.00   clock w_clk (rise edge)
                          0.00   10.00   clock network delay (ideal)
                         -0.25    9.75   clock uncertainty
                          0.00    9.75   clock reconvergence pessimism
                                  9.75 ^ _0956_/CLK (sky130_fd_sc_hd__dfxtp_2)
                         -0.08    9.67   library setup time
                                  9.67   data required time
-----------------------------------------------------------------------------
                                  9.67   data required time
                                 -3.38   data arrival time
-----------------------------------------------------------------------------
                                  6.29   slack (MET)


Startpoint: _1060_ (rising edge-triggered flip-flop clocked by w_clk)
Endpoint: _0957_ (rising edge-triggered flip-flop clocked by w_clk)
Path Group: w_clk
Path Type: max

Fanout     Cap    Slew   Delay    Time   Description
-----------------------------------------------------------------------------
                  0.15    0.00    0.00   clock w_clk (rise edge)
                          0.00    0.00   clock network delay (ideal)
                  0.15    0.00    0.00 ^ _1060_/CLK (sky130_fd_sc_hd__dfrtp_2)
                  0.04    0.43    0.43 v _1060_/Q (sky130_fd_sc_hd__dfrtp_2)
     1    0.00                           w_ptr_b[0] (net)
                  0.04    0.00    0.43 v _0453_/A (sky130_fd_sc_hd__buf_1)
                  0.22    0.25    0.68 v _0453_/X (sky130_fd_sc_hd__buf_1)
    13    0.04                           _0155_ (net)
                  0.22    0.00    0.68 v _0456_/A (sky130_fd_sc_hd__and3_2)
                  0.04    0.26    0.94 v _0456_/X (sky130_fd_sc_hd__and3_2)
     1    0.00                           _0158_ (net)
                  0.04    0.00    0.94 v _0457_/A (sky130_fd_sc_hd__buf_1)
                  0.12    0.17    1.11 v _0457_/X (sky130_fd_sc_hd__buf_1)
     5    0.02                           _0159_ (net)
                  0.12    0.00    1.11 v _0465_/A (sky130_fd_sc_hd__or3_2)
                  0.11    0.56    1.67 v _0465_/X (sky130_fd_sc_hd__or3_2)
     3    0.01                           _0167_ (net)
                  0.11    0.00    1.67 v _0466_/A2 (sky130_fd_sc_hd__a21bo_2)
                  0.03    0.24    1.91 v _0466_/X (sky130_fd_sc_hd__a21bo_2)
     1    0.00                           _0168_ (net)
                  0.03    0.00    1.91 v _0473_/A1 (sky130_fd_sc_hd__a2111o_2)
                  0.08    0.45    2.36 v _0473_/X (sky130_fd_sc_hd__a2111o_2)
     4    0.01                           _0175_ (net)
                  0.08    0.00    2.36 v _0474_/A (sky130_fd_sc_hd__buf_1)
                  0.21    0.26    2.62 v _0474_/X (sky130_fd_sc_hd__buf_1)
    16    0.04                           _0176_ (net)
                  0.21    0.00    2.62 v _0660_/A2 (sky130_fd_sc_hd__o211a_2)
                  0.09    0.39    3.01 v _0660_/X (sky130_fd_sc_hd__o211a_2)
     8    0.02                           _0312_ (net)
                  0.09    0.00    3.01 v _0667_/S (sky130_fd_sc_hd__mux2_2)
                  0.05    0.29    3.30 v _0667_/X (sky130_fd_sc_hd__mux2_2)
     1    0.00                           _0316_ (net)
                  0.05    0.00    3.30 v _0668_/A (sky130_fd_sc_hd__buf_1)
                  0.02    0.09    3.38 v _0668_/X (sky130_fd_sc_hd__buf_1)
     1    0.00                           _0051_ (net)
                  0.02    0.00    3.38 v _0957_/D (sky130_fd_sc_hd__dfxtp_2)
                                  3.38   data arrival time

                  0.15   10.00   10.00   clock w_clk (rise edge)
                          0.00   10.00   clock network delay (ideal)
                         -0.25    9.75   clock uncertainty
                          0.00    9.75   clock reconvergence pessimism
                                  9.75 ^ _0957_/CLK (sky130_fd_sc_hd__dfxtp_2)
                         -0.08    9.67   library setup time
                                  9.67   data required time
-----------------------------------------------------------------------------
                                  9.67   data required time
                                 -3.38   data arrival time
-----------------------------------------------------------------------------
                                  6.29   slack (MET)


Startpoint: _1060_ (rising edge-triggered flip-flop clocked by w_clk)
Endpoint: _0958_ (rising edge-triggered flip-flop clocked by w_clk)
Path Group: w_clk
Path Type: max

Fanout     Cap    Slew   Delay    Time   Description
-----------------------------------------------------------------------------
                  0.15    0.00    0.00   clock w_clk (rise edge)
                          0.00    0.00   clock network delay (ideal)
                  0.15    0.00    0.00 ^ _1060_/CLK (sky130_fd_sc_hd__dfrtp_2)
                  0.04    0.43    0.43 v _1060_/Q (sky130_fd_sc_hd__dfrtp_2)
     1    0.00                           w_ptr_b[0] (net)
                  0.04    0.00    0.43 v _0453_/A (sky130_fd_sc_hd__buf_1)
                  0.22    0.25    0.68 v _0453_/X (sky130_fd_sc_hd__buf_1)
    13    0.04                           _0155_ (net)
                  0.22    0.00    0.68 v _0456_/A (sky130_fd_sc_hd__and3_2)
                  0.04    0.26    0.94 v _0456_/X (sky130_fd_sc_hd__and3_2)
     1    0.00                           _0158_ (net)
                  0.04    0.00    0.94 v _0457_/A (sky130_fd_sc_hd__buf_1)
                  0.12    0.17    1.11 v _0457_/X (sky130_fd_sc_hd__buf_1)
     5    0.02                           _0159_ (net)
                  0.12    0.00    1.11 v _0465_/A (sky130_fd_sc_hd__or3_2)
                  0.11    0.56    1.67 v _0465_/X (sky130_fd_sc_hd__or3_2)
     3    0.01                           _0167_ (net)
                  0.11    0.00    1.67 v _0466_/A2 (sky130_fd_sc_hd__a21bo_2)
                  0.03    0.24    1.91 v _0466_/X (sky130_fd_sc_hd__a21bo_2)
     1    0.00                           _0168_ (net)
                  0.03    0.00    1.91 v _0473_/A1 (sky130_fd_sc_hd__a2111o_2)
                  0.08    0.45    2.36 v _0473_/X (sky130_fd_sc_hd__a2111o_2)
     4    0.01                           _0175_ (net)
                  0.08    0.00    2.36 v _0474_/A (sky130_fd_sc_hd__buf_1)
                  0.21    0.26    2.62 v _0474_/X (sky130_fd_sc_hd__buf_1)
    16    0.04                           _0176_ (net)
                  0.21    0.00    2.62 v _0660_/A2 (sky130_fd_sc_hd__o211a_2)
                  0.09    0.39    3.01 v _0660_/X (sky130_fd_sc_hd__o211a_2)
     8    0.02                           _0312_ (net)
                  0.09    0.00    3.01 v _0669_/S (sky130_fd_sc_hd__mux2_2)
                  0.05    0.29    3.30 v _0669_/X (sky130_fd_sc_hd__mux2_2)
     1    0.00                           _0317_ (net)
                  0.05    0.00    3.30 v _0670_/A (sky130_fd_sc_hd__buf_1)
                  0.02    0.09    3.38 v _0670_/X (sky130_fd_sc_hd__buf_1)
     1    0.00                           _0052_ (net)
                  0.02    0.00    3.38 v _0958_/D (sky130_fd_sc_hd__dfxtp_2)
                                  3.38   data arrival time

                  0.15   10.00   10.00   clock w_clk (rise edge)
                          0.00   10.00   clock network delay (ideal)
                         -0.25    9.75   clock uncertainty
                          0.00    9.75   clock reconvergence pessimism
                                  9.75 ^ _0958_/CLK (sky130_fd_sc_hd__dfxtp_2)
                         -0.08    9.67   library setup time
                                  9.67   data required time
-----------------------------------------------------------------------------
                                  9.67   data required time
                                 -3.38   data arrival time
-----------------------------------------------------------------------------
                                  6.29   slack (MET)


Startpoint: _1060_ (rising edge-triggered flip-flop clocked by w_clk)
Endpoint: _0959_ (rising edge-triggered flip-flop clocked by w_clk)
Path Group: w_clk
Path Type: max

Fanout     Cap    Slew   Delay    Time   Description
-----------------------------------------------------------------------------
                  0.15    0.00    0.00   clock w_clk (rise edge)
                          0.00    0.00   clock network delay (ideal)
                  0.15    0.00    0.00 ^ _1060_/CLK (sky130_fd_sc_hd__dfrtp_2)
                  0.04    0.43    0.43 v _1060_/Q (sky130_fd_sc_hd__dfrtp_2)
     1    0.00                           w_ptr_b[0] (net)
                  0.04    0.00    0.43 v _0453_/A (sky130_fd_sc_hd__buf_1)
                  0.22    0.25    0.68 v _0453_/X (sky130_fd_sc_hd__buf_1)
    13    0.04                           _0155_ (net)
                  0.22    0.00    0.68 v _0456_/A (sky130_fd_sc_hd__and3_2)
                  0.04    0.26    0.94 v _0456_/X (sky130_fd_sc_hd__and3_2)
     1    0.00                           _0158_ (net)
                  0.04    0.00    0.94 v _0457_/A (sky130_fd_sc_hd__buf_1)
                  0.12    0.17    1.11 v _0457_/X (sky130_fd_sc_hd__buf_1)
     5    0.02                           _0159_ (net)
                  0.12    0.00    1.11 v _0465_/A (sky130_fd_sc_hd__or3_2)
                  0.11    0.56    1.67 v _0465_/X (sky130_fd_sc_hd__or3_2)
     3    0.01                           _0167_ (net)
                  0.11    0.00    1.67 v _0466_/A2 (sky130_fd_sc_hd__a21bo_2)
                  0.03    0.24    1.91 v _0466_/X (sky130_fd_sc_hd__a21bo_2)
     1    0.00                           _0168_ (net)
                  0.03    0.00    1.91 v _0473_/A1 (sky130_fd_sc_hd__a2111o_2)
                  0.08    0.45    2.36 v _0473_/X (sky130_fd_sc_hd__a2111o_2)
     4    0.01                           _0175_ (net)
                  0.08    0.00    2.36 v _0474_/A (sky130_fd_sc_hd__buf_1)
                  0.21    0.26    2.62 v _0474_/X (sky130_fd_sc_hd__buf_1)
    16    0.04                           _0176_ (net)
                  0.21    0.00    2.62 v _0660_/A2 (sky130_fd_sc_hd__o211a_2)
                  0.09    0.39    3.01 v _0660_/X (sky130_fd_sc_hd__o211a_2)
     8    0.02                           _0312_ (net)
                  0.09    0.00    3.01 v _0671_/S (sky130_fd_sc_hd__mux2_2)
                  0.05    0.29    3.30 v _0671_/X (sky130_fd_sc_hd__mux2_2)
     1    0.00                           _0318_ (net)
                  0.05    0.00    3.30 v _0672_/A (sky130_fd_sc_hd__buf_1)
                  0.02    0.09    3.38 v _0672_/X (sky130_fd_sc_hd__buf_1)
     1    0.00                           _0053_ (net)
                  0.02    0.00    3.38 v _0959_/D (sky130_fd_sc_hd__dfxtp_2)
                                  3.38   data arrival time

                  0.15   10.00   10.00   clock w_clk (rise edge)
                          0.00   10.00   clock network delay (ideal)
                         -0.25    9.75   clock uncertainty
                          0.00    9.75   clock reconvergence pessimism
                                  9.75 ^ _0959_/CLK (sky130_fd_sc_hd__dfxtp_2)
                         -0.08    9.67   library setup time
                                  9.67   data required time
-----------------------------------------------------------------------------
                                  9.67   data required time
                                 -3.38   data arrival time
-----------------------------------------------------------------------------
                                  6.29   slack (MET)


Startpoint: _1060_ (rising edge-triggered flip-flop clocked by w_clk)
Endpoint: _0960_ (rising edge-triggered flip-flop clocked by w_clk)
Path Group: w_clk
Path Type: max

Fanout     Cap    Slew   Delay    Time   Description
-----------------------------------------------------------------------------
                  0.15    0.00    0.00   clock w_clk (rise edge)
                          0.00    0.00   clock network delay (ideal)
                  0.15    0.00    0.00 ^ _1060_/CLK (sky130_fd_sc_hd__dfrtp_2)
                  0.04    0.43    0.43 v _1060_/Q (sky130_fd_sc_hd__dfrtp_2)
     1    0.00                           w_ptr_b[0] (net)
                  0.04    0.00    0.43 v _0453_/A (sky130_fd_sc_hd__buf_1)
                  0.22    0.25    0.68 v _0453_/X (sky130_fd_sc_hd__buf_1)
    13    0.04                           _0155_ (net)
                  0.22    0.00    0.68 v _0456_/A (sky130_fd_sc_hd__and3_2)
                  0.04    0.26    0.94 v _0456_/X (sky130_fd_sc_hd__and3_2)
     1    0.00                           _0158_ (net)
                  0.04    0.00    0.94 v _0457_/A (sky130_fd_sc_hd__buf_1)
                  0.12    0.17    1.11 v _0457_/X (sky130_fd_sc_hd__buf_1)
     5    0.02                           _0159_ (net)
                  0.12    0.00    1.11 v _0465_/A (sky130_fd_sc_hd__or3_2)
                  0.11    0.56    1.67 v _0465_/X (sky130_fd_sc_hd__or3_2)
     3    0.01                           _0167_ (net)
                  0.11    0.00    1.67 v _0466_/A2 (sky130_fd_sc_hd__a21bo_2)
                  0.03    0.24    1.91 v _0466_/X (sky130_fd_sc_hd__a21bo_2)
     1    0.00                           _0168_ (net)
                  0.03    0.00    1.91 v _0473_/A1 (sky130_fd_sc_hd__a2111o_2)
                  0.08    0.45    2.36 v _0473_/X (sky130_fd_sc_hd__a2111o_2)
     4    0.01                           _0175_ (net)
                  0.08    0.00    2.36 v _0474_/A (sky130_fd_sc_hd__buf_1)
                  0.21    0.26    2.62 v _0474_/X (sky130_fd_sc_hd__buf_1)
    16    0.04                           _0176_ (net)
                  0.21    0.00    2.62 v _0660_/A2 (sky130_fd_sc_hd__o211a_2)
                  0.09    0.39    3.01 v _0660_/X (sky130_fd_sc_hd__o211a_2)
     8    0.02                           _0312_ (net)
                  0.09    0.00    3.01 v _0673_/S (sky130_fd_sc_hd__mux2_2)
                  0.05    0.29    3.30 v _0673_/X (sky130_fd_sc_hd__mux2_2)
     1    0.00                           _0319_ (net)
                  0.05    0.00    3.30 v _0674_/A (sky130_fd_sc_hd__buf_1)
                  0.02    0.09    3.38 v _0674_/X (sky130_fd_sc_hd__buf_1)
     1    0.00                           _0054_ (net)
                  0.02    0.00    3.38 v _0960_/D (sky130_fd_sc_hd__dfxtp_2)
                                  3.38   data arrival time

                  0.15   10.00   10.00   clock w_clk (rise edge)
                          0.00   10.00   clock network delay (ideal)
                         -0.25    9.75   clock uncertainty
                          0.00    9.75   clock reconvergence pessimism
                                  9.75 ^ _0960_/CLK (sky130_fd_sc_hd__dfxtp_2)
                         -0.08    9.67   library setup time
                                  9.67   data required time
-----------------------------------------------------------------------------
                                  9.67   data required time
                                 -3.38   data arrival time
-----------------------------------------------------------------------------
                                  6.29   slack (MET)


Startpoint: _1060_ (rising edge-triggered flip-flop clocked by w_clk)
Endpoint: _0961_ (rising edge-triggered flip-flop clocked by w_clk)
Path Group: w_clk
Path Type: max

Fanout     Cap    Slew   Delay    Time   Description
-----------------------------------------------------------------------------
                  0.15    0.00    0.00   clock w_clk (rise edge)
                          0.00    0.00   clock network delay (ideal)
                  0.15    0.00    0.00 ^ _1060_/CLK (sky130_fd_sc_hd__dfrtp_2)
                  0.04    0.43    0.43 v _1060_/Q (sky130_fd_sc_hd__dfrtp_2)
     1    0.00                           w_ptr_b[0] (net)
                  0.04    0.00    0.43 v _0453_/A (sky130_fd_sc_hd__buf_1)
                  0.22    0.25    0.68 v _0453_/X (sky130_fd_sc_hd__buf_1)
    13    0.04                           _0155_ (net)
                  0.22    0.00    0.68 v _0456_/A (sky130_fd_sc_hd__and3_2)
                  0.04    0.26    0.94 v _0456_/X (sky130_fd_sc_hd__and3_2)
     1    0.00                           _0158_ (net)
                  0.04    0.00    0.94 v _0457_/A (sky130_fd_sc_hd__buf_1)
                  0.12    0.17    1.11 v _0457_/X (sky130_fd_sc_hd__buf_1)
     5    0.02                           _0159_ (net)
                  0.12    0.00    1.11 v _0465_/A (sky130_fd_sc_hd__or3_2)
                  0.11    0.56    1.67 v _0465_/X (sky130_fd_sc_hd__or3_2)
     3    0.01                           _0167_ (net)
                  0.11    0.00    1.67 v _0466_/A2 (sky130_fd_sc_hd__a21bo_2)
                  0.03    0.24    1.91 v _0466_/X (sky130_fd_sc_hd__a21bo_2)
     1    0.00                           _0168_ (net)
                  0.03    0.00    1.91 v _0473_/A1 (sky130_fd_sc_hd__a2111o_2)
                  0.08    0.45    2.36 v _0473_/X (sky130_fd_sc_hd__a2111o_2)
     4    0.01                           _0175_ (net)
                  0.08    0.00    2.36 v _0474_/A (sky130_fd_sc_hd__buf_1)
                  0.21    0.26    2.62 v _0474_/X (sky130_fd_sc_hd__buf_1)
    16    0.04                           _0176_ (net)
                  0.21    0.00    2.62 v _0660_/A2 (sky130_fd_sc_hd__o211a_2)
                  0.09    0.39    3.01 v _0660_/X (sky130_fd_sc_hd__o211a_2)
     8    0.02                           _0312_ (net)
                  0.09    0.00    3.01 v _0675_/S (sky130_fd_sc_hd__mux2_2)
                  0.05    0.29    3.30 v _0675_/X (sky130_fd_sc_hd__mux2_2)
     1    0.00                           _0320_ (net)
                  0.05    0.00    3.30 v _0676_/A (sky130_fd_sc_hd__buf_1)
                  0.02    0.09    3.38 v _0676_/X (sky130_fd_sc_hd__buf_1)
     1    0.00                           _0055_ (net)
                  0.02    0.00    3.38 v _0961_/D (sky130_fd_sc_hd__dfxtp_2)
                                  3.38   data arrival time

                  0.15   10.00   10.00   clock w_clk (rise edge)
                          0.00   10.00   clock network delay (ideal)
                         -0.25    9.75   clock uncertainty
                          0.00    9.75   clock reconvergence pessimism
                                  9.75 ^ _0961_/CLK (sky130_fd_sc_hd__dfxtp_2)
                         -0.08    9.67   library setup time
                                  9.67   data required time
-----------------------------------------------------------------------------
                                  9.67   data required time
                                 -3.38   data arrival time
-----------------------------------------------------------------------------
                                  6.29   slack (MET)


Startpoint: _1060_ (rising edge-triggered flip-flop clocked by w_clk)
Endpoint: _0962_ (rising edge-triggered flip-flop clocked by w_clk)
Path Group: w_clk
Path Type: max

Fanout     Cap    Slew   Delay    Time   Description
-----------------------------------------------------------------------------
                  0.15    0.00    0.00   clock w_clk (rise edge)
                          0.00    0.00   clock network delay (ideal)
                  0.15    0.00    0.00 ^ _1060_/CLK (sky130_fd_sc_hd__dfrtp_2)
                  0.04    0.43    0.43 v _1060_/Q (sky130_fd_sc_hd__dfrtp_2)
     1    0.00                           w_ptr_b[0] (net)
                  0.04    0.00    0.43 v _0453_/A (sky130_fd_sc_hd__buf_1)
                  0.22    0.25    0.68 v _0453_/X (sky130_fd_sc_hd__buf_1)
    13    0.04                           _0155_ (net)
                  0.22    0.00    0.68 v _0456_/A (sky130_fd_sc_hd__and3_2)
                  0.04    0.26    0.94 v _0456_/X (sky130_fd_sc_hd__and3_2)
     1    0.00                           _0158_ (net)
                  0.04    0.00    0.94 v _0457_/A (sky130_fd_sc_hd__buf_1)
                  0.12    0.17    1.11 v _0457_/X (sky130_fd_sc_hd__buf_1)
     5    0.02                           _0159_ (net)
                  0.12    0.00    1.11 v _0465_/A (sky130_fd_sc_hd__or3_2)
                  0.11    0.56    1.67 v _0465_/X (sky130_fd_sc_hd__or3_2)
     3    0.01                           _0167_ (net)
                  0.11    0.00    1.67 v _0466_/A2 (sky130_fd_sc_hd__a21bo_2)
                  0.03    0.24    1.91 v _0466_/X (sky130_fd_sc_hd__a21bo_2)
     1    0.00                           _0168_ (net)
                  0.03    0.00    1.91 v _0473_/A1 (sky130_fd_sc_hd__a2111o_2)
                  0.08    0.45    2.36 v _0473_/X (sky130_fd_sc_hd__a2111o_2)
     4    0.01                           _0175_ (net)
                  0.08    0.00    2.36 v _0474_/A (sky130_fd_sc_hd__buf_1)
                  0.21    0.26    2.62 v _0474_/X (sky130_fd_sc_hd__buf_1)
    16    0.04                           _0176_ (net)
                  0.21    0.00    2.62 v _0680_/A2 (sky130_fd_sc_hd__o211a_2)
                  0.09    0.39    3.01 v _0680_/X (sky130_fd_sc_hd__o211a_2)
     8    0.02                           _0324_ (net)
                  0.09    0.00    3.01 v _0681_/S (sky130_fd_sc_hd__mux2_2)
                  0.05    0.29    3.30 v _0681_/X (sky130_fd_sc_hd__mux2_2)
     1    0.00                           _0325_ (net)
                  0.05    0.00    3.30 v _0682_/A (sky130_fd_sc_hd__buf_1)
                  0.02    0.09    3.38 v _0682_/X (sky130_fd_sc_hd__buf_1)
     1    0.00                           _0056_ (net)
                  0.02    0.00    3.38 v _0962_/D (sky130_fd_sc_hd__dfxtp_2)
                                  3.38   data arrival time

                  0.15   10.00   10.00   clock w_clk (rise edge)
                          0.00   10.00   clock network delay (ideal)
                         -0.25    9.75   clock uncertainty
                          0.00    9.75   clock reconvergence pessimism
                                  9.75 ^ _0962_/CLK (sky130_fd_sc_hd__dfxtp_2)
                         -0.08    9.67   library setup time
                                  9.67   data required time
-----------------------------------------------------------------------------
                                  9.67   data required time
                                 -3.38   data arrival time
-----------------------------------------------------------------------------
                                  6.29   slack (MET)


Startpoint: _1060_ (rising edge-triggered flip-flop clocked by w_clk)
Endpoint: _0963_ (rising edge-triggered flip-flop clocked by w_clk)
Path Group: w_clk
Path Type: max

Fanout     Cap    Slew   Delay    Time   Description
-----------------------------------------------------------------------------
                  0.15    0.00    0.00   clock w_clk (rise edge)
                          0.00    0.00   clock network delay (ideal)
                  0.15    0.00    0.00 ^ _1060_/CLK (sky130_fd_sc_hd__dfrtp_2)
                  0.04    0.43    0.43 v _1060_/Q (sky130_fd_sc_hd__dfrtp_2)
     1    0.00                           w_ptr_b[0] (net)
                  0.04    0.00    0.43 v _0453_/A (sky130_fd_sc_hd__buf_1)
                  0.22    0.25    0.68 v _0453_/X (sky130_fd_sc_hd__buf_1)
    13    0.04                           _0155_ (net)
                  0.22    0.00    0.68 v _0456_/A (sky130_fd_sc_hd__and3_2)
                  0.04    0.26    0.94 v _0456_/X (sky130_fd_sc_hd__and3_2)
     1    0.00                           _0158_ (net)
                  0.04    0.00    0.94 v _0457_/A (sky130_fd_sc_hd__buf_1)
                  0.12    0.17    1.11 v _0457_/X (sky130_fd_sc_hd__buf_1)
     5    0.02                           _0159_ (net)
                  0.12    0.00    1.11 v _0465_/A (sky130_fd_sc_hd__or3_2)
                  0.11    0.56    1.67 v _0465_/X (sky130_fd_sc_hd__or3_2)
     3    0.01                           _0167_ (net)
                  0.11    0.00    1.67 v _0466_/A2 (sky130_fd_sc_hd__a21bo_2)
                  0.03    0.24    1.91 v _0466_/X (sky130_fd_sc_hd__a21bo_2)
     1    0.00                           _0168_ (net)
                  0.03    0.00    1.91 v _0473_/A1 (sky130_fd_sc_hd__a2111o_2)
                  0.08    0.45    2.36 v _0473_/X (sky130_fd_sc_hd__a2111o_2)
     4    0.01                           _0175_ (net)
                  0.08    0.00    2.36 v _0474_/A (sky130_fd_sc_hd__buf_1)
                  0.21    0.26    2.62 v _0474_/X (sky130_fd_sc_hd__buf_1)
    16    0.04                           _0176_ (net)
                  0.21    0.00    2.62 v _0680_/A2 (sky130_fd_sc_hd__o211a_2)
                  0.09    0.39    3.01 v _0680_/X (sky130_fd_sc_hd__o211a_2)
     8    0.02                           _0324_ (net)
                  0.09    0.00    3.01 v _0683_/S (sky130_fd_sc_hd__mux2_2)
                  0.05    0.29    3.30 v _0683_/X (sky130_fd_sc_hd__mux2_2)
     1    0.00                           _0326_ (net)
                  0.05    0.00    3.30 v _0684_/A (sky130_fd_sc_hd__buf_1)
                  0.02    0.09    3.38 v _0684_/X (sky130_fd_sc_hd__buf_1)
     1    0.00                           _0057_ (net)
                  0.02    0.00    3.38 v _0963_/D (sky130_fd_sc_hd__dfxtp_2)
                                  3.38   data arrival time

                  0.15   10.00   10.00   clock w_clk (rise edge)
                          0.00   10.00   clock network delay (ideal)
                         -0.25    9.75   clock uncertainty
                          0.00    9.75   clock reconvergence pessimism
                                  9.75 ^ _0963_/CLK (sky130_fd_sc_hd__dfxtp_2)
                         -0.08    9.67   library setup time
                                  9.67   data required time
-----------------------------------------------------------------------------
                                  9.67   data required time
                                 -3.38   data arrival time
-----------------------------------------------------------------------------
                                  6.29   slack (MET)


Startpoint: _1060_ (rising edge-triggered flip-flop clocked by w_clk)
Endpoint: _0964_ (rising edge-triggered flip-flop clocked by w_clk)
Path Group: w_clk
Path Type: max

Fanout     Cap    Slew   Delay    Time   Description
-----------------------------------------------------------------------------
                  0.15    0.00    0.00   clock w_clk (rise edge)
                          0.00    0.00   clock network delay (ideal)
                  0.15    0.00    0.00 ^ _1060_/CLK (sky130_fd_sc_hd__dfrtp_2)
                  0.04    0.43    0.43 v _1060_/Q (sky130_fd_sc_hd__dfrtp_2)
     1    0.00                           w_ptr_b[0] (net)
                  0.04    0.00    0.43 v _0453_/A (sky130_fd_sc_hd__buf_1)
                  0.22    0.25    0.68 v _0453_/X (sky130_fd_sc_hd__buf_1)
    13    0.04                           _0155_ (net)
                  0.22    0.00    0.68 v _0456_/A (sky130_fd_sc_hd__and3_2)
                  0.04    0.26    0.94 v _0456_/X (sky130_fd_sc_hd__and3_2)
     1    0.00                           _0158_ (net)
                  0.04    0.00    0.94 v _0457_/A (sky130_fd_sc_hd__buf_1)
                  0.12    0.17    1.11 v _0457_/X (sky130_fd_sc_hd__buf_1)
     5    0.02                           _0159_ (net)
                  0.12    0.00    1.11 v _0465_/A (sky130_fd_sc_hd__or3_2)
                  0.11    0.56    1.67 v _0465_/X (sky130_fd_sc_hd__or3_2)
     3    0.01                           _0167_ (net)
                  0.11    0.00    1.67 v _0466_/A2 (sky130_fd_sc_hd__a21bo_2)
                  0.03    0.24    1.91 v _0466_/X (sky130_fd_sc_hd__a21bo_2)
     1    0.00                           _0168_ (net)
                  0.03    0.00    1.91 v _0473_/A1 (sky130_fd_sc_hd__a2111o_2)
                  0.08    0.45    2.36 v _0473_/X (sky130_fd_sc_hd__a2111o_2)
     4    0.01                           _0175_ (net)
                  0.08    0.00    2.36 v _0474_/A (sky130_fd_sc_hd__buf_1)
                  0.21    0.26    2.62 v _0474_/X (sky130_fd_sc_hd__buf_1)
    16    0.04                           _0176_ (net)
                  0.21    0.00    2.62 v _0680_/A2 (sky130_fd_sc_hd__o211a_2)
                  0.09    0.39    3.01 v _0680_/X (sky130_fd_sc_hd__o211a_2)
     8    0.02                           _0324_ (net)
                  0.09    0.00    3.01 v _0685_/S (sky130_fd_sc_hd__mux2_2)
                  0.05    0.29    3.30 v _0685_/X (sky130_fd_sc_hd__mux2_2)
     1    0.00                           _0327_ (net)
                  0.05    0.00    3.30 v _0686_/A (sky130_fd_sc_hd__buf_1)
                  0.02    0.09    3.38 v _0686_/X (sky130_fd_sc_hd__buf_1)
     1    0.00                           _0058_ (net)
                  0.02    0.00    3.38 v _0964_/D (sky130_fd_sc_hd__dfxtp_2)
                                  3.38   data arrival time

                  0.15   10.00   10.00   clock w_clk (rise edge)
                          0.00   10.00   clock network delay (ideal)
                         -0.25    9.75   clock uncertainty
                          0.00    9.75   clock reconvergence pessimism
                                  9.75 ^ _0964_/CLK (sky130_fd_sc_hd__dfxtp_2)
                         -0.08    9.67   library setup time
                                  9.67   data required time
-----------------------------------------------------------------------------
                                  9.67   data required time
                                 -3.38   data arrival time
-----------------------------------------------------------------------------
                                  6.29   slack (MET)


Startpoint: _1060_ (rising edge-triggered flip-flop clocked by w_clk)
Endpoint: _0965_ (rising edge-triggered flip-flop clocked by w_clk)
Path Group: w_clk
Path Type: max

Fanout     Cap    Slew   Delay    Time   Description
-----------------------------------------------------------------------------
                  0.15    0.00    0.00   clock w_clk (rise edge)
                          0.00    0.00   clock network delay (ideal)
                  0.15    0.00    0.00 ^ _1060_/CLK (sky130_fd_sc_hd__dfrtp_2)
                  0.04    0.43    0.43 v _1060_/Q (sky130_fd_sc_hd__dfrtp_2)
     1    0.00                           w_ptr_b[0] (net)
                  0.04    0.00    0.43 v _0453_/A (sky130_fd_sc_hd__buf_1)
                  0.22    0.25    0.68 v _0453_/X (sky130_fd_sc_hd__buf_1)
    13    0.04                           _0155_ (net)
                  0.22    0.00    0.68 v _0456_/A (sky130_fd_sc_hd__and3_2)
                  0.04    0.26    0.94 v _0456_/X (sky130_fd_sc_hd__and3_2)
     1    0.00                           _0158_ (net)
                  0.04    0.00    0.94 v _0457_/A (sky130_fd_sc_hd__buf_1)
                  0.12    0.17    1.11 v _0457_/X (sky130_fd_sc_hd__buf_1)
     5    0.02                           _0159_ (net)
                  0.12    0.00    1.11 v _0465_/A (sky130_fd_sc_hd__or3_2)
                  0.11    0.56    1.67 v _0465_/X (sky130_fd_sc_hd__or3_2)
     3    0.01                           _0167_ (net)
                  0.11    0.00    1.67 v _0466_/A2 (sky130_fd_sc_hd__a21bo_2)
                  0.03    0.24    1.91 v _0466_/X (sky130_fd_sc_hd__a21bo_2)
     1    0.00                           _0168_ (net)
                  0.03    0.00    1.91 v _0473_/A1 (sky130_fd_sc_hd__a2111o_2)
                  0.08    0.45    2.36 v _0473_/X (sky130_fd_sc_hd__a2111o_2)
     4    0.01                           _0175_ (net)
                  0.08    0.00    2.36 v _0474_/A (sky130_fd_sc_hd__buf_1)
                  0.21    0.26    2.62 v _0474_/X (sky130_fd_sc_hd__buf_1)
    16    0.04                           _0176_ (net)
                  0.21    0.00    2.62 v _0680_/A2 (sky130_fd_sc_hd__o211a_2)
                  0.09    0.39    3.01 v _0680_/X (sky130_fd_sc_hd__o211a_2)
     8    0.02                           _0324_ (net)
                  0.09    0.00    3.01 v _0687_/S (sky130_fd_sc_hd__mux2_2)
                  0.05    0.29    3.30 v _0687_/X (sky130_fd_sc_hd__mux2_2)
     1    0.00                           _0328_ (net)
                  0.05    0.00    3.30 v _0688_/A (sky130_fd_sc_hd__buf_1)
                  0.02    0.09    3.38 v _0688_/X (sky130_fd_sc_hd__buf_1)
     1    0.00                           _0059_ (net)
                  0.02    0.00    3.38 v _0965_/D (sky130_fd_sc_hd__dfxtp_2)
                                  3.38   data arrival time

                  0.15   10.00   10.00   clock w_clk (rise edge)
                          0.00   10.00   clock network delay (ideal)
                         -0.25    9.75   clock uncertainty
                          0.00    9.75   clock reconvergence pessimism
                                  9.75 ^ _0965_/CLK (sky130_fd_sc_hd__dfxtp_2)
                         -0.08    9.67   library setup time
                                  9.67   data required time
-----------------------------------------------------------------------------
                                  9.67   data required time
                                 -3.38   data arrival time
-----------------------------------------------------------------------------
                                  6.29   slack (MET)


Startpoint: _1060_ (rising edge-triggered flip-flop clocked by w_clk)
Endpoint: _0966_ (rising edge-triggered flip-flop clocked by w_clk)
Path Group: w_clk
Path Type: max

Fanout     Cap    Slew   Delay    Time   Description
-----------------------------------------------------------------------------
                  0.15    0.00    0.00   clock w_clk (rise edge)
                          0.00    0.00   clock network delay (ideal)
                  0.15    0.00    0.00 ^ _1060_/CLK (sky130_fd_sc_hd__dfrtp_2)
                  0.04    0.43    0.43 v _1060_/Q (sky130_fd_sc_hd__dfrtp_2)
     1    0.00                           w_ptr_b[0] (net)
                  0.04    0.00    0.43 v _0453_/A (sky130_fd_sc_hd__buf_1)
                  0.22    0.25    0.68 v _0453_/X (sky130_fd_sc_hd__buf_1)
    13    0.04                           _0155_ (net)
                  0.22    0.00    0.68 v _0456_/A (sky130_fd_sc_hd__and3_2)
                  0.04    0.26    0.94 v _0456_/X (sky130_fd_sc_hd__and3_2)
     1    0.00                           _0158_ (net)
                  0.04    0.00    0.94 v _0457_/A (sky130_fd_sc_hd__buf_1)
                  0.12    0.17    1.11 v _0457_/X (sky130_fd_sc_hd__buf_1)
     5    0.02                           _0159_ (net)
                  0.12    0.00    1.11 v _0465_/A (sky130_fd_sc_hd__or3_2)
                  0.11    0.56    1.67 v _0465_/X (sky130_fd_sc_hd__or3_2)
     3    0.01                           _0167_ (net)
                  0.11    0.00    1.67 v _0466_/A2 (sky130_fd_sc_hd__a21bo_2)
                  0.03    0.24    1.91 v _0466_/X (sky130_fd_sc_hd__a21bo_2)
     1    0.00                           _0168_ (net)
                  0.03    0.00    1.91 v _0473_/A1 (sky130_fd_sc_hd__a2111o_2)
                  0.08    0.45    2.36 v _0473_/X (sky130_fd_sc_hd__a2111o_2)
     4    0.01                           _0175_ (net)
                  0.08    0.00    2.36 v _0474_/A (sky130_fd_sc_hd__buf_1)
                  0.21    0.26    2.62 v _0474_/X (sky130_fd_sc_hd__buf_1)
    16    0.04                           _0176_ (net)
                  0.21    0.00    2.62 v _0680_/A2 (sky130_fd_sc_hd__o211a_2)
                  0.09    0.39    3.01 v _0680_/X (sky130_fd_sc_hd__o211a_2)
     8    0.02                           _0324_ (net)
                  0.09    0.00    3.01 v _0689_/S (sky130_fd_sc_hd__mux2_2)
                  0.05    0.29    3.30 v _0689_/X (sky130_fd_sc_hd__mux2_2)
     1    0.00                           _0329_ (net)
                  0.05    0.00    3.30 v _0690_/A (sky130_fd_sc_hd__buf_1)
                  0.02    0.09    3.38 v _0690_/X (sky130_fd_sc_hd__buf_1)
     1    0.00                           _0060_ (net)
                  0.02    0.00    3.38 v _0966_/D (sky130_fd_sc_hd__dfxtp_2)
                                  3.38   data arrival time

                  0.15   10.00   10.00   clock w_clk (rise edge)
                          0.00   10.00   clock network delay (ideal)
                         -0.25    9.75   clock uncertainty
                          0.00    9.75   clock reconvergence pessimism
                                  9.75 ^ _0966_/CLK (sky130_fd_sc_hd__dfxtp_2)
                         -0.08    9.67   library setup time
                                  9.67   data required time
-----------------------------------------------------------------------------
                                  9.67   data required time
                                 -3.38   data arrival time
-----------------------------------------------------------------------------
                                  6.29   slack (MET)


Startpoint: _1060_ (rising edge-triggered flip-flop clocked by w_clk)
Endpoint: _0967_ (rising edge-triggered flip-flop clocked by w_clk)
Path Group: w_clk
Path Type: max

Fanout     Cap    Slew   Delay    Time   Description
-----------------------------------------------------------------------------
                  0.15    0.00    0.00   clock w_clk (rise edge)
                          0.00    0.00   clock network delay (ideal)
                  0.15    0.00    0.00 ^ _1060_/CLK (sky130_fd_sc_hd__dfrtp_2)
                  0.04    0.43    0.43 v _1060_/Q (sky130_fd_sc_hd__dfrtp_2)
     1    0.00                           w_ptr_b[0] (net)
                  0.04    0.00    0.43 v _0453_/A (sky130_fd_sc_hd__buf_1)
                  0.22    0.25    0.68 v _0453_/X (sky130_fd_sc_hd__buf_1)
    13    0.04                           _0155_ (net)
                  0.22    0.00    0.68 v _0456_/A (sky130_fd_sc_hd__and3_2)
                  0.04    0.26    0.94 v _0456_/X (sky130_fd_sc_hd__and3_2)
     1    0.00                           _0158_ (net)
                  0.04    0.00    0.94 v _0457_/A (sky130_fd_sc_hd__buf_1)
                  0.12    0.17    1.11 v _0457_/X (sky130_fd_sc_hd__buf_1)
     5    0.02                           _0159_ (net)
                  0.12    0.00    1.11 v _0465_/A (sky130_fd_sc_hd__or3_2)
                  0.11    0.56    1.67 v _0465_/X (sky130_fd_sc_hd__or3_2)
     3    0.01                           _0167_ (net)
                  0.11    0.00    1.67 v _0466_/A2 (sky130_fd_sc_hd__a21bo_2)
                  0.03    0.24    1.91 v _0466_/X (sky130_fd_sc_hd__a21bo_2)
     1    0.00                           _0168_ (net)
                  0.03    0.00    1.91 v _0473_/A1 (sky130_fd_sc_hd__a2111o_2)
                  0.08    0.45    2.36 v _0473_/X (sky130_fd_sc_hd__a2111o_2)
     4    0.01                           _0175_ (net)
                  0.08    0.00    2.36 v _0474_/A (sky130_fd_sc_hd__buf_1)
                  0.21    0.26    2.62 v _0474_/X (sky130_fd_sc_hd__buf_1)
    16    0.04                           _0176_ (net)
                  0.21    0.00    2.62 v _0680_/A2 (sky130_fd_sc_hd__o211a_2)
                  0.09    0.39    3.01 v _0680_/X (sky130_fd_sc_hd__o211a_2)
     8    0.02                           _0324_ (net)
                  0.09    0.00    3.01 v _0691_/S (sky130_fd_sc_hd__mux2_2)
                  0.05    0.29    3.30 v _0691_/X (sky130_fd_sc_hd__mux2_2)
     1    0.00                           _0330_ (net)
                  0.05    0.00    3.30 v _0692_/A (sky130_fd_sc_hd__buf_1)
                  0.02    0.09    3.38 v _0692_/X (sky130_fd_sc_hd__buf_1)
     1    0.00                           _0061_ (net)
                  0.02    0.00    3.38 v _0967_/D (sky130_fd_sc_hd__dfxtp_2)
                                  3.38   data arrival time

                  0.15   10.00   10.00   clock w_clk (rise edge)
                          0.00   10.00   clock network delay (ideal)
                         -0.25    9.75   clock uncertainty
                          0.00    9.75   clock reconvergence pessimism
                                  9.75 ^ _0967_/CLK (sky130_fd_sc_hd__dfxtp_2)
                         -0.08    9.67   library setup time
                                  9.67   data required time
-----------------------------------------------------------------------------
                                  9.67   data required time
                                 -3.38   data arrival time
-----------------------------------------------------------------------------
                                  6.29   slack (MET)


Startpoint: _1060_ (rising edge-triggered flip-flop clocked by w_clk)
Endpoint: _0968_ (rising edge-triggered flip-flop clocked by w_clk)
Path Group: w_clk
Path Type: max

Fanout     Cap    Slew   Delay    Time   Description
-----------------------------------------------------------------------------
                  0.15    0.00    0.00   clock w_clk (rise edge)
                          0.00    0.00   clock network delay (ideal)
                  0.15    0.00    0.00 ^ _1060_/CLK (sky130_fd_sc_hd__dfrtp_2)
                  0.04    0.43    0.43 v _1060_/Q (sky130_fd_sc_hd__dfrtp_2)
     1    0.00                           w_ptr_b[0] (net)
                  0.04    0.00    0.43 v _0453_/A (sky130_fd_sc_hd__buf_1)
                  0.22    0.25    0.68 v _0453_/X (sky130_fd_sc_hd__buf_1)
    13    0.04                           _0155_ (net)
                  0.22    0.00    0.68 v _0456_/A (sky130_fd_sc_hd__and3_2)
                  0.04    0.26    0.94 v _0456_/X (sky130_fd_sc_hd__and3_2)
     1    0.00                           _0158_ (net)
                  0.04    0.00    0.94 v _0457_/A (sky130_fd_sc_hd__buf_1)
                  0.12    0.17    1.11 v _0457_/X (sky130_fd_sc_hd__buf_1)
     5    0.02                           _0159_ (net)
                  0.12    0.00    1.11 v _0465_/A (sky130_fd_sc_hd__or3_2)
                  0.11    0.56    1.67 v _0465_/X (sky130_fd_sc_hd__or3_2)
     3    0.01                           _0167_ (net)
                  0.11    0.00    1.67 v _0466_/A2 (sky130_fd_sc_hd__a21bo_2)
                  0.03    0.24    1.91 v _0466_/X (sky130_fd_sc_hd__a21bo_2)
     1    0.00                           _0168_ (net)
                  0.03    0.00    1.91 v _0473_/A1 (sky130_fd_sc_hd__a2111o_2)
                  0.08    0.45    2.36 v _0473_/X (sky130_fd_sc_hd__a2111o_2)
     4    0.01                           _0175_ (net)
                  0.08    0.00    2.36 v _0474_/A (sky130_fd_sc_hd__buf_1)
                  0.21    0.26    2.62 v _0474_/X (sky130_fd_sc_hd__buf_1)
    16    0.04                           _0176_ (net)
                  0.21    0.00    2.62 v _0680_/A2 (sky130_fd_sc_hd__o211a_2)
                  0.09    0.39    3.01 v _0680_/X (sky130_fd_sc_hd__o211a_2)
     8    0.02                           _0324_ (net)
                  0.09    0.00    3.01 v _0693_/S (sky130_fd_sc_hd__mux2_2)
                  0.05    0.29    3.30 v _0693_/X (sky130_fd_sc_hd__mux2_2)
     1    0.00                           _0331_ (net)
                  0.05    0.00    3.30 v _0694_/A (sky130_fd_sc_hd__buf_1)
                  0.02    0.09    3.38 v _0694_/X (sky130_fd_sc_hd__buf_1)
     1    0.00                           _0062_ (net)
                  0.02    0.00    3.38 v _0968_/D (sky130_fd_sc_hd__dfxtp_2)
                                  3.38   data arrival time

                  0.15   10.00   10.00   clock w_clk (rise edge)
                          0.00   10.00   clock network delay (ideal)
                         -0.25    9.75   clock uncertainty
                          0.00    9.75   clock reconvergence pessimism
                                  9.75 ^ _0968_/CLK (sky130_fd_sc_hd__dfxtp_2)
                         -0.08    9.67   library setup time
                                  9.67   data required time
-----------------------------------------------------------------------------
                                  9.67   data required time
                                 -3.38   data arrival time
-----------------------------------------------------------------------------
                                  6.29   slack (MET)


Startpoint: _1060_ (rising edge-triggered flip-flop clocked by w_clk)
Endpoint: _0969_ (rising edge-triggered flip-flop clocked by w_clk)
Path Group: w_clk
Path Type: max

Fanout     Cap    Slew   Delay    Time   Description
-----------------------------------------------------------------------------
                  0.15    0.00    0.00   clock w_clk (rise edge)
                          0.00    0.00   clock network delay (ideal)
                  0.15    0.00    0.00 ^ _1060_/CLK (sky130_fd_sc_hd__dfrtp_2)
                  0.04    0.43    0.43 v _1060_/Q (sky130_fd_sc_hd__dfrtp_2)
     1    0.00                           w_ptr_b[0] (net)
                  0.04    0.00    0.43 v _0453_/A (sky130_fd_sc_hd__buf_1)
                  0.22    0.25    0.68 v _0453_/X (sky130_fd_sc_hd__buf_1)
    13    0.04                           _0155_ (net)
                  0.22    0.00    0.68 v _0456_/A (sky130_fd_sc_hd__and3_2)
                  0.04    0.26    0.94 v _0456_/X (sky130_fd_sc_hd__and3_2)
     1    0.00                           _0158_ (net)
                  0.04    0.00    0.94 v _0457_/A (sky130_fd_sc_hd__buf_1)
                  0.12    0.17    1.11 v _0457_/X (sky130_fd_sc_hd__buf_1)
     5    0.02                           _0159_ (net)
                  0.12    0.00    1.11 v _0465_/A (sky130_fd_sc_hd__or3_2)
                  0.11    0.56    1.67 v _0465_/X (sky130_fd_sc_hd__or3_2)
     3    0.01                           _0167_ (net)
                  0.11    0.00    1.67 v _0466_/A2 (sky130_fd_sc_hd__a21bo_2)
                  0.03    0.24    1.91 v _0466_/X (sky130_fd_sc_hd__a21bo_2)
     1    0.00                           _0168_ (net)
                  0.03    0.00    1.91 v _0473_/A1 (sky130_fd_sc_hd__a2111o_2)
                  0.08    0.45    2.36 v _0473_/X (sky130_fd_sc_hd__a2111o_2)
     4    0.01                           _0175_ (net)
                  0.08    0.00    2.36 v _0474_/A (sky130_fd_sc_hd__buf_1)
                  0.21    0.26    2.62 v _0474_/X (sky130_fd_sc_hd__buf_1)
    16    0.04                           _0176_ (net)
                  0.21    0.00    2.62 v _0680_/A2 (sky130_fd_sc_hd__o211a_2)
                  0.09    0.39    3.01 v _0680_/X (sky130_fd_sc_hd__o211a_2)
     8    0.02                           _0324_ (net)
                  0.09    0.00    3.01 v _0695_/S (sky130_fd_sc_hd__mux2_2)
                  0.05    0.29    3.30 v _0695_/X (sky130_fd_sc_hd__mux2_2)
     1    0.00                           _0332_ (net)
                  0.05    0.00    3.30 v _0696_/A (sky130_fd_sc_hd__buf_1)
                  0.02    0.09    3.38 v _0696_/X (sky130_fd_sc_hd__buf_1)
     1    0.00                           _0063_ (net)
                  0.02    0.00    3.38 v _0969_/D (sky130_fd_sc_hd__dfxtp_2)
                                  3.38   data arrival time

                  0.15   10.00   10.00   clock w_clk (rise edge)
                          0.00   10.00   clock network delay (ideal)
                         -0.25    9.75   clock uncertainty
                          0.00    9.75   clock reconvergence pessimism
                                  9.75 ^ _0969_/CLK (sky130_fd_sc_hd__dfxtp_2)
                         -0.08    9.67   library setup time
                                  9.67   data required time
-----------------------------------------------------------------------------
                                  9.67   data required time
                                 -3.38   data arrival time
-----------------------------------------------------------------------------
                                  6.29   slack (MET)


Startpoint: _1060_ (rising edge-triggered flip-flop clocked by w_clk)
Endpoint: _0970_ (rising edge-triggered flip-flop clocked by w_clk)
Path Group: w_clk
Path Type: max

Fanout     Cap    Slew   Delay    Time   Description
-----------------------------------------------------------------------------
                  0.15    0.00    0.00   clock w_clk (rise edge)
                          0.00    0.00   clock network delay (ideal)
                  0.15    0.00    0.00 ^ _1060_/CLK (sky130_fd_sc_hd__dfrtp_2)
                  0.04    0.43    0.43 v _1060_/Q (sky130_fd_sc_hd__dfrtp_2)
     1    0.00                           w_ptr_b[0] (net)
                  0.04    0.00    0.43 v _0453_/A (sky130_fd_sc_hd__buf_1)
                  0.22    0.25    0.68 v _0453_/X (sky130_fd_sc_hd__buf_1)
    13    0.04                           _0155_ (net)
                  0.22    0.00    0.68 v _0456_/A (sky130_fd_sc_hd__and3_2)
                  0.04    0.26    0.94 v _0456_/X (sky130_fd_sc_hd__and3_2)
     1    0.00                           _0158_ (net)
                  0.04    0.00    0.94 v _0457_/A (sky130_fd_sc_hd__buf_1)
                  0.12    0.17    1.11 v _0457_/X (sky130_fd_sc_hd__buf_1)
     5    0.02                           _0159_ (net)
                  0.12    0.00    1.11 v _0465_/A (sky130_fd_sc_hd__or3_2)
                  0.11    0.56    1.67 v _0465_/X (sky130_fd_sc_hd__or3_2)
     3    0.01                           _0167_ (net)
                  0.11    0.00    1.67 v _0466_/A2 (sky130_fd_sc_hd__a21bo_2)
                  0.03    0.24    1.91 v _0466_/X (sky130_fd_sc_hd__a21bo_2)
     1    0.00                           _0168_ (net)
                  0.03    0.00    1.91 v _0473_/A1 (sky130_fd_sc_hd__a2111o_2)
                  0.08    0.45    2.36 v _0473_/X (sky130_fd_sc_hd__a2111o_2)
     4    0.01                           _0175_ (net)
                  0.08    0.00    2.36 v _0474_/A (sky130_fd_sc_hd__buf_1)
                  0.21    0.26    2.62 v _0474_/X (sky130_fd_sc_hd__buf_1)
    16    0.04                           _0176_ (net)
                  0.21    0.00    2.62 v _0699_/A2 (sky130_fd_sc_hd__o211a_2)
                  0.09    0.39    3.01 v _0699_/X (sky130_fd_sc_hd__o211a_2)
     8    0.02                           _0335_ (net)
                  0.09    0.00    3.01 v _0700_/S (sky130_fd_sc_hd__mux2_2)
                  0.05    0.29    3.30 v _0700_/X (sky130_fd_sc_hd__mux2_2)
     1    0.00                           _0336_ (net)
                  0.05    0.00    3.30 v _0701_/A (sky130_fd_sc_hd__buf_1)
                  0.02    0.09    3.38 v _0701_/X (sky130_fd_sc_hd__buf_1)
     1    0.00                           _0064_ (net)
                  0.02    0.00    3.38 v _0970_/D (sky130_fd_sc_hd__dfxtp_2)
                                  3.38   data arrival time

                  0.15   10.00   10.00   clock w_clk (rise edge)
                          0.00   10.00   clock network delay (ideal)
                         -0.25    9.75   clock uncertainty
                          0.00    9.75   clock reconvergence pessimism
                                  9.75 ^ _0970_/CLK (sky130_fd_sc_hd__dfxtp_2)
                         -0.08    9.67   library setup time
                                  9.67   data required time
-----------------------------------------------------------------------------
                                  9.67   data required time
                                 -3.38   data arrival time
-----------------------------------------------------------------------------
                                  6.29   slack (MET)


Startpoint: _1060_ (rising edge-triggered flip-flop clocked by w_clk)
Endpoint: _0971_ (rising edge-triggered flip-flop clocked by w_clk)
Path Group: w_clk
Path Type: max

Fanout     Cap    Slew   Delay    Time   Description
-----------------------------------------------------------------------------
                  0.15    0.00    0.00   clock w_clk (rise edge)
                          0.00    0.00   clock network delay (ideal)
                  0.15    0.00    0.00 ^ _1060_/CLK (sky130_fd_sc_hd__dfrtp_2)
                  0.04    0.43    0.43 v _1060_/Q (sky130_fd_sc_hd__dfrtp_2)
     1    0.00                           w_ptr_b[0] (net)
                  0.04    0.00    0.43 v _0453_/A (sky130_fd_sc_hd__buf_1)
                  0.22    0.25    0.68 v _0453_/X (sky130_fd_sc_hd__buf_1)
    13    0.04                           _0155_ (net)
                  0.22    0.00    0.68 v _0456_/A (sky130_fd_sc_hd__and3_2)
                  0.04    0.26    0.94 v _0456_/X (sky130_fd_sc_hd__and3_2)
     1    0.00                           _0158_ (net)
                  0.04    0.00    0.94 v _0457_/A (sky130_fd_sc_hd__buf_1)
                  0.12    0.17    1.11 v _0457_/X (sky130_fd_sc_hd__buf_1)
     5    0.02                           _0159_ (net)
                  0.12    0.00    1.11 v _0465_/A (sky130_fd_sc_hd__or3_2)
                  0.11    0.56    1.67 v _0465_/X (sky130_fd_sc_hd__or3_2)
     3    0.01                           _0167_ (net)
                  0.11    0.00    1.67 v _0466_/A2 (sky130_fd_sc_hd__a21bo_2)
                  0.03    0.24    1.91 v _0466_/X (sky130_fd_sc_hd__a21bo_2)
     1    0.00                           _0168_ (net)
                  0.03    0.00    1.91 v _0473_/A1 (sky130_fd_sc_hd__a2111o_2)
                  0.08    0.45    2.36 v _0473_/X (sky130_fd_sc_hd__a2111o_2)
     4    0.01                           _0175_ (net)
                  0.08    0.00    2.36 v _0474_/A (sky130_fd_sc_hd__buf_1)
                  0.21    0.26    2.62 v _0474_/X (sky130_fd_sc_hd__buf_1)
    16    0.04                           _0176_ (net)
                  0.21    0.00    2.62 v _0699_/A2 (sky130_fd_sc_hd__o211a_2)
                  0.09    0.39    3.01 v _0699_/X (sky130_fd_sc_hd__o211a_2)
     8    0.02                           _0335_ (net)
                  0.09    0.00    3.01 v _0702_/S (sky130_fd_sc_hd__mux2_2)
                  0.05    0.29    3.30 v _0702_/X (sky130_fd_sc_hd__mux2_2)
     1    0.00                           _0337_ (net)
                  0.05    0.00    3.30 v _0703_/A (sky130_fd_sc_hd__buf_1)
                  0.02    0.09    3.38 v _0703_/X (sky130_fd_sc_hd__buf_1)
     1    0.00                           _0065_ (net)
                  0.02    0.00    3.38 v _0971_/D (sky130_fd_sc_hd__dfxtp_2)
                                  3.38   data arrival time

                  0.15   10.00   10.00   clock w_clk (rise edge)
                          0.00   10.00   clock network delay (ideal)
                         -0.25    9.75   clock uncertainty
                          0.00    9.75   clock reconvergence pessimism
                                  9.75 ^ _0971_/CLK (sky130_fd_sc_hd__dfxtp_2)
                         -0.08    9.67   library setup time
                                  9.67   data required time
-----------------------------------------------------------------------------
                                  9.67   data required time
                                 -3.38   data arrival time
-----------------------------------------------------------------------------
                                  6.29   slack (MET)


Startpoint: _1060_ (rising edge-triggered flip-flop clocked by w_clk)
Endpoint: _0972_ (rising edge-triggered flip-flop clocked by w_clk)
Path Group: w_clk
Path Type: max

Fanout     Cap    Slew   Delay    Time   Description
-----------------------------------------------------------------------------
                  0.15    0.00    0.00   clock w_clk (rise edge)
                          0.00    0.00   clock network delay (ideal)
                  0.15    0.00    0.00 ^ _1060_/CLK (sky130_fd_sc_hd__dfrtp_2)
                  0.04    0.43    0.43 v _1060_/Q (sky130_fd_sc_hd__dfrtp_2)
     1    0.00                           w_ptr_b[0] (net)
                  0.04    0.00    0.43 v _0453_/A (sky130_fd_sc_hd__buf_1)
                  0.22    0.25    0.68 v _0453_/X (sky130_fd_sc_hd__buf_1)
    13    0.04                           _0155_ (net)
                  0.22    0.00    0.68 v _0456_/A (sky130_fd_sc_hd__and3_2)
                  0.04    0.26    0.94 v _0456_/X (sky130_fd_sc_hd__and3_2)
     1    0.00                           _0158_ (net)
                  0.04    0.00    0.94 v _0457_/A (sky130_fd_sc_hd__buf_1)
                  0.12    0.17    1.11 v _0457_/X (sky130_fd_sc_hd__buf_1)
     5    0.02                           _0159_ (net)
                  0.12    0.00    1.11 v _0465_/A (sky130_fd_sc_hd__or3_2)
                  0.11    0.56    1.67 v _0465_/X (sky130_fd_sc_hd__or3_2)
     3    0.01                           _0167_ (net)
                  0.11    0.00    1.67 v _0466_/A2 (sky130_fd_sc_hd__a21bo_2)
                  0.03    0.24    1.91 v _0466_/X (sky130_fd_sc_hd__a21bo_2)
     1    0.00                           _0168_ (net)
                  0.03    0.00    1.91 v _0473_/A1 (sky130_fd_sc_hd__a2111o_2)
                  0.08    0.45    2.36 v _0473_/X (sky130_fd_sc_hd__a2111o_2)
     4    0.01                           _0175_ (net)
                  0.08    0.00    2.36 v _0474_/A (sky130_fd_sc_hd__buf_1)
                  0.21    0.26    2.62 v _0474_/X (sky130_fd_sc_hd__buf_1)
    16    0.04                           _0176_ (net)
                  0.21    0.00    2.62 v _0699_/A2 (sky130_fd_sc_hd__o211a_2)
                  0.09    0.39    3.01 v _0699_/X (sky130_fd_sc_hd__o211a_2)
     8    0.02                           _0335_ (net)
                  0.09    0.00    3.01 v _0704_/S (sky130_fd_sc_hd__mux2_2)
                  0.05    0.29    3.30 v _0704_/X (sky130_fd_sc_hd__mux2_2)
     1    0.00                           _0338_ (net)
                  0.05    0.00    3.30 v _0705_/A (sky130_fd_sc_hd__buf_1)
                  0.02    0.09    3.38 v _0705_/X (sky130_fd_sc_hd__buf_1)
     1    0.00                           _0066_ (net)
                  0.02    0.00    3.38 v _0972_/D (sky130_fd_sc_hd__dfxtp_2)
                                  3.38   data arrival time

                  0.15   10.00   10.00   clock w_clk (rise edge)
                          0.00   10.00   clock network delay (ideal)
                         -0.25    9.75   clock uncertainty
                          0.00    9.75   clock reconvergence pessimism
                                  9.75 ^ _0972_/CLK (sky130_fd_sc_hd__dfxtp_2)
                         -0.08    9.67   library setup time
                                  9.67   data required time
-----------------------------------------------------------------------------
                                  9.67   data required time
                                 -3.38   data arrival time
-----------------------------------------------------------------------------
                                  6.29   slack (MET)


Startpoint: _1060_ (rising edge-triggered flip-flop clocked by w_clk)
Endpoint: _0973_ (rising edge-triggered flip-flop clocked by w_clk)
Path Group: w_clk
Path Type: max

Fanout     Cap    Slew   Delay    Time   Description
-----------------------------------------------------------------------------
                  0.15    0.00    0.00   clock w_clk (rise edge)
                          0.00    0.00   clock network delay (ideal)
                  0.15    0.00    0.00 ^ _1060_/CLK (sky130_fd_sc_hd__dfrtp_2)
                  0.04    0.43    0.43 v _1060_/Q (sky130_fd_sc_hd__dfrtp_2)
     1    0.00                           w_ptr_b[0] (net)
                  0.04    0.00    0.43 v _0453_/A (sky130_fd_sc_hd__buf_1)
                  0.22    0.25    0.68 v _0453_/X (sky130_fd_sc_hd__buf_1)
    13    0.04                           _0155_ (net)
                  0.22    0.00    0.68 v _0456_/A (sky130_fd_sc_hd__and3_2)
                  0.04    0.26    0.94 v _0456_/X (sky130_fd_sc_hd__and3_2)
     1    0.00                           _0158_ (net)
                  0.04    0.00    0.94 v _0457_/A (sky130_fd_sc_hd__buf_1)
                  0.12    0.17    1.11 v _0457_/X (sky130_fd_sc_hd__buf_1)
     5    0.02                           _0159_ (net)
                  0.12    0.00    1.11 v _0465_/A (sky130_fd_sc_hd__or3_2)
                  0.11    0.56    1.67 v _0465_/X (sky130_fd_sc_hd__or3_2)
     3    0.01                           _0167_ (net)
                  0.11    0.00    1.67 v _0466_/A2 (sky130_fd_sc_hd__a21bo_2)
                  0.03    0.24    1.91 v _0466_/X (sky130_fd_sc_hd__a21bo_2)
     1    0.00                           _0168_ (net)
                  0.03    0.00    1.91 v _0473_/A1 (sky130_fd_sc_hd__a2111o_2)
                  0.08    0.45    2.36 v _0473_/X (sky130_fd_sc_hd__a2111o_2)
     4    0.01                           _0175_ (net)
                  0.08    0.00    2.36 v _0474_/A (sky130_fd_sc_hd__buf_1)
                  0.21    0.26    2.62 v _0474_/X (sky130_fd_sc_hd__buf_1)
    16    0.04                           _0176_ (net)
                  0.21    0.00    2.62 v _0699_/A2 (sky130_fd_sc_hd__o211a_2)
                  0.09    0.39    3.01 v _0699_/X (sky130_fd_sc_hd__o211a_2)
     8    0.02                           _0335_ (net)
                  0.09    0.00    3.01 v _0706_/S (sky130_fd_sc_hd__mux2_2)
                  0.05    0.29    3.30 v _0706_/X (sky130_fd_sc_hd__mux2_2)
     1    0.00                           _0339_ (net)
                  0.05    0.00    3.30 v _0707_/A (sky130_fd_sc_hd__buf_1)
                  0.02    0.09    3.38 v _0707_/X (sky130_fd_sc_hd__buf_1)
     1    0.00                           _0067_ (net)
                  0.02    0.00    3.38 v _0973_/D (sky130_fd_sc_hd__dfxtp_2)
                                  3.38   data arrival time

                  0.15   10.00   10.00   clock w_clk (rise edge)
                          0.00   10.00   clock network delay (ideal)
                         -0.25    9.75   clock uncertainty
                          0.00    9.75   clock reconvergence pessimism
                                  9.75 ^ _0973_/CLK (sky130_fd_sc_hd__dfxtp_2)
                         -0.08    9.67   library setup time
                                  9.67   data required time
-----------------------------------------------------------------------------
                                  9.67   data required time
                                 -3.38   data arrival time
-----------------------------------------------------------------------------
                                  6.29   slack (MET)


Startpoint: _1060_ (rising edge-triggered flip-flop clocked by w_clk)
Endpoint: _0974_ (rising edge-triggered flip-flop clocked by w_clk)
Path Group: w_clk
Path Type: max

Fanout     Cap    Slew   Delay    Time   Description
-----------------------------------------------------------------------------
                  0.15    0.00    0.00   clock w_clk (rise edge)
                          0.00    0.00   clock network delay (ideal)
                  0.15    0.00    0.00 ^ _1060_/CLK (sky130_fd_sc_hd__dfrtp_2)
                  0.04    0.43    0.43 v _1060_/Q (sky130_fd_sc_hd__dfrtp_2)
     1    0.00                           w_ptr_b[0] (net)
                  0.04    0.00    0.43 v _0453_/A (sky130_fd_sc_hd__buf_1)
                  0.22    0.25    0.68 v _0453_/X (sky130_fd_sc_hd__buf_1)
    13    0.04                           _0155_ (net)
                  0.22    0.00    0.68 v _0456_/A (sky130_fd_sc_hd__and3_2)
                  0.04    0.26    0.94 v _0456_/X (sky130_fd_sc_hd__and3_2)
     1    0.00                           _0158_ (net)
                  0.04    0.00    0.94 v _0457_/A (sky130_fd_sc_hd__buf_1)
                  0.12    0.17    1.11 v _0457_/X (sky130_fd_sc_hd__buf_1)
     5    0.02                           _0159_ (net)
                  0.12    0.00    1.11 v _0465_/A (sky130_fd_sc_hd__or3_2)
                  0.11    0.56    1.67 v _0465_/X (sky130_fd_sc_hd__or3_2)
     3    0.01                           _0167_ (net)
                  0.11    0.00    1.67 v _0466_/A2 (sky130_fd_sc_hd__a21bo_2)
                  0.03    0.24    1.91 v _0466_/X (sky130_fd_sc_hd__a21bo_2)
     1    0.00                           _0168_ (net)
                  0.03    0.00    1.91 v _0473_/A1 (sky130_fd_sc_hd__a2111o_2)
                  0.08    0.45    2.36 v _0473_/X (sky130_fd_sc_hd__a2111o_2)
     4    0.01                           _0175_ (net)
                  0.08    0.00    2.36 v _0474_/A (sky130_fd_sc_hd__buf_1)
                  0.21    0.26    2.62 v _0474_/X (sky130_fd_sc_hd__buf_1)
    16    0.04                           _0176_ (net)
                  0.21    0.00    2.62 v _0699_/A2 (sky130_fd_sc_hd__o211a_2)
                  0.09    0.39    3.01 v _0699_/X (sky130_fd_sc_hd__o211a_2)
     8    0.02                           _0335_ (net)
                  0.09    0.00    3.01 v _0708_/S (sky130_fd_sc_hd__mux2_2)
                  0.05    0.29    3.30 v _0708_/X (sky130_fd_sc_hd__mux2_2)
     1    0.00                           _0340_ (net)
                  0.05    0.00    3.30 v _0709_/A (sky130_fd_sc_hd__buf_1)
                  0.02    0.09    3.38 v _0709_/X (sky130_fd_sc_hd__buf_1)
     1    0.00                           _0068_ (net)
                  0.02    0.00    3.38 v _0974_/D (sky130_fd_sc_hd__dfxtp_2)
                                  3.38   data arrival time

                  0.15   10.00   10.00   clock w_clk (rise edge)
                          0.00   10.00   clock network delay (ideal)
                         -0.25    9.75   clock uncertainty
                          0.00    9.75   clock reconvergence pessimism
                                  9.75 ^ _0974_/CLK (sky130_fd_sc_hd__dfxtp_2)
                         -0.08    9.67   library setup time
                                  9.67   data required time
-----------------------------------------------------------------------------
                                  9.67   data required time
                                 -3.38   data arrival time
-----------------------------------------------------------------------------
                                  6.29   slack (MET)


Startpoint: _1060_ (rising edge-triggered flip-flop clocked by w_clk)
Endpoint: _0975_ (rising edge-triggered flip-flop clocked by w_clk)
Path Group: w_clk
Path Type: max

Fanout     Cap    Slew   Delay    Time   Description
-----------------------------------------------------------------------------
                  0.15    0.00    0.00   clock w_clk (rise edge)
                          0.00    0.00   clock network delay (ideal)
                  0.15    0.00    0.00 ^ _1060_/CLK (sky130_fd_sc_hd__dfrtp_2)
                  0.04    0.43    0.43 v _1060_/Q (sky130_fd_sc_hd__dfrtp_2)
     1    0.00                           w_ptr_b[0] (net)
                  0.04    0.00    0.43 v _0453_/A (sky130_fd_sc_hd__buf_1)
                  0.22    0.25    0.68 v _0453_/X (sky130_fd_sc_hd__buf_1)
    13    0.04                           _0155_ (net)
                  0.22    0.00    0.68 v _0456_/A (sky130_fd_sc_hd__and3_2)
                  0.04    0.26    0.94 v _0456_/X (sky130_fd_sc_hd__and3_2)
     1    0.00                           _0158_ (net)
                  0.04    0.00    0.94 v _0457_/A (sky130_fd_sc_hd__buf_1)
                  0.12    0.17    1.11 v _0457_/X (sky130_fd_sc_hd__buf_1)
     5    0.02                           _0159_ (net)
                  0.12    0.00    1.11 v _0465_/A (sky130_fd_sc_hd__or3_2)
                  0.11    0.56    1.67 v _0465_/X (sky130_fd_sc_hd__or3_2)
     3    0.01                           _0167_ (net)
                  0.11    0.00    1.67 v _0466_/A2 (sky130_fd_sc_hd__a21bo_2)
                  0.03    0.24    1.91 v _0466_/X (sky130_fd_sc_hd__a21bo_2)
     1    0.00                           _0168_ (net)
                  0.03    0.00    1.91 v _0473_/A1 (sky130_fd_sc_hd__a2111o_2)
                  0.08    0.45    2.36 v _0473_/X (sky130_fd_sc_hd__a2111o_2)
     4    0.01                           _0175_ (net)
                  0.08    0.00    2.36 v _0474_/A (sky130_fd_sc_hd__buf_1)
                  0.21    0.26    2.62 v _0474_/X (sky130_fd_sc_hd__buf_1)
    16    0.04                           _0176_ (net)
                  0.21    0.00    2.62 v _0699_/A2 (sky130_fd_sc_hd__o211a_2)
                  0.09    0.39    3.01 v _0699_/X (sky130_fd_sc_hd__o211a_2)
     8    0.02                           _0335_ (net)
                  0.09    0.00    3.01 v _0710_/S (sky130_fd_sc_hd__mux2_2)
                  0.05    0.29    3.30 v _0710_/X (sky130_fd_sc_hd__mux2_2)
     1    0.00                           _0341_ (net)
                  0.05    0.00    3.30 v _0711_/A (sky130_fd_sc_hd__buf_1)
                  0.02    0.09    3.38 v _0711_/X (sky130_fd_sc_hd__buf_1)
     1    0.00                           _0069_ (net)
                  0.02    0.00    3.38 v _0975_/D (sky130_fd_sc_hd__dfxtp_2)
                                  3.38   data arrival time

                  0.15   10.00   10.00   clock w_clk (rise edge)
                          0.00   10.00   clock network delay (ideal)
                         -0.25    9.75   clock uncertainty
                          0.00    9.75   clock reconvergence pessimism
                                  9.75 ^ _0975_/CLK (sky130_fd_sc_hd__dfxtp_2)
                         -0.08    9.67   library setup time
                                  9.67   data required time
-----------------------------------------------------------------------------
                                  9.67   data required time
                                 -3.38   data arrival time
-----------------------------------------------------------------------------
                                  6.29   slack (MET)


Startpoint: _1060_ (rising edge-triggered flip-flop clocked by w_clk)
Endpoint: _0976_ (rising edge-triggered flip-flop clocked by w_clk)
Path Group: w_clk
Path Type: max

Fanout     Cap    Slew   Delay    Time   Description
-----------------------------------------------------------------------------
                  0.15    0.00    0.00   clock w_clk (rise edge)
                          0.00    0.00   clock network delay (ideal)
                  0.15    0.00    0.00 ^ _1060_/CLK (sky130_fd_sc_hd__dfrtp_2)
                  0.04    0.43    0.43 v _1060_/Q (sky130_fd_sc_hd__dfrtp_2)
     1    0.00                           w_ptr_b[0] (net)
                  0.04    0.00    0.43 v _0453_/A (sky130_fd_sc_hd__buf_1)
                  0.22    0.25    0.68 v _0453_/X (sky130_fd_sc_hd__buf_1)
    13    0.04                           _0155_ (net)
                  0.22    0.00    0.68 v _0456_/A (sky130_fd_sc_hd__and3_2)
                  0.04    0.26    0.94 v _0456_/X (sky130_fd_sc_hd__and3_2)
     1    0.00                           _0158_ (net)
                  0.04    0.00    0.94 v _0457_/A (sky130_fd_sc_hd__buf_1)
                  0.12    0.17    1.11 v _0457_/X (sky130_fd_sc_hd__buf_1)
     5    0.02                           _0159_ (net)
                  0.12    0.00    1.11 v _0465_/A (sky130_fd_sc_hd__or3_2)
                  0.11    0.56    1.67 v _0465_/X (sky130_fd_sc_hd__or3_2)
     3    0.01                           _0167_ (net)
                  0.11    0.00    1.67 v _0466_/A2 (sky130_fd_sc_hd__a21bo_2)
                  0.03    0.24    1.91 v _0466_/X (sky130_fd_sc_hd__a21bo_2)
     1    0.00                           _0168_ (net)
                  0.03    0.00    1.91 v _0473_/A1 (sky130_fd_sc_hd__a2111o_2)
                  0.08    0.45    2.36 v _0473_/X (sky130_fd_sc_hd__a2111o_2)
     4    0.01                           _0175_ (net)
                  0.08    0.00    2.36 v _0474_/A (sky130_fd_sc_hd__buf_1)
                  0.21    0.26    2.62 v _0474_/X (sky130_fd_sc_hd__buf_1)
    16    0.04                           _0176_ (net)
                  0.21    0.00    2.62 v _0699_/A2 (sky130_fd_sc_hd__o211a_2)
                  0.09    0.39    3.01 v _0699_/X (sky130_fd_sc_hd__o211a_2)
     8    0.02                           _0335_ (net)
                  0.09    0.00    3.01 v _0712_/S (sky130_fd_sc_hd__mux2_2)
                  0.05    0.29    3.30 v _0712_/X (sky130_fd_sc_hd__mux2_2)
     1    0.00                           _0342_ (net)
                  0.05    0.00    3.30 v _0713_/A (sky130_fd_sc_hd__buf_1)
                  0.02    0.09    3.38 v _0713_/X (sky130_fd_sc_hd__buf_1)
     1    0.00                           _0070_ (net)
                  0.02    0.00    3.38 v _0976_/D (sky130_fd_sc_hd__dfxtp_2)
                                  3.38   data arrival time

                  0.15   10.00   10.00   clock w_clk (rise edge)
                          0.00   10.00   clock network delay (ideal)
                         -0.25    9.75   clock uncertainty
                          0.00    9.75   clock reconvergence pessimism
                                  9.75 ^ _0976_/CLK (sky130_fd_sc_hd__dfxtp_2)
                         -0.08    9.67   library setup time
                                  9.67   data required time
-----------------------------------------------------------------------------
                                  9.67   data required time
                                 -3.38   data arrival time
-----------------------------------------------------------------------------
                                  6.29   slack (MET)


Startpoint: _1060_ (rising edge-triggered flip-flop clocked by w_clk)
Endpoint: _0977_ (rising edge-triggered flip-flop clocked by w_clk)
Path Group: w_clk
Path Type: max

Fanout     Cap    Slew   Delay    Time   Description
-----------------------------------------------------------------------------
                  0.15    0.00    0.00   clock w_clk (rise edge)
                          0.00    0.00   clock network delay (ideal)
                  0.15    0.00    0.00 ^ _1060_/CLK (sky130_fd_sc_hd__dfrtp_2)
                  0.04    0.43    0.43 v _1060_/Q (sky130_fd_sc_hd__dfrtp_2)
     1    0.00                           w_ptr_b[0] (net)
                  0.04    0.00    0.43 v _0453_/A (sky130_fd_sc_hd__buf_1)
                  0.22    0.25    0.68 v _0453_/X (sky130_fd_sc_hd__buf_1)
    13    0.04                           _0155_ (net)
                  0.22    0.00    0.68 v _0456_/A (sky130_fd_sc_hd__and3_2)
                  0.04    0.26    0.94 v _0456_/X (sky130_fd_sc_hd__and3_2)
     1    0.00                           _0158_ (net)
                  0.04    0.00    0.94 v _0457_/A (sky130_fd_sc_hd__buf_1)
                  0.12    0.17    1.11 v _0457_/X (sky130_fd_sc_hd__buf_1)
     5    0.02                           _0159_ (net)
                  0.12    0.00    1.11 v _0465_/A (sky130_fd_sc_hd__or3_2)
                  0.11    0.56    1.67 v _0465_/X (sky130_fd_sc_hd__or3_2)
     3    0.01                           _0167_ (net)
                  0.11    0.00    1.67 v _0466_/A2 (sky130_fd_sc_hd__a21bo_2)
                  0.03    0.24    1.91 v _0466_/X (sky130_fd_sc_hd__a21bo_2)
     1    0.00                           _0168_ (net)
                  0.03    0.00    1.91 v _0473_/A1 (sky130_fd_sc_hd__a2111o_2)
                  0.08    0.45    2.36 v _0473_/X (sky130_fd_sc_hd__a2111o_2)
     4    0.01                           _0175_ (net)
                  0.08    0.00    2.36 v _0474_/A (sky130_fd_sc_hd__buf_1)
                  0.21    0.26    2.62 v _0474_/X (sky130_fd_sc_hd__buf_1)
    16    0.04                           _0176_ (net)
                  0.21    0.00    2.62 v _0699_/A2 (sky130_fd_sc_hd__o211a_2)
                  0.09    0.39    3.01 v _0699_/X (sky130_fd_sc_hd__o211a_2)
     8    0.02                           _0335_ (net)
                  0.09    0.00    3.01 v _0714_/S (sky130_fd_sc_hd__mux2_2)
                  0.05    0.29    3.30 v _0714_/X (sky130_fd_sc_hd__mux2_2)
     1    0.00                           _0343_ (net)
                  0.05    0.00    3.30 v _0715_/A (sky130_fd_sc_hd__buf_1)
                  0.02    0.09    3.38 v _0715_/X (sky130_fd_sc_hd__buf_1)
     1    0.00                           _0071_ (net)
                  0.02    0.00    3.38 v _0977_/D (sky130_fd_sc_hd__dfxtp_2)
                                  3.38   data arrival time

                  0.15   10.00   10.00   clock w_clk (rise edge)
                          0.00   10.00   clock network delay (ideal)
                         -0.25    9.75   clock uncertainty
                          0.00    9.75   clock reconvergence pessimism
                                  9.75 ^ _0977_/CLK (sky130_fd_sc_hd__dfxtp_2)
                         -0.08    9.67   library setup time
                                  9.67   data required time
-----------------------------------------------------------------------------
                                  9.67   data required time
                                 -3.38   data arrival time
-----------------------------------------------------------------------------
                                  6.29   slack (MET)


Startpoint: _1060_ (rising edge-triggered flip-flop clocked by w_clk)
Endpoint: _0978_ (rising edge-triggered flip-flop clocked by w_clk)
Path Group: w_clk
Path Type: max

Fanout     Cap    Slew   Delay    Time   Description
-----------------------------------------------------------------------------
                  0.15    0.00    0.00   clock w_clk (rise edge)
                          0.00    0.00   clock network delay (ideal)
                  0.15    0.00    0.00 ^ _1060_/CLK (sky130_fd_sc_hd__dfrtp_2)
                  0.04    0.43    0.43 v _1060_/Q (sky130_fd_sc_hd__dfrtp_2)
     1    0.00                           w_ptr_b[0] (net)
                  0.04    0.00    0.43 v _0453_/A (sky130_fd_sc_hd__buf_1)
                  0.22    0.25    0.68 v _0453_/X (sky130_fd_sc_hd__buf_1)
    13    0.04                           _0155_ (net)
                  0.22    0.00    0.68 v _0456_/A (sky130_fd_sc_hd__and3_2)
                  0.04    0.26    0.94 v _0456_/X (sky130_fd_sc_hd__and3_2)
     1    0.00                           _0158_ (net)
                  0.04    0.00    0.94 v _0457_/A (sky130_fd_sc_hd__buf_1)
                  0.12    0.17    1.11 v _0457_/X (sky130_fd_sc_hd__buf_1)
     5    0.02                           _0159_ (net)
                  0.12    0.00    1.11 v _0465_/A (sky130_fd_sc_hd__or3_2)
                  0.11    0.56    1.67 v _0465_/X (sky130_fd_sc_hd__or3_2)
     3    0.01                           _0167_ (net)
                  0.11    0.00    1.67 v _0466_/A2 (sky130_fd_sc_hd__a21bo_2)
                  0.03    0.24    1.91 v _0466_/X (sky130_fd_sc_hd__a21bo_2)
     1    0.00                           _0168_ (net)
                  0.03    0.00    1.91 v _0473_/A1 (sky130_fd_sc_hd__a2111o_2)
                  0.08    0.45    2.36 v _0473_/X (sky130_fd_sc_hd__a2111o_2)
     4    0.01                           _0175_ (net)
                  0.08    0.00    2.36 v _0474_/A (sky130_fd_sc_hd__buf_1)
                  0.21    0.26    2.62 v _0474_/X (sky130_fd_sc_hd__buf_1)
    16    0.04                           _0176_ (net)
                  0.21    0.00    2.62 v _0717_/A2 (sky130_fd_sc_hd__o211a_2)
                  0.09    0.39    3.01 v _0717_/X (sky130_fd_sc_hd__o211a_2)
     8    0.02                           _0345_ (net)
                  0.09    0.00    3.01 v _0718_/S (sky130_fd_sc_hd__mux2_2)
                  0.05    0.29    3.30 v _0718_/X (sky130_fd_sc_hd__mux2_2)
     1    0.00                           _0346_ (net)
                  0.05    0.00    3.30 v _0719_/A (sky130_fd_sc_hd__buf_1)
                  0.02    0.09    3.38 v _0719_/X (sky130_fd_sc_hd__buf_1)
     1    0.00                           _0072_ (net)
                  0.02    0.00    3.38 v _0978_/D (sky130_fd_sc_hd__dfxtp_2)
                                  3.38   data arrival time

                  0.15   10.00   10.00   clock w_clk (rise edge)
                          0.00   10.00   clock network delay (ideal)
                         -0.25    9.75   clock uncertainty
                          0.00    9.75   clock reconvergence pessimism
                                  9.75 ^ _0978_/CLK (sky130_fd_sc_hd__dfxtp_2)
                         -0.08    9.67   library setup time
                                  9.67   data required time
-----------------------------------------------------------------------------
                                  9.67   data required time
                                 -3.38   data arrival time
-----------------------------------------------------------------------------
                                  6.29   slack (MET)


Startpoint: _1060_ (rising edge-triggered flip-flop clocked by w_clk)
Endpoint: _0979_ (rising edge-triggered flip-flop clocked by w_clk)
Path Group: w_clk
Path Type: max

Fanout     Cap    Slew   Delay    Time   Description
-----------------------------------------------------------------------------
                  0.15    0.00    0.00   clock w_clk (rise edge)
                          0.00    0.00   clock network delay (ideal)
                  0.15    0.00    0.00 ^ _1060_/CLK (sky130_fd_sc_hd__dfrtp_2)
                  0.04    0.43    0.43 v _1060_/Q (sky130_fd_sc_hd__dfrtp_2)
     1    0.00                           w_ptr_b[0] (net)
                  0.04    0.00    0.43 v _0453_/A (sky130_fd_sc_hd__buf_1)
                  0.22    0.25    0.68 v _0453_/X (sky130_fd_sc_hd__buf_1)
    13    0.04                           _0155_ (net)
                  0.22    0.00    0.68 v _0456_/A (sky130_fd_sc_hd__and3_2)
                  0.04    0.26    0.94 v _0456_/X (sky130_fd_sc_hd__and3_2)
     1    0.00                           _0158_ (net)
                  0.04    0.00    0.94 v _0457_/A (sky130_fd_sc_hd__buf_1)
                  0.12    0.17    1.11 v _0457_/X (sky130_fd_sc_hd__buf_1)
     5    0.02                           _0159_ (net)
                  0.12    0.00    1.11 v _0465_/A (sky130_fd_sc_hd__or3_2)
                  0.11    0.56    1.67 v _0465_/X (sky130_fd_sc_hd__or3_2)
     3    0.01                           _0167_ (net)
                  0.11    0.00    1.67 v _0466_/A2 (sky130_fd_sc_hd__a21bo_2)
                  0.03    0.24    1.91 v _0466_/X (sky130_fd_sc_hd__a21bo_2)
     1    0.00                           _0168_ (net)
                  0.03    0.00    1.91 v _0473_/A1 (sky130_fd_sc_hd__a2111o_2)
                  0.08    0.45    2.36 v _0473_/X (sky130_fd_sc_hd__a2111o_2)
     4    0.01                           _0175_ (net)
                  0.08    0.00    2.36 v _0474_/A (sky130_fd_sc_hd__buf_1)
                  0.21    0.26    2.62 v _0474_/X (sky130_fd_sc_hd__buf_1)
    16    0.04                           _0176_ (net)
                  0.21    0.00    2.62 v _0717_/A2 (sky130_fd_sc_hd__o211a_2)
                  0.09    0.39    3.01 v _0717_/X (sky130_fd_sc_hd__o211a_2)
     8    0.02                           _0345_ (net)
                  0.09    0.00    3.01 v _0720_/S (sky130_fd_sc_hd__mux2_2)
                  0.05    0.29    3.30 v _0720_/X (sky130_fd_sc_hd__mux2_2)
     1    0.00                           _0347_ (net)
                  0.05    0.00    3.30 v _0721_/A (sky130_fd_sc_hd__buf_1)
                  0.02    0.09    3.38 v _0721_/X (sky130_fd_sc_hd__buf_1)
     1    0.00                           _0073_ (net)
                  0.02    0.00    3.38 v _0979_/D (sky130_fd_sc_hd__dfxtp_2)
                                  3.38   data arrival time

                  0.15   10.00   10.00   clock w_clk (rise edge)
                          0.00   10.00   clock network delay (ideal)
                         -0.25    9.75   clock uncertainty
                          0.00    9.75   clock reconvergence pessimism
                                  9.75 ^ _0979_/CLK (sky130_fd_sc_hd__dfxtp_2)
                         -0.08    9.67   library setup time
                                  9.67   data required time
-----------------------------------------------------------------------------
                                  9.67   data required time
                                 -3.38   data arrival time
-----------------------------------------------------------------------------
                                  6.29   slack (MET)


Startpoint: _1060_ (rising edge-triggered flip-flop clocked by w_clk)
Endpoint: _0980_ (rising edge-triggered flip-flop clocked by w_clk)
Path Group: w_clk
Path Type: max

Fanout     Cap    Slew   Delay    Time   Description
-----------------------------------------------------------------------------
                  0.15    0.00    0.00   clock w_clk (rise edge)
                          0.00    0.00   clock network delay (ideal)
                  0.15    0.00    0.00 ^ _1060_/CLK (sky130_fd_sc_hd__dfrtp_2)
                  0.04    0.43    0.43 v _1060_/Q (sky130_fd_sc_hd__dfrtp_2)
     1    0.00                           w_ptr_b[0] (net)
                  0.04    0.00    0.43 v _0453_/A (sky130_fd_sc_hd__buf_1)
                  0.22    0.25    0.68 v _0453_/X (sky130_fd_sc_hd__buf_1)
    13    0.04                           _0155_ (net)
                  0.22    0.00    0.68 v _0456_/A (sky130_fd_sc_hd__and3_2)
                  0.04    0.26    0.94 v _0456_/X (sky130_fd_sc_hd__and3_2)
     1    0.00                           _0158_ (net)
                  0.04    0.00    0.94 v _0457_/A (sky130_fd_sc_hd__buf_1)
                  0.12    0.17    1.11 v _0457_/X (sky130_fd_sc_hd__buf_1)
     5    0.02                           _0159_ (net)
                  0.12    0.00    1.11 v _0465_/A (sky130_fd_sc_hd__or3_2)
                  0.11    0.56    1.67 v _0465_/X (sky130_fd_sc_hd__or3_2)
     3    0.01                           _0167_ (net)
                  0.11    0.00    1.67 v _0466_/A2 (sky130_fd_sc_hd__a21bo_2)
                  0.03    0.24    1.91 v _0466_/X (sky130_fd_sc_hd__a21bo_2)
     1    0.00                           _0168_ (net)
                  0.03    0.00    1.91 v _0473_/A1 (sky130_fd_sc_hd__a2111o_2)
                  0.08    0.45    2.36 v _0473_/X (sky130_fd_sc_hd__a2111o_2)
     4    0.01                           _0175_ (net)
                  0.08    0.00    2.36 v _0474_/A (sky130_fd_sc_hd__buf_1)
                  0.21    0.26    2.62 v _0474_/X (sky130_fd_sc_hd__buf_1)
    16    0.04                           _0176_ (net)
                  0.21    0.00    2.62 v _0717_/A2 (sky130_fd_sc_hd__o211a_2)
                  0.09    0.39    3.01 v _0717_/X (sky130_fd_sc_hd__o211a_2)
     8    0.02                           _0345_ (net)
                  0.09    0.00    3.01 v _0722_/S (sky130_fd_sc_hd__mux2_2)
                  0.05    0.29    3.30 v _0722_/X (sky130_fd_sc_hd__mux2_2)
     1    0.00                           _0348_ (net)
                  0.05    0.00    3.30 v _0723_/A (sky130_fd_sc_hd__buf_1)
                  0.02    0.09    3.38 v _0723_/X (sky130_fd_sc_hd__buf_1)
     1    0.00                           _0074_ (net)
                  0.02    0.00    3.38 v _0980_/D (sky130_fd_sc_hd__dfxtp_2)
                                  3.38   data arrival time

                  0.15   10.00   10.00   clock w_clk (rise edge)
                          0.00   10.00   clock network delay (ideal)
                         -0.25    9.75   clock uncertainty
                          0.00    9.75   clock reconvergence pessimism
                                  9.75 ^ _0980_/CLK (sky130_fd_sc_hd__dfxtp_2)
                         -0.08    9.67   library setup time
                                  9.67   data required time
-----------------------------------------------------------------------------
                                  9.67   data required time
                                 -3.38   data arrival time
-----------------------------------------------------------------------------
                                  6.29   slack (MET)


Startpoint: _1060_ (rising edge-triggered flip-flop clocked by w_clk)
Endpoint: _0981_ (rising edge-triggered flip-flop clocked by w_clk)
Path Group: w_clk
Path Type: max

Fanout     Cap    Slew   Delay    Time   Description
-----------------------------------------------------------------------------
                  0.15    0.00    0.00   clock w_clk (rise edge)
                          0.00    0.00   clock network delay (ideal)
                  0.15    0.00    0.00 ^ _1060_/CLK (sky130_fd_sc_hd__dfrtp_2)
                  0.04    0.43    0.43 v _1060_/Q (sky130_fd_sc_hd__dfrtp_2)
     1    0.00                           w_ptr_b[0] (net)
                  0.04    0.00    0.43 v _0453_/A (sky130_fd_sc_hd__buf_1)
                  0.22    0.25    0.68 v _0453_/X (sky130_fd_sc_hd__buf_1)
    13    0.04                           _0155_ (net)
                  0.22    0.00    0.68 v _0456_/A (sky130_fd_sc_hd__and3_2)
                  0.04    0.26    0.94 v _0456_/X (sky130_fd_sc_hd__and3_2)
     1    0.00                           _0158_ (net)
                  0.04    0.00    0.94 v _0457_/A (sky130_fd_sc_hd__buf_1)
                  0.12    0.17    1.11 v _0457_/X (sky130_fd_sc_hd__buf_1)
     5    0.02                           _0159_ (net)
                  0.12    0.00    1.11 v _0465_/A (sky130_fd_sc_hd__or3_2)
                  0.11    0.56    1.67 v _0465_/X (sky130_fd_sc_hd__or3_2)
     3    0.01                           _0167_ (net)
                  0.11    0.00    1.67 v _0466_/A2 (sky130_fd_sc_hd__a21bo_2)
                  0.03    0.24    1.91 v _0466_/X (sky130_fd_sc_hd__a21bo_2)
     1    0.00                           _0168_ (net)
                  0.03    0.00    1.91 v _0473_/A1 (sky130_fd_sc_hd__a2111o_2)
                  0.08    0.45    2.36 v _0473_/X (sky130_fd_sc_hd__a2111o_2)
     4    0.01                           _0175_ (net)
                  0.08    0.00    2.36 v _0474_/A (sky130_fd_sc_hd__buf_1)
                  0.21    0.26    2.62 v _0474_/X (sky130_fd_sc_hd__buf_1)
    16    0.04                           _0176_ (net)
                  0.21    0.00    2.62 v _0717_/A2 (sky130_fd_sc_hd__o211a_2)
                  0.09    0.39    3.01 v _0717_/X (sky130_fd_sc_hd__o211a_2)
     8    0.02                           _0345_ (net)
                  0.09    0.00    3.01 v _0724_/S (sky130_fd_sc_hd__mux2_2)
                  0.05    0.29    3.30 v _0724_/X (sky130_fd_sc_hd__mux2_2)
     1    0.00                           _0349_ (net)
                  0.05    0.00    3.30 v _0725_/A (sky130_fd_sc_hd__buf_1)
                  0.02    0.09    3.38 v _0725_/X (sky130_fd_sc_hd__buf_1)
     1    0.00                           _0075_ (net)
                  0.02    0.00    3.38 v _0981_/D (sky130_fd_sc_hd__dfxtp_2)
                                  3.38   data arrival time

                  0.15   10.00   10.00   clock w_clk (rise edge)
                          0.00   10.00   clock network delay (ideal)
                         -0.25    9.75   clock uncertainty
                          0.00    9.75   clock reconvergence pessimism
                                  9.75 ^ _0981_/CLK (sky130_fd_sc_hd__dfxtp_2)
                         -0.08    9.67   library setup time
                                  9.67   data required time
-----------------------------------------------------------------------------
                                  9.67   data required time
                                 -3.38   data arrival time
-----------------------------------------------------------------------------
                                  6.29   slack (MET)


Startpoint: _1060_ (rising edge-triggered flip-flop clocked by w_clk)
Endpoint: _0982_ (rising edge-triggered flip-flop clocked by w_clk)
Path Group: w_clk
Path Type: max

Fanout     Cap    Slew   Delay    Time   Description
-----------------------------------------------------------------------------
                  0.15    0.00    0.00   clock w_clk (rise edge)
                          0.00    0.00   clock network delay (ideal)
                  0.15    0.00    0.00 ^ _1060_/CLK (sky130_fd_sc_hd__dfrtp_2)
                  0.04    0.43    0.43 v _1060_/Q (sky130_fd_sc_hd__dfrtp_2)
     1    0.00                           w_ptr_b[0] (net)
                  0.04    0.00    0.43 v _0453_/A (sky130_fd_sc_hd__buf_1)
                  0.22    0.25    0.68 v _0453_/X (sky130_fd_sc_hd__buf_1)
    13    0.04                           _0155_ (net)
                  0.22    0.00    0.68 v _0456_/A (sky130_fd_sc_hd__and3_2)
                  0.04    0.26    0.94 v _0456_/X (sky130_fd_sc_hd__and3_2)
     1    0.00                           _0158_ (net)
                  0.04    0.00    0.94 v _0457_/A (sky130_fd_sc_hd__buf_1)
                  0.12    0.17    1.11 v _0457_/X (sky130_fd_sc_hd__buf_1)
     5    0.02                           _0159_ (net)
                  0.12    0.00    1.11 v _0465_/A (sky130_fd_sc_hd__or3_2)
                  0.11    0.56    1.67 v _0465_/X (sky130_fd_sc_hd__or3_2)
     3    0.01                           _0167_ (net)
                  0.11    0.00    1.67 v _0466_/A2 (sky130_fd_sc_hd__a21bo_2)
                  0.03    0.24    1.91 v _0466_/X (sky130_fd_sc_hd__a21bo_2)
     1    0.00                           _0168_ (net)
                  0.03    0.00    1.91 v _0473_/A1 (sky130_fd_sc_hd__a2111o_2)
                  0.08    0.45    2.36 v _0473_/X (sky130_fd_sc_hd__a2111o_2)
     4    0.01                           _0175_ (net)
                  0.08    0.00    2.36 v _0474_/A (sky130_fd_sc_hd__buf_1)
                  0.21    0.26    2.62 v _0474_/X (sky130_fd_sc_hd__buf_1)
    16    0.04                           _0176_ (net)
                  0.21    0.00    2.62 v _0717_/A2 (sky130_fd_sc_hd__o211a_2)
                  0.09    0.39    3.01 v _0717_/X (sky130_fd_sc_hd__o211a_2)
     8    0.02                           _0345_ (net)
                  0.09    0.00    3.01 v _0726_/S (sky130_fd_sc_hd__mux2_2)
                  0.05    0.29    3.30 v _0726_/X (sky130_fd_sc_hd__mux2_2)
     1    0.00                           _0350_ (net)
                  0.05    0.00    3.30 v _0727_/A (sky130_fd_sc_hd__buf_1)
                  0.02    0.09    3.38 v _0727_/X (sky130_fd_sc_hd__buf_1)
     1    0.00                           _0076_ (net)
                  0.02    0.00    3.38 v _0982_/D (sky130_fd_sc_hd__dfxtp_2)
                                  3.38   data arrival time

                  0.15   10.00   10.00   clock w_clk (rise edge)
                          0.00   10.00   clock network delay (ideal)
                         -0.25    9.75   clock uncertainty
                          0.00    9.75   clock reconvergence pessimism
                                  9.75 ^ _0982_/CLK (sky130_fd_sc_hd__dfxtp_2)
                         -0.08    9.67   library setup time
                                  9.67   data required time
-----------------------------------------------------------------------------
                                  9.67   data required time
                                 -3.38   data arrival time
-----------------------------------------------------------------------------
                                  6.29   slack (MET)


Startpoint: _1060_ (rising edge-triggered flip-flop clocked by w_clk)
Endpoint: _0983_ (rising edge-triggered flip-flop clocked by w_clk)
Path Group: w_clk
Path Type: max

Fanout     Cap    Slew   Delay    Time   Description
-----------------------------------------------------------------------------
                  0.15    0.00    0.00   clock w_clk (rise edge)
                          0.00    0.00   clock network delay (ideal)
                  0.15    0.00    0.00 ^ _1060_/CLK (sky130_fd_sc_hd__dfrtp_2)
                  0.04    0.43    0.43 v _1060_/Q (sky130_fd_sc_hd__dfrtp_2)
     1    0.00                           w_ptr_b[0] (net)
                  0.04    0.00    0.43 v _0453_/A (sky130_fd_sc_hd__buf_1)
                  0.22    0.25    0.68 v _0453_/X (sky130_fd_sc_hd__buf_1)
    13    0.04                           _0155_ (net)
                  0.22    0.00    0.68 v _0456_/A (sky130_fd_sc_hd__and3_2)
                  0.04    0.26    0.94 v _0456_/X (sky130_fd_sc_hd__and3_2)
     1    0.00                           _0158_ (net)
                  0.04    0.00    0.94 v _0457_/A (sky130_fd_sc_hd__buf_1)
                  0.12    0.17    1.11 v _0457_/X (sky130_fd_sc_hd__buf_1)
     5    0.02                           _0159_ (net)
                  0.12    0.00    1.11 v _0465_/A (sky130_fd_sc_hd__or3_2)
                  0.11    0.56    1.67 v _0465_/X (sky130_fd_sc_hd__or3_2)
     3    0.01                           _0167_ (net)
                  0.11    0.00    1.67 v _0466_/A2 (sky130_fd_sc_hd__a21bo_2)
                  0.03    0.24    1.91 v _0466_/X (sky130_fd_sc_hd__a21bo_2)
     1    0.00                           _0168_ (net)
                  0.03    0.00    1.91 v _0473_/A1 (sky130_fd_sc_hd__a2111o_2)
                  0.08    0.45    2.36 v _0473_/X (sky130_fd_sc_hd__a2111o_2)
     4    0.01                           _0175_ (net)
                  0.08    0.00    2.36 v _0474_/A (sky130_fd_sc_hd__buf_1)
                  0.21    0.26    2.62 v _0474_/X (sky130_fd_sc_hd__buf_1)
    16    0.04                           _0176_ (net)
                  0.21    0.00    2.62 v _0717_/A2 (sky130_fd_sc_hd__o211a_2)
                  0.09    0.39    3.01 v _0717_/X (sky130_fd_sc_hd__o211a_2)
     8    0.02                           _0345_ (net)
                  0.09    0.00    3.01 v _0728_/S (sky130_fd_sc_hd__mux2_2)
                  0.05    0.29    3.30 v _0728_/X (sky130_fd_sc_hd__mux2_2)
     1    0.00                           _0351_ (net)
                  0.05    0.00    3.30 v _0729_/A (sky130_fd_sc_hd__buf_1)
                  0.02    0.09    3.38 v _0729_/X (sky130_fd_sc_hd__buf_1)
     1    0.00                           _0077_ (net)
                  0.02    0.00    3.38 v _0983_/D (sky130_fd_sc_hd__dfxtp_2)
                                  3.38   data arrival time

                  0.15   10.00   10.00   clock w_clk (rise edge)
                          0.00   10.00   clock network delay (ideal)
                         -0.25    9.75   clock uncertainty
                          0.00    9.75   clock reconvergence pessimism
                                  9.75 ^ _0983_/CLK (sky130_fd_sc_hd__dfxtp_2)
                         -0.08    9.67   library setup time
                                  9.67   data required time
-----------------------------------------------------------------------------
                                  9.67   data required time
                                 -3.38   data arrival time
-----------------------------------------------------------------------------
                                  6.29   slack (MET)


Startpoint: _1060_ (rising edge-triggered flip-flop clocked by w_clk)
Endpoint: _0984_ (rising edge-triggered flip-flop clocked by w_clk)
Path Group: w_clk
Path Type: max

Fanout     Cap    Slew   Delay    Time   Description
-----------------------------------------------------------------------------
                  0.15    0.00    0.00   clock w_clk (rise edge)
                          0.00    0.00   clock network delay (ideal)
                  0.15    0.00    0.00 ^ _1060_/CLK (sky130_fd_sc_hd__dfrtp_2)
                  0.04    0.43    0.43 v _1060_/Q (sky130_fd_sc_hd__dfrtp_2)
     1    0.00                           w_ptr_b[0] (net)
                  0.04    0.00    0.43 v _0453_/A (sky130_fd_sc_hd__buf_1)
                  0.22    0.25    0.68 v _0453_/X (sky130_fd_sc_hd__buf_1)
    13    0.04                           _0155_ (net)
                  0.22    0.00    0.68 v _0456_/A (sky130_fd_sc_hd__and3_2)
                  0.04    0.26    0.94 v _0456_/X (sky130_fd_sc_hd__and3_2)
     1    0.00                           _0158_ (net)
                  0.04    0.00    0.94 v _0457_/A (sky130_fd_sc_hd__buf_1)
                  0.12    0.17    1.11 v _0457_/X (sky130_fd_sc_hd__buf_1)
     5    0.02                           _0159_ (net)
                  0.12    0.00    1.11 v _0465_/A (sky130_fd_sc_hd__or3_2)
                  0.11    0.56    1.67 v _0465_/X (sky130_fd_sc_hd__or3_2)
     3    0.01                           _0167_ (net)
                  0.11    0.00    1.67 v _0466_/A2 (sky130_fd_sc_hd__a21bo_2)
                  0.03    0.24    1.91 v _0466_/X (sky130_fd_sc_hd__a21bo_2)
     1    0.00                           _0168_ (net)
                  0.03    0.00    1.91 v _0473_/A1 (sky130_fd_sc_hd__a2111o_2)
                  0.08    0.45    2.36 v _0473_/X (sky130_fd_sc_hd__a2111o_2)
     4    0.01                           _0175_ (net)
                  0.08    0.00    2.36 v _0474_/A (sky130_fd_sc_hd__buf_1)
                  0.21    0.26    2.62 v _0474_/X (sky130_fd_sc_hd__buf_1)
    16    0.04                           _0176_ (net)
                  0.21    0.00    2.62 v _0717_/A2 (sky130_fd_sc_hd__o211a_2)
                  0.09    0.39    3.01 v _0717_/X (sky130_fd_sc_hd__o211a_2)
     8    0.02                           _0345_ (net)
                  0.09    0.00    3.01 v _0730_/S (sky130_fd_sc_hd__mux2_2)
                  0.05    0.29    3.30 v _0730_/X (sky130_fd_sc_hd__mux2_2)
     1    0.00                           _0352_ (net)
                  0.05    0.00    3.30 v _0731_/A (sky130_fd_sc_hd__buf_1)
                  0.02    0.09    3.38 v _0731_/X (sky130_fd_sc_hd__buf_1)
     1    0.00                           _0078_ (net)
                  0.02    0.00    3.38 v _0984_/D (sky130_fd_sc_hd__dfxtp_2)
                                  3.38   data arrival time

                  0.15   10.00   10.00   clock w_clk (rise edge)
                          0.00   10.00   clock network delay (ideal)
                         -0.25    9.75   clock uncertainty
                          0.00    9.75   clock reconvergence pessimism
                                  9.75 ^ _0984_/CLK (sky130_fd_sc_hd__dfxtp_2)
                         -0.08    9.67   library setup time
                                  9.67   data required time
-----------------------------------------------------------------------------
                                  9.67   data required time
                                 -3.38   data arrival time
-----------------------------------------------------------------------------
                                  6.29   slack (MET)


Startpoint: _1060_ (rising edge-triggered flip-flop clocked by w_clk)
Endpoint: _0985_ (rising edge-triggered flip-flop clocked by w_clk)
Path Group: w_clk
Path Type: max

Fanout     Cap    Slew   Delay    Time   Description
-----------------------------------------------------------------------------
                  0.15    0.00    0.00   clock w_clk (rise edge)
                          0.00    0.00   clock network delay (ideal)
                  0.15    0.00    0.00 ^ _1060_/CLK (sky130_fd_sc_hd__dfrtp_2)
                  0.04    0.43    0.43 v _1060_/Q (sky130_fd_sc_hd__dfrtp_2)
     1    0.00                           w_ptr_b[0] (net)
                  0.04    0.00    0.43 v _0453_/A (sky130_fd_sc_hd__buf_1)
                  0.22    0.25    0.68 v _0453_/X (sky130_fd_sc_hd__buf_1)
    13    0.04                           _0155_ (net)
                  0.22    0.00    0.68 v _0456_/A (sky130_fd_sc_hd__and3_2)
                  0.04    0.26    0.94 v _0456_/X (sky130_fd_sc_hd__and3_2)
     1    0.00                           _0158_ (net)
                  0.04    0.00    0.94 v _0457_/A (sky130_fd_sc_hd__buf_1)
                  0.12    0.17    1.11 v _0457_/X (sky130_fd_sc_hd__buf_1)
     5    0.02                           _0159_ (net)
                  0.12    0.00    1.11 v _0465_/A (sky130_fd_sc_hd__or3_2)
                  0.11    0.56    1.67 v _0465_/X (sky130_fd_sc_hd__or3_2)
     3    0.01                           _0167_ (net)
                  0.11    0.00    1.67 v _0466_/A2 (sky130_fd_sc_hd__a21bo_2)
                  0.03    0.24    1.91 v _0466_/X (sky130_fd_sc_hd__a21bo_2)
     1    0.00                           _0168_ (net)
                  0.03    0.00    1.91 v _0473_/A1 (sky130_fd_sc_hd__a2111o_2)
                  0.08    0.45    2.36 v _0473_/X (sky130_fd_sc_hd__a2111o_2)
     4    0.01                           _0175_ (net)
                  0.08    0.00    2.36 v _0474_/A (sky130_fd_sc_hd__buf_1)
                  0.21    0.26    2.62 v _0474_/X (sky130_fd_sc_hd__buf_1)
    16    0.04                           _0176_ (net)
                  0.21    0.00    2.62 v _0717_/A2 (sky130_fd_sc_hd__o211a_2)
                  0.09    0.39    3.01 v _0717_/X (sky130_fd_sc_hd__o211a_2)
     8    0.02                           _0345_ (net)
                  0.09    0.00    3.01 v _0732_/S (sky130_fd_sc_hd__mux2_2)
                  0.05    0.29    3.30 v _0732_/X (sky130_fd_sc_hd__mux2_2)
     1    0.00                           _0353_ (net)
                  0.05    0.00    3.30 v _0733_/A (sky130_fd_sc_hd__buf_1)
                  0.02    0.09    3.38 v _0733_/X (sky130_fd_sc_hd__buf_1)
     1    0.00                           _0079_ (net)
                  0.02    0.00    3.38 v _0985_/D (sky130_fd_sc_hd__dfxtp_2)
                                  3.38   data arrival time

                  0.15   10.00   10.00   clock w_clk (rise edge)
                          0.00   10.00   clock network delay (ideal)
                         -0.25    9.75   clock uncertainty
                          0.00    9.75   clock reconvergence pessimism
                                  9.75 ^ _0985_/CLK (sky130_fd_sc_hd__dfxtp_2)
                         -0.08    9.67   library setup time
                                  9.67   data required time
-----------------------------------------------------------------------------
                                  9.67   data required time
                                 -3.38   data arrival time
-----------------------------------------------------------------------------
                                  6.29   slack (MET)


Startpoint: _1060_ (rising edge-triggered flip-flop clocked by w_clk)
Endpoint: _0986_ (rising edge-triggered flip-flop clocked by w_clk)
Path Group: w_clk
Path Type: max

Fanout     Cap    Slew   Delay    Time   Description
-----------------------------------------------------------------------------
                  0.15    0.00    0.00   clock w_clk (rise edge)
                          0.00    0.00   clock network delay (ideal)
                  0.15    0.00    0.00 ^ _1060_/CLK (sky130_fd_sc_hd__dfrtp_2)
                  0.04    0.43    0.43 v _1060_/Q (sky130_fd_sc_hd__dfrtp_2)
     1    0.00                           w_ptr_b[0] (net)
                  0.04    0.00    0.43 v _0453_/A (sky130_fd_sc_hd__buf_1)
                  0.22    0.25    0.68 v _0453_/X (sky130_fd_sc_hd__buf_1)
    13    0.04                           _0155_ (net)
                  0.22    0.00    0.68 v _0456_/A (sky130_fd_sc_hd__and3_2)
                  0.04    0.26    0.94 v _0456_/X (sky130_fd_sc_hd__and3_2)
     1    0.00                           _0158_ (net)
                  0.04    0.00    0.94 v _0457_/A (sky130_fd_sc_hd__buf_1)
                  0.12    0.17    1.11 v _0457_/X (sky130_fd_sc_hd__buf_1)
     5    0.02                           _0159_ (net)
                  0.12    0.00    1.11 v _0465_/A (sky130_fd_sc_hd__or3_2)
                  0.11    0.56    1.67 v _0465_/X (sky130_fd_sc_hd__or3_2)
     3    0.01                           _0167_ (net)
                  0.11    0.00    1.67 v _0466_/A2 (sky130_fd_sc_hd__a21bo_2)
                  0.03    0.24    1.91 v _0466_/X (sky130_fd_sc_hd__a21bo_2)
     1    0.00                           _0168_ (net)
                  0.03    0.00    1.91 v _0473_/A1 (sky130_fd_sc_hd__a2111o_2)
                  0.08    0.45    2.36 v _0473_/X (sky130_fd_sc_hd__a2111o_2)
     4    0.01                           _0175_ (net)
                  0.08    0.00    2.36 v _0474_/A (sky130_fd_sc_hd__buf_1)
                  0.21    0.26    2.62 v _0474_/X (sky130_fd_sc_hd__buf_1)
    16    0.04                           _0176_ (net)
                  0.21    0.00    2.62 v _0735_/A2 (sky130_fd_sc_hd__o211a_2)
                  0.09    0.39    3.01 v _0735_/X (sky130_fd_sc_hd__o211a_2)
     8    0.02                           _0355_ (net)
                  0.09    0.00    3.01 v _0736_/S (sky130_fd_sc_hd__mux2_2)
                  0.05    0.29    3.30 v _0736_/X (sky130_fd_sc_hd__mux2_2)
     1    0.00                           _0356_ (net)
                  0.05    0.00    3.30 v _0737_/A (sky130_fd_sc_hd__buf_1)
                  0.02    0.09    3.38 v _0737_/X (sky130_fd_sc_hd__buf_1)
     1    0.00                           _0080_ (net)
                  0.02    0.00    3.38 v _0986_/D (sky130_fd_sc_hd__dfxtp_2)
                                  3.38   data arrival time

                  0.15   10.00   10.00   clock w_clk (rise edge)
                          0.00   10.00   clock network delay (ideal)
                         -0.25    9.75   clock uncertainty
                          0.00    9.75   clock reconvergence pessimism
                                  9.75 ^ _0986_/CLK (sky130_fd_sc_hd__dfxtp_2)
                         -0.08    9.67   library setup time
                                  9.67   data required time
-----------------------------------------------------------------------------
                                  9.67   data required time
                                 -3.38   data arrival time
-----------------------------------------------------------------------------
                                  6.29   slack (MET)


Startpoint: _1060_ (rising edge-triggered flip-flop clocked by w_clk)
Endpoint: _0987_ (rising edge-triggered flip-flop clocked by w_clk)
Path Group: w_clk
Path Type: max

Fanout     Cap    Slew   Delay    Time   Description
-----------------------------------------------------------------------------
                  0.15    0.00    0.00   clock w_clk (rise edge)
                          0.00    0.00   clock network delay (ideal)
                  0.15    0.00    0.00 ^ _1060_/CLK (sky130_fd_sc_hd__dfrtp_2)
                  0.04    0.43    0.43 v _1060_/Q (sky130_fd_sc_hd__dfrtp_2)
     1    0.00                           w_ptr_b[0] (net)
                  0.04    0.00    0.43 v _0453_/A (sky130_fd_sc_hd__buf_1)
                  0.22    0.25    0.68 v _0453_/X (sky130_fd_sc_hd__buf_1)
    13    0.04                           _0155_ (net)
                  0.22    0.00    0.68 v _0456_/A (sky130_fd_sc_hd__and3_2)
                  0.04    0.26    0.94 v _0456_/X (sky130_fd_sc_hd__and3_2)
     1    0.00                           _0158_ (net)
                  0.04    0.00    0.94 v _0457_/A (sky130_fd_sc_hd__buf_1)
                  0.12    0.17    1.11 v _0457_/X (sky130_fd_sc_hd__buf_1)
     5    0.02                           _0159_ (net)
                  0.12    0.00    1.11 v _0465_/A (sky130_fd_sc_hd__or3_2)
                  0.11    0.56    1.67 v _0465_/X (sky130_fd_sc_hd__or3_2)
     3    0.01                           _0167_ (net)
                  0.11    0.00    1.67 v _0466_/A2 (sky130_fd_sc_hd__a21bo_2)
                  0.03    0.24    1.91 v _0466_/X (sky130_fd_sc_hd__a21bo_2)
     1    0.00                           _0168_ (net)
                  0.03    0.00    1.91 v _0473_/A1 (sky130_fd_sc_hd__a2111o_2)
                  0.08    0.45    2.36 v _0473_/X (sky130_fd_sc_hd__a2111o_2)
     4    0.01                           _0175_ (net)
                  0.08    0.00    2.36 v _0474_/A (sky130_fd_sc_hd__buf_1)
                  0.21    0.26    2.62 v _0474_/X (sky130_fd_sc_hd__buf_1)
    16    0.04                           _0176_ (net)
                  0.21    0.00    2.62 v _0735_/A2 (sky130_fd_sc_hd__o211a_2)
                  0.09    0.39    3.01 v _0735_/X (sky130_fd_sc_hd__o211a_2)
     8    0.02                           _0355_ (net)
                  0.09    0.00    3.01 v _0738_/S (sky130_fd_sc_hd__mux2_2)
                  0.05    0.29    3.30 v _0738_/X (sky130_fd_sc_hd__mux2_2)
     1    0.00                           _0357_ (net)
                  0.05    0.00    3.30 v _0739_/A (sky130_fd_sc_hd__buf_1)
                  0.02    0.09    3.38 v _0739_/X (sky130_fd_sc_hd__buf_1)
     1    0.00                           _0081_ (net)
                  0.02    0.00    3.38 v _0987_/D (sky130_fd_sc_hd__dfxtp_2)
                                  3.38   data arrival time

                  0.15   10.00   10.00   clock w_clk (rise edge)
                          0.00   10.00   clock network delay (ideal)
                         -0.25    9.75   clock uncertainty
                          0.00    9.75   clock reconvergence pessimism
                                  9.75 ^ _0987_/CLK (sky130_fd_sc_hd__dfxtp_2)
                         -0.08    9.67   library setup time
                                  9.67   data required time
-----------------------------------------------------------------------------
                                  9.67   data required time
                                 -3.38   data arrival time
-----------------------------------------------------------------------------
                                  6.29   slack (MET)


Startpoint: _1060_ (rising edge-triggered flip-flop clocked by w_clk)
Endpoint: _0988_ (rising edge-triggered flip-flop clocked by w_clk)
Path Group: w_clk
Path Type: max

Fanout     Cap    Slew   Delay    Time   Description
-----------------------------------------------------------------------------
                  0.15    0.00    0.00   clock w_clk (rise edge)
                          0.00    0.00   clock network delay (ideal)
                  0.15    0.00    0.00 ^ _1060_/CLK (sky130_fd_sc_hd__dfrtp_2)
                  0.04    0.43    0.43 v _1060_/Q (sky130_fd_sc_hd__dfrtp_2)
     1    0.00                           w_ptr_b[0] (net)
                  0.04    0.00    0.43 v _0453_/A (sky130_fd_sc_hd__buf_1)
                  0.22    0.25    0.68 v _0453_/X (sky130_fd_sc_hd__buf_1)
    13    0.04                           _0155_ (net)
                  0.22    0.00    0.68 v _0456_/A (sky130_fd_sc_hd__and3_2)
                  0.04    0.26    0.94 v _0456_/X (sky130_fd_sc_hd__and3_2)
     1    0.00                           _0158_ (net)
                  0.04    0.00    0.94 v _0457_/A (sky130_fd_sc_hd__buf_1)
                  0.12    0.17    1.11 v _0457_/X (sky130_fd_sc_hd__buf_1)
     5    0.02                           _0159_ (net)
                  0.12    0.00    1.11 v _0465_/A (sky130_fd_sc_hd__or3_2)
                  0.11    0.56    1.67 v _0465_/X (sky130_fd_sc_hd__or3_2)
     3    0.01                           _0167_ (net)
                  0.11    0.00    1.67 v _0466_/A2 (sky130_fd_sc_hd__a21bo_2)
                  0.03    0.24    1.91 v _0466_/X (sky130_fd_sc_hd__a21bo_2)
     1    0.00                           _0168_ (net)
                  0.03    0.00    1.91 v _0473_/A1 (sky130_fd_sc_hd__a2111o_2)
                  0.08    0.45    2.36 v _0473_/X (sky130_fd_sc_hd__a2111o_2)
     4    0.01                           _0175_ (net)
                  0.08    0.00    2.36 v _0474_/A (sky130_fd_sc_hd__buf_1)
                  0.21    0.26    2.62 v _0474_/X (sky130_fd_sc_hd__buf_1)
    16    0.04                           _0176_ (net)
                  0.21    0.00    2.62 v _0735_/A2 (sky130_fd_sc_hd__o211a_2)
                  0.09    0.39    3.01 v _0735_/X (sky130_fd_sc_hd__o211a_2)
     8    0.02                           _0355_ (net)
                  0.09    0.00    3.01 v _0740_/S (sky130_fd_sc_hd__mux2_2)
                  0.05    0.29    3.30 v _0740_/X (sky130_fd_sc_hd__mux2_2)
     1    0.00                           _0358_ (net)
                  0.05    0.00    3.30 v _0741_/A (sky130_fd_sc_hd__buf_1)
                  0.02    0.09    3.38 v _0741_/X (sky130_fd_sc_hd__buf_1)
     1    0.00                           _0082_ (net)
                  0.02    0.00    3.38 v _0988_/D (sky130_fd_sc_hd__dfxtp_2)
                                  3.38   data arrival time

                  0.15   10.00   10.00   clock w_clk (rise edge)
                          0.00   10.00   clock network delay (ideal)
                         -0.25    9.75   clock uncertainty
                          0.00    9.75   clock reconvergence pessimism
                                  9.75 ^ _0988_/CLK (sky130_fd_sc_hd__dfxtp_2)
                         -0.08    9.67   library setup time
                                  9.67   data required time
-----------------------------------------------------------------------------
                                  9.67   data required time
                                 -3.38   data arrival time
-----------------------------------------------------------------------------
                                  6.29   slack (MET)


Startpoint: _1060_ (rising edge-triggered flip-flop clocked by w_clk)
Endpoint: _0989_ (rising edge-triggered flip-flop clocked by w_clk)
Path Group: w_clk
Path Type: max

Fanout     Cap    Slew   Delay    Time   Description
-----------------------------------------------------------------------------
                  0.15    0.00    0.00   clock w_clk (rise edge)
                          0.00    0.00   clock network delay (ideal)
                  0.15    0.00    0.00 ^ _1060_/CLK (sky130_fd_sc_hd__dfrtp_2)
                  0.04    0.43    0.43 v _1060_/Q (sky130_fd_sc_hd__dfrtp_2)
     1    0.00                           w_ptr_b[0] (net)
                  0.04    0.00    0.43 v _0453_/A (sky130_fd_sc_hd__buf_1)
                  0.22    0.25    0.68 v _0453_/X (sky130_fd_sc_hd__buf_1)
    13    0.04                           _0155_ (net)
                  0.22    0.00    0.68 v _0456_/A (sky130_fd_sc_hd__and3_2)
                  0.04    0.26    0.94 v _0456_/X (sky130_fd_sc_hd__and3_2)
     1    0.00                           _0158_ (net)
                  0.04    0.00    0.94 v _0457_/A (sky130_fd_sc_hd__buf_1)
                  0.12    0.17    1.11 v _0457_/X (sky130_fd_sc_hd__buf_1)
     5    0.02                           _0159_ (net)
                  0.12    0.00    1.11 v _0465_/A (sky130_fd_sc_hd__or3_2)
                  0.11    0.56    1.67 v _0465_/X (sky130_fd_sc_hd__or3_2)
     3    0.01                           _0167_ (net)
                  0.11    0.00    1.67 v _0466_/A2 (sky130_fd_sc_hd__a21bo_2)
                  0.03    0.24    1.91 v _0466_/X (sky130_fd_sc_hd__a21bo_2)
     1    0.00                           _0168_ (net)
                  0.03    0.00    1.91 v _0473_/A1 (sky130_fd_sc_hd__a2111o_2)
                  0.08    0.45    2.36 v _0473_/X (sky130_fd_sc_hd__a2111o_2)
     4    0.01                           _0175_ (net)
                  0.08    0.00    2.36 v _0474_/A (sky130_fd_sc_hd__buf_1)
                  0.21    0.26    2.62 v _0474_/X (sky130_fd_sc_hd__buf_1)
    16    0.04                           _0176_ (net)
                  0.21    0.00    2.62 v _0735_/A2 (sky130_fd_sc_hd__o211a_2)
                  0.09    0.39    3.01 v _0735_/X (sky130_fd_sc_hd__o211a_2)
     8    0.02                           _0355_ (net)
                  0.09    0.00    3.01 v _0742_/S (sky130_fd_sc_hd__mux2_2)
                  0.05    0.29    3.30 v _0742_/X (sky130_fd_sc_hd__mux2_2)
     1    0.00                           _0359_ (net)
                  0.05    0.00    3.30 v _0743_/A (sky130_fd_sc_hd__buf_1)
                  0.02    0.09    3.38 v _0743_/X (sky130_fd_sc_hd__buf_1)
     1    0.00                           _0083_ (net)
                  0.02    0.00    3.38 v _0989_/D (sky130_fd_sc_hd__dfxtp_2)
                                  3.38   data arrival time

                  0.15   10.00   10.00   clock w_clk (rise edge)
                          0.00   10.00   clock network delay (ideal)
                         -0.25    9.75   clock uncertainty
                          0.00    9.75   clock reconvergence pessimism
                                  9.75 ^ _0989_/CLK (sky130_fd_sc_hd__dfxtp_2)
                         -0.08    9.67   library setup time
                                  9.67   data required time
-----------------------------------------------------------------------------
                                  9.67   data required time
                                 -3.38   data arrival time
-----------------------------------------------------------------------------
                                  6.29   slack (MET)


Startpoint: _1060_ (rising edge-triggered flip-flop clocked by w_clk)
Endpoint: _0990_ (rising edge-triggered flip-flop clocked by w_clk)
Path Group: w_clk
Path Type: max

Fanout     Cap    Slew   Delay    Time   Description
-----------------------------------------------------------------------------
                  0.15    0.00    0.00   clock w_clk (rise edge)
                          0.00    0.00   clock network delay (ideal)
                  0.15    0.00    0.00 ^ _1060_/CLK (sky130_fd_sc_hd__dfrtp_2)
                  0.04    0.43    0.43 v _1060_/Q (sky130_fd_sc_hd__dfrtp_2)
     1    0.00                           w_ptr_b[0] (net)
                  0.04    0.00    0.43 v _0453_/A (sky130_fd_sc_hd__buf_1)
                  0.22    0.25    0.68 v _0453_/X (sky130_fd_sc_hd__buf_1)
    13    0.04                           _0155_ (net)
                  0.22    0.00    0.68 v _0456_/A (sky130_fd_sc_hd__and3_2)
                  0.04    0.26    0.94 v _0456_/X (sky130_fd_sc_hd__and3_2)
     1    0.00                           _0158_ (net)
                  0.04    0.00    0.94 v _0457_/A (sky130_fd_sc_hd__buf_1)
                  0.12    0.17    1.11 v _0457_/X (sky130_fd_sc_hd__buf_1)
     5    0.02                           _0159_ (net)
                  0.12    0.00    1.11 v _0465_/A (sky130_fd_sc_hd__or3_2)
                  0.11    0.56    1.67 v _0465_/X (sky130_fd_sc_hd__or3_2)
     3    0.01                           _0167_ (net)
                  0.11    0.00    1.67 v _0466_/A2 (sky130_fd_sc_hd__a21bo_2)
                  0.03    0.24    1.91 v _0466_/X (sky130_fd_sc_hd__a21bo_2)
     1    0.00                           _0168_ (net)
                  0.03    0.00    1.91 v _0473_/A1 (sky130_fd_sc_hd__a2111o_2)
                  0.08    0.45    2.36 v _0473_/X (sky130_fd_sc_hd__a2111o_2)
     4    0.01                           _0175_ (net)
                  0.08    0.00    2.36 v _0474_/A (sky130_fd_sc_hd__buf_1)
                  0.21    0.26    2.62 v _0474_/X (sky130_fd_sc_hd__buf_1)
    16    0.04                           _0176_ (net)
                  0.21    0.00    2.62 v _0735_/A2 (sky130_fd_sc_hd__o211a_2)
                  0.09    0.39    3.01 v _0735_/X (sky130_fd_sc_hd__o211a_2)
     8    0.02                           _0355_ (net)
                  0.09    0.00    3.01 v _0744_/S (sky130_fd_sc_hd__mux2_2)
                  0.05    0.29    3.30 v _0744_/X (sky130_fd_sc_hd__mux2_2)
     1    0.00                           _0360_ (net)
                  0.05    0.00    3.30 v _0745_/A (sky130_fd_sc_hd__buf_1)
                  0.02    0.09    3.38 v _0745_/X (sky130_fd_sc_hd__buf_1)
     1    0.00                           _0084_ (net)
                  0.02    0.00    3.38 v _0990_/D (sky130_fd_sc_hd__dfxtp_2)
                                  3.38   data arrival time

                  0.15   10.00   10.00   clock w_clk (rise edge)
                          0.00   10.00   clock network delay (ideal)
                         -0.25    9.75   clock uncertainty
                          0.00    9.75   clock reconvergence pessimism
                                  9.75 ^ _0990_/CLK (sky130_fd_sc_hd__dfxtp_2)
                         -0.08    9.67   library setup time
                                  9.67   data required time
-----------------------------------------------------------------------------
                                  9.67   data required time
                                 -3.38   data arrival time
-----------------------------------------------------------------------------
                                  6.29   slack (MET)


Startpoint: _1060_ (rising edge-triggered flip-flop clocked by w_clk)
Endpoint: _0991_ (rising edge-triggered flip-flop clocked by w_clk)
Path Group: w_clk
Path Type: max

Fanout     Cap    Slew   Delay    Time   Description
-----------------------------------------------------------------------------
                  0.15    0.00    0.00   clock w_clk (rise edge)
                          0.00    0.00   clock network delay (ideal)
                  0.15    0.00    0.00 ^ _1060_/CLK (sky130_fd_sc_hd__dfrtp_2)
                  0.04    0.43    0.43 v _1060_/Q (sky130_fd_sc_hd__dfrtp_2)
     1    0.00                           w_ptr_b[0] (net)
                  0.04    0.00    0.43 v _0453_/A (sky130_fd_sc_hd__buf_1)
                  0.22    0.25    0.68 v _0453_/X (sky130_fd_sc_hd__buf_1)
    13    0.04                           _0155_ (net)
                  0.22    0.00    0.68 v _0456_/A (sky130_fd_sc_hd__and3_2)
                  0.04    0.26    0.94 v _0456_/X (sky130_fd_sc_hd__and3_2)
     1    0.00                           _0158_ (net)
                  0.04    0.00    0.94 v _0457_/A (sky130_fd_sc_hd__buf_1)
                  0.12    0.17    1.11 v _0457_/X (sky130_fd_sc_hd__buf_1)
     5    0.02                           _0159_ (net)
                  0.12    0.00    1.11 v _0465_/A (sky130_fd_sc_hd__or3_2)
                  0.11    0.56    1.67 v _0465_/X (sky130_fd_sc_hd__or3_2)
     3    0.01                           _0167_ (net)
                  0.11    0.00    1.67 v _0466_/A2 (sky130_fd_sc_hd__a21bo_2)
                  0.03    0.24    1.91 v _0466_/X (sky130_fd_sc_hd__a21bo_2)
     1    0.00                           _0168_ (net)
                  0.03    0.00    1.91 v _0473_/A1 (sky130_fd_sc_hd__a2111o_2)
                  0.08    0.45    2.36 v _0473_/X (sky130_fd_sc_hd__a2111o_2)
     4    0.01                           _0175_ (net)
                  0.08    0.00    2.36 v _0474_/A (sky130_fd_sc_hd__buf_1)
                  0.21    0.26    2.62 v _0474_/X (sky130_fd_sc_hd__buf_1)
    16    0.04                           _0176_ (net)
                  0.21    0.00    2.62 v _0735_/A2 (sky130_fd_sc_hd__o211a_2)
                  0.09    0.39    3.01 v _0735_/X (sky130_fd_sc_hd__o211a_2)
     8    0.02                           _0355_ (net)
                  0.09    0.00    3.01 v _0746_/S (sky130_fd_sc_hd__mux2_2)
                  0.05    0.29    3.30 v _0746_/X (sky130_fd_sc_hd__mux2_2)
     1    0.00                           _0361_ (net)
                  0.05    0.00    3.30 v _0747_/A (sky130_fd_sc_hd__buf_1)
                  0.02    0.09    3.38 v _0747_/X (sky130_fd_sc_hd__buf_1)
     1    0.00                           _0085_ (net)
                  0.02    0.00    3.38 v _0991_/D (sky130_fd_sc_hd__dfxtp_2)
                                  3.38   data arrival time

                  0.15   10.00   10.00   clock w_clk (rise edge)
                          0.00   10.00   clock network delay (ideal)
                         -0.25    9.75   clock uncertainty
                          0.00    9.75   clock reconvergence pessimism
                                  9.75 ^ _0991_/CLK (sky130_fd_sc_hd__dfxtp_2)
                         -0.08    9.67   library setup time
                                  9.67   data required time
-----------------------------------------------------------------------------
                                  9.67   data required time
                                 -3.38   data arrival time
-----------------------------------------------------------------------------
                                  6.29   slack (MET)


Startpoint: _1060_ (rising edge-triggered flip-flop clocked by w_clk)
Endpoint: _0992_ (rising edge-triggered flip-flop clocked by w_clk)
Path Group: w_clk
Path Type: max

Fanout     Cap    Slew   Delay    Time   Description
-----------------------------------------------------------------------------
                  0.15    0.00    0.00   clock w_clk (rise edge)
                          0.00    0.00   clock network delay (ideal)
                  0.15    0.00    0.00 ^ _1060_/CLK (sky130_fd_sc_hd__dfrtp_2)
                  0.04    0.43    0.43 v _1060_/Q (sky130_fd_sc_hd__dfrtp_2)
     1    0.00                           w_ptr_b[0] (net)
                  0.04    0.00    0.43 v _0453_/A (sky130_fd_sc_hd__buf_1)
                  0.22    0.25    0.68 v _0453_/X (sky130_fd_sc_hd__buf_1)
    13    0.04                           _0155_ (net)
                  0.22    0.00    0.68 v _0456_/A (sky130_fd_sc_hd__and3_2)
                  0.04    0.26    0.94 v _0456_/X (sky130_fd_sc_hd__and3_2)
     1    0.00                           _0158_ (net)
                  0.04    0.00    0.94 v _0457_/A (sky130_fd_sc_hd__buf_1)
                  0.12    0.17    1.11 v _0457_/X (sky130_fd_sc_hd__buf_1)
     5    0.02                           _0159_ (net)
                  0.12    0.00    1.11 v _0465_/A (sky130_fd_sc_hd__or3_2)
                  0.11    0.56    1.67 v _0465_/X (sky130_fd_sc_hd__or3_2)
     3    0.01                           _0167_ (net)
                  0.11    0.00    1.67 v _0466_/A2 (sky130_fd_sc_hd__a21bo_2)
                  0.03    0.24    1.91 v _0466_/X (sky130_fd_sc_hd__a21bo_2)
     1    0.00                           _0168_ (net)
                  0.03    0.00    1.91 v _0473_/A1 (sky130_fd_sc_hd__a2111o_2)
                  0.08    0.45    2.36 v _0473_/X (sky130_fd_sc_hd__a2111o_2)
     4    0.01                           _0175_ (net)
                  0.08    0.00    2.36 v _0474_/A (sky130_fd_sc_hd__buf_1)
                  0.21    0.26    2.62 v _0474_/X (sky130_fd_sc_hd__buf_1)
    16    0.04                           _0176_ (net)
                  0.21    0.00    2.62 v _0735_/A2 (sky130_fd_sc_hd__o211a_2)
                  0.09    0.39    3.01 v _0735_/X (sky130_fd_sc_hd__o211a_2)
     8    0.02                           _0355_ (net)
                  0.09    0.00    3.01 v _0748_/S (sky130_fd_sc_hd__mux2_2)
                  0.05    0.29    3.30 v _0748_/X (sky130_fd_sc_hd__mux2_2)
     1    0.00                           _0362_ (net)
                  0.05    0.00    3.30 v _0749_/A (sky130_fd_sc_hd__buf_1)
                  0.02    0.09    3.38 v _0749_/X (sky130_fd_sc_hd__buf_1)
     1    0.00                           _0086_ (net)
                  0.02    0.00    3.38 v _0992_/D (sky130_fd_sc_hd__dfxtp_2)
                                  3.38   data arrival time

                  0.15   10.00   10.00   clock w_clk (rise edge)
                          0.00   10.00   clock network delay (ideal)
                         -0.25    9.75   clock uncertainty
                          0.00    9.75   clock reconvergence pessimism
                                  9.75 ^ _0992_/CLK (sky130_fd_sc_hd__dfxtp_2)
                         -0.08    9.67   library setup time
                                  9.67   data required time
-----------------------------------------------------------------------------
                                  9.67   data required time
                                 -3.38   data arrival time
-----------------------------------------------------------------------------
                                  6.29   slack (MET)


Startpoint: _1060_ (rising edge-triggered flip-flop clocked by w_clk)
Endpoint: _0993_ (rising edge-triggered flip-flop clocked by w_clk)
Path Group: w_clk
Path Type: max

Fanout     Cap    Slew   Delay    Time   Description
-----------------------------------------------------------------------------
                  0.15    0.00    0.00   clock w_clk (rise edge)
                          0.00    0.00   clock network delay (ideal)
                  0.15    0.00    0.00 ^ _1060_/CLK (sky130_fd_sc_hd__dfrtp_2)
                  0.04    0.43    0.43 v _1060_/Q (sky130_fd_sc_hd__dfrtp_2)
     1    0.00                           w_ptr_b[0] (net)
                  0.04    0.00    0.43 v _0453_/A (sky130_fd_sc_hd__buf_1)
                  0.22    0.25    0.68 v _0453_/X (sky130_fd_sc_hd__buf_1)
    13    0.04                           _0155_ (net)
                  0.22    0.00    0.68 v _0456_/A (sky130_fd_sc_hd__and3_2)
                  0.04    0.26    0.94 v _0456_/X (sky130_fd_sc_hd__and3_2)
     1    0.00                           _0158_ (net)
                  0.04    0.00    0.94 v _0457_/A (sky130_fd_sc_hd__buf_1)
                  0.12    0.17    1.11 v _0457_/X (sky130_fd_sc_hd__buf_1)
     5    0.02                           _0159_ (net)
                  0.12    0.00    1.11 v _0465_/A (sky130_fd_sc_hd__or3_2)
                  0.11    0.56    1.67 v _0465_/X (sky130_fd_sc_hd__or3_2)
     3    0.01                           _0167_ (net)
                  0.11    0.00    1.67 v _0466_/A2 (sky130_fd_sc_hd__a21bo_2)
                  0.03    0.24    1.91 v _0466_/X (sky130_fd_sc_hd__a21bo_2)
     1    0.00                           _0168_ (net)
                  0.03    0.00    1.91 v _0473_/A1 (sky130_fd_sc_hd__a2111o_2)
                  0.08    0.45    2.36 v _0473_/X (sky130_fd_sc_hd__a2111o_2)
     4    0.01                           _0175_ (net)
                  0.08    0.00    2.36 v _0474_/A (sky130_fd_sc_hd__buf_1)
                  0.21    0.26    2.62 v _0474_/X (sky130_fd_sc_hd__buf_1)
    16    0.04                           _0176_ (net)
                  0.21    0.00    2.62 v _0735_/A2 (sky130_fd_sc_hd__o211a_2)
                  0.09    0.39    3.01 v _0735_/X (sky130_fd_sc_hd__o211a_2)
     8    0.02                           _0355_ (net)
                  0.09    0.00    3.01 v _0750_/S (sky130_fd_sc_hd__mux2_2)
                  0.05    0.29    3.30 v _0750_/X (sky130_fd_sc_hd__mux2_2)
     1    0.00                           _0363_ (net)
                  0.05    0.00    3.30 v _0751_/A (sky130_fd_sc_hd__buf_1)
                  0.02    0.09    3.38 v _0751_/X (sky130_fd_sc_hd__buf_1)
     1    0.00                           _0087_ (net)
                  0.02    0.00    3.38 v _0993_/D (sky130_fd_sc_hd__dfxtp_2)
                                  3.38   data arrival time

                  0.15   10.00   10.00   clock w_clk (rise edge)
                          0.00   10.00   clock network delay (ideal)
                         -0.25    9.75   clock uncertainty
                          0.00    9.75   clock reconvergence pessimism
                                  9.75 ^ _0993_/CLK (sky130_fd_sc_hd__dfxtp_2)
                         -0.08    9.67   library setup time
                                  9.67   data required time
-----------------------------------------------------------------------------
                                  9.67   data required time
                                 -3.38   data arrival time
-----------------------------------------------------------------------------
                                  6.29   slack (MET)


Startpoint: _1060_ (rising edge-triggered flip-flop clocked by w_clk)
Endpoint: _1002_ (rising edge-triggered flip-flop clocked by w_clk)
Path Group: w_clk
Path Type: max

Fanout     Cap    Slew   Delay    Time   Description
-----------------------------------------------------------------------------
                  0.15    0.00    0.00   clock w_clk (rise edge)
                          0.00    0.00   clock network delay (ideal)
                  0.15    0.00    0.00 ^ _1060_/CLK (sky130_fd_sc_hd__dfrtp_2)
                  0.04    0.43    0.43 v _1060_/Q (sky130_fd_sc_hd__dfrtp_2)
     1    0.00                           w_ptr_b[0] (net)
                  0.04    0.00    0.43 v _0453_/A (sky130_fd_sc_hd__buf_1)
                  0.22    0.25    0.68 v _0453_/X (sky130_fd_sc_hd__buf_1)
    13    0.04                           _0155_ (net)
                  0.22    0.00    0.68 v _0456_/A (sky130_fd_sc_hd__and3_2)
                  0.04    0.26    0.94 v _0456_/X (sky130_fd_sc_hd__and3_2)
     1    0.00                           _0158_ (net)
                  0.04    0.00    0.94 v _0457_/A (sky130_fd_sc_hd__buf_1)
                  0.12    0.17    1.11 v _0457_/X (sky130_fd_sc_hd__buf_1)
     5    0.02                           _0159_ (net)
                  0.12    0.00    1.11 v _0465_/A (sky130_fd_sc_hd__or3_2)
                  0.11    0.56    1.67 v _0465_/X (sky130_fd_sc_hd__or3_2)
     3    0.01                           _0167_ (net)
                  0.11    0.00    1.67 v _0466_/A2 (sky130_fd_sc_hd__a21bo_2)
                  0.03    0.24    1.91 v _0466_/X (sky130_fd_sc_hd__a21bo_2)
     1    0.00                           _0168_ (net)
                  0.03    0.00    1.91 v _0473_/A1 (sky130_fd_sc_hd__a2111o_2)
                  0.08    0.45    2.36 v _0473_/X (sky130_fd_sc_hd__a2111o_2)
     4    0.01                           _0175_ (net)
                  0.08    0.00    2.36 v _0474_/A (sky130_fd_sc_hd__buf_1)
                  0.21    0.26    2.62 v _0474_/X (sky130_fd_sc_hd__buf_1)
    16    0.04                           _0176_ (net)
                  0.21    0.00    2.62 v _0770_/A2 (sky130_fd_sc_hd__o211a_2)
                  0.09    0.39    3.01 v _0770_/X (sky130_fd_sc_hd__o211a_2)
     8    0.02                           _0374_ (net)
                  0.09    0.00    3.01 v _0771_/S (sky130_fd_sc_hd__mux2_2)
                  0.05    0.29    3.30 v _0771_/X (sky130_fd_sc_hd__mux2_2)
     1    0.00                           _0375_ (net)
                  0.05    0.00    3.30 v _0772_/A (sky130_fd_sc_hd__buf_1)
                  0.02    0.09    3.38 v _0772_/X (sky130_fd_sc_hd__buf_1)
     1    0.00                           _0096_ (net)
                  0.02    0.00    3.38 v _1002_/D (sky130_fd_sc_hd__dfxtp_2)
                                  3.38   data arrival time

                  0.15   10.00   10.00   clock w_clk (rise edge)
                          0.00   10.00   clock network delay (ideal)
                         -0.25    9.75   clock uncertainty
                          0.00    9.75   clock reconvergence pessimism
                                  9.75 ^ _1002_/CLK (sky130_fd_sc_hd__dfxtp_2)
                         -0.08    9.67   library setup time
                                  9.67   data required time
-----------------------------------------------------------------------------
                                  9.67   data required time
                                 -3.38   data arrival time
-----------------------------------------------------------------------------
                                  6.29   slack (MET)


Startpoint: _1060_ (rising edge-triggered flip-flop clocked by w_clk)
Endpoint: _1003_ (rising edge-triggered flip-flop clocked by w_clk)
Path Group: w_clk
Path Type: max

Fanout     Cap    Slew   Delay    Time   Description
-----------------------------------------------------------------------------
                  0.15    0.00    0.00   clock w_clk (rise edge)
                          0.00    0.00   clock network delay (ideal)
                  0.15    0.00    0.00 ^ _1060_/CLK (sky130_fd_sc_hd__dfrtp_2)
                  0.04    0.43    0.43 v _1060_/Q (sky130_fd_sc_hd__dfrtp_2)
     1    0.00                           w_ptr_b[0] (net)
                  0.04    0.00    0.43 v _0453_/A (sky130_fd_sc_hd__buf_1)
                  0.22    0.25    0.68 v _0453_/X (sky130_fd_sc_hd__buf_1)
    13    0.04                           _0155_ (net)
                  0.22    0.00    0.68 v _0456_/A (sky130_fd_sc_hd__and3_2)
                  0.04    0.26    0.94 v _0456_/X (sky130_fd_sc_hd__and3_2)
     1    0.00                           _0158_ (net)
                  0.04    0.00    0.94 v _0457_/A (sky130_fd_sc_hd__buf_1)
                  0.12    0.17    1.11 v _0457_/X (sky130_fd_sc_hd__buf_1)
     5    0.02                           _0159_ (net)
                  0.12    0.00    1.11 v _0465_/A (sky130_fd_sc_hd__or3_2)
                  0.11    0.56    1.67 v _0465_/X (sky130_fd_sc_hd__or3_2)
     3    0.01                           _0167_ (net)
                  0.11    0.00    1.67 v _0466_/A2 (sky130_fd_sc_hd__a21bo_2)
                  0.03    0.24    1.91 v _0466_/X (sky130_fd_sc_hd__a21bo_2)
     1    0.00                           _0168_ (net)
                  0.03    0.00    1.91 v _0473_/A1 (sky130_fd_sc_hd__a2111o_2)
                  0.08    0.45    2.36 v _0473_/X (sky130_fd_sc_hd__a2111o_2)
     4    0.01                           _0175_ (net)
                  0.08    0.00    2.36 v _0474_/A (sky130_fd_sc_hd__buf_1)
                  0.21    0.26    2.62 v _0474_/X (sky130_fd_sc_hd__buf_1)
    16    0.04                           _0176_ (net)
                  0.21    0.00    2.62 v _0770_/A2 (sky130_fd_sc_hd__o211a_2)
                  0.09    0.39    3.01 v _0770_/X (sky130_fd_sc_hd__o211a_2)
     8    0.02                           _0374_ (net)
                  0.09    0.00    3.01 v _0773_/S (sky130_fd_sc_hd__mux2_2)
                  0.05    0.29    3.30 v _0773_/X (sky130_fd_sc_hd__mux2_2)
     1    0.00                           _0376_ (net)
                  0.05    0.00    3.30 v _0774_/A (sky130_fd_sc_hd__buf_1)
                  0.02    0.09    3.38 v _0774_/X (sky130_fd_sc_hd__buf_1)
     1    0.00                           _0097_ (net)
                  0.02    0.00    3.38 v _1003_/D (sky130_fd_sc_hd__dfxtp_2)
                                  3.38   data arrival time

                  0.15   10.00   10.00   clock w_clk (rise edge)
                          0.00   10.00   clock network delay (ideal)
                         -0.25    9.75   clock uncertainty
                          0.00    9.75   clock reconvergence pessimism
                                  9.75 ^ _1003_/CLK (sky130_fd_sc_hd__dfxtp_2)
                         -0.08    9.67   library setup time
                                  9.67   data required time
-----------------------------------------------------------------------------
                                  9.67   data required time
                                 -3.38   data arrival time
-----------------------------------------------------------------------------
                                  6.29   slack (MET)


Startpoint: _1060_ (rising edge-triggered flip-flop clocked by w_clk)
Endpoint: _1004_ (rising edge-triggered flip-flop clocked by w_clk)
Path Group: w_clk
Path Type: max

Fanout     Cap    Slew   Delay    Time   Description
-----------------------------------------------------------------------------
                  0.15    0.00    0.00   clock w_clk (rise edge)
                          0.00    0.00   clock network delay (ideal)
                  0.15    0.00    0.00 ^ _1060_/CLK (sky130_fd_sc_hd__dfrtp_2)
                  0.04    0.43    0.43 v _1060_/Q (sky130_fd_sc_hd__dfrtp_2)
     1    0.00                           w_ptr_b[0] (net)
                  0.04    0.00    0.43 v _0453_/A (sky130_fd_sc_hd__buf_1)
                  0.22    0.25    0.68 v _0453_/X (sky130_fd_sc_hd__buf_1)
    13    0.04                           _0155_ (net)
                  0.22    0.00    0.68 v _0456_/A (sky130_fd_sc_hd__and3_2)
                  0.04    0.26    0.94 v _0456_/X (sky130_fd_sc_hd__and3_2)
     1    0.00                           _0158_ (net)
                  0.04    0.00    0.94 v _0457_/A (sky130_fd_sc_hd__buf_1)
                  0.12    0.17    1.11 v _0457_/X (sky130_fd_sc_hd__buf_1)
     5    0.02                           _0159_ (net)
                  0.12    0.00    1.11 v _0465_/A (sky130_fd_sc_hd__or3_2)
                  0.11    0.56    1.67 v _0465_/X (sky130_fd_sc_hd__or3_2)
     3    0.01                           _0167_ (net)
                  0.11    0.00    1.67 v _0466_/A2 (sky130_fd_sc_hd__a21bo_2)
                  0.03    0.24    1.91 v _0466_/X (sky130_fd_sc_hd__a21bo_2)
     1    0.00                           _0168_ (net)
                  0.03    0.00    1.91 v _0473_/A1 (sky130_fd_sc_hd__a2111o_2)
                  0.08    0.45    2.36 v _0473_/X (sky130_fd_sc_hd__a2111o_2)
     4    0.01                           _0175_ (net)
                  0.08    0.00    2.36 v _0474_/A (sky130_fd_sc_hd__buf_1)
                  0.21    0.26    2.62 v _0474_/X (sky130_fd_sc_hd__buf_1)
    16    0.04                           _0176_ (net)
                  0.21    0.00    2.62 v _0770_/A2 (sky130_fd_sc_hd__o211a_2)
                  0.09    0.39    3.01 v _0770_/X (sky130_fd_sc_hd__o211a_2)
     8    0.02                           _0374_ (net)
                  0.09    0.00    3.01 v _0775_/S (sky130_fd_sc_hd__mux2_2)
                  0.05    0.29    3.30 v _0775_/X (sky130_fd_sc_hd__mux2_2)
     1    0.00                           _0377_ (net)
                  0.05    0.00    3.30 v _0776_/A (sky130_fd_sc_hd__buf_1)
                  0.02    0.09    3.38 v _0776_/X (sky130_fd_sc_hd__buf_1)
     1    0.00                           _0098_ (net)
                  0.02    0.00    3.38 v _1004_/D (sky130_fd_sc_hd__dfxtp_2)
                                  3.38   data arrival time

                  0.15   10.00   10.00   clock w_clk (rise edge)
                          0.00   10.00   clock network delay (ideal)
                         -0.25    9.75   clock uncertainty
                          0.00    9.75   clock reconvergence pessimism
                                  9.75 ^ _1004_/CLK (sky130_fd_sc_hd__dfxtp_2)
                         -0.08    9.67   library setup time
                                  9.67   data required time
-----------------------------------------------------------------------------
                                  9.67   data required time
                                 -3.38   data arrival time
-----------------------------------------------------------------------------
                                  6.29   slack (MET)


Startpoint: _1060_ (rising edge-triggered flip-flop clocked by w_clk)
Endpoint: _1005_ (rising edge-triggered flip-flop clocked by w_clk)
Path Group: w_clk
Path Type: max

Fanout     Cap    Slew   Delay    Time   Description
-----------------------------------------------------------------------------
                  0.15    0.00    0.00   clock w_clk (rise edge)
                          0.00    0.00   clock network delay (ideal)
                  0.15    0.00    0.00 ^ _1060_/CLK (sky130_fd_sc_hd__dfrtp_2)
                  0.04    0.43    0.43 v _1060_/Q (sky130_fd_sc_hd__dfrtp_2)
     1    0.00                           w_ptr_b[0] (net)
                  0.04    0.00    0.43 v _0453_/A (sky130_fd_sc_hd__buf_1)
                  0.22    0.25    0.68 v _0453_/X (sky130_fd_sc_hd__buf_1)
    13    0.04                           _0155_ (net)
                  0.22    0.00    0.68 v _0456_/A (sky130_fd_sc_hd__and3_2)
                  0.04    0.26    0.94 v _0456_/X (sky130_fd_sc_hd__and3_2)
     1    0.00                           _0158_ (net)
                  0.04    0.00    0.94 v _0457_/A (sky130_fd_sc_hd__buf_1)
                  0.12    0.17    1.11 v _0457_/X (sky130_fd_sc_hd__buf_1)
     5    0.02                           _0159_ (net)
                  0.12    0.00    1.11 v _0465_/A (sky130_fd_sc_hd__or3_2)
                  0.11    0.56    1.67 v _0465_/X (sky130_fd_sc_hd__or3_2)
     3    0.01                           _0167_ (net)
                  0.11    0.00    1.67 v _0466_/A2 (sky130_fd_sc_hd__a21bo_2)
                  0.03    0.24    1.91 v _0466_/X (sky130_fd_sc_hd__a21bo_2)
     1    0.00                           _0168_ (net)
                  0.03    0.00    1.91 v _0473_/A1 (sky130_fd_sc_hd__a2111o_2)
                  0.08    0.45    2.36 v _0473_/X (sky130_fd_sc_hd__a2111o_2)
     4    0.01                           _0175_ (net)
                  0.08    0.00    2.36 v _0474_/A (sky130_fd_sc_hd__buf_1)
                  0.21    0.26    2.62 v _0474_/X (sky130_fd_sc_hd__buf_1)
    16    0.04                           _0176_ (net)
                  0.21    0.00    2.62 v _0770_/A2 (sky130_fd_sc_hd__o211a_2)
                  0.09    0.39    3.01 v _0770_/X (sky130_fd_sc_hd__o211a_2)
     8    0.02                           _0374_ (net)
                  0.09    0.00    3.01 v _0777_/S (sky130_fd_sc_hd__mux2_2)
                  0.05    0.29    3.30 v _0777_/X (sky130_fd_sc_hd__mux2_2)
     1    0.00                           _0378_ (net)
                  0.05    0.00    3.30 v _0778_/A (sky130_fd_sc_hd__buf_1)
                  0.02    0.09    3.38 v _0778_/X (sky130_fd_sc_hd__buf_1)
     1    0.00                           _0099_ (net)
                  0.02    0.00    3.38 v _1005_/D (sky130_fd_sc_hd__dfxtp_2)
                                  3.38   data arrival time

                  0.15   10.00   10.00   clock w_clk (rise edge)
                          0.00   10.00   clock network delay (ideal)
                         -0.25    9.75   clock uncertainty
                          0.00    9.75   clock reconvergence pessimism
                                  9.75 ^ _1005_/CLK (sky130_fd_sc_hd__dfxtp_2)
                         -0.08    9.67   library setup time
                                  9.67   data required time
-----------------------------------------------------------------------------
                                  9.67   data required time
                                 -3.38   data arrival time
-----------------------------------------------------------------------------
                                  6.29   slack (MET)


Startpoint: _1060_ (rising edge-triggered flip-flop clocked by w_clk)
Endpoint: _1006_ (rising edge-triggered flip-flop clocked by w_clk)
Path Group: w_clk
Path Type: max

Fanout     Cap    Slew   Delay    Time   Description
-----------------------------------------------------------------------------
                  0.15    0.00    0.00   clock w_clk (rise edge)
                          0.00    0.00   clock network delay (ideal)
                  0.15    0.00    0.00 ^ _1060_/CLK (sky130_fd_sc_hd__dfrtp_2)
                  0.04    0.43    0.43 v _1060_/Q (sky130_fd_sc_hd__dfrtp_2)
     1    0.00                           w_ptr_b[0] (net)
                  0.04    0.00    0.43 v _0453_/A (sky130_fd_sc_hd__buf_1)
                  0.22    0.25    0.68 v _0453_/X (sky130_fd_sc_hd__buf_1)
    13    0.04                           _0155_ (net)
                  0.22    0.00    0.68 v _0456_/A (sky130_fd_sc_hd__and3_2)
                  0.04    0.26    0.94 v _0456_/X (sky130_fd_sc_hd__and3_2)
     1    0.00                           _0158_ (net)
                  0.04    0.00    0.94 v _0457_/A (sky130_fd_sc_hd__buf_1)
                  0.12    0.17    1.11 v _0457_/X (sky130_fd_sc_hd__buf_1)
     5    0.02                           _0159_ (net)
                  0.12    0.00    1.11 v _0465_/A (sky130_fd_sc_hd__or3_2)
                  0.11    0.56    1.67 v _0465_/X (sky130_fd_sc_hd__or3_2)
     3    0.01                           _0167_ (net)
                  0.11    0.00    1.67 v _0466_/A2 (sky130_fd_sc_hd__a21bo_2)
                  0.03    0.24    1.91 v _0466_/X (sky130_fd_sc_hd__a21bo_2)
     1    0.00                           _0168_ (net)
                  0.03    0.00    1.91 v _0473_/A1 (sky130_fd_sc_hd__a2111o_2)
                  0.08    0.45    2.36 v _0473_/X (sky130_fd_sc_hd__a2111o_2)
     4    0.01                           _0175_ (net)
                  0.08    0.00    2.36 v _0474_/A (sky130_fd_sc_hd__buf_1)
                  0.21    0.26    2.62 v _0474_/X (sky130_fd_sc_hd__buf_1)
    16    0.04                           _0176_ (net)
                  0.21    0.00    2.62 v _0770_/A2 (sky130_fd_sc_hd__o211a_2)
                  0.09    0.39    3.01 v _0770_/X (sky130_fd_sc_hd__o211a_2)
     8    0.02                           _0374_ (net)
                  0.09    0.00    3.01 v _0779_/S (sky130_fd_sc_hd__mux2_2)
                  0.05    0.29    3.30 v _0779_/X (sky130_fd_sc_hd__mux2_2)
     1    0.00                           _0379_ (net)
                  0.05    0.00    3.30 v _0780_/A (sky130_fd_sc_hd__buf_1)
                  0.02    0.09    3.38 v _0780_/X (sky130_fd_sc_hd__buf_1)
     1    0.00                           _0100_ (net)
                  0.02    0.00    3.38 v _1006_/D (sky130_fd_sc_hd__dfxtp_2)
                                  3.38   data arrival time

                  0.15   10.00   10.00   clock w_clk (rise edge)
                          0.00   10.00   clock network delay (ideal)
                         -0.25    9.75   clock uncertainty
                          0.00    9.75   clock reconvergence pessimism
                                  9.75 ^ _1006_/CLK (sky130_fd_sc_hd__dfxtp_2)
                         -0.08    9.67   library setup time
                                  9.67   data required time
-----------------------------------------------------------------------------
                                  9.67   data required time
                                 -3.38   data arrival time
-----------------------------------------------------------------------------
                                  6.29   slack (MET)


Startpoint: _1060_ (rising edge-triggered flip-flop clocked by w_clk)
Endpoint: _1007_ (rising edge-triggered flip-flop clocked by w_clk)
Path Group: w_clk
Path Type: max

Fanout     Cap    Slew   Delay    Time   Description
-----------------------------------------------------------------------------
                  0.15    0.00    0.00   clock w_clk (rise edge)
                          0.00    0.00   clock network delay (ideal)
                  0.15    0.00    0.00 ^ _1060_/CLK (sky130_fd_sc_hd__dfrtp_2)
                  0.04    0.43    0.43 v _1060_/Q (sky130_fd_sc_hd__dfrtp_2)
     1    0.00                           w_ptr_b[0] (net)
                  0.04    0.00    0.43 v _0453_/A (sky130_fd_sc_hd__buf_1)
                  0.22    0.25    0.68 v _0453_/X (sky130_fd_sc_hd__buf_1)
    13    0.04                           _0155_ (net)
                  0.22    0.00    0.68 v _0456_/A (sky130_fd_sc_hd__and3_2)
                  0.04    0.26    0.94 v _0456_/X (sky130_fd_sc_hd__and3_2)
     1    0.00                           _0158_ (net)
                  0.04    0.00    0.94 v _0457_/A (sky130_fd_sc_hd__buf_1)
                  0.12    0.17    1.11 v _0457_/X (sky130_fd_sc_hd__buf_1)
     5    0.02                           _0159_ (net)
                  0.12    0.00    1.11 v _0465_/A (sky130_fd_sc_hd__or3_2)
                  0.11    0.56    1.67 v _0465_/X (sky130_fd_sc_hd__or3_2)
     3    0.01                           _0167_ (net)
                  0.11    0.00    1.67 v _0466_/A2 (sky130_fd_sc_hd__a21bo_2)
                  0.03    0.24    1.91 v _0466_/X (sky130_fd_sc_hd__a21bo_2)
     1    0.00                           _0168_ (net)
                  0.03    0.00    1.91 v _0473_/A1 (sky130_fd_sc_hd__a2111o_2)
                  0.08    0.45    2.36 v _0473_/X (sky130_fd_sc_hd__a2111o_2)
     4    0.01                           _0175_ (net)
                  0.08    0.00    2.36 v _0474_/A (sky130_fd_sc_hd__buf_1)
                  0.21    0.26    2.62 v _0474_/X (sky130_fd_sc_hd__buf_1)
    16    0.04                           _0176_ (net)
                  0.21    0.00    2.62 v _0770_/A2 (sky130_fd_sc_hd__o211a_2)
                  0.09    0.39    3.01 v _0770_/X (sky130_fd_sc_hd__o211a_2)
     8    0.02                           _0374_ (net)
                  0.09    0.00    3.01 v _0781_/S (sky130_fd_sc_hd__mux2_2)
                  0.05    0.29    3.30 v _0781_/X (sky130_fd_sc_hd__mux2_2)
     1    0.00                           _0380_ (net)
                  0.05    0.00    3.30 v _0782_/A (sky130_fd_sc_hd__buf_1)
                  0.02    0.09    3.38 v _0782_/X (sky130_fd_sc_hd__buf_1)
     1    0.00                           _0101_ (net)
                  0.02    0.00    3.38 v _1007_/D (sky130_fd_sc_hd__dfxtp_2)
                                  3.38   data arrival time

                  0.15   10.00   10.00   clock w_clk (rise edge)
                          0.00   10.00   clock network delay (ideal)
                         -0.25    9.75   clock uncertainty
                          0.00    9.75   clock reconvergence pessimism
                                  9.75 ^ _1007_/CLK (sky130_fd_sc_hd__dfxtp_2)
                         -0.08    9.67   library setup time
                                  9.67   data required time
-----------------------------------------------------------------------------
                                  9.67   data required time
                                 -3.38   data arrival time
-----------------------------------------------------------------------------
                                  6.29   slack (MET)


Startpoint: _1060_ (rising edge-triggered flip-flop clocked by w_clk)
Endpoint: _1008_ (rising edge-triggered flip-flop clocked by w_clk)
Path Group: w_clk
Path Type: max

Fanout     Cap    Slew   Delay    Time   Description
-----------------------------------------------------------------------------
                  0.15    0.00    0.00   clock w_clk (rise edge)
                          0.00    0.00   clock network delay (ideal)
                  0.15    0.00    0.00 ^ _1060_/CLK (sky130_fd_sc_hd__dfrtp_2)
                  0.04    0.43    0.43 v _1060_/Q (sky130_fd_sc_hd__dfrtp_2)
     1    0.00                           w_ptr_b[0] (net)
                  0.04    0.00    0.43 v _0453_/A (sky130_fd_sc_hd__buf_1)
                  0.22    0.25    0.68 v _0453_/X (sky130_fd_sc_hd__buf_1)
    13    0.04                           _0155_ (net)
                  0.22    0.00    0.68 v _0456_/A (sky130_fd_sc_hd__and3_2)
                  0.04    0.26    0.94 v _0456_/X (sky130_fd_sc_hd__and3_2)
     1    0.00                           _0158_ (net)
                  0.04    0.00    0.94 v _0457_/A (sky130_fd_sc_hd__buf_1)
                  0.12    0.17    1.11 v _0457_/X (sky130_fd_sc_hd__buf_1)
     5    0.02                           _0159_ (net)
                  0.12    0.00    1.11 v _0465_/A (sky130_fd_sc_hd__or3_2)
                  0.11    0.56    1.67 v _0465_/X (sky130_fd_sc_hd__or3_2)
     3    0.01                           _0167_ (net)
                  0.11    0.00    1.67 v _0466_/A2 (sky130_fd_sc_hd__a21bo_2)
                  0.03    0.24    1.91 v _0466_/X (sky130_fd_sc_hd__a21bo_2)
     1    0.00                           _0168_ (net)
                  0.03    0.00    1.91 v _0473_/A1 (sky130_fd_sc_hd__a2111o_2)
                  0.08    0.45    2.36 v _0473_/X (sky130_fd_sc_hd__a2111o_2)
     4    0.01                           _0175_ (net)
                  0.08    0.00    2.36 v _0474_/A (sky130_fd_sc_hd__buf_1)
                  0.21    0.26    2.62 v _0474_/X (sky130_fd_sc_hd__buf_1)
    16    0.04                           _0176_ (net)
                  0.21    0.00    2.62 v _0770_/A2 (sky130_fd_sc_hd__o211a_2)
                  0.09    0.39    3.01 v _0770_/X (sky130_fd_sc_hd__o211a_2)
     8    0.02                           _0374_ (net)
                  0.09    0.00    3.01 v _0783_/S (sky130_fd_sc_hd__mux2_2)
                  0.05    0.29    3.30 v _0783_/X (sky130_fd_sc_hd__mux2_2)
     1    0.00                           _0381_ (net)
                  0.05    0.00    3.30 v _0784_/A (sky130_fd_sc_hd__buf_1)
                  0.02    0.09    3.38 v _0784_/X (sky130_fd_sc_hd__buf_1)
     1    0.00                           _0102_ (net)
                  0.02    0.00    3.38 v _1008_/D (sky130_fd_sc_hd__dfxtp_2)
                                  3.38   data arrival time

                  0.15   10.00   10.00   clock w_clk (rise edge)
                          0.00   10.00   clock network delay (ideal)
                         -0.25    9.75   clock uncertainty
                          0.00    9.75   clock reconvergence pessimism
                                  9.75 ^ _1008_/CLK (sky130_fd_sc_hd__dfxtp_2)
                         -0.08    9.67   library setup time
                                  9.67   data required time
-----------------------------------------------------------------------------
                                  9.67   data required time
                                 -3.38   data arrival time
-----------------------------------------------------------------------------
                                  6.29   slack (MET)


Startpoint: _1060_ (rising edge-triggered flip-flop clocked by w_clk)
Endpoint: _1009_ (rising edge-triggered flip-flop clocked by w_clk)
Path Group: w_clk
Path Type: max

Fanout     Cap    Slew   Delay    Time   Description
-----------------------------------------------------------------------------
                  0.15    0.00    0.00   clock w_clk (rise edge)
                          0.00    0.00   clock network delay (ideal)
                  0.15    0.00    0.00 ^ _1060_/CLK (sky130_fd_sc_hd__dfrtp_2)
                  0.04    0.43    0.43 v _1060_/Q (sky130_fd_sc_hd__dfrtp_2)
     1    0.00                           w_ptr_b[0] (net)
                  0.04    0.00    0.43 v _0453_/A (sky130_fd_sc_hd__buf_1)
                  0.22    0.25    0.68 v _0453_/X (sky130_fd_sc_hd__buf_1)
    13    0.04                           _0155_ (net)
                  0.22    0.00    0.68 v _0456_/A (sky130_fd_sc_hd__and3_2)
                  0.04    0.26    0.94 v _0456_/X (sky130_fd_sc_hd__and3_2)
     1    0.00                           _0158_ (net)
                  0.04    0.00    0.94 v _0457_/A (sky130_fd_sc_hd__buf_1)
                  0.12    0.17    1.11 v _0457_/X (sky130_fd_sc_hd__buf_1)
     5    0.02                           _0159_ (net)
                  0.12    0.00    1.11 v _0465_/A (sky130_fd_sc_hd__or3_2)
                  0.11    0.56    1.67 v _0465_/X (sky130_fd_sc_hd__or3_2)
     3    0.01                           _0167_ (net)
                  0.11    0.00    1.67 v _0466_/A2 (sky130_fd_sc_hd__a21bo_2)
                  0.03    0.24    1.91 v _0466_/X (sky130_fd_sc_hd__a21bo_2)
     1    0.00                           _0168_ (net)
                  0.03    0.00    1.91 v _0473_/A1 (sky130_fd_sc_hd__a2111o_2)
                  0.08    0.45    2.36 v _0473_/X (sky130_fd_sc_hd__a2111o_2)
     4    0.01                           _0175_ (net)
                  0.08    0.00    2.36 v _0474_/A (sky130_fd_sc_hd__buf_1)
                  0.21    0.26    2.62 v _0474_/X (sky130_fd_sc_hd__buf_1)
    16    0.04                           _0176_ (net)
                  0.21    0.00    2.62 v _0770_/A2 (sky130_fd_sc_hd__o211a_2)
                  0.09    0.39    3.01 v _0770_/X (sky130_fd_sc_hd__o211a_2)
     8    0.02                           _0374_ (net)
                  0.09    0.00    3.01 v _0785_/S (sky130_fd_sc_hd__mux2_2)
                  0.05    0.29    3.30 v _0785_/X (sky130_fd_sc_hd__mux2_2)
     1    0.00                           _0382_ (net)
                  0.05    0.00    3.30 v _0786_/A (sky130_fd_sc_hd__buf_1)
                  0.02    0.09    3.38 v _0786_/X (sky130_fd_sc_hd__buf_1)
     1    0.00                           _0103_ (net)
                  0.02    0.00    3.38 v _1009_/D (sky130_fd_sc_hd__dfxtp_2)
                                  3.38   data arrival time

                  0.15   10.00   10.00   clock w_clk (rise edge)
                          0.00   10.00   clock network delay (ideal)
                         -0.25    9.75   clock uncertainty
                          0.00    9.75   clock reconvergence pessimism
                                  9.75 ^ _1009_/CLK (sky130_fd_sc_hd__dfxtp_2)
                         -0.08    9.67   library setup time
                                  9.67   data required time
-----------------------------------------------------------------------------
                                  9.67   data required time
                                 -3.38   data arrival time
-----------------------------------------------------------------------------
                                  6.29   slack (MET)


Startpoint: _1060_ (rising edge-triggered flip-flop clocked by w_clk)
Endpoint: _1010_ (rising edge-triggered flip-flop clocked by w_clk)
Path Group: w_clk
Path Type: max

Fanout     Cap    Slew   Delay    Time   Description
-----------------------------------------------------------------------------
                  0.15    0.00    0.00   clock w_clk (rise edge)
                          0.00    0.00   clock network delay (ideal)
                  0.15    0.00    0.00 ^ _1060_/CLK (sky130_fd_sc_hd__dfrtp_2)
                  0.04    0.43    0.43 v _1060_/Q (sky130_fd_sc_hd__dfrtp_2)
     1    0.00                           w_ptr_b[0] (net)
                  0.04    0.00    0.43 v _0453_/A (sky130_fd_sc_hd__buf_1)
                  0.22    0.25    0.68 v _0453_/X (sky130_fd_sc_hd__buf_1)
    13    0.04                           _0155_ (net)
                  0.22    0.00    0.68 v _0456_/A (sky130_fd_sc_hd__and3_2)
                  0.04    0.26    0.94 v _0456_/X (sky130_fd_sc_hd__and3_2)
     1    0.00                           _0158_ (net)
                  0.04    0.00    0.94 v _0457_/A (sky130_fd_sc_hd__buf_1)
                  0.12    0.17    1.11 v _0457_/X (sky130_fd_sc_hd__buf_1)
     5    0.02                           _0159_ (net)
                  0.12    0.00    1.11 v _0465_/A (sky130_fd_sc_hd__or3_2)
                  0.11    0.56    1.67 v _0465_/X (sky130_fd_sc_hd__or3_2)
     3    0.01                           _0167_ (net)
                  0.11    0.00    1.67 v _0466_/A2 (sky130_fd_sc_hd__a21bo_2)
                  0.03    0.24    1.91 v _0466_/X (sky130_fd_sc_hd__a21bo_2)
     1    0.00                           _0168_ (net)
                  0.03    0.00    1.91 v _0473_/A1 (sky130_fd_sc_hd__a2111o_2)
                  0.08    0.45    2.36 v _0473_/X (sky130_fd_sc_hd__a2111o_2)
     4    0.01                           _0175_ (net)
                  0.08    0.00    2.36 v _0474_/A (sky130_fd_sc_hd__buf_1)
                  0.21    0.26    2.62 v _0474_/X (sky130_fd_sc_hd__buf_1)
    16    0.04                           _0176_ (net)
                  0.21    0.00    2.62 v _0788_/A2 (sky130_fd_sc_hd__o211a_2)
                  0.09    0.39    3.01 v _0788_/X (sky130_fd_sc_hd__o211a_2)
     8    0.02                           _0384_ (net)
                  0.09    0.00    3.01 v _0789_/S (sky130_fd_sc_hd__mux2_2)
                  0.05    0.29    3.30 v _0789_/X (sky130_fd_sc_hd__mux2_2)
     1    0.00                           _0385_ (net)
                  0.05    0.00    3.30 v _0790_/A (sky130_fd_sc_hd__buf_1)
                  0.02    0.09    3.38 v _0790_/X (sky130_fd_sc_hd__buf_1)
     1    0.00                           _0104_ (net)
                  0.02    0.00    3.38 v _1010_/D (sky130_fd_sc_hd__dfxtp_2)
                                  3.38   data arrival time

                  0.15   10.00   10.00   clock w_clk (rise edge)
                          0.00   10.00   clock network delay (ideal)
                         -0.25    9.75   clock uncertainty
                          0.00    9.75   clock reconvergence pessimism
                                  9.75 ^ _1010_/CLK (sky130_fd_sc_hd__dfxtp_2)
                         -0.08    9.67   library setup time
                                  9.67   data required time
-----------------------------------------------------------------------------
                                  9.67   data required time
                                 -3.38   data arrival time
-----------------------------------------------------------------------------
                                  6.29   slack (MET)


Startpoint: _1060_ (rising edge-triggered flip-flop clocked by w_clk)
Endpoint: _1011_ (rising edge-triggered flip-flop clocked by w_clk)
Path Group: w_clk
Path Type: max

Fanout     Cap    Slew   Delay    Time   Description
-----------------------------------------------------------------------------
                  0.15    0.00    0.00   clock w_clk (rise edge)
                          0.00    0.00   clock network delay (ideal)
                  0.15    0.00    0.00 ^ _1060_/CLK (sky130_fd_sc_hd__dfrtp_2)
                  0.04    0.43    0.43 v _1060_/Q (sky130_fd_sc_hd__dfrtp_2)
     1    0.00                           w_ptr_b[0] (net)
                  0.04    0.00    0.43 v _0453_/A (sky130_fd_sc_hd__buf_1)
                  0.22    0.25    0.68 v _0453_/X (sky130_fd_sc_hd__buf_1)
    13    0.04                           _0155_ (net)
                  0.22    0.00    0.68 v _0456_/A (sky130_fd_sc_hd__and3_2)
                  0.04    0.26    0.94 v _0456_/X (sky130_fd_sc_hd__and3_2)
     1    0.00                           _0158_ (net)
                  0.04    0.00    0.94 v _0457_/A (sky130_fd_sc_hd__buf_1)
                  0.12    0.17    1.11 v _0457_/X (sky130_fd_sc_hd__buf_1)
     5    0.02                           _0159_ (net)
                  0.12    0.00    1.11 v _0465_/A (sky130_fd_sc_hd__or3_2)
                  0.11    0.56    1.67 v _0465_/X (sky130_fd_sc_hd__or3_2)
     3    0.01                           _0167_ (net)
                  0.11    0.00    1.67 v _0466_/A2 (sky130_fd_sc_hd__a21bo_2)
                  0.03    0.24    1.91 v _0466_/X (sky130_fd_sc_hd__a21bo_2)
     1    0.00                           _0168_ (net)
                  0.03    0.00    1.91 v _0473_/A1 (sky130_fd_sc_hd__a2111o_2)
                  0.08    0.45    2.36 v _0473_/X (sky130_fd_sc_hd__a2111o_2)
     4    0.01                           _0175_ (net)
                  0.08    0.00    2.36 v _0474_/A (sky130_fd_sc_hd__buf_1)
                  0.21    0.26    2.62 v _0474_/X (sky130_fd_sc_hd__buf_1)
    16    0.04                           _0176_ (net)
                  0.21    0.00    2.62 v _0788_/A2 (sky130_fd_sc_hd__o211a_2)
                  0.09    0.39    3.01 v _0788_/X (sky130_fd_sc_hd__o211a_2)
     8    0.02                           _0384_ (net)
                  0.09    0.00    3.01 v _0791_/S (sky130_fd_sc_hd__mux2_2)
                  0.05    0.29    3.30 v _0791_/X (sky130_fd_sc_hd__mux2_2)
     1    0.00                           _0386_ (net)
                  0.05    0.00    3.30 v _0792_/A (sky130_fd_sc_hd__buf_1)
                  0.02    0.09    3.38 v _0792_/X (sky130_fd_sc_hd__buf_1)
     1    0.00                           _0105_ (net)
                  0.02    0.00    3.38 v _1011_/D (sky130_fd_sc_hd__dfxtp_2)
                                  3.38   data arrival time

                  0.15   10.00   10.00   clock w_clk (rise edge)
                          0.00   10.00   clock network delay (ideal)
                         -0.25    9.75   clock uncertainty
                          0.00    9.75   clock reconvergence pessimism
                                  9.75 ^ _1011_/CLK (sky130_fd_sc_hd__dfxtp_2)
                         -0.08    9.67   library setup time
                                  9.67   data required time
-----------------------------------------------------------------------------
                                  9.67   data required time
                                 -3.38   data arrival time
-----------------------------------------------------------------------------
                                  6.29   slack (MET)


Startpoint: _1060_ (rising edge-triggered flip-flop clocked by w_clk)
Endpoint: _1012_ (rising edge-triggered flip-flop clocked by w_clk)
Path Group: w_clk
Path Type: max

Fanout     Cap    Slew   Delay    Time   Description
-----------------------------------------------------------------------------
                  0.15    0.00    0.00   clock w_clk (rise edge)
                          0.00    0.00   clock network delay (ideal)
                  0.15    0.00    0.00 ^ _1060_/CLK (sky130_fd_sc_hd__dfrtp_2)
                  0.04    0.43    0.43 v _1060_/Q (sky130_fd_sc_hd__dfrtp_2)
     1    0.00                           w_ptr_b[0] (net)
                  0.04    0.00    0.43 v _0453_/A (sky130_fd_sc_hd__buf_1)
                  0.22    0.25    0.68 v _0453_/X (sky130_fd_sc_hd__buf_1)
    13    0.04                           _0155_ (net)
                  0.22    0.00    0.68 v _0456_/A (sky130_fd_sc_hd__and3_2)
                  0.04    0.26    0.94 v _0456_/X (sky130_fd_sc_hd__and3_2)
     1    0.00                           _0158_ (net)
                  0.04    0.00    0.94 v _0457_/A (sky130_fd_sc_hd__buf_1)
                  0.12    0.17    1.11 v _0457_/X (sky130_fd_sc_hd__buf_1)
     5    0.02                           _0159_ (net)
                  0.12    0.00    1.11 v _0465_/A (sky130_fd_sc_hd__or3_2)
                  0.11    0.56    1.67 v _0465_/X (sky130_fd_sc_hd__or3_2)
     3    0.01                           _0167_ (net)
                  0.11    0.00    1.67 v _0466_/A2 (sky130_fd_sc_hd__a21bo_2)
                  0.03    0.24    1.91 v _0466_/X (sky130_fd_sc_hd__a21bo_2)
     1    0.00                           _0168_ (net)
                  0.03    0.00    1.91 v _0473_/A1 (sky130_fd_sc_hd__a2111o_2)
                  0.08    0.45    2.36 v _0473_/X (sky130_fd_sc_hd__a2111o_2)
     4    0.01                           _0175_ (net)
                  0.08    0.00    2.36 v _0474_/A (sky130_fd_sc_hd__buf_1)
                  0.21    0.26    2.62 v _0474_/X (sky130_fd_sc_hd__buf_1)
    16    0.04                           _0176_ (net)
                  0.21    0.00    2.62 v _0788_/A2 (sky130_fd_sc_hd__o211a_2)
                  0.09    0.39    3.01 v _0788_/X (sky130_fd_sc_hd__o211a_2)
     8    0.02                           _0384_ (net)
                  0.09    0.00    3.01 v _0793_/S (sky130_fd_sc_hd__mux2_2)
                  0.05    0.29    3.30 v _0793_/X (sky130_fd_sc_hd__mux2_2)
     1    0.00                           _0387_ (net)
                  0.05    0.00    3.30 v _0794_/A (sky130_fd_sc_hd__buf_1)
                  0.02    0.09    3.38 v _0794_/X (sky130_fd_sc_hd__buf_1)
     1    0.00                           _0106_ (net)
                  0.02    0.00    3.38 v _1012_/D (sky130_fd_sc_hd__dfxtp_2)
                                  3.38   data arrival time

                  0.15   10.00   10.00   clock w_clk (rise edge)
                          0.00   10.00   clock network delay (ideal)
                         -0.25    9.75   clock uncertainty
                          0.00    9.75   clock reconvergence pessimism
                                  9.75 ^ _1012_/CLK (sky130_fd_sc_hd__dfxtp_2)
                         -0.08    9.67   library setup time
                                  9.67   data required time
-----------------------------------------------------------------------------
                                  9.67   data required time
                                 -3.38   data arrival time
-----------------------------------------------------------------------------
                                  6.29   slack (MET)


Startpoint: _1060_ (rising edge-triggered flip-flop clocked by w_clk)
Endpoint: _1013_ (rising edge-triggered flip-flop clocked by w_clk)
Path Group: w_clk
Path Type: max

Fanout     Cap    Slew   Delay    Time   Description
-----------------------------------------------------------------------------
                  0.15    0.00    0.00   clock w_clk (rise edge)
                          0.00    0.00   clock network delay (ideal)
                  0.15    0.00    0.00 ^ _1060_/CLK (sky130_fd_sc_hd__dfrtp_2)
                  0.04    0.43    0.43 v _1060_/Q (sky130_fd_sc_hd__dfrtp_2)
     1    0.00                           w_ptr_b[0] (net)
                  0.04    0.00    0.43 v _0453_/A (sky130_fd_sc_hd__buf_1)
                  0.22    0.25    0.68 v _0453_/X (sky130_fd_sc_hd__buf_1)
    13    0.04                           _0155_ (net)
                  0.22    0.00    0.68 v _0456_/A (sky130_fd_sc_hd__and3_2)
                  0.04    0.26    0.94 v _0456_/X (sky130_fd_sc_hd__and3_2)
     1    0.00                           _0158_ (net)
                  0.04    0.00    0.94 v _0457_/A (sky130_fd_sc_hd__buf_1)
                  0.12    0.17    1.11 v _0457_/X (sky130_fd_sc_hd__buf_1)
     5    0.02                           _0159_ (net)
                  0.12    0.00    1.11 v _0465_/A (sky130_fd_sc_hd__or3_2)
                  0.11    0.56    1.67 v _0465_/X (sky130_fd_sc_hd__or3_2)
     3    0.01                           _0167_ (net)
                  0.11    0.00    1.67 v _0466_/A2 (sky130_fd_sc_hd__a21bo_2)
                  0.03    0.24    1.91 v _0466_/X (sky130_fd_sc_hd__a21bo_2)
     1    0.00                           _0168_ (net)
                  0.03    0.00    1.91 v _0473_/A1 (sky130_fd_sc_hd__a2111o_2)
                  0.08    0.45    2.36 v _0473_/X (sky130_fd_sc_hd__a2111o_2)
     4    0.01                           _0175_ (net)
                  0.08    0.00    2.36 v _0474_/A (sky130_fd_sc_hd__buf_1)
                  0.21    0.26    2.62 v _0474_/X (sky130_fd_sc_hd__buf_1)
    16    0.04                           _0176_ (net)
                  0.21    0.00    2.62 v _0788_/A2 (sky130_fd_sc_hd__o211a_2)
                  0.09    0.39    3.01 v _0788_/X (sky130_fd_sc_hd__o211a_2)
     8    0.02                           _0384_ (net)
                  0.09    0.00    3.01 v _0795_/S (sky130_fd_sc_hd__mux2_2)
                  0.05    0.29    3.30 v _0795_/X (sky130_fd_sc_hd__mux2_2)
     1    0.00                           _0388_ (net)
                  0.05    0.00    3.30 v _0796_/A (sky130_fd_sc_hd__buf_1)
                  0.02    0.09    3.38 v _0796_/X (sky130_fd_sc_hd__buf_1)
     1    0.00                           _0107_ (net)
                  0.02    0.00    3.38 v _1013_/D (sky130_fd_sc_hd__dfxtp_2)
                                  3.38   data arrival time

                  0.15   10.00   10.00   clock w_clk (rise edge)
                          0.00   10.00   clock network delay (ideal)
                         -0.25    9.75   clock uncertainty
                          0.00    9.75   clock reconvergence pessimism
                                  9.75 ^ _1013_/CLK (sky130_fd_sc_hd__dfxtp_2)
                         -0.08    9.67   library setup time
                                  9.67   data required time
-----------------------------------------------------------------------------
                                  9.67   data required time
                                 -3.38   data arrival time
-----------------------------------------------------------------------------
                                  6.29   slack (MET)


Startpoint: _1060_ (rising edge-triggered flip-flop clocked by w_clk)
Endpoint: _1014_ (rising edge-triggered flip-flop clocked by w_clk)
Path Group: w_clk
Path Type: max

Fanout     Cap    Slew   Delay    Time   Description
-----------------------------------------------------------------------------
                  0.15    0.00    0.00   clock w_clk (rise edge)
                          0.00    0.00   clock network delay (ideal)
                  0.15    0.00    0.00 ^ _1060_/CLK (sky130_fd_sc_hd__dfrtp_2)
                  0.04    0.43    0.43 v _1060_/Q (sky130_fd_sc_hd__dfrtp_2)
     1    0.00                           w_ptr_b[0] (net)
                  0.04    0.00    0.43 v _0453_/A (sky130_fd_sc_hd__buf_1)
                  0.22    0.25    0.68 v _0453_/X (sky130_fd_sc_hd__buf_1)
    13    0.04                           _0155_ (net)
                  0.22    0.00    0.68 v _0456_/A (sky130_fd_sc_hd__and3_2)
                  0.04    0.26    0.94 v _0456_/X (sky130_fd_sc_hd__and3_2)
     1    0.00                           _0158_ (net)
                  0.04    0.00    0.94 v _0457_/A (sky130_fd_sc_hd__buf_1)
                  0.12    0.17    1.11 v _0457_/X (sky130_fd_sc_hd__buf_1)
     5    0.02                           _0159_ (net)
                  0.12    0.00    1.11 v _0465_/A (sky130_fd_sc_hd__or3_2)
                  0.11    0.56    1.67 v _0465_/X (sky130_fd_sc_hd__or3_2)
     3    0.01                           _0167_ (net)
                  0.11    0.00    1.67 v _0466_/A2 (sky130_fd_sc_hd__a21bo_2)
                  0.03    0.24    1.91 v _0466_/X (sky130_fd_sc_hd__a21bo_2)
     1    0.00                           _0168_ (net)
                  0.03    0.00    1.91 v _0473_/A1 (sky130_fd_sc_hd__a2111o_2)
                  0.08    0.45    2.36 v _0473_/X (sky130_fd_sc_hd__a2111o_2)
     4    0.01                           _0175_ (net)
                  0.08    0.00    2.36 v _0474_/A (sky130_fd_sc_hd__buf_1)
                  0.21    0.26    2.62 v _0474_/X (sky130_fd_sc_hd__buf_1)
    16    0.04                           _0176_ (net)
                  0.21    0.00    2.62 v _0788_/A2 (sky130_fd_sc_hd__o211a_2)
                  0.09    0.39    3.01 v _0788_/X (sky130_fd_sc_hd__o211a_2)
     8    0.02                           _0384_ (net)
                  0.09    0.00    3.01 v _0797_/S (sky130_fd_sc_hd__mux2_2)
                  0.05    0.29    3.30 v _0797_/X (sky130_fd_sc_hd__mux2_2)
     1    0.00                           _0389_ (net)
                  0.05    0.00    3.30 v _0798_/A (sky130_fd_sc_hd__buf_1)
                  0.02    0.09    3.38 v _0798_/X (sky130_fd_sc_hd__buf_1)
     1    0.00                           _0108_ (net)
                  0.02    0.00    3.38 v _1014_/D (sky130_fd_sc_hd__dfxtp_2)
                                  3.38   data arrival time

                  0.15   10.00   10.00   clock w_clk (rise edge)
                          0.00   10.00   clock network delay (ideal)
                         -0.25    9.75   clock uncertainty
                          0.00    9.75   clock reconvergence pessimism
                                  9.75 ^ _1014_/CLK (sky130_fd_sc_hd__dfxtp_2)
                         -0.08    9.67   library setup time
                                  9.67   data required time
-----------------------------------------------------------------------------
                                  9.67   data required time
                                 -3.38   data arrival time
-----------------------------------------------------------------------------
                                  6.29   slack (MET)


Startpoint: _1060_ (rising edge-triggered flip-flop clocked by w_clk)
Endpoint: _1015_ (rising edge-triggered flip-flop clocked by w_clk)
Path Group: w_clk
Path Type: max

Fanout     Cap    Slew   Delay    Time   Description
-----------------------------------------------------------------------------
                  0.15    0.00    0.00   clock w_clk (rise edge)
                          0.00    0.00   clock network delay (ideal)
                  0.15    0.00    0.00 ^ _1060_/CLK (sky130_fd_sc_hd__dfrtp_2)
                  0.04    0.43    0.43 v _1060_/Q (sky130_fd_sc_hd__dfrtp_2)
     1    0.00                           w_ptr_b[0] (net)
                  0.04    0.00    0.43 v _0453_/A (sky130_fd_sc_hd__buf_1)
                  0.22    0.25    0.68 v _0453_/X (sky130_fd_sc_hd__buf_1)
    13    0.04                           _0155_ (net)
                  0.22    0.00    0.68 v _0456_/A (sky130_fd_sc_hd__and3_2)
                  0.04    0.26    0.94 v _0456_/X (sky130_fd_sc_hd__and3_2)
     1    0.00                           _0158_ (net)
                  0.04    0.00    0.94 v _0457_/A (sky130_fd_sc_hd__buf_1)
                  0.12    0.17    1.11 v _0457_/X (sky130_fd_sc_hd__buf_1)
     5    0.02                           _0159_ (net)
                  0.12    0.00    1.11 v _0465_/A (sky130_fd_sc_hd__or3_2)
                  0.11    0.56    1.67 v _0465_/X (sky130_fd_sc_hd__or3_2)
     3    0.01                           _0167_ (net)
                  0.11    0.00    1.67 v _0466_/A2 (sky130_fd_sc_hd__a21bo_2)
                  0.03    0.24    1.91 v _0466_/X (sky130_fd_sc_hd__a21bo_2)
     1    0.00                           _0168_ (net)
                  0.03    0.00    1.91 v _0473_/A1 (sky130_fd_sc_hd__a2111o_2)
                  0.08    0.45    2.36 v _0473_/X (sky130_fd_sc_hd__a2111o_2)
     4    0.01                           _0175_ (net)
                  0.08    0.00    2.36 v _0474_/A (sky130_fd_sc_hd__buf_1)
                  0.21    0.26    2.62 v _0474_/X (sky130_fd_sc_hd__buf_1)
    16    0.04                           _0176_ (net)
                  0.21    0.00    2.62 v _0788_/A2 (sky130_fd_sc_hd__o211a_2)
                  0.09    0.39    3.01 v _0788_/X (sky130_fd_sc_hd__o211a_2)
     8    0.02                           _0384_ (net)
                  0.09    0.00    3.01 v _0799_/S (sky130_fd_sc_hd__mux2_2)
                  0.05    0.29    3.30 v _0799_/X (sky130_fd_sc_hd__mux2_2)
     1    0.00                           _0390_ (net)
                  0.05    0.00    3.30 v _0800_/A (sky130_fd_sc_hd__buf_1)
                  0.02    0.09    3.38 v _0800_/X (sky130_fd_sc_hd__buf_1)
     1    0.00                           _0109_ (net)
                  0.02    0.00    3.38 v _1015_/D (sky130_fd_sc_hd__dfxtp_2)
                                  3.38   data arrival time

                  0.15   10.00   10.00   clock w_clk (rise edge)
                          0.00   10.00   clock network delay (ideal)
                         -0.25    9.75   clock uncertainty
                          0.00    9.75   clock reconvergence pessimism
                                  9.75 ^ _1015_/CLK (sky130_fd_sc_hd__dfxtp_2)
                         -0.08    9.67   library setup time
                                  9.67   data required time
-----------------------------------------------------------------------------
                                  9.67   data required time
                                 -3.38   data arrival time
-----------------------------------------------------------------------------
                                  6.29   slack (MET)


Startpoint: _1060_ (rising edge-triggered flip-flop clocked by w_clk)
Endpoint: _1016_ (rising edge-triggered flip-flop clocked by w_clk)
Path Group: w_clk
Path Type: max

Fanout     Cap    Slew   Delay    Time   Description
-----------------------------------------------------------------------------
                  0.15    0.00    0.00   clock w_clk (rise edge)
                          0.00    0.00   clock network delay (ideal)
                  0.15    0.00    0.00 ^ _1060_/CLK (sky130_fd_sc_hd__dfrtp_2)
                  0.04    0.43    0.43 v _1060_/Q (sky130_fd_sc_hd__dfrtp_2)
     1    0.00                           w_ptr_b[0] (net)
                  0.04    0.00    0.43 v _0453_/A (sky130_fd_sc_hd__buf_1)
                  0.22    0.25    0.68 v _0453_/X (sky130_fd_sc_hd__buf_1)
    13    0.04                           _0155_ (net)
                  0.22    0.00    0.68 v _0456_/A (sky130_fd_sc_hd__and3_2)
                  0.04    0.26    0.94 v _0456_/X (sky130_fd_sc_hd__and3_2)
     1    0.00                           _0158_ (net)
                  0.04    0.00    0.94 v _0457_/A (sky130_fd_sc_hd__buf_1)
                  0.12    0.17    1.11 v _0457_/X (sky130_fd_sc_hd__buf_1)
     5    0.02                           _0159_ (net)
                  0.12    0.00    1.11 v _0465_/A (sky130_fd_sc_hd__or3_2)
                  0.11    0.56    1.67 v _0465_/X (sky130_fd_sc_hd__or3_2)
     3    0.01                           _0167_ (net)
                  0.11    0.00    1.67 v _0466_/A2 (sky130_fd_sc_hd__a21bo_2)
                  0.03    0.24    1.91 v _0466_/X (sky130_fd_sc_hd__a21bo_2)
     1    0.00                           _0168_ (net)
                  0.03    0.00    1.91 v _0473_/A1 (sky130_fd_sc_hd__a2111o_2)
                  0.08    0.45    2.36 v _0473_/X (sky130_fd_sc_hd__a2111o_2)
     4    0.01                           _0175_ (net)
                  0.08    0.00    2.36 v _0474_/A (sky130_fd_sc_hd__buf_1)
                  0.21    0.26    2.62 v _0474_/X (sky130_fd_sc_hd__buf_1)
    16    0.04                           _0176_ (net)
                  0.21    0.00    2.62 v _0788_/A2 (sky130_fd_sc_hd__o211a_2)
                  0.09    0.39    3.01 v _0788_/X (sky130_fd_sc_hd__o211a_2)
     8    0.02                           _0384_ (net)
                  0.09    0.00    3.01 v _0801_/S (sky130_fd_sc_hd__mux2_2)
                  0.05    0.29    3.30 v _0801_/X (sky130_fd_sc_hd__mux2_2)
     1    0.00                           _0391_ (net)
                  0.05    0.00    3.30 v _0802_/A (sky130_fd_sc_hd__buf_1)
                  0.02    0.09    3.38 v _0802_/X (sky130_fd_sc_hd__buf_1)
     1    0.00                           _0110_ (net)
                  0.02    0.00    3.38 v _1016_/D (sky130_fd_sc_hd__dfxtp_2)
                                  3.38   data arrival time

                  0.15   10.00   10.00   clock w_clk (rise edge)
                          0.00   10.00   clock network delay (ideal)
                         -0.25    9.75   clock uncertainty
                          0.00    9.75   clock reconvergence pessimism
                                  9.75 ^ _1016_/CLK (sky130_fd_sc_hd__dfxtp_2)
                         -0.08    9.67   library setup time
                                  9.67   data required time
-----------------------------------------------------------------------------
                                  9.67   data required time
                                 -3.38   data arrival time
-----------------------------------------------------------------------------
                                  6.29   slack (MET)


Startpoint: _1060_ (rising edge-triggered flip-flop clocked by w_clk)
Endpoint: _1017_ (rising edge-triggered flip-flop clocked by w_clk)
Path Group: w_clk
Path Type: max

Fanout     Cap    Slew   Delay    Time   Description
-----------------------------------------------------------------------------
                  0.15    0.00    0.00   clock w_clk (rise edge)
                          0.00    0.00   clock network delay (ideal)
                  0.15    0.00    0.00 ^ _1060_/CLK (sky130_fd_sc_hd__dfrtp_2)
                  0.04    0.43    0.43 v _1060_/Q (sky130_fd_sc_hd__dfrtp_2)
     1    0.00                           w_ptr_b[0] (net)
                  0.04    0.00    0.43 v _0453_/A (sky130_fd_sc_hd__buf_1)
                  0.22    0.25    0.68 v _0453_/X (sky130_fd_sc_hd__buf_1)
    13    0.04                           _0155_ (net)
                  0.22    0.00    0.68 v _0456_/A (sky130_fd_sc_hd__and3_2)
                  0.04    0.26    0.94 v _0456_/X (sky130_fd_sc_hd__and3_2)
     1    0.00                           _0158_ (net)
                  0.04    0.00    0.94 v _0457_/A (sky130_fd_sc_hd__buf_1)
                  0.12    0.17    1.11 v _0457_/X (sky130_fd_sc_hd__buf_1)
     5    0.02                           _0159_ (net)
                  0.12    0.00    1.11 v _0465_/A (sky130_fd_sc_hd__or3_2)
                  0.11    0.56    1.67 v _0465_/X (sky130_fd_sc_hd__or3_2)
     3    0.01                           _0167_ (net)
                  0.11    0.00    1.67 v _0466_/A2 (sky130_fd_sc_hd__a21bo_2)
                  0.03    0.24    1.91 v _0466_/X (sky130_fd_sc_hd__a21bo_2)
     1    0.00                           _0168_ (net)
                  0.03    0.00    1.91 v _0473_/A1 (sky130_fd_sc_hd__a2111o_2)
                  0.08    0.45    2.36 v _0473_/X (sky130_fd_sc_hd__a2111o_2)
     4    0.01                           _0175_ (net)
                  0.08    0.00    2.36 v _0474_/A (sky130_fd_sc_hd__buf_1)
                  0.21    0.26    2.62 v _0474_/X (sky130_fd_sc_hd__buf_1)
    16    0.04                           _0176_ (net)
                  0.21    0.00    2.62 v _0788_/A2 (sky130_fd_sc_hd__o211a_2)
                  0.09    0.39    3.01 v _0788_/X (sky130_fd_sc_hd__o211a_2)
     8    0.02                           _0384_ (net)
                  0.09    0.00    3.01 v _0803_/S (sky130_fd_sc_hd__mux2_2)
                  0.05    0.29    3.30 v _0803_/X (sky130_fd_sc_hd__mux2_2)
     1    0.00                           _0392_ (net)
                  0.05    0.00    3.30 v _0804_/A (sky130_fd_sc_hd__buf_1)
                  0.02    0.09    3.38 v _0804_/X (sky130_fd_sc_hd__buf_1)
     1    0.00                           _0111_ (net)
                  0.02    0.00    3.38 v _1017_/D (sky130_fd_sc_hd__dfxtp_2)
                                  3.38   data arrival time

                  0.15   10.00   10.00   clock w_clk (rise edge)
                          0.00   10.00   clock network delay (ideal)
                         -0.25    9.75   clock uncertainty
                          0.00    9.75   clock reconvergence pessimism
                                  9.75 ^ _1017_/CLK (sky130_fd_sc_hd__dfxtp_2)
                         -0.08    9.67   library setup time
                                  9.67   data required time
-----------------------------------------------------------------------------
                                  9.67   data required time
                                 -3.38   data arrival time
-----------------------------------------------------------------------------
                                  6.29   slack (MET)


Startpoint: _1060_ (rising edge-triggered flip-flop clocked by w_clk)
Endpoint: _1023_ (rising edge-triggered flip-flop clocked by w_clk)
Path Group: w_clk
Path Type: max

Fanout     Cap    Slew   Delay    Time   Description
-----------------------------------------------------------------------------
                  0.15    0.00    0.00   clock w_clk (rise edge)
                          0.00    0.00   clock network delay (ideal)
                  0.15    0.00    0.00 ^ _1060_/CLK (sky130_fd_sc_hd__dfrtp_2)
                  0.04    0.43    0.43 v _1060_/Q (sky130_fd_sc_hd__dfrtp_2)
     1    0.00                           w_ptr_b[0] (net)
                  0.04    0.00    0.43 v _0453_/A (sky130_fd_sc_hd__buf_1)
                  0.22    0.25    0.68 v _0453_/X (sky130_fd_sc_hd__buf_1)
    13    0.04                           _0155_ (net)
                  0.22    0.00    0.68 v _0456_/A (sky130_fd_sc_hd__and3_2)
                  0.04    0.26    0.94 v _0456_/X (sky130_fd_sc_hd__and3_2)
     1    0.00                           _0158_ (net)
                  0.04    0.00    0.94 v _0457_/A (sky130_fd_sc_hd__buf_1)
                  0.12    0.17    1.11 v _0457_/X (sky130_fd_sc_hd__buf_1)
     5    0.02                           _0159_ (net)
                  0.12    0.00    1.11 v _0465_/A (sky130_fd_sc_hd__or3_2)
                  0.11    0.56    1.67 v _0465_/X (sky130_fd_sc_hd__or3_2)
     3    0.01                           _0167_ (net)
                  0.11    0.00    1.67 v _0466_/A2 (sky130_fd_sc_hd__a21bo_2)
                  0.03    0.24    1.91 v _0466_/X (sky130_fd_sc_hd__a21bo_2)
     1    0.00                           _0168_ (net)
                  0.03    0.00    1.91 v _0473_/A1 (sky130_fd_sc_hd__a2111o_2)
                  0.08    0.45    2.36 v _0473_/X (sky130_fd_sc_hd__a2111o_2)
     4    0.01                           _0175_ (net)
                  0.08    0.00    2.36 v _0474_/A (sky130_fd_sc_hd__buf_1)
                  0.21    0.26    2.62 v _0474_/X (sky130_fd_sc_hd__buf_1)
    16    0.04                           _0176_ (net)
                  0.21    0.00    2.62 v _0818_/A2 (sky130_fd_sc_hd__o211a_2)
                  0.09    0.39    3.01 v _0818_/X (sky130_fd_sc_hd__o211a_2)
     8    0.02                           _0401_ (net)
                  0.09    0.00    3.01 v _0819_/S (sky130_fd_sc_hd__mux2_2)
                  0.05    0.29    3.30 v _0819_/X (sky130_fd_sc_hd__mux2_2)
     1    0.00                           _0402_ (net)
                  0.05    0.00    3.30 v _0820_/A (sky130_fd_sc_hd__buf_1)
                  0.02    0.09    3.38 v _0820_/X (sky130_fd_sc_hd__buf_1)
     1    0.00                           _0117_ (net)
                  0.02    0.00    3.38 v _1023_/D (sky130_fd_sc_hd__dfxtp_2)
                                  3.38   data arrival time

                  0.15   10.00   10.00   clock w_clk (rise edge)
                          0.00   10.00   clock network delay (ideal)
                         -0.25    9.75   clock uncertainty
                          0.00    9.75   clock reconvergence pessimism
                                  9.75 ^ _1023_/CLK (sky130_fd_sc_hd__dfxtp_2)
                         -0.08    9.67   library setup time
                                  9.67   data required time
-----------------------------------------------------------------------------
                                  9.67   data required time
                                 -3.38   data arrival time
-----------------------------------------------------------------------------
                                  6.29   slack (MET)


Startpoint: _1060_ (rising edge-triggered flip-flop clocked by w_clk)
Endpoint: _1024_ (rising edge-triggered flip-flop clocked by w_clk)
Path Group: w_clk
Path Type: max

Fanout     Cap    Slew   Delay    Time   Description
-----------------------------------------------------------------------------
                  0.15    0.00    0.00   clock w_clk (rise edge)
                          0.00    0.00   clock network delay (ideal)
                  0.15    0.00    0.00 ^ _1060_/CLK (sky130_fd_sc_hd__dfrtp_2)
                  0.04    0.43    0.43 v _1060_/Q (sky130_fd_sc_hd__dfrtp_2)
     1    0.00                           w_ptr_b[0] (net)
                  0.04    0.00    0.43 v _0453_/A (sky130_fd_sc_hd__buf_1)
                  0.22    0.25    0.68 v _0453_/X (sky130_fd_sc_hd__buf_1)
    13    0.04                           _0155_ (net)
                  0.22    0.00    0.68 v _0456_/A (sky130_fd_sc_hd__and3_2)
                  0.04    0.26    0.94 v _0456_/X (sky130_fd_sc_hd__and3_2)
     1    0.00                           _0158_ (net)
                  0.04    0.00    0.94 v _0457_/A (sky130_fd_sc_hd__buf_1)
                  0.12    0.17    1.11 v _0457_/X (sky130_fd_sc_hd__buf_1)
     5    0.02                           _0159_ (net)
                  0.12    0.00    1.11 v _0465_/A (sky130_fd_sc_hd__or3_2)
                  0.11    0.56    1.67 v _0465_/X (sky130_fd_sc_hd__or3_2)
     3    0.01                           _0167_ (net)
                  0.11    0.00    1.67 v _0466_/A2 (sky130_fd_sc_hd__a21bo_2)
                  0.03    0.24    1.91 v _0466_/X (sky130_fd_sc_hd__a21bo_2)
     1    0.00                           _0168_ (net)
                  0.03    0.00    1.91 v _0473_/A1 (sky130_fd_sc_hd__a2111o_2)
                  0.08    0.45    2.36 v _0473_/X (sky130_fd_sc_hd__a2111o_2)
     4    0.01                           _0175_ (net)
                  0.08    0.00    2.36 v _0474_/A (sky130_fd_sc_hd__buf_1)
                  0.21    0.26    2.62 v _0474_/X (sky130_fd_sc_hd__buf_1)
    16    0.04                           _0176_ (net)
                  0.21    0.00    2.62 v _0818_/A2 (sky130_fd_sc_hd__o211a_2)
                  0.09    0.39    3.01 v _0818_/X (sky130_fd_sc_hd__o211a_2)
     8    0.02                           _0401_ (net)
                  0.09    0.00    3.01 v _0821_/S (sky130_fd_sc_hd__mux2_2)
                  0.05    0.29    3.30 v _0821_/X (sky130_fd_sc_hd__mux2_2)
     1    0.00                           _0403_ (net)
                  0.05    0.00    3.30 v _0822_/A (sky130_fd_sc_hd__buf_1)
                  0.02    0.09    3.38 v _0822_/X (sky130_fd_sc_hd__buf_1)
     1    0.00                           _0118_ (net)
                  0.02    0.00    3.38 v _1024_/D (sky130_fd_sc_hd__dfxtp_2)
                                  3.38   data arrival time

                  0.15   10.00   10.00   clock w_clk (rise edge)
                          0.00   10.00   clock network delay (ideal)
                         -0.25    9.75   clock uncertainty
                          0.00    9.75   clock reconvergence pessimism
                                  9.75 ^ _1024_/CLK (sky130_fd_sc_hd__dfxtp_2)
                         -0.08    9.67   library setup time
                                  9.67   data required time
-----------------------------------------------------------------------------
                                  9.67   data required time
                                 -3.38   data arrival time
-----------------------------------------------------------------------------
                                  6.29   slack (MET)


Startpoint: _1060_ (rising edge-triggered flip-flop clocked by w_clk)
Endpoint: _1025_ (rising edge-triggered flip-flop clocked by w_clk)
Path Group: w_clk
Path Type: max

Fanout     Cap    Slew   Delay    Time   Description
-----------------------------------------------------------------------------
                  0.15    0.00    0.00   clock w_clk (rise edge)
                          0.00    0.00   clock network delay (ideal)
                  0.15    0.00    0.00 ^ _1060_/CLK (sky130_fd_sc_hd__dfrtp_2)
                  0.04    0.43    0.43 v _1060_/Q (sky130_fd_sc_hd__dfrtp_2)
     1    0.00                           w_ptr_b[0] (net)
                  0.04    0.00    0.43 v _0453_/A (sky130_fd_sc_hd__buf_1)
                  0.22    0.25    0.68 v _0453_/X (sky130_fd_sc_hd__buf_1)
    13    0.04                           _0155_ (net)
                  0.22    0.00    0.68 v _0456_/A (sky130_fd_sc_hd__and3_2)
                  0.04    0.26    0.94 v _0456_/X (sky130_fd_sc_hd__and3_2)
     1    0.00                           _0158_ (net)
                  0.04    0.00    0.94 v _0457_/A (sky130_fd_sc_hd__buf_1)
                  0.12    0.17    1.11 v _0457_/X (sky130_fd_sc_hd__buf_1)
     5    0.02                           _0159_ (net)
                  0.12    0.00    1.11 v _0465_/A (sky130_fd_sc_hd__or3_2)
                  0.11    0.56    1.67 v _0465_/X (sky130_fd_sc_hd__or3_2)
     3    0.01                           _0167_ (net)
                  0.11    0.00    1.67 v _0466_/A2 (sky130_fd_sc_hd__a21bo_2)
                  0.03    0.24    1.91 v _0466_/X (sky130_fd_sc_hd__a21bo_2)
     1    0.00                           _0168_ (net)
                  0.03    0.00    1.91 v _0473_/A1 (sky130_fd_sc_hd__a2111o_2)
                  0.08    0.45    2.36 v _0473_/X (sky130_fd_sc_hd__a2111o_2)
     4    0.01                           _0175_ (net)
                  0.08    0.00    2.36 v _0474_/A (sky130_fd_sc_hd__buf_1)
                  0.21    0.26    2.62 v _0474_/X (sky130_fd_sc_hd__buf_1)
    16    0.04                           _0176_ (net)
                  0.21    0.00    2.62 v _0818_/A2 (sky130_fd_sc_hd__o211a_2)
                  0.09    0.39    3.01 v _0818_/X (sky130_fd_sc_hd__o211a_2)
     8    0.02                           _0401_ (net)
                  0.09    0.00    3.01 v _0823_/S (sky130_fd_sc_hd__mux2_2)
                  0.05    0.29    3.30 v _0823_/X (sky130_fd_sc_hd__mux2_2)
     1    0.00                           _0404_ (net)
                  0.05    0.00    3.30 v _0824_/A (sky130_fd_sc_hd__buf_1)
                  0.02    0.09    3.38 v _0824_/X (sky130_fd_sc_hd__buf_1)
     1    0.00                           _0119_ (net)
                  0.02    0.00    3.38 v _1025_/D (sky130_fd_sc_hd__dfxtp_2)
                                  3.38   data arrival time

                  0.15   10.00   10.00   clock w_clk (rise edge)
                          0.00   10.00   clock network delay (ideal)
                         -0.25    9.75   clock uncertainty
                          0.00    9.75   clock reconvergence pessimism
                                  9.75 ^ _1025_/CLK (sky130_fd_sc_hd__dfxtp_2)
                         -0.08    9.67   library setup time
                                  9.67   data required time
-----------------------------------------------------------------------------
                                  9.67   data required time
                                 -3.38   data arrival time
-----------------------------------------------------------------------------
                                  6.29   slack (MET)


Startpoint: _1060_ (rising edge-triggered flip-flop clocked by w_clk)
Endpoint: _1026_ (rising edge-triggered flip-flop clocked by w_clk)
Path Group: w_clk
Path Type: max

Fanout     Cap    Slew   Delay    Time   Description
-----------------------------------------------------------------------------
                  0.15    0.00    0.00   clock w_clk (rise edge)
                          0.00    0.00   clock network delay (ideal)
                  0.15    0.00    0.00 ^ _1060_/CLK (sky130_fd_sc_hd__dfrtp_2)
                  0.04    0.43    0.43 v _1060_/Q (sky130_fd_sc_hd__dfrtp_2)
     1    0.00                           w_ptr_b[0] (net)
                  0.04    0.00    0.43 v _0453_/A (sky130_fd_sc_hd__buf_1)
                  0.22    0.25    0.68 v _0453_/X (sky130_fd_sc_hd__buf_1)
    13    0.04                           _0155_ (net)
                  0.22    0.00    0.68 v _0456_/A (sky130_fd_sc_hd__and3_2)
                  0.04    0.26    0.94 v _0456_/X (sky130_fd_sc_hd__and3_2)
     1    0.00                           _0158_ (net)
                  0.04    0.00    0.94 v _0457_/A (sky130_fd_sc_hd__buf_1)
                  0.12    0.17    1.11 v _0457_/X (sky130_fd_sc_hd__buf_1)
     5    0.02                           _0159_ (net)
                  0.12    0.00    1.11 v _0465_/A (sky130_fd_sc_hd__or3_2)
                  0.11    0.56    1.67 v _0465_/X (sky130_fd_sc_hd__or3_2)
     3    0.01                           _0167_ (net)
                  0.11    0.00    1.67 v _0466_/A2 (sky130_fd_sc_hd__a21bo_2)
                  0.03    0.24    1.91 v _0466_/X (sky130_fd_sc_hd__a21bo_2)
     1    0.00                           _0168_ (net)
                  0.03    0.00    1.91 v _0473_/A1 (sky130_fd_sc_hd__a2111o_2)
                  0.08    0.45    2.36 v _0473_/X (sky130_fd_sc_hd__a2111o_2)
     4    0.01                           _0175_ (net)
                  0.08    0.00    2.36 v _0474_/A (sky130_fd_sc_hd__buf_1)
                  0.21    0.26    2.62 v _0474_/X (sky130_fd_sc_hd__buf_1)
    16    0.04                           _0176_ (net)
                  0.21    0.00    2.62 v _0818_/A2 (sky130_fd_sc_hd__o211a_2)
                  0.09    0.39    3.01 v _0818_/X (sky130_fd_sc_hd__o211a_2)
     8    0.02                           _0401_ (net)
                  0.09    0.00    3.01 v _0825_/S (sky130_fd_sc_hd__mux2_2)
                  0.05    0.29    3.30 v _0825_/X (sky130_fd_sc_hd__mux2_2)
     1    0.00                           _0405_ (net)
                  0.05    0.00    3.30 v _0826_/A (sky130_fd_sc_hd__buf_1)
                  0.02    0.09    3.38 v _0826_/X (sky130_fd_sc_hd__buf_1)
     1    0.00                           _0120_ (net)
                  0.02    0.00    3.38 v _1026_/D (sky130_fd_sc_hd__dfxtp_2)
                                  3.38   data arrival time

                  0.15   10.00   10.00   clock w_clk (rise edge)
                          0.00   10.00   clock network delay (ideal)
                         -0.25    9.75   clock uncertainty
                          0.00    9.75   clock reconvergence pessimism
                                  9.75 ^ _1026_/CLK (sky130_fd_sc_hd__dfxtp_2)
                         -0.08    9.67   library setup time
                                  9.67   data required time
-----------------------------------------------------------------------------
                                  9.67   data required time
                                 -3.38   data arrival time
-----------------------------------------------------------------------------
                                  6.29   slack (MET)


Startpoint: _1060_ (rising edge-triggered flip-flop clocked by w_clk)
Endpoint: _1027_ (rising edge-triggered flip-flop clocked by w_clk)
Path Group: w_clk
Path Type: max

Fanout     Cap    Slew   Delay    Time   Description
-----------------------------------------------------------------------------
                  0.15    0.00    0.00   clock w_clk (rise edge)
                          0.00    0.00   clock network delay (ideal)
                  0.15    0.00    0.00 ^ _1060_/CLK (sky130_fd_sc_hd__dfrtp_2)
                  0.04    0.43    0.43 v _1060_/Q (sky130_fd_sc_hd__dfrtp_2)
     1    0.00                           w_ptr_b[0] (net)
                  0.04    0.00    0.43 v _0453_/A (sky130_fd_sc_hd__buf_1)
                  0.22    0.25    0.68 v _0453_/X (sky130_fd_sc_hd__buf_1)
    13    0.04                           _0155_ (net)
                  0.22    0.00    0.68 v _0456_/A (sky130_fd_sc_hd__and3_2)
                  0.04    0.26    0.94 v _0456_/X (sky130_fd_sc_hd__and3_2)
     1    0.00                           _0158_ (net)
                  0.04    0.00    0.94 v _0457_/A (sky130_fd_sc_hd__buf_1)
                  0.12    0.17    1.11 v _0457_/X (sky130_fd_sc_hd__buf_1)
     5    0.02                           _0159_ (net)
                  0.12    0.00    1.11 v _0465_/A (sky130_fd_sc_hd__or3_2)
                  0.11    0.56    1.67 v _0465_/X (sky130_fd_sc_hd__or3_2)
     3    0.01                           _0167_ (net)
                  0.11    0.00    1.67 v _0466_/A2 (sky130_fd_sc_hd__a21bo_2)
                  0.03    0.24    1.91 v _0466_/X (sky130_fd_sc_hd__a21bo_2)
     1    0.00                           _0168_ (net)
                  0.03    0.00    1.91 v _0473_/A1 (sky130_fd_sc_hd__a2111o_2)
                  0.08    0.45    2.36 v _0473_/X (sky130_fd_sc_hd__a2111o_2)
     4    0.01                           _0175_ (net)
                  0.08    0.00    2.36 v _0474_/A (sky130_fd_sc_hd__buf_1)
                  0.21    0.26    2.62 v _0474_/X (sky130_fd_sc_hd__buf_1)
    16    0.04                           _0176_ (net)
                  0.21    0.00    2.62 v _0818_/A2 (sky130_fd_sc_hd__o211a_2)
                  0.09    0.39    3.01 v _0818_/X (sky130_fd_sc_hd__o211a_2)
     8    0.02                           _0401_ (net)
                  0.09    0.00    3.01 v _0827_/S (sky130_fd_sc_hd__mux2_2)
                  0.05    0.29    3.30 v _0827_/X (sky130_fd_sc_hd__mux2_2)
     1    0.00                           _0406_ (net)
                  0.05    0.00    3.30 v _0828_/A (sky130_fd_sc_hd__buf_1)
                  0.02    0.09    3.38 v _0828_/X (sky130_fd_sc_hd__buf_1)
     1    0.00                           _0121_ (net)
                  0.02    0.00    3.38 v _1027_/D (sky130_fd_sc_hd__dfxtp_2)
                                  3.38   data arrival time

                  0.15   10.00   10.00   clock w_clk (rise edge)
                          0.00   10.00   clock network delay (ideal)
                         -0.25    9.75   clock uncertainty
                          0.00    9.75   clock reconvergence pessimism
                                  9.75 ^ _1027_/CLK (sky130_fd_sc_hd__dfxtp_2)
                         -0.08    9.67   library setup time
                                  9.67   data required time
-----------------------------------------------------------------------------
                                  9.67   data required time
                                 -3.38   data arrival time
-----------------------------------------------------------------------------
                                  6.29   slack (MET)


Startpoint: _1060_ (rising edge-triggered flip-flop clocked by w_clk)
Endpoint: _1028_ (rising edge-triggered flip-flop clocked by w_clk)
Path Group: w_clk
Path Type: max

Fanout     Cap    Slew   Delay    Time   Description
-----------------------------------------------------------------------------
                  0.15    0.00    0.00   clock w_clk (rise edge)
                          0.00    0.00   clock network delay (ideal)
                  0.15    0.00    0.00 ^ _1060_/CLK (sky130_fd_sc_hd__dfrtp_2)
                  0.04    0.43    0.43 v _1060_/Q (sky130_fd_sc_hd__dfrtp_2)
     1    0.00                           w_ptr_b[0] (net)
                  0.04    0.00    0.43 v _0453_/A (sky130_fd_sc_hd__buf_1)
                  0.22    0.25    0.68 v _0453_/X (sky130_fd_sc_hd__buf_1)
    13    0.04                           _0155_ (net)
                  0.22    0.00    0.68 v _0456_/A (sky130_fd_sc_hd__and3_2)
                  0.04    0.26    0.94 v _0456_/X (sky130_fd_sc_hd__and3_2)
     1    0.00                           _0158_ (net)
                  0.04    0.00    0.94 v _0457_/A (sky130_fd_sc_hd__buf_1)
                  0.12    0.17    1.11 v _0457_/X (sky130_fd_sc_hd__buf_1)
     5    0.02                           _0159_ (net)
                  0.12    0.00    1.11 v _0465_/A (sky130_fd_sc_hd__or3_2)
                  0.11    0.56    1.67 v _0465_/X (sky130_fd_sc_hd__or3_2)
     3    0.01                           _0167_ (net)
                  0.11    0.00    1.67 v _0466_/A2 (sky130_fd_sc_hd__a21bo_2)
                  0.03    0.24    1.91 v _0466_/X (sky130_fd_sc_hd__a21bo_2)
     1    0.00                           _0168_ (net)
                  0.03    0.00    1.91 v _0473_/A1 (sky130_fd_sc_hd__a2111o_2)
                  0.08    0.45    2.36 v _0473_/X (sky130_fd_sc_hd__a2111o_2)
     4    0.01                           _0175_ (net)
                  0.08    0.00    2.36 v _0474_/A (sky130_fd_sc_hd__buf_1)
                  0.21    0.26    2.62 v _0474_/X (sky130_fd_sc_hd__buf_1)
    16    0.04                           _0176_ (net)
                  0.21    0.00    2.62 v _0818_/A2 (sky130_fd_sc_hd__o211a_2)
                  0.09    0.39    3.01 v _0818_/X (sky130_fd_sc_hd__o211a_2)
     8    0.02                           _0401_ (net)
                  0.09    0.00    3.01 v _0829_/S (sky130_fd_sc_hd__mux2_2)
                  0.05    0.29    3.30 v _0829_/X (sky130_fd_sc_hd__mux2_2)
     1    0.00                           _0407_ (net)
                  0.05    0.00    3.30 v _0830_/A (sky130_fd_sc_hd__buf_1)
                  0.02    0.09    3.38 v _0830_/X (sky130_fd_sc_hd__buf_1)
     1    0.00                           _0122_ (net)
                  0.02    0.00    3.38 v _1028_/D (sky130_fd_sc_hd__dfxtp_2)
                                  3.38   data arrival time

                  0.15   10.00   10.00   clock w_clk (rise edge)
                          0.00   10.00   clock network delay (ideal)
                         -0.25    9.75   clock uncertainty
                          0.00    9.75   clock reconvergence pessimism
                                  9.75 ^ _1028_/CLK (sky130_fd_sc_hd__dfxtp_2)
                         -0.08    9.67   library setup time
                                  9.67   data required time
-----------------------------------------------------------------------------
                                  9.67   data required time
                                 -3.38   data arrival time
-----------------------------------------------------------------------------
                                  6.29   slack (MET)


Startpoint: _1060_ (rising edge-triggered flip-flop clocked by w_clk)
Endpoint: _1029_ (rising edge-triggered flip-flop clocked by w_clk)
Path Group: w_clk
Path Type: max

Fanout     Cap    Slew   Delay    Time   Description
-----------------------------------------------------------------------------
                  0.15    0.00    0.00   clock w_clk (rise edge)
                          0.00    0.00   clock network delay (ideal)
                  0.15    0.00    0.00 ^ _1060_/CLK (sky130_fd_sc_hd__dfrtp_2)
                  0.04    0.43    0.43 v _1060_/Q (sky130_fd_sc_hd__dfrtp_2)
     1    0.00                           w_ptr_b[0] (net)
                  0.04    0.00    0.43 v _0453_/A (sky130_fd_sc_hd__buf_1)
                  0.22    0.25    0.68 v _0453_/X (sky130_fd_sc_hd__buf_1)
    13    0.04                           _0155_ (net)
                  0.22    0.00    0.68 v _0456_/A (sky130_fd_sc_hd__and3_2)
                  0.04    0.26    0.94 v _0456_/X (sky130_fd_sc_hd__and3_2)
     1    0.00                           _0158_ (net)
                  0.04    0.00    0.94 v _0457_/A (sky130_fd_sc_hd__buf_1)
                  0.12    0.17    1.11 v _0457_/X (sky130_fd_sc_hd__buf_1)
     5    0.02                           _0159_ (net)
                  0.12    0.00    1.11 v _0465_/A (sky130_fd_sc_hd__or3_2)
                  0.11    0.56    1.67 v _0465_/X (sky130_fd_sc_hd__or3_2)
     3    0.01                           _0167_ (net)
                  0.11    0.00    1.67 v _0466_/A2 (sky130_fd_sc_hd__a21bo_2)
                  0.03    0.24    1.91 v _0466_/X (sky130_fd_sc_hd__a21bo_2)
     1    0.00                           _0168_ (net)
                  0.03    0.00    1.91 v _0473_/A1 (sky130_fd_sc_hd__a2111o_2)
                  0.08    0.45    2.36 v _0473_/X (sky130_fd_sc_hd__a2111o_2)
     4    0.01                           _0175_ (net)
                  0.08    0.00    2.36 v _0474_/A (sky130_fd_sc_hd__buf_1)
                  0.21    0.26    2.62 v _0474_/X (sky130_fd_sc_hd__buf_1)
    16    0.04                           _0176_ (net)
                  0.21    0.00    2.62 v _0818_/A2 (sky130_fd_sc_hd__o211a_2)
                  0.09    0.39    3.01 v _0818_/X (sky130_fd_sc_hd__o211a_2)
     8    0.02                           _0401_ (net)
                  0.09    0.00    3.01 v _0831_/S (sky130_fd_sc_hd__mux2_2)
                  0.05    0.29    3.30 v _0831_/X (sky130_fd_sc_hd__mux2_2)
     1    0.00                           _0408_ (net)
                  0.05    0.00    3.30 v _0832_/A (sky130_fd_sc_hd__buf_1)
                  0.02    0.09    3.38 v _0832_/X (sky130_fd_sc_hd__buf_1)
     1    0.00                           _0123_ (net)
                  0.02    0.00    3.38 v _1029_/D (sky130_fd_sc_hd__dfxtp_2)
                                  3.38   data arrival time

                  0.15   10.00   10.00   clock w_clk (rise edge)
                          0.00   10.00   clock network delay (ideal)
                         -0.25    9.75   clock uncertainty
                          0.00    9.75   clock reconvergence pessimism
                                  9.75 ^ _1029_/CLK (sky130_fd_sc_hd__dfxtp_2)
                         -0.08    9.67   library setup time
                                  9.67   data required time
-----------------------------------------------------------------------------
                                  9.67   data required time
                                 -3.38   data arrival time
-----------------------------------------------------------------------------
                                  6.29   slack (MET)


Startpoint: _1060_ (rising edge-triggered flip-flop clocked by w_clk)
Endpoint: _1030_ (rising edge-triggered flip-flop clocked by w_clk)
Path Group: w_clk
Path Type: max

Fanout     Cap    Slew   Delay    Time   Description
-----------------------------------------------------------------------------
                  0.15    0.00    0.00   clock w_clk (rise edge)
                          0.00    0.00   clock network delay (ideal)
                  0.15    0.00    0.00 ^ _1060_/CLK (sky130_fd_sc_hd__dfrtp_2)
                  0.04    0.43    0.43 v _1060_/Q (sky130_fd_sc_hd__dfrtp_2)
     1    0.00                           w_ptr_b[0] (net)
                  0.04    0.00    0.43 v _0453_/A (sky130_fd_sc_hd__buf_1)
                  0.22    0.25    0.68 v _0453_/X (sky130_fd_sc_hd__buf_1)
    13    0.04                           _0155_ (net)
                  0.22    0.00    0.68 v _0456_/A (sky130_fd_sc_hd__and3_2)
                  0.04    0.26    0.94 v _0456_/X (sky130_fd_sc_hd__and3_2)
     1    0.00                           _0158_ (net)
                  0.04    0.00    0.94 v _0457_/A (sky130_fd_sc_hd__buf_1)
                  0.12    0.17    1.11 v _0457_/X (sky130_fd_sc_hd__buf_1)
     5    0.02                           _0159_ (net)
                  0.12    0.00    1.11 v _0465_/A (sky130_fd_sc_hd__or3_2)
                  0.11    0.56    1.67 v _0465_/X (sky130_fd_sc_hd__or3_2)
     3    0.01                           _0167_ (net)
                  0.11    0.00    1.67 v _0466_/A2 (sky130_fd_sc_hd__a21bo_2)
                  0.03    0.24    1.91 v _0466_/X (sky130_fd_sc_hd__a21bo_2)
     1    0.00                           _0168_ (net)
                  0.03    0.00    1.91 v _0473_/A1 (sky130_fd_sc_hd__a2111o_2)
                  0.08    0.45    2.36 v _0473_/X (sky130_fd_sc_hd__a2111o_2)
     4    0.01                           _0175_ (net)
                  0.08    0.00    2.36 v _0474_/A (sky130_fd_sc_hd__buf_1)
                  0.21    0.26    2.62 v _0474_/X (sky130_fd_sc_hd__buf_1)
    16    0.04                           _0176_ (net)
                  0.21    0.00    2.62 v _0818_/A2 (sky130_fd_sc_hd__o211a_2)
                  0.09    0.39    3.01 v _0818_/X (sky130_fd_sc_hd__o211a_2)
     8    0.02                           _0401_ (net)
                  0.09    0.00    3.01 v _0833_/S (sky130_fd_sc_hd__mux2_2)
                  0.05    0.29    3.30 v _0833_/X (sky130_fd_sc_hd__mux2_2)
     1    0.00                           _0409_ (net)
                  0.05    0.00    3.30 v _0834_/A (sky130_fd_sc_hd__buf_1)
                  0.02    0.09    3.38 v _0834_/X (sky130_fd_sc_hd__buf_1)
     1    0.00                           _0124_ (net)
                  0.02    0.00    3.38 v _1030_/D (sky130_fd_sc_hd__dfxtp_2)
                                  3.38   data arrival time

                  0.15   10.00   10.00   clock w_clk (rise edge)
                          0.00   10.00   clock network delay (ideal)
                         -0.25    9.75   clock uncertainty
                          0.00    9.75   clock reconvergence pessimism
                                  9.75 ^ _1030_/CLK (sky130_fd_sc_hd__dfxtp_2)
                         -0.08    9.67   library setup time
                                  9.67   data required time
-----------------------------------------------------------------------------
                                  9.67   data required time
                                 -3.38   data arrival time
-----------------------------------------------------------------------------
                                  6.29   slack (MET)


Startpoint: _1060_ (rising edge-triggered flip-flop clocked by w_clk)
Endpoint: _1018_ (rising edge-triggered flip-flop clocked by w_clk)
Path Group: w_clk
Path Type: max

Fanout     Cap    Slew   Delay    Time   Description
-----------------------------------------------------------------------------
                  0.15    0.00    0.00   clock w_clk (rise edge)
                          0.00    0.00   clock network delay (ideal)
                  0.15    0.00    0.00 ^ _1060_/CLK (sky130_fd_sc_hd__dfrtp_2)
                  0.04    0.43    0.43 v _1060_/Q (sky130_fd_sc_hd__dfrtp_2)
     1    0.00                           w_ptr_b[0] (net)
                  0.04    0.00    0.43 v _0453_/A (sky130_fd_sc_hd__buf_1)
                  0.22    0.25    0.68 v _0453_/X (sky130_fd_sc_hd__buf_1)
    13    0.04                           _0155_ (net)
                  0.22    0.00    0.68 v _0456_/A (sky130_fd_sc_hd__and3_2)
                  0.04    0.26    0.94 v _0456_/X (sky130_fd_sc_hd__and3_2)
     1    0.00                           _0158_ (net)
                  0.04    0.00    0.94 v _0457_/A (sky130_fd_sc_hd__buf_1)
                  0.12    0.17    1.11 v _0457_/X (sky130_fd_sc_hd__buf_1)
     5    0.02                           _0159_ (net)
                  0.12    0.00    1.11 v _0465_/A (sky130_fd_sc_hd__or3_2)
                  0.11    0.56    1.67 v _0465_/X (sky130_fd_sc_hd__or3_2)
     3    0.01                           _0167_ (net)
                  0.11    0.00    1.67 v _0466_/A2 (sky130_fd_sc_hd__a21bo_2)
                  0.03    0.24    1.91 v _0466_/X (sky130_fd_sc_hd__a21bo_2)
     1    0.00                           _0168_ (net)
                  0.03    0.00    1.91 v _0473_/A1 (sky130_fd_sc_hd__a2111o_2)
                  0.08    0.45    2.36 v _0473_/X (sky130_fd_sc_hd__a2111o_2)
     4    0.01                           _0175_ (net)
                  0.08    0.00    2.36 v _0474_/A (sky130_fd_sc_hd__buf_1)
                  0.21    0.26    2.62 v _0474_/X (sky130_fd_sc_hd__buf_1)
    16    0.04                           _0176_ (net)
                  0.21    0.00    2.62 v _0805_/A2 (sky130_fd_sc_hd__o21a_2)
                  0.10    0.35    2.97 v _0805_/X (sky130_fd_sc_hd__o21a_2)
     9    0.03                           _0393_ (net)
                  0.10    0.00    2.97 v _0806_/S (sky130_fd_sc_hd__mux2_2)
                  0.05    0.29    3.27 v _0806_/X (sky130_fd_sc_hd__mux2_2)
     1    0.00                           _0394_ (net)
                  0.05    0.00    3.27 v _0807_/A (sky130_fd_sc_hd__buf_1)
                  0.02    0.09    3.35 v _0807_/X (sky130_fd_sc_hd__buf_1)
     1    0.00                           _0112_ (net)
                  0.02    0.00    3.35 v _1018_/D (sky130_fd_sc_hd__dfrtp_2)
                                  3.35   data arrival time

                  0.15   10.00   10.00   clock w_clk (rise edge)
                          0.00   10.00   clock network delay (ideal)
                         -0.25    9.75   clock uncertainty
                          0.00    9.75   clock reconvergence pessimism
                                  9.75 ^ _1018_/CLK (sky130_fd_sc_hd__dfrtp_2)
                         -0.08    9.67   library setup time
                                  9.67   data required time
-----------------------------------------------------------------------------
                                  9.67   data required time
                                 -3.35   data arrival time
-----------------------------------------------------------------------------
                                  6.32   slack (MET)


Startpoint: _1060_ (rising edge-triggered flip-flop clocked by w_clk)
Endpoint: _1019_ (rising edge-triggered flip-flop clocked by w_clk)
Path Group: w_clk
Path Type: max

Fanout     Cap    Slew   Delay    Time   Description
-----------------------------------------------------------------------------
                  0.15    0.00    0.00   clock w_clk (rise edge)
                          0.00    0.00   clock network delay (ideal)
                  0.15    0.00    0.00 ^ _1060_/CLK (sky130_fd_sc_hd__dfrtp_2)
                  0.04    0.43    0.43 v _1060_/Q (sky130_fd_sc_hd__dfrtp_2)
     1    0.00                           w_ptr_b[0] (net)
                  0.04    0.00    0.43 v _0453_/A (sky130_fd_sc_hd__buf_1)
                  0.22    0.25    0.68 v _0453_/X (sky130_fd_sc_hd__buf_1)
    13    0.04                           _0155_ (net)
                  0.22    0.00    0.68 v _0456_/A (sky130_fd_sc_hd__and3_2)
                  0.04    0.26    0.94 v _0456_/X (sky130_fd_sc_hd__and3_2)
     1    0.00                           _0158_ (net)
                  0.04    0.00    0.94 v _0457_/A (sky130_fd_sc_hd__buf_1)
                  0.12    0.17    1.11 v _0457_/X (sky130_fd_sc_hd__buf_1)
     5    0.02                           _0159_ (net)
                  0.12    0.00    1.11 v _0465_/A (sky130_fd_sc_hd__or3_2)
                  0.11    0.56    1.67 v _0465_/X (sky130_fd_sc_hd__or3_2)
     3    0.01                           _0167_ (net)
                  0.11    0.00    1.67 v _0466_/A2 (sky130_fd_sc_hd__a21bo_2)
                  0.03    0.24    1.91 v _0466_/X (sky130_fd_sc_hd__a21bo_2)
     1    0.00                           _0168_ (net)
                  0.03    0.00    1.91 v _0473_/A1 (sky130_fd_sc_hd__a2111o_2)
                  0.08    0.45    2.36 v _0473_/X (sky130_fd_sc_hd__a2111o_2)
     4    0.01                           _0175_ (net)
                  0.08    0.00    2.36 v _0474_/A (sky130_fd_sc_hd__buf_1)
                  0.21    0.26    2.62 v _0474_/X (sky130_fd_sc_hd__buf_1)
    16    0.04                           _0176_ (net)
                  0.21    0.00    2.62 v _0805_/A2 (sky130_fd_sc_hd__o21a_2)
                  0.10    0.35    2.97 v _0805_/X (sky130_fd_sc_hd__o21a_2)
     9    0.03                           _0393_ (net)
                  0.10    0.00    2.97 v _0809_/S (sky130_fd_sc_hd__mux2_2)
                  0.05    0.29    3.27 v _0809_/X (sky130_fd_sc_hd__mux2_2)
     1    0.00                           _0396_ (net)
                  0.05    0.00    3.27 v _0810_/A (sky130_fd_sc_hd__buf_1)
                  0.02    0.09    3.35 v _0810_/X (sky130_fd_sc_hd__buf_1)
     1    0.00                           _0113_ (net)
                  0.02    0.00    3.35 v _1019_/D (sky130_fd_sc_hd__dfrtp_2)
                                  3.35   data arrival time

                  0.15   10.00   10.00   clock w_clk (rise edge)
                          0.00   10.00   clock network delay (ideal)
                         -0.25    9.75   clock uncertainty
                          0.00    9.75   clock reconvergence pessimism
                                  9.75 ^ _1019_/CLK (sky130_fd_sc_hd__dfrtp_2)
                         -0.08    9.67   library setup time
                                  9.67   data required time
-----------------------------------------------------------------------------
                                  9.67   data required time
                                 -3.35   data arrival time
-----------------------------------------------------------------------------
                                  6.32   slack (MET)


Startpoint: _1060_ (rising edge-triggered flip-flop clocked by w_clk)
Endpoint: _1021_ (rising edge-triggered flip-flop clocked by w_clk)
Path Group: w_clk
Path Type: max

Fanout     Cap    Slew   Delay    Time   Description
-----------------------------------------------------------------------------
                  0.15    0.00    0.00   clock w_clk (rise edge)
                          0.00    0.00   clock network delay (ideal)
                  0.15    0.00    0.00 ^ _1060_/CLK (sky130_fd_sc_hd__dfrtp_2)
                  0.04    0.43    0.43 v _1060_/Q (sky130_fd_sc_hd__dfrtp_2)
     1    0.00                           w_ptr_b[0] (net)
                  0.04    0.00    0.43 v _0453_/A (sky130_fd_sc_hd__buf_1)
                  0.22    0.25    0.68 v _0453_/X (sky130_fd_sc_hd__buf_1)
    13    0.04                           _0155_ (net)
                  0.22    0.00    0.68 v _0456_/A (sky130_fd_sc_hd__and3_2)
                  0.04    0.26    0.94 v _0456_/X (sky130_fd_sc_hd__and3_2)
     1    0.00                           _0158_ (net)
                  0.04    0.00    0.94 v _0457_/A (sky130_fd_sc_hd__buf_1)
                  0.12    0.17    1.11 v _0457_/X (sky130_fd_sc_hd__buf_1)
     5    0.02                           _0159_ (net)
                  0.12    0.00    1.11 v _0465_/A (sky130_fd_sc_hd__or3_2)
                  0.11    0.56    1.67 v _0465_/X (sky130_fd_sc_hd__or3_2)
     3    0.01                           _0167_ (net)
                  0.11    0.00    1.67 v _0466_/A2 (sky130_fd_sc_hd__a21bo_2)
                  0.03    0.24    1.91 v _0466_/X (sky130_fd_sc_hd__a21bo_2)
     1    0.00                           _0168_ (net)
                  0.03    0.00    1.91 v _0473_/A1 (sky130_fd_sc_hd__a2111o_2)
                  0.08    0.45    2.36 v _0473_/X (sky130_fd_sc_hd__a2111o_2)
     4    0.01                           _0175_ (net)
                  0.08    0.00    2.36 v _0474_/A (sky130_fd_sc_hd__buf_1)
                  0.21    0.26    2.62 v _0474_/X (sky130_fd_sc_hd__buf_1)
    16    0.04                           _0176_ (net)
                  0.21    0.00    2.62 v _0805_/A2 (sky130_fd_sc_hd__o21a_2)
                  0.10    0.35    2.97 v _0805_/X (sky130_fd_sc_hd__o21a_2)
     9    0.03                           _0393_ (net)
                  0.10    0.00    2.97 v _0813_/S (sky130_fd_sc_hd__mux2_2)
                  0.05    0.29    3.27 v _0813_/X (sky130_fd_sc_hd__mux2_2)
     1    0.00                           _0398_ (net)
                  0.05    0.00    3.27 v _0814_/A (sky130_fd_sc_hd__buf_1)
                  0.02    0.09    3.35 v _0814_/X (sky130_fd_sc_hd__buf_1)
     1    0.00                           _0115_ (net)
                  0.02    0.00    3.35 v _1021_/D (sky130_fd_sc_hd__dfrtp_2)
                                  3.35   data arrival time

                  0.15   10.00   10.00   clock w_clk (rise edge)
                          0.00   10.00   clock network delay (ideal)
                         -0.25    9.75   clock uncertainty
                          0.00    9.75   clock reconvergence pessimism
                                  9.75 ^ _1021_/CLK (sky130_fd_sc_hd__dfrtp_2)
                         -0.08    9.67   library setup time
                                  9.67   data required time
-----------------------------------------------------------------------------
                                  9.67   data required time
                                 -3.35   data arrival time
-----------------------------------------------------------------------------
                                  6.32   slack (MET)


Startpoint: _1060_ (rising edge-triggered flip-flop clocked by w_clk)
Endpoint: _1022_ (rising edge-triggered flip-flop clocked by w_clk)
Path Group: w_clk
Path Type: max

Fanout     Cap    Slew   Delay    Time   Description
-----------------------------------------------------------------------------
                  0.15    0.00    0.00   clock w_clk (rise edge)
                          0.00    0.00   clock network delay (ideal)
                  0.15    0.00    0.00 ^ _1060_/CLK (sky130_fd_sc_hd__dfrtp_2)
                  0.04    0.43    0.43 v _1060_/Q (sky130_fd_sc_hd__dfrtp_2)
     1    0.00                           w_ptr_b[0] (net)
                  0.04    0.00    0.43 v _0453_/A (sky130_fd_sc_hd__buf_1)
                  0.22    0.25    0.68 v _0453_/X (sky130_fd_sc_hd__buf_1)
    13    0.04                           _0155_ (net)
                  0.22    0.00    0.68 v _0456_/A (sky130_fd_sc_hd__and3_2)
                  0.04    0.26    0.94 v _0456_/X (sky130_fd_sc_hd__and3_2)
     1    0.00                           _0158_ (net)
                  0.04    0.00    0.94 v _0457_/A (sky130_fd_sc_hd__buf_1)
                  0.12    0.17    1.11 v _0457_/X (sky130_fd_sc_hd__buf_1)
     5    0.02                           _0159_ (net)
                  0.12    0.00    1.11 v _0465_/A (sky130_fd_sc_hd__or3_2)
                  0.11    0.56    1.67 v _0465_/X (sky130_fd_sc_hd__or3_2)
     3    0.01                           _0167_ (net)
                  0.11    0.00    1.67 v _0466_/A2 (sky130_fd_sc_hd__a21bo_2)
                  0.03    0.24    1.91 v _0466_/X (sky130_fd_sc_hd__a21bo_2)
     1    0.00                           _0168_ (net)
                  0.03    0.00    1.91 v _0473_/A1 (sky130_fd_sc_hd__a2111o_2)
                  0.08    0.45    2.36 v _0473_/X (sky130_fd_sc_hd__a2111o_2)
     4    0.01                           _0175_ (net)
                  0.08    0.00    2.36 v _0474_/A (sky130_fd_sc_hd__buf_1)
                  0.21    0.26    2.62 v _0474_/X (sky130_fd_sc_hd__buf_1)
    16    0.04                           _0176_ (net)
                  0.21    0.00    2.62 v _0805_/A2 (sky130_fd_sc_hd__o21a_2)
                  0.10    0.35    2.97 v _0805_/X (sky130_fd_sc_hd__o21a_2)
     9    0.03                           _0393_ (net)
                  0.10    0.00    2.97 v _0815_/S (sky130_fd_sc_hd__mux2_2)
                  0.05    0.29    3.27 v _0815_/X (sky130_fd_sc_hd__mux2_2)
     1    0.00                           _0399_ (net)
                  0.05    0.00    3.27 v _0816_/A (sky130_fd_sc_hd__buf_1)
                  0.02    0.09    3.35 v _0816_/X (sky130_fd_sc_hd__buf_1)
     1    0.00                           _0116_ (net)
                  0.02    0.00    3.35 v _1022_/D (sky130_fd_sc_hd__dfrtp_2)
                                  3.35   data arrival time

                  0.15   10.00   10.00   clock w_clk (rise edge)
                          0.00   10.00   clock network delay (ideal)
                         -0.25    9.75   clock uncertainty
                          0.00    9.75   clock reconvergence pessimism
                                  9.75 ^ _1022_/CLK (sky130_fd_sc_hd__dfrtp_2)
                         -0.08    9.67   library setup time
                                  9.67   data required time
-----------------------------------------------------------------------------
                                  9.67   data required time
                                 -3.35   data arrival time
-----------------------------------------------------------------------------
                                  6.32   slack (MET)


Startpoint: _1060_ (rising edge-triggered flip-flop clocked by w_clk)
Endpoint: _1061_ (rising edge-triggered flip-flop clocked by w_clk)
Path Group: w_clk
Path Type: max

Fanout     Cap    Slew   Delay    Time   Description
-----------------------------------------------------------------------------
                  0.15    0.00    0.00   clock w_clk (rise edge)
                          0.00    0.00   clock network delay (ideal)
                  0.15    0.00    0.00 ^ _1060_/CLK (sky130_fd_sc_hd__dfrtp_2)
                  0.04    0.43    0.43 v _1060_/Q (sky130_fd_sc_hd__dfrtp_2)
     1    0.00                           w_ptr_b[0] (net)
                  0.04    0.00    0.43 v _0453_/A (sky130_fd_sc_hd__buf_1)
                  0.22    0.25    0.68 v _0453_/X (sky130_fd_sc_hd__buf_1)
    13    0.04                           _0155_ (net)
                  0.22    0.00    0.68 v _0456_/A (sky130_fd_sc_hd__and3_2)
                  0.04    0.26    0.94 v _0456_/X (sky130_fd_sc_hd__and3_2)
     1    0.00                           _0158_ (net)
                  0.04    0.00    0.94 v _0457_/A (sky130_fd_sc_hd__buf_1)
                  0.12    0.17    1.11 v _0457_/X (sky130_fd_sc_hd__buf_1)
     5    0.02                           _0159_ (net)
                  0.12    0.00    1.11 v _0465_/A (sky130_fd_sc_hd__or3_2)
                  0.11    0.56    1.67 v _0465_/X (sky130_fd_sc_hd__or3_2)
     3    0.01                           _0167_ (net)
                  0.11    0.00    1.67 v _0466_/A2 (sky130_fd_sc_hd__a21bo_2)
                  0.03    0.24    1.91 v _0466_/X (sky130_fd_sc_hd__a21bo_2)
     1    0.00                           _0168_ (net)
                  0.03    0.00    1.91 v _0473_/A1 (sky130_fd_sc_hd__a2111o_2)
                  0.08    0.45    2.36 v _0473_/X (sky130_fd_sc_hd__a2111o_2)
     4    0.01                           _0175_ (net)
                  0.08    0.00    2.36 v _0474_/A (sky130_fd_sc_hd__buf_1)
                  0.21    0.26    2.62 v _0474_/X (sky130_fd_sc_hd__buf_1)
    16    0.04                           _0176_ (net)
                  0.21    0.00    2.62 v _0805_/A2 (sky130_fd_sc_hd__o21a_2)
                  0.10    0.35    2.97 v _0805_/X (sky130_fd_sc_hd__o21a_2)
     9    0.03                           _0393_ (net)
                  0.10    0.00    2.97 v _0863_/S (sky130_fd_sc_hd__mux2_2)
                  0.05    0.29    3.27 v _0863_/X (sky130_fd_sc_hd__mux2_2)
     1    0.00                           _0428_ (net)
                  0.05    0.00    3.27 v _0864_/A (sky130_fd_sc_hd__buf_1)
                  0.02    0.09    3.35 v _0864_/X (sky130_fd_sc_hd__buf_1)
     1    0.00                           _0135_ (net)
                  0.02    0.00    3.35 v _1061_/D (sky130_fd_sc_hd__dfrtp_2)
                                  3.35   data arrival time

                  0.15   10.00   10.00   clock w_clk (rise edge)
                          0.00   10.00   clock network delay (ideal)
                         -0.25    9.75   clock uncertainty
                          0.00    9.75   clock reconvergence pessimism
                                  9.75 ^ _1061_/CLK (sky130_fd_sc_hd__dfrtp_2)
                         -0.08    9.67   library setup time
                                  9.67   data required time
-----------------------------------------------------------------------------
                                  9.67   data required time
                                 -3.35   data arrival time
-----------------------------------------------------------------------------
                                  6.32   slack (MET)


Startpoint: _1060_ (rising edge-triggered flip-flop clocked by w_clk)
Endpoint: _1062_ (rising edge-triggered flip-flop clocked by w_clk)
Path Group: w_clk
Path Type: max

Fanout     Cap    Slew   Delay    Time   Description
-----------------------------------------------------------------------------
                  0.15    0.00    0.00   clock w_clk (rise edge)
                          0.00    0.00   clock network delay (ideal)
                  0.15    0.00    0.00 ^ _1060_/CLK (sky130_fd_sc_hd__dfrtp_2)
                  0.04    0.43    0.43 v _1060_/Q (sky130_fd_sc_hd__dfrtp_2)
     1    0.00                           w_ptr_b[0] (net)
                  0.04    0.00    0.43 v _0453_/A (sky130_fd_sc_hd__buf_1)
                  0.22    0.25    0.68 v _0453_/X (sky130_fd_sc_hd__buf_1)
    13    0.04                           _0155_ (net)
                  0.22    0.00    0.68 v _0456_/A (sky130_fd_sc_hd__and3_2)
                  0.04    0.26    0.94 v _0456_/X (sky130_fd_sc_hd__and3_2)
     1    0.00                           _0158_ (net)
                  0.04    0.00    0.94 v _0457_/A (sky130_fd_sc_hd__buf_1)
                  0.12    0.17    1.11 v _0457_/X (sky130_fd_sc_hd__buf_1)
     5    0.02                           _0159_ (net)
                  0.12    0.00    1.11 v _0465_/A (sky130_fd_sc_hd__or3_2)
                  0.11    0.56    1.67 v _0465_/X (sky130_fd_sc_hd__or3_2)
     3    0.01                           _0167_ (net)
                  0.11    0.00    1.67 v _0466_/A2 (sky130_fd_sc_hd__a21bo_2)
                  0.03    0.24    1.91 v _0466_/X (sky130_fd_sc_hd__a21bo_2)
     1    0.00                           _0168_ (net)
                  0.03    0.00    1.91 v _0473_/A1 (sky130_fd_sc_hd__a2111o_2)
                  0.08    0.45    2.36 v _0473_/X (sky130_fd_sc_hd__a2111o_2)
     4    0.01                           _0175_ (net)
                  0.08    0.00    2.36 v _0474_/A (sky130_fd_sc_hd__buf_1)
                  0.21    0.26    2.62 v _0474_/X (sky130_fd_sc_hd__buf_1)
    16    0.04                           _0176_ (net)
                  0.21    0.00    2.62 v _0805_/A2 (sky130_fd_sc_hd__o21a_2)
                  0.10    0.35    2.97 v _0805_/X (sky130_fd_sc_hd__o21a_2)
     9    0.03                           _0393_ (net)
                  0.10    0.00    2.97 v _0866_/S (sky130_fd_sc_hd__mux2_2)
                  0.05    0.29    3.27 v _0866_/X (sky130_fd_sc_hd__mux2_2)
     1    0.00                           _0430_ (net)
                  0.05    0.00    3.27 v _0867_/A (sky130_fd_sc_hd__buf_1)
                  0.02    0.09    3.35 v _0867_/X (sky130_fd_sc_hd__buf_1)
     1    0.00                           _0136_ (net)
                  0.02    0.00    3.35 v _1062_/D (sky130_fd_sc_hd__dfrtp_2)
                                  3.35   data arrival time

                  0.15   10.00   10.00   clock w_clk (rise edge)
                          0.00   10.00   clock network delay (ideal)
                         -0.25    9.75   clock uncertainty
                          0.00    9.75   clock reconvergence pessimism
                                  9.75 ^ _1062_/CLK (sky130_fd_sc_hd__dfrtp_2)
                         -0.08    9.67   library setup time
                                  9.67   data required time
-----------------------------------------------------------------------------
                                  9.67   data required time
                                 -3.35   data arrival time
-----------------------------------------------------------------------------
                                  6.32   slack (MET)


Startpoint: _1060_ (rising edge-triggered flip-flop clocked by w_clk)
Endpoint: _1063_ (rising edge-triggered flip-flop clocked by w_clk)
Path Group: w_clk
Path Type: max

Fanout     Cap    Slew   Delay    Time   Description
-----------------------------------------------------------------------------
                  0.15    0.00    0.00   clock w_clk (rise edge)
                          0.00    0.00   clock network delay (ideal)
                  0.15    0.00    0.00 ^ _1060_/CLK (sky130_fd_sc_hd__dfrtp_2)
                  0.04    0.43    0.43 v _1060_/Q (sky130_fd_sc_hd__dfrtp_2)
     1    0.00                           w_ptr_b[0] (net)
                  0.04    0.00    0.43 v _0453_/A (sky130_fd_sc_hd__buf_1)
                  0.22    0.25    0.68 v _0453_/X (sky130_fd_sc_hd__buf_1)
    13    0.04                           _0155_ (net)
                  0.22    0.00    0.68 v _0456_/A (sky130_fd_sc_hd__and3_2)
                  0.04    0.26    0.94 v _0456_/X (sky130_fd_sc_hd__and3_2)
     1    0.00                           _0158_ (net)
                  0.04    0.00    0.94 v _0457_/A (sky130_fd_sc_hd__buf_1)
                  0.12    0.17    1.11 v _0457_/X (sky130_fd_sc_hd__buf_1)
     5    0.02                           _0159_ (net)
                  0.12    0.00    1.11 v _0465_/A (sky130_fd_sc_hd__or3_2)
                  0.11    0.56    1.67 v _0465_/X (sky130_fd_sc_hd__or3_2)
     3    0.01                           _0167_ (net)
                  0.11    0.00    1.67 v _0466_/A2 (sky130_fd_sc_hd__a21bo_2)
                  0.03    0.24    1.91 v _0466_/X (sky130_fd_sc_hd__a21bo_2)
     1    0.00                           _0168_ (net)
                  0.03    0.00    1.91 v _0473_/A1 (sky130_fd_sc_hd__a2111o_2)
                  0.08    0.45    2.36 v _0473_/X (sky130_fd_sc_hd__a2111o_2)
     4    0.01                           _0175_ (net)
                  0.08    0.00    2.36 v _0474_/A (sky130_fd_sc_hd__buf_1)
                  0.21    0.26    2.62 v _0474_/X (sky130_fd_sc_hd__buf_1)
    16    0.04                           _0176_ (net)
                  0.21    0.00    2.62 v _0805_/A2 (sky130_fd_sc_hd__o21a_2)
                  0.10    0.35    2.97 v _0805_/X (sky130_fd_sc_hd__o21a_2)
     9    0.03                           _0393_ (net)
                  0.10    0.00    2.97 v _0869_/S (sky130_fd_sc_hd__mux2_2)
                  0.05    0.29    3.27 v _0869_/X (sky130_fd_sc_hd__mux2_2)
     1    0.00                           _0432_ (net)
                  0.05    0.00    3.27 v _0870_/A (sky130_fd_sc_hd__buf_1)
                  0.02    0.09    3.35 v _0870_/X (sky130_fd_sc_hd__buf_1)
     1    0.00                           _0137_ (net)
                  0.02    0.00    3.35 v _1063_/D (sky130_fd_sc_hd__dfrtp_2)
                                  3.35   data arrival time

                  0.15   10.00   10.00   clock w_clk (rise edge)
                          0.00   10.00   clock network delay (ideal)
                         -0.25    9.75   clock uncertainty
                          0.00    9.75   clock reconvergence pessimism
                                  9.75 ^ _1063_/CLK (sky130_fd_sc_hd__dfrtp_2)
                         -0.08    9.67   library setup time
                                  9.67   data required time
-----------------------------------------------------------------------------
                                  9.67   data required time
                                 -3.35   data arrival time
-----------------------------------------------------------------------------
                                  6.32   slack (MET)


Startpoint: wr (input port clocked by w_clk)
Endpoint: _1072_ (rising edge-triggered flip-flop clocked by w_clk)
Path Group: w_clk
Path Type: max

Fanout     Cap    Slew   Delay    Time   Description
-----------------------------------------------------------------------------
                  0.15    0.00    0.00   clock w_clk (rise edge)
                          0.00    0.00   clock network delay (ideal)
                          2.00    2.00 ^ input external delay
                  0.04    0.03    2.03 ^ wr (in)
     3    0.01                           wr (net)
                  0.04    0.00    2.03 ^ _0488_/A (sky130_fd_sc_hd__buf_1)
                  0.46    0.38    2.41 ^ _0488_/X (sky130_fd_sc_hd__buf_1)
    16    0.04                           _0188_ (net)
                  0.46    0.00    2.41 ^ _0889_/C1 (sky130_fd_sc_hd__o211a_2)
                  0.17    0.38    2.79 ^ _0889_/X (sky130_fd_sc_hd__o211a_2)
     8    0.03                           _0443_ (net)
                  0.17    0.00    2.79 ^ _0890_/S (sky130_fd_sc_hd__mux2_2)
                  0.05    0.36    3.15 v _0890_/X (sky130_fd_sc_hd__mux2_2)
     1    0.00                           _0444_ (net)
                  0.05    0.00    3.15 v _0891_/A (sky130_fd_sc_hd__buf_1)
                  0.02    0.09    3.24 v _0891_/X (sky130_fd_sc_hd__buf_1)
     1    0.00                           _0146_ (net)
                  0.02    0.00    3.24 v _1072_/D (sky130_fd_sc_hd__dfxtp_2)
                                  3.24   data arrival time

                  0.15   10.00   10.00   clock w_clk (rise edge)
                          0.00   10.00   clock network delay (ideal)
                         -0.25    9.75   clock uncertainty
                          0.00    9.75   clock reconvergence pessimism
                                  9.75 ^ _1072_/CLK (sky130_fd_sc_hd__dfxtp_2)
                         -0.08    9.67   library setup time
                                  9.67   data required time
-----------------------------------------------------------------------------
                                  9.67   data required time
                                 -3.24   data arrival time
-----------------------------------------------------------------------------
                                  6.43   slack (MET)


Startpoint: wr (input port clocked by w_clk)
Endpoint: _1073_ (rising edge-triggered flip-flop clocked by w_clk)
Path Group: w_clk
Path Type: max

Fanout     Cap    Slew   Delay    Time   Description
-----------------------------------------------------------------------------
                  0.15    0.00    0.00   clock w_clk (rise edge)
                          0.00    0.00   clock network delay (ideal)
                          2.00    2.00 ^ input external delay
                  0.04    0.03    2.03 ^ wr (in)
     3    0.01                           wr (net)
                  0.04    0.00    2.03 ^ _0488_/A (sky130_fd_sc_hd__buf_1)
                  0.46    0.38    2.41 ^ _0488_/X (sky130_fd_sc_hd__buf_1)
    16    0.04                           _0188_ (net)
                  0.46    0.00    2.41 ^ _0889_/C1 (sky130_fd_sc_hd__o211a_2)
                  0.17    0.38    2.79 ^ _0889_/X (sky130_fd_sc_hd__o211a_2)
     8    0.03                           _0443_ (net)
                  0.17    0.00    2.79 ^ _0892_/S (sky130_fd_sc_hd__mux2_2)
                  0.05    0.36    3.15 v _0892_/X (sky130_fd_sc_hd__mux2_2)
     1    0.00                           _0445_ (net)
                  0.05    0.00    3.15 v _0893_/A (sky130_fd_sc_hd__buf_1)
                  0.02    0.09    3.24 v _0893_/X (sky130_fd_sc_hd__buf_1)
     1    0.00                           _0147_ (net)
                  0.02    0.00    3.24 v _1073_/D (sky130_fd_sc_hd__dfxtp_2)
                                  3.24   data arrival time

                  0.15   10.00   10.00   clock w_clk (rise edge)
                          0.00   10.00   clock network delay (ideal)
                         -0.25    9.75   clock uncertainty
                          0.00    9.75   clock reconvergence pessimism
                                  9.75 ^ _1073_/CLK (sky130_fd_sc_hd__dfxtp_2)
                         -0.08    9.67   library setup time
                                  9.67   data required time
-----------------------------------------------------------------------------
                                  9.67   data required time
                                 -3.24   data arrival time
-----------------------------------------------------------------------------
                                  6.43   slack (MET)


Startpoint: wr (input port clocked by w_clk)
Endpoint: _1074_ (rising edge-triggered flip-flop clocked by w_clk)
Path Group: w_clk
Path Type: max

Fanout     Cap    Slew   Delay    Time   Description
-----------------------------------------------------------------------------
                  0.15    0.00    0.00   clock w_clk (rise edge)
                          0.00    0.00   clock network delay (ideal)
                          2.00    2.00 ^ input external delay
                  0.04    0.03    2.03 ^ wr (in)
     3    0.01                           wr (net)
                  0.04    0.00    2.03 ^ _0488_/A (sky130_fd_sc_hd__buf_1)
                  0.46    0.38    2.41 ^ _0488_/X (sky130_fd_sc_hd__buf_1)
    16    0.04                           _0188_ (net)
                  0.46    0.00    2.41 ^ _0889_/C1 (sky130_fd_sc_hd__o211a_2)
                  0.17    0.38    2.79 ^ _0889_/X (sky130_fd_sc_hd__o211a_2)
     8    0.03                           _0443_ (net)
                  0.17    0.00    2.79 ^ _0894_/S (sky130_fd_sc_hd__mux2_2)
                  0.05    0.36    3.15 v _0894_/X (sky130_fd_sc_hd__mux2_2)
     1    0.00                           _0446_ (net)
                  0.05    0.00    3.15 v _0895_/A (sky130_fd_sc_hd__buf_1)
                  0.02    0.09    3.24 v _0895_/X (sky130_fd_sc_hd__buf_1)
     1    0.00                           _0148_ (net)
                  0.02    0.00    3.24 v _1074_/D (sky130_fd_sc_hd__dfxtp_2)
                                  3.24   data arrival time

                  0.15   10.00   10.00   clock w_clk (rise edge)
                          0.00   10.00   clock network delay (ideal)
                         -0.25    9.75   clock uncertainty
                          0.00    9.75   clock reconvergence pessimism
                                  9.75 ^ _1074_/CLK (sky130_fd_sc_hd__dfxtp_2)
                         -0.08    9.67   library setup time
                                  9.67   data required time
-----------------------------------------------------------------------------
                                  9.67   data required time
                                 -3.24   data arrival time
-----------------------------------------------------------------------------
                                  6.43   slack (MET)


Startpoint: wr (input port clocked by w_clk)
Endpoint: _1075_ (rising edge-triggered flip-flop clocked by w_clk)
Path Group: w_clk
Path Type: max

Fanout     Cap    Slew   Delay    Time   Description
-----------------------------------------------------------------------------
                  0.15    0.00    0.00   clock w_clk (rise edge)
                          0.00    0.00   clock network delay (ideal)
                          2.00    2.00 ^ input external delay
                  0.04    0.03    2.03 ^ wr (in)
     3    0.01                           wr (net)
                  0.04    0.00    2.03 ^ _0488_/A (sky130_fd_sc_hd__buf_1)
                  0.46    0.38    2.41 ^ _0488_/X (sky130_fd_sc_hd__buf_1)
    16    0.04                           _0188_ (net)
                  0.46    0.00    2.41 ^ _0889_/C1 (sky130_fd_sc_hd__o211a_2)
                  0.17    0.38    2.79 ^ _0889_/X (sky130_fd_sc_hd__o211a_2)
     8    0.03                           _0443_ (net)
                  0.17    0.00    2.79 ^ _0896_/S (sky130_fd_sc_hd__mux2_2)
                  0.05    0.36    3.15 v _0896_/X (sky130_fd_sc_hd__mux2_2)
     1    0.00                           _0447_ (net)
                  0.05    0.00    3.15 v _0897_/A (sky130_fd_sc_hd__buf_1)
                  0.02    0.09    3.24 v _0897_/X (sky130_fd_sc_hd__buf_1)
     1    0.00                           _0149_ (net)
                  0.02    0.00    3.24 v _1075_/D (sky130_fd_sc_hd__dfxtp_2)
                                  3.24   data arrival time

                  0.15   10.00   10.00   clock w_clk (rise edge)
                          0.00   10.00   clock network delay (ideal)
                         -0.25    9.75   clock uncertainty
                          0.00    9.75   clock reconvergence pessimism
                                  9.75 ^ _1075_/CLK (sky130_fd_sc_hd__dfxtp_2)
                         -0.08    9.67   library setup time
                                  9.67   data required time
-----------------------------------------------------------------------------
                                  9.67   data required time
                                 -3.24   data arrival time
-----------------------------------------------------------------------------
                                  6.43   slack (MET)


Startpoint: wr (input port clocked by w_clk)
Endpoint: _1076_ (rising edge-triggered flip-flop clocked by w_clk)
Path Group: w_clk
Path Type: max

Fanout     Cap    Slew   Delay    Time   Description
-----------------------------------------------------------------------------
                  0.15    0.00    0.00   clock w_clk (rise edge)
                          0.00    0.00   clock network delay (ideal)
                          2.00    2.00 ^ input external delay
                  0.04    0.03    2.03 ^ wr (in)
     3    0.01                           wr (net)
                  0.04    0.00    2.03 ^ _0488_/A (sky130_fd_sc_hd__buf_1)
                  0.46    0.38    2.41 ^ _0488_/X (sky130_fd_sc_hd__buf_1)
    16    0.04                           _0188_ (net)
                  0.46    0.00    2.41 ^ _0889_/C1 (sky130_fd_sc_hd__o211a_2)
                  0.17    0.38    2.79 ^ _0889_/X (sky130_fd_sc_hd__o211a_2)
     8    0.03                           _0443_ (net)
                  0.17    0.00    2.79 ^ _0898_/S (sky130_fd_sc_hd__mux2_2)
                  0.05    0.36    3.15 v _0898_/X (sky130_fd_sc_hd__mux2_2)
     1    0.00                           _0448_ (net)
                  0.05    0.00    3.15 v _0899_/A (sky130_fd_sc_hd__buf_1)
                  0.02    0.09    3.24 v _0899_/X (sky130_fd_sc_hd__buf_1)
     1    0.00                           _0150_ (net)
                  0.02    0.00    3.24 v _1076_/D (sky130_fd_sc_hd__dfxtp_2)
                                  3.24   data arrival time

                  0.15   10.00   10.00   clock w_clk (rise edge)
                          0.00   10.00   clock network delay (ideal)
                         -0.25    9.75   clock uncertainty
                          0.00    9.75   clock reconvergence pessimism
                                  9.75 ^ _1076_/CLK (sky130_fd_sc_hd__dfxtp_2)
                         -0.08    9.67   library setup time
                                  9.67   data required time
-----------------------------------------------------------------------------
                                  9.67   data required time
                                 -3.24   data arrival time
-----------------------------------------------------------------------------
                                  6.43   slack (MET)


Startpoint: wr (input port clocked by w_clk)
Endpoint: _1077_ (rising edge-triggered flip-flop clocked by w_clk)
Path Group: w_clk
Path Type: max

Fanout     Cap    Slew   Delay    Time   Description
-----------------------------------------------------------------------------
                  0.15    0.00    0.00   clock w_clk (rise edge)
                          0.00    0.00   clock network delay (ideal)
                          2.00    2.00 ^ input external delay
                  0.04    0.03    2.03 ^ wr (in)
     3    0.01                           wr (net)
                  0.04    0.00    2.03 ^ _0488_/A (sky130_fd_sc_hd__buf_1)
                  0.46    0.38    2.41 ^ _0488_/X (sky130_fd_sc_hd__buf_1)
    16    0.04                           _0188_ (net)
                  0.46    0.00    2.41 ^ _0889_/C1 (sky130_fd_sc_hd__o211a_2)
                  0.17    0.38    2.79 ^ _0889_/X (sky130_fd_sc_hd__o211a_2)
     8    0.03                           _0443_ (net)
                  0.17    0.00    2.79 ^ _0900_/S (sky130_fd_sc_hd__mux2_2)
                  0.05    0.36    3.15 v _0900_/X (sky130_fd_sc_hd__mux2_2)
     1    0.00                           _0449_ (net)
                  0.05    0.00    3.15 v _0901_/A (sky130_fd_sc_hd__buf_1)
                  0.02    0.09    3.24 v _0901_/X (sky130_fd_sc_hd__buf_1)
     1    0.00                           _0151_ (net)
                  0.02    0.00    3.24 v _1077_/D (sky130_fd_sc_hd__dfxtp_2)
                                  3.24   data arrival time

                  0.15   10.00   10.00   clock w_clk (rise edge)
                          0.00   10.00   clock network delay (ideal)
                         -0.25    9.75   clock uncertainty
                          0.00    9.75   clock reconvergence pessimism
                                  9.75 ^ _1077_/CLK (sky130_fd_sc_hd__dfxtp_2)
                         -0.08    9.67   library setup time
                                  9.67   data required time
-----------------------------------------------------------------------------
                                  9.67   data required time
                                 -3.24   data arrival time
-----------------------------------------------------------------------------
                                  6.43   slack (MET)


Startpoint: wr (input port clocked by w_clk)
Endpoint: _1078_ (rising edge-triggered flip-flop clocked by w_clk)
Path Group: w_clk
Path Type: max

Fanout     Cap    Slew   Delay    Time   Description
-----------------------------------------------------------------------------
                  0.15    0.00    0.00   clock w_clk (rise edge)
                          0.00    0.00   clock network delay (ideal)
                          2.00    2.00 ^ input external delay
                  0.04    0.03    2.03 ^ wr (in)
     3    0.01                           wr (net)
                  0.04    0.00    2.03 ^ _0488_/A (sky130_fd_sc_hd__buf_1)
                  0.46    0.38    2.41 ^ _0488_/X (sky130_fd_sc_hd__buf_1)
    16    0.04                           _0188_ (net)
                  0.46    0.00    2.41 ^ _0889_/C1 (sky130_fd_sc_hd__o211a_2)
                  0.17    0.38    2.79 ^ _0889_/X (sky130_fd_sc_hd__o211a_2)
     8    0.03                           _0443_ (net)
                  0.17    0.00    2.79 ^ _0902_/S (sky130_fd_sc_hd__mux2_2)
                  0.05    0.36    3.15 v _0902_/X (sky130_fd_sc_hd__mux2_2)
     1    0.00                           _0450_ (net)
                  0.05    0.00    3.15 v _0903_/A (sky130_fd_sc_hd__buf_1)
                  0.02    0.09    3.24 v _0903_/X (sky130_fd_sc_hd__buf_1)
     1    0.00                           _0152_ (net)
                  0.02    0.00    3.24 v _1078_/D (sky130_fd_sc_hd__dfxtp_2)
                                  3.24   data arrival time

                  0.15   10.00   10.00   clock w_clk (rise edge)
                          0.00   10.00   clock network delay (ideal)
                         -0.25    9.75   clock uncertainty
                          0.00    9.75   clock reconvergence pessimism
                                  9.75 ^ _1078_/CLK (sky130_fd_sc_hd__dfxtp_2)
                         -0.08    9.67   library setup time
                                  9.67   data required time
-----------------------------------------------------------------------------
                                  9.67   data required time
                                 -3.24   data arrival time
-----------------------------------------------------------------------------
                                  6.43   slack (MET)


Startpoint: wr (input port clocked by w_clk)
Endpoint: _1079_ (rising edge-triggered flip-flop clocked by w_clk)
Path Group: w_clk
Path Type: max

Fanout     Cap    Slew   Delay    Time   Description
-----------------------------------------------------------------------------
                  0.15    0.00    0.00   clock w_clk (rise edge)
                          0.00    0.00   clock network delay (ideal)
                          2.00    2.00 ^ input external delay
                  0.04    0.03    2.03 ^ wr (in)
     3    0.01                           wr (net)
                  0.04    0.00    2.03 ^ _0488_/A (sky130_fd_sc_hd__buf_1)
                  0.46    0.38    2.41 ^ _0488_/X (sky130_fd_sc_hd__buf_1)
    16    0.04                           _0188_ (net)
                  0.46    0.00    2.41 ^ _0889_/C1 (sky130_fd_sc_hd__o211a_2)
                  0.17    0.38    2.79 ^ _0889_/X (sky130_fd_sc_hd__o211a_2)
     8    0.03                           _0443_ (net)
                  0.17    0.00    2.79 ^ _0904_/S (sky130_fd_sc_hd__mux2_2)
                  0.05    0.36    3.15 v _0904_/X (sky130_fd_sc_hd__mux2_2)
     1    0.00                           _0451_ (net)
                  0.05    0.00    3.15 v _0905_/A (sky130_fd_sc_hd__buf_1)
                  0.02    0.09    3.24 v _0905_/X (sky130_fd_sc_hd__buf_1)
     1    0.00                           _0153_ (net)
                  0.02    0.00    3.24 v _1079_/D (sky130_fd_sc_hd__dfxtp_2)
                                  3.24   data arrival time

                  0.15   10.00   10.00   clock w_clk (rise edge)
                          0.00   10.00   clock network delay (ideal)
                         -0.25    9.75   clock uncertainty
                          0.00    9.75   clock reconvergence pessimism
                                  9.75 ^ _1079_/CLK (sky130_fd_sc_hd__dfxtp_2)
                         -0.08    9.67   library setup time
                                  9.67   data required time
-----------------------------------------------------------------------------
                                  9.67   data required time
                                 -3.24   data arrival time
-----------------------------------------------------------------------------
                                  6.43   slack (MET)


Startpoint: _1060_ (rising edge-triggered flip-flop clocked by w_clk)
Endpoint: _1020_ (rising edge-triggered flip-flop clocked by w_clk)
Path Group: w_clk
Path Type: max

Fanout     Cap    Slew   Delay    Time   Description
-----------------------------------------------------------------------------
                  0.15    0.00    0.00   clock w_clk (rise edge)
                          0.00    0.00   clock network delay (ideal)
                  0.15    0.00    0.00 ^ _1060_/CLK (sky130_fd_sc_hd__dfrtp_2)
                  0.04    0.43    0.43 v _1060_/Q (sky130_fd_sc_hd__dfrtp_2)
     1    0.00                           w_ptr_b[0] (net)
                  0.04    0.00    0.43 v _0453_/A (sky130_fd_sc_hd__buf_1)
                  0.22    0.25    0.68 v _0453_/X (sky130_fd_sc_hd__buf_1)
    13    0.04                           _0155_ (net)
                  0.22    0.00    0.68 v _0456_/A (sky130_fd_sc_hd__and3_2)
                  0.04    0.26    0.94 v _0456_/X (sky130_fd_sc_hd__and3_2)
     1    0.00                           _0158_ (net)
                  0.04    0.00    0.94 v _0457_/A (sky130_fd_sc_hd__buf_1)
                  0.12    0.17    1.11 v _0457_/X (sky130_fd_sc_hd__buf_1)
     5    0.02                           _0159_ (net)
                  0.12    0.00    1.11 v _0465_/A (sky130_fd_sc_hd__or3_2)
                  0.11    0.56    1.67 v _0465_/X (sky130_fd_sc_hd__or3_2)
     3    0.01                           _0167_ (net)
                  0.11    0.00    1.67 v _0466_/A2 (sky130_fd_sc_hd__a21bo_2)
                  0.03    0.24    1.91 v _0466_/X (sky130_fd_sc_hd__a21bo_2)
     1    0.00                           _0168_ (net)
                  0.03    0.00    1.91 v _0473_/A1 (sky130_fd_sc_hd__a2111o_2)
                  0.08    0.45    2.36 v _0473_/X (sky130_fd_sc_hd__a2111o_2)
     4    0.01                           _0175_ (net)
                  0.08    0.00    2.36 v _0474_/A (sky130_fd_sc_hd__buf_1)
                  0.21    0.26    2.62 v _0474_/X (sky130_fd_sc_hd__buf_1)
    16    0.04                           _0176_ (net)
                  0.21    0.00    2.62 v _0805_/A2 (sky130_fd_sc_hd__o21a_2)
                  0.10    0.35    2.97 v _0805_/X (sky130_fd_sc_hd__o21a_2)
     9    0.03                           _0393_ (net)
                  0.10    0.00    2.97 v _0812_/A2 (sky130_fd_sc_hd__o21ba_2)
                  0.03    0.22    3.19 v _0812_/X (sky130_fd_sc_hd__o21ba_2)
     1    0.00                           _0114_ (net)
                  0.03    0.00    3.19 v _1020_/D (sky130_fd_sc_hd__dfrtp_2)
                                  3.19   data arrival time

                  0.15   10.00   10.00   clock w_clk (rise edge)
                          0.00   10.00   clock network delay (ideal)
                         -0.25    9.75   clock uncertainty
                          0.00    9.75   clock reconvergence pessimism
                                  9.75 ^ _1020_/CLK (sky130_fd_sc_hd__dfrtp_2)
                         -0.09    9.66   library setup time
                                  9.66   data required time
-----------------------------------------------------------------------------
                                  9.66   data required time
                                 -3.19   data arrival time
-----------------------------------------------------------------------------
                                  6.48   slack (MET)


Startpoint: _1060_ (rising edge-triggered flip-flop clocked by w_clk)
Endpoint: _1060_ (rising edge-triggered flip-flop clocked by w_clk)
Path Group: w_clk
Path Type: max

Fanout     Cap    Slew   Delay    Time   Description
-----------------------------------------------------------------------------
                  0.15    0.00    0.00   clock w_clk (rise edge)
                          0.00    0.00   clock network delay (ideal)
                  0.15    0.00    0.00 ^ _1060_/CLK (sky130_fd_sc_hd__dfrtp_2)
                  0.04    0.43    0.43 v _1060_/Q (sky130_fd_sc_hd__dfrtp_2)
     1    0.00                           w_ptr_b[0] (net)
                  0.04    0.00    0.43 v _0453_/A (sky130_fd_sc_hd__buf_1)
                  0.22    0.25    0.68 v _0453_/X (sky130_fd_sc_hd__buf_1)
    13    0.04                           _0155_ (net)
                  0.22    0.00    0.68 v _0456_/A (sky130_fd_sc_hd__and3_2)
                  0.04    0.26    0.94 v _0456_/X (sky130_fd_sc_hd__and3_2)
     1    0.00                           _0158_ (net)
                  0.04    0.00    0.94 v _0457_/A (sky130_fd_sc_hd__buf_1)
                  0.12    0.17    1.11 v _0457_/X (sky130_fd_sc_hd__buf_1)
     5    0.02                           _0159_ (net)
                  0.12    0.00    1.11 v _0465_/A (sky130_fd_sc_hd__or3_2)
                  0.11    0.56    1.67 v _0465_/X (sky130_fd_sc_hd__or3_2)
     3    0.01                           _0167_ (net)
                  0.11    0.00    1.67 v _0466_/A2 (sky130_fd_sc_hd__a21bo_2)
                  0.03    0.24    1.91 v _0466_/X (sky130_fd_sc_hd__a21bo_2)
     1    0.00                           _0168_ (net)
                  0.03    0.00    1.91 v _0473_/A1 (sky130_fd_sc_hd__a2111o_2)
                  0.08    0.45    2.36 v _0473_/X (sky130_fd_sc_hd__a2111o_2)
     4    0.01                           _0175_ (net)
                  0.08    0.00    2.36 v _0474_/A (sky130_fd_sc_hd__buf_1)
                  0.21    0.26    2.62 v _0474_/X (sky130_fd_sc_hd__buf_1)
    16    0.04                           _0176_ (net)
                  0.21    0.00    2.62 v _0805_/A2 (sky130_fd_sc_hd__o21a_2)
                  0.10    0.35    2.97 v _0805_/X (sky130_fd_sc_hd__o21a_2)
     9    0.03                           _0393_ (net)
                  0.10    0.00    2.97 v _0862_/B (sky130_fd_sc_hd__xor2_2)
                  0.08    0.16    3.13 v _0862_/X (sky130_fd_sc_hd__xor2_2)
     1    0.00                           _0134_ (net)
                  0.08    0.00    3.13 v _1060_/D (sky130_fd_sc_hd__dfrtp_2)
                                  3.13   data arrival time

                  0.15   10.00   10.00   clock w_clk (rise edge)
                          0.00   10.00   clock network delay (ideal)
                         -0.25    9.75   clock uncertainty
                          0.00    9.75   clock reconvergence pessimism
                                  9.75 ^ _1060_/CLK (sky130_fd_sc_hd__dfrtp_2)
                         -0.11    9.64   library setup time
                                  9.64   data required time
-----------------------------------------------------------------------------
                                  9.64   data required time
                                 -3.13   data arrival time
-----------------------------------------------------------------------------
                                  6.51   slack (MET)


Startpoint: _1060_ (rising edge-triggered flip-flop clocked by w_clk)
Endpoint: _0994_ (rising edge-triggered flip-flop clocked by w_clk)
Path Group: w_clk
Path Type: max

Fanout     Cap    Slew   Delay    Time   Description
-----------------------------------------------------------------------------
                  0.15    0.00    0.00   clock w_clk (rise edge)
                          0.00    0.00   clock network delay (ideal)
                  0.15    0.00    0.00 ^ _1060_/CLK (sky130_fd_sc_hd__dfrtp_2)
                  0.04    0.43    0.43 v _1060_/Q (sky130_fd_sc_hd__dfrtp_2)
     1    0.00                           w_ptr_b[0] (net)
                  0.04    0.00    0.43 v _0453_/A (sky130_fd_sc_hd__buf_1)
                  0.22    0.25    0.68 v _0453_/X (sky130_fd_sc_hd__buf_1)
    13    0.04                           _0155_ (net)
                  0.22    0.00    0.68 v _0456_/A (sky130_fd_sc_hd__and3_2)
                  0.04    0.26    0.94 v _0456_/X (sky130_fd_sc_hd__and3_2)
     1    0.00                           _0158_ (net)
                  0.04    0.00    0.94 v _0457_/A (sky130_fd_sc_hd__buf_1)
                  0.12    0.17    1.11 v _0457_/X (sky130_fd_sc_hd__buf_1)
     5    0.02                           _0159_ (net)
                  0.12    0.00    1.11 v _0465_/A (sky130_fd_sc_hd__or3_2)
                  0.11    0.56    1.67 v _0465_/X (sky130_fd_sc_hd__or3_2)
     3    0.01                           _0167_ (net)
                  0.11    0.00    1.67 v _0466_/A2 (sky130_fd_sc_hd__a21bo_2)
                  0.03    0.24    1.91 v _0466_/X (sky130_fd_sc_hd__a21bo_2)
     1    0.00                           _0168_ (net)
                  0.03    0.00    1.91 v _0473_/A1 (sky130_fd_sc_hd__a2111o_2)
                  0.08    0.45    2.36 v _0473_/X (sky130_fd_sc_hd__a2111o_2)
     4    0.01                           _0175_ (net)
                  0.08    0.00    2.36 v _0752_/A2 (sky130_fd_sc_hd__o2111a_2)
                  0.09    0.33    2.70 v _0752_/X (sky130_fd_sc_hd__o2111a_2)
     8    0.02                           _0364_ (net)
                  0.09    0.00    2.70 v _0753_/S (sky130_fd_sc_hd__mux2_2)
                  0.05    0.29    2.99 v _0753_/X (sky130_fd_sc_hd__mux2_2)
     1    0.00                           _0365_ (net)
                  0.05    0.00    2.99 v _0754_/A (sky130_fd_sc_hd__buf_1)
                  0.02    0.09    3.07 v _0754_/X (sky130_fd_sc_hd__buf_1)
     1    0.00                           _0088_ (net)
                  0.02    0.00    3.07 v _0994_/D (sky130_fd_sc_hd__dfxtp_2)
                                  3.07   data arrival time

                  0.15   10.00   10.00   clock w_clk (rise edge)
                          0.00   10.00   clock network delay (ideal)
                         -0.25    9.75   clock uncertainty
                          0.00    9.75   clock reconvergence pessimism
                                  9.75 ^ _0994_/CLK (sky130_fd_sc_hd__dfxtp_2)
                         -0.08    9.67   library setup time
                                  9.67   data required time
-----------------------------------------------------------------------------
                                  9.67   data required time
                                 -3.07   data arrival time
-----------------------------------------------------------------------------
                                  6.60   slack (MET)


Startpoint: _1060_ (rising edge-triggered flip-flop clocked by w_clk)
Endpoint: _0995_ (rising edge-triggered flip-flop clocked by w_clk)
Path Group: w_clk
Path Type: max

Fanout     Cap    Slew   Delay    Time   Description
-----------------------------------------------------------------------------
                  0.15    0.00    0.00   clock w_clk (rise edge)
                          0.00    0.00   clock network delay (ideal)
                  0.15    0.00    0.00 ^ _1060_/CLK (sky130_fd_sc_hd__dfrtp_2)
                  0.04    0.43    0.43 v _1060_/Q (sky130_fd_sc_hd__dfrtp_2)
     1    0.00                           w_ptr_b[0] (net)
                  0.04    0.00    0.43 v _0453_/A (sky130_fd_sc_hd__buf_1)
                  0.22    0.25    0.68 v _0453_/X (sky130_fd_sc_hd__buf_1)
    13    0.04                           _0155_ (net)
                  0.22    0.00    0.68 v _0456_/A (sky130_fd_sc_hd__and3_2)
                  0.04    0.26    0.94 v _0456_/X (sky130_fd_sc_hd__and3_2)
     1    0.00                           _0158_ (net)
                  0.04    0.00    0.94 v _0457_/A (sky130_fd_sc_hd__buf_1)
                  0.12    0.17    1.11 v _0457_/X (sky130_fd_sc_hd__buf_1)
     5    0.02                           _0159_ (net)
                  0.12    0.00    1.11 v _0465_/A (sky130_fd_sc_hd__or3_2)
                  0.11    0.56    1.67 v _0465_/X (sky130_fd_sc_hd__or3_2)
     3    0.01                           _0167_ (net)
                  0.11    0.00    1.67 v _0466_/A2 (sky130_fd_sc_hd__a21bo_2)
                  0.03    0.24    1.91 v _0466_/X (sky130_fd_sc_hd__a21bo_2)
     1    0.00                           _0168_ (net)
                  0.03    0.00    1.91 v _0473_/A1 (sky130_fd_sc_hd__a2111o_2)
                  0.08    0.45    2.36 v _0473_/X (sky130_fd_sc_hd__a2111o_2)
     4    0.01                           _0175_ (net)
                  0.08    0.00    2.36 v _0752_/A2 (sky130_fd_sc_hd__o2111a_2)
                  0.09    0.33    2.70 v _0752_/X (sky130_fd_sc_hd__o2111a_2)
     8    0.02                           _0364_ (net)
                  0.09    0.00    2.70 v _0755_/S (sky130_fd_sc_hd__mux2_2)
                  0.05    0.29    2.99 v _0755_/X (sky130_fd_sc_hd__mux2_2)
     1    0.00                           _0366_ (net)
                  0.05    0.00    2.99 v _0756_/A (sky130_fd_sc_hd__buf_1)
                  0.02    0.09    3.07 v _0756_/X (sky130_fd_sc_hd__buf_1)
     1    0.00                           _0089_ (net)
                  0.02    0.00    3.07 v _0995_/D (sky130_fd_sc_hd__dfxtp_2)
                                  3.07   data arrival time

                  0.15   10.00   10.00   clock w_clk (rise edge)
                          0.00   10.00   clock network delay (ideal)
                         -0.25    9.75   clock uncertainty
                          0.00    9.75   clock reconvergence pessimism
                                  9.75 ^ _0995_/CLK (sky130_fd_sc_hd__dfxtp_2)
                         -0.08    9.67   library setup time
                                  9.67   data required time
-----------------------------------------------------------------------------
                                  9.67   data required time
                                 -3.07   data arrival time
-----------------------------------------------------------------------------
                                  6.60   slack (MET)


Startpoint: _1060_ (rising edge-triggered flip-flop clocked by w_clk)
Endpoint: _0996_ (rising edge-triggered flip-flop clocked by w_clk)
Path Group: w_clk
Path Type: max

Fanout     Cap    Slew   Delay    Time   Description
-----------------------------------------------------------------------------
                  0.15    0.00    0.00   clock w_clk (rise edge)
                          0.00    0.00   clock network delay (ideal)
                  0.15    0.00    0.00 ^ _1060_/CLK (sky130_fd_sc_hd__dfrtp_2)
                  0.04    0.43    0.43 v _1060_/Q (sky130_fd_sc_hd__dfrtp_2)
     1    0.00                           w_ptr_b[0] (net)
                  0.04    0.00    0.43 v _0453_/A (sky130_fd_sc_hd__buf_1)
                  0.22    0.25    0.68 v _0453_/X (sky130_fd_sc_hd__buf_1)
    13    0.04                           _0155_ (net)
                  0.22    0.00    0.68 v _0456_/A (sky130_fd_sc_hd__and3_2)
                  0.04    0.26    0.94 v _0456_/X (sky130_fd_sc_hd__and3_2)
     1    0.00                           _0158_ (net)
                  0.04    0.00    0.94 v _0457_/A (sky130_fd_sc_hd__buf_1)
                  0.12    0.17    1.11 v _0457_/X (sky130_fd_sc_hd__buf_1)
     5    0.02                           _0159_ (net)
                  0.12    0.00    1.11 v _0465_/A (sky130_fd_sc_hd__or3_2)
                  0.11    0.56    1.67 v _0465_/X (sky130_fd_sc_hd__or3_2)
     3    0.01                           _0167_ (net)
                  0.11    0.00    1.67 v _0466_/A2 (sky130_fd_sc_hd__a21bo_2)
                  0.03    0.24    1.91 v _0466_/X (sky130_fd_sc_hd__a21bo_2)
     1    0.00                           _0168_ (net)
                  0.03    0.00    1.91 v _0473_/A1 (sky130_fd_sc_hd__a2111o_2)
                  0.08    0.45    2.36 v _0473_/X (sky130_fd_sc_hd__a2111o_2)
     4    0.01                           _0175_ (net)
                  0.08    0.00    2.36 v _0752_/A2 (sky130_fd_sc_hd__o2111a_2)
                  0.09    0.33    2.70 v _0752_/X (sky130_fd_sc_hd__o2111a_2)
     8    0.02                           _0364_ (net)
                  0.09    0.00    2.70 v _0757_/S (sky130_fd_sc_hd__mux2_2)
                  0.05    0.29    2.99 v _0757_/X (sky130_fd_sc_hd__mux2_2)
     1    0.00                           _0367_ (net)
                  0.05    0.00    2.99 v _0758_/A (sky130_fd_sc_hd__buf_1)
                  0.02    0.09    3.07 v _0758_/X (sky130_fd_sc_hd__buf_1)
     1    0.00                           _0090_ (net)
                  0.02    0.00    3.07 v _0996_/D (sky130_fd_sc_hd__dfxtp_2)
                                  3.07   data arrival time

                  0.15   10.00   10.00   clock w_clk (rise edge)
                          0.00   10.00   clock network delay (ideal)
                         -0.25    9.75   clock uncertainty
                          0.00    9.75   clock reconvergence pessimism
                                  9.75 ^ _0996_/CLK (sky130_fd_sc_hd__dfxtp_2)
                         -0.08    9.67   library setup time
                                  9.67   data required time
-----------------------------------------------------------------------------
                                  9.67   data required time
                                 -3.07   data arrival time
-----------------------------------------------------------------------------
                                  6.60   slack (MET)


Startpoint: _1060_ (rising edge-triggered flip-flop clocked by w_clk)
Endpoint: _0997_ (rising edge-triggered flip-flop clocked by w_clk)
Path Group: w_clk
Path Type: max

Fanout     Cap    Slew   Delay    Time   Description
-----------------------------------------------------------------------------
                  0.15    0.00    0.00   clock w_clk (rise edge)
                          0.00    0.00   clock network delay (ideal)
                  0.15    0.00    0.00 ^ _1060_/CLK (sky130_fd_sc_hd__dfrtp_2)
                  0.04    0.43    0.43 v _1060_/Q (sky130_fd_sc_hd__dfrtp_2)
     1    0.00                           w_ptr_b[0] (net)
                  0.04    0.00    0.43 v _0453_/A (sky130_fd_sc_hd__buf_1)
                  0.22    0.25    0.68 v _0453_/X (sky130_fd_sc_hd__buf_1)
    13    0.04                           _0155_ (net)
                  0.22    0.00    0.68 v _0456_/A (sky130_fd_sc_hd__and3_2)
                  0.04    0.26    0.94 v _0456_/X (sky130_fd_sc_hd__and3_2)
     1    0.00                           _0158_ (net)
                  0.04    0.00    0.94 v _0457_/A (sky130_fd_sc_hd__buf_1)
                  0.12    0.17    1.11 v _0457_/X (sky130_fd_sc_hd__buf_1)
     5    0.02                           _0159_ (net)
                  0.12    0.00    1.11 v _0465_/A (sky130_fd_sc_hd__or3_2)
                  0.11    0.56    1.67 v _0465_/X (sky130_fd_sc_hd__or3_2)
     3    0.01                           _0167_ (net)
                  0.11    0.00    1.67 v _0466_/A2 (sky130_fd_sc_hd__a21bo_2)
                  0.03    0.24    1.91 v _0466_/X (sky130_fd_sc_hd__a21bo_2)
     1    0.00                           _0168_ (net)
                  0.03    0.00    1.91 v _0473_/A1 (sky130_fd_sc_hd__a2111o_2)
                  0.08    0.45    2.36 v _0473_/X (sky130_fd_sc_hd__a2111o_2)
     4    0.01                           _0175_ (net)
                  0.08    0.00    2.36 v _0752_/A2 (sky130_fd_sc_hd__o2111a_2)
                  0.09    0.33    2.70 v _0752_/X (sky130_fd_sc_hd__o2111a_2)
     8    0.02                           _0364_ (net)
                  0.09    0.00    2.70 v _0759_/S (sky130_fd_sc_hd__mux2_2)
                  0.05    0.29    2.99 v _0759_/X (sky130_fd_sc_hd__mux2_2)
     1    0.00                           _0368_ (net)
                  0.05    0.00    2.99 v _0760_/A (sky130_fd_sc_hd__buf_1)
                  0.02    0.09    3.07 v _0760_/X (sky130_fd_sc_hd__buf_1)
     1    0.00                           _0091_ (net)
                  0.02    0.00    3.07 v _0997_/D (sky130_fd_sc_hd__dfxtp_2)
                                  3.07   data arrival time

                  0.15   10.00   10.00   clock w_clk (rise edge)
                          0.00   10.00   clock network delay (ideal)
                         -0.25    9.75   clock uncertainty
                          0.00    9.75   clock reconvergence pessimism
                                  9.75 ^ _0997_/CLK (sky130_fd_sc_hd__dfxtp_2)
                         -0.08    9.67   library setup time
                                  9.67   data required time
-----------------------------------------------------------------------------
                                  9.67   data required time
                                 -3.07   data arrival time
-----------------------------------------------------------------------------
                                  6.60   slack (MET)


Startpoint: _1060_ (rising edge-triggered flip-flop clocked by w_clk)
Endpoint: _0998_ (rising edge-triggered flip-flop clocked by w_clk)
Path Group: w_clk
Path Type: max

Fanout     Cap    Slew   Delay    Time   Description
-----------------------------------------------------------------------------
                  0.15    0.00    0.00   clock w_clk (rise edge)
                          0.00    0.00   clock network delay (ideal)
                  0.15    0.00    0.00 ^ _1060_/CLK (sky130_fd_sc_hd__dfrtp_2)
                  0.04    0.43    0.43 v _1060_/Q (sky130_fd_sc_hd__dfrtp_2)
     1    0.00                           w_ptr_b[0] (net)
                  0.04    0.00    0.43 v _0453_/A (sky130_fd_sc_hd__buf_1)
                  0.22    0.25    0.68 v _0453_/X (sky130_fd_sc_hd__buf_1)
    13    0.04                           _0155_ (net)
                  0.22    0.00    0.68 v _0456_/A (sky130_fd_sc_hd__and3_2)
                  0.04    0.26    0.94 v _0456_/X (sky130_fd_sc_hd__and3_2)
     1    0.00                           _0158_ (net)
                  0.04    0.00    0.94 v _0457_/A (sky130_fd_sc_hd__buf_1)
                  0.12    0.17    1.11 v _0457_/X (sky130_fd_sc_hd__buf_1)
     5    0.02                           _0159_ (net)
                  0.12    0.00    1.11 v _0465_/A (sky130_fd_sc_hd__or3_2)
                  0.11    0.56    1.67 v _0465_/X (sky130_fd_sc_hd__or3_2)
     3    0.01                           _0167_ (net)
                  0.11    0.00    1.67 v _0466_/A2 (sky130_fd_sc_hd__a21bo_2)
                  0.03    0.24    1.91 v _0466_/X (sky130_fd_sc_hd__a21bo_2)
     1    0.00                           _0168_ (net)
                  0.03    0.00    1.91 v _0473_/A1 (sky130_fd_sc_hd__a2111o_2)
                  0.08    0.45    2.36 v _0473_/X (sky130_fd_sc_hd__a2111o_2)
     4    0.01                           _0175_ (net)
                  0.08    0.00    2.36 v _0752_/A2 (sky130_fd_sc_hd__o2111a_2)
                  0.09    0.33    2.70 v _0752_/X (sky130_fd_sc_hd__o2111a_2)
     8    0.02                           _0364_ (net)
                  0.09    0.00    2.70 v _0761_/S (sky130_fd_sc_hd__mux2_2)
                  0.05    0.29    2.99 v _0761_/X (sky130_fd_sc_hd__mux2_2)
     1    0.00                           _0369_ (net)
                  0.05    0.00    2.99 v _0762_/A (sky130_fd_sc_hd__buf_1)
                  0.02    0.09    3.07 v _0762_/X (sky130_fd_sc_hd__buf_1)
     1    0.00                           _0092_ (net)
                  0.02    0.00    3.07 v _0998_/D (sky130_fd_sc_hd__dfxtp_2)
                                  3.07   data arrival time

                  0.15   10.00   10.00   clock w_clk (rise edge)
                          0.00   10.00   clock network delay (ideal)
                         -0.25    9.75   clock uncertainty
                          0.00    9.75   clock reconvergence pessimism
                                  9.75 ^ _0998_/CLK (sky130_fd_sc_hd__dfxtp_2)
                         -0.08    9.67   library setup time
                                  9.67   data required time
-----------------------------------------------------------------------------
                                  9.67   data required time
                                 -3.07   data arrival time
-----------------------------------------------------------------------------
                                  6.60   slack (MET)


Startpoint: _1060_ (rising edge-triggered flip-flop clocked by w_clk)
Endpoint: _0999_ (rising edge-triggered flip-flop clocked by w_clk)
Path Group: w_clk
Path Type: max

Fanout     Cap    Slew   Delay    Time   Description
-----------------------------------------------------------------------------
                  0.15    0.00    0.00   clock w_clk (rise edge)
                          0.00    0.00   clock network delay (ideal)
                  0.15    0.00    0.00 ^ _1060_/CLK (sky130_fd_sc_hd__dfrtp_2)
                  0.04    0.43    0.43 v _1060_/Q (sky130_fd_sc_hd__dfrtp_2)
     1    0.00                           w_ptr_b[0] (net)
                  0.04    0.00    0.43 v _0453_/A (sky130_fd_sc_hd__buf_1)
                  0.22    0.25    0.68 v _0453_/X (sky130_fd_sc_hd__buf_1)
    13    0.04                           _0155_ (net)
                  0.22    0.00    0.68 v _0456_/A (sky130_fd_sc_hd__and3_2)
                  0.04    0.26    0.94 v _0456_/X (sky130_fd_sc_hd__and3_2)
     1    0.00                           _0158_ (net)
                  0.04    0.00    0.94 v _0457_/A (sky130_fd_sc_hd__buf_1)
                  0.12    0.17    1.11 v _0457_/X (sky130_fd_sc_hd__buf_1)
     5    0.02                           _0159_ (net)
                  0.12    0.00    1.11 v _0465_/A (sky130_fd_sc_hd__or3_2)
                  0.11    0.56    1.67 v _0465_/X (sky130_fd_sc_hd__or3_2)
     3    0.01                           _0167_ (net)
                  0.11    0.00    1.67 v _0466_/A2 (sky130_fd_sc_hd__a21bo_2)
                  0.03    0.24    1.91 v _0466_/X (sky130_fd_sc_hd__a21bo_2)
     1    0.00                           _0168_ (net)
                  0.03    0.00    1.91 v _0473_/A1 (sky130_fd_sc_hd__a2111o_2)
                  0.08    0.45    2.36 v _0473_/X (sky130_fd_sc_hd__a2111o_2)
     4    0.01                           _0175_ (net)
                  0.08    0.00    2.36 v _0752_/A2 (sky130_fd_sc_hd__o2111a_2)
                  0.09    0.33    2.70 v _0752_/X (sky130_fd_sc_hd__o2111a_2)
     8    0.02                           _0364_ (net)
                  0.09    0.00    2.70 v _0763_/S (sky130_fd_sc_hd__mux2_2)
                  0.05    0.29    2.99 v _0763_/X (sky130_fd_sc_hd__mux2_2)
     1    0.00                           _0370_ (net)
                  0.05    0.00    2.99 v _0764_/A (sky130_fd_sc_hd__buf_1)
                  0.02    0.09    3.07 v _0764_/X (sky130_fd_sc_hd__buf_1)
     1    0.00                           _0093_ (net)
                  0.02    0.00    3.07 v _0999_/D (sky130_fd_sc_hd__dfxtp_2)
                                  3.07   data arrival time

                  0.15   10.00   10.00   clock w_clk (rise edge)
                          0.00   10.00   clock network delay (ideal)
                         -0.25    9.75   clock uncertainty
                          0.00    9.75   clock reconvergence pessimism
                                  9.75 ^ _0999_/CLK (sky130_fd_sc_hd__dfxtp_2)
                         -0.08    9.67   library setup time
                                  9.67   data required time
-----------------------------------------------------------------------------
                                  9.67   data required time
                                 -3.07   data arrival time
-----------------------------------------------------------------------------
                                  6.60   slack (MET)


Startpoint: _1060_ (rising edge-triggered flip-flop clocked by w_clk)
Endpoint: _1000_ (rising edge-triggered flip-flop clocked by w_clk)
Path Group: w_clk
Path Type: max

Fanout     Cap    Slew   Delay    Time   Description
-----------------------------------------------------------------------------
                  0.15    0.00    0.00   clock w_clk (rise edge)
                          0.00    0.00   clock network delay (ideal)
                  0.15    0.00    0.00 ^ _1060_/CLK (sky130_fd_sc_hd__dfrtp_2)
                  0.04    0.43    0.43 v _1060_/Q (sky130_fd_sc_hd__dfrtp_2)
     1    0.00                           w_ptr_b[0] (net)
                  0.04    0.00    0.43 v _0453_/A (sky130_fd_sc_hd__buf_1)
                  0.22    0.25    0.68 v _0453_/X (sky130_fd_sc_hd__buf_1)
    13    0.04                           _0155_ (net)
                  0.22    0.00    0.68 v _0456_/A (sky130_fd_sc_hd__and3_2)
                  0.04    0.26    0.94 v _0456_/X (sky130_fd_sc_hd__and3_2)
     1    0.00                           _0158_ (net)
                  0.04    0.00    0.94 v _0457_/A (sky130_fd_sc_hd__buf_1)
                  0.12    0.17    1.11 v _0457_/X (sky130_fd_sc_hd__buf_1)
     5    0.02                           _0159_ (net)
                  0.12    0.00    1.11 v _0465_/A (sky130_fd_sc_hd__or3_2)
                  0.11    0.56    1.67 v _0465_/X (sky130_fd_sc_hd__or3_2)
     3    0.01                           _0167_ (net)
                  0.11    0.00    1.67 v _0466_/A2 (sky130_fd_sc_hd__a21bo_2)
                  0.03    0.24    1.91 v _0466_/X (sky130_fd_sc_hd__a21bo_2)
     1    0.00                           _0168_ (net)
                  0.03    0.00    1.91 v _0473_/A1 (sky130_fd_sc_hd__a2111o_2)
                  0.08    0.45    2.36 v _0473_/X (sky130_fd_sc_hd__a2111o_2)
     4    0.01                           _0175_ (net)
                  0.08    0.00    2.36 v _0752_/A2 (sky130_fd_sc_hd__o2111a_2)
                  0.09    0.33    2.70 v _0752_/X (sky130_fd_sc_hd__o2111a_2)
     8    0.02                           _0364_ (net)
                  0.09    0.00    2.70 v _0765_/S (sky130_fd_sc_hd__mux2_2)
                  0.05    0.29    2.99 v _0765_/X (sky130_fd_sc_hd__mux2_2)
     1    0.00                           _0371_ (net)
                  0.05    0.00    2.99 v _0766_/A (sky130_fd_sc_hd__buf_1)
                  0.02    0.09    3.07 v _0766_/X (sky130_fd_sc_hd__buf_1)
     1    0.00                           _0094_ (net)
                  0.02    0.00    3.07 v _1000_/D (sky130_fd_sc_hd__dfxtp_2)
                                  3.07   data arrival time

                  0.15   10.00   10.00   clock w_clk (rise edge)
                          0.00   10.00   clock network delay (ideal)
                         -0.25    9.75   clock uncertainty
                          0.00    9.75   clock reconvergence pessimism
                                  9.75 ^ _1000_/CLK (sky130_fd_sc_hd__dfxtp_2)
                         -0.08    9.67   library setup time
                                  9.67   data required time
-----------------------------------------------------------------------------
                                  9.67   data required time
                                 -3.07   data arrival time
-----------------------------------------------------------------------------
                                  6.60   slack (MET)


Startpoint: _1060_ (rising edge-triggered flip-flop clocked by w_clk)
Endpoint: _1001_ (rising edge-triggered flip-flop clocked by w_clk)
Path Group: w_clk
Path Type: max

Fanout     Cap    Slew   Delay    Time   Description
-----------------------------------------------------------------------------
                  0.15    0.00    0.00   clock w_clk (rise edge)
                          0.00    0.00   clock network delay (ideal)
                  0.15    0.00    0.00 ^ _1060_/CLK (sky130_fd_sc_hd__dfrtp_2)
                  0.04    0.43    0.43 v _1060_/Q (sky130_fd_sc_hd__dfrtp_2)
     1    0.00                           w_ptr_b[0] (net)
                  0.04    0.00    0.43 v _0453_/A (sky130_fd_sc_hd__buf_1)
                  0.22    0.25    0.68 v _0453_/X (sky130_fd_sc_hd__buf_1)
    13    0.04                           _0155_ (net)
                  0.22    0.00    0.68 v _0456_/A (sky130_fd_sc_hd__and3_2)
                  0.04    0.26    0.94 v _0456_/X (sky130_fd_sc_hd__and3_2)
     1    0.00                           _0158_ (net)
                  0.04    0.00    0.94 v _0457_/A (sky130_fd_sc_hd__buf_1)
                  0.12    0.17    1.11 v _0457_/X (sky130_fd_sc_hd__buf_1)
     5    0.02                           _0159_ (net)
                  0.12    0.00    1.11 v _0465_/A (sky130_fd_sc_hd__or3_2)
                  0.11    0.56    1.67 v _0465_/X (sky130_fd_sc_hd__or3_2)
     3    0.01                           _0167_ (net)
                  0.11    0.00    1.67 v _0466_/A2 (sky130_fd_sc_hd__a21bo_2)
                  0.03    0.24    1.91 v _0466_/X (sky130_fd_sc_hd__a21bo_2)
     1    0.00                           _0168_ (net)
                  0.03    0.00    1.91 v _0473_/A1 (sky130_fd_sc_hd__a2111o_2)
                  0.08    0.45    2.36 v _0473_/X (sky130_fd_sc_hd__a2111o_2)
     4    0.01                           _0175_ (net)
                  0.08    0.00    2.36 v _0752_/A2 (sky130_fd_sc_hd__o2111a_2)
                  0.09    0.33    2.70 v _0752_/X (sky130_fd_sc_hd__o2111a_2)
     8    0.02                           _0364_ (net)
                  0.09    0.00    2.70 v _0767_/S (sky130_fd_sc_hd__mux2_2)
                  0.05    0.29    2.99 v _0767_/X (sky130_fd_sc_hd__mux2_2)
     1    0.00                           _0372_ (net)
                  0.05    0.00    2.99 v _0768_/A (sky130_fd_sc_hd__buf_1)
                  0.02    0.09    3.07 v _0768_/X (sky130_fd_sc_hd__buf_1)
     1    0.00                           _0095_ (net)
                  0.02    0.00    3.07 v _1001_/D (sky130_fd_sc_hd__dfxtp_2)
                                  3.07   data arrival time

                  0.15   10.00   10.00   clock w_clk (rise edge)
                          0.00   10.00   clock network delay (ideal)
                         -0.25    9.75   clock uncertainty
                          0.00    9.75   clock reconvergence pessimism
                                  9.75 ^ _1001_/CLK (sky130_fd_sc_hd__dfxtp_2)
                         -0.08    9.67   library setup time
                                  9.67   data required time
-----------------------------------------------------------------------------
                                  9.67   data required time
                                 -3.07   data arrival time
-----------------------------------------------------------------------------
                                  6.60   slack (MET)


Startpoint: _1060_ (rising edge-triggered flip-flop clocked by w_clk)
Endpoint: _1064_ (rising edge-triggered flip-flop clocked by w_clk)
Path Group: w_clk
Path Type: max

Fanout     Cap    Slew   Delay    Time   Description
-----------------------------------------------------------------------------
                  0.15    0.00    0.00   clock w_clk (rise edge)
                          0.00    0.00   clock network delay (ideal)
                  0.15    0.00    0.00 ^ _1060_/CLK (sky130_fd_sc_hd__dfrtp_2)
                  0.04    0.43    0.43 v _1060_/Q (sky130_fd_sc_hd__dfrtp_2)
     1    0.00                           w_ptr_b[0] (net)
                  0.04    0.00    0.43 v _0453_/A (sky130_fd_sc_hd__buf_1)
                  0.22    0.25    0.68 v _0453_/X (sky130_fd_sc_hd__buf_1)
    13    0.04                           _0155_ (net)
                  0.22    0.00    0.68 v _0456_/A (sky130_fd_sc_hd__and3_2)
                  0.04    0.26    0.94 v _0456_/X (sky130_fd_sc_hd__and3_2)
     1    0.00                           _0158_ (net)
                  0.04    0.00    0.94 v _0457_/A (sky130_fd_sc_hd__buf_1)
                  0.12    0.17    1.11 v _0457_/X (sky130_fd_sc_hd__buf_1)
     5    0.02                           _0159_ (net)
                  0.12    0.00    1.11 v _0465_/A (sky130_fd_sc_hd__or3_2)
                  0.11    0.56    1.67 v _0465_/X (sky130_fd_sc_hd__or3_2)
     3    0.01                           _0167_ (net)
                  0.11    0.00    1.67 v _0466_/A2 (sky130_fd_sc_hd__a21bo_2)
                  0.03    0.24    1.91 v _0466_/X (sky130_fd_sc_hd__a21bo_2)
     1    0.00                           _0168_ (net)
                  0.03    0.00    1.91 v _0473_/A1 (sky130_fd_sc_hd__a2111o_2)
                  0.08    0.45    2.36 v _0473_/X (sky130_fd_sc_hd__a2111o_2)
     4    0.01                           _0175_ (net)
                  0.08    0.00    2.36 v _0871_/A2 (sky130_fd_sc_hd__o211a_2)
                  0.09    0.33    2.69 v _0871_/X (sky130_fd_sc_hd__o211a_2)
     8    0.02                           _0433_ (net)
                  0.09    0.00    2.69 v _0872_/S (sky130_fd_sc_hd__mux2_2)
                  0.05    0.29    2.98 v _0872_/X (sky130_fd_sc_hd__mux2_2)
     1    0.00                           _0434_ (net)
                  0.05    0.00    2.98 v _0873_/A (sky130_fd_sc_hd__buf_1)
                  0.02    0.09    3.07 v _0873_/X (sky130_fd_sc_hd__buf_1)
     1    0.00                           _0138_ (net)
                  0.02    0.00    3.07 v _1064_/D (sky130_fd_sc_hd__dfxtp_2)
                                  3.07   data arrival time

                  0.15   10.00   10.00   clock w_clk (rise edge)
                          0.00   10.00   clock network delay (ideal)
                         -0.25    9.75   clock uncertainty
                          0.00    9.75   clock reconvergence pessimism
                                  9.75 ^ _1064_/CLK (sky130_fd_sc_hd__dfxtp_2)
                         -0.08    9.67   library setup time
                                  9.67   data required time
-----------------------------------------------------------------------------
                                  9.67   data required time
                                 -3.07   data arrival time
-----------------------------------------------------------------------------
                                  6.61   slack (MET)


Startpoint: _1060_ (rising edge-triggered flip-flop clocked by w_clk)
Endpoint: _1065_ (rising edge-triggered flip-flop clocked by w_clk)
Path Group: w_clk
Path Type: max

Fanout     Cap    Slew   Delay    Time   Description
-----------------------------------------------------------------------------
                  0.15    0.00    0.00   clock w_clk (rise edge)
                          0.00    0.00   clock network delay (ideal)
                  0.15    0.00    0.00 ^ _1060_/CLK (sky130_fd_sc_hd__dfrtp_2)
                  0.04    0.43    0.43 v _1060_/Q (sky130_fd_sc_hd__dfrtp_2)
     1    0.00                           w_ptr_b[0] (net)
                  0.04    0.00    0.43 v _0453_/A (sky130_fd_sc_hd__buf_1)
                  0.22    0.25    0.68 v _0453_/X (sky130_fd_sc_hd__buf_1)
    13    0.04                           _0155_ (net)
                  0.22    0.00    0.68 v _0456_/A (sky130_fd_sc_hd__and3_2)
                  0.04    0.26    0.94 v _0456_/X (sky130_fd_sc_hd__and3_2)
     1    0.00                           _0158_ (net)
                  0.04    0.00    0.94 v _0457_/A (sky130_fd_sc_hd__buf_1)
                  0.12    0.17    1.11 v _0457_/X (sky130_fd_sc_hd__buf_1)
     5    0.02                           _0159_ (net)
                  0.12    0.00    1.11 v _0465_/A (sky130_fd_sc_hd__or3_2)
                  0.11    0.56    1.67 v _0465_/X (sky130_fd_sc_hd__or3_2)
     3    0.01                           _0167_ (net)
                  0.11    0.00    1.67 v _0466_/A2 (sky130_fd_sc_hd__a21bo_2)
                  0.03    0.24    1.91 v _0466_/X (sky130_fd_sc_hd__a21bo_2)
     1    0.00                           _0168_ (net)
                  0.03    0.00    1.91 v _0473_/A1 (sky130_fd_sc_hd__a2111o_2)
                  0.08    0.45    2.36 v _0473_/X (sky130_fd_sc_hd__a2111o_2)
     4    0.01                           _0175_ (net)
                  0.08    0.00    2.36 v _0871_/A2 (sky130_fd_sc_hd__o211a_2)
                  0.09    0.33    2.69 v _0871_/X (sky130_fd_sc_hd__o211a_2)
     8    0.02                           _0433_ (net)
                  0.09    0.00    2.69 v _0874_/S (sky130_fd_sc_hd__mux2_2)
                  0.05    0.29    2.98 v _0874_/X (sky130_fd_sc_hd__mux2_2)
     1    0.00                           _0435_ (net)
                  0.05    0.00    2.98 v _0875_/A (sky130_fd_sc_hd__buf_1)
                  0.02    0.09    3.07 v _0875_/X (sky130_fd_sc_hd__buf_1)
     1    0.00                           _0139_ (net)
                  0.02    0.00    3.07 v _1065_/D (sky130_fd_sc_hd__dfxtp_2)
                                  3.07   data arrival time

                  0.15   10.00   10.00   clock w_clk (rise edge)
                          0.00   10.00   clock network delay (ideal)
                         -0.25    9.75   clock uncertainty
                          0.00    9.75   clock reconvergence pessimism
                                  9.75 ^ _1065_/CLK (sky130_fd_sc_hd__dfxtp_2)
                         -0.08    9.67   library setup time
                                  9.67   data required time
-----------------------------------------------------------------------------
                                  9.67   data required time
                                 -3.07   data arrival time
-----------------------------------------------------------------------------
                                  6.61   slack (MET)


Startpoint: _1060_ (rising edge-triggered flip-flop clocked by w_clk)
Endpoint: _1066_ (rising edge-triggered flip-flop clocked by w_clk)
Path Group: w_clk
Path Type: max

Fanout     Cap    Slew   Delay    Time   Description
-----------------------------------------------------------------------------
                  0.15    0.00    0.00   clock w_clk (rise edge)
                          0.00    0.00   clock network delay (ideal)
                  0.15    0.00    0.00 ^ _1060_/CLK (sky130_fd_sc_hd__dfrtp_2)
                  0.04    0.43    0.43 v _1060_/Q (sky130_fd_sc_hd__dfrtp_2)
     1    0.00                           w_ptr_b[0] (net)
                  0.04    0.00    0.43 v _0453_/A (sky130_fd_sc_hd__buf_1)
                  0.22    0.25    0.68 v _0453_/X (sky130_fd_sc_hd__buf_1)
    13    0.04                           _0155_ (net)
                  0.22    0.00    0.68 v _0456_/A (sky130_fd_sc_hd__and3_2)
                  0.04    0.26    0.94 v _0456_/X (sky130_fd_sc_hd__and3_2)
     1    0.00                           _0158_ (net)
                  0.04    0.00    0.94 v _0457_/A (sky130_fd_sc_hd__buf_1)
                  0.12    0.17    1.11 v _0457_/X (sky130_fd_sc_hd__buf_1)
     5    0.02                           _0159_ (net)
                  0.12    0.00    1.11 v _0465_/A (sky130_fd_sc_hd__or3_2)
                  0.11    0.56    1.67 v _0465_/X (sky130_fd_sc_hd__or3_2)
     3    0.01                           _0167_ (net)
                  0.11    0.00    1.67 v _0466_/A2 (sky130_fd_sc_hd__a21bo_2)
                  0.03    0.24    1.91 v _0466_/X (sky130_fd_sc_hd__a21bo_2)
     1    0.00                           _0168_ (net)
                  0.03    0.00    1.91 v _0473_/A1 (sky130_fd_sc_hd__a2111o_2)
                  0.08    0.45    2.36 v _0473_/X (sky130_fd_sc_hd__a2111o_2)
     4    0.01                           _0175_ (net)
                  0.08    0.00    2.36 v _0871_/A2 (sky130_fd_sc_hd__o211a_2)
                  0.09    0.33    2.69 v _0871_/X (sky130_fd_sc_hd__o211a_2)
     8    0.02                           _0433_ (net)
                  0.09    0.00    2.69 v _0876_/S (sky130_fd_sc_hd__mux2_2)
                  0.05    0.29    2.98 v _0876_/X (sky130_fd_sc_hd__mux2_2)
     1    0.00                           _0436_ (net)
                  0.05    0.00    2.98 v _0877_/A (sky130_fd_sc_hd__buf_1)
                  0.02    0.09    3.07 v _0877_/X (sky130_fd_sc_hd__buf_1)
     1    0.00                           _0140_ (net)
                  0.02    0.00    3.07 v _1066_/D (sky130_fd_sc_hd__dfxtp_2)
                                  3.07   data arrival time

                  0.15   10.00   10.00   clock w_clk (rise edge)
                          0.00   10.00   clock network delay (ideal)
                         -0.25    9.75   clock uncertainty
                          0.00    9.75   clock reconvergence pessimism
                                  9.75 ^ _1066_/CLK (sky130_fd_sc_hd__dfxtp_2)
                         -0.08    9.67   library setup time
                                  9.67   data required time
-----------------------------------------------------------------------------
                                  9.67   data required time
                                 -3.07   data arrival time
-----------------------------------------------------------------------------
                                  6.61   slack (MET)


Startpoint: _1060_ (rising edge-triggered flip-flop clocked by w_clk)
Endpoint: _1067_ (rising edge-triggered flip-flop clocked by w_clk)
Path Group: w_clk
Path Type: max

Fanout     Cap    Slew   Delay    Time   Description
-----------------------------------------------------------------------------
                  0.15    0.00    0.00   clock w_clk (rise edge)
                          0.00    0.00   clock network delay (ideal)
                  0.15    0.00    0.00 ^ _1060_/CLK (sky130_fd_sc_hd__dfrtp_2)
                  0.04    0.43    0.43 v _1060_/Q (sky130_fd_sc_hd__dfrtp_2)
     1    0.00                           w_ptr_b[0] (net)
                  0.04    0.00    0.43 v _0453_/A (sky130_fd_sc_hd__buf_1)
                  0.22    0.25    0.68 v _0453_/X (sky130_fd_sc_hd__buf_1)
    13    0.04                           _0155_ (net)
                  0.22    0.00    0.68 v _0456_/A (sky130_fd_sc_hd__and3_2)
                  0.04    0.26    0.94 v _0456_/X (sky130_fd_sc_hd__and3_2)
     1    0.00                           _0158_ (net)
                  0.04    0.00    0.94 v _0457_/A (sky130_fd_sc_hd__buf_1)
                  0.12    0.17    1.11 v _0457_/X (sky130_fd_sc_hd__buf_1)
     5    0.02                           _0159_ (net)
                  0.12    0.00    1.11 v _0465_/A (sky130_fd_sc_hd__or3_2)
                  0.11    0.56    1.67 v _0465_/X (sky130_fd_sc_hd__or3_2)
     3    0.01                           _0167_ (net)
                  0.11    0.00    1.67 v _0466_/A2 (sky130_fd_sc_hd__a21bo_2)
                  0.03    0.24    1.91 v _0466_/X (sky130_fd_sc_hd__a21bo_2)
     1    0.00                           _0168_ (net)
                  0.03    0.00    1.91 v _0473_/A1 (sky130_fd_sc_hd__a2111o_2)
                  0.08    0.45    2.36 v _0473_/X (sky130_fd_sc_hd__a2111o_2)
     4    0.01                           _0175_ (net)
                  0.08    0.00    2.36 v _0871_/A2 (sky130_fd_sc_hd__o211a_2)
                  0.09    0.33    2.69 v _0871_/X (sky130_fd_sc_hd__o211a_2)
     8    0.02                           _0433_ (net)
                  0.09    0.00    2.69 v _0878_/S (sky130_fd_sc_hd__mux2_2)
                  0.05    0.29    2.98 v _0878_/X (sky130_fd_sc_hd__mux2_2)
     1    0.00                           _0437_ (net)
                  0.05    0.00    2.98 v _0879_/A (sky130_fd_sc_hd__buf_1)
                  0.02    0.09    3.07 v _0879_/X (sky130_fd_sc_hd__buf_1)
     1    0.00                           _0141_ (net)
                  0.02    0.00    3.07 v _1067_/D (sky130_fd_sc_hd__dfxtp_2)
                                  3.07   data arrival time

                  0.15   10.00   10.00   clock w_clk (rise edge)
                          0.00   10.00   clock network delay (ideal)
                         -0.25    9.75   clock uncertainty
                          0.00    9.75   clock reconvergence pessimism
                                  9.75 ^ _1067_/CLK (sky130_fd_sc_hd__dfxtp_2)
                         -0.08    9.67   library setup time
                                  9.67   data required time
-----------------------------------------------------------------------------
                                  9.67   data required time
                                 -3.07   data arrival time
-----------------------------------------------------------------------------
                                  6.61   slack (MET)


Startpoint: _1060_ (rising edge-triggered flip-flop clocked by w_clk)
Endpoint: _1068_ (rising edge-triggered flip-flop clocked by w_clk)
Path Group: w_clk
Path Type: max

Fanout     Cap    Slew   Delay    Time   Description
-----------------------------------------------------------------------------
                  0.15    0.00    0.00   clock w_clk (rise edge)
                          0.00    0.00   clock network delay (ideal)
                  0.15    0.00    0.00 ^ _1060_/CLK (sky130_fd_sc_hd__dfrtp_2)
                  0.04    0.43    0.43 v _1060_/Q (sky130_fd_sc_hd__dfrtp_2)
     1    0.00                           w_ptr_b[0] (net)
                  0.04    0.00    0.43 v _0453_/A (sky130_fd_sc_hd__buf_1)
                  0.22    0.25    0.68 v _0453_/X (sky130_fd_sc_hd__buf_1)
    13    0.04                           _0155_ (net)
                  0.22    0.00    0.68 v _0456_/A (sky130_fd_sc_hd__and3_2)
                  0.04    0.26    0.94 v _0456_/X (sky130_fd_sc_hd__and3_2)
     1    0.00                           _0158_ (net)
                  0.04    0.00    0.94 v _0457_/A (sky130_fd_sc_hd__buf_1)
                  0.12    0.17    1.11 v _0457_/X (sky130_fd_sc_hd__buf_1)
     5    0.02                           _0159_ (net)
                  0.12    0.00    1.11 v _0465_/A (sky130_fd_sc_hd__or3_2)
                  0.11    0.56    1.67 v _0465_/X (sky130_fd_sc_hd__or3_2)
     3    0.01                           _0167_ (net)
                  0.11    0.00    1.67 v _0466_/A2 (sky130_fd_sc_hd__a21bo_2)
                  0.03    0.24    1.91 v _0466_/X (sky130_fd_sc_hd__a21bo_2)
     1    0.00                           _0168_ (net)
                  0.03    0.00    1.91 v _0473_/A1 (sky130_fd_sc_hd__a2111o_2)
                  0.08    0.45    2.36 v _0473_/X (sky130_fd_sc_hd__a2111o_2)
     4    0.01                           _0175_ (net)
                  0.08    0.00    2.36 v _0871_/A2 (sky130_fd_sc_hd__o211a_2)
                  0.09    0.33    2.69 v _0871_/X (sky130_fd_sc_hd__o211a_2)
     8    0.02                           _0433_ (net)
                  0.09    0.00    2.69 v _0880_/S (sky130_fd_sc_hd__mux2_2)
                  0.05    0.29    2.98 v _0880_/X (sky130_fd_sc_hd__mux2_2)
     1    0.00                           _0438_ (net)
                  0.05    0.00    2.98 v _0881_/A (sky130_fd_sc_hd__buf_1)
                  0.02    0.09    3.07 v _0881_/X (sky130_fd_sc_hd__buf_1)
     1    0.00                           _0142_ (net)
                  0.02    0.00    3.07 v _1068_/D (sky130_fd_sc_hd__dfxtp_2)
                                  3.07   data arrival time

                  0.15   10.00   10.00   clock w_clk (rise edge)
                          0.00   10.00   clock network delay (ideal)
                         -0.25    9.75   clock uncertainty
                          0.00    9.75   clock reconvergence pessimism
                                  9.75 ^ _1068_/CLK (sky130_fd_sc_hd__dfxtp_2)
                         -0.08    9.67   library setup time
                                  9.67   data required time
-----------------------------------------------------------------------------
                                  9.67   data required time
                                 -3.07   data arrival time
-----------------------------------------------------------------------------
                                  6.61   slack (MET)


Startpoint: _1060_ (rising edge-triggered flip-flop clocked by w_clk)
Endpoint: _1069_ (rising edge-triggered flip-flop clocked by w_clk)
Path Group: w_clk
Path Type: max

Fanout     Cap    Slew   Delay    Time   Description
-----------------------------------------------------------------------------
                  0.15    0.00    0.00   clock w_clk (rise edge)
                          0.00    0.00   clock network delay (ideal)
                  0.15    0.00    0.00 ^ _1060_/CLK (sky130_fd_sc_hd__dfrtp_2)
                  0.04    0.43    0.43 v _1060_/Q (sky130_fd_sc_hd__dfrtp_2)
     1    0.00                           w_ptr_b[0] (net)
                  0.04    0.00    0.43 v _0453_/A (sky130_fd_sc_hd__buf_1)
                  0.22    0.25    0.68 v _0453_/X (sky130_fd_sc_hd__buf_1)
    13    0.04                           _0155_ (net)
                  0.22    0.00    0.68 v _0456_/A (sky130_fd_sc_hd__and3_2)
                  0.04    0.26    0.94 v _0456_/X (sky130_fd_sc_hd__and3_2)
     1    0.00                           _0158_ (net)
                  0.04    0.00    0.94 v _0457_/A (sky130_fd_sc_hd__buf_1)
                  0.12    0.17    1.11 v _0457_/X (sky130_fd_sc_hd__buf_1)
     5    0.02                           _0159_ (net)
                  0.12    0.00    1.11 v _0465_/A (sky130_fd_sc_hd__or3_2)
                  0.11    0.56    1.67 v _0465_/X (sky130_fd_sc_hd__or3_2)
     3    0.01                           _0167_ (net)
                  0.11    0.00    1.67 v _0466_/A2 (sky130_fd_sc_hd__a21bo_2)
                  0.03    0.24    1.91 v _0466_/X (sky130_fd_sc_hd__a21bo_2)
     1    0.00                           _0168_ (net)
                  0.03    0.00    1.91 v _0473_/A1 (sky130_fd_sc_hd__a2111o_2)
                  0.08    0.45    2.36 v _0473_/X (sky130_fd_sc_hd__a2111o_2)
     4    0.01                           _0175_ (net)
                  0.08    0.00    2.36 v _0871_/A2 (sky130_fd_sc_hd__o211a_2)
                  0.09    0.33    2.69 v _0871_/X (sky130_fd_sc_hd__o211a_2)
     8    0.02                           _0433_ (net)
                  0.09    0.00    2.69 v _0882_/S (sky130_fd_sc_hd__mux2_2)
                  0.05    0.29    2.98 v _0882_/X (sky130_fd_sc_hd__mux2_2)
     1    0.00                           _0439_ (net)
                  0.05    0.00    2.98 v _0883_/A (sky130_fd_sc_hd__buf_1)
                  0.02    0.09    3.07 v _0883_/X (sky130_fd_sc_hd__buf_1)
     1    0.00                           _0143_ (net)
                  0.02    0.00    3.07 v _1069_/D (sky130_fd_sc_hd__dfxtp_2)
                                  3.07   data arrival time

                  0.15   10.00   10.00   clock w_clk (rise edge)
                          0.00   10.00   clock network delay (ideal)
                         -0.25    9.75   clock uncertainty
                          0.00    9.75   clock reconvergence pessimism
                                  9.75 ^ _1069_/CLK (sky130_fd_sc_hd__dfxtp_2)
                         -0.08    9.67   library setup time
                                  9.67   data required time
-----------------------------------------------------------------------------
                                  9.67   data required time
                                 -3.07   data arrival time
-----------------------------------------------------------------------------
                                  6.61   slack (MET)


Startpoint: _1060_ (rising edge-triggered flip-flop clocked by w_clk)
Endpoint: _1070_ (rising edge-triggered flip-flop clocked by w_clk)
Path Group: w_clk
Path Type: max

Fanout     Cap    Slew   Delay    Time   Description
-----------------------------------------------------------------------------
                  0.15    0.00    0.00   clock w_clk (rise edge)
                          0.00    0.00   clock network delay (ideal)
                  0.15    0.00    0.00 ^ _1060_/CLK (sky130_fd_sc_hd__dfrtp_2)
                  0.04    0.43    0.43 v _1060_/Q (sky130_fd_sc_hd__dfrtp_2)
     1    0.00                           w_ptr_b[0] (net)
                  0.04    0.00    0.43 v _0453_/A (sky130_fd_sc_hd__buf_1)
                  0.22    0.25    0.68 v _0453_/X (sky130_fd_sc_hd__buf_1)
    13    0.04                           _0155_ (net)
                  0.22    0.00    0.68 v _0456_/A (sky130_fd_sc_hd__and3_2)
                  0.04    0.26    0.94 v _0456_/X (sky130_fd_sc_hd__and3_2)
     1    0.00                           _0158_ (net)
                  0.04    0.00    0.94 v _0457_/A (sky130_fd_sc_hd__buf_1)
                  0.12    0.17    1.11 v _0457_/X (sky130_fd_sc_hd__buf_1)
     5    0.02                           _0159_ (net)
                  0.12    0.00    1.11 v _0465_/A (sky130_fd_sc_hd__or3_2)
                  0.11    0.56    1.67 v _0465_/X (sky130_fd_sc_hd__or3_2)
     3    0.01                           _0167_ (net)
                  0.11    0.00    1.67 v _0466_/A2 (sky130_fd_sc_hd__a21bo_2)
                  0.03    0.24    1.91 v _0466_/X (sky130_fd_sc_hd__a21bo_2)
     1    0.00                           _0168_ (net)
                  0.03    0.00    1.91 v _0473_/A1 (sky130_fd_sc_hd__a2111o_2)
                  0.08    0.45    2.36 v _0473_/X (sky130_fd_sc_hd__a2111o_2)
     4    0.01                           _0175_ (net)
                  0.08    0.00    2.36 v _0871_/A2 (sky130_fd_sc_hd__o211a_2)
                  0.09    0.33    2.69 v _0871_/X (sky130_fd_sc_hd__o211a_2)
     8    0.02                           _0433_ (net)
                  0.09    0.00    2.69 v _0884_/S (sky130_fd_sc_hd__mux2_2)
                  0.05    0.29    2.98 v _0884_/X (sky130_fd_sc_hd__mux2_2)
     1    0.00                           _0440_ (net)
                  0.05    0.00    2.98 v _0885_/A (sky130_fd_sc_hd__buf_1)
                  0.02    0.09    3.07 v _0885_/X (sky130_fd_sc_hd__buf_1)
     1    0.00                           _0144_ (net)
                  0.02    0.00    3.07 v _1070_/D (sky130_fd_sc_hd__dfxtp_2)
                                  3.07   data arrival time

                  0.15   10.00   10.00   clock w_clk (rise edge)
                          0.00   10.00   clock network delay (ideal)
                         -0.25    9.75   clock uncertainty
                          0.00    9.75   clock reconvergence pessimism
                                  9.75 ^ _1070_/CLK (sky130_fd_sc_hd__dfxtp_2)
                         -0.08    9.67   library setup time
                                  9.67   data required time
-----------------------------------------------------------------------------
                                  9.67   data required time
                                 -3.07   data arrival time
-----------------------------------------------------------------------------
                                  6.61   slack (MET)


Startpoint: _1060_ (rising edge-triggered flip-flop clocked by w_clk)
Endpoint: _1071_ (rising edge-triggered flip-flop clocked by w_clk)
Path Group: w_clk
Path Type: max

Fanout     Cap    Slew   Delay    Time   Description
-----------------------------------------------------------------------------
                  0.15    0.00    0.00   clock w_clk (rise edge)
                          0.00    0.00   clock network delay (ideal)
                  0.15    0.00    0.00 ^ _1060_/CLK (sky130_fd_sc_hd__dfrtp_2)
                  0.04    0.43    0.43 v _1060_/Q (sky130_fd_sc_hd__dfrtp_2)
     1    0.00                           w_ptr_b[0] (net)
                  0.04    0.00    0.43 v _0453_/A (sky130_fd_sc_hd__buf_1)
                  0.22    0.25    0.68 v _0453_/X (sky130_fd_sc_hd__buf_1)
    13    0.04                           _0155_ (net)
                  0.22    0.00    0.68 v _0456_/A (sky130_fd_sc_hd__and3_2)
                  0.04    0.26    0.94 v _0456_/X (sky130_fd_sc_hd__and3_2)
     1    0.00                           _0158_ (net)
                  0.04    0.00    0.94 v _0457_/A (sky130_fd_sc_hd__buf_1)
                  0.12    0.17    1.11 v _0457_/X (sky130_fd_sc_hd__buf_1)
     5    0.02                           _0159_ (net)
                  0.12    0.00    1.11 v _0465_/A (sky130_fd_sc_hd__or3_2)
                  0.11    0.56    1.67 v _0465_/X (sky130_fd_sc_hd__or3_2)
     3    0.01                           _0167_ (net)
                  0.11    0.00    1.67 v _0466_/A2 (sky130_fd_sc_hd__a21bo_2)
                  0.03    0.24    1.91 v _0466_/X (sky130_fd_sc_hd__a21bo_2)
     1    0.00                           _0168_ (net)
                  0.03    0.00    1.91 v _0473_/A1 (sky130_fd_sc_hd__a2111o_2)
                  0.08    0.45    2.36 v _0473_/X (sky130_fd_sc_hd__a2111o_2)
     4    0.01                           _0175_ (net)
                  0.08    0.00    2.36 v _0871_/A2 (sky130_fd_sc_hd__o211a_2)
                  0.09    0.33    2.69 v _0871_/X (sky130_fd_sc_hd__o211a_2)
     8    0.02                           _0433_ (net)
                  0.09    0.00    2.69 v _0886_/S (sky130_fd_sc_hd__mux2_2)
                  0.05    0.29    2.98 v _0886_/X (sky130_fd_sc_hd__mux2_2)
     1    0.00                           _0441_ (net)
                  0.05    0.00    2.98 v _0887_/A (sky130_fd_sc_hd__buf_1)
                  0.02    0.09    3.07 v _0887_/X (sky130_fd_sc_hd__buf_1)
     1    0.00                           _0145_ (net)
                  0.02    0.00    3.07 v _1071_/D (sky130_fd_sc_hd__dfxtp_2)
                                  3.07   data arrival time

                  0.15   10.00   10.00   clock w_clk (rise edge)
                          0.00   10.00   clock network delay (ideal)
                         -0.25    9.75   clock uncertainty
                          0.00    9.75   clock reconvergence pessimism
                                  9.75 ^ _1071_/CLK (sky130_fd_sc_hd__dfxtp_2)
                         -0.08    9.67   library setup time
                                  9.67   data required time
-----------------------------------------------------------------------------
                                  9.67   data required time
                                 -3.07   data arrival time
-----------------------------------------------------------------------------
                                  6.61   slack (MET)


Startpoint: w_rst_n (input port clocked by w_clk)
Endpoint: _1018_ (recovery check against rising-edge clock w_clk)
Path Group: asynchronous
Path Type: max

Fanout     Cap    Slew   Delay    Time   Description
-----------------------------------------------------------------------------
                  0.15    0.00    0.00   clock w_clk (rise edge)
                          0.00    0.00   clock network delay (ideal)
                          2.00    2.00 ^ input external delay
                  0.32    0.23    2.23 ^ w_rst_n (in)
    19    0.07                           w_rst_n (net)
                  0.32    0.00    2.23 ^ _1018_/RESET_B (sky130_fd_sc_hd__dfrtp_2)
                                  2.23   data arrival time

                  0.15   10.00   10.00   clock w_clk (rise edge)
                          0.00   10.00   clock network delay (ideal)
                         -0.25    9.75   clock uncertainty
                          0.00    9.75   clock reconvergence pessimism
                                  9.75 ^ _1018_/CLK (sky130_fd_sc_hd__dfrtp_2)
                          0.17    9.92   library recovery time
                                  9.92   data required time
-----------------------------------------------------------------------------
                                  9.92   data required time
                                 -2.23   data arrival time
-----------------------------------------------------------------------------
                                  7.70   slack (MET)


Startpoint: w_rst_n (input port clocked by w_clk)
Endpoint: _1019_ (recovery check against rising-edge clock w_clk)
Path Group: asynchronous
Path Type: max

Fanout     Cap    Slew   Delay    Time   Description
-----------------------------------------------------------------------------
                  0.15    0.00    0.00   clock w_clk (rise edge)
                          0.00    0.00   clock network delay (ideal)
                          2.00    2.00 ^ input external delay
                  0.32    0.23    2.23 ^ w_rst_n (in)
    19    0.07                           w_rst_n (net)
                  0.32    0.00    2.23 ^ _1019_/RESET_B (sky130_fd_sc_hd__dfrtp_2)
                                  2.23   data arrival time

                  0.15   10.00   10.00   clock w_clk (rise edge)
                          0.00   10.00   clock network delay (ideal)
                         -0.25    9.75   clock uncertainty
                          0.00    9.75   clock reconvergence pessimism
                                  9.75 ^ _1019_/CLK (sky130_fd_sc_hd__dfrtp_2)
                          0.17    9.92   library recovery time
                                  9.92   data required time
-----------------------------------------------------------------------------
                                  9.92   data required time
                                 -2.23   data arrival time
-----------------------------------------------------------------------------
                                  7.70   slack (MET)


Startpoint: w_rst_n (input port clocked by w_clk)
Endpoint: _1020_ (recovery check against rising-edge clock w_clk)
Path Group: asynchronous
Path Type: max

Fanout     Cap    Slew   Delay    Time   Description
-----------------------------------------------------------------------------
                  0.15    0.00    0.00   clock w_clk (rise edge)
                          0.00    0.00   clock network delay (ideal)
                          2.00    2.00 ^ input external delay
                  0.32    0.23    2.23 ^ w_rst_n (in)
    19    0.07                           w_rst_n (net)
                  0.32    0.00    2.23 ^ _1020_/RESET_B (sky130_fd_sc_hd__dfrtp_2)
                                  2.23   data arrival time

                  0.15   10.00   10.00   clock w_clk (rise edge)
                          0.00   10.00   clock network delay (ideal)
                         -0.25    9.75   clock uncertainty
                          0.00    9.75   clock reconvergence pessimism
                                  9.75 ^ _1020_/CLK (sky130_fd_sc_hd__dfrtp_2)
                          0.17    9.92   library recovery time
                                  9.92   data required time
-----------------------------------------------------------------------------
                                  9.92   data required time
                                 -2.23   data arrival time
-----------------------------------------------------------------------------
                                  7.70   slack (MET)


Startpoint: w_rst_n (input port clocked by w_clk)
Endpoint: _1021_ (recovery check against rising-edge clock w_clk)
Path Group: asynchronous
Path Type: max

Fanout     Cap    Slew   Delay    Time   Description
-----------------------------------------------------------------------------
                  0.15    0.00    0.00   clock w_clk (rise edge)
                          0.00    0.00   clock network delay (ideal)
                          2.00    2.00 ^ input external delay
                  0.32    0.23    2.23 ^ w_rst_n (in)
    19    0.07                           w_rst_n (net)
                  0.32    0.00    2.23 ^ _1021_/RESET_B (sky130_fd_sc_hd__dfrtp_2)
                                  2.23   data arrival time

                  0.15   10.00   10.00   clock w_clk (rise edge)
                          0.00   10.00   clock network delay (ideal)
                         -0.25    9.75   clock uncertainty
                          0.00    9.75   clock reconvergence pessimism
                                  9.75 ^ _1021_/CLK (sky130_fd_sc_hd__dfrtp_2)
                          0.17    9.92   library recovery time
                                  9.92   data required time
-----------------------------------------------------------------------------
                                  9.92   data required time
                                 -2.23   data arrival time
-----------------------------------------------------------------------------
                                  7.70   slack (MET)


Startpoint: w_rst_n (input port clocked by w_clk)
Endpoint: _1022_ (recovery check against rising-edge clock w_clk)
Path Group: asynchronous
Path Type: max

Fanout     Cap    Slew   Delay    Time   Description
-----------------------------------------------------------------------------
                  0.15    0.00    0.00   clock w_clk (rise edge)
                          0.00    0.00   clock network delay (ideal)
                          2.00    2.00 ^ input external delay
                  0.32    0.23    2.23 ^ w_rst_n (in)
    19    0.07                           w_rst_n (net)
                  0.32    0.00    2.23 ^ _1022_/RESET_B (sky130_fd_sc_hd__dfrtp_2)
                                  2.23   data arrival time

                  0.15   10.00   10.00   clock w_clk (rise edge)
                          0.00   10.00   clock network delay (ideal)
                         -0.25    9.75   clock uncertainty
                          0.00    9.75   clock reconvergence pessimism
                                  9.75 ^ _1022_/CLK (sky130_fd_sc_hd__dfrtp_2)
                          0.17    9.92   library recovery time
                                  9.92   data required time
-----------------------------------------------------------------------------
                                  9.92   data required time
                                 -2.23   data arrival time
-----------------------------------------------------------------------------
                                  7.70   slack (MET)


Startpoint: w_rst_n (input port clocked by w_clk)
Endpoint: _1041_ (recovery check against rising-edge clock w_clk)
Path Group: asynchronous
Path Type: max

Fanout     Cap    Slew   Delay    Time   Description
-----------------------------------------------------------------------------
                  0.15    0.00    0.00   clock w_clk (rise edge)
                          0.00    0.00   clock network delay (ideal)
                          2.00    2.00 ^ input external delay
                  0.32    0.23    2.23 ^ w_rst_n (in)
    19    0.07                           w_rst_n (net)
                  0.32    0.00    2.23 ^ _1041_/RESET_B (sky130_fd_sc_hd__dfrtp_2)
                                  2.23   data arrival time

                  0.15   10.00   10.00   clock w_clk (rise edge)
                          0.00   10.00   clock network delay (ideal)
                         -0.25    9.75   clock uncertainty
                          0.00    9.75   clock reconvergence pessimism
                                  9.75 ^ _1041_/CLK (sky130_fd_sc_hd__dfrtp_2)
                          0.17    9.92   library recovery time
                                  9.92   data required time
-----------------------------------------------------------------------------
                                  9.92   data required time
                                 -2.23   data arrival time
-----------------------------------------------------------------------------
                                  7.70   slack (MET)


Startpoint: w_rst_n (input port clocked by w_clk)
Endpoint: _1042_ (recovery check against rising-edge clock w_clk)
Path Group: asynchronous
Path Type: max

Fanout     Cap    Slew   Delay    Time   Description
-----------------------------------------------------------------------------
                  0.15    0.00    0.00   clock w_clk (rise edge)
                          0.00    0.00   clock network delay (ideal)
                          2.00    2.00 ^ input external delay
                  0.32    0.23    2.23 ^ w_rst_n (in)
    19    0.07                           w_rst_n (net)
                  0.32    0.00    2.23 ^ _1042_/RESET_B (sky130_fd_sc_hd__dfrtp_2)
                                  2.23   data arrival time

                  0.15   10.00   10.00   clock w_clk (rise edge)
                          0.00   10.00   clock network delay (ideal)
                         -0.25    9.75   clock uncertainty
                          0.00    9.75   clock reconvergence pessimism
                                  9.75 ^ _1042_/CLK (sky130_fd_sc_hd__dfrtp_2)
                          0.17    9.92   library recovery time
                                  9.92   data required time
-----------------------------------------------------------------------------
                                  9.92   data required time
                                 -2.23   data arrival time
-----------------------------------------------------------------------------
                                  7.70   slack (MET)


Startpoint: w_rst_n (input port clocked by w_clk)
Endpoint: _1043_ (recovery check against rising-edge clock w_clk)
Path Group: asynchronous
Path Type: max

Fanout     Cap    Slew   Delay    Time   Description
-----------------------------------------------------------------------------
                  0.15    0.00    0.00   clock w_clk (rise edge)
                          0.00    0.00   clock network delay (ideal)
                          2.00    2.00 ^ input external delay
                  0.32    0.23    2.23 ^ w_rst_n (in)
    19    0.07                           w_rst_n (net)
                  0.32    0.00    2.23 ^ _1043_/RESET_B (sky130_fd_sc_hd__dfrtp_2)
                                  2.23   data arrival time

                  0.15   10.00   10.00   clock w_clk (rise edge)
                          0.00   10.00   clock network delay (ideal)
                         -0.25    9.75   clock uncertainty
                          0.00    9.75   clock reconvergence pessimism
                                  9.75 ^ _1043_/CLK (sky130_fd_sc_hd__dfrtp_2)
                          0.17    9.92   library recovery time
                                  9.92   data required time
-----------------------------------------------------------------------------
                                  9.92   data required time
                                 -2.23   data arrival time
-----------------------------------------------------------------------------
                                  7.70   slack (MET)


Startpoint: w_rst_n (input port clocked by w_clk)
Endpoint: _1044_ (recovery check against rising-edge clock w_clk)
Path Group: asynchronous
Path Type: max

Fanout     Cap    Slew   Delay    Time   Description
-----------------------------------------------------------------------------
                  0.15    0.00    0.00   clock w_clk (rise edge)
                          0.00    0.00   clock network delay (ideal)
                          2.00    2.00 ^ input external delay
                  0.32    0.23    2.23 ^ w_rst_n (in)
    19    0.07                           w_rst_n (net)
                  0.32    0.00    2.23 ^ _1044_/RESET_B (sky130_fd_sc_hd__dfrtp_2)
                                  2.23   data arrival time

                  0.15   10.00   10.00   clock w_clk (rise edge)
                          0.00   10.00   clock network delay (ideal)
                         -0.25    9.75   clock uncertainty
                          0.00    9.75   clock reconvergence pessimism
                                  9.75 ^ _1044_/CLK (sky130_fd_sc_hd__dfrtp_2)
                          0.17    9.92   library recovery time
                                  9.92   data required time
-----------------------------------------------------------------------------
                                  9.92   data required time
                                 -2.23   data arrival time
-----------------------------------------------------------------------------
                                  7.70   slack (MET)


Startpoint: w_rst_n (input port clocked by w_clk)
Endpoint: _1045_ (recovery check against rising-edge clock w_clk)
Path Group: asynchronous
Path Type: max

Fanout     Cap    Slew   Delay    Time   Description
-----------------------------------------------------------------------------
                  0.15    0.00    0.00   clock w_clk (rise edge)
                          0.00    0.00   clock network delay (ideal)
                          2.00    2.00 ^ input external delay
                  0.32    0.23    2.23 ^ w_rst_n (in)
    19    0.07                           w_rst_n (net)
                  0.32    0.00    2.23 ^ _1045_/RESET_B (sky130_fd_sc_hd__dfrtp_2)
                                  2.23   data arrival time

                  0.15   10.00   10.00   clock w_clk (rise edge)
                          0.00   10.00   clock network delay (ideal)
                         -0.25    9.75   clock uncertainty
                          0.00    9.75   clock reconvergence pessimism
                                  9.75 ^ _1045_/CLK (sky130_fd_sc_hd__dfrtp_2)
                          0.17    9.92   library recovery time
                                  9.92   data required time
-----------------------------------------------------------------------------
                                  9.92   data required time
                                 -2.23   data arrival time
-----------------------------------------------------------------------------
                                  7.70   slack (MET)


Startpoint: w_rst_n (input port clocked by w_clk)
Endpoint: _1046_ (recovery check against rising-edge clock w_clk)
Path Group: asynchronous
Path Type: max

Fanout     Cap    Slew   Delay    Time   Description
-----------------------------------------------------------------------------
                  0.15    0.00    0.00   clock w_clk (rise edge)
                          0.00    0.00   clock network delay (ideal)
                          2.00    2.00 ^ input external delay
                  0.32    0.23    2.23 ^ w_rst_n (in)
    19    0.07                           w_rst_n (net)
                  0.32    0.00    2.23 ^ _1046_/RESET_B (sky130_fd_sc_hd__dfrtp_2)
                                  2.23   data arrival time

                  0.15   10.00   10.00   clock w_clk (rise edge)
                          0.00   10.00   clock network delay (ideal)
                         -0.25    9.75   clock uncertainty
                          0.00    9.75   clock reconvergence pessimism
                                  9.75 ^ _1046_/CLK (sky130_fd_sc_hd__dfrtp_2)
                          0.17    9.92   library recovery time
                                  9.92   data required time
-----------------------------------------------------------------------------
                                  9.92   data required time
                                 -2.23   data arrival time
-----------------------------------------------------------------------------
                                  7.70   slack (MET)


Startpoint: w_rst_n (input port clocked by w_clk)
Endpoint: _1047_ (recovery check against rising-edge clock w_clk)
Path Group: asynchronous
Path Type: max

Fanout     Cap    Slew   Delay    Time   Description
-----------------------------------------------------------------------------
                  0.15    0.00    0.00   clock w_clk (rise edge)
                          0.00    0.00   clock network delay (ideal)
                          2.00    2.00 ^ input external delay
                  0.32    0.23    2.23 ^ w_rst_n (in)
    19    0.07                           w_rst_n (net)
                  0.32    0.00    2.23 ^ _1047_/RESET_B (sky130_fd_sc_hd__dfrtp_2)
                                  2.23   data arrival time

                  0.15   10.00   10.00   clock w_clk (rise edge)
                          0.00   10.00   clock network delay (ideal)
                         -0.25    9.75   clock uncertainty
                          0.00    9.75   clock reconvergence pessimism
                                  9.75 ^ _1047_/CLK (sky130_fd_sc_hd__dfrtp_2)
                          0.17    9.92   library recovery time
                                  9.92   data required time
-----------------------------------------------------------------------------
                                  9.92   data required time
                                 -2.23   data arrival time
-----------------------------------------------------------------------------
                                  7.70   slack (MET)


Startpoint: w_rst_n (input port clocked by w_clk)
Endpoint: _1048_ (recovery check against rising-edge clock w_clk)
Path Group: asynchronous
Path Type: max

Fanout     Cap    Slew   Delay    Time   Description
-----------------------------------------------------------------------------
                  0.15    0.00    0.00   clock w_clk (rise edge)
                          0.00    0.00   clock network delay (ideal)
                          2.00    2.00 ^ input external delay
                  0.32    0.23    2.23 ^ w_rst_n (in)
    19    0.07                           w_rst_n (net)
                  0.32    0.00    2.23 ^ _1048_/RESET_B (sky130_fd_sc_hd__dfrtp_2)
                                  2.23   data arrival time

                  0.15   10.00   10.00   clock w_clk (rise edge)
                          0.00   10.00   clock network delay (ideal)
                         -0.25    9.75   clock uncertainty
                          0.00    9.75   clock reconvergence pessimism
                                  9.75 ^ _1048_/CLK (sky130_fd_sc_hd__dfrtp_2)
                          0.17    9.92   library recovery time
                                  9.92   data required time
-----------------------------------------------------------------------------
                                  9.92   data required time
                                 -2.23   data arrival time
-----------------------------------------------------------------------------
                                  7.70   slack (MET)


Startpoint: w_rst_n (input port clocked by w_clk)
Endpoint: _1049_ (recovery check against rising-edge clock w_clk)
Path Group: asynchronous
Path Type: max

Fanout     Cap    Slew   Delay    Time   Description
-----------------------------------------------------------------------------
                  0.15    0.00    0.00   clock w_clk (rise edge)
                          0.00    0.00   clock network delay (ideal)
                          2.00    2.00 ^ input external delay
                  0.32    0.23    2.23 ^ w_rst_n (in)
    19    0.07                           w_rst_n (net)
                  0.32    0.00    2.23 ^ _1049_/RESET_B (sky130_fd_sc_hd__dfrtp_2)
                                  2.23   data arrival time

                  0.15   10.00   10.00   clock w_clk (rise edge)
                          0.00   10.00   clock network delay (ideal)
                         -0.25    9.75   clock uncertainty
                          0.00    9.75   clock reconvergence pessimism
                                  9.75 ^ _1049_/CLK (sky130_fd_sc_hd__dfrtp_2)
                          0.17    9.92   library recovery time
                                  9.92   data required time
-----------------------------------------------------------------------------
                                  9.92   data required time
                                 -2.23   data arrival time
-----------------------------------------------------------------------------
                                  7.70   slack (MET)


Startpoint: w_rst_n (input port clocked by w_clk)
Endpoint: _1050_ (recovery check against rising-edge clock w_clk)
Path Group: asynchronous
Path Type: max

Fanout     Cap    Slew   Delay    Time   Description
-----------------------------------------------------------------------------
                  0.15    0.00    0.00   clock w_clk (rise edge)
                          0.00    0.00   clock network delay (ideal)
                          2.00    2.00 ^ input external delay
                  0.32    0.23    2.23 ^ w_rst_n (in)
    19    0.07                           w_rst_n (net)
                  0.32    0.00    2.23 ^ _1050_/RESET_B (sky130_fd_sc_hd__dfrtp_2)
                                  2.23   data arrival time

                  0.15   10.00   10.00   clock w_clk (rise edge)
                          0.00   10.00   clock network delay (ideal)
                         -0.25    9.75   clock uncertainty
                          0.00    9.75   clock reconvergence pessimism
                                  9.75 ^ _1050_/CLK (sky130_fd_sc_hd__dfrtp_2)
                          0.17    9.92   library recovery time
                                  9.92   data required time
-----------------------------------------------------------------------------
                                  9.92   data required time
                                 -2.23   data arrival time
-----------------------------------------------------------------------------
                                  7.70   slack (MET)


Startpoint: w_rst_n (input port clocked by w_clk)
Endpoint: _1060_ (recovery check against rising-edge clock w_clk)
Path Group: asynchronous
Path Type: max

Fanout     Cap    Slew   Delay    Time   Description
-----------------------------------------------------------------------------
                  0.15    0.00    0.00   clock w_clk (rise edge)
                          0.00    0.00   clock network delay (ideal)
                          2.00    2.00 ^ input external delay
                  0.32    0.23    2.23 ^ w_rst_n (in)
    19    0.07                           w_rst_n (net)
                  0.32    0.00    2.23 ^ _1060_/RESET_B (sky130_fd_sc_hd__dfrtp_2)
                                  2.23   data arrival time

                  0.15   10.00   10.00   clock w_clk (rise edge)
                          0.00   10.00   clock network delay (ideal)
                         -0.25    9.75   clock uncertainty
                          0.00    9.75   clock reconvergence pessimism
                                  9.75 ^ _1060_/CLK (sky130_fd_sc_hd__dfrtp_2)
                          0.17    9.92   library recovery time
                                  9.92   data required time
-----------------------------------------------------------------------------
                                  9.92   data required time
                                 -2.23   data arrival time
-----------------------------------------------------------------------------
                                  7.70   slack (MET)


Startpoint: w_rst_n (input port clocked by w_clk)
Endpoint: _1061_ (recovery check against rising-edge clock w_clk)
Path Group: asynchronous
Path Type: max

Fanout     Cap    Slew   Delay    Time   Description
-----------------------------------------------------------------------------
                  0.15    0.00    0.00   clock w_clk (rise edge)
                          0.00    0.00   clock network delay (ideal)
                          2.00    2.00 ^ input external delay
                  0.32    0.23    2.23 ^ w_rst_n (in)
    19    0.07                           w_rst_n (net)
                  0.32    0.00    2.23 ^ _1061_/RESET_B (sky130_fd_sc_hd__dfrtp_2)
                                  2.23   data arrival time

                  0.15   10.00   10.00   clock w_clk (rise edge)
                          0.00   10.00   clock network delay (ideal)
                         -0.25    9.75   clock uncertainty
                          0.00    9.75   clock reconvergence pessimism
                                  9.75 ^ _1061_/CLK (sky130_fd_sc_hd__dfrtp_2)
                          0.17    9.92   library recovery time
                                  9.92   data required time
-----------------------------------------------------------------------------
                                  9.92   data required time
                                 -2.23   data arrival time
-----------------------------------------------------------------------------
                                  7.70   slack (MET)


Startpoint: w_rst_n (input port clocked by w_clk)
Endpoint: _1062_ (recovery check against rising-edge clock w_clk)
Path Group: asynchronous
Path Type: max

Fanout     Cap    Slew   Delay    Time   Description
-----------------------------------------------------------------------------
                  0.15    0.00    0.00   clock w_clk (rise edge)
                          0.00    0.00   clock network delay (ideal)
                          2.00    2.00 ^ input external delay
                  0.32    0.23    2.23 ^ w_rst_n (in)
    19    0.07                           w_rst_n (net)
                  0.32    0.00    2.23 ^ _1062_/RESET_B (sky130_fd_sc_hd__dfrtp_2)
                                  2.23   data arrival time

                  0.15   10.00   10.00   clock w_clk (rise edge)
                          0.00   10.00   clock network delay (ideal)
                         -0.25    9.75   clock uncertainty
                          0.00    9.75   clock reconvergence pessimism
                                  9.75 ^ _1062_/CLK (sky130_fd_sc_hd__dfrtp_2)
                          0.17    9.92   library recovery time
                                  9.92   data required time
-----------------------------------------------------------------------------
                                  9.92   data required time
                                 -2.23   data arrival time
-----------------------------------------------------------------------------
                                  7.70   slack (MET)


Startpoint: w_rst_n (input port clocked by w_clk)
Endpoint: _1063_ (recovery check against rising-edge clock w_clk)
Path Group: asynchronous
Path Type: max

Fanout     Cap    Slew   Delay    Time   Description
-----------------------------------------------------------------------------
                  0.15    0.00    0.00   clock w_clk (rise edge)
                          0.00    0.00   clock network delay (ideal)
                          2.00    2.00 ^ input external delay
                  0.32    0.23    2.23 ^ w_rst_n (in)
    19    0.07                           w_rst_n (net)
                  0.32    0.00    2.23 ^ _1063_/RESET_B (sky130_fd_sc_hd__dfrtp_2)
                                  2.23   data arrival time

                  0.15   10.00   10.00   clock w_clk (rise edge)
                          0.00   10.00   clock network delay (ideal)
                         -0.25    9.75   clock uncertainty
                          0.00    9.75   clock reconvergence pessimism
                                  9.75 ^ _1063_/CLK (sky130_fd_sc_hd__dfrtp_2)
                          0.17    9.92   library recovery time
                                  9.92   data required time
-----------------------------------------------------------------------------
                                  9.92   data required time
                                 -2.23   data arrival time
-----------------------------------------------------------------------------
                                  7.70   slack (MET)


Startpoint: _1041_ (rising edge-triggered flip-flop clocked by w_clk)
Endpoint: _1046_ (rising edge-triggered flip-flop clocked by w_clk)
Path Group: w_clk
Path Type: max

Fanout     Cap    Slew   Delay    Time   Description
-----------------------------------------------------------------------------
                  0.15    0.00    0.00   clock w_clk (rise edge)
                          0.00    0.00   clock network delay (ideal)
                  0.15    0.00    0.00 ^ _1041_/CLK (sky130_fd_sc_hd__dfrtp_2)
                  0.04    0.43    0.43 v _1041_/Q (sky130_fd_sc_hd__dfrtp_2)
     1    0.00                           r_ptr_g_sync1[0] (net)
                  0.04    0.00    0.43 v _1046_/D (sky130_fd_sc_hd__dfrtp_2)
                                  0.43   data arrival time

                  0.15   10.00   10.00   clock w_clk (rise edge)
                          0.00   10.00   clock network delay (ideal)
                         -0.25    9.75   clock uncertainty
                          0.00    9.75   clock reconvergence pessimism
                                  9.75 ^ _1046_/CLK (sky130_fd_sc_hd__dfrtp_2)
                         -0.09    9.66   library setup time
                                  9.66   data required time
-----------------------------------------------------------------------------
                                  9.66   data required time
                                 -0.43   data arrival time
-----------------------------------------------------------------------------
                                  9.23   slack (MET)


Startpoint: _1042_ (rising edge-triggered flip-flop clocked by w_clk)
Endpoint: _1047_ (rising edge-triggered flip-flop clocked by w_clk)
Path Group: w_clk
Path Type: max

Fanout     Cap    Slew   Delay    Time   Description
-----------------------------------------------------------------------------
                  0.15    0.00    0.00   clock w_clk (rise edge)
                          0.00    0.00   clock network delay (ideal)
                  0.15    0.00    0.00 ^ _1042_/CLK (sky130_fd_sc_hd__dfrtp_2)
                  0.04    0.43    0.43 v _1042_/Q (sky130_fd_sc_hd__dfrtp_2)
     1    0.00                           r_ptr_g_sync1[1] (net)
                  0.04    0.00    0.43 v _1047_/D (sky130_fd_sc_hd__dfrtp_2)
                                  0.43   data arrival time

                  0.15   10.00   10.00   clock w_clk (rise edge)
                          0.00   10.00   clock network delay (ideal)
                         -0.25    9.75   clock uncertainty
                          0.00    9.75   clock reconvergence pessimism
                                  9.75 ^ _1047_/CLK (sky130_fd_sc_hd__dfrtp_2)
                         -0.09    9.66   library setup time
                                  9.66   data required time
-----------------------------------------------------------------------------
                                  9.66   data required time
                                 -0.43   data arrival time
-----------------------------------------------------------------------------
                                  9.23   slack (MET)


Startpoint: _1043_ (rising edge-triggered flip-flop clocked by w_clk)
Endpoint: _1048_ (rising edge-triggered flip-flop clocked by w_clk)
Path Group: w_clk
Path Type: max

Fanout     Cap    Slew   Delay    Time   Description
-----------------------------------------------------------------------------
                  0.15    0.00    0.00   clock w_clk (rise edge)
                          0.00    0.00   clock network delay (ideal)
                  0.15    0.00    0.00 ^ _1043_/CLK (sky130_fd_sc_hd__dfrtp_2)
                  0.04    0.43    0.43 v _1043_/Q (sky130_fd_sc_hd__dfrtp_2)
     1    0.00                           r_ptr_g_sync1[2] (net)
                  0.04    0.00    0.43 v _1048_/D (sky130_fd_sc_hd__dfrtp_2)
                                  0.43   data arrival time

                  0.15   10.00   10.00   clock w_clk (rise edge)
                          0.00   10.00   clock network delay (ideal)
                         -0.25    9.75   clock uncertainty
                          0.00    9.75   clock reconvergence pessimism
                                  9.75 ^ _1048_/CLK (sky130_fd_sc_hd__dfrtp_2)
                         -0.09    9.66   library setup time
                                  9.66   data required time
-----------------------------------------------------------------------------
                                  9.66   data required time
                                 -0.43   data arrival time
-----------------------------------------------------------------------------
                                  9.23   slack (MET)


Startpoint: _1044_ (rising edge-triggered flip-flop clocked by w_clk)
Endpoint: _1049_ (rising edge-triggered flip-flop clocked by w_clk)
Path Group: w_clk
Path Type: max

Fanout     Cap    Slew   Delay    Time   Description
-----------------------------------------------------------------------------
                  0.15    0.00    0.00   clock w_clk (rise edge)
                          0.00    0.00   clock network delay (ideal)
                  0.15    0.00    0.00 ^ _1044_/CLK (sky130_fd_sc_hd__dfrtp_2)
                  0.04    0.43    0.43 v _1044_/Q (sky130_fd_sc_hd__dfrtp_2)
     1    0.00                           r_ptr_g_sync1[3] (net)
                  0.04    0.00    0.43 v _1049_/D (sky130_fd_sc_hd__dfrtp_2)
                                  0.43   data arrival time

                  0.15   10.00   10.00   clock w_clk (rise edge)
                          0.00   10.00   clock network delay (ideal)
                         -0.25    9.75   clock uncertainty
                          0.00    9.75   clock reconvergence pessimism
                                  9.75 ^ _1049_/CLK (sky130_fd_sc_hd__dfrtp_2)
                         -0.09    9.66   library setup time
                                  9.66   data required time
-----------------------------------------------------------------------------
                                  9.66   data required time
                                 -0.43   data arrival time
-----------------------------------------------------------------------------
                                  9.23   slack (MET)


Startpoint: _1045_ (rising edge-triggered flip-flop clocked by w_clk)
Endpoint: _1050_ (rising edge-triggered flip-flop clocked by w_clk)
Path Group: w_clk
Path Type: max

Fanout     Cap    Slew   Delay    Time   Description
-----------------------------------------------------------------------------
                  0.15    0.00    0.00   clock w_clk (rise edge)
                          0.00    0.00   clock network delay (ideal)
                  0.15    0.00    0.00 ^ _1045_/CLK (sky130_fd_sc_hd__dfrtp_2)
                  0.04    0.43    0.43 v _1045_/Q (sky130_fd_sc_hd__dfrtp_2)
     1    0.00                           r_ptr_g_sync1[4] (net)
                  0.04    0.00    0.43 v _1050_/D (sky130_fd_sc_hd__dfrtp_2)
                                  0.43   data arrival time

                  0.15   10.00   10.00   clock w_clk (rise edge)
                          0.00   10.00   clock network delay (ideal)
                         -0.25    9.75   clock uncertainty
                          0.00    9.75   clock reconvergence pessimism
                                  9.75 ^ _1050_/CLK (sky130_fd_sc_hd__dfrtp_2)
                         -0.09    9.66   library setup time
                                  9.66   data required time
-----------------------------------------------------------------------------
                                  9.66   data required time
                                 -0.43   data arrival time
-----------------------------------------------------------------------------
                                  9.23   slack (MET)



