OpenROAD 41a51eaf4ca2171c92ff38afb91eb37bbd3f36da 
This program is licensed under the BSD-3 license. See the LICENSE file for details.
Components of this program may be licensed under more restrictive licenses which must be honored.
[INFO]: Reading ODB at '/openlane/designs/AsynFifo/runs/run_1/results/routing/AsynFifo.odb'…
define_corners Typical
read_liberty -corner Typical /home/nguyenson99/.ciel/sky130A/libs.ref/sky130_fd_sc_hd/lib/sky130_fd_sc_hd__tt_025C_1v80.lib
Using 1e-12 for capacitance...
Using 1e+03 for resistance...
Using 1e-09 for time...
Using 1e+00 for voltage...
Using 1e-03 for current...
Using 1e-09 for power...
Using 1e-06 for distance...
Reading design constraints file at '/openlane/designs/AsynFifo/runs/run_1/tmp/17-AsynFifo.sdc'…
Net: net4
  Pin: _0700_/A1 (sky130_fd_sc_hd__mux2_1)
    Layer: met2
      Partial area ratio:   44.15
      Required ratio:    0.00 (Gate area) 
      Partial area ratio:  221.76
      Required ratio: 3872.32 (Side area) 
      Cumulative area ratio:  345.85
      Required ratio:    0.00 (Cumulative area) 
      Cumulative area ratio: 1738.42
      Required ratio:    0.00 (Cumulative side area) 

    Layer: met1
      Partial area ratio:   23.59
      Required ratio:    0.00 (Gate area) 
      Partial area ratio:  120.28
      Required ratio:  400.00 (Side area) 
      Cumulative area ratio:   23.59
      Required ratio:    0.00 (Cumulative area) 
      Cumulative area ratio:  120.28
      Required ratio:    0.00 (Cumulative side area) 

    Layer: li1
      Partial area ratio:    0.00
      Required ratio:    0.00 (Gate area) 
      Partial area ratio:    0.00
      Required ratio:   75.00 (Side area) 
      Cumulative area ratio:    0.00
      Required ratio:    0.00 (Cumulative area) 
      Cumulative area ratio:    0.00
      Required ratio:    0.00 (Cumulative side area) 

    Layer: met3
      Partial area ratio:    2.01
      Required ratio:    0.00 (Gate area) 
      Partial area ratio:   11.17
      Required ratio: 3872.32 (Side area) 
      Cumulative area ratio:  347.85
      Required ratio:    0.00 (Cumulative area) 
      Cumulative area ratio: 1749.60
      Required ratio:    0.00 (Cumulative side area) 

    Via: M2M3_PR
      Partial area ratio:    0.02
      Required ratio:    6.00 (Gate area) 
      Cumulative area ratio:    1.15
      Required ratio:    0.00 (Cumulative area) 

    Via: M1M2_PR
      Partial area ratio:    0.27
      Required ratio:    6.00 (Gate area) 
      Cumulative area ratio:    0.50
      Required ratio:    0.00 (Cumulative area) 

    Via: L1M1_PR
      Partial area ratio:    0.23
      Required ratio:    3.00 (Gate area) 
      Cumulative area ratio:    0.23
      Required ratio:    0.00 (Cumulative area) 

  Pin: _0819_/A1 (sky130_fd_sc_hd__mux2_1)
    Layer: met2
      Partial area ratio:   44.15
      Required ratio:    0.00 (Gate area) 
      Partial area ratio:  221.76
      Required ratio: 3872.32 (Side area) 
      Cumulative area ratio:  355.74
      Required ratio:    0.00 (Cumulative area) 
      Cumulative area ratio: 1789.42
      Required ratio:    0.00 (Cumulative side area) 

    Layer: met1
      Partial area ratio:    0.00
      Required ratio:    0.00 (Gate area) 
      Partial area ratio:    0.00
      Required ratio:  400.00 (Side area) 
      Cumulative area ratio:    0.00
      Required ratio:    0.00 (Cumulative area) 
      Cumulative area ratio:    0.00
      Required ratio:    0.00 (Cumulative side area) 

    Layer: li1
      Partial area ratio:    0.00
      Required ratio:    0.00 (Gate area) 
      Partial area ratio:    0.00
      Required ratio:   75.00 (Side area) 
      Cumulative area ratio:    0.00
      Required ratio:    0.00 (Cumulative area) 
      Cumulative area ratio:    0.00
      Required ratio:    0.00 (Cumulative side area) 

    Layer: met3
      Partial area ratio:    2.01
      Required ratio:    0.00 (Gate area) 
      Partial area ratio:   11.17
      Required ratio: 3872.32 (Side area) 
      Cumulative area ratio:  357.74
      Required ratio:    0.00 (Cumulative area) 
      Cumulative area ratio: 1800.60
      Required ratio:    0.00 (Cumulative side area) 

    Via: M2M3_PR
      Partial area ratio:    0.02
      Required ratio:    6.00 (Gate area) 
      Cumulative area ratio:    1.68
      Required ratio:    0.00 (Cumulative area) 

    Via: M1M2_PR
      Partial area ratio:    0.18
      Required ratio:    6.00 (Gate area) 
      Cumulative area ratio:    0.41
      Required ratio:    0.00 (Cumulative area) 

    Via: L1M1_PR
      Partial area ratio:    0.23
      Required ratio:    3.00 (Gate area) 
      Cumulative area ratio:    0.23
      Required ratio:    0.00 (Cumulative area) 

  Pin: _0789_/A1 (sky130_fd_sc_hd__mux2_1)
    Layer: met3
      Partial area ratio:    2.01
      Required ratio:    0.00 (Gate area) 
      Partial area ratio:   11.17
      Required ratio: 3872.32 (Side area) 
      Cumulative area ratio:    4.81
      Required ratio:    0.00 (Cumulative area) 
      Cumulative area ratio:   25.98
      Required ratio:    0.00 (Cumulative side area) 

    Layer: met2
      Partial area ratio:    0.17
      Required ratio:    0.00 (Gate area) 
      Partial area ratio:    1.25
      Required ratio:  400.00 (Side area) 
      Cumulative area ratio:    2.81
      Required ratio:    0.00 (Cumulative area) 
      Cumulative area ratio:   14.81
      Required ratio:    0.00 (Cumulative side area) 

    Layer: met1
      Partial area ratio:    2.63
      Required ratio:    0.00 (Gate area) 
      Partial area ratio:   13.56
      Required ratio:  400.00 (Side area) 
      Cumulative area ratio:    2.63
      Required ratio:    0.00 (Cumulative area) 
      Cumulative area ratio:   13.56
      Required ratio:    0.00 (Cumulative side area) 

    Layer: li1
      Partial area ratio:    0.00
      Required ratio:    0.00 (Gate area) 
      Partial area ratio:    0.00
      Required ratio:   75.00 (Side area) 
      Cumulative area ratio:    0.00
      Required ratio:    0.00 (Cumulative area) 
      Cumulative area ratio:    0.00
      Required ratio:    0.00 (Cumulative side area) 

    Via: M2M3_PR
      Partial area ratio:    0.16
      Required ratio:    6.00 (Gate area) 
      Cumulative area ratio:    0.48
      Required ratio:    0.00 (Cumulative area) 

    Via: M1M2_PR
      Partial area ratio:    0.09
      Required ratio:    6.00 (Gate area) 
      Cumulative area ratio:    0.32
      Required ratio:    0.00 (Cumulative area) 

    Via: L1M1_PR
      Partial area ratio:    0.23
      Required ratio:    3.00 (Gate area) 
      Cumulative area ratio:    0.23
      Required ratio:    0.00 (Cumulative area) 

  Pin: _0753_/A1 (sky130_fd_sc_hd__mux2_1)
    Layer: met3
      Partial area ratio:    2.01
      Required ratio:    0.00 (Gate area) 
      Partial area ratio:   11.17
      Required ratio: 3872.32 (Side area) 
      Cumulative area ratio:    4.81
      Required ratio:    0.00 (Cumulative area) 
      Cumulative area ratio:   25.98
      Required ratio:    0.00 (Cumulative side area) 

    Layer: met2
      Partial area ratio:    0.17
      Required ratio:    0.00 (Gate area) 
      Partial area ratio:    1.25
      Required ratio:  400.00 (Side area) 
      Cumulative area ratio:    2.81
      Required ratio:    0.00 (Cumulative area) 
      Cumulative area ratio:   14.81
      Required ratio:    0.00 (Cumulative side area) 

    Layer: met1
      Partial area ratio:    2.63
      Required ratio:    0.00 (Gate area) 
      Partial area ratio:   13.56
      Required ratio:  400.00 (Side area) 
      Cumulative area ratio:    2.63
      Required ratio:    0.00 (Cumulative area) 
      Cumulative area ratio:   13.56
      Required ratio:    0.00 (Cumulative side area) 

    Layer: li1
      Partial area ratio:    0.00
      Required ratio:    0.00 (Gate area) 
      Partial area ratio:    0.00
      Required ratio:   75.00 (Side area) 
      Cumulative area ratio:    0.00
      Required ratio:    0.00 (Cumulative area) 
      Cumulative area ratio:    0.00
      Required ratio:    0.00 (Cumulative side area) 

    Via: M2M3_PR
      Partial area ratio:    0.16
      Required ratio:    6.00 (Gate area) 
      Cumulative area ratio:    0.48
      Required ratio:    0.00 (Cumulative area) 

    Via: M1M2_PR
      Partial area ratio:    0.09
      Required ratio:    6.00 (Gate area) 
      Cumulative area ratio:    0.32
      Required ratio:    0.00 (Cumulative area) 

    Via: L1M1_PR
      Partial area ratio:    0.23
      Required ratio:    3.00 (Gate area) 
      Cumulative area ratio:    0.23
      Required ratio:    0.00 (Cumulative area) 

  Pin: _0490_/A1 (sky130_fd_sc_hd__mux2_1)
    Layer: met3
      Partial area ratio:    2.01
      Required ratio:    0.00 (Gate area) 
      Partial area ratio:   11.17
      Required ratio: 3872.32 (Side area) 
      Cumulative area ratio:   10.66
      Required ratio:    0.00 (Cumulative area) 
      Cumulative area ratio:   57.56
      Required ratio:    0.00 (Cumulative side area) 

    Layer: met2
      Partial area ratio:    6.46
      Required ratio:    0.00 (Gate area) 
      Partial area ratio:   34.61
      Required ratio:  400.00 (Side area) 
      Cumulative area ratio:    8.66
      Required ratio:    0.00 (Cumulative area) 
      Cumulative area ratio:   46.39
      Required ratio:    0.00 (Cumulative side area) 

    Layer: met1
      Partial area ratio:    2.20
      Required ratio:    0.00 (Gate area) 
      Partial area ratio:   11.78
      Required ratio:  400.00 (Side area) 
      Cumulative area ratio:    2.20
      Required ratio:    0.00 (Cumulative area) 
      Cumulative area ratio:   11.78
      Required ratio:    0.00 (Cumulative side area) 

    Layer: li1
      Partial area ratio:    0.00
      Required ratio:    0.00 (Gate area) 
      Partial area ratio:    0.00
      Required ratio:   75.00 (Side area) 
      Cumulative area ratio:    0.00
      Required ratio:    0.00 (Cumulative area) 
      Cumulative area ratio:    0.00
      Required ratio:    0.00 (Cumulative side area) 

    Via: M2M3_PR
      Partial area ratio:    0.32
      Required ratio:    6.00 (Gate area) 
      Cumulative area ratio:    0.73
      Required ratio:    0.00 (Cumulative area) 

    Via: M1M2_PR
      Partial area ratio:    0.18
      Required ratio:    6.00 (Gate area) 
      Cumulative area ratio:    0.41
      Required ratio:    0.00 (Cumulative area) 

    Via: L1M1_PR
      Partial area ratio:    0.23
      Required ratio:    3.00 (Gate area) 
      Cumulative area ratio:    0.23
      Required ratio:    0.00 (Cumulative area) 

  Pin: _0718_/A1 (sky130_fd_sc_hd__mux2_1)
    Layer: met2
      Partial area ratio:   44.15
      Required ratio:    0.00 (Gate area) 
      Partial area ratio:  221.76
      Required ratio: 3872.32 (Side area) 
      Cumulative area ratio:  355.74
      Required ratio:    0.00 (Cumulative area) 
      Cumulative area ratio: 1789.42
      Required ratio:    0.00 (Cumulative side area) 

    Layer: met1
      Partial area ratio:    9.89
      Required ratio:    0.00 (Gate area) 
      Partial area ratio:   51.00
      Required ratio:  400.00 (Side area) 
      Cumulative area ratio:    9.89
      Required ratio:    0.00 (Cumulative area) 
      Cumulative area ratio:   51.00
      Required ratio:    0.00 (Cumulative side area) 

    Layer: met3
      Partial area ratio:    2.01
      Required ratio:    0.00 (Gate area) 
      Partial area ratio:   11.17
      Required ratio: 3872.32 (Side area) 
      Cumulative area ratio:  357.74
      Required ratio:    0.00 (Cumulative area) 
      Cumulative area ratio: 1800.60
      Required ratio:    0.00 (Cumulative side area) 

    Layer: li1
      Partial area ratio:    0.00
      Required ratio:    0.00 (Gate area) 
      Partial area ratio:    0.00
      Required ratio:   75.00 (Side area) 
      Cumulative area ratio:    0.00
      Required ratio:    0.00 (Cumulative area) 
      Cumulative area ratio:    0.00
      Required ratio:    0.00 (Cumulative side area) 

    Via: M2M3_PR
      Partial area ratio:    0.02
      Required ratio:    6.00 (Gate area) 
      Cumulative area ratio:    1.50
      Required ratio:    0.00 (Cumulative area) 

    Via: M1M2_PR
      Partial area ratio:    0.36
      Required ratio:    6.00 (Gate area) 
      Cumulative area ratio:    0.59
      Required ratio:    0.00 (Cumulative area) 

    Via: L1M1_PR
      Partial area ratio:    0.23
      Required ratio:    3.00 (Gate area) 
      Cumulative area ratio:    0.23
      Required ratio:    0.00 (Cumulative area) 

  Pin: _0771_/A1 (sky130_fd_sc_hd__mux2_1)
    Layer: met2
      Partial area ratio:   44.15
      Required ratio:    0.00 (Gate area) 
      Partial area ratio:  221.76
      Required ratio: 3872.32 (Side area) 
      Cumulative area ratio:  345.85
      Required ratio:    0.00 (Cumulative area) 
      Cumulative area ratio: 1738.42
      Required ratio:    0.00 (Cumulative side area) 

    Layer: met1
      Partial area ratio:   23.59
      Required ratio:    0.00 (Gate area) 
      Partial area ratio:  120.28
      Required ratio:  400.00 (Side area) 
      Cumulative area ratio:   23.59
      Required ratio:    0.00 (Cumulative area) 
      Cumulative area ratio:  120.28
      Required ratio:    0.00 (Cumulative side area) 

    Layer: met3
      Partial area ratio:    2.01
      Required ratio:    0.00 (Gate area) 
      Partial area ratio:   11.17
      Required ratio: 3872.32 (Side area) 
      Cumulative area ratio:  347.85
      Required ratio:    0.00 (Cumulative area) 
      Cumulative area ratio: 1749.60
      Required ratio:    0.00 (Cumulative side area) 

    Layer: li1
      Partial area ratio:    0.00
      Required ratio:    0.00 (Gate area) 
      Partial area ratio:    0.00
      Required ratio:   75.00 (Side area) 
      Cumulative area ratio:    0.00
      Required ratio:    0.00 (Cumulative area) 
      Cumulative area ratio:    0.00
      Required ratio:    0.00 (Cumulative side area) 

    Via: M2M3_PR
      Partial area ratio:    0.02
      Required ratio:    6.00 (Gate area) 
      Cumulative area ratio:    1.15
      Required ratio:    0.00 (Cumulative area) 

    Via: M1M2_PR
      Partial area ratio:    0.27
      Required ratio:    6.00 (Gate area) 
      Cumulative area ratio:    0.50
      Required ratio:    0.00 (Cumulative area) 

    Via: L1M1_PR
      Partial area ratio:    0.23
      Required ratio:    3.00 (Gate area) 
      Cumulative area ratio:    0.23
      Required ratio:    0.00 (Cumulative area) 

  Pin: _0607_/A1 (sky130_fd_sc_hd__mux2_1)
    Layer: met2
      Partial area ratio:   44.15
      Required ratio:    0.00 (Gate area) 
      Partial area ratio:  221.76
      Required ratio: 3872.32 (Side area) 
      Cumulative area ratio:  346.51
      Required ratio:    0.00 (Cumulative area) 
      Cumulative area ratio: 1742.53
      Required ratio:    0.00 (Cumulative side area) 

    Layer: met3
      Partial area ratio:    2.01
      Required ratio:    0.00 (Gate area) 
      Partial area ratio:   11.17
      Required ratio: 3872.32 (Side area) 
      Cumulative area ratio:  348.52
      Required ratio:    0.00 (Cumulative area) 
      Cumulative area ratio: 1753.71
      Required ratio:    0.00 (Cumulative side area) 

    Layer: met1
      Partial area ratio:    0.67
      Required ratio:    0.00 (Gate area) 
      Partial area ratio:    4.11
      Required ratio:  400.00 (Side area) 
      Cumulative area ratio:    0.67
      Required ratio:    0.00 (Cumulative area) 
      Cumulative area ratio:    4.11
      Required ratio:    0.00 (Cumulative side area) 

    Layer: li1
      Partial area ratio:    0.00
      Required ratio:    0.00 (Gate area) 
      Partial area ratio:    0.00
      Required ratio:   75.00 (Side area) 
      Cumulative area ratio:    0.00
      Required ratio:    0.00 (Cumulative area) 
      Cumulative area ratio:    0.00
      Required ratio:    0.00 (Cumulative side area) 

    Via: M2M3_PR
      Partial area ratio:    0.02
      Required ratio:    6.00 (Gate area) 
      Cumulative area ratio:    1.33
      Required ratio:    0.00 (Cumulative area) 

    Via: M1M2_PR
      Partial area ratio:    0.18
      Required ratio:    6.00 (Gate area) 
      Cumulative area ratio:    0.41
      Required ratio:    0.00 (Cumulative area) 

    Via: L1M1_PR
      Partial area ratio:    0.23
      Required ratio:    3.00 (Gate area) 
      Cumulative area ratio:    0.23
      Required ratio:    0.00 (Cumulative area) 

  Pin: _0588_/A1 (sky130_fd_sc_hd__mux2_1)
    Layer: met2
      Partial area ratio:   44.15
      Required ratio:    0.00 (Gate area) 
      Partial area ratio:  221.76
      Required ratio: 3872.32 (Side area) 
      Cumulative area ratio:  322.26
      Required ratio:    0.00 (Cumulative area) 
      Cumulative area ratio: 1618.15
      Required ratio:    0.00 (Cumulative side area) 

    Layer: met3
      Partial area ratio:    2.01
      Required ratio:    0.00 (Gate area) 
      Partial area ratio:   11.17
      Required ratio: 3872.32 (Side area) 
      Cumulative area ratio:  324.26
      Required ratio:    0.00 (Cumulative area) 
      Cumulative area ratio: 1629.32
      Required ratio:    0.00 (Cumulative side area) 

    Layer: met1
      Partial area ratio:    0.00
      Required ratio:    0.00 (Gate area) 
      Partial area ratio:    0.00
      Required ratio:  400.00 (Side area) 
      Cumulative area ratio:    0.00
      Required ratio:    0.00 (Cumulative area) 
      Cumulative area ratio:    0.00
      Required ratio:    0.00 (Cumulative side area) 

    Layer: li1
      Partial area ratio:    0.00
      Required ratio:    0.00 (Gate area) 
      Partial area ratio:    0.00
      Required ratio:   75.00 (Side area) 
      Cumulative area ratio:    0.00
      Required ratio:    0.00 (Cumulative area) 
      Cumulative area ratio:    0.00
      Required ratio:    0.00 (Cumulative side area) 

    Via: M2M3_PR
      Partial area ratio:    0.02
      Required ratio:    6.00 (Gate area) 
      Cumulative area ratio:    1.06
      Required ratio:    0.00 (Cumulative area) 

    Via: M1M2_PR
      Partial area ratio:    0.18
      Required ratio:    6.00 (Gate area) 
      Cumulative area ratio:    0.41
      Required ratio:    0.00 (Cumulative area) 

    Via: L1M1_PR
      Partial area ratio:    0.23
      Required ratio:    3.00 (Gate area) 
      Cumulative area ratio:    0.23
      Required ratio:    0.00 (Cumulative area) 

  Pin: _0872_/A1 (sky130_fd_sc_hd__mux2_1)
    Layer: met2
      Partial area ratio:   44.15
      Required ratio:    0.00 (Gate area) 
      Partial area ratio:  221.76
      Required ratio: 3872.32 (Side area) 
      Cumulative area ratio:  322.26
      Required ratio:    0.00 (Cumulative area) 
      Cumulative area ratio: 1618.15
      Required ratio:    0.00 (Cumulative side area) 

    Layer: met1
      Partial area ratio:    4.93
      Required ratio:    0.00 (Gate area) 
      Partial area ratio:   27.00
      Required ratio:  400.00 (Side area) 
      Cumulative area ratio:    4.93
      Required ratio:    0.00 (Cumulative area) 
      Cumulative area ratio:   27.00
      Required ratio:    0.00 (Cumulative side area) 

    Layer: met3
      Partial area ratio:    2.01
      Required ratio:    0.00 (Gate area) 
      Partial area ratio:   11.17
      Required ratio: 3872.32 (Side area) 
      Cumulative area ratio:  324.26
      Required ratio:    0.00 (Cumulative area) 
      Cumulative area ratio: 1629.32
      Required ratio:    0.00 (Cumulative side area) 

    Layer: li1
      Partial area ratio:    0.00
      Required ratio:    0.00 (Gate area) 
      Partial area ratio:    0.00
      Required ratio:   75.00 (Side area) 
      Cumulative area ratio:    0.00
      Required ratio:    0.00 (Cumulative area) 
      Cumulative area ratio:    0.00
      Required ratio:    0.00 (Cumulative side area) 

    Via: M2M3_PR
      Partial area ratio:    0.02
      Required ratio:    6.00 (Gate area) 
      Cumulative area ratio:    0.88
      Required ratio:    0.00 (Cumulative area) 

    Via: M1M2_PR
      Partial area ratio:    0.36
      Required ratio:    6.00 (Gate area) 
      Cumulative area ratio:    0.59
      Required ratio:    0.00 (Cumulative area) 

    Via: L1M1_PR
      Partial area ratio:    0.23
      Required ratio:    3.00 (Gate area) 
      Cumulative area ratio:    0.23
      Required ratio:    0.00 (Cumulative area) 

  Pin: _0625_/A1 (sky130_fd_sc_hd__mux2_1)
    Layer: met2
      Partial area ratio:   44.15
      Required ratio:    0.00 (Gate area) 
      Partial area ratio:  221.76
      Required ratio: 3872.32 (Side area) 
      Cumulative area ratio:  317.33
      Required ratio:    0.00 (Cumulative area) 
      Cumulative area ratio: 1591.15
      Required ratio:    0.00 (Cumulative side area) 

    Layer: met1
      Partial area ratio:  273.18
      Required ratio:    0.00 (Gate area) 
      Partial area ratio: 1369.39
      Required ratio:  400.00 (Side area) (VIOLATED)
      Cumulative area ratio:  273.18
      Required ratio:    0.00 (Cumulative area) 
      Cumulative area ratio: 1369.39
      Required ratio:    0.00 (Cumulative side area) 

    Layer: met3
      Partial area ratio:    2.01
      Required ratio:    0.00 (Gate area) 
      Partial area ratio:   11.17
      Required ratio: 3872.32 (Side area) 
      Cumulative area ratio:  319.33
      Required ratio:    0.00 (Cumulative area) 
      Cumulative area ratio: 1602.32
      Required ratio:    0.00 (Cumulative side area) 

    Layer: li1
      Partial area ratio:    0.00
      Required ratio:    0.00 (Gate area) 
      Partial area ratio:    0.00
      Required ratio:   75.00 (Side area) 
      Cumulative area ratio:    0.00
      Required ratio:    0.00 (Cumulative area) 
      Cumulative area ratio:    0.00
      Required ratio:    0.00 (Cumulative side area) 

    Via: M2M3_PR
      Partial area ratio:    0.02
      Required ratio:    6.00 (Gate area) 
      Cumulative area ratio:    0.52
      Required ratio:    0.00 (Cumulative area) 

    Via: M1M2_PR
      Partial area ratio:    0.27
      Required ratio:    6.00 (Gate area) 
      Cumulative area ratio:    0.50
      Required ratio:    0.00 (Cumulative area) 

    Via: L1M1_PR
      Partial area ratio:    0.23
      Required ratio:    3.00 (Gate area) 
      Cumulative area ratio:    0.23
      Required ratio:    0.00 (Cumulative area) 

  Pin: _0643_/A1 (sky130_fd_sc_hd__mux2_1)
    Layer: met2
      Partial area ratio:   44.15
      Required ratio:    0.00 (Gate area) 
      Partial area ratio:  221.76
      Required ratio: 3872.32 (Side area) 
      Cumulative area ratio:  317.33
      Required ratio:    0.00 (Cumulative area) 
      Cumulative area ratio: 1591.15
      Required ratio:    0.00 (Cumulative side area) 

    Layer: met1
      Partial area ratio:  273.18
      Required ratio:    0.00 (Gate area) 
      Partial area ratio: 1369.39
      Required ratio:  400.00 (Side area) (VIOLATED)
      Cumulative area ratio:  273.18
      Required ratio:    0.00 (Cumulative area) 
      Cumulative area ratio: 1369.39
      Required ratio:    0.00 (Cumulative side area) 

    Layer: met3
      Partial area ratio:    2.01
      Required ratio:    0.00 (Gate area) 
      Partial area ratio:   11.17
      Required ratio: 3872.32 (Side area) 
      Cumulative area ratio:  319.33
      Required ratio:    0.00 (Cumulative area) 
      Cumulative area ratio: 1602.32
      Required ratio:    0.00 (Cumulative side area) 

    Layer: li1
      Partial area ratio:    0.00
      Required ratio:    0.00 (Gate area) 
      Partial area ratio:    0.00
      Required ratio:   75.00 (Side area) 
      Cumulative area ratio:    0.00
      Required ratio:    0.00 (Cumulative area) 
      Cumulative area ratio:    0.00
      Required ratio:    0.00 (Cumulative side area) 

    Via: M2M3_PR
      Partial area ratio:    0.02
      Required ratio:    6.00 (Gate area) 
      Cumulative area ratio:    0.52
      Required ratio:    0.00 (Cumulative area) 

    Via: M1M2_PR
      Partial area ratio:    0.27
      Required ratio:    6.00 (Gate area) 
      Cumulative area ratio:    0.50
      Required ratio:    0.00 (Cumulative area) 

    Via: L1M1_PR
      Partial area ratio:    0.23
      Required ratio:    3.00 (Gate area) 
      Cumulative area ratio:    0.23
      Required ratio:    0.00 (Cumulative area) 

  Pin: _0890_/A1 (sky130_fd_sc_hd__mux2_1)
    Layer: met2
      Partial area ratio:   44.15
      Required ratio:    0.00 (Gate area) 
      Partial area ratio:  221.76
      Required ratio: 3872.32 (Side area) 
      Cumulative area ratio:  318.50
      Required ratio:    0.00 (Cumulative area) 
      Cumulative area ratio: 1597.81
      Required ratio:    0.00 (Cumulative side area) 

    Layer: met3
      Partial area ratio:    2.01
      Required ratio:    0.00 (Gate area) 
      Partial area ratio:   11.17
      Required ratio: 3872.32 (Side area) 
      Cumulative area ratio:  320.51
      Required ratio:    0.00 (Cumulative area) 
      Cumulative area ratio: 1608.99
      Required ratio:    0.00 (Cumulative side area) 

    Layer: met1
      Partial area ratio:    1.18
      Required ratio:    0.00 (Gate area) 
      Partial area ratio:    6.67
      Required ratio:  400.00 (Side area) 
      Cumulative area ratio:    1.18
      Required ratio:    0.00 (Cumulative area) 
      Cumulative area ratio:    6.67
      Required ratio:    0.00 (Cumulative side area) 

    Layer: li1
      Partial area ratio:    0.00
      Required ratio:    0.00 (Gate area) 
      Partial area ratio:    0.00
      Required ratio:   75.00 (Side area) 
      Cumulative area ratio:    0.00
      Required ratio:    0.00 (Cumulative area) 
      Cumulative area ratio:    0.00
      Required ratio:    0.00 (Cumulative side area) 

    Via: M2M3_PR
      Partial area ratio:    0.02
      Required ratio:    6.00 (Gate area) 
      Cumulative area ratio:    0.70
      Required ratio:    0.00 (Cumulative area) 

    Via: M1M2_PR
      Partial area ratio:    0.18
      Required ratio:    6.00 (Gate area) 
      Cumulative area ratio:    0.41
      Required ratio:    0.00 (Cumulative area) 

    Via: L1M1_PR
      Partial area ratio:    0.23
      Required ratio:    3.00 (Gate area) 
      Cumulative area ratio:    0.23
      Required ratio:    0.00 (Cumulative area) 

  Pin: _0681_/A1 (sky130_fd_sc_hd__mux2_1)
    Layer: met2
      Partial area ratio:   44.15
      Required ratio:    0.00 (Gate area) 
      Partial area ratio:  221.76
      Required ratio: 3872.32 (Side area) 
      Cumulative area ratio:  334.93
      Required ratio:    0.00 (Cumulative area) 
      Cumulative area ratio: 1681.87
      Required ratio:    0.00 (Cumulative side area) 

    Layer: met3
      Partial area ratio:    2.01
      Required ratio:    0.00 (Gate area) 
      Partial area ratio:   11.17
      Required ratio: 3872.32 (Side area) 
      Cumulative area ratio:  336.93
      Required ratio:    0.00 (Cumulative area) 
      Cumulative area ratio: 1693.04
      Required ratio:    0.00 (Cumulative side area) 

    Layer: met1
      Partial area ratio:    4.00
      Required ratio:    0.00 (Gate area) 
      Partial area ratio:   21.17
      Required ratio:  400.00 (Side area) 
      Cumulative area ratio:    4.00
      Required ratio:    0.00 (Cumulative area) 
      Cumulative area ratio:   21.17
      Required ratio:    0.00 (Cumulative side area) 

    Layer: li1
      Partial area ratio:    0.00
      Required ratio:    0.00 (Gate area) 
      Partial area ratio:    0.00
      Required ratio:   75.00 (Side area) 
      Cumulative area ratio:    0.00
      Required ratio:    0.00 (Cumulative area) 
      Cumulative area ratio:    0.00
      Required ratio:    0.00 (Cumulative side area) 

    Via: M2M3_PR
      Partial area ratio:    0.02
      Required ratio:    6.00 (Gate area) 
      Cumulative area ratio:    0.97
      Required ratio:    0.00 (Cumulative area) 

    Via: M1M2_PR
      Partial area ratio:    0.09
      Required ratio:    6.00 (Gate area) 
      Cumulative area ratio:    0.32
      Required ratio:    0.00 (Cumulative area) 

    Via: L1M1_PR
      Partial area ratio:    0.23
      Required ratio:    3.00 (Gate area) 
      Cumulative area ratio:    0.23
      Required ratio:    0.00 (Cumulative area) 

  Pin: _0661_/A1 (sky130_fd_sc_hd__mux2_1)
    Layer: met2
      Partial area ratio:   44.15
      Required ratio:    0.00 (Gate area) 
      Partial area ratio:  221.76
      Required ratio: 3872.32 (Side area) 
      Cumulative area ratio:  334.93
      Required ratio:    0.00 (Cumulative area) 
      Cumulative area ratio: 1681.87
      Required ratio:    0.00 (Cumulative side area) 

    Layer: met3
      Partial area ratio:    2.01
      Required ratio:    0.00 (Gate area) 
      Partial area ratio:   11.17
      Required ratio: 3872.32 (Side area) 
      Cumulative area ratio:  336.93
      Required ratio:    0.00 (Cumulative area) 
      Cumulative area ratio: 1693.04
      Required ratio:    0.00 (Cumulative side area) 

    Layer: met1
      Partial area ratio:    4.00
      Required ratio:    0.00 (Gate area) 
      Partial area ratio:   21.17
      Required ratio:  400.00 (Side area) 
      Cumulative area ratio:    4.00
      Required ratio:    0.00 (Cumulative area) 
      Cumulative area ratio:   21.17
      Required ratio:    0.00 (Cumulative side area) 

    Layer: li1
      Partial area ratio:    0.00
      Required ratio:    0.00 (Gate area) 
      Partial area ratio:    0.00
      Required ratio:   75.00 (Side area) 
      Cumulative area ratio:    0.00
      Required ratio:    0.00 (Cumulative area) 
      Cumulative area ratio:    0.00
      Required ratio:    0.00 (Cumulative side area) 

    Via: M2M3_PR
      Partial area ratio:    0.02
      Required ratio:    6.00 (Gate area) 
      Cumulative area ratio:    0.97
      Required ratio:    0.00 (Cumulative area) 

    Via: M1M2_PR
      Partial area ratio:    0.09
      Required ratio:    6.00 (Gate area) 
      Cumulative area ratio:    0.32
      Required ratio:    0.00 (Cumulative area) 

    Via: L1M1_PR
      Partial area ratio:    0.23
      Required ratio:    3.00 (Gate area) 
      Cumulative area ratio:    0.23
      Required ratio:    0.00 (Cumulative area) 

  Pin: _0736_/A1 (sky130_fd_sc_hd__mux2_1)
    Layer: met2
      Partial area ratio:   44.15
      Required ratio:    0.00 (Gate area) 
      Partial area ratio:  221.76
      Required ratio: 3872.32 (Side area) 
      Cumulative area ratio:  330.93
      Required ratio:    0.00 (Cumulative area) 
      Cumulative area ratio: 1660.70
      Required ratio:    0.00 (Cumulative side area) 

    Layer: met3
      Partial area ratio:    2.01
      Required ratio:    0.00 (Gate area) 
      Partial area ratio:   11.17
      Required ratio: 3872.32 (Side area) 
      Cumulative area ratio:  332.93
      Required ratio:    0.00 (Cumulative area) 
      Cumulative area ratio: 1671.88
      Required ratio:    0.00 (Cumulative side area) 

    Layer: met1
      Partial area ratio:   13.60
      Required ratio:    0.00 (Gate area) 
      Partial area ratio:   69.56
      Required ratio:  400.00 (Side area) 
      Cumulative area ratio:   13.60
      Required ratio:    0.00 (Cumulative area) 
      Cumulative area ratio:   69.56
      Required ratio:    0.00 (Cumulative side area) 

    Layer: li1
      Partial area ratio:    0.00
      Required ratio:    0.00 (Gate area) 
      Partial area ratio:    0.00
      Required ratio:   75.00 (Side area) 
      Cumulative area ratio:    0.00
      Required ratio:    0.00 (Cumulative area) 
      Cumulative area ratio:    0.00
      Required ratio:    0.00 (Cumulative side area) 

    Via: M2M3_PR
      Partial area ratio:    0.02
      Required ratio:    6.00 (Gate area) 
      Cumulative area ratio:    0.88
      Required ratio:    0.00 (Cumulative area) 

    Via: M1M2_PR
      Partial area ratio:    0.36
      Required ratio:    6.00 (Gate area) 
      Cumulative area ratio:    0.59
      Required ratio:    0.00 (Cumulative area) 

    Via: L1M1_PR
      Partial area ratio:    0.23
      Required ratio:    3.00 (Gate area) 
      Cumulative area ratio:    0.23
      Required ratio:    0.00 (Cumulative area) 


Net: net6
  Pin: _0793_/A1 (sky130_fd_sc_hd__mux2_1)
    Layer: met2
      Partial area ratio:   38.40
      Required ratio:    0.00 (Gate area) 
      Partial area ratio:  192.71
      Required ratio: 3312.80 (Side area) 
      Cumulative area ratio:  251.00
      Required ratio:    0.00 (Cumulative area) 
      Cumulative area ratio: 1258.82
      Required ratio:    0.00 (Cumulative side area) 

    Layer: met1
      Partial area ratio:  212.60
      Required ratio:    0.00 (Gate area) 
      Partial area ratio: 1066.11
      Required ratio:  400.00 (Side area) (VIOLATED)
      Cumulative area ratio:  212.60
      Required ratio:    0.00 (Cumulative area) 
      Cumulative area ratio: 1066.11
      Required ratio:    0.00 (Cumulative side area) 

    Layer: li1
      Partial area ratio:    0.00
      Required ratio:    0.00 (Gate area) 
      Partial area ratio:    0.00
      Required ratio:   75.00 (Side area) 
      Cumulative area ratio:    0.00
      Required ratio:    0.00 (Cumulative area) 
      Cumulative area ratio:    0.00
      Required ratio:    0.00 (Cumulative side area) 

    Via: M1M2_PR
      Partial area ratio:    0.36
      Required ratio:    6.00 (Gate area) 
      Cumulative area ratio:    0.59
      Required ratio:    0.00 (Cumulative area) 

    Via: L1M1_PR
      Partial area ratio:    0.23
      Required ratio:    3.00 (Gate area) 
      Cumulative area ratio:    0.23
      Required ratio:    0.00 (Cumulative area) 

  Pin: _0757_/A1 (sky130_fd_sc_hd__mux2_1)
    Layer: met2
      Partial area ratio:   38.40
      Required ratio:    0.00 (Gate area) 
      Partial area ratio:  192.71
      Required ratio: 3312.80 (Side area) 
      Cumulative area ratio:  251.00
      Required ratio:    0.00 (Cumulative area) 
      Cumulative area ratio: 1258.82
      Required ratio:    0.00 (Cumulative side area) 

    Layer: met1
      Partial area ratio:    0.00
      Required ratio:    0.00 (Gate area) 
      Partial area ratio:    0.00
      Required ratio:  400.00 (Side area) 
      Cumulative area ratio:    0.00
      Required ratio:    0.00 (Cumulative area) 
      Cumulative area ratio:    0.00
      Required ratio:    0.00 (Cumulative side area) 

    Layer: li1
      Partial area ratio:    0.00
      Required ratio:    0.00 (Gate area) 
      Partial area ratio:    0.00
      Required ratio:   75.00 (Side area) 
      Cumulative area ratio:    0.00
      Required ratio:    0.00 (Cumulative area) 
      Cumulative area ratio:    0.00
      Required ratio:    0.00 (Cumulative side area) 

    Via: M1M2_PR
      Partial area ratio:    0.18
      Required ratio:    6.00 (Gate area) 
      Cumulative area ratio:    0.41
      Required ratio:    0.00 (Cumulative area) 

    Via: L1M1_PR
      Partial area ratio:    0.23
      Required ratio:    3.00 (Gate area) 
      Cumulative area ratio:    0.23
      Required ratio:    0.00 (Cumulative area) 

  Pin: _0494_/A1 (sky130_fd_sc_hd__mux2_1)
    Layer: met2
      Partial area ratio:   38.40
      Required ratio:    0.00 (Gate area) 
      Partial area ratio:  192.71
      Required ratio: 3312.80 (Side area) 
      Cumulative area ratio:  269.75
      Required ratio:    0.00 (Cumulative area) 
      Cumulative area ratio: 1355.71
      Required ratio:    0.00 (Cumulative side area) 

    Layer: met1
      Partial area ratio:   18.76
      Required ratio:    0.00 (Gate area) 
      Partial area ratio:   96.89
      Required ratio:  400.00 (Side area) 
      Cumulative area ratio:   18.76
      Required ratio:    0.00 (Cumulative area) 
      Cumulative area ratio:   96.89
      Required ratio:    0.00 (Cumulative side area) 

    Layer: li1
      Partial area ratio:    0.00
      Required ratio:    0.00 (Gate area) 
      Partial area ratio:    0.00
      Required ratio:   75.00 (Side area) 
      Cumulative area ratio:    0.00
      Required ratio:    0.00 (Cumulative area) 
      Cumulative area ratio:    0.00
      Required ratio:    0.00 (Cumulative side area) 

    Via: M1M2_PR
      Partial area ratio:    0.36
      Required ratio:    6.00 (Gate area) 
      Cumulative area ratio:    0.59
      Required ratio:    0.00 (Cumulative area) 

    Via: L1M1_PR
      Partial area ratio:    0.23
      Required ratio:    3.00 (Gate area) 
      Cumulative area ratio:    0.23
      Required ratio:    0.00 (Cumulative area) 

  Pin: _0823_/A1 (sky130_fd_sc_hd__mux2_1)
    Layer: met2
      Partial area ratio:   38.40
      Required ratio:    0.00 (Gate area) 
      Partial area ratio:  192.71
      Required ratio: 3312.80 (Side area) 
      Cumulative area ratio:  269.75
      Required ratio:    0.00 (Cumulative area) 
      Cumulative area ratio: 1355.71
      Required ratio:    0.00 (Cumulative side area) 

    Layer: met1
      Partial area ratio:    0.00
      Required ratio:    0.00 (Gate area) 
      Partial area ratio:    0.00
      Required ratio:  400.00 (Side area) 
      Cumulative area ratio:    0.00
      Required ratio:    0.00 (Cumulative area) 
      Cumulative area ratio:    0.00
      Required ratio:    0.00 (Cumulative side area) 

    Layer: li1
      Partial area ratio:    0.00
      Required ratio:    0.00 (Gate area) 
      Partial area ratio:    0.00
      Required ratio:   75.00 (Side area) 
      Cumulative area ratio:    0.00
      Required ratio:    0.00 (Cumulative area) 
      Cumulative area ratio:    0.00
      Required ratio:    0.00 (Cumulative side area) 

    Via: M1M2_PR
      Partial area ratio:    0.18
      Required ratio:    6.00 (Gate area) 
      Cumulative area ratio:    0.41
      Required ratio:    0.00 (Cumulative area) 

    Via: L1M1_PR
      Partial area ratio:    0.23
      Required ratio:    3.00 (Gate area) 
      Cumulative area ratio:    0.23
      Required ratio:    0.00 (Cumulative area) 

  Pin: _0722_/A1 (sky130_fd_sc_hd__mux2_1)
    Layer: met2
      Partial area ratio:   38.40
      Required ratio:    0.00 (Gate area) 
      Partial area ratio:  192.71
      Required ratio: 3312.80 (Side area) 
      Cumulative area ratio:  301.31
      Required ratio:    0.00 (Cumulative area) 
      Cumulative area ratio: 1517.38
      Required ratio:    0.00 (Cumulative side area) 

    Layer: met1
      Partial area ratio:   31.56
      Required ratio:    0.00 (Gate area) 
      Partial area ratio:  161.67
      Required ratio:  400.00 (Side area) 
      Cumulative area ratio:   31.56
      Required ratio:    0.00 (Cumulative area) 
      Cumulative area ratio:  161.67
      Required ratio:    0.00 (Cumulative side area) 

    Layer: li1
      Partial area ratio:    0.00
      Required ratio:    0.00 (Gate area) 
      Partial area ratio:    0.00
      Required ratio:   75.00 (Side area) 
      Cumulative area ratio:    0.00
      Required ratio:    0.00 (Cumulative area) 
      Cumulative area ratio:    0.00
      Required ratio:    0.00 (Cumulative side area) 

    Via: M1M2_PR
      Partial area ratio:    0.36
      Required ratio:    6.00 (Gate area) 
      Cumulative area ratio:    0.59
      Required ratio:    0.00 (Cumulative area) 

    Via: L1M1_PR
      Partial area ratio:    0.23
      Required ratio:    3.00 (Gate area) 
      Cumulative area ratio:    0.23
      Required ratio:    0.00 (Cumulative area) 

  Pin: _0704_/A1 (sky130_fd_sc_hd__mux2_1)
    Layer: met2
      Partial area ratio:   38.40
      Required ratio:    0.00 (Gate area) 
      Partial area ratio:  192.71
      Required ratio: 3312.80 (Side area) 
      Cumulative area ratio:  357.95
      Required ratio:    0.00 (Cumulative area) 
      Cumulative area ratio: 1809.93
      Required ratio:    0.00 (Cumulative side area) 

    Layer: met1
      Partial area ratio:    1.69
      Required ratio:    0.00 (Gate area) 
      Partial area ratio:    9.22
      Required ratio:  400.00 (Side area) 
      Cumulative area ratio:    1.69
      Required ratio:    0.00 (Cumulative area) 
      Cumulative area ratio:    9.22
      Required ratio:    0.00 (Cumulative side area) 

    Layer: li1
      Partial area ratio:    0.00
      Required ratio:    0.00 (Gate area) 
      Partial area ratio:    0.00
      Required ratio:   75.00 (Side area) 
      Cumulative area ratio:    0.00
      Required ratio:    0.00 (Cumulative area) 
      Cumulative area ratio:    0.00
      Required ratio:    0.00 (Cumulative side area) 

    Via: M1M2_PR
      Partial area ratio:    0.18
      Required ratio:    6.00 (Gate area) 
      Cumulative area ratio:    0.41
      Required ratio:    0.00 (Cumulative area) 

    Via: L1M1_PR
      Partial area ratio:    0.23
      Required ratio:    3.00 (Gate area) 
      Cumulative area ratio:    0.23
      Required ratio:    0.00 (Cumulative area) 

  Pin: _0876_/A1 (sky130_fd_sc_hd__mux2_1)
    Layer: met2
      Partial area ratio:   38.40
      Required ratio:    0.00 (Gate area) 
      Partial area ratio:  192.71
      Required ratio: 3312.80 (Side area) 
      Cumulative area ratio:  356.26
      Required ratio:    0.00 (Cumulative area) 
      Cumulative area ratio: 1800.71
      Required ratio:    0.00 (Cumulative side area) 

    Layer: met1
      Partial area ratio:   49.69
      Required ratio:    0.00 (Gate area) 
      Partial area ratio:  256.22
      Required ratio:  400.00 (Side area) 
      Cumulative area ratio:   49.69
      Required ratio:    0.00 (Cumulative area) 
      Cumulative area ratio:  256.22
      Required ratio:    0.00 (Cumulative side area) 

    Layer: li1
      Partial area ratio:    0.00
      Required ratio:    0.00 (Gate area) 
      Partial area ratio:    0.00
      Required ratio:   75.00 (Side area) 
      Cumulative area ratio:    0.00
      Required ratio:    0.00 (Cumulative area) 
      Cumulative area ratio:    0.00
      Required ratio:    0.00 (Cumulative side area) 

    Via: M1M2_PR
      Partial area ratio:    0.54
      Required ratio:    6.00 (Gate area) 
      Cumulative area ratio:    0.77
      Required ratio:    0.00 (Cumulative area) 

    Via: L1M1_PR
      Partial area ratio:    0.23
      Required ratio:    3.00 (Gate area) 
      Cumulative area ratio:    0.23
      Required ratio:    0.00 (Cumulative area) 

  Pin: _0685_/A1 (sky130_fd_sc_hd__mux2_1)
    Layer: met2
      Partial area ratio:   38.40
      Required ratio:    0.00 (Gate area) 
      Partial area ratio:  192.71
      Required ratio: 3312.80 (Side area) 
      Cumulative area ratio:  360.01
      Required ratio:    0.00 (Cumulative area) 
      Cumulative area ratio: 1820.99
      Required ratio:    0.00 (Cumulative side area) 

    Layer: met1
      Partial area ratio:    3.74
      Required ratio:    0.00 (Gate area) 
      Partial area ratio:   20.28
      Required ratio:  400.00 (Side area) 
      Cumulative area ratio:    3.74
      Required ratio:    0.00 (Cumulative area) 
      Cumulative area ratio:   20.28
      Required ratio:    0.00 (Cumulative side area) 

    Layer: li1
      Partial area ratio:    0.00
      Required ratio:    0.00 (Gate area) 
      Partial area ratio:    0.00
      Required ratio:   75.00 (Side area) 
      Cumulative area ratio:    0.00
      Required ratio:    0.00 (Cumulative area) 
      Cumulative area ratio:    0.00
      Required ratio:    0.00 (Cumulative side area) 

    Via: M1M2_PR
      Partial area ratio:    0.09
      Required ratio:    6.00 (Gate area) 
      Cumulative area ratio:    0.32
      Required ratio:    0.00 (Cumulative area) 

    Via: L1M1_PR
      Partial area ratio:    0.23
      Required ratio:    3.00 (Gate area) 
      Cumulative area ratio:    0.23
      Required ratio:    0.00 (Cumulative area) 

  Pin: _0665_/A1 (sky130_fd_sc_hd__mux2_1)
    Layer: met2
      Partial area ratio:   38.40
      Required ratio:    0.00 (Gate area) 
      Partial area ratio:  192.71
      Required ratio: 3312.80 (Side area) 
      Cumulative area ratio:  360.01
      Required ratio:    0.00 (Cumulative area) 
      Cumulative area ratio: 1820.99
      Required ratio:    0.00 (Cumulative side area) 

    Layer: met1
      Partial area ratio:    3.74
      Required ratio:    0.00 (Gate area) 
      Partial area ratio:   20.28
      Required ratio:  400.00 (Side area) 
      Cumulative area ratio:    3.74
      Required ratio:    0.00 (Cumulative area) 
      Cumulative area ratio:   20.28
      Required ratio:    0.00 (Cumulative side area) 

    Layer: li1
      Partial area ratio:    0.00
      Required ratio:    0.00 (Gate area) 
      Partial area ratio:    0.00
      Required ratio:   75.00 (Side area) 
      Cumulative area ratio:    0.00
      Required ratio:    0.00 (Cumulative area) 
      Cumulative area ratio:    0.00
      Required ratio:    0.00 (Cumulative side area) 

    Via: M1M2_PR
      Partial area ratio:    0.09
      Required ratio:    6.00 (Gate area) 
      Cumulative area ratio:    0.32
      Required ratio:    0.00 (Cumulative area) 

    Via: L1M1_PR
      Partial area ratio:    0.23
      Required ratio:    3.00 (Gate area) 
      Cumulative area ratio:    0.23
      Required ratio:    0.00 (Cumulative area) 

  Pin: _0592_/A1 (sky130_fd_sc_hd__mux2_1)
    Layer: met2
      Partial area ratio:   38.40
      Required ratio:    0.00 (Gate area) 
      Partial area ratio:  192.71
      Required ratio: 3312.80 (Side area) 
      Cumulative area ratio:  356.93
      Required ratio:    0.00 (Cumulative area) 
      Cumulative area ratio: 1804.82
      Required ratio:    0.00 (Cumulative side area) 

    Layer: met1
      Partial area ratio:    0.67
      Required ratio:    0.00 (Gate area) 
      Partial area ratio:    4.11
      Required ratio:  400.00 (Side area) 
      Cumulative area ratio:    0.67
      Required ratio:    0.00 (Cumulative area) 
      Cumulative area ratio:    4.11
      Required ratio:    0.00 (Cumulative side area) 

    Layer: li1
      Partial area ratio:    0.00
      Required ratio:    0.00 (Gate area) 
      Partial area ratio:    0.00
      Required ratio:   75.00 (Side area) 
      Cumulative area ratio:    0.00
      Required ratio:    0.00 (Cumulative area) 
      Cumulative area ratio:    0.00
      Required ratio:    0.00 (Cumulative side area) 

    Via: M1M2_PR
      Partial area ratio:    0.18
      Required ratio:    6.00 (Gate area) 
      Cumulative area ratio:    0.41
      Required ratio:    0.00 (Cumulative area) 

    Via: L1M1_PR
      Partial area ratio:    0.23
      Required ratio:    3.00 (Gate area) 
      Cumulative area ratio:    0.23
      Required ratio:    0.00 (Cumulative area) 

  Pin: _0740_/A1 (sky130_fd_sc_hd__mux2_1)
    Layer: met2
      Partial area ratio:   38.40
      Required ratio:    0.00 (Gate area) 
      Partial area ratio:  192.71
      Required ratio: 3312.80 (Side area) 
      Cumulative area ratio:  378.40
      Required ratio:    0.00 (Cumulative area) 
      Cumulative area ratio: 1916.04
      Required ratio:    0.00 (Cumulative side area) 

    Layer: met1
      Partial area ratio:    0.67
      Required ratio:    0.00 (Gate area) 
      Partial area ratio:    4.11
      Required ratio:  400.00 (Side area) 
      Cumulative area ratio:    0.67
      Required ratio:    0.00 (Cumulative area) 
      Cumulative area ratio:    4.11
      Required ratio:    0.00 (Cumulative side area) 

    Layer: li1
      Partial area ratio:    0.00
      Required ratio:    0.00 (Gate area) 
      Partial area ratio:    0.00
      Required ratio:   75.00 (Side area) 
      Cumulative area ratio:    0.00
      Required ratio:    0.00 (Cumulative area) 
      Cumulative area ratio:    0.00
      Required ratio:    0.00 (Cumulative side area) 

    Via: M1M2_PR
      Partial area ratio:    0.18
      Required ratio:    6.00 (Gate area) 
      Cumulative area ratio:    0.41
      Required ratio:    0.00 (Cumulative area) 

    Via: L1M1_PR
      Partial area ratio:    0.23
      Required ratio:    3.00 (Gate area) 
      Cumulative area ratio:    0.23
      Required ratio:    0.00 (Cumulative area) 

  Pin: _0894_/A1 (sky130_fd_sc_hd__mux2_1)
    Layer: met2
      Partial area ratio:   38.40
      Required ratio:    0.00 (Gate area) 
      Partial area ratio:  192.71
      Required ratio: 3312.80 (Side area) 
      Cumulative area ratio:  377.73
      Required ratio:    0.00 (Cumulative area) 
      Cumulative area ratio: 1911.93
      Required ratio:    0.00 (Cumulative side area) 

    Layer: met1
      Partial area ratio:    5.27
      Required ratio:    0.00 (Gate area) 
      Partial area ratio:   27.11
      Required ratio:  400.00 (Side area) 
      Cumulative area ratio:    5.27
      Required ratio:    0.00 (Cumulative area) 
      Cumulative area ratio:   27.11
      Required ratio:    0.00 (Cumulative side area) 

    Layer: li1
      Partial area ratio:    0.00
      Required ratio:    0.00 (Gate area) 
      Partial area ratio:    0.00
      Required ratio:   75.00 (Side area) 
      Cumulative area ratio:    0.00
      Required ratio:    0.00 (Cumulative area) 
      Cumulative area ratio:    0.00
      Required ratio:    0.00 (Cumulative side area) 

    Via: M1M2_PR
      Partial area ratio:    0.36
      Required ratio:    6.00 (Gate area) 
      Cumulative area ratio:    0.59
      Required ratio:    0.00 (Cumulative area) 

    Via: L1M1_PR
      Partial area ratio:    0.23
      Required ratio:    3.00 (Gate area) 
      Cumulative area ratio:    0.23
      Required ratio:    0.00 (Cumulative area) 

  Pin: _0647_/A1 (sky130_fd_sc_hd__mux2_1)
    Layer: met2
      Partial area ratio:   38.40
      Required ratio:    0.00 (Gate area) 
      Partial area ratio:  192.71
      Required ratio: 3312.80 (Side area) 
      Cumulative area ratio:  377.73
      Required ratio:    0.00 (Cumulative area) 
      Cumulative area ratio: 1911.93
      Required ratio:    0.00 (Cumulative side area) 

    Layer: met1
      Partial area ratio:    5.27
      Required ratio:    0.00 (Gate area) 
      Partial area ratio:   27.11
      Required ratio:  400.00 (Side area) 
      Cumulative area ratio:    5.27
      Required ratio:    0.00 (Cumulative area) 
      Cumulative area ratio:   27.11
      Required ratio:    0.00 (Cumulative side area) 

    Layer: li1
      Partial area ratio:    0.00
      Required ratio:    0.00 (Gate area) 
      Partial area ratio:    0.00
      Required ratio:   75.00 (Side area) 
      Cumulative area ratio:    0.00
      Required ratio:    0.00 (Cumulative area) 
      Cumulative area ratio:    0.00
      Required ratio:    0.00 (Cumulative side area) 

    Via: M1M2_PR
      Partial area ratio:    0.18
      Required ratio:    6.00 (Gate area) 
      Cumulative area ratio:    0.41
      Required ratio:    0.00 (Cumulative area) 

    Via: L1M1_PR
      Partial area ratio:    0.23
      Required ratio:    3.00 (Gate area) 
      Cumulative area ratio:    0.23
      Required ratio:    0.00 (Cumulative area) 

  Pin: _0629_/A1 (sky130_fd_sc_hd__mux2_1)
    Layer: met2
      Partial area ratio:   38.40
      Required ratio:    0.00 (Gate area) 
      Partial area ratio:  192.71
      Required ratio: 3312.80 (Side area) 
      Cumulative area ratio:  372.46
      Required ratio:    0.00 (Cumulative area) 
      Cumulative area ratio: 1884.82
      Required ratio:    0.00 (Cumulative side area) 

    Layer: met1
      Partial area ratio:   16.20
      Required ratio:    0.00 (Gate area) 
      Partial area ratio:   84.11
      Required ratio:  400.00 (Side area) 
      Cumulative area ratio:   16.20
      Required ratio:    0.00 (Cumulative area) 
      Cumulative area ratio:   84.11
      Required ratio:    0.00 (Cumulative side area) 

    Layer: li1
      Partial area ratio:    0.00
      Required ratio:    0.00 (Gate area) 
      Partial area ratio:    0.00
      Required ratio:   75.00 (Side area) 
      Cumulative area ratio:    0.00
      Required ratio:    0.00 (Cumulative area) 
      Cumulative area ratio:    0.00
      Required ratio:    0.00 (Cumulative side area) 

    Via: M1M2_PR
      Partial area ratio:    0.36
      Required ratio:    6.00 (Gate area) 
      Cumulative area ratio:    0.59
      Required ratio:    0.00 (Cumulative area) 

    Via: L1M1_PR
      Partial area ratio:    0.23
      Required ratio:    3.00 (Gate area) 
      Cumulative area ratio:    0.23
      Required ratio:    0.00 (Cumulative area) 

  Pin: _0611_/A1 (sky130_fd_sc_hd__mux2_1)
    Layer: met2
      Partial area ratio:   38.40
      Required ratio:    0.00 (Gate area) 
      Partial area ratio:  192.71
      Required ratio: 3312.80 (Side area) 
      Cumulative area ratio:  306.57
      Required ratio:    0.00 (Cumulative area) 
      Cumulative area ratio: 1544.49
      Required ratio:    0.00 (Cumulative side area) 

    Layer: met1
      Partial area ratio:    5.27
      Required ratio:    0.00 (Gate area) 
      Partial area ratio:   27.11
      Required ratio:  400.00 (Side area) 
      Cumulative area ratio:    5.27
      Required ratio:    0.00 (Cumulative area) 
      Cumulative area ratio:   27.11
      Required ratio:    0.00 (Cumulative side area) 

    Layer: li1
      Partial area ratio:    0.00
      Required ratio:    0.00 (Gate area) 
      Partial area ratio:    0.00
      Required ratio:   75.00 (Side area) 
      Cumulative area ratio:    0.00
      Required ratio:    0.00 (Cumulative area) 
      Cumulative area ratio:    0.00
      Required ratio:    0.00 (Cumulative side area) 

    Via: M1M2_PR
      Partial area ratio:    0.36
      Required ratio:    6.00 (Gate area) 
      Cumulative area ratio:    0.59
      Required ratio:    0.00 (Cumulative area) 

    Via: L1M1_PR
      Partial area ratio:    0.23
      Required ratio:    3.00 (Gate area) 
      Cumulative area ratio:    0.23
      Required ratio:    0.00 (Cumulative area) 

  Pin: _0775_/A1 (sky130_fd_sc_hd__mux2_1)
    Layer: met2
      Partial area ratio:   38.40
      Required ratio:    0.00 (Gate area) 
      Partial area ratio:  192.71
      Required ratio: 3312.80 (Side area) 
      Cumulative area ratio:  309.02
      Required ratio:    0.00 (Cumulative area) 
      Cumulative area ratio: 1557.49
      Required ratio:    0.00 (Cumulative side area) 

    Layer: met1
      Partial area ratio:    7.71
      Required ratio:    0.00 (Gate area) 
      Partial area ratio:   40.11
      Required ratio:  400.00 (Side area) 
      Cumulative area ratio:    7.71
      Required ratio:    0.00 (Cumulative area) 
      Cumulative area ratio:   40.11
      Required ratio:    0.00 (Cumulative side area) 

    Layer: li1
      Partial area ratio:    0.00
      Required ratio:    0.00 (Gate area) 
      Partial area ratio:    0.00
      Required ratio:   75.00 (Side area) 
      Cumulative area ratio:    0.00
      Required ratio:    0.00 (Cumulative area) 
      Cumulative area ratio:    0.00
      Required ratio:    0.00 (Cumulative side area) 

    Via: M1M2_PR
      Partial area ratio:    0.18
      Required ratio:    6.00 (Gate area) 
      Cumulative area ratio:    0.41
      Required ratio:    0.00 (Cumulative area) 

    Via: L1M1_PR
      Partial area ratio:    0.23
      Required ratio:    3.00 (Gate area) 
      Cumulative area ratio:    0.23
      Required ratio:    0.00 (Cumulative area) 


Net: net8
  Pin: _0761_/A1 (sky130_fd_sc_hd__mux2_1)
    Layer: met2
      Partial area ratio:   28.04
      Required ratio:    0.00 (Gate area) 
      Partial area ratio:  141.04
      Required ratio: 3312.80 (Side area) 
      Cumulative area ratio:  442.29
      Required ratio:    0.00 (Cumulative area) 
      Cumulative area ratio: 2216.15
      Required ratio:    0.00 (Cumulative side area) 

    Layer: met1
      Partial area ratio:    0.00
      Required ratio:    0.00 (Gate area) 
      Partial area ratio:    0.00
      Required ratio:  400.00 (Side area) 
      Cumulative area ratio:    0.00
      Required ratio:    0.00 (Cumulative area) 
      Cumulative area ratio:    0.00
      Required ratio:    0.00 (Cumulative side area) 

    Layer: li1
      Partial area ratio:    0.00
      Required ratio:    0.00 (Gate area) 
      Partial area ratio:    0.00
      Required ratio:   75.00 (Side area) 
      Cumulative area ratio:    0.00
      Required ratio:    0.00 (Cumulative area) 
      Cumulative area ratio:    0.00
      Required ratio:    0.00 (Cumulative side area) 

    Via: M1M2_PR
      Partial area ratio:    0.18
      Required ratio:    6.00 (Gate area) 
      Cumulative area ratio:    0.41
      Required ratio:    0.00 (Cumulative area) 

    Via: L1M1_PR
      Partial area ratio:    0.23
      Required ratio:    3.00 (Gate area) 
      Cumulative area ratio:    0.23
      Required ratio:    0.00 (Cumulative area) 

  Pin: _0498_/A1 (sky130_fd_sc_hd__mux2_1)
    Layer: met2
      Partial area ratio:   28.04
      Required ratio:    0.00 (Gate area) 
      Partial area ratio:  141.04
      Required ratio: 3312.80 (Side area) 
      Cumulative area ratio:  455.38
      Required ratio:    0.00 (Cumulative area) 
      Cumulative area ratio: 2283.15
      Required ratio:    0.00 (Cumulative side area) 

    Layer: met1
      Partial area ratio:   13.09
      Required ratio:    0.00 (Gate area) 
      Partial area ratio:   67.00
      Required ratio:  400.00 (Side area) 
      Cumulative area ratio:   13.09
      Required ratio:    0.00 (Cumulative area) 
      Cumulative area ratio:   67.00
      Required ratio:    0.00 (Cumulative side area) 

    Layer: li1
      Partial area ratio:    0.00
      Required ratio:    0.00 (Gate area) 
      Partial area ratio:    0.00
      Required ratio:   75.00 (Side area) 
      Cumulative area ratio:    0.00
      Required ratio:    0.00 (Cumulative area) 
      Cumulative area ratio:    0.00
      Required ratio:    0.00 (Cumulative side area) 

    Via: M1M2_PR
      Partial area ratio:    0.36
      Required ratio:    6.00 (Gate area) 
      Cumulative area ratio:    0.59
      Required ratio:    0.00 (Cumulative area) 

    Via: L1M1_PR
      Partial area ratio:    0.23
      Required ratio:    3.00 (Gate area) 
      Cumulative area ratio:    0.23
      Required ratio:    0.00 (Cumulative area) 

  Pin: _0827_/A1 (sky130_fd_sc_hd__mux2_1)
    Layer: met2
      Partial area ratio:   28.04
      Required ratio:    0.00 (Gate area) 
      Partial area ratio:  141.04
      Required ratio: 3312.80 (Side area) 
      Cumulative area ratio:  459.11
      Required ratio:    0.00 (Cumulative area) 
      Cumulative area ratio: 2302.60
      Required ratio:    0.00 (Cumulative side area) 

    Layer: met1
      Partial area ratio:    3.73
      Required ratio:    0.00 (Gate area) 
      Partial area ratio:   19.44
      Required ratio:  400.00 (Side area) 
      Cumulative area ratio:    3.73
      Required ratio:    0.00 (Cumulative area) 
      Cumulative area ratio:   19.44
      Required ratio:    0.00 (Cumulative side area) 

    Layer: li1
      Partial area ratio:    0.00
      Required ratio:    0.00 (Gate area) 
      Partial area ratio:    0.00
      Required ratio:   75.00 (Side area) 
      Cumulative area ratio:    0.00
      Required ratio:    0.00 (Cumulative area) 
      Cumulative area ratio:    0.00
      Required ratio:    0.00 (Cumulative side area) 

    Via: M1M2_PR
      Partial area ratio:    0.18
      Required ratio:    6.00 (Gate area) 
      Cumulative area ratio:    0.41
      Required ratio:    0.00 (Cumulative area) 

    Via: L1M1_PR
      Partial area ratio:    0.23
      Required ratio:    3.00 (Gate area) 
      Cumulative area ratio:    0.23
      Required ratio:    0.00 (Cumulative area) 

  Pin: _0726_/A1 (sky130_fd_sc_hd__mux2_1)
    Layer: met2
      Partial area ratio:   28.04
      Required ratio:    0.00 (Gate area) 
      Partial area ratio:  141.04
      Required ratio: 3312.80 (Side area) 
      Cumulative area ratio:  477.67
      Required ratio:    0.00 (Cumulative area) 
      Cumulative area ratio: 2396.15
      Required ratio:    0.00 (Cumulative side area) 

    Layer: met1
      Partial area ratio:   22.29
      Required ratio:    0.00 (Gate area) 
      Partial area ratio:  113.00
      Required ratio:  400.00 (Side area) 
      Cumulative area ratio:   22.29
      Required ratio:    0.00 (Cumulative area) 
      Cumulative area ratio:  113.00
      Required ratio:    0.00 (Cumulative side area) 

    Layer: li1
      Partial area ratio:    0.00
      Required ratio:    0.00 (Gate area) 
      Partial area ratio:    0.00
      Required ratio:   75.00 (Side area) 
      Cumulative area ratio:    0.00
      Required ratio:    0.00 (Cumulative area) 
      Cumulative area ratio:    0.00
      Required ratio:    0.00 (Cumulative side area) 

    Via: M1M2_PR
      Partial area ratio:    0.36
      Required ratio:    6.00 (Gate area) 
      Cumulative area ratio:    0.59
      Required ratio:    0.00 (Cumulative area) 

    Via: L1M1_PR
      Partial area ratio:    0.23
      Required ratio:    3.00 (Gate area) 
      Cumulative area ratio:    0.23
      Required ratio:    0.00 (Cumulative area) 

  Pin: _0779_/A1 (sky130_fd_sc_hd__mux2_1)
    Layer: met2
      Partial area ratio:   28.04
      Required ratio:    0.00 (Gate area) 
      Partial area ratio:  141.04
      Required ratio: 3312.80 (Side area) 
      Cumulative area ratio:  486.60
      Required ratio:    0.00 (Cumulative area) 
      Cumulative area ratio: 2442.37
      Required ratio:    0.00 (Cumulative side area) 

    Layer: met1
      Partial area ratio:    8.93
      Required ratio:    0.00 (Gate area) 
      Partial area ratio:   46.22
      Required ratio:  400.00 (Side area) 
      Cumulative area ratio:    8.93
      Required ratio:    0.00 (Cumulative area) 
      Cumulative area ratio:   46.22
      Required ratio:    0.00 (Cumulative side area) 

    Layer: li1
      Partial area ratio:    0.00
      Required ratio:    0.00 (Gate area) 
      Partial area ratio:    0.00
      Required ratio:   75.00 (Side area) 
      Cumulative area ratio:    0.00
      Required ratio:    0.00 (Cumulative area) 
      Cumulative area ratio:    0.00
      Required ratio:    0.00 (Cumulative side area) 

    Via: M1M2_PR
      Partial area ratio:    0.18
      Required ratio:    6.00 (Gate area) 
      Cumulative area ratio:    0.41
      Required ratio:    0.00 (Cumulative area) 

    Via: L1M1_PR
      Partial area ratio:    0.23
      Required ratio:    3.00 (Gate area) 
      Cumulative area ratio:    0.23
      Required ratio:    0.00 (Cumulative area) 

  Pin: _0615_/A1 (sky130_fd_sc_hd__mux2_1)
    Layer: met2
      Partial area ratio:   28.04
      Required ratio:    0.00 (Gate area) 
      Partial area ratio:  141.04
      Required ratio: 3312.80 (Side area) 
      Cumulative area ratio:  486.60
      Required ratio:    0.00 (Cumulative area) 
      Cumulative area ratio: 2442.37
      Required ratio:    0.00 (Cumulative side area) 

    Layer: met1
      Partial area ratio:    8.93
      Required ratio:    0.00 (Gate area) 
      Partial area ratio:   46.22
      Required ratio:  400.00 (Side area) 
      Cumulative area ratio:    8.93
      Required ratio:    0.00 (Cumulative area) 
      Cumulative area ratio:   46.22
      Required ratio:    0.00 (Cumulative side area) 

    Layer: li1
      Partial area ratio:    0.00
      Required ratio:    0.00 (Gate area) 
      Partial area ratio:    0.00
      Required ratio:   75.00 (Side area) 
      Cumulative area ratio:    0.00
      Required ratio:    0.00 (Cumulative area) 
      Cumulative area ratio:    0.00
      Required ratio:    0.00 (Cumulative side area) 

    Via: M1M2_PR
      Partial area ratio:    0.18
      Required ratio:    6.00 (Gate area) 
      Cumulative area ratio:    0.41
      Required ratio:    0.00 (Cumulative area) 

    Via: L1M1_PR
      Partial area ratio:    0.23
      Required ratio:    3.00 (Gate area) 
      Cumulative area ratio:    0.23
      Required ratio:    0.00 (Cumulative area) 

  Pin: _0708_/A1 (sky130_fd_sc_hd__mux2_1)
    Layer: met2
      Partial area ratio:   28.04
      Required ratio:    0.00 (Gate area) 
      Partial area ratio:  141.04
      Required ratio: 3312.80 (Side area) 
      Cumulative area ratio:  493.07
      Required ratio:    0.00 (Cumulative area) 
      Cumulative area ratio: 2477.04
      Required ratio:    0.00 (Cumulative side area) 

    Layer: met1
      Partial area ratio:    6.47
      Required ratio:    0.00 (Gate area) 
      Partial area ratio:   34.67
      Required ratio:  400.00 (Side area) 
      Cumulative area ratio:    6.47
      Required ratio:    0.00 (Cumulative area) 
      Cumulative area ratio:   34.67
      Required ratio:    0.00 (Cumulative side area) 

    Layer: li1
      Partial area ratio:    0.00
      Required ratio:    0.00 (Gate area) 
      Partial area ratio:    0.00
      Required ratio:   75.00 (Side area) 
      Cumulative area ratio:    0.00
      Required ratio:    0.00 (Cumulative area) 
      Cumulative area ratio:    0.00
      Required ratio:    0.00 (Cumulative side area) 

    Via: M1M2_PR
      Partial area ratio:    0.36
      Required ratio:    6.00 (Gate area) 
      Cumulative area ratio:    0.59
      Required ratio:    0.00 (Cumulative area) 

    Via: L1M1_PR
      Partial area ratio:    0.23
      Required ratio:    3.00 (Gate area) 
      Cumulative area ratio:    0.23
      Required ratio:    0.00 (Cumulative area) 

  Pin: _0689_/A1 (sky130_fd_sc_hd__mux2_1)
    Layer: met2
      Partial area ratio:   28.04
      Required ratio:    0.00 (Gate area) 
      Partial area ratio:  141.04
      Required ratio: 3312.80 (Side area) 
      Cumulative area ratio:  505.13
      Required ratio:    0.00 (Cumulative area) 
      Cumulative area ratio: 2538.93
      Required ratio:    0.00 (Cumulative side area) 

    Layer: met1
      Partial area ratio:   12.07
      Required ratio:    0.00 (Gate area) 
      Partial area ratio:   61.89
      Required ratio:  400.00 (Side area) 
      Cumulative area ratio:   12.07
      Required ratio:    0.00 (Cumulative area) 
      Cumulative area ratio:   61.89
      Required ratio:    0.00 (Cumulative side area) 

    Layer: li1
      Partial area ratio:    0.00
      Required ratio:    0.00 (Gate area) 
      Partial area ratio:    0.00
      Required ratio:   75.00 (Side area) 
      Cumulative area ratio:    0.00
      Required ratio:    0.00 (Cumulative area) 
      Cumulative area ratio:    0.00
      Required ratio:    0.00 (Cumulative side area) 

    Via: M1M2_PR
      Partial area ratio:    0.36
      Required ratio:    6.00 (Gate area) 
      Cumulative area ratio:    0.59
      Required ratio:    0.00 (Cumulative area) 

    Via: L1M1_PR
      Partial area ratio:    0.23
      Required ratio:    3.00 (Gate area) 
      Cumulative area ratio:    0.23
      Required ratio:    0.00 (Cumulative area) 

  Pin: _0669_/A1 (sky130_fd_sc_hd__mux2_1)
    Layer: met2
      Partial area ratio:   28.04
      Required ratio:    0.00 (Gate area) 
      Partial area ratio:  141.04
      Required ratio: 3312.80 (Side area) 
      Cumulative area ratio:  509.40
      Required ratio:    0.00 (Cumulative area) 
      Cumulative area ratio: 2561.82
      Required ratio:    0.00 (Cumulative side area) 

    Layer: met1
      Partial area ratio:    4.27
      Required ratio:    0.00 (Gate area) 
      Partial area ratio:   22.89
      Required ratio:  400.00 (Side area) 
      Cumulative area ratio:    4.27
      Required ratio:    0.00 (Cumulative area) 
      Cumulative area ratio:   22.89
      Required ratio:    0.00 (Cumulative side area) 

    Layer: li1
      Partial area ratio:    0.00
      Required ratio:    0.00 (Gate area) 
      Partial area ratio:    0.00
      Required ratio:   75.00 (Side area) 
      Cumulative area ratio:    0.00
      Required ratio:    0.00 (Cumulative area) 
      Cumulative area ratio:    0.00
      Required ratio:    0.00 (Cumulative side area) 

    Via: M1M2_PR
      Partial area ratio:    0.18
      Required ratio:    6.00 (Gate area) 
      Cumulative area ratio:    0.41
      Required ratio:    0.00 (Cumulative area) 

    Via: L1M1_PR
      Partial area ratio:    0.23
      Required ratio:    3.00 (Gate area) 
      Cumulative area ratio:    0.23
      Required ratio:    0.00 (Cumulative area) 

  Pin: _0744_/A1 (sky130_fd_sc_hd__mux2_1)
    Layer: met2
      Partial area ratio:   28.04
      Required ratio:    0.00 (Gate area) 
      Partial area ratio:  141.04
      Required ratio: 3312.80 (Side area) 
      Cumulative area ratio:  523.49
      Required ratio:    0.00 (Cumulative area) 
      Cumulative area ratio: 2633.04
      Required ratio:    0.00 (Cumulative side area) 

    Layer: met1
      Partial area ratio:    1.18
      Required ratio:    0.00 (Gate area) 
      Partial area ratio:    6.67
      Required ratio:  400.00 (Side area) 
      Cumulative area ratio:    1.18
      Required ratio:    0.00 (Cumulative area) 
      Cumulative area ratio:    6.67
      Required ratio:    0.00 (Cumulative side area) 

    Layer: li1
      Partial area ratio:    0.00
      Required ratio:    0.00 (Gate area) 
      Partial area ratio:    0.00
      Required ratio:   75.00 (Side area) 
      Cumulative area ratio:    0.00
      Required ratio:    0.00 (Cumulative area) 
      Cumulative area ratio:    0.00
      Required ratio:    0.00 (Cumulative side area) 

    Via: M1M2_PR
      Partial area ratio:    0.18
      Required ratio:    6.00 (Gate area) 
      Cumulative area ratio:    0.41
      Required ratio:    0.00 (Cumulative area) 

    Via: L1M1_PR
      Partial area ratio:    0.23
      Required ratio:    3.00 (Gate area) 
      Cumulative area ratio:    0.23
      Required ratio:    0.00 (Cumulative area) 

  Pin: _0596_/A1 (sky130_fd_sc_hd__mux2_1)
    Layer: met2
      Partial area ratio:   28.04
      Required ratio:    0.00 (Gate area) 
      Partial area ratio:  141.04
      Required ratio: 3312.80 (Side area) 
      Cumulative area ratio:  522.31
      Required ratio:    0.00 (Cumulative area) 
      Cumulative area ratio: 2626.37
      Required ratio:    0.00 (Cumulative side area) 

    Layer: met1
      Partial area ratio:    0.00
      Required ratio:    0.00 (Gate area) 
      Partial area ratio:    0.00
      Required ratio:  400.00 (Side area) 
      Cumulative area ratio:    0.00
      Required ratio:    0.00 (Cumulative area) 
      Cumulative area ratio:    0.00
      Required ratio:    0.00 (Cumulative side area) 

    Layer: li1
      Partial area ratio:    0.00
      Required ratio:    0.00 (Gate area) 
      Partial area ratio:    0.00
      Required ratio:   75.00 (Side area) 
      Cumulative area ratio:    0.00
      Required ratio:    0.00 (Cumulative area) 
      Cumulative area ratio:    0.00
      Required ratio:    0.00 (Cumulative side area) 

    Via: M1M2_PR
      Partial area ratio:    0.18
      Required ratio:    6.00 (Gate area) 
      Cumulative area ratio:    0.41
      Required ratio:    0.00 (Cumulative area) 

    Via: L1M1_PR
      Partial area ratio:    0.23
      Required ratio:    3.00 (Gate area) 
      Cumulative area ratio:    0.23
      Required ratio:    0.00 (Cumulative area) 

  Pin: _0880_/A1 (sky130_fd_sc_hd__mux2_1)
    Layer: met2
      Partial area ratio:   28.04
      Required ratio:    0.00 (Gate area) 
      Partial area ratio:  141.04
      Required ratio: 3312.80 (Side area) 
      Cumulative area ratio:  526.82
      Required ratio:    0.00 (Cumulative area) 
      Cumulative area ratio: 2650.10
      Required ratio:    0.00 (Cumulative side area) 

    Layer: met1
      Partial area ratio:    4.51
      Required ratio:    0.00 (Gate area) 
      Partial area ratio:   23.72
      Required ratio:  400.00 (Side area) 
      Cumulative area ratio:    4.51
      Required ratio:    0.00 (Cumulative area) 
      Cumulative area ratio:   23.72
      Required ratio:    0.00 (Cumulative side area) 

    Layer: li1
      Partial area ratio:    0.00
      Required ratio:    0.00 (Gate area) 
      Partial area ratio:    0.00
      Required ratio:   75.00 (Side area) 
      Cumulative area ratio:    0.00
      Required ratio:    0.00 (Cumulative area) 
      Cumulative area ratio:    0.00
      Required ratio:    0.00 (Cumulative side area) 

    Via: M1M2_PR
      Partial area ratio:    0.09
      Required ratio:    6.00 (Gate area) 
      Cumulative area ratio:    0.32
      Required ratio:    0.00 (Cumulative area) 

    Via: L1M1_PR
      Partial area ratio:    0.23
      Required ratio:    3.00 (Gate area) 
      Cumulative area ratio:    0.23
      Required ratio:    0.00 (Cumulative area) 

  Pin: _0651_/A1 (sky130_fd_sc_hd__mux2_1)
    Layer: met2
      Partial area ratio:   28.04
      Required ratio:    0.00 (Gate area) 
      Partial area ratio:  141.04
      Required ratio: 3312.80 (Side area) 
      Cumulative area ratio:  526.82
      Required ratio:    0.00 (Cumulative area) 
      Cumulative area ratio: 2650.10
      Required ratio:    0.00 (Cumulative side area) 

    Layer: met1
      Partial area ratio:    4.51
      Required ratio:    0.00 (Gate area) 
      Partial area ratio:   23.72
      Required ratio:  400.00 (Side area) 
      Cumulative area ratio:    4.51
      Required ratio:    0.00 (Cumulative area) 
      Cumulative area ratio:   23.72
      Required ratio:    0.00 (Cumulative side area) 

    Layer: li1
      Partial area ratio:    0.00
      Required ratio:    0.00 (Gate area) 
      Partial area ratio:    0.00
      Required ratio:   75.00 (Side area) 
      Cumulative area ratio:    0.00
      Required ratio:    0.00 (Cumulative area) 
      Cumulative area ratio:    0.00
      Required ratio:    0.00 (Cumulative side area) 

    Via: M1M2_PR
      Partial area ratio:    0.09
      Required ratio:    6.00 (Gate area) 
      Cumulative area ratio:    0.32
      Required ratio:    0.00 (Cumulative area) 

    Via: L1M1_PR
      Partial area ratio:    0.23
      Required ratio:    3.00 (Gate area) 
      Cumulative area ratio:    0.23
      Required ratio:    0.00 (Cumulative area) 

  Pin: _0633_/A1 (sky130_fd_sc_hd__mux2_1)
    Layer: met2
      Partial area ratio:   28.04
      Required ratio:    0.00 (Gate area) 
      Partial area ratio:  141.04
      Required ratio: 3312.80 (Side area) 
      Cumulative area ratio:  522.31
      Required ratio:    0.00 (Cumulative area) 
      Cumulative area ratio: 2626.37
      Required ratio:    0.00 (Cumulative side area) 

    Layer: met1
      Partial area ratio:    0.00
      Required ratio:    0.00 (Gate area) 
      Partial area ratio:    0.00
      Required ratio:  400.00 (Side area) 
      Cumulative area ratio:    0.00
      Required ratio:    0.00 (Cumulative area) 
      Cumulative area ratio:    0.00
      Required ratio:    0.00 (Cumulative side area) 

    Layer: li1
      Partial area ratio:    0.00
      Required ratio:    0.00 (Gate area) 
      Partial area ratio:    0.00
      Required ratio:   75.00 (Side area) 
      Cumulative area ratio:    0.00
      Required ratio:    0.00 (Cumulative area) 
      Cumulative area ratio:    0.00
      Required ratio:    0.00 (Cumulative side area) 

    Via: M1M2_PR
      Partial area ratio:    0.18
      Required ratio:    6.00 (Gate area) 
      Cumulative area ratio:    0.41
      Required ratio:    0.00 (Cumulative area) 

    Via: L1M1_PR
      Partial area ratio:    0.23
      Required ratio:    3.00 (Gate area) 
      Cumulative area ratio:    0.23
      Required ratio:    0.00 (Cumulative area) 

  Pin: _0898_/A1 (sky130_fd_sc_hd__mux2_1)
    Layer: met2
      Partial area ratio:   28.04
      Required ratio:    0.00 (Gate area) 
      Partial area ratio:  141.04
      Required ratio: 3312.80 (Side area) 
      Cumulative area ratio:  522.31
      Required ratio:    0.00 (Cumulative area) 
      Cumulative area ratio: 2626.37
      Required ratio:    0.00 (Cumulative side area) 

    Layer: met1
      Partial area ratio:   17.18
      Required ratio:    0.00 (Gate area) 
      Partial area ratio:   87.44
      Required ratio:  400.00 (Side area) 
      Cumulative area ratio:   17.18
      Required ratio:    0.00 (Cumulative area) 
      Cumulative area ratio:   87.44
      Required ratio:    0.00 (Cumulative side area) 

    Layer: li1
      Partial area ratio:    0.00
      Required ratio:    0.00 (Gate area) 
      Partial area ratio:    0.00
      Required ratio:   75.00 (Side area) 
      Cumulative area ratio:    0.00
      Required ratio:    0.00 (Cumulative area) 
      Cumulative area ratio:    0.00
      Required ratio:    0.00 (Cumulative side area) 

    Via: M1M2_PR
      Partial area ratio:    0.36
      Required ratio:    6.00 (Gate area) 
      Cumulative area ratio:    0.59
      Required ratio:    0.00 (Cumulative area) 

    Via: L1M1_PR
      Partial area ratio:    0.23
      Required ratio:    3.00 (Gate area) 
      Cumulative area ratio:    0.23
      Required ratio:    0.00 (Cumulative area) 

  Pin: _0797_/A1 (sky130_fd_sc_hd__mux2_1)
    Layer: met2
      Partial area ratio:   28.04
      Required ratio:    0.00 (Gate area) 
      Partial area ratio:  141.04
      Required ratio: 3312.80 (Side area) 
      Cumulative area ratio:  442.29
      Required ratio:    0.00 (Cumulative area) 
      Cumulative area ratio: 2216.15
      Required ratio:    0.00 (Cumulative side area) 

    Layer: met1
      Partial area ratio:  414.24
      Required ratio:    0.00 (Gate area) 
      Partial area ratio: 2075.11
      Required ratio:  400.00 (Side area) (VIOLATED)
      Cumulative area ratio:  414.24
      Required ratio:    0.00 (Cumulative area) 
      Cumulative area ratio: 2075.11
      Required ratio:    0.00 (Cumulative side area) 

    Layer: li1
      Partial area ratio:    0.00
      Required ratio:    0.00 (Gate area) 
      Partial area ratio:    0.00
      Required ratio:   75.00 (Side area) 
      Cumulative area ratio:    0.00
      Required ratio:    0.00 (Cumulative area) 
      Cumulative area ratio:    0.00
      Required ratio:    0.00 (Cumulative side area) 

    Via: M1M2_PR
      Partial area ratio:    0.36
      Required ratio:    6.00 (Gate area) 
      Cumulative area ratio:    0.59
      Required ratio:    0.00 (Cumulative area) 

    Via: L1M1_PR
      Partial area ratio:    0.23
      Required ratio:    3.00 (Gate area) 
      Cumulative area ratio:    0.23
      Required ratio:    0.00 (Cumulative area) 


Net: net9
  Pin: _0691_/A1 (sky130_fd_sc_hd__mux2_1)
    Layer: met2
      Partial area ratio:   38.22
      Required ratio:    0.00 (Gate area) 
      Partial area ratio:  191.61
      Required ratio: 3312.80 (Side area) 
      Cumulative area ratio:  150.18
      Required ratio:    0.00 (Cumulative area) 
      Cumulative area ratio:  756.50
      Required ratio:    0.00 (Cumulative side area) 

    Layer: met1
      Partial area ratio:    2.91
      Required ratio:    0.00 (Gate area) 
      Partial area ratio:   15.72
      Required ratio:  400.00 (Side area) 
      Cumulative area ratio:    2.91
      Required ratio:    0.00 (Cumulative area) 
      Cumulative area ratio:   15.72
      Required ratio:    0.00 (Cumulative side area) 

    Layer: li1
      Partial area ratio:    0.00
      Required ratio:    0.00 (Gate area) 
      Partial area ratio:    0.00
      Required ratio:   75.00 (Side area) 
      Cumulative area ratio:    0.00
      Required ratio:    0.00 (Cumulative area) 
      Cumulative area ratio:    0.00
      Required ratio:    0.00 (Cumulative side area) 

    Via: M1M2_PR
      Partial area ratio:    0.09
      Required ratio:    6.00 (Gate area) 
      Cumulative area ratio:    0.32
      Required ratio:    0.00 (Cumulative area) 

    Via: L1M1_PR
      Partial area ratio:    0.23
      Required ratio:    3.00 (Gate area) 
      Cumulative area ratio:    0.23
      Required ratio:    0.00 (Cumulative area) 

  Pin: _0671_/A1 (sky130_fd_sc_hd__mux2_1)
    Layer: met2
      Partial area ratio:   38.22
      Required ratio:    0.00 (Gate area) 
      Partial area ratio:  191.61
      Required ratio: 3312.80 (Side area) 
      Cumulative area ratio:  150.18
      Required ratio:    0.00 (Cumulative area) 
      Cumulative area ratio:  756.50
      Required ratio:    0.00 (Cumulative side area) 

    Layer: met1
      Partial area ratio:    2.91
      Required ratio:    0.00 (Gate area) 
      Partial area ratio:   15.72
      Required ratio:  400.00 (Side area) 
      Cumulative area ratio:    2.91
      Required ratio:    0.00 (Cumulative area) 
      Cumulative area ratio:   15.72
      Required ratio:    0.00 (Cumulative side area) 

    Layer: li1
      Partial area ratio:    0.00
      Required ratio:    0.00 (Gate area) 
      Partial area ratio:    0.00
      Required ratio:   75.00 (Side area) 
      Cumulative area ratio:    0.00
      Required ratio:    0.00 (Cumulative area) 
      Cumulative area ratio:    0.00
      Required ratio:    0.00 (Cumulative side area) 

    Via: M1M2_PR
      Partial area ratio:    0.09
      Required ratio:    6.00 (Gate area) 
      Cumulative area ratio:    0.32
      Required ratio:    0.00 (Cumulative area) 

    Via: L1M1_PR
      Partial area ratio:    0.23
      Required ratio:    3.00 (Gate area) 
      Cumulative area ratio:    0.23
      Required ratio:    0.00 (Cumulative area) 

  Pin: _0635_/A1 (sky130_fd_sc_hd__mux2_1)
    Layer: met2
      Partial area ratio:   38.22
      Required ratio:    0.00 (Gate area) 
      Partial area ratio:  191.61
      Required ratio: 3312.80 (Side area) 
      Cumulative area ratio:  147.27
      Required ratio:    0.00 (Cumulative area) 
      Cumulative area ratio:  740.78
      Required ratio:    0.00 (Cumulative side area) 

    Layer: met1
      Partial area ratio:    0.00
      Required ratio:    0.00 (Gate area) 
      Partial area ratio:    0.00
      Required ratio:  400.00 (Side area) 
      Cumulative area ratio:    0.00
      Required ratio:    0.00 (Cumulative area) 
      Cumulative area ratio:    0.00
      Required ratio:    0.00 (Cumulative side area) 

    Layer: li1
      Partial area ratio:    0.00
      Required ratio:    0.00 (Gate area) 
      Partial area ratio:    0.00
      Required ratio:   75.00 (Side area) 
      Cumulative area ratio:    0.00
      Required ratio:    0.00 (Cumulative area) 
      Cumulative area ratio:    0.00
      Required ratio:    0.00 (Cumulative side area) 

    Via: M1M2_PR
      Partial area ratio:    0.18
      Required ratio:    6.00 (Gate area) 
      Cumulative area ratio:    0.41
      Required ratio:    0.00 (Cumulative area) 

    Via: L1M1_PR
      Partial area ratio:    0.23
      Required ratio:    3.00 (Gate area) 
      Cumulative area ratio:    0.23
      Required ratio:    0.00 (Cumulative area) 

  Pin: _0799_/A1 (sky130_fd_sc_hd__mux2_1)
    Layer: met2
      Partial area ratio:   38.22
      Required ratio:    0.00 (Gate area) 
      Partial area ratio:  191.61
      Required ratio: 3312.80 (Side area) 
      Cumulative area ratio:  238.30
      Required ratio:    0.00 (Cumulative area) 
      Cumulative area ratio: 1208.76
      Required ratio:    0.00 (Cumulative side area) 

    Layer: met1
      Partial area ratio:    0.00
      Required ratio:    0.00 (Gate area) 
      Partial area ratio:    0.00
      Required ratio:  400.00 (Side area) 
      Cumulative area ratio:    0.00
      Required ratio:    0.00 (Cumulative area) 
      Cumulative area ratio:    0.00
      Required ratio:    0.00 (Cumulative side area) 

    Layer: li1
      Partial area ratio:    0.00
      Required ratio:    0.00 (Gate area) 
      Partial area ratio:    0.00
      Required ratio:   75.00 (Side area) 
      Cumulative area ratio:    0.00
      Required ratio:    0.00 (Cumulative area) 
      Cumulative area ratio:    0.00
      Required ratio:    0.00 (Cumulative side area) 

    Via: M1M2_PR
      Partial area ratio:    0.18
      Required ratio:    6.00 (Gate area) 
      Cumulative area ratio:    0.41
      Required ratio:    0.00 (Cumulative area) 

    Via: L1M1_PR
      Partial area ratio:    0.23
      Required ratio:    3.00 (Gate area) 
      Cumulative area ratio:    0.23
      Required ratio:    0.00 (Cumulative area) 

  Pin: _0763_/A1 (sky130_fd_sc_hd__mux2_1)
    Layer: met2
      Partial area ratio:   38.22
      Required ratio:    0.00 (Gate area) 
      Partial area ratio:  191.61
      Required ratio: 3312.80 (Side area) 
      Cumulative area ratio:  238.30
      Required ratio:    0.00 (Cumulative area) 
      Cumulative area ratio: 1208.76
      Required ratio:    0.00 (Cumulative side area) 

    Layer: met1
      Partial area ratio:    9.14
      Required ratio:    0.00 (Gate area) 
      Partial area ratio:   48.06
      Required ratio:  400.00 (Side area) 
      Cumulative area ratio:    9.14
      Required ratio:    0.00 (Cumulative area) 
      Cumulative area ratio:   48.06
      Required ratio:    0.00 (Cumulative side area) 

    Layer: li1
      Partial area ratio:    0.00
      Required ratio:    0.00 (Gate area) 
      Partial area ratio:    0.00
      Required ratio:   75.00 (Side area) 
      Cumulative area ratio:    0.00
      Required ratio:    0.00 (Cumulative area) 
      Cumulative area ratio:    0.00
      Required ratio:    0.00 (Cumulative side area) 

    Via: M1M2_PR
      Partial area ratio:    0.18
      Required ratio:    6.00 (Gate area) 
      Cumulative area ratio:    0.41
      Required ratio:    0.00 (Cumulative area) 

    Via: L1M1_PR
      Partial area ratio:    0.23
      Required ratio:    3.00 (Gate area) 
      Cumulative area ratio:    0.23
      Required ratio:    0.00 (Cumulative area) 

  Pin: _0829_/A1 (sky130_fd_sc_hd__mux2_1)
    Layer: met2
      Partial area ratio:   38.22
      Required ratio:    0.00 (Gate area) 
      Partial area ratio:  191.61
      Required ratio: 3312.80 (Side area) 
      Cumulative area ratio:  238.30
      Required ratio:    0.00 (Cumulative area) 
      Cumulative area ratio: 1208.76
      Required ratio:    0.00 (Cumulative side area) 

    Layer: met1
      Partial area ratio:    9.14
      Required ratio:    0.00 (Gate area) 
      Partial area ratio:   48.06
      Required ratio:  400.00 (Side area) 
      Cumulative area ratio:    9.14
      Required ratio:    0.00 (Cumulative area) 
      Cumulative area ratio:   48.06
      Required ratio:    0.00 (Cumulative side area) 

    Layer: li1
      Partial area ratio:    0.00
      Required ratio:    0.00 (Gate area) 
      Partial area ratio:    0.00
      Required ratio:   75.00 (Side area) 
      Cumulative area ratio:    0.00
      Required ratio:    0.00 (Cumulative area) 
      Cumulative area ratio:    0.00
      Required ratio:    0.00 (Cumulative side area) 

    Via: M1M2_PR
      Partial area ratio:    0.18
      Required ratio:    6.00 (Gate area) 
      Cumulative area ratio:    0.41
      Required ratio:    0.00 (Cumulative area) 

    Via: L1M1_PR
      Partial area ratio:    0.23
      Required ratio:    3.00 (Gate area) 
      Cumulative area ratio:    0.23
      Required ratio:    0.00 (Cumulative area) 

  Pin: _0500_/A1 (sky130_fd_sc_hd__mux2_1)
    Layer: met2
      Partial area ratio:   38.22
      Required ratio:    0.00 (Gate area) 
      Partial area ratio:  191.61
      Required ratio: 3312.80 (Side area) 
      Cumulative area ratio:  230.84
      Required ratio:    0.00 (Cumulative area) 
      Cumulative area ratio: 1169.93
      Required ratio:    0.00 (Cumulative side area) 

    Layer: met1
      Partial area ratio:    1.69
      Required ratio:    0.00 (Gate area) 
      Partial area ratio:    9.22
      Required ratio:  400.00 (Side area) 
      Cumulative area ratio:    1.69
      Required ratio:    0.00 (Cumulative area) 
      Cumulative area ratio:    9.22
      Required ratio:    0.00 (Cumulative side area) 

    Layer: li1
      Partial area ratio:    0.00
      Required ratio:    0.00 (Gate area) 
      Partial area ratio:    0.00
      Required ratio:   75.00 (Side area) 
      Cumulative area ratio:    0.00
      Required ratio:    0.00 (Cumulative area) 
      Cumulative area ratio:    0.00
      Required ratio:    0.00 (Cumulative side area) 

    Via: M1M2_PR
      Partial area ratio:    0.18
      Required ratio:    6.00 (Gate area) 
      Cumulative area ratio:    0.41
      Required ratio:    0.00 (Cumulative area) 

    Via: L1M1_PR
      Partial area ratio:    0.23
      Required ratio:    3.00 (Gate area) 
      Cumulative area ratio:    0.23
      Required ratio:    0.00 (Cumulative area) 

  Pin: _0728_/A1 (sky130_fd_sc_hd__mux2_1)
    Layer: met2
      Partial area ratio:   38.22
      Required ratio:    0.00 (Gate area) 
      Partial area ratio:  191.61
      Required ratio: 3312.80 (Side area) 
      Cumulative area ratio:  229.16
      Required ratio:    0.00 (Cumulative area) 
      Cumulative area ratio: 1160.70
      Required ratio:    0.00 (Cumulative side area) 

    Layer: met1
      Partial area ratio:   43.47
      Required ratio:    0.00 (Gate area) 
      Partial area ratio:  222.00
      Required ratio:  400.00 (Side area) 
      Cumulative area ratio:   43.47
      Required ratio:    0.00 (Cumulative area) 
      Cumulative area ratio:  222.00
      Required ratio:    0.00 (Cumulative side area) 

    Layer: li1
      Partial area ratio:    0.00
      Required ratio:    0.00 (Gate area) 
      Partial area ratio:    0.00
      Required ratio:   75.00 (Side area) 
      Cumulative area ratio:    0.00
      Required ratio:    0.00 (Cumulative area) 
      Cumulative area ratio:    0.00
      Required ratio:    0.00 (Cumulative side area) 

    Via: M1M2_PR
      Partial area ratio:    0.36
      Required ratio:    6.00 (Gate area) 
      Cumulative area ratio:    0.59
      Required ratio:    0.00 (Cumulative area) 

    Via: L1M1_PR
      Partial area ratio:    0.23
      Required ratio:    3.00 (Gate area) 
      Cumulative area ratio:    0.23
      Required ratio:    0.00 (Cumulative area) 

  Pin: _0781_/A1 (sky130_fd_sc_hd__mux2_1)
    Layer: met2
      Partial area ratio:   38.22
      Required ratio:    0.00 (Gate area) 
      Partial area ratio:  191.61
      Required ratio: 3312.80 (Side area) 
      Cumulative area ratio:  185.69
      Required ratio:    0.00 (Cumulative area) 
      Cumulative area ratio:  938.70
      Required ratio:    0.00 (Cumulative side area) 

    Layer: met1
      Partial area ratio:    8.41
      Required ratio:    0.00 (Gate area) 
      Partial area ratio:   43.22
      Required ratio:  400.00 (Side area) 
      Cumulative area ratio:    8.41
      Required ratio:    0.00 (Cumulative area) 
      Cumulative area ratio:   43.22
      Required ratio:    0.00 (Cumulative side area) 

    Layer: li1
      Partial area ratio:    0.00
      Required ratio:    0.00 (Gate area) 
      Partial area ratio:    0.00
      Required ratio:   75.00 (Side area) 
      Cumulative area ratio:    0.00
      Required ratio:    0.00 (Cumulative area) 
      Cumulative area ratio:    0.00
      Required ratio:    0.00 (Cumulative side area) 

    Via: M1M2_PR
      Partial area ratio:    0.18
      Required ratio:    6.00 (Gate area) 
      Cumulative area ratio:    0.41
      Required ratio:    0.00 (Cumulative area) 

    Via: L1M1_PR
      Partial area ratio:    0.23
      Required ratio:    3.00 (Gate area) 
      Cumulative area ratio:    0.23
      Required ratio:    0.00 (Cumulative area) 

  Pin: _0617_/A1 (sky130_fd_sc_hd__mux2_1)
    Layer: met2
      Partial area ratio:   38.22
      Required ratio:    0.00 (Gate area) 
      Partial area ratio:  191.61
      Required ratio: 3312.80 (Side area) 
      Cumulative area ratio:  185.69
      Required ratio:    0.00 (Cumulative area) 
      Cumulative area ratio:  938.70
      Required ratio:    0.00 (Cumulative side area) 

    Layer: met1
      Partial area ratio:    8.41
      Required ratio:    0.00 (Gate area) 
      Partial area ratio:   43.22
      Required ratio:  400.00 (Side area) 
      Cumulative area ratio:    8.41
      Required ratio:    0.00 (Cumulative area) 
      Cumulative area ratio:   43.22
      Required ratio:    0.00 (Cumulative side area) 

    Layer: li1
      Partial area ratio:    0.00
      Required ratio:    0.00 (Gate area) 
      Partial area ratio:    0.00
      Required ratio:   75.00 (Side area) 
      Cumulative area ratio:    0.00
      Required ratio:    0.00 (Cumulative area) 
      Cumulative area ratio:    0.00
      Required ratio:    0.00 (Cumulative side area) 

    Via: M1M2_PR
      Partial area ratio:    0.18
      Required ratio:    6.00 (Gate area) 
      Cumulative area ratio:    0.41
      Required ratio:    0.00 (Cumulative area) 

    Via: L1M1_PR
      Partial area ratio:    0.23
      Required ratio:    3.00 (Gate area) 
      Cumulative area ratio:    0.23
      Required ratio:    0.00 (Cumulative area) 

  Pin: _0710_/A1 (sky130_fd_sc_hd__mux2_1)
    Layer: met2
      Partial area ratio:   38.22
      Required ratio:    0.00 (Gate area) 
      Partial area ratio:  191.61
      Required ratio: 3312.80 (Side area) 
      Cumulative area ratio:  177.28
      Required ratio:    0.00 (Cumulative area) 
      Cumulative area ratio:  895.48
      Required ratio:    0.00 (Cumulative side area) 

    Layer: met1
      Partial area ratio:   24.40
      Required ratio:    0.00 (Gate area) 
      Partial area ratio:  125.89
      Required ratio:  400.00 (Side area) 
      Cumulative area ratio:   24.40
      Required ratio:    0.00 (Cumulative area) 
      Cumulative area ratio:  125.89
      Required ratio:    0.00 (Cumulative side area) 

    Layer: li1
      Partial area ratio:    0.00
      Required ratio:    0.00 (Gate area) 
      Partial area ratio:    0.00
      Required ratio:   75.00 (Side area) 
      Cumulative area ratio:    0.00
      Required ratio:    0.00 (Cumulative area) 
      Cumulative area ratio:    0.00
      Required ratio:    0.00 (Cumulative side area) 

    Via: M1M2_PR
      Partial area ratio:    0.36
      Required ratio:    6.00 (Gate area) 
      Cumulative area ratio:    0.59
      Required ratio:    0.00 (Cumulative area) 

    Via: L1M1_PR
      Partial area ratio:    0.23
      Required ratio:    3.00 (Gate area) 
      Cumulative area ratio:    0.23
      Required ratio:    0.00 (Cumulative area) 

  Pin: _0882_/A1 (sky130_fd_sc_hd__mux2_1)
    Layer: met2
      Partial area ratio:   38.22
      Required ratio:    0.00 (Gate area) 
      Partial area ratio:  191.61
      Required ratio: 3312.80 (Side area) 
      Cumulative area ratio:  152.88
      Required ratio:    0.00 (Cumulative area) 
      Cumulative area ratio:  769.59
      Required ratio:    0.00 (Cumulative side area) 

    Layer: met1
      Partial area ratio:    5.61
      Required ratio:    0.00 (Gate area) 
      Partial area ratio:   28.81
      Required ratio:  400.00 (Side area) 
      Cumulative area ratio:    5.61
      Required ratio:    0.00 (Cumulative area) 
      Cumulative area ratio:   28.81
      Required ratio:    0.00 (Cumulative side area) 

    Layer: li1
      Partial area ratio:    0.00
      Required ratio:    0.00 (Gate area) 
      Partial area ratio:    0.00
      Required ratio:   75.00 (Side area) 
      Cumulative area ratio:    0.00
      Required ratio:    0.00 (Cumulative area) 
      Cumulative area ratio:    0.00
      Required ratio:    0.00 (Cumulative side area) 

    Via: M1M2_PR
      Partial area ratio:    0.12
      Required ratio:    6.00 (Gate area) 
      Cumulative area ratio:    0.35
      Required ratio:    0.00 (Cumulative area) 

    Via: L1M1_PR
      Partial area ratio:    0.23
      Required ratio:    3.00 (Gate area) 
      Cumulative area ratio:    0.23
      Required ratio:    0.00 (Cumulative area) 

  Pin: _0598_/A1 (sky130_fd_sc_hd__mux2_1)
    Layer: met2
      Partial area ratio:   38.22
      Required ratio:    0.00 (Gate area) 
      Partial area ratio:  191.61
      Required ratio: 3312.80 (Side area) 
      Cumulative area ratio:  152.88
      Required ratio:    0.00 (Cumulative area) 
      Cumulative area ratio:  769.59
      Required ratio:    0.00 (Cumulative side area) 

    Layer: met1
      Partial area ratio:    5.61
      Required ratio:    0.00 (Gate area) 
      Partial area ratio:   28.81
      Required ratio:  400.00 (Side area) 
      Cumulative area ratio:    5.61
      Required ratio:    0.00 (Cumulative area) 
      Cumulative area ratio:   28.81
      Required ratio:    0.00 (Cumulative side area) 

    Layer: li1
      Partial area ratio:    0.00
      Required ratio:    0.00 (Gate area) 
      Partial area ratio:    0.00
      Required ratio:   75.00 (Side area) 
      Cumulative area ratio:    0.00
      Required ratio:    0.00 (Cumulative area) 
      Cumulative area ratio:    0.00
      Required ratio:    0.00 (Cumulative side area) 

    Via: M1M2_PR
      Partial area ratio:    0.12
      Required ratio:    6.00 (Gate area) 
      Cumulative area ratio:    0.35
      Required ratio:    0.00 (Cumulative area) 

    Via: L1M1_PR
      Partial area ratio:    0.23
      Required ratio:    3.00 (Gate area) 
      Cumulative area ratio:    0.23
      Required ratio:    0.00 (Cumulative area) 

  Pin: _0653_/A1 (sky130_fd_sc_hd__mux2_1)
    Layer: met2
      Partial area ratio:   38.22
      Required ratio:    0.00 (Gate area) 
      Partial area ratio:  191.61
      Required ratio: 3312.80 (Side area) 
      Cumulative area ratio:  152.88
      Required ratio:    0.00 (Cumulative area) 
      Cumulative area ratio:  769.59
      Required ratio:    0.00 (Cumulative side area) 

    Layer: met1
      Partial area ratio:    5.61
      Required ratio:    0.00 (Gate area) 
      Partial area ratio:   28.81
      Required ratio:  400.00 (Side area) 
      Cumulative area ratio:    5.61
      Required ratio:    0.00 (Cumulative area) 
      Cumulative area ratio:   28.81
      Required ratio:    0.00 (Cumulative side area) 

    Layer: li1
      Partial area ratio:    0.00
      Required ratio:    0.00 (Gate area) 
      Partial area ratio:    0.00
      Required ratio:   75.00 (Side area) 
      Cumulative area ratio:    0.00
      Required ratio:    0.00 (Cumulative area) 
      Cumulative area ratio:    0.00
      Required ratio:    0.00 (Cumulative side area) 

    Via: M1M2_PR
      Partial area ratio:    0.12
      Required ratio:    6.00 (Gate area) 
      Cumulative area ratio:    0.35
      Required ratio:    0.00 (Cumulative area) 

    Via: L1M1_PR
      Partial area ratio:    0.23
      Required ratio:    3.00 (Gate area) 
      Cumulative area ratio:    0.23
      Required ratio:    0.00 (Cumulative area) 

  Pin: _0900_/A1 (sky130_fd_sc_hd__mux2_1)
    Layer: met2
      Partial area ratio:   38.22
      Required ratio:    0.00 (Gate area) 
      Partial area ratio:  191.61
      Required ratio: 3312.80 (Side area) 
      Cumulative area ratio:  147.27
      Required ratio:    0.00 (Cumulative area) 
      Cumulative area ratio:  740.78
      Required ratio:    0.00 (Cumulative side area) 

    Layer: met1
      Partial area ratio:  109.06
      Required ratio:    0.00 (Gate area) 
      Partial area ratio:  549.17
      Required ratio:  400.00 (Side area) (VIOLATED)
      Cumulative area ratio:  109.06
      Required ratio:    0.00 (Cumulative area) 
      Cumulative area ratio:  549.17
      Required ratio:    0.00 (Cumulative side area) 

    Layer: li1
      Partial area ratio:    0.00
      Required ratio:    0.00 (Gate area) 
      Partial area ratio:    0.00
      Required ratio:   75.00 (Side area) 
      Cumulative area ratio:    0.00
      Required ratio:    0.00 (Cumulative area) 
      Cumulative area ratio:    0.00
      Required ratio:    0.00 (Cumulative side area) 

    Via: M1M2_PR
      Partial area ratio:    0.18
      Required ratio:    6.00 (Gate area) 
      Cumulative area ratio:    0.41
      Required ratio:    0.00 (Cumulative area) 

    Via: L1M1_PR
      Partial area ratio:    0.23
      Required ratio:    3.00 (Gate area) 
      Cumulative area ratio:    0.23
      Required ratio:    0.00 (Cumulative area) 

  Pin: _0746_/A1 (sky130_fd_sc_hd__mux2_1)
    Layer: met2
      Partial area ratio:   38.22
      Required ratio:    0.00 (Gate area) 
      Partial area ratio:  191.61
      Required ratio: 3312.80 (Side area) 
      Cumulative area ratio:  147.27
      Required ratio:    0.00 (Cumulative area) 
      Cumulative area ratio:  740.78
      Required ratio:    0.00 (Cumulative side area) 

    Layer: met1
      Partial area ratio:  109.06
      Required ratio:    0.00 (Gate area) 
      Partial area ratio:  549.17
      Required ratio:  400.00 (Side area) (VIOLATED)
      Cumulative area ratio:  109.06
      Required ratio:    0.00 (Cumulative area) 
      Cumulative area ratio:  549.17
      Required ratio:    0.00 (Cumulative side area) 

    Layer: li1
      Partial area ratio:    0.00
      Required ratio:    0.00 (Gate area) 
      Partial area ratio:    0.00
      Required ratio:   75.00 (Side area) 
      Cumulative area ratio:    0.00
      Required ratio:    0.00 (Cumulative area) 
      Cumulative area ratio:    0.00
      Required ratio:    0.00 (Cumulative side area) 

    Via: M1M2_PR
      Partial area ratio:    0.18
      Required ratio:    6.00 (Gate area) 
      Cumulative area ratio:    0.41
      Required ratio:    0.00 (Cumulative area) 

    Via: L1M1_PR
      Partial area ratio:    0.23
      Required ratio:    3.00 (Gate area) 
      Cumulative area ratio:    0.23
      Required ratio:    0.00 (Cumulative area) 


Net: net11
  Pin: _0803_/A1 (sky130_fd_sc_hd__mux2_1)
    Layer: met2
      Partial area ratio:   17.73
      Required ratio:    0.00 (Gate area) 
      Partial area ratio:   89.63
      Required ratio: 3312.80 (Side area) 
      Cumulative area ratio:  427.95
      Required ratio:    0.00 (Cumulative area) 
      Cumulative area ratio: 2142.29
      Required ratio:    0.00 (Cumulative side area) 

    Layer: met1
      Partial area ratio:  410.22
      Required ratio:    0.00 (Gate area) 
      Partial area ratio: 2052.67
      Required ratio:  400.00 (Side area) (VIOLATED)
      Cumulative area ratio:  410.22
      Required ratio:    0.00 (Cumulative area) 
      Cumulative area ratio: 2052.67
      Required ratio:    0.00 (Cumulative side area) 

    Layer: li1
      Partial area ratio:    0.00
      Required ratio:    0.00 (Gate area) 
      Partial area ratio:    0.00
      Required ratio:   75.00 (Side area) 
      Cumulative area ratio:    0.00
      Required ratio:    0.00 (Cumulative area) 
      Cumulative area ratio:    0.00
      Required ratio:    0.00 (Cumulative side area) 

    Via: M1M2_PR
      Partial area ratio:    0.36
      Required ratio:    6.00 (Gate area) 
      Cumulative area ratio:    0.59
      Required ratio:    0.00 (Cumulative area) 

    Via: L1M1_PR
      Partial area ratio:    0.23
      Required ratio:    3.00 (Gate area) 
      Cumulative area ratio:    0.23
      Required ratio:    0.00 (Cumulative area) 

  Pin: _0504_/A1 (sky130_fd_sc_hd__mux2_1)
    Layer: met2
      Partial area ratio:   17.73
      Required ratio:    0.00 (Gate area) 
      Partial area ratio:   89.63
      Required ratio: 3312.80 (Side area) 
      Cumulative area ratio:  459.45
      Required ratio:    0.00 (Cumulative area) 
      Cumulative area ratio: 2306.01
      Required ratio:    0.00 (Cumulative side area) 

    Layer: met1
      Partial area ratio:   31.50
      Required ratio:    0.00 (Gate area) 
      Partial area ratio:  163.72
      Required ratio:  400.00 (Side area) 
      Cumulative area ratio:   31.50
      Required ratio:    0.00 (Cumulative area) 
      Cumulative area ratio:  163.72
      Required ratio:    0.00 (Cumulative side area) 

    Layer: li1
      Partial area ratio:    0.00
      Required ratio:    0.00 (Gate area) 
      Partial area ratio:    0.00
      Required ratio:   75.00 (Side area) 
      Cumulative area ratio:    0.00
      Required ratio:    0.00 (Cumulative area) 
      Cumulative area ratio:    0.00
      Required ratio:    0.00 (Cumulative side area) 

    Via: M1M2_PR
      Partial area ratio:    0.18
      Required ratio:    6.00 (Gate area) 
      Cumulative area ratio:    0.41
      Required ratio:    0.00 (Cumulative area) 

    Via: L1M1_PR
      Partial area ratio:    0.23
      Required ratio:    3.00 (Gate area) 
      Cumulative area ratio:    0.23
      Required ratio:    0.00 (Cumulative area) 

  Pin: _0785_/A1 (sky130_fd_sc_hd__mux2_1)
    Layer: met2
      Partial area ratio:   17.73
      Required ratio:    0.00 (Gate area) 
      Partial area ratio:   89.63
      Required ratio: 3312.80 (Side area) 
      Cumulative area ratio:  483.01
      Required ratio:    0.00 (Cumulative area) 
      Cumulative area ratio: 2429.24
      Required ratio:    0.00 (Cumulative side area) 

    Layer: met1
      Partial area ratio:    0.67
      Required ratio:    0.00 (Gate area) 
      Partial area ratio:    4.11
      Required ratio:  400.00 (Side area) 
      Cumulative area ratio:    0.67
      Required ratio:    0.00 (Cumulative area) 
      Cumulative area ratio:    4.11
      Required ratio:    0.00 (Cumulative side area) 

    Layer: li1
      Partial area ratio:    0.00
      Required ratio:    0.00 (Gate area) 
      Partial area ratio:    0.00
      Required ratio:   75.00 (Side area) 
      Cumulative area ratio:    0.00
      Required ratio:    0.00 (Cumulative area) 
      Cumulative area ratio:    0.00
      Required ratio:    0.00 (Cumulative side area) 

    Via: M1M2_PR
      Partial area ratio:    0.18
      Required ratio:    6.00 (Gate area) 
      Cumulative area ratio:    0.41
      Required ratio:    0.00 (Cumulative area) 

    Via: L1M1_PR
      Partial area ratio:    0.23
      Required ratio:    3.00 (Gate area) 
      Cumulative area ratio:    0.23
      Required ratio:    0.00 (Cumulative area) 

  Pin: _0621_/A1 (sky130_fd_sc_hd__mux2_1)
    Layer: met2
      Partial area ratio:   17.73
      Required ratio:    0.00 (Gate area) 
      Partial area ratio:   89.63
      Required ratio: 3312.80 (Side area) 
      Cumulative area ratio:  482.34
      Required ratio:    0.00 (Cumulative area) 
      Cumulative area ratio: 2425.12
      Required ratio:    0.00 (Cumulative side area) 

    Layer: met1
      Partial area ratio:   22.89
      Required ratio:    0.00 (Gate area) 
      Partial area ratio:  119.11
      Required ratio:  400.00 (Side area) 
      Cumulative area ratio:   22.89
      Required ratio:    0.00 (Cumulative area) 
      Cumulative area ratio:  119.11
      Required ratio:    0.00 (Cumulative side area) 

    Layer: li1
      Partial area ratio:    0.00
      Required ratio:    0.00 (Gate area) 
      Partial area ratio:    0.00
      Required ratio:   75.00 (Side area) 
      Cumulative area ratio:    0.00
      Required ratio:    0.00 (Cumulative area) 
      Cumulative area ratio:    0.00
      Required ratio:    0.00 (Cumulative side area) 

    Via: M1M2_PR
      Partial area ratio:    0.71
      Required ratio:    6.00 (Gate area) 
      Cumulative area ratio:    0.94
      Required ratio:    0.00 (Cumulative area) 

    Via: L1M1_PR
      Partial area ratio:    0.23
      Required ratio:    3.00 (Gate area) 
      Cumulative area ratio:    0.23
      Required ratio:    0.00 (Cumulative area) 

  Pin: _0695_/A1 (sky130_fd_sc_hd__mux2_1)
    Layer: met2
      Partial area ratio:   17.73
      Required ratio:    0.00 (Gate area) 
      Partial area ratio:   89.63
      Required ratio: 3312.80 (Side area) 
      Cumulative area ratio:  483.01
      Required ratio:    0.00 (Cumulative area) 
      Cumulative area ratio: 2429.24
      Required ratio:    0.00 (Cumulative side area) 

    Layer: met1
      Partial area ratio:    0.67
      Required ratio:    0.00 (Gate area) 
      Partial area ratio:    4.11
      Required ratio:  400.00 (Side area) 
      Cumulative area ratio:    0.67
      Required ratio:    0.00 (Cumulative area) 
      Cumulative area ratio:    4.11
      Required ratio:    0.00 (Cumulative side area) 

    Layer: li1
      Partial area ratio:    0.00
      Required ratio:    0.00 (Gate area) 
      Partial area ratio:    0.00
      Required ratio:   75.00 (Side area) 
      Cumulative area ratio:    0.00
      Required ratio:    0.00 (Cumulative area) 
      Cumulative area ratio:    0.00
      Required ratio:    0.00 (Cumulative side area) 

    Via: M1M2_PR
      Partial area ratio:    0.18
      Required ratio:    6.00 (Gate area) 
      Cumulative area ratio:    0.41
      Required ratio:    0.00 (Cumulative area) 

    Via: L1M1_PR
      Partial area ratio:    0.23
      Required ratio:    3.00 (Gate area) 
      Cumulative area ratio:    0.23
      Required ratio:    0.00 (Cumulative area) 

  Pin: _0750_/A1 (sky130_fd_sc_hd__mux2_1)
    Layer: met2
      Partial area ratio:   17.73
      Required ratio:    0.00 (Gate area) 
      Partial area ratio:   89.63
      Required ratio: 3312.80 (Side area) 
      Cumulative area ratio:  484.56
      Required ratio:    0.00 (Cumulative area) 
      Cumulative area ratio: 2437.79
      Required ratio:    0.00 (Cumulative side area) 

    Layer: met1
      Partial area ratio:    2.22
      Required ratio:    0.00 (Gate area) 
      Partial area ratio:   12.67
      Required ratio:  400.00 (Side area) 
      Cumulative area ratio:    2.22
      Required ratio:    0.00 (Cumulative area) 
      Cumulative area ratio:   12.67
      Required ratio:    0.00 (Cumulative side area) 

    Layer: li1
      Partial area ratio:    0.00
      Required ratio:    0.00 (Gate area) 
      Partial area ratio:    0.00
      Required ratio:   75.00 (Side area) 
      Cumulative area ratio:    0.00
      Required ratio:    0.00 (Cumulative area) 
      Cumulative area ratio:    0.00
      Required ratio:    0.00 (Cumulative side area) 

    Via: M1M2_PR
      Partial area ratio:    0.18
      Required ratio:    6.00 (Gate area) 
      Cumulative area ratio:    0.41
      Required ratio:    0.00 (Cumulative area) 

    Via: L1M1_PR
      Partial area ratio:    0.23
      Required ratio:    3.00 (Gate area) 
      Cumulative area ratio:    0.23
      Required ratio:    0.00 (Cumulative area) 

  Pin: _0904_/A1 (sky130_fd_sc_hd__mux2_1)
    Layer: met2
      Partial area ratio:   17.73
      Required ratio:    0.00 (Gate area) 
      Partial area ratio:   89.63
      Required ratio: 3312.80 (Side area) 
      Cumulative area ratio:  486.08
      Required ratio:    0.00 (Cumulative area) 
      Cumulative area ratio: 2444.57
      Required ratio:    0.00 (Cumulative side area) 

    Layer: met1
      Partial area ratio:    3.73
      Required ratio:    0.00 (Gate area) 
      Partial area ratio:   19.44
      Required ratio:  400.00 (Side area) 
      Cumulative area ratio:    3.73
      Required ratio:    0.00 (Cumulative area) 
      Cumulative area ratio:   19.44
      Required ratio:    0.00 (Cumulative side area) 

    Layer: li1
      Partial area ratio:    0.00
      Required ratio:    0.00 (Gate area) 
      Partial area ratio:    0.00
      Required ratio:   75.00 (Side area) 
      Cumulative area ratio:    0.00
      Required ratio:    0.00 (Cumulative area) 
      Cumulative area ratio:    0.00
      Required ratio:    0.00 (Cumulative side area) 

    Via: M1M2_PR
      Partial area ratio:    0.18
      Required ratio:    6.00 (Gate area) 
      Cumulative area ratio:    0.41
      Required ratio:    0.00 (Cumulative area) 

    Via: L1M1_PR
      Partial area ratio:    0.23
      Required ratio:    3.00 (Gate area) 
      Cumulative area ratio:    0.23
      Required ratio:    0.00 (Cumulative area) 

  Pin: _0675_/A1 (sky130_fd_sc_hd__mux2_1)
    Layer: met2
      Partial area ratio:   17.73
      Required ratio:    0.00 (Gate area) 
      Partial area ratio:   89.63
      Required ratio: 3312.80 (Side area) 
      Cumulative area ratio:  482.34
      Required ratio:    0.00 (Cumulative area) 
      Cumulative area ratio: 2425.12
      Required ratio:    0.00 (Cumulative side area) 

    Layer: met1
      Partial area ratio:    0.00
      Required ratio:    0.00 (Gate area) 
      Partial area ratio:    0.00
      Required ratio:  400.00 (Side area) 
      Cumulative area ratio:    0.00
      Required ratio:    0.00 (Cumulative area) 
      Cumulative area ratio:    0.00
      Required ratio:    0.00 (Cumulative side area) 

    Layer: li1
      Partial area ratio:    0.00
      Required ratio:    0.00 (Gate area) 
      Partial area ratio:    0.00
      Required ratio:   75.00 (Side area) 
      Cumulative area ratio:    0.00
      Required ratio:    0.00 (Cumulative area) 
      Cumulative area ratio:    0.00
      Required ratio:    0.00 (Cumulative side area) 

    Via: M1M2_PR
      Partial area ratio:    0.18
      Required ratio:    6.00 (Gate area) 
      Cumulative area ratio:    0.41
      Required ratio:    0.00 (Cumulative area) 

    Via: L1M1_PR
      Partial area ratio:    0.23
      Required ratio:    3.00 (Gate area) 
      Cumulative area ratio:    0.23
      Required ratio:    0.00 (Cumulative area) 

  Pin: _0602_/A1 (sky130_fd_sc_hd__mux2_1)
    Layer: met2
      Partial area ratio:   17.73
      Required ratio:    0.00 (Gate area) 
      Partial area ratio:   89.63
      Required ratio: 3312.80 (Side area) 
      Cumulative area ratio:  482.34
      Required ratio:    0.00 (Cumulative area) 
      Cumulative area ratio: 2425.12
      Required ratio:    0.00 (Cumulative side area) 

    Layer: met1
      Partial area ratio:    0.00
      Required ratio:    0.00 (Gate area) 
      Partial area ratio:    0.00
      Required ratio:  400.00 (Side area) 
      Cumulative area ratio:    0.00
      Required ratio:    0.00 (Cumulative area) 
      Cumulative area ratio:    0.00
      Required ratio:    0.00 (Cumulative side area) 

    Layer: li1
      Partial area ratio:    0.00
      Required ratio:    0.00 (Gate area) 
      Partial area ratio:    0.00
      Required ratio:   75.00 (Side area) 
      Cumulative area ratio:    0.00
      Required ratio:    0.00 (Cumulative area) 
      Cumulative area ratio:    0.00
      Required ratio:    0.00 (Cumulative side area) 

    Via: M1M2_PR
      Partial area ratio:    0.18
      Required ratio:    6.00 (Gate area) 
      Cumulative area ratio:    0.41
      Required ratio:    0.00 (Cumulative area) 

    Via: L1M1_PR
      Partial area ratio:    0.23
      Required ratio:    3.00 (Gate area) 
      Cumulative area ratio:    0.23
      Required ratio:    0.00 (Cumulative area) 

  Pin: _0657_/A1 (sky130_fd_sc_hd__mux2_1)
    Layer: met2
      Partial area ratio:   17.73
      Required ratio:    0.00 (Gate area) 
      Partial area ratio:   89.63
      Required ratio: 3312.80 (Side area) 
      Cumulative area ratio:  491.06
      Required ratio:    0.00 (Cumulative area) 
      Cumulative area ratio: 2471.85
      Required ratio:    0.00 (Cumulative side area) 

    Layer: met1
      Partial area ratio:    8.72
      Required ratio:    0.00 (Gate area) 
      Partial area ratio:   46.72
      Required ratio:  400.00 (Side area) 
      Cumulative area ratio:    8.72
      Required ratio:    0.00 (Cumulative area) 
      Cumulative area ratio:   46.72
      Required ratio:    0.00 (Cumulative side area) 

    Layer: li1
      Partial area ratio:    0.00
      Required ratio:    0.00 (Gate area) 
      Partial area ratio:    0.00
      Required ratio:   75.00 (Side area) 
      Cumulative area ratio:    0.00
      Required ratio:    0.00 (Cumulative area) 
      Cumulative area ratio:    0.00
      Required ratio:    0.00 (Cumulative side area) 

    Via: M1M2_PR
      Partial area ratio:    0.18
      Required ratio:    6.00 (Gate area) 
      Cumulative area ratio:    0.41
      Required ratio:    0.00 (Cumulative area) 

    Via: L1M1_PR
      Partial area ratio:    0.23
      Required ratio:    3.00 (Gate area) 
      Cumulative area ratio:    0.23
      Required ratio:    0.00 (Cumulative area) 

  Pin: _0639_/A1 (sky130_fd_sc_hd__mux2_1)
    Layer: met2
      Partial area ratio:   17.73
      Required ratio:    0.00 (Gate area) 
      Partial area ratio:   89.63
      Required ratio: 3312.80 (Side area) 
      Cumulative area ratio:  491.06
      Required ratio:    0.00 (Cumulative area) 
      Cumulative area ratio: 2471.85
      Required ratio:    0.00 (Cumulative side area) 

    Layer: met1
      Partial area ratio:    0.00
      Required ratio:    0.00 (Gate area) 
      Partial area ratio:    0.00
      Required ratio:  400.00 (Side area) 
      Cumulative area ratio:    0.00
      Required ratio:    0.00 (Cumulative area) 
      Cumulative area ratio:    0.00
      Required ratio:    0.00 (Cumulative side area) 

    Layer: li1
      Partial area ratio:    0.00
      Required ratio:    0.00 (Gate area) 
      Partial area ratio:    0.00
      Required ratio:   75.00 (Side area) 
      Cumulative area ratio:    0.00
      Required ratio:    0.00 (Cumulative area) 
      Cumulative area ratio:    0.00
      Required ratio:    0.00 (Cumulative side area) 

    Via: M1M2_PR
      Partial area ratio:    0.18
      Required ratio:    6.00 (Gate area) 
      Cumulative area ratio:    0.41
      Required ratio:    0.00 (Cumulative area) 

    Via: L1M1_PR
      Partial area ratio:    0.23
      Required ratio:    3.00 (Gate area) 
      Cumulative area ratio:    0.23
      Required ratio:    0.00 (Cumulative area) 

  Pin: _0886_/A1 (sky130_fd_sc_hd__mux2_1)
    Layer: met2
      Partial area ratio:   17.73
      Required ratio:    0.00 (Gate area) 
      Partial area ratio:   89.63
      Required ratio: 3312.80 (Side area) 
      Cumulative area ratio:  491.06
      Required ratio:    0.00 (Cumulative area) 
      Cumulative area ratio: 2471.85
      Required ratio:    0.00 (Cumulative side area) 

    Layer: met1
      Partial area ratio:    8.72
      Required ratio:    0.00 (Gate area) 
      Partial area ratio:   46.72
      Required ratio:  400.00 (Side area) 
      Cumulative area ratio:    8.72
      Required ratio:    0.00 (Cumulative area) 
      Cumulative area ratio:   46.72
      Required ratio:    0.00 (Cumulative side area) 

    Layer: li1
      Partial area ratio:    0.00
      Required ratio:    0.00 (Gate area) 
      Partial area ratio:    0.00
      Required ratio:   75.00 (Side area) 
      Cumulative area ratio:    0.00
      Required ratio:    0.00 (Cumulative area) 
      Cumulative area ratio:    0.00
      Required ratio:    0.00 (Cumulative side area) 

    Via: M1M2_PR
      Partial area ratio:    0.18
      Required ratio:    6.00 (Gate area) 
      Cumulative area ratio:    0.41
      Required ratio:    0.00 (Cumulative area) 

    Via: L1M1_PR
      Partial area ratio:    0.23
      Required ratio:    3.00 (Gate area) 
      Cumulative area ratio:    0.23
      Required ratio:    0.00 (Cumulative area) 

  Pin: _0714_/A1 (sky130_fd_sc_hd__mux2_1)
    Layer: met2
      Partial area ratio:   17.73
      Required ratio:    0.00 (Gate area) 
      Partial area ratio:   89.63
      Required ratio: 3312.80 (Side area) 
      Cumulative area ratio:  483.52
      Required ratio:    0.00 (Cumulative area) 
      Cumulative area ratio: 2431.79
      Required ratio:    0.00 (Cumulative side area) 

    Layer: met1
      Partial area ratio:    1.18
      Required ratio:    0.00 (Gate area) 
      Partial area ratio:    6.67
      Required ratio:  400.00 (Side area) 
      Cumulative area ratio:    1.18
      Required ratio:    0.00 (Cumulative area) 
      Cumulative area ratio:    6.67
      Required ratio:    0.00 (Cumulative side area) 

    Layer: li1
      Partial area ratio:    0.00
      Required ratio:    0.00 (Gate area) 
      Partial area ratio:    0.00
      Required ratio:   75.00 (Side area) 
      Cumulative area ratio:    0.00
      Required ratio:    0.00 (Cumulative area) 
      Cumulative area ratio:    0.00
      Required ratio:    0.00 (Cumulative side area) 

    Via: M1M2_PR
      Partial area ratio:    0.18
      Required ratio:    6.00 (Gate area) 
      Cumulative area ratio:    0.41
      Required ratio:    0.00 (Cumulative area) 

    Via: L1M1_PR
      Partial area ratio:    0.23
      Required ratio:    3.00 (Gate area) 
      Cumulative area ratio:    0.23
      Required ratio:    0.00 (Cumulative area) 

  Pin: _0732_/A1 (sky130_fd_sc_hd__mux2_1)
    Layer: met2
      Partial area ratio:   17.73
      Required ratio:    0.00 (Gate area) 
      Partial area ratio:   89.63
      Required ratio: 3312.80 (Side area) 
      Cumulative area ratio:  459.45
      Required ratio:    0.00 (Cumulative area) 
      Cumulative area ratio: 2306.01
      Required ratio:    0.00 (Cumulative side area) 

    Layer: met1
      Partial area ratio:    0.00
      Required ratio:    0.00 (Gate area) 
      Partial area ratio:    0.00
      Required ratio:  400.00 (Side area) 
      Cumulative area ratio:    0.00
      Required ratio:    0.00 (Cumulative area) 
      Cumulative area ratio:    0.00
      Required ratio:    0.00 (Cumulative side area) 

    Layer: li1
      Partial area ratio:    0.00
      Required ratio:    0.00 (Gate area) 
      Partial area ratio:    0.00
      Required ratio:   75.00 (Side area) 
      Cumulative area ratio:    0.00
      Required ratio:    0.00 (Cumulative area) 
      Cumulative area ratio:    0.00
      Required ratio:    0.00 (Cumulative side area) 

    Via: M1M2_PR
      Partial area ratio:    0.18
      Required ratio:    6.00 (Gate area) 
      Cumulative area ratio:    0.41
      Required ratio:    0.00 (Cumulative area) 

    Via: L1M1_PR
      Partial area ratio:    0.23
      Required ratio:    3.00 (Gate area) 
      Cumulative area ratio:    0.23
      Required ratio:    0.00 (Cumulative area) 

  Pin: _0833_/A1 (sky130_fd_sc_hd__mux2_1)
    Layer: met2
      Partial area ratio:   17.73
      Required ratio:    0.00 (Gate area) 
      Partial area ratio:   89.63
      Required ratio: 3312.80 (Side area) 
      Cumulative area ratio:  459.45
      Required ratio:    0.00 (Cumulative area) 
      Cumulative area ratio: 2306.01
      Required ratio:    0.00 (Cumulative side area) 

    Layer: met1
      Partial area ratio:   31.50
      Required ratio:    0.00 (Gate area) 
      Partial area ratio:  163.72
      Required ratio:  400.00 (Side area) 
      Cumulative area ratio:   31.50
      Required ratio:    0.00 (Cumulative area) 
      Cumulative area ratio:  163.72
      Required ratio:    0.00 (Cumulative side area) 

    Layer: li1
      Partial area ratio:    0.00
      Required ratio:    0.00 (Gate area) 
      Partial area ratio:    0.00
      Required ratio:   75.00 (Side area) 
      Cumulative area ratio:    0.00
      Required ratio:    0.00 (Cumulative area) 
      Cumulative area ratio:    0.00
      Required ratio:    0.00 (Cumulative side area) 

    Via: M1M2_PR
      Partial area ratio:    0.18
      Required ratio:    6.00 (Gate area) 
      Cumulative area ratio:    0.41
      Required ratio:    0.00 (Cumulative area) 

    Via: L1M1_PR
      Partial area ratio:    0.23
      Required ratio:    3.00 (Gate area) 
      Cumulative area ratio:    0.23
      Required ratio:    0.00 (Cumulative area) 

  Pin: _0767_/A1 (sky130_fd_sc_hd__mux2_1)
    Layer: met2
      Partial area ratio:   17.73
      Required ratio:    0.00 (Gate area) 
      Partial area ratio:   89.63
      Required ratio: 3312.80 (Side area) 
      Cumulative area ratio:  427.95
      Required ratio:    0.00 (Cumulative area) 
      Cumulative area ratio: 2142.29
      Required ratio:    0.00 (Cumulative side area) 

    Layer: met1
      Partial area ratio:    0.00
      Required ratio:    0.00 (Gate area) 
      Partial area ratio:    0.00
      Required ratio:  400.00 (Side area) 
      Cumulative area ratio:    0.00
      Required ratio:    0.00 (Cumulative area) 
      Cumulative area ratio:    0.00
      Required ratio:    0.00 (Cumulative side area) 

    Layer: li1
      Partial area ratio:    0.00
      Required ratio:    0.00 (Gate area) 
      Partial area ratio:    0.00
      Required ratio:   75.00 (Side area) 
      Cumulative area ratio:    0.00
      Required ratio:    0.00 (Cumulative area) 
      Cumulative area ratio:    0.00
      Required ratio:    0.00 (Cumulative side area) 

    Via: M1M2_PR
      Partial area ratio:    0.18
      Required ratio:    6.00 (Gate area) 
      Cumulative area ratio:    0.41
      Required ratio:    0.00 (Cumulative area) 

    Via: L1M1_PR
      Partial area ratio:    0.23
      Required ratio:    3.00 (Gate area) 
      Cumulative area ratio:    0.23
      Required ratio:    0.00 (Cumulative area) 


Net: net12
  Pin: fanout28/A (sky130_fd_sc_hd__buf_6)
    Layer: met2
      Partial area ratio:  105.64
      Required ratio:    0.00 (Gate area) 
      Partial area ratio:  528.46
      Required ratio: 3134.60 (Side area) 
      Cumulative area ratio:  204.33
      Required ratio:    0.00 (Cumulative area) 
      Cumulative area ratio: 1022.33
      Required ratio:    0.00 (Cumulative side area) 

    Layer: met1
      Partial area ratio:   98.70
      Required ratio:    0.00 (Gate area) 
      Partial area ratio:  493.87
      Required ratio:  400.00 (Side area) (VIOLATED)
      Cumulative area ratio:   98.70
      Required ratio:    0.00 (Cumulative area) 
      Cumulative area ratio:  493.87
      Required ratio:    0.00 (Cumulative side area) 

    Layer: li1
      Partial area ratio:    0.00
      Required ratio:    0.00 (Gate area) 
      Partial area ratio:    0.00
      Required ratio:   75.00 (Side area) 
      Cumulative area ratio:    0.00
      Required ratio:    0.00 (Cumulative area) 
      Cumulative area ratio:    0.00
      Required ratio:    0.00 (Cumulative side area) 

    Via: M1M2_PR
      Partial area ratio:    0.09
      Required ratio:    6.00 (Gate area) 
      Cumulative area ratio:    0.15
      Required ratio:    0.00 (Cumulative area) 

    Via: L1M1_PR
      Partial area ratio:    0.06
      Required ratio:    3.00 (Gate area) 
      Cumulative area ratio:    0.06
      Required ratio:    0.00 (Cumulative area) 

  Pin: _1063_/RESET_B (sky130_fd_sc_hd__dfrtp_4)
    Layer: met2
      Partial area ratio:  105.64
      Required ratio:    0.00 (Gate area) 
      Partial area ratio:  528.46
      Required ratio: 3134.60 (Side area) 
      Cumulative area ratio:  233.77
      Required ratio:    0.00 (Cumulative area) 
      Cumulative area ratio: 1173.00
      Required ratio:    0.00 (Cumulative side area) 

    Layer: met1
      Partial area ratio:   29.43
      Required ratio:    0.00 (Gate area) 
      Partial area ratio:  150.67
      Required ratio:  400.00 (Side area) 
      Cumulative area ratio:   29.43
      Required ratio:    0.00 (Cumulative area) 
      Cumulative area ratio:  150.67
      Required ratio:    0.00 (Cumulative side area) 

    Via: M1M2_PR
      Partial area ratio:    0.09
      Required ratio:    6.00 (Gate area) 
      Cumulative area ratio:    0.09
      Required ratio:    0.00 (Cumulative area) 


Net: net16
  Pin: _0521_/A1 (sky130_fd_sc_hd__mux2_1)
    Layer: met2
      Partial area ratio:  115.39
      Required ratio:    0.00 (Gate area) 
      Partial area ratio:  577.55
      Required ratio: 2956.40 (Side area) 
      Cumulative area ratio:  116.06
      Required ratio:    0.00 (Cumulative area) 
      Cumulative area ratio:  581.66
      Required ratio:    0.00 (Cumulative side area) 

    Layer: met1
      Partial area ratio:    0.67
      Required ratio:    0.00 (Gate area) 
      Partial area ratio:    4.11
      Required ratio:  400.00 (Side area) 
      Cumulative area ratio:    0.67
      Required ratio:    0.00 (Cumulative area) 
      Cumulative area ratio:    4.11
      Required ratio:    0.00 (Cumulative side area) 

    Layer: li1
      Partial area ratio:    0.00
      Required ratio:    0.00 (Gate area) 
      Partial area ratio:    0.00
      Required ratio:   75.00 (Side area) 
      Cumulative area ratio:    0.00
      Required ratio:    0.00 (Cumulative area) 
      Cumulative area ratio:    0.00
      Required ratio:    0.00 (Cumulative side area) 

    Via: M1M2_PR
      Partial area ratio:    0.18
      Required ratio:    6.00 (Gate area) 
      Cumulative area ratio:    0.41
      Required ratio:    0.00 (Cumulative area) 

    Via: L1M1_PR
      Partial area ratio:    0.23
      Required ratio:    3.00 (Gate area) 
      Cumulative area ratio:    0.23
      Required ratio:    0.00 (Cumulative area) 

  Pin: output16/A (sky130_fd_sc_hd__clkbuf_4)
    Layer: met2
      Partial area ratio:  115.39
      Required ratio:    0.00 (Gate area) 
      Partial area ratio:  577.55
      Required ratio: 2956.40 (Side area) 
      Cumulative area ratio:  455.02
      Required ratio:    0.00 (Cumulative area) 
      Cumulative area ratio: 2276.15
      Required ratio:    0.00 (Cumulative side area) 

    Layer: met1
      Partial area ratio:  339.63
      Required ratio:    0.00 (Gate area) 
      Partial area ratio: 1698.60
      Required ratio:  400.00 (Side area) (VIOLATED)
      Cumulative area ratio:  339.63
      Required ratio:    0.00 (Cumulative area) 
      Cumulative area ratio: 1698.60
      Required ratio:    0.00 (Cumulative side area) 

    Layer: li1
      Partial area ratio:    0.00
      Required ratio:    0.00 (Gate area) 
      Partial area ratio:    0.00
      Required ratio:   75.00 (Side area) 
      Cumulative area ratio:    0.00
      Required ratio:    0.00 (Cumulative area) 
      Cumulative area ratio:    0.00
      Required ratio:    0.00 (Cumulative side area) 

    Via: M1M2_PR
      Partial area ratio:    0.11
      Required ratio:    6.00 (Gate area) 
      Cumulative area ratio:    0.24
      Required ratio:    0.00 (Cumulative area) 

    Via: L1M1_PR
      Partial area ratio:    0.14
      Required ratio:    3.00 (Gate area) 
      Cumulative area ratio:    0.14
      Required ratio:    0.00 (Cumulative area) 


Net: net22
  Pin: output22/A (sky130_fd_sc_hd__clkbuf_4)
    Layer: met2
      Partial area ratio:  105.43
      Required ratio:    0.00 (Gate area) 
      Partial area ratio:  527.71
      Required ratio: 2956.40 (Side area) 
      Cumulative area ratio:  388.51
      Required ratio:    0.00 (Cumulative area) 
      Cumulative area ratio: 1943.61
      Required ratio:    0.00 (Cumulative side area) 

    Layer: met1
      Partial area ratio:  283.09
      Required ratio:    0.00 (Gate area) 
      Partial area ratio: 1415.91
      Required ratio:  400.00 (Side area) (VIOLATED)
      Cumulative area ratio:  283.09
      Required ratio:    0.00 (Cumulative area) 
      Cumulative area ratio: 1415.91
      Required ratio:    0.00 (Cumulative side area) 

    Layer: li1
      Partial area ratio:    0.00
      Required ratio:    0.00 (Gate area) 
      Partial area ratio:    0.00
      Required ratio:   75.00 (Side area) 
      Cumulative area ratio:    0.00
      Required ratio:    0.00 (Cumulative area) 
      Cumulative area ratio:    0.00
      Required ratio:    0.00 (Cumulative side area) 

    Via: M1M2_PR
      Partial area ratio:    0.11
      Required ratio:    6.00 (Gate area) 
      Cumulative area ratio:    0.24
      Required ratio:    0.00 (Cumulative area) 

    Via: L1M1_PR
      Partial area ratio:    0.14
      Required ratio:    3.00 (Gate area) 
      Cumulative area ratio:    0.14
      Required ratio:    0.00 (Cumulative area) 

  Pin: _0575_/A1 (sky130_fd_sc_hd__mux2_1)
    Layer: met1
      Partial area ratio:    1.20
      Required ratio:    0.00 (Gate area) 
      Partial area ratio:    7.56
      Required ratio:  400.00 (Side area) 
      Cumulative area ratio:    1.20
      Required ratio:    0.00 (Cumulative area) 
      Cumulative area ratio:    7.56
      Required ratio:    0.00 (Cumulative side area) 

    Layer: li1
      Partial area ratio:    0.00
      Required ratio:    0.00 (Gate area) 
      Partial area ratio:    0.00
      Required ratio:   75.00 (Side area) 
      Cumulative area ratio:    0.00
      Required ratio:    0.00 (Cumulative area) 
      Cumulative area ratio:    0.00
      Required ratio:    0.00 (Cumulative side area) 

    Via: M1M2_PR
      Partial area ratio:    0.18
      Required ratio:    6.00 (Gate area) 
      Cumulative area ratio:    0.41
      Required ratio:    0.00 (Cumulative area) 

    Via: L1M1_PR
      Partial area ratio:    0.23
      Required ratio:    3.00 (Gate area) 
      Cumulative area ratio:    0.23
      Required ratio:    0.00 (Cumulative area) 


Net: net23
  Pin: _0584_/A1 (sky130_fd_sc_hd__mux2_1)
    Layer: met2
      Partial area ratio:  173.53
      Required ratio:    0.00 (Gate area) 
      Partial area ratio:  868.21
      Required ratio: 2956.40 (Side area) 
      Cumulative area ratio:  574.55
      Required ratio:    0.00 (Cumulative area) 
      Cumulative area ratio: 2874.87
      Required ratio:    0.00 (Cumulative side area) 

    Layer: met1
      Partial area ratio:  401.02
      Required ratio:    0.00 (Gate area) 
      Partial area ratio: 2006.67
      Required ratio:  400.00 (Side area) (VIOLATED)
      Cumulative area ratio:  401.02
      Required ratio:    0.00 (Cumulative area) 
      Cumulative area ratio: 2006.67
      Required ratio:    0.00 (Cumulative side area) 

    Layer: li1
      Partial area ratio:    0.00
      Required ratio:    0.00 (Gate area) 
      Partial area ratio:    0.00
      Required ratio:   75.00 (Side area) 
      Cumulative area ratio:    0.00
      Required ratio:    0.00 (Cumulative area) 
      Cumulative area ratio:    0.00
      Required ratio:    0.00 (Cumulative side area) 

    Via: M1M2_PR
      Partial area ratio:    0.36
      Required ratio:    6.00 (Gate area) 
      Cumulative area ratio:    0.59
      Required ratio:    0.00 (Cumulative area) 

    Via: L1M1_PR
      Partial area ratio:    0.23
      Required ratio:    3.00 (Gate area) 
      Cumulative area ratio:    0.23
      Required ratio:    0.00 (Cumulative area) 

  Pin: output23/A (sky130_fd_sc_hd__clkbuf_4)
    Layer: met2
      Partial area ratio:  173.53
      Required ratio:    0.00 (Gate area) 
      Partial area ratio:  868.21
      Required ratio: 2956.40 (Side area) 
      Cumulative area ratio:  574.55
      Required ratio:    0.00 (Cumulative area) 
      Cumulative area ratio: 2874.87
      Required ratio:    0.00 (Cumulative side area) 

    Layer: met1
      Partial area ratio:    0.00
      Required ratio:    0.00 (Gate area) 
      Partial area ratio:    0.00
      Required ratio:  400.00 (Side area) 
      Cumulative area ratio:    0.00
      Required ratio:    0.00 (Cumulative area) 
      Cumulative area ratio:    0.00
      Required ratio:    0.00 (Cumulative side area) 

    Layer: li1
      Partial area ratio:    0.00
      Required ratio:    0.00 (Gate area) 
      Partial area ratio:    0.00
      Required ratio:   75.00 (Side area) 
      Cumulative area ratio:    0.00
      Required ratio:    0.00 (Cumulative area) 
      Cumulative area ratio:    0.00
      Required ratio:    0.00 (Cumulative side area) 

    Via: M1M2_PR
      Partial area ratio:    0.11
      Required ratio:    6.00 (Gate area) 
      Cumulative area ratio:    0.24
      Required ratio:    0.00 (Cumulative area) 

    Via: L1M1_PR
      Partial area ratio:    0.14
      Required ratio:    3.00 (Gate area) 
      Cumulative area ratio:    0.14
      Required ratio:    0.00 (Cumulative area) 


[INFO ANT-0002] Found 9 net violations.
[INFO ANT-0001] Found 11 pin violations.
