
===========================================================================
report_checks -path_delay min (Hold)
============================================================================
======================= Typical Corner ===================================

Startpoint: _1043_ (rising edge-triggered flip-flop clocked by w_clk)
Endpoint: _1048_ (rising edge-triggered flip-flop clocked by w_clk)
Path Group: w_clk
Path Type: min

Fanout     Cap    Slew   Delay    Time   Description
-----------------------------------------------------------------------------
                          0.00    0.00   clock w_clk (rise edge)
                          0.00    0.00   clock source latency
                  0.27    0.18    0.18 ^ w_clk (in)
     1    0.06                           w_clk (net)
                  0.27    0.00    0.18 ^ clkbuf_0_w_clk/A (sky130_fd_sc_hd__clkbuf_16)
                  0.11    0.24    0.42 ^ clkbuf_0_w_clk/X (sky130_fd_sc_hd__clkbuf_16)
    16    0.09                           clknet_0_w_clk (net)
                  0.11    0.00    0.42 ^ clkbuf_4_2_0_w_clk/A (sky130_fd_sc_hd__clkbuf_8)
                  0.07    0.16    0.58 ^ clkbuf_4_2_0_w_clk/X (sky130_fd_sc_hd__clkbuf_8)
    11    0.03                           clknet_4_2_0_w_clk (net)
                  0.07    0.00    0.58 ^ _1043_/CLK (sky130_fd_sc_hd__dfrtp_1)
                  0.05    0.31    0.88 ^ _1043_/Q (sky130_fd_sc_hd__dfrtp_1)
     1    0.00                           r_ptr_g_sync1[2] (net)
                  0.05    0.00    0.88 ^ _1048_/D (sky130_fd_sc_hd__dfrtp_1)
                                  0.88   data arrival time

                          0.00    0.00   clock w_clk (rise edge)
                          0.00    0.00   clock source latency
                  0.27    0.19    0.19 ^ w_clk (in)
     1    0.06                           w_clk (net)
                  0.27    0.00    0.19 ^ clkbuf_0_w_clk/A (sky130_fd_sc_hd__clkbuf_16)
                  0.11    0.27    0.46 ^ clkbuf_0_w_clk/X (sky130_fd_sc_hd__clkbuf_16)
    16    0.09                           clknet_0_w_clk (net)
                  0.11    0.00    0.46 ^ clkbuf_4_0_0_w_clk/A (sky130_fd_sc_hd__clkbuf_8)
                  0.06    0.17    0.63 ^ clkbuf_4_0_0_w_clk/X (sky130_fd_sc_hd__clkbuf_8)
     8    0.02                           clknet_4_0_0_w_clk (net)
                  0.06    0.00    0.63 ^ _1048_/CLK (sky130_fd_sc_hd__dfrtp_1)
                          0.25    0.88   clock uncertainty
                         -0.04    0.84   clock reconvergence pessimism
                         -0.03    0.80   library hold time
                                  0.80   data required time
-----------------------------------------------------------------------------
                                  0.80   data required time
                                 -0.88   data arrival time
-----------------------------------------------------------------------------
                                  0.08   slack (MET)


Startpoint: _1044_ (rising edge-triggered flip-flop clocked by w_clk)
Endpoint: _1049_ (rising edge-triggered flip-flop clocked by w_clk)
Path Group: w_clk
Path Type: min

Fanout     Cap    Slew   Delay    Time   Description
-----------------------------------------------------------------------------
                          0.00    0.00   clock w_clk (rise edge)
                          0.00    0.00   clock source latency
                  0.27    0.18    0.18 ^ w_clk (in)
     1    0.06                           w_clk (net)
                  0.27    0.00    0.18 ^ clkbuf_0_w_clk/A (sky130_fd_sc_hd__clkbuf_16)
                  0.11    0.24    0.42 ^ clkbuf_0_w_clk/X (sky130_fd_sc_hd__clkbuf_16)
    16    0.09                           clknet_0_w_clk (net)
                  0.11    0.00    0.42 ^ clkbuf_4_0_0_w_clk/A (sky130_fd_sc_hd__clkbuf_8)
                  0.06    0.15    0.57 ^ clkbuf_4_0_0_w_clk/X (sky130_fd_sc_hd__clkbuf_8)
     8    0.02                           clknet_4_0_0_w_clk (net)
                  0.06    0.00    0.57 ^ _1044_/CLK (sky130_fd_sc_hd__dfrtp_1)
                  0.04    0.30    0.87 ^ _1044_/Q (sky130_fd_sc_hd__dfrtp_1)
     1    0.00                           r_ptr_g_sync1[3] (net)
                  0.04    0.00    0.87 ^ _1049_/D (sky130_fd_sc_hd__dfrtp_1)
                                  0.87   data arrival time

                          0.00    0.00   clock w_clk (rise edge)
                          0.00    0.00   clock source latency
                  0.27    0.19    0.19 ^ w_clk (in)
     1    0.06                           w_clk (net)
                  0.27    0.00    0.19 ^ clkbuf_0_w_clk/A (sky130_fd_sc_hd__clkbuf_16)
                  0.11    0.27    0.46 ^ clkbuf_0_w_clk/X (sky130_fd_sc_hd__clkbuf_16)
    16    0.09                           clknet_0_w_clk (net)
                  0.11    0.00    0.46 ^ clkbuf_4_0_0_w_clk/A (sky130_fd_sc_hd__clkbuf_8)
                  0.06    0.17    0.63 ^ clkbuf_4_0_0_w_clk/X (sky130_fd_sc_hd__clkbuf_8)
     8    0.02                           clknet_4_0_0_w_clk (net)
                  0.06    0.00    0.63 ^ _1049_/CLK (sky130_fd_sc_hd__dfrtp_1)
                          0.25    0.88   clock uncertainty
                         -0.06    0.82   clock reconvergence pessimism
                         -0.03    0.79   library hold time
                                  0.79   data required time
-----------------------------------------------------------------------------
                                  0.79   data required time
                                 -0.87   data arrival time
-----------------------------------------------------------------------------
                                  0.08   slack (MET)


Startpoint: _1045_ (rising edge-triggered flip-flop clocked by w_clk)
Endpoint: _1050_ (rising edge-triggered flip-flop clocked by w_clk)
Path Group: w_clk
Path Type: min

Fanout     Cap    Slew   Delay    Time   Description
-----------------------------------------------------------------------------
                          0.00    0.00   clock w_clk (rise edge)
                          0.00    0.00   clock source latency
                  0.27    0.18    0.18 ^ w_clk (in)
     1    0.06                           w_clk (net)
                  0.27    0.00    0.18 ^ clkbuf_0_w_clk/A (sky130_fd_sc_hd__clkbuf_16)
                  0.11    0.24    0.42 ^ clkbuf_0_w_clk/X (sky130_fd_sc_hd__clkbuf_16)
    16    0.09                           clknet_0_w_clk (net)
                  0.11    0.00    0.42 ^ clkbuf_4_0_0_w_clk/A (sky130_fd_sc_hd__clkbuf_8)
                  0.06    0.15    0.57 ^ clkbuf_4_0_0_w_clk/X (sky130_fd_sc_hd__clkbuf_8)
     8    0.02                           clknet_4_0_0_w_clk (net)
                  0.06    0.00    0.57 ^ _1045_/CLK (sky130_fd_sc_hd__dfrtp_1)
                  0.04    0.30    0.87 ^ _1045_/Q (sky130_fd_sc_hd__dfrtp_1)
     1    0.00                           r_ptr_g_sync1[4] (net)
                  0.04    0.00    0.87 ^ _1050_/D (sky130_fd_sc_hd__dfrtp_1)
                                  0.87   data arrival time

                          0.00    0.00   clock w_clk (rise edge)
                          0.00    0.00   clock source latency
                  0.27    0.19    0.19 ^ w_clk (in)
     1    0.06                           w_clk (net)
                  0.27    0.00    0.19 ^ clkbuf_0_w_clk/A (sky130_fd_sc_hd__clkbuf_16)
                  0.11    0.27    0.46 ^ clkbuf_0_w_clk/X (sky130_fd_sc_hd__clkbuf_16)
    16    0.09                           clknet_0_w_clk (net)
                  0.11    0.00    0.46 ^ clkbuf_4_0_0_w_clk/A (sky130_fd_sc_hd__clkbuf_8)
                  0.06    0.17    0.63 ^ clkbuf_4_0_0_w_clk/X (sky130_fd_sc_hd__clkbuf_8)
     8    0.02                           clknet_4_0_0_w_clk (net)
                  0.06    0.00    0.63 ^ _1050_/CLK (sky130_fd_sc_hd__dfrtp_1)
                          0.25    0.88   clock uncertainty
                         -0.06    0.82   clock reconvergence pessimism
                         -0.03    0.79   library hold time
                                  0.79   data required time
-----------------------------------------------------------------------------
                                  0.79   data required time
                                 -0.87   data arrival time
-----------------------------------------------------------------------------
                                  0.08   slack (MET)


Startpoint: _1041_ (rising edge-triggered flip-flop clocked by w_clk)
Endpoint: _1046_ (rising edge-triggered flip-flop clocked by w_clk)
Path Group: w_clk
Path Type: min

Fanout     Cap    Slew   Delay    Time   Description
-----------------------------------------------------------------------------
                          0.00    0.00   clock w_clk (rise edge)
                          0.00    0.00   clock source latency
                  0.27    0.18    0.18 ^ w_clk (in)
     1    0.06                           w_clk (net)
                  0.27    0.00    0.18 ^ clkbuf_0_w_clk/A (sky130_fd_sc_hd__clkbuf_16)
                  0.11    0.24    0.42 ^ clkbuf_0_w_clk/X (sky130_fd_sc_hd__clkbuf_16)
    16    0.09                           clknet_0_w_clk (net)
                  0.11    0.00    0.42 ^ clkbuf_4_1_0_w_clk/A (sky130_fd_sc_hd__clkbuf_8)
                  0.07    0.16    0.58 ^ clkbuf_4_1_0_w_clk/X (sky130_fd_sc_hd__clkbuf_8)
    10    0.03                           clknet_4_1_0_w_clk (net)
                  0.07    0.00    0.58 ^ _1041_/CLK (sky130_fd_sc_hd__dfrtp_1)
                  0.04    0.30    0.88 ^ _1041_/Q (sky130_fd_sc_hd__dfrtp_1)
     1    0.00                           r_ptr_g_sync1[0] (net)
                  0.04    0.00    0.88 ^ _1046_/D (sky130_fd_sc_hd__dfrtp_1)
                                  0.88   data arrival time

                          0.00    0.00   clock w_clk (rise edge)
                          0.00    0.00   clock source latency
                  0.27    0.19    0.19 ^ w_clk (in)
     1    0.06                           w_clk (net)
                  0.27    0.00    0.19 ^ clkbuf_0_w_clk/A (sky130_fd_sc_hd__clkbuf_16)
                  0.11    0.27    0.46 ^ clkbuf_0_w_clk/X (sky130_fd_sc_hd__clkbuf_16)
    16    0.09                           clknet_0_w_clk (net)
                  0.11    0.00    0.46 ^ clkbuf_4_1_0_w_clk/A (sky130_fd_sc_hd__clkbuf_8)
                  0.07    0.18    0.64 ^ clkbuf_4_1_0_w_clk/X (sky130_fd_sc_hd__clkbuf_8)
    10    0.03                           clknet_4_1_0_w_clk (net)
                  0.07    0.00    0.64 ^ _1046_/CLK (sky130_fd_sc_hd__dfrtp_1)
                          0.25    0.89   clock uncertainty
                         -0.06    0.83   clock reconvergence pessimism
                         -0.03    0.80   library hold time
                                  0.80   data required time
-----------------------------------------------------------------------------
                                  0.80   data required time
                                 -0.88   data arrival time
-----------------------------------------------------------------------------
                                  0.09   slack (MET)


Startpoint: _1042_ (rising edge-triggered flip-flop clocked by w_clk)
Endpoint: _1047_ (rising edge-triggered flip-flop clocked by w_clk)
Path Group: w_clk
Path Type: min

Fanout     Cap    Slew   Delay    Time   Description
-----------------------------------------------------------------------------
                          0.00    0.00   clock w_clk (rise edge)
                          0.00    0.00   clock source latency
                  0.27    0.18    0.18 ^ w_clk (in)
     1    0.06                           w_clk (net)
                  0.27    0.00    0.18 ^ clkbuf_0_w_clk/A (sky130_fd_sc_hd__clkbuf_16)
                  0.11    0.24    0.42 ^ clkbuf_0_w_clk/X (sky130_fd_sc_hd__clkbuf_16)
    16    0.09                           clknet_0_w_clk (net)
                  0.11    0.00    0.42 ^ clkbuf_4_1_0_w_clk/A (sky130_fd_sc_hd__clkbuf_8)
                  0.07    0.16    0.58 ^ clkbuf_4_1_0_w_clk/X (sky130_fd_sc_hd__clkbuf_8)
    10    0.03                           clknet_4_1_0_w_clk (net)
                  0.07    0.00    0.58 ^ _1042_/CLK (sky130_fd_sc_hd__dfrtp_1)
                  0.05    0.31    0.88 ^ _1042_/Q (sky130_fd_sc_hd__dfrtp_1)
     1    0.00                           r_ptr_g_sync1[1] (net)
                  0.05    0.00    0.88 ^ _1047_/D (sky130_fd_sc_hd__dfrtp_1)
                                  0.88   data arrival time

                          0.00    0.00   clock w_clk (rise edge)
                          0.00    0.00   clock source latency
                  0.27    0.19    0.19 ^ w_clk (in)
     1    0.06                           w_clk (net)
                  0.27    0.00    0.19 ^ clkbuf_0_w_clk/A (sky130_fd_sc_hd__clkbuf_16)
                  0.11    0.27    0.46 ^ clkbuf_0_w_clk/X (sky130_fd_sc_hd__clkbuf_16)
    16    0.09                           clknet_0_w_clk (net)
                  0.11    0.00    0.46 ^ clkbuf_4_1_0_w_clk/A (sky130_fd_sc_hd__clkbuf_8)
                  0.07    0.18    0.64 ^ clkbuf_4_1_0_w_clk/X (sky130_fd_sc_hd__clkbuf_8)
    10    0.03                           clknet_4_1_0_w_clk (net)
                  0.07    0.00    0.64 ^ _1047_/CLK (sky130_fd_sc_hd__dfrtp_1)
                          0.25    0.89   clock uncertainty
                         -0.06    0.83   clock reconvergence pessimism
                         -0.03    0.79   library hold time
                                  0.79   data required time
-----------------------------------------------------------------------------
                                  0.79   data required time
                                 -0.88   data arrival time
-----------------------------------------------------------------------------
                                  0.09   slack (MET)


Startpoint: _1020_ (rising edge-triggered flip-flop clocked by w_clk)
Endpoint: _1020_ (rising edge-triggered flip-flop clocked by w_clk)
Path Group: w_clk
Path Type: min

Fanout     Cap    Slew   Delay    Time   Description
-----------------------------------------------------------------------------
                          0.00    0.00   clock w_clk (rise edge)
                          0.00    0.00   clock source latency
                  0.27    0.18    0.18 ^ w_clk (in)
     1    0.06                           w_clk (net)
                  0.27    0.00    0.18 ^ clkbuf_0_w_clk/A (sky130_fd_sc_hd__clkbuf_16)
                  0.11    0.24    0.42 ^ clkbuf_0_w_clk/X (sky130_fd_sc_hd__clkbuf_16)
    16    0.09                           clknet_0_w_clk (net)
                  0.11    0.00    0.42 ^ clkbuf_4_0_0_w_clk/A (sky130_fd_sc_hd__clkbuf_8)
                  0.06    0.15    0.57 ^ clkbuf_4_0_0_w_clk/X (sky130_fd_sc_hd__clkbuf_8)
     8    0.02                           clknet_4_0_0_w_clk (net)
                  0.06    0.00    0.57 ^ _1020_/CLK (sky130_fd_sc_hd__dfrtp_1)
                  0.07    0.33    0.90 ^ _1020_/Q (sky130_fd_sc_hd__dfrtp_1)
     2    0.01                           w_ptr_g[2] (net)
                  0.07    0.00    0.90 ^ _0812_/A1 (sky130_fd_sc_hd__o21ba_1)
                  0.04    0.12    1.02 ^ _0812_/X (sky130_fd_sc_hd__o21ba_1)
     1    0.00                           _0114_ (net)
                  0.04    0.00    1.02 ^ _1020_/D (sky130_fd_sc_hd__dfrtp_1)
                                  1.02   data arrival time

                          0.00    0.00   clock w_clk (rise edge)
                          0.00    0.00   clock source latency
                  0.27    0.19    0.19 ^ w_clk (in)
     1    0.06                           w_clk (net)
                  0.27    0.00    0.19 ^ clkbuf_0_w_clk/A (sky130_fd_sc_hd__clkbuf_16)
                  0.11    0.27    0.46 ^ clkbuf_0_w_clk/X (sky130_fd_sc_hd__clkbuf_16)
    16    0.09                           clknet_0_w_clk (net)
                  0.11    0.00    0.46 ^ clkbuf_4_0_0_w_clk/A (sky130_fd_sc_hd__clkbuf_8)
                  0.06    0.17    0.63 ^ clkbuf_4_0_0_w_clk/X (sky130_fd_sc_hd__clkbuf_8)
     8    0.02                           clknet_4_0_0_w_clk (net)
                  0.06    0.00    0.63 ^ _1020_/CLK (sky130_fd_sc_hd__dfrtp_1)
                          0.25    0.88   clock uncertainty
                         -0.06    0.82   clock reconvergence pessimism
                         -0.03    0.79   library hold time
                                  0.79   data required time
-----------------------------------------------------------------------------
                                  0.79   data required time
                                 -1.02   data arrival time
-----------------------------------------------------------------------------
                                  0.23   slack (MET)


Startpoint: _1078_ (rising edge-triggered flip-flop clocked by w_clk)
Endpoint: _1078_ (rising edge-triggered flip-flop clocked by w_clk)
Path Group: w_clk
Path Type: min

Fanout     Cap    Slew   Delay    Time   Description
-----------------------------------------------------------------------------
                          0.00    0.00   clock w_clk (rise edge)
                          0.00    0.00   clock source latency
                  0.27    0.18    0.18 ^ w_clk (in)
     1    0.06                           w_clk (net)
                  0.27    0.00    0.18 ^ clkbuf_0_w_clk/A (sky130_fd_sc_hd__clkbuf_16)
                  0.11    0.24    0.42 ^ clkbuf_0_w_clk/X (sky130_fd_sc_hd__clkbuf_16)
    16    0.09                           clknet_0_w_clk (net)
                  0.11    0.00    0.42 ^ clkbuf_4_5_0_w_clk/A (sky130_fd_sc_hd__clkbuf_8)
                  0.06    0.15    0.57 ^ clkbuf_4_5_0_w_clk/X (sky130_fd_sc_hd__clkbuf_8)
     8    0.02                           clknet_4_5_0_w_clk (net)
                  0.06    0.00    0.57 ^ _1078_/CLK (sky130_fd_sc_hd__dfxtp_1)
                  0.05    0.29    0.86 ^ _1078_/Q (sky130_fd_sc_hd__dfxtp_1)
     2    0.00                           mem[9][6] (net)
                  0.05    0.00    0.86 ^ _0902_/A0 (sky130_fd_sc_hd__mux2_1)
                  0.04    0.11    0.97 ^ _0902_/X (sky130_fd_sc_hd__mux2_1)
     1    0.00                           _0450_ (net)
                  0.04    0.00    0.97 ^ _0903_/A (sky130_fd_sc_hd__clkbuf_1)
                  0.04    0.07    1.04 ^ _0903_/X (sky130_fd_sc_hd__clkbuf_1)
     1    0.00                           _0152_ (net)
                  0.04    0.00    1.04 ^ _1078_/D (sky130_fd_sc_hd__dfxtp_1)
                                  1.04   data arrival time

                          0.00    0.00   clock w_clk (rise edge)
                          0.00    0.00   clock source latency
                  0.27    0.19    0.19 ^ w_clk (in)
     1    0.06                           w_clk (net)
                  0.27    0.00    0.19 ^ clkbuf_0_w_clk/A (sky130_fd_sc_hd__clkbuf_16)
                  0.11    0.27    0.46 ^ clkbuf_0_w_clk/X (sky130_fd_sc_hd__clkbuf_16)
    16    0.09                           clknet_0_w_clk (net)
                  0.11    0.00    0.46 ^ clkbuf_4_5_0_w_clk/A (sky130_fd_sc_hd__clkbuf_8)
                  0.06    0.17    0.63 ^ clkbuf_4_5_0_w_clk/X (sky130_fd_sc_hd__clkbuf_8)
     8    0.02                           clknet_4_5_0_w_clk (net)
                  0.06    0.00    0.63 ^ _1078_/CLK (sky130_fd_sc_hd__dfxtp_1)
                          0.25    0.88   clock uncertainty
                         -0.06    0.82   clock reconvergence pessimism
                         -0.03    0.79   library hold time
                                  0.79   data required time
-----------------------------------------------------------------------------
                                  0.79   data required time
                                 -1.04   data arrival time
-----------------------------------------------------------------------------
                                  0.25   slack (MET)


Startpoint: _0932_ (rising edge-triggered flip-flop clocked by w_clk)
Endpoint: _0932_ (rising edge-triggered flip-flop clocked by w_clk)
Path Group: w_clk
Path Type: min

Fanout     Cap    Slew   Delay    Time   Description
-----------------------------------------------------------------------------
                          0.00    0.00   clock w_clk (rise edge)
                          0.00    0.00   clock source latency
                  0.27    0.18    0.18 ^ w_clk (in)
     1    0.06                           w_clk (net)
                  0.27    0.00    0.18 ^ clkbuf_0_w_clk/A (sky130_fd_sc_hd__clkbuf_16)
                  0.11    0.24    0.42 ^ clkbuf_0_w_clk/X (sky130_fd_sc_hd__clkbuf_16)
    16    0.09                           clknet_0_w_clk (net)
                  0.11    0.00    0.42 ^ clkbuf_4_9_0_w_clk/A (sky130_fd_sc_hd__clkbuf_8)
                  0.05    0.14    0.56 ^ clkbuf_4_9_0_w_clk/X (sky130_fd_sc_hd__clkbuf_8)
     6    0.02                           clknet_4_9_0_w_clk (net)
                  0.05    0.00    0.56 ^ _0932_/CLK (sky130_fd_sc_hd__dfxtp_1)
                  0.05    0.29    0.85 ^ _0932_/Q (sky130_fd_sc_hd__dfxtp_1)
     2    0.00                           mem[1][2] (net)
                  0.05    0.00    0.85 ^ _0611_/A0 (sky130_fd_sc_hd__mux2_1)
                  0.04    0.11    0.96 ^ _0611_/X (sky130_fd_sc_hd__mux2_1)
     1    0.00                           _0285_ (net)
                  0.04    0.00    0.96 ^ _0612_/A (sky130_fd_sc_hd__clkbuf_1)
                  0.04    0.07    1.03 ^ _0612_/X (sky130_fd_sc_hd__clkbuf_1)
     1    0.00                           _0026_ (net)
                  0.04    0.00    1.03 ^ _0932_/D (sky130_fd_sc_hd__dfxtp_1)
                                  1.03   data arrival time

                          0.00    0.00   clock w_clk (rise edge)
                          0.00    0.00   clock source latency
                  0.27    0.19    0.19 ^ w_clk (in)
     1    0.06                           w_clk (net)
                  0.27    0.00    0.19 ^ clkbuf_0_w_clk/A (sky130_fd_sc_hd__clkbuf_16)
                  0.11    0.27    0.46 ^ clkbuf_0_w_clk/X (sky130_fd_sc_hd__clkbuf_16)
    16    0.09                           clknet_0_w_clk (net)
                  0.11    0.00    0.46 ^ clkbuf_4_9_0_w_clk/A (sky130_fd_sc_hd__clkbuf_8)
                  0.05    0.16    0.62 ^ clkbuf_4_9_0_w_clk/X (sky130_fd_sc_hd__clkbuf_8)
     6    0.02                           clknet_4_9_0_w_clk (net)
                  0.05    0.00    0.62 ^ _0932_/CLK (sky130_fd_sc_hd__dfxtp_1)
                          0.25    0.87   clock uncertainty
                         -0.06    0.81   clock reconvergence pessimism
                         -0.03    0.78   library hold time
                                  0.78   data required time
-----------------------------------------------------------------------------
                                  0.78   data required time
                                 -1.03   data arrival time
-----------------------------------------------------------------------------
                                  0.25   slack (MET)


Startpoint: _0936_ (rising edge-triggered flip-flop clocked by w_clk)
Endpoint: _0936_ (rising edge-triggered flip-flop clocked by w_clk)
Path Group: w_clk
Path Type: min

Fanout     Cap    Slew   Delay    Time   Description
-----------------------------------------------------------------------------
                          0.00    0.00   clock w_clk (rise edge)
                          0.00    0.00   clock source latency
                  0.27    0.18    0.18 ^ w_clk (in)
     1    0.06                           w_clk (net)
                  0.27    0.00    0.18 ^ clkbuf_0_w_clk/A (sky130_fd_sc_hd__clkbuf_16)
                  0.11    0.24    0.42 ^ clkbuf_0_w_clk/X (sky130_fd_sc_hd__clkbuf_16)
    16    0.09                           clknet_0_w_clk (net)
                  0.11    0.00    0.42 ^ clkbuf_4_6_0_w_clk/A (sky130_fd_sc_hd__clkbuf_8)
                  0.05    0.15    0.56 ^ clkbuf_4_6_0_w_clk/X (sky130_fd_sc_hd__clkbuf_8)
     7    0.02                           clknet_4_6_0_w_clk (net)
                  0.05    0.00    0.56 ^ _0936_/CLK (sky130_fd_sc_hd__dfxtp_1)
                  0.05    0.29    0.86 ^ _0936_/Q (sky130_fd_sc_hd__dfxtp_1)
     2    0.00                           mem[1][6] (net)
                  0.05    0.00    0.86 ^ _0619_/A0 (sky130_fd_sc_hd__mux2_1)
                  0.04    0.11    0.97 ^ _0619_/X (sky130_fd_sc_hd__mux2_1)
     1    0.00                           _0289_ (net)
                  0.04    0.00    0.97 ^ _0620_/A (sky130_fd_sc_hd__clkbuf_1)
                  0.04    0.07    1.03 ^ _0620_/X (sky130_fd_sc_hd__clkbuf_1)
     1    0.00                           _0030_ (net)
                  0.04    0.00    1.03 ^ _0936_/D (sky130_fd_sc_hd__dfxtp_1)
                                  1.03   data arrival time

                          0.00    0.00   clock w_clk (rise edge)
                          0.00    0.00   clock source latency
                  0.27    0.19    0.19 ^ w_clk (in)
     1    0.06                           w_clk (net)
                  0.27    0.00    0.19 ^ clkbuf_0_w_clk/A (sky130_fd_sc_hd__clkbuf_16)
                  0.11    0.27    0.46 ^ clkbuf_0_w_clk/X (sky130_fd_sc_hd__clkbuf_16)
    16    0.09                           clknet_0_w_clk (net)
                  0.11    0.00    0.46 ^ clkbuf_4_6_0_w_clk/A (sky130_fd_sc_hd__clkbuf_8)
                  0.05    0.16    0.62 ^ clkbuf_4_6_0_w_clk/X (sky130_fd_sc_hd__clkbuf_8)
     7    0.02                           clknet_4_6_0_w_clk (net)
                  0.05    0.00    0.62 ^ _0936_/CLK (sky130_fd_sc_hd__dfxtp_1)
                          0.25    0.87   clock uncertainty
                         -0.06    0.81   clock reconvergence pessimism
                         -0.03    0.78   library hold time
                                  0.78   data required time
-----------------------------------------------------------------------------
                                  0.78   data required time
                                 -1.03   data arrival time
-----------------------------------------------------------------------------
                                  0.25   slack (MET)


Startpoint: _0972_ (rising edge-triggered flip-flop clocked by w_clk)
Endpoint: _0972_ (rising edge-triggered flip-flop clocked by w_clk)
Path Group: w_clk
Path Type: min

Fanout     Cap    Slew   Delay    Time   Description
-----------------------------------------------------------------------------
                          0.00    0.00   clock w_clk (rise edge)
                          0.00    0.00   clock source latency
                  0.27    0.18    0.18 ^ w_clk (in)
     1    0.06                           w_clk (net)
                  0.27    0.00    0.18 ^ clkbuf_0_w_clk/A (sky130_fd_sc_hd__clkbuf_16)
                  0.11    0.24    0.42 ^ clkbuf_0_w_clk/X (sky130_fd_sc_hd__clkbuf_16)
    16    0.09                           clknet_0_w_clk (net)
                  0.11    0.00    0.42 ^ clkbuf_4_9_0_w_clk/A (sky130_fd_sc_hd__clkbuf_8)
                  0.05    0.14    0.56 ^ clkbuf_4_9_0_w_clk/X (sky130_fd_sc_hd__clkbuf_8)
     6    0.02                           clknet_4_9_0_w_clk (net)
                  0.05    0.00    0.56 ^ _0972_/CLK (sky130_fd_sc_hd__dfxtp_1)
                  0.05    0.29    0.85 ^ _0972_/Q (sky130_fd_sc_hd__dfxtp_1)
     2    0.00                           mem[0][2] (net)
                  0.05    0.00    0.85 ^ _0704_/A0 (sky130_fd_sc_hd__mux2_1)
                  0.04    0.11    0.96 ^ _0704_/X (sky130_fd_sc_hd__mux2_1)
     1    0.00                           _0338_ (net)
                  0.04    0.00    0.96 ^ _0705_/A (sky130_fd_sc_hd__clkbuf_1)
                  0.04    0.07    1.03 ^ _0705_/X (sky130_fd_sc_hd__clkbuf_1)
     1    0.00                           _0066_ (net)
                  0.04    0.00    1.03 ^ _0972_/D (sky130_fd_sc_hd__dfxtp_1)
                                  1.03   data arrival time

                          0.00    0.00   clock w_clk (rise edge)
                          0.00    0.00   clock source latency
                  0.27    0.19    0.19 ^ w_clk (in)
     1    0.06                           w_clk (net)
                  0.27    0.00    0.19 ^ clkbuf_0_w_clk/A (sky130_fd_sc_hd__clkbuf_16)
                  0.11    0.27    0.46 ^ clkbuf_0_w_clk/X (sky130_fd_sc_hd__clkbuf_16)
    16    0.09                           clknet_0_w_clk (net)
                  0.11    0.00    0.46 ^ clkbuf_4_9_0_w_clk/A (sky130_fd_sc_hd__clkbuf_8)
                  0.05    0.16    0.62 ^ clkbuf_4_9_0_w_clk/X (sky130_fd_sc_hd__clkbuf_8)
     6    0.02                           clknet_4_9_0_w_clk (net)
                  0.05    0.00    0.62 ^ _0972_/CLK (sky130_fd_sc_hd__dfxtp_1)
                          0.25    0.87   clock uncertainty
                         -0.06    0.81   clock reconvergence pessimism
                         -0.03    0.78   library hold time
                                  0.78   data required time
-----------------------------------------------------------------------------
                                  0.78   data required time
                                 -1.03   data arrival time
-----------------------------------------------------------------------------
                                  0.25   slack (MET)


Startpoint: _0987_ (rising edge-triggered flip-flop clocked by w_clk)
Endpoint: _0987_ (rising edge-triggered flip-flop clocked by w_clk)
Path Group: w_clk
Path Type: min

Fanout     Cap    Slew   Delay    Time   Description
-----------------------------------------------------------------------------
                          0.00    0.00   clock w_clk (rise edge)
                          0.00    0.00   clock source latency
                  0.27    0.18    0.18 ^ w_clk (in)
     1    0.06                           w_clk (net)
                  0.27    0.00    0.18 ^ clkbuf_0_w_clk/A (sky130_fd_sc_hd__clkbuf_16)
                  0.11    0.24    0.42 ^ clkbuf_0_w_clk/X (sky130_fd_sc_hd__clkbuf_16)
    16    0.09                           clknet_0_w_clk (net)
                  0.11    0.00    0.42 ^ clkbuf_4_4_0_w_clk/A (sky130_fd_sc_hd__clkbuf_8)
                  0.05    0.14    0.56 ^ clkbuf_4_4_0_w_clk/X (sky130_fd_sc_hd__clkbuf_8)
     6    0.02                           clknet_4_4_0_w_clk (net)
                  0.05    0.00    0.56 ^ _0987_/CLK (sky130_fd_sc_hd__dfxtp_1)
                  0.05    0.29    0.85 ^ _0987_/Q (sky130_fd_sc_hd__dfxtp_1)
     2    0.00                           mem[8][1] (net)
                  0.05    0.00    0.85 ^ _0738_/A0 (sky130_fd_sc_hd__mux2_1)
                  0.04    0.11    0.96 ^ _0738_/X (sky130_fd_sc_hd__mux2_1)
     1    0.00                           _0357_ (net)
                  0.04    0.00    0.96 ^ _0739_/A (sky130_fd_sc_hd__clkbuf_1)
                  0.04    0.07    1.03 ^ _0739_/X (sky130_fd_sc_hd__clkbuf_1)
     1    0.00                           _0081_ (net)
                  0.04    0.00    1.03 ^ _0987_/D (sky130_fd_sc_hd__dfxtp_1)
                                  1.03   data arrival time

                          0.00    0.00   clock w_clk (rise edge)
                          0.00    0.00   clock source latency
                  0.27    0.19    0.19 ^ w_clk (in)
     1    0.06                           w_clk (net)
                  0.27    0.00    0.19 ^ clkbuf_0_w_clk/A (sky130_fd_sc_hd__clkbuf_16)
                  0.11    0.27    0.46 ^ clkbuf_0_w_clk/X (sky130_fd_sc_hd__clkbuf_16)
    16    0.09                           clknet_0_w_clk (net)
                  0.11    0.00    0.46 ^ clkbuf_4_4_0_w_clk/A (sky130_fd_sc_hd__clkbuf_8)
                  0.05    0.16    0.62 ^ clkbuf_4_4_0_w_clk/X (sky130_fd_sc_hd__clkbuf_8)
     6    0.02                           clknet_4_4_0_w_clk (net)
                  0.05    0.00    0.62 ^ _0987_/CLK (sky130_fd_sc_hd__dfxtp_1)
                          0.25    0.87   clock uncertainty
                         -0.06    0.81   clock reconvergence pessimism
                         -0.03    0.78   library hold time
                                  0.78   data required time
-----------------------------------------------------------------------------
                                  0.78   data required time
                                 -1.03   data arrival time
-----------------------------------------------------------------------------
                                  0.25   slack (MET)


Startpoint: _1004_ (rising edge-triggered flip-flop clocked by w_clk)
Endpoint: _1004_ (rising edge-triggered flip-flop clocked by w_clk)
Path Group: w_clk
Path Type: min

Fanout     Cap    Slew   Delay    Time   Description
-----------------------------------------------------------------------------
                          0.00    0.00   clock w_clk (rise edge)
                          0.00    0.00   clock source latency
                  0.27    0.18    0.18 ^ w_clk (in)
     1    0.06                           w_clk (net)
                  0.27    0.00    0.18 ^ clkbuf_0_w_clk/A (sky130_fd_sc_hd__clkbuf_16)
                  0.11    0.24    0.42 ^ clkbuf_0_w_clk/X (sky130_fd_sc_hd__clkbuf_16)
    16    0.09                           clknet_0_w_clk (net)
                  0.11    0.00    0.42 ^ clkbuf_4_9_0_w_clk/A (sky130_fd_sc_hd__clkbuf_8)
                  0.05    0.14    0.56 ^ clkbuf_4_9_0_w_clk/X (sky130_fd_sc_hd__clkbuf_8)
     6    0.02                           clknet_4_9_0_w_clk (net)
                  0.05    0.00    0.56 ^ _1004_/CLK (sky130_fd_sc_hd__dfxtp_1)
                  0.05    0.29    0.85 ^ _1004_/Q (sky130_fd_sc_hd__dfxtp_1)
     2    0.00                           mem[3][2] (net)
                  0.05    0.00    0.85 ^ _0775_/A0 (sky130_fd_sc_hd__mux2_1)
                  0.04    0.11    0.96 ^ _0775_/X (sky130_fd_sc_hd__mux2_1)
     1    0.00                           _0377_ (net)
                  0.04    0.00    0.96 ^ _0776_/A (sky130_fd_sc_hd__clkbuf_1)
                  0.04    0.07    1.03 ^ _0776_/X (sky130_fd_sc_hd__clkbuf_1)
     1    0.00                           _0098_ (net)
                  0.04    0.00    1.03 ^ _1004_/D (sky130_fd_sc_hd__dfxtp_1)
                                  1.03   data arrival time

                          0.00    0.00   clock w_clk (rise edge)
                          0.00    0.00   clock source latency
                  0.27    0.19    0.19 ^ w_clk (in)
     1    0.06                           w_clk (net)
                  0.27    0.00    0.19 ^ clkbuf_0_w_clk/A (sky130_fd_sc_hd__clkbuf_16)
                  0.11    0.27    0.46 ^ clkbuf_0_w_clk/X (sky130_fd_sc_hd__clkbuf_16)
    16    0.09                           clknet_0_w_clk (net)
                  0.11    0.00    0.46 ^ clkbuf_4_9_0_w_clk/A (sky130_fd_sc_hd__clkbuf_8)
                  0.05    0.16    0.62 ^ clkbuf_4_9_0_w_clk/X (sky130_fd_sc_hd__clkbuf_8)
     6    0.02                           clknet_4_9_0_w_clk (net)
                  0.05    0.00    0.62 ^ _1004_/CLK (sky130_fd_sc_hd__dfxtp_1)
                          0.25    0.87   clock uncertainty
                         -0.06    0.81   clock reconvergence pessimism
                         -0.03    0.78   library hold time
                                  0.78   data required time
-----------------------------------------------------------------------------
                                  0.78   data required time
                                 -1.03   data arrival time
-----------------------------------------------------------------------------
                                  0.25   slack (MET)


Startpoint: _0946_ (rising edge-triggered flip-flop clocked by w_clk)
Endpoint: _0946_ (rising edge-triggered flip-flop clocked by w_clk)
Path Group: w_clk
Path Type: min

Fanout     Cap    Slew   Delay    Time   Description
-----------------------------------------------------------------------------
                          0.00    0.00   clock w_clk (rise edge)
                          0.00    0.00   clock source latency
                  0.27    0.18    0.18 ^ w_clk (in)
     1    0.06                           w_clk (net)
                  0.27    0.00    0.18 ^ clkbuf_0_w_clk/A (sky130_fd_sc_hd__clkbuf_16)
                  0.11    0.24    0.42 ^ clkbuf_0_w_clk/X (sky130_fd_sc_hd__clkbuf_16)
    16    0.09                           clknet_0_w_clk (net)
                  0.11    0.00    0.42 ^ clkbuf_4_7_0_w_clk/A (sky130_fd_sc_hd__clkbuf_8)
                  0.05    0.15    0.57 ^ clkbuf_4_7_0_w_clk/X (sky130_fd_sc_hd__clkbuf_8)
     8    0.02                           clknet_4_7_0_w_clk (net)
                  0.05    0.00    0.57 ^ _0946_/CLK (sky130_fd_sc_hd__dfxtp_1)
                  0.05    0.29    0.86 ^ _0946_/Q (sky130_fd_sc_hd__dfxtp_1)
     2    0.00                           mem[12][0] (net)
                  0.05    0.00    0.86 ^ _0643_/A0 (sky130_fd_sc_hd__mux2_1)
                  0.04    0.11    0.97 ^ _0643_/X (sky130_fd_sc_hd__mux2_1)
     1    0.00                           _0303_ (net)
                  0.04    0.00    0.97 ^ _0644_/A (sky130_fd_sc_hd__clkbuf_1)
                  0.04    0.07    1.04 ^ _0644_/X (sky130_fd_sc_hd__clkbuf_1)
     1    0.00                           _0040_ (net)
                  0.04    0.00    1.04 ^ _0946_/D (sky130_fd_sc_hd__dfxtp_1)
                                  1.04   data arrival time

                          0.00    0.00   clock w_clk (rise edge)
                          0.00    0.00   clock source latency
                  0.27    0.19    0.19 ^ w_clk (in)
     1    0.06                           w_clk (net)
                  0.27    0.00    0.19 ^ clkbuf_0_w_clk/A (sky130_fd_sc_hd__clkbuf_16)
                  0.11    0.27    0.46 ^ clkbuf_0_w_clk/X (sky130_fd_sc_hd__clkbuf_16)
    16    0.09                           clknet_0_w_clk (net)
                  0.11    0.00    0.46 ^ clkbuf_4_7_0_w_clk/A (sky130_fd_sc_hd__clkbuf_8)
                  0.05    0.17    0.63 ^ clkbuf_4_7_0_w_clk/X (sky130_fd_sc_hd__clkbuf_8)
     8    0.02                           clknet_4_7_0_w_clk (net)
                  0.05    0.00    0.63 ^ _0946_/CLK (sky130_fd_sc_hd__dfxtp_1)
                          0.25    0.88   clock uncertainty
                         -0.06    0.82   clock reconvergence pessimism
                         -0.03    0.79   library hold time
                                  0.79   data required time
-----------------------------------------------------------------------------
                                  0.79   data required time
                                 -1.04   data arrival time
-----------------------------------------------------------------------------
                                  0.25   slack (MET)


Startpoint: _1002_ (rising edge-triggered flip-flop clocked by w_clk)
Endpoint: _1002_ (rising edge-triggered flip-flop clocked by w_clk)
Path Group: w_clk
Path Type: min

Fanout     Cap    Slew   Delay    Time   Description
-----------------------------------------------------------------------------
                          0.00    0.00   clock w_clk (rise edge)
                          0.00    0.00   clock source latency
                  0.27    0.18    0.18 ^ w_clk (in)
     1    0.06                           w_clk (net)
                  0.27    0.00    0.18 ^ clkbuf_0_w_clk/A (sky130_fd_sc_hd__clkbuf_16)
                  0.11    0.24    0.42 ^ clkbuf_0_w_clk/X (sky130_fd_sc_hd__clkbuf_16)
    16    0.09                           clknet_0_w_clk (net)
                  0.11    0.00    0.42 ^ clkbuf_4_9_0_w_clk/A (sky130_fd_sc_hd__clkbuf_8)
                  0.05    0.14    0.56 ^ clkbuf_4_9_0_w_clk/X (sky130_fd_sc_hd__clkbuf_8)
     6    0.02                           clknet_4_9_0_w_clk (net)
                  0.05    0.00    0.56 ^ _1002_/CLK (sky130_fd_sc_hd__dfxtp_1)
                  0.05    0.29    0.85 ^ _1002_/Q (sky130_fd_sc_hd__dfxtp_1)
     2    0.00                           mem[3][0] (net)
                  0.05    0.00    0.85 ^ _0771_/A0 (sky130_fd_sc_hd__mux2_1)
                  0.04    0.11    0.96 ^ _0771_/X (sky130_fd_sc_hd__mux2_1)
     1    0.00                           _0375_ (net)
                  0.04    0.00    0.96 ^ _0772_/A (sky130_fd_sc_hd__clkbuf_1)
                  0.04    0.07    1.03 ^ _0772_/X (sky130_fd_sc_hd__clkbuf_1)
     1    0.00                           _0096_ (net)
                  0.04    0.00    1.03 ^ _1002_/D (sky130_fd_sc_hd__dfxtp_1)
                                  1.03   data arrival time

                          0.00    0.00   clock w_clk (rise edge)
                          0.00    0.00   clock source latency
                  0.27    0.19    0.19 ^ w_clk (in)
     1    0.06                           w_clk (net)
                  0.27    0.00    0.19 ^ clkbuf_0_w_clk/A (sky130_fd_sc_hd__clkbuf_16)
                  0.11    0.27    0.46 ^ clkbuf_0_w_clk/X (sky130_fd_sc_hd__clkbuf_16)
    16    0.09                           clknet_0_w_clk (net)
                  0.11    0.00    0.46 ^ clkbuf_4_9_0_w_clk/A (sky130_fd_sc_hd__clkbuf_8)
                  0.05    0.16    0.62 ^ clkbuf_4_9_0_w_clk/X (sky130_fd_sc_hd__clkbuf_8)
     6    0.02                           clknet_4_9_0_w_clk (net)
                  0.05    0.00    0.62 ^ _1002_/CLK (sky130_fd_sc_hd__dfxtp_1)
                          0.25    0.87   clock uncertainty
                         -0.06    0.81   clock reconvergence pessimism
                         -0.03    0.78   library hold time
                                  0.78   data required time
-----------------------------------------------------------------------------
                                  0.78   data required time
                                 -1.03   data arrival time
-----------------------------------------------------------------------------
                                  0.25   slack (MET)


Startpoint: _1079_ (rising edge-triggered flip-flop clocked by w_clk)
Endpoint: _1079_ (rising edge-triggered flip-flop clocked by w_clk)
Path Group: w_clk
Path Type: min

Fanout     Cap    Slew   Delay    Time   Description
-----------------------------------------------------------------------------
                          0.00    0.00   clock w_clk (rise edge)
                          0.00    0.00   clock source latency
                  0.27    0.18    0.18 ^ w_clk (in)
     1    0.06                           w_clk (net)
                  0.27    0.00    0.18 ^ clkbuf_0_w_clk/A (sky130_fd_sc_hd__clkbuf_16)
                  0.11    0.24    0.42 ^ clkbuf_0_w_clk/X (sky130_fd_sc_hd__clkbuf_16)
    16    0.09                           clknet_0_w_clk (net)
                  0.11    0.00    0.42 ^ clkbuf_4_6_0_w_clk/A (sky130_fd_sc_hd__clkbuf_8)
                  0.05    0.15    0.56 ^ clkbuf_4_6_0_w_clk/X (sky130_fd_sc_hd__clkbuf_8)
     7    0.02                           clknet_4_6_0_w_clk (net)
                  0.05    0.00    0.56 ^ _1079_/CLK (sky130_fd_sc_hd__dfxtp_1)
                  0.05    0.29    0.86 ^ _1079_/Q (sky130_fd_sc_hd__dfxtp_1)
     2    0.00                           mem[9][7] (net)
                  0.05    0.00    0.86 ^ _0904_/A0 (sky130_fd_sc_hd__mux2_1)
                  0.04    0.11    0.97 ^ _0904_/X (sky130_fd_sc_hd__mux2_1)
     1    0.00                           _0451_ (net)
                  0.04    0.00    0.97 ^ _0905_/A (sky130_fd_sc_hd__clkbuf_1)
                  0.04    0.07    1.04 ^ _0905_/X (sky130_fd_sc_hd__clkbuf_1)
     1    0.00                           _0153_ (net)
                  0.04    0.00    1.04 ^ _1079_/D (sky130_fd_sc_hd__dfxtp_1)
                                  1.04   data arrival time

                          0.00    0.00   clock w_clk (rise edge)
                          0.00    0.00   clock source latency
                  0.27    0.19    0.19 ^ w_clk (in)
     1    0.06                           w_clk (net)
                  0.27    0.00    0.19 ^ clkbuf_0_w_clk/A (sky130_fd_sc_hd__clkbuf_16)
                  0.11    0.27    0.46 ^ clkbuf_0_w_clk/X (sky130_fd_sc_hd__clkbuf_16)
    16    0.09                           clknet_0_w_clk (net)
                  0.11    0.00    0.46 ^ clkbuf_4_6_0_w_clk/A (sky130_fd_sc_hd__clkbuf_8)
                  0.05    0.16    0.62 ^ clkbuf_4_6_0_w_clk/X (sky130_fd_sc_hd__clkbuf_8)
     7    0.02                           clknet_4_6_0_w_clk (net)
                  0.05    0.00    0.62 ^ _1079_/CLK (sky130_fd_sc_hd__dfxtp_1)
                          0.25    0.87   clock uncertainty
                         -0.06    0.81   clock reconvergence pessimism
                         -0.03    0.78   library hold time
                                  0.78   data required time
-----------------------------------------------------------------------------
                                  0.78   data required time
                                 -1.04   data arrival time
-----------------------------------------------------------------------------
                                  0.25   slack (MET)


Startpoint: _0935_ (rising edge-triggered flip-flop clocked by w_clk)
Endpoint: _0935_ (rising edge-triggered flip-flop clocked by w_clk)
Path Group: w_clk
Path Type: min

Fanout     Cap    Slew   Delay    Time   Description
-----------------------------------------------------------------------------
                          0.00    0.00   clock w_clk (rise edge)
                          0.00    0.00   clock source latency
                  0.27    0.18    0.18 ^ w_clk (in)
     1    0.06                           w_clk (net)
                  0.27    0.00    0.18 ^ clkbuf_0_w_clk/A (sky130_fd_sc_hd__clkbuf_16)
                  0.11    0.24    0.42 ^ clkbuf_0_w_clk/X (sky130_fd_sc_hd__clkbuf_16)
    16    0.09                           clknet_0_w_clk (net)
                  0.11    0.00    0.42 ^ clkbuf_4_14_0_w_clk/A (sky130_fd_sc_hd__clkbuf_8)
                  0.07    0.16    0.58 ^ clkbuf_4_14_0_w_clk/X (sky130_fd_sc_hd__clkbuf_8)
    10    0.03                           clknet_4_14_0_w_clk (net)
                  0.07    0.00    0.58 ^ _0935_/CLK (sky130_fd_sc_hd__dfxtp_1)
                  0.05    0.30    0.88 ^ _0935_/Q (sky130_fd_sc_hd__dfxtp_1)
     2    0.00                           mem[1][5] (net)
                  0.05    0.00    0.88 ^ _0617_/A0 (sky130_fd_sc_hd__mux2_1)
                  0.04    0.11    0.98 ^ _0617_/X (sky130_fd_sc_hd__mux2_1)
     1    0.00                           _0288_ (net)
                  0.04    0.00    0.98 ^ _0618_/A (sky130_fd_sc_hd__clkbuf_1)
                  0.04    0.07    1.05 ^ _0618_/X (sky130_fd_sc_hd__clkbuf_1)
     1    0.00                           _0029_ (net)
                  0.04    0.00    1.05 ^ _0935_/D (sky130_fd_sc_hd__dfxtp_1)
                                  1.05   data arrival time

                          0.00    0.00   clock w_clk (rise edge)
                          0.00    0.00   clock source latency
                  0.27    0.19    0.19 ^ w_clk (in)
     1    0.06                           w_clk (net)
                  0.27    0.00    0.19 ^ clkbuf_0_w_clk/A (sky130_fd_sc_hd__clkbuf_16)
                  0.11    0.27    0.46 ^ clkbuf_0_w_clk/X (sky130_fd_sc_hd__clkbuf_16)
    16    0.09                           clknet_0_w_clk (net)
                  0.11    0.00    0.46 ^ clkbuf_4_14_0_w_clk/A (sky130_fd_sc_hd__clkbuf_8)
                  0.07    0.18    0.64 ^ clkbuf_4_14_0_w_clk/X (sky130_fd_sc_hd__clkbuf_8)
    10    0.03                           clknet_4_14_0_w_clk (net)
                  0.07    0.00    0.64 ^ _0935_/CLK (sky130_fd_sc_hd__dfxtp_1)
                          0.25    0.89   clock uncertainty
                         -0.06    0.83   clock reconvergence pessimism
                         -0.03    0.80   library hold time
                                  0.80   data required time
-----------------------------------------------------------------------------
                                  0.80   data required time
                                 -1.05   data arrival time
-----------------------------------------------------------------------------
                                  0.25   slack (MET)


Startpoint: _1071_ (rising edge-triggered flip-flop clocked by w_clk)
Endpoint: _1071_ (rising edge-triggered flip-flop clocked by w_clk)
Path Group: w_clk
Path Type: min

Fanout     Cap    Slew   Delay    Time   Description
-----------------------------------------------------------------------------
                          0.00    0.00   clock w_clk (rise edge)
                          0.00    0.00   clock source latency
                  0.27    0.18    0.18 ^ w_clk (in)
     1    0.06                           w_clk (net)
                  0.27    0.00    0.18 ^ clkbuf_0_w_clk/A (sky130_fd_sc_hd__clkbuf_16)
                  0.11    0.24    0.42 ^ clkbuf_0_w_clk/X (sky130_fd_sc_hd__clkbuf_16)
    16    0.09                           clknet_0_w_clk (net)
                  0.11    0.00    0.42 ^ clkbuf_4_12_0_w_clk/A (sky130_fd_sc_hd__clkbuf_8)
                  0.06    0.16    0.57 ^ clkbuf_4_12_0_w_clk/X (sky130_fd_sc_hd__clkbuf_8)
     9    0.03                           clknet_4_12_0_w_clk (net)
                  0.06    0.00    0.57 ^ _1071_/CLK (sky130_fd_sc_hd__dfxtp_1)
                  0.05    0.30    0.87 ^ _1071_/Q (sky130_fd_sc_hd__dfxtp_1)
     2    0.00                           mem[15][7] (net)
                  0.05    0.00    0.87 ^ _0886_/A0 (sky130_fd_sc_hd__mux2_1)
                  0.04    0.11    0.98 ^ _0886_/X (sky130_fd_sc_hd__mux2_1)
     1    0.00                           _0441_ (net)
                  0.04    0.00    0.98 ^ _0887_/A (sky130_fd_sc_hd__clkbuf_1)
                  0.04    0.07    1.05 ^ _0887_/X (sky130_fd_sc_hd__clkbuf_1)
     1    0.00                           _0145_ (net)
                  0.04    0.00    1.05 ^ _1071_/D (sky130_fd_sc_hd__dfxtp_1)
                                  1.05   data arrival time

                          0.00    0.00   clock w_clk (rise edge)
                          0.00    0.00   clock source latency
                  0.27    0.19    0.19 ^ w_clk (in)
     1    0.06                           w_clk (net)
                  0.27    0.00    0.19 ^ clkbuf_0_w_clk/A (sky130_fd_sc_hd__clkbuf_16)
                  0.11    0.27    0.46 ^ clkbuf_0_w_clk/X (sky130_fd_sc_hd__clkbuf_16)
    16    0.09                           clknet_0_w_clk (net)
                  0.11    0.00    0.46 ^ clkbuf_4_12_0_w_clk/A (sky130_fd_sc_hd__clkbuf_8)
                  0.06    0.17    0.63 ^ clkbuf_4_12_0_w_clk/X (sky130_fd_sc_hd__clkbuf_8)
     9    0.03                           clknet_4_12_0_w_clk (net)
                  0.06    0.00    0.63 ^ _1071_/CLK (sky130_fd_sc_hd__dfxtp_1)
                          0.25    0.88   clock uncertainty
                         -0.06    0.82   clock reconvergence pessimism
                         -0.03    0.79   library hold time
                                  0.79   data required time
-----------------------------------------------------------------------------
                                  0.79   data required time
                                 -1.05   data arrival time
-----------------------------------------------------------------------------
                                  0.25   slack (MET)


Startpoint: _0978_ (rising edge-triggered flip-flop clocked by w_clk)
Endpoint: _0978_ (rising edge-triggered flip-flop clocked by w_clk)
Path Group: w_clk
Path Type: min

Fanout     Cap    Slew   Delay    Time   Description
-----------------------------------------------------------------------------
                          0.00    0.00   clock w_clk (rise edge)
                          0.00    0.00   clock source latency
                  0.27    0.18    0.18 ^ w_clk (in)
     1    0.06                           w_clk (net)
                  0.27    0.00    0.18 ^ clkbuf_0_w_clk/A (sky130_fd_sc_hd__clkbuf_16)
                  0.11    0.24    0.42 ^ clkbuf_0_w_clk/X (sky130_fd_sc_hd__clkbuf_16)
    16    0.09                           clknet_0_w_clk (net)
                  0.11    0.00    0.42 ^ clkbuf_4_9_0_w_clk/A (sky130_fd_sc_hd__clkbuf_8)
                  0.05    0.14    0.56 ^ clkbuf_4_9_0_w_clk/X (sky130_fd_sc_hd__clkbuf_8)
     6    0.02                           clknet_4_9_0_w_clk (net)
                  0.05    0.00    0.56 ^ _0978_/CLK (sky130_fd_sc_hd__dfxtp_1)
                  0.05    0.29    0.85 ^ _0978_/Q (sky130_fd_sc_hd__dfxtp_1)
     2    0.00                           mem[2][0] (net)
                  0.05    0.00    0.85 ^ _0718_/A0 (sky130_fd_sc_hd__mux2_1)
                  0.04    0.11    0.96 ^ _0718_/X (sky130_fd_sc_hd__mux2_1)
     1    0.00                           _0346_ (net)
                  0.04    0.00    0.96 ^ _0719_/A (sky130_fd_sc_hd__clkbuf_1)
                  0.04    0.07    1.03 ^ _0719_/X (sky130_fd_sc_hd__clkbuf_1)
     1    0.00                           _0072_ (net)
                  0.04    0.00    1.03 ^ _0978_/D (sky130_fd_sc_hd__dfxtp_1)
                                  1.03   data arrival time

                          0.00    0.00   clock w_clk (rise edge)
                          0.00    0.00   clock source latency
                  0.27    0.19    0.19 ^ w_clk (in)
     1    0.06                           w_clk (net)
                  0.27    0.00    0.19 ^ clkbuf_0_w_clk/A (sky130_fd_sc_hd__clkbuf_16)
                  0.11    0.27    0.46 ^ clkbuf_0_w_clk/X (sky130_fd_sc_hd__clkbuf_16)
    16    0.09                           clknet_0_w_clk (net)
                  0.11    0.00    0.46 ^ clkbuf_4_9_0_w_clk/A (sky130_fd_sc_hd__clkbuf_8)
                  0.05    0.16    0.62 ^ clkbuf_4_9_0_w_clk/X (sky130_fd_sc_hd__clkbuf_8)
     6    0.02                           clknet_4_9_0_w_clk (net)
                  0.05    0.00    0.62 ^ _0978_/CLK (sky130_fd_sc_hd__dfxtp_1)
                          0.25    0.87   clock uncertainty
                         -0.06    0.81   clock reconvergence pessimism
                         -0.03    0.78   library hold time
                                  0.78   data required time
-----------------------------------------------------------------------------
                                  0.78   data required time
                                 -1.03   data arrival time
-----------------------------------------------------------------------------
                                  0.25   slack (MET)


Startpoint: _1008_ (rising edge-triggered flip-flop clocked by w_clk)
Endpoint: _1008_ (rising edge-triggered flip-flop clocked by w_clk)
Path Group: w_clk
Path Type: min

Fanout     Cap    Slew   Delay    Time   Description
-----------------------------------------------------------------------------
                          0.00    0.00   clock w_clk (rise edge)
                          0.00    0.00   clock source latency
                  0.27    0.18    0.18 ^ w_clk (in)
     1    0.06                           w_clk (net)
                  0.27    0.00    0.18 ^ clkbuf_0_w_clk/A (sky130_fd_sc_hd__clkbuf_16)
                  0.11    0.24    0.42 ^ clkbuf_0_w_clk/X (sky130_fd_sc_hd__clkbuf_16)
    16    0.09                           clknet_0_w_clk (net)
                  0.11    0.00    0.42 ^ clkbuf_4_3_0_w_clk/A (sky130_fd_sc_hd__clkbuf_8)
                  0.05    0.14    0.56 ^ clkbuf_4_3_0_w_clk/X (sky130_fd_sc_hd__clkbuf_8)
     6    0.02                           clknet_4_3_0_w_clk (net)
                  0.05    0.00    0.56 ^ _1008_/CLK (sky130_fd_sc_hd__dfxtp_1)
                  0.05    0.29    0.85 ^ _1008_/Q (sky130_fd_sc_hd__dfxtp_1)
     2    0.00                           mem[3][6] (net)
                  0.05    0.00    0.85 ^ _0783_/A0 (sky130_fd_sc_hd__mux2_1)
                  0.04    0.11    0.96 ^ _0783_/X (sky130_fd_sc_hd__mux2_1)
     1    0.00                           _0381_ (net)
                  0.04    0.00    0.96 ^ _0784_/A (sky130_fd_sc_hd__clkbuf_1)
                  0.04    0.07    1.03 ^ _0784_/X (sky130_fd_sc_hd__clkbuf_1)
     1    0.00                           _0102_ (net)
                  0.04    0.00    1.03 ^ _1008_/D (sky130_fd_sc_hd__dfxtp_1)
                                  1.03   data arrival time

                          0.00    0.00   clock w_clk (rise edge)
                          0.00    0.00   clock source latency
                  0.27    0.19    0.19 ^ w_clk (in)
     1    0.06                           w_clk (net)
                  0.27    0.00    0.19 ^ clkbuf_0_w_clk/A (sky130_fd_sc_hd__clkbuf_16)
                  0.11    0.27    0.46 ^ clkbuf_0_w_clk/X (sky130_fd_sc_hd__clkbuf_16)
    16    0.09                           clknet_0_w_clk (net)
                  0.11    0.00    0.46 ^ clkbuf_4_3_0_w_clk/A (sky130_fd_sc_hd__clkbuf_8)
                  0.05    0.16    0.62 ^ clkbuf_4_3_0_w_clk/X (sky130_fd_sc_hd__clkbuf_8)
     6    0.02                           clknet_4_3_0_w_clk (net)
                  0.05    0.00    0.62 ^ _1008_/CLK (sky130_fd_sc_hd__dfxtp_1)
                          0.25    0.87   clock uncertainty
                         -0.06    0.81   clock reconvergence pessimism
                         -0.03    0.78   library hold time
                                  0.78   data required time
-----------------------------------------------------------------------------
                                  0.78   data required time
                                 -1.03   data arrival time
-----------------------------------------------------------------------------
                                  0.25   slack (MET)


Startpoint: _0993_ (rising edge-triggered flip-flop clocked by w_clk)
Endpoint: _0993_ (rising edge-triggered flip-flop clocked by w_clk)
Path Group: w_clk
Path Type: min

Fanout     Cap    Slew   Delay    Time   Description
-----------------------------------------------------------------------------
                          0.00    0.00   clock w_clk (rise edge)
                          0.00    0.00   clock source latency
                  0.27    0.18    0.18 ^ w_clk (in)
     1    0.06                           w_clk (net)
                  0.27    0.00    0.18 ^ clkbuf_0_w_clk/A (sky130_fd_sc_hd__clkbuf_16)
                  0.11    0.24    0.42 ^ clkbuf_0_w_clk/X (sky130_fd_sc_hd__clkbuf_16)
    16    0.09                           clknet_0_w_clk (net)
                  0.11    0.00    0.42 ^ clkbuf_4_6_0_w_clk/A (sky130_fd_sc_hd__clkbuf_8)
                  0.05    0.15    0.56 ^ clkbuf_4_6_0_w_clk/X (sky130_fd_sc_hd__clkbuf_8)
     7    0.02                           clknet_4_6_0_w_clk (net)
                  0.05    0.00    0.56 ^ _0993_/CLK (sky130_fd_sc_hd__dfxtp_1)
                  0.05    0.30    0.86 ^ _0993_/Q (sky130_fd_sc_hd__dfxtp_1)
     2    0.00                           mem[8][7] (net)
                  0.05    0.00    0.86 ^ _0750_/A0 (sky130_fd_sc_hd__mux2_1)
                  0.04    0.11    0.97 ^ _0750_/X (sky130_fd_sc_hd__mux2_1)
     1    0.00                           _0363_ (net)
                  0.04    0.00    0.97 ^ _0751_/A (sky130_fd_sc_hd__clkbuf_1)
                  0.04    0.07    1.04 ^ _0751_/X (sky130_fd_sc_hd__clkbuf_1)
     1    0.00                           _0087_ (net)
                  0.04    0.00    1.04 ^ _0993_/D (sky130_fd_sc_hd__dfxtp_1)
                                  1.04   data arrival time

                          0.00    0.00   clock w_clk (rise edge)
                          0.00    0.00   clock source latency
                  0.27    0.19    0.19 ^ w_clk (in)
     1    0.06                           w_clk (net)
                  0.27    0.00    0.19 ^ clkbuf_0_w_clk/A (sky130_fd_sc_hd__clkbuf_16)
                  0.11    0.27    0.46 ^ clkbuf_0_w_clk/X (sky130_fd_sc_hd__clkbuf_16)
    16    0.09                           clknet_0_w_clk (net)
                  0.11    0.00    0.46 ^ clkbuf_4_6_0_w_clk/A (sky130_fd_sc_hd__clkbuf_8)
                  0.05    0.16    0.62 ^ clkbuf_4_6_0_w_clk/X (sky130_fd_sc_hd__clkbuf_8)
     7    0.02                           clknet_4_6_0_w_clk (net)
                  0.05    0.00    0.62 ^ _0993_/CLK (sky130_fd_sc_hd__dfxtp_1)
                          0.25    0.87   clock uncertainty
                         -0.06    0.81   clock reconvergence pessimism
                         -0.03    0.79   library hold time
                                  0.79   data required time
-----------------------------------------------------------------------------
                                  0.79   data required time
                                 -1.04   data arrival time
-----------------------------------------------------------------------------
                                  0.25   slack (MET)


Startpoint: _0952_ (rising edge-triggered flip-flop clocked by w_clk)
Endpoint: _0952_ (rising edge-triggered flip-flop clocked by w_clk)
Path Group: w_clk
Path Type: min

Fanout     Cap    Slew   Delay    Time   Description
-----------------------------------------------------------------------------
                          0.00    0.00   clock w_clk (rise edge)
                          0.00    0.00   clock source latency
                  0.27    0.18    0.18 ^ w_clk (in)
     1    0.06                           w_clk (net)
                  0.27    0.00    0.18 ^ clkbuf_0_w_clk/A (sky130_fd_sc_hd__clkbuf_16)
                  0.11    0.24    0.42 ^ clkbuf_0_w_clk/X (sky130_fd_sc_hd__clkbuf_16)
    16    0.09                           clknet_0_w_clk (net)
                  0.11    0.00    0.42 ^ clkbuf_4_5_0_w_clk/A (sky130_fd_sc_hd__clkbuf_8)
                  0.06    0.15    0.57 ^ clkbuf_4_5_0_w_clk/X (sky130_fd_sc_hd__clkbuf_8)
     8    0.02                           clknet_4_5_0_w_clk (net)
                  0.06    0.00    0.57 ^ _0952_/CLK (sky130_fd_sc_hd__dfxtp_1)
                  0.05    0.30    0.87 ^ _0952_/Q (sky130_fd_sc_hd__dfxtp_1)
     2    0.00                           mem[12][6] (net)
                  0.05    0.00    0.87 ^ _0655_/A0 (sky130_fd_sc_hd__mux2_1)
                  0.04    0.11    0.97 ^ _0655_/X (sky130_fd_sc_hd__mux2_1)
     1    0.00                           _0309_ (net)
                  0.04    0.00    0.97 ^ _0656_/A (sky130_fd_sc_hd__clkbuf_1)
                  0.04    0.07    1.04 ^ _0656_/X (sky130_fd_sc_hd__clkbuf_1)
     1    0.00                           _0046_ (net)
                  0.04    0.00    1.04 ^ _0952_/D (sky130_fd_sc_hd__dfxtp_1)
                                  1.04   data arrival time

                          0.00    0.00   clock w_clk (rise edge)
                          0.00    0.00   clock source latency
                  0.27    0.19    0.19 ^ w_clk (in)
     1    0.06                           w_clk (net)
                  0.27    0.00    0.19 ^ clkbuf_0_w_clk/A (sky130_fd_sc_hd__clkbuf_16)
                  0.11    0.27    0.46 ^ clkbuf_0_w_clk/X (sky130_fd_sc_hd__clkbuf_16)
    16    0.09                           clknet_0_w_clk (net)
                  0.11    0.00    0.46 ^ clkbuf_4_5_0_w_clk/A (sky130_fd_sc_hd__clkbuf_8)
                  0.06    0.17    0.63 ^ clkbuf_4_5_0_w_clk/X (sky130_fd_sc_hd__clkbuf_8)
     8    0.02                           clknet_4_5_0_w_clk (net)
                  0.06    0.00    0.63 ^ _0952_/CLK (sky130_fd_sc_hd__dfxtp_1)
                          0.25    0.88   clock uncertainty
                         -0.06    0.82   clock reconvergence pessimism
                         -0.03    0.79   library hold time
                                  0.79   data required time
-----------------------------------------------------------------------------
                                  0.79   data required time
                                 -1.04   data arrival time
-----------------------------------------------------------------------------
                                  0.25   slack (MET)


Startpoint: _1077_ (rising edge-triggered flip-flop clocked by w_clk)
Endpoint: _1077_ (rising edge-triggered flip-flop clocked by w_clk)
Path Group: w_clk
Path Type: min

Fanout     Cap    Slew   Delay    Time   Description
-----------------------------------------------------------------------------
                          0.00    0.00   clock w_clk (rise edge)
                          0.00    0.00   clock source latency
                  0.27    0.18    0.18 ^ w_clk (in)
     1    0.06                           w_clk (net)
                  0.27    0.00    0.18 ^ clkbuf_0_w_clk/A (sky130_fd_sc_hd__clkbuf_16)
                  0.11    0.24    0.42 ^ clkbuf_0_w_clk/X (sky130_fd_sc_hd__clkbuf_16)
    16    0.09                           clknet_0_w_clk (net)
                  0.11    0.00    0.42 ^ clkbuf_4_13_0_w_clk/A (sky130_fd_sc_hd__clkbuf_8)
                  0.07    0.16    0.58 ^ clkbuf_4_13_0_w_clk/X (sky130_fd_sc_hd__clkbuf_8)
    11    0.03                           clknet_4_13_0_w_clk (net)
                  0.07    0.00    0.58 ^ _1077_/CLK (sky130_fd_sc_hd__dfxtp_1)
                  0.05    0.30    0.88 ^ _1077_/Q (sky130_fd_sc_hd__dfxtp_1)
     2    0.00                           mem[9][5] (net)
                  0.05    0.00    0.88 ^ _0900_/A0 (sky130_fd_sc_hd__mux2_1)
                  0.04    0.11    0.98 ^ _0900_/X (sky130_fd_sc_hd__mux2_1)
     1    0.00                           _0449_ (net)
                  0.04    0.00    0.98 ^ _0901_/A (sky130_fd_sc_hd__clkbuf_1)
                  0.04    0.07    1.05 ^ _0901_/X (sky130_fd_sc_hd__clkbuf_1)
     1    0.00                           _0151_ (net)
                  0.04    0.00    1.05 ^ _1077_/D (sky130_fd_sc_hd__dfxtp_1)
                                  1.05   data arrival time

                          0.00    0.00   clock w_clk (rise edge)
                          0.00    0.00   clock source latency
                  0.27    0.19    0.19 ^ w_clk (in)
     1    0.06                           w_clk (net)
                  0.27    0.00    0.19 ^ clkbuf_0_w_clk/A (sky130_fd_sc_hd__clkbuf_16)
                  0.11    0.27    0.46 ^ clkbuf_0_w_clk/X (sky130_fd_sc_hd__clkbuf_16)
    16    0.09                           clknet_0_w_clk (net)
                  0.11    0.00    0.46 ^ clkbuf_4_13_0_w_clk/A (sky130_fd_sc_hd__clkbuf_8)
                  0.07    0.18    0.64 ^ clkbuf_4_13_0_w_clk/X (sky130_fd_sc_hd__clkbuf_8)
    11    0.03                           clknet_4_13_0_w_clk (net)
                  0.07    0.00    0.64 ^ _1077_/CLK (sky130_fd_sc_hd__dfxtp_1)
                          0.25    0.89   clock uncertainty
                         -0.06    0.83   clock reconvergence pessimism
                         -0.03    0.80   library hold time
                                  0.80   data required time
-----------------------------------------------------------------------------
                                  0.80   data required time
                                 -1.05   data arrival time
-----------------------------------------------------------------------------
                                  0.25   slack (MET)


Startpoint: _0906_ (rising edge-triggered flip-flop clocked by w_clk)
Endpoint: _0906_ (rising edge-triggered flip-flop clocked by w_clk)
Path Group: w_clk
Path Type: min

Fanout     Cap    Slew   Delay    Time   Description
-----------------------------------------------------------------------------
                          0.00    0.00   clock w_clk (rise edge)
                          0.00    0.00   clock source latency
                  0.27    0.18    0.18 ^ w_clk (in)
     1    0.06                           w_clk (net)
                  0.27    0.00    0.18 ^ clkbuf_0_w_clk/A (sky130_fd_sc_hd__clkbuf_16)
                  0.11    0.24    0.42 ^ clkbuf_0_w_clk/X (sky130_fd_sc_hd__clkbuf_16)
    16    0.09                           clknet_0_w_clk (net)
                  0.11    0.00    0.42 ^ clkbuf_4_8_0_w_clk/A (sky130_fd_sc_hd__clkbuf_8)
                  0.07    0.16    0.58 ^ clkbuf_4_8_0_w_clk/X (sky130_fd_sc_hd__clkbuf_8)
    11    0.03                           clknet_4_8_0_w_clk (net)
                  0.07    0.00    0.58 ^ _0906_/CLK (sky130_fd_sc_hd__dfxtp_1)
                  0.05    0.30    0.88 ^ _0906_/Q (sky130_fd_sc_hd__dfxtp_1)
     2    0.00                           mem[5][0] (net)
                  0.05    0.00    0.88 ^ _0490_/A0 (sky130_fd_sc_hd__mux2_1)
                  0.04    0.11    0.99 ^ _0490_/X (sky130_fd_sc_hd__mux2_1)
     1    0.00                           _0190_ (net)
                  0.04    0.00    0.99 ^ _0491_/A (sky130_fd_sc_hd__clkbuf_1)
                  0.04    0.07    1.05 ^ _0491_/X (sky130_fd_sc_hd__clkbuf_1)
     1    0.00                           _0000_ (net)
                  0.04    0.00    1.05 ^ _0906_/D (sky130_fd_sc_hd__dfxtp_1)
                                  1.05   data arrival time

                          0.00    0.00   clock w_clk (rise edge)
                          0.00    0.00   clock source latency
                  0.27    0.19    0.19 ^ w_clk (in)
     1    0.06                           w_clk (net)
                  0.27    0.00    0.19 ^ clkbuf_0_w_clk/A (sky130_fd_sc_hd__clkbuf_16)
                  0.11    0.27    0.46 ^ clkbuf_0_w_clk/X (sky130_fd_sc_hd__clkbuf_16)
    16    0.09                           clknet_0_w_clk (net)
                  0.11    0.00    0.46 ^ clkbuf_4_8_0_w_clk/A (sky130_fd_sc_hd__clkbuf_8)
                  0.07    0.18    0.64 ^ clkbuf_4_8_0_w_clk/X (sky130_fd_sc_hd__clkbuf_8)
    11    0.03                           clknet_4_8_0_w_clk (net)
                  0.07    0.00    0.64 ^ _0906_/CLK (sky130_fd_sc_hd__dfxtp_1)
                          0.25    0.89   clock uncertainty
                         -0.06    0.83   clock reconvergence pessimism
                         -0.03    0.80   library hold time
                                  0.80   data required time
-----------------------------------------------------------------------------
                                  0.80   data required time
                                 -1.05   data arrival time
-----------------------------------------------------------------------------
                                  0.25   slack (MET)


Startpoint: _0923_ (rising edge-triggered flip-flop clocked by w_clk)
Endpoint: _0923_ (rising edge-triggered flip-flop clocked by w_clk)
Path Group: w_clk
Path Type: min

Fanout     Cap    Slew   Delay    Time   Description
-----------------------------------------------------------------------------
                          0.00    0.00   clock w_clk (rise edge)
                          0.00    0.00   clock source latency
                  0.27    0.18    0.18 ^ w_clk (in)
     1    0.06                           w_clk (net)
                  0.27    0.00    0.18 ^ clkbuf_0_w_clk/A (sky130_fd_sc_hd__clkbuf_16)
                  0.11    0.24    0.42 ^ clkbuf_0_w_clk/X (sky130_fd_sc_hd__clkbuf_16)
    16    0.09                           clknet_0_w_clk (net)
                  0.11    0.00    0.42 ^ clkbuf_4_4_0_w_clk/A (sky130_fd_sc_hd__clkbuf_8)
                  0.05    0.14    0.56 ^ clkbuf_4_4_0_w_clk/X (sky130_fd_sc_hd__clkbuf_8)
     6    0.02                           clknet_4_4_0_w_clk (net)
                  0.05    0.00    0.56 ^ _0923_/CLK (sky130_fd_sc_hd__dfxtp_1)
                  0.05    0.29    0.85 ^ _0923_/Q (sky130_fd_sc_hd__dfxtp_1)
     2    0.00                           mem[14][1] (net)
                  0.05    0.00    0.85 ^ _0590_/A0 (sky130_fd_sc_hd__mux2_1)
                  0.04    0.11    0.96 ^ _0590_/X (sky130_fd_sc_hd__mux2_1)
     1    0.00                           _0273_ (net)
                  0.04    0.00    0.96 ^ _0591_/A (sky130_fd_sc_hd__clkbuf_1)
                  0.04    0.07    1.03 ^ _0591_/X (sky130_fd_sc_hd__clkbuf_1)
     1    0.00                           _0017_ (net)
                  0.04    0.00    1.03 ^ _0923_/D (sky130_fd_sc_hd__dfxtp_1)
                                  1.03   data arrival time

                          0.00    0.00   clock w_clk (rise edge)
                          0.00    0.00   clock source latency
                  0.27    0.19    0.19 ^ w_clk (in)
     1    0.06                           w_clk (net)
                  0.27    0.00    0.19 ^ clkbuf_0_w_clk/A (sky130_fd_sc_hd__clkbuf_16)
                  0.11    0.27    0.46 ^ clkbuf_0_w_clk/X (sky130_fd_sc_hd__clkbuf_16)
    16    0.09                           clknet_0_w_clk (net)
                  0.11    0.00    0.46 ^ clkbuf_4_4_0_w_clk/A (sky130_fd_sc_hd__clkbuf_8)
                  0.05    0.16    0.62 ^ clkbuf_4_4_0_w_clk/X (sky130_fd_sc_hd__clkbuf_8)
     6    0.02                           clknet_4_4_0_w_clk (net)
                  0.05    0.00    0.62 ^ _0923_/CLK (sky130_fd_sc_hd__dfxtp_1)
                          0.25    0.87   clock uncertainty
                         -0.06    0.81   clock reconvergence pessimism
                         -0.03    0.78   library hold time
                                  0.78   data required time
-----------------------------------------------------------------------------
                                  0.78   data required time
                                 -1.03   data arrival time
-----------------------------------------------------------------------------
                                  0.25   slack (MET)


Startpoint: _1024_ (rising edge-triggered flip-flop clocked by w_clk)
Endpoint: _1024_ (rising edge-triggered flip-flop clocked by w_clk)
Path Group: w_clk
Path Type: min

Fanout     Cap    Slew   Delay    Time   Description
-----------------------------------------------------------------------------
                          0.00    0.00   clock w_clk (rise edge)
                          0.00    0.00   clock source latency
                  0.27    0.18    0.18 ^ w_clk (in)
     1    0.06                           w_clk (net)
                  0.27    0.00    0.18 ^ clkbuf_0_w_clk/A (sky130_fd_sc_hd__clkbuf_16)
                  0.11    0.24    0.42 ^ clkbuf_0_w_clk/X (sky130_fd_sc_hd__clkbuf_16)
    16    0.09                           clknet_0_w_clk (net)
                  0.11    0.00    0.42 ^ clkbuf_4_2_0_w_clk/A (sky130_fd_sc_hd__clkbuf_8)
                  0.07    0.16    0.58 ^ clkbuf_4_2_0_w_clk/X (sky130_fd_sc_hd__clkbuf_8)
    11    0.03                           clknet_4_2_0_w_clk (net)
                  0.07    0.00    0.58 ^ _1024_/CLK (sky130_fd_sc_hd__dfxtp_1)
                  0.05    0.30    0.87 ^ _1024_/Q (sky130_fd_sc_hd__dfxtp_1)
     2    0.00                           mem[4][1] (net)
                  0.05    0.00    0.87 ^ _0821_/A0 (sky130_fd_sc_hd__mux2_1)
                  0.04    0.11    0.98 ^ _0821_/X (sky130_fd_sc_hd__mux2_1)
     1    0.00                           _0403_ (net)
                  0.04    0.00    0.98 ^ _0822_/A (sky130_fd_sc_hd__clkbuf_1)
                  0.03    0.07    1.05 ^ _0822_/X (sky130_fd_sc_hd__clkbuf_1)
     1    0.00                           _0118_ (net)
                  0.03    0.00    1.05 ^ _1024_/D (sky130_fd_sc_hd__dfxtp_1)
                                  1.05   data arrival time

                          0.00    0.00   clock w_clk (rise edge)
                          0.00    0.00   clock source latency
                  0.27    0.19    0.19 ^ w_clk (in)
     1    0.06                           w_clk (net)
                  0.27    0.00    0.19 ^ clkbuf_0_w_clk/A (sky130_fd_sc_hd__clkbuf_16)
                  0.11    0.27    0.46 ^ clkbuf_0_w_clk/X (sky130_fd_sc_hd__clkbuf_16)
    16    0.09                           clknet_0_w_clk (net)
                  0.11    0.00    0.46 ^ clkbuf_4_2_0_w_clk/A (sky130_fd_sc_hd__clkbuf_8)
                  0.07    0.18    0.64 ^ clkbuf_4_2_0_w_clk/X (sky130_fd_sc_hd__clkbuf_8)
    11    0.03                           clknet_4_2_0_w_clk (net)
                  0.07    0.00    0.64 ^ _1024_/CLK (sky130_fd_sc_hd__dfxtp_1)
                          0.25    0.89   clock uncertainty
                         -0.06    0.83   clock reconvergence pessimism
                         -0.03    0.80   library hold time
                                  0.80   data required time
-----------------------------------------------------------------------------
                                  0.80   data required time
                                 -1.05   data arrival time
-----------------------------------------------------------------------------
                                  0.25   slack (MET)


Startpoint: _0963_ (rising edge-triggered flip-flop clocked by w_clk)
Endpoint: _0963_ (rising edge-triggered flip-flop clocked by w_clk)
Path Group: w_clk
Path Type: min

Fanout     Cap    Slew   Delay    Time   Description
-----------------------------------------------------------------------------
                          0.00    0.00   clock w_clk (rise edge)
                          0.00    0.00   clock source latency
                  0.27    0.18    0.18 ^ w_clk (in)
     1    0.06                           w_clk (net)
                  0.27    0.00    0.18 ^ clkbuf_0_w_clk/A (sky130_fd_sc_hd__clkbuf_16)
                  0.11    0.24    0.42 ^ clkbuf_0_w_clk/X (sky130_fd_sc_hd__clkbuf_16)
    16    0.09                           clknet_0_w_clk (net)
                  0.11    0.00    0.42 ^ clkbuf_4_4_0_w_clk/A (sky130_fd_sc_hd__clkbuf_8)
                  0.05    0.14    0.56 ^ clkbuf_4_4_0_w_clk/X (sky130_fd_sc_hd__clkbuf_8)
     6    0.02                           clknet_4_4_0_w_clk (net)
                  0.05    0.00    0.56 ^ _0963_/CLK (sky130_fd_sc_hd__dfxtp_1)
                  0.05    0.29    0.85 ^ _0963_/Q (sky130_fd_sc_hd__dfxtp_1)
     2    0.00                           mem[10][1] (net)
                  0.05    0.00    0.85 ^ _0683_/A0 (sky130_fd_sc_hd__mux2_1)
                  0.04    0.11    0.96 ^ _0683_/X (sky130_fd_sc_hd__mux2_1)
     1    0.00                           _0326_ (net)
                  0.04    0.00    0.96 ^ _0684_/A (sky130_fd_sc_hd__clkbuf_1)
                  0.04    0.07    1.03 ^ _0684_/X (sky130_fd_sc_hd__clkbuf_1)
     1    0.00                           _0057_ (net)
                  0.04    0.00    1.03 ^ _0963_/D (sky130_fd_sc_hd__dfxtp_1)
                                  1.03   data arrival time

                          0.00    0.00   clock w_clk (rise edge)
                          0.00    0.00   clock source latency
                  0.27    0.19    0.19 ^ w_clk (in)
     1    0.06                           w_clk (net)
                  0.27    0.00    0.19 ^ clkbuf_0_w_clk/A (sky130_fd_sc_hd__clkbuf_16)
                  0.11    0.27    0.46 ^ clkbuf_0_w_clk/X (sky130_fd_sc_hd__clkbuf_16)
    16    0.09                           clknet_0_w_clk (net)
                  0.11    0.00    0.46 ^ clkbuf_4_4_0_w_clk/A (sky130_fd_sc_hd__clkbuf_8)
                  0.05    0.16    0.62 ^ clkbuf_4_4_0_w_clk/X (sky130_fd_sc_hd__clkbuf_8)
     6    0.02                           clknet_4_4_0_w_clk (net)
                  0.05    0.00    0.62 ^ _0963_/CLK (sky130_fd_sc_hd__dfxtp_1)
                          0.25    0.87   clock uncertainty
                         -0.06    0.81   clock reconvergence pessimism
                         -0.03    0.78   library hold time
                                  0.78   data required time
-----------------------------------------------------------------------------
                                  0.78   data required time
                                 -1.03   data arrival time
-----------------------------------------------------------------------------
                                  0.25   slack (MET)


Startpoint: _0945_ (rising edge-triggered flip-flop clocked by w_clk)
Endpoint: _0945_ (rising edge-triggered flip-flop clocked by w_clk)
Path Group: w_clk
Path Type: min

Fanout     Cap    Slew   Delay    Time   Description
-----------------------------------------------------------------------------
                          0.00    0.00   clock w_clk (rise edge)
                          0.00    0.00   clock source latency
                  0.27    0.18    0.18 ^ w_clk (in)
     1    0.06                           w_clk (net)
                  0.27    0.00    0.18 ^ clkbuf_0_w_clk/A (sky130_fd_sc_hd__clkbuf_16)
                  0.11    0.24    0.42 ^ clkbuf_0_w_clk/X (sky130_fd_sc_hd__clkbuf_16)
    16    0.09                           clknet_0_w_clk (net)
                  0.11    0.00    0.42 ^ clkbuf_4_12_0_w_clk/A (sky130_fd_sc_hd__clkbuf_8)
                  0.06    0.16    0.57 ^ clkbuf_4_12_0_w_clk/X (sky130_fd_sc_hd__clkbuf_8)
     9    0.03                           clknet_4_12_0_w_clk (net)
                  0.06    0.00    0.57 ^ _0945_/CLK (sky130_fd_sc_hd__dfxtp_1)
                  0.05    0.30    0.87 ^ _0945_/Q (sky130_fd_sc_hd__dfxtp_1)
     2    0.00                           mem[13][7] (net)
                  0.05    0.00    0.87 ^ _0639_/A0 (sky130_fd_sc_hd__mux2_1)
                  0.04    0.11    0.98 ^ _0639_/X (sky130_fd_sc_hd__mux2_1)
     1    0.00                           _0300_ (net)
                  0.04    0.00    0.98 ^ _0640_/A (sky130_fd_sc_hd__clkbuf_1)
                  0.04    0.07    1.05 ^ _0640_/X (sky130_fd_sc_hd__clkbuf_1)
     1    0.00                           _0039_ (net)
                  0.04    0.00    1.05 ^ _0945_/D (sky130_fd_sc_hd__dfxtp_1)
                                  1.05   data arrival time

                          0.00    0.00   clock w_clk (rise edge)
                          0.00    0.00   clock source latency
                  0.27    0.19    0.19 ^ w_clk (in)
     1    0.06                           w_clk (net)
                  0.27    0.00    0.19 ^ clkbuf_0_w_clk/A (sky130_fd_sc_hd__clkbuf_16)
                  0.11    0.27    0.46 ^ clkbuf_0_w_clk/X (sky130_fd_sc_hd__clkbuf_16)
    16    0.09                           clknet_0_w_clk (net)
                  0.11    0.00    0.46 ^ clkbuf_4_12_0_w_clk/A (sky130_fd_sc_hd__clkbuf_8)
                  0.06    0.17    0.63 ^ clkbuf_4_12_0_w_clk/X (sky130_fd_sc_hd__clkbuf_8)
     9    0.03                           clknet_4_12_0_w_clk (net)
                  0.06    0.00    0.63 ^ _0945_/CLK (sky130_fd_sc_hd__dfxtp_1)
                          0.25    0.88   clock uncertainty
                         -0.06    0.82   clock reconvergence pessimism
                         -0.03    0.79   library hold time
                                  0.79   data required time
-----------------------------------------------------------------------------
                                  0.79   data required time
                                 -1.05   data arrival time
-----------------------------------------------------------------------------
                                  0.25   slack (MET)


Startpoint: _0973_ (rising edge-triggered flip-flop clocked by w_clk)
Endpoint: _0973_ (rising edge-triggered flip-flop clocked by w_clk)
Path Group: w_clk
Path Type: min

Fanout     Cap    Slew   Delay    Time   Description
-----------------------------------------------------------------------------
                          0.00    0.00   clock w_clk (rise edge)
                          0.00    0.00   clock source latency
                  0.27    0.18    0.18 ^ w_clk (in)
     1    0.06                           w_clk (net)
                  0.27    0.00    0.18 ^ clkbuf_0_w_clk/A (sky130_fd_sc_hd__clkbuf_16)
                  0.11    0.24    0.42 ^ clkbuf_0_w_clk/X (sky130_fd_sc_hd__clkbuf_16)
    16    0.09                           clknet_0_w_clk (net)
                  0.11    0.00    0.42 ^ clkbuf_4_11_0_w_clk/A (sky130_fd_sc_hd__clkbuf_8)
                  0.06    0.16    0.57 ^ clkbuf_4_11_0_w_clk/X (sky130_fd_sc_hd__clkbuf_8)
    10    0.03                           clknet_4_11_0_w_clk (net)
                  0.06    0.00    0.57 ^ _0973_/CLK (sky130_fd_sc_hd__dfxtp_1)
                  0.05    0.30    0.87 ^ _0973_/Q (sky130_fd_sc_hd__dfxtp_1)
     2    0.00                           mem[0][3] (net)
                  0.05    0.00    0.87 ^ _0706_/A0 (sky130_fd_sc_hd__mux2_1)
                  0.04    0.11    0.98 ^ _0706_/X (sky130_fd_sc_hd__mux2_1)
     1    0.00                           _0339_ (net)
                  0.04    0.00    0.98 ^ _0707_/A (sky130_fd_sc_hd__clkbuf_1)
                  0.04    0.07    1.05 ^ _0707_/X (sky130_fd_sc_hd__clkbuf_1)
     1    0.00                           _0067_ (net)
                  0.04    0.00    1.05 ^ _0973_/D (sky130_fd_sc_hd__dfxtp_1)
                                  1.05   data arrival time

                          0.00    0.00   clock w_clk (rise edge)
                          0.00    0.00   clock source latency
                  0.27    0.19    0.19 ^ w_clk (in)
     1    0.06                           w_clk (net)
                  0.27    0.00    0.19 ^ clkbuf_0_w_clk/A (sky130_fd_sc_hd__clkbuf_16)
                  0.11    0.27    0.46 ^ clkbuf_0_w_clk/X (sky130_fd_sc_hd__clkbuf_16)
    16    0.09                           clknet_0_w_clk (net)
                  0.11    0.00    0.46 ^ clkbuf_4_11_0_w_clk/A (sky130_fd_sc_hd__clkbuf_8)
                  0.06    0.17    0.63 ^ clkbuf_4_11_0_w_clk/X (sky130_fd_sc_hd__clkbuf_8)
    10    0.03                           clknet_4_11_0_w_clk (net)
                  0.06    0.00    0.63 ^ _0973_/CLK (sky130_fd_sc_hd__dfxtp_1)
                          0.25    0.88   clock uncertainty
                         -0.06    0.82   clock reconvergence pessimism
                         -0.03    0.80   library hold time
                                  0.80   data required time
-----------------------------------------------------------------------------
                                  0.80   data required time
                                 -1.05   data arrival time
-----------------------------------------------------------------------------
                                  0.25   slack (MET)


Startpoint: _0969_ (rising edge-triggered flip-flop clocked by w_clk)
Endpoint: _0969_ (rising edge-triggered flip-flop clocked by w_clk)
Path Group: w_clk
Path Type: min

Fanout     Cap    Slew   Delay    Time   Description
-----------------------------------------------------------------------------
                          0.00    0.00   clock w_clk (rise edge)
                          0.00    0.00   clock source latency
                  0.27    0.18    0.18 ^ w_clk (in)
     1    0.06                           w_clk (net)
                  0.27    0.00    0.18 ^ clkbuf_0_w_clk/A (sky130_fd_sc_hd__clkbuf_16)
                  0.11    0.24    0.42 ^ clkbuf_0_w_clk/X (sky130_fd_sc_hd__clkbuf_16)
    16    0.09                           clknet_0_w_clk (net)
                  0.11    0.00    0.42 ^ clkbuf_4_6_0_w_clk/A (sky130_fd_sc_hd__clkbuf_8)
                  0.05    0.15    0.56 ^ clkbuf_4_6_0_w_clk/X (sky130_fd_sc_hd__clkbuf_8)
     7    0.02                           clknet_4_6_0_w_clk (net)
                  0.05    0.00    0.56 ^ _0969_/CLK (sky130_fd_sc_hd__dfxtp_1)
                  0.05    0.29    0.86 ^ _0969_/Q (sky130_fd_sc_hd__dfxtp_1)
     2    0.00                           mem[10][7] (net)
                  0.05    0.00    0.86 ^ _0695_/A0 (sky130_fd_sc_hd__mux2_1)
                  0.04    0.11    0.97 ^ _0695_/X (sky130_fd_sc_hd__mux2_1)
     1    0.00                           _0332_ (net)
                  0.04    0.00    0.97 ^ _0696_/A (sky130_fd_sc_hd__clkbuf_1)
                  0.04    0.07    1.04 ^ _0696_/X (sky130_fd_sc_hd__clkbuf_1)
     1    0.00                           _0063_ (net)
                  0.04    0.00    1.04 ^ _0969_/D (sky130_fd_sc_hd__dfxtp_1)
                                  1.04   data arrival time

                          0.00    0.00   clock w_clk (rise edge)
                          0.00    0.00   clock source latency
                  0.27    0.19    0.19 ^ w_clk (in)
     1    0.06                           w_clk (net)
                  0.27    0.00    0.19 ^ clkbuf_0_w_clk/A (sky130_fd_sc_hd__clkbuf_16)
                  0.11    0.27    0.46 ^ clkbuf_0_w_clk/X (sky130_fd_sc_hd__clkbuf_16)
    16    0.09                           clknet_0_w_clk (net)
                  0.11    0.00    0.46 ^ clkbuf_4_6_0_w_clk/A (sky130_fd_sc_hd__clkbuf_8)
                  0.05    0.16    0.62 ^ clkbuf_4_6_0_w_clk/X (sky130_fd_sc_hd__clkbuf_8)
     7    0.02                           clknet_4_6_0_w_clk (net)
                  0.05    0.00    0.62 ^ _0969_/CLK (sky130_fd_sc_hd__dfxtp_1)
                          0.25    0.87   clock uncertainty
                         -0.06    0.81   clock reconvergence pessimism
                         -0.03    0.78   library hold time
                                  0.78   data required time
-----------------------------------------------------------------------------
                                  0.78   data required time
                                 -1.04   data arrival time
-----------------------------------------------------------------------------
                                  0.25   slack (MET)


Startpoint: _1064_ (rising edge-triggered flip-flop clocked by w_clk)
Endpoint: _1064_ (rising edge-triggered flip-flop clocked by w_clk)
Path Group: w_clk
Path Type: min

Fanout     Cap    Slew   Delay    Time   Description
-----------------------------------------------------------------------------
                          0.00    0.00   clock w_clk (rise edge)
                          0.00    0.00   clock source latency
                  0.27    0.18    0.18 ^ w_clk (in)
     1    0.06                           w_clk (net)
                  0.27    0.00    0.18 ^ clkbuf_0_w_clk/A (sky130_fd_sc_hd__clkbuf_16)
                  0.11    0.24    0.42 ^ clkbuf_0_w_clk/X (sky130_fd_sc_hd__clkbuf_16)
    16    0.09                           clknet_0_w_clk (net)
                  0.11    0.00    0.42 ^ clkbuf_4_7_0_w_clk/A (sky130_fd_sc_hd__clkbuf_8)
                  0.05    0.15    0.57 ^ clkbuf_4_7_0_w_clk/X (sky130_fd_sc_hd__clkbuf_8)
     8    0.02                           clknet_4_7_0_w_clk (net)
                  0.05    0.00    0.57 ^ _1064_/CLK (sky130_fd_sc_hd__dfxtp_1)
                  0.05    0.30    0.86 ^ _1064_/Q (sky130_fd_sc_hd__dfxtp_1)
     2    0.00                           mem[15][0] (net)
                  0.05    0.00    0.86 ^ _0872_/A0 (sky130_fd_sc_hd__mux2_1)
                  0.04    0.11    0.97 ^ _0872_/X (sky130_fd_sc_hd__mux2_1)
     1    0.00                           _0434_ (net)
                  0.04    0.00    0.97 ^ _0873_/A (sky130_fd_sc_hd__clkbuf_1)
                  0.04    0.07    1.04 ^ _0873_/X (sky130_fd_sc_hd__clkbuf_1)
     1    0.00                           _0138_ (net)
                  0.04    0.00    1.04 ^ _1064_/D (sky130_fd_sc_hd__dfxtp_1)
                                  1.04   data arrival time

                          0.00    0.00   clock w_clk (rise edge)
                          0.00    0.00   clock source latency
                  0.27    0.19    0.19 ^ w_clk (in)
     1    0.06                           w_clk (net)
                  0.27    0.00    0.19 ^ clkbuf_0_w_clk/A (sky130_fd_sc_hd__clkbuf_16)
                  0.11    0.27    0.46 ^ clkbuf_0_w_clk/X (sky130_fd_sc_hd__clkbuf_16)
    16    0.09                           clknet_0_w_clk (net)
                  0.11    0.00    0.46 ^ clkbuf_4_7_0_w_clk/A (sky130_fd_sc_hd__clkbuf_8)
                  0.05    0.17    0.63 ^ clkbuf_4_7_0_w_clk/X (sky130_fd_sc_hd__clkbuf_8)
     8    0.02                           clknet_4_7_0_w_clk (net)
                  0.05    0.00    0.63 ^ _1064_/CLK (sky130_fd_sc_hd__dfxtp_1)
                          0.25    0.88   clock uncertainty
                         -0.06    0.82   clock reconvergence pessimism
                         -0.03    0.79   library hold time
                                  0.79   data required time
-----------------------------------------------------------------------------
                                  0.79   data required time
                                 -1.04   data arrival time
-----------------------------------------------------------------------------
                                  0.25   slack (MET)


Startpoint: _1074_ (rising edge-triggered flip-flop clocked by w_clk)
Endpoint: _1074_ (rising edge-triggered flip-flop clocked by w_clk)
Path Group: w_clk
Path Type: min

Fanout     Cap    Slew   Delay    Time   Description
-----------------------------------------------------------------------------
                          0.00    0.00   clock w_clk (rise edge)
                          0.00    0.00   clock source latency
                  0.27    0.18    0.18 ^ w_clk (in)
     1    0.06                           w_clk (net)
                  0.27    0.00    0.18 ^ clkbuf_0_w_clk/A (sky130_fd_sc_hd__clkbuf_16)
                  0.11    0.24    0.42 ^ clkbuf_0_w_clk/X (sky130_fd_sc_hd__clkbuf_16)
    16    0.09                           clknet_0_w_clk (net)
                  0.11    0.00    0.42 ^ clkbuf_4_7_0_w_clk/A (sky130_fd_sc_hd__clkbuf_8)
                  0.05    0.15    0.57 ^ clkbuf_4_7_0_w_clk/X (sky130_fd_sc_hd__clkbuf_8)
     8    0.02                           clknet_4_7_0_w_clk (net)
                  0.05    0.00    0.57 ^ _1074_/CLK (sky130_fd_sc_hd__dfxtp_1)
                  0.05    0.29    0.86 ^ _1074_/Q (sky130_fd_sc_hd__dfxtp_1)
     2    0.00                           mem[9][2] (net)
                  0.05    0.00    0.86 ^ _0894_/A0 (sky130_fd_sc_hd__mux2_1)
                  0.04    0.11    0.97 ^ _0894_/X (sky130_fd_sc_hd__mux2_1)
     1    0.00                           _0446_ (net)
                  0.04    0.00    0.97 ^ _0895_/A (sky130_fd_sc_hd__clkbuf_1)
                  0.04    0.07    1.04 ^ _0895_/X (sky130_fd_sc_hd__clkbuf_1)
     1    0.00                           _0148_ (net)
                  0.04    0.00    1.04 ^ _1074_/D (sky130_fd_sc_hd__dfxtp_1)
                                  1.04   data arrival time

                          0.00    0.00   clock w_clk (rise edge)
                          0.00    0.00   clock source latency
                  0.27    0.19    0.19 ^ w_clk (in)
     1    0.06                           w_clk (net)
                  0.27    0.00    0.19 ^ clkbuf_0_w_clk/A (sky130_fd_sc_hd__clkbuf_16)
                  0.11    0.27    0.46 ^ clkbuf_0_w_clk/X (sky130_fd_sc_hd__clkbuf_16)
    16    0.09                           clknet_0_w_clk (net)
                  0.11    0.00    0.46 ^ clkbuf_4_7_0_w_clk/A (sky130_fd_sc_hd__clkbuf_8)
                  0.05    0.17    0.63 ^ clkbuf_4_7_0_w_clk/X (sky130_fd_sc_hd__clkbuf_8)
     8    0.02                           clknet_4_7_0_w_clk (net)
                  0.05    0.00    0.63 ^ _1074_/CLK (sky130_fd_sc_hd__dfxtp_1)
                          0.25    0.88   clock uncertainty
                         -0.06    0.82   clock reconvergence pessimism
                         -0.03    0.79   library hold time
                                  0.79   data required time
-----------------------------------------------------------------------------
                                  0.79   data required time
                                 -1.04   data arrival time
-----------------------------------------------------------------------------
                                  0.25   slack (MET)


Startpoint: _1016_ (rising edge-triggered flip-flop clocked by w_clk)
Endpoint: _1016_ (rising edge-triggered flip-flop clocked by w_clk)
Path Group: w_clk
Path Type: min

Fanout     Cap    Slew   Delay    Time   Description
-----------------------------------------------------------------------------
                          0.00    0.00   clock w_clk (rise edge)
                          0.00    0.00   clock source latency
                  0.27    0.18    0.18 ^ w_clk (in)
     1    0.06                           w_clk (net)
                  0.27    0.00    0.18 ^ clkbuf_0_w_clk/A (sky130_fd_sc_hd__clkbuf_16)
                  0.11    0.24    0.42 ^ clkbuf_0_w_clk/X (sky130_fd_sc_hd__clkbuf_16)
    16    0.09                           clknet_0_w_clk (net)
                  0.11    0.00    0.42 ^ clkbuf_4_2_0_w_clk/A (sky130_fd_sc_hd__clkbuf_8)
                  0.07    0.16    0.58 ^ clkbuf_4_2_0_w_clk/X (sky130_fd_sc_hd__clkbuf_8)
    11    0.03                           clknet_4_2_0_w_clk (net)
                  0.07    0.00    0.58 ^ _1016_/CLK (sky130_fd_sc_hd__dfxtp_1)
                  0.05    0.30    0.87 ^ _1016_/Q (sky130_fd_sc_hd__dfxtp_1)
     2    0.00                           mem[6][6] (net)
                  0.05    0.00    0.87 ^ _0801_/A0 (sky130_fd_sc_hd__mux2_1)
                  0.04    0.11    0.99 ^ _0801_/X (sky130_fd_sc_hd__mux2_1)
     1    0.00                           _0391_ (net)
                  0.04    0.00    0.99 ^ _0802_/A (sky130_fd_sc_hd__clkbuf_1)
                  0.04    0.07    1.05 ^ _0802_/X (sky130_fd_sc_hd__clkbuf_1)
     1    0.00                           _0110_ (net)
                  0.04    0.00    1.05 ^ _1016_/D (sky130_fd_sc_hd__dfxtp_1)
                                  1.05   data arrival time

                          0.00    0.00   clock w_clk (rise edge)
                          0.00    0.00   clock source latency
                  0.27    0.19    0.19 ^ w_clk (in)
     1    0.06                           w_clk (net)
                  0.27    0.00    0.19 ^ clkbuf_0_w_clk/A (sky130_fd_sc_hd__clkbuf_16)
                  0.11    0.27    0.46 ^ clkbuf_0_w_clk/X (sky130_fd_sc_hd__clkbuf_16)
    16    0.09                           clknet_0_w_clk (net)
                  0.11    0.00    0.46 ^ clkbuf_4_2_0_w_clk/A (sky130_fd_sc_hd__clkbuf_8)
                  0.07    0.18    0.64 ^ clkbuf_4_2_0_w_clk/X (sky130_fd_sc_hd__clkbuf_8)
    11    0.03                           clknet_4_2_0_w_clk (net)
                  0.07    0.00    0.64 ^ _1016_/CLK (sky130_fd_sc_hd__dfxtp_1)
                          0.25    0.89   clock uncertainty
                         -0.06    0.83   clock reconvergence pessimism
                         -0.03    0.80   library hold time
                                  0.80   data required time
-----------------------------------------------------------------------------
                                  0.80   data required time
                                 -1.05   data arrival time
-----------------------------------------------------------------------------
                                  0.25   slack (MET)


Startpoint: _0934_ (rising edge-triggered flip-flop clocked by w_clk)
Endpoint: _0934_ (rising edge-triggered flip-flop clocked by w_clk)
Path Group: w_clk
Path Type: min

Fanout     Cap    Slew   Delay    Time   Description
-----------------------------------------------------------------------------
                          0.00    0.00   clock w_clk (rise edge)
                          0.00    0.00   clock source latency
                  0.27    0.18    0.18 ^ w_clk (in)
     1    0.06                           w_clk (net)
                  0.27    0.00    0.18 ^ clkbuf_0_w_clk/A (sky130_fd_sc_hd__clkbuf_16)
                  0.11    0.24    0.42 ^ clkbuf_0_w_clk/X (sky130_fd_sc_hd__clkbuf_16)
    16    0.09                           clknet_0_w_clk (net)
                  0.11    0.00    0.42 ^ clkbuf_4_11_0_w_clk/A (sky130_fd_sc_hd__clkbuf_8)
                  0.06    0.16    0.57 ^ clkbuf_4_11_0_w_clk/X (sky130_fd_sc_hd__clkbuf_8)
    10    0.03                           clknet_4_11_0_w_clk (net)
                  0.06    0.00    0.57 ^ _0934_/CLK (sky130_fd_sc_hd__dfxtp_1)
                  0.05    0.30    0.87 ^ _0934_/Q (sky130_fd_sc_hd__dfxtp_1)
     2    0.00                           mem[1][4] (net)
                  0.05    0.00    0.87 ^ _0615_/A0 (sky130_fd_sc_hd__mux2_1)
                  0.04    0.11    0.98 ^ _0615_/X (sky130_fd_sc_hd__mux2_1)
     1    0.00                           _0287_ (net)
                  0.04    0.00    0.98 ^ _0616_/A (sky130_fd_sc_hd__clkbuf_1)
                  0.04    0.07    1.05 ^ _0616_/X (sky130_fd_sc_hd__clkbuf_1)
     1    0.00                           _0028_ (net)
                  0.04    0.00    1.05 ^ _0934_/D (sky130_fd_sc_hd__dfxtp_1)
                                  1.05   data arrival time

                          0.00    0.00   clock w_clk (rise edge)
                          0.00    0.00   clock source latency
                  0.27    0.19    0.19 ^ w_clk (in)
     1    0.06                           w_clk (net)
                  0.27    0.00    0.19 ^ clkbuf_0_w_clk/A (sky130_fd_sc_hd__clkbuf_16)
                  0.11    0.27    0.46 ^ clkbuf_0_w_clk/X (sky130_fd_sc_hd__clkbuf_16)
    16    0.09                           clknet_0_w_clk (net)
                  0.11    0.00    0.46 ^ clkbuf_4_11_0_w_clk/A (sky130_fd_sc_hd__clkbuf_8)
                  0.06    0.17    0.63 ^ clkbuf_4_11_0_w_clk/X (sky130_fd_sc_hd__clkbuf_8)
    10    0.03                           clknet_4_11_0_w_clk (net)
                  0.06    0.00    0.63 ^ _0934_/CLK (sky130_fd_sc_hd__dfxtp_1)
                          0.25    0.88   clock uncertainty
                         -0.06    0.82   clock reconvergence pessimism
                         -0.03    0.80   library hold time
                                  0.80   data required time
-----------------------------------------------------------------------------
                                  0.80   data required time
                                 -1.05   data arrival time
-----------------------------------------------------------------------------
                                  0.25   slack (MET)


Startpoint: _0976_ (rising edge-triggered flip-flop clocked by w_clk)
Endpoint: _0976_ (rising edge-triggered flip-flop clocked by w_clk)
Path Group: w_clk
Path Type: min

Fanout     Cap    Slew   Delay    Time   Description
-----------------------------------------------------------------------------
                          0.00    0.00   clock w_clk (rise edge)
                          0.00    0.00   clock source latency
                  0.27    0.18    0.18 ^ w_clk (in)
     1    0.06                           w_clk (net)
                  0.27    0.00    0.18 ^ clkbuf_0_w_clk/A (sky130_fd_sc_hd__clkbuf_16)
                  0.11    0.24    0.42 ^ clkbuf_0_w_clk/X (sky130_fd_sc_hd__clkbuf_16)
    16    0.09                           clknet_0_w_clk (net)
                  0.11    0.00    0.42 ^ clkbuf_4_4_0_w_clk/A (sky130_fd_sc_hd__clkbuf_8)
                  0.05    0.14    0.56 ^ clkbuf_4_4_0_w_clk/X (sky130_fd_sc_hd__clkbuf_8)
     6    0.02                           clknet_4_4_0_w_clk (net)
                  0.05    0.00    0.56 ^ _0976_/CLK (sky130_fd_sc_hd__dfxtp_1)
                  0.05    0.30    0.85 ^ _0976_/Q (sky130_fd_sc_hd__dfxtp_1)
     2    0.00                           mem[0][6] (net)
                  0.05    0.00    0.85 ^ _0712_/A0 (sky130_fd_sc_hd__mux2_1)
                  0.04    0.11    0.97 ^ _0712_/X (sky130_fd_sc_hd__mux2_1)
     1    0.00                           _0342_ (net)
                  0.04    0.00    0.97 ^ _0713_/A (sky130_fd_sc_hd__clkbuf_1)
                  0.04    0.07    1.04 ^ _0713_/X (sky130_fd_sc_hd__clkbuf_1)
     1    0.00                           _0070_ (net)
                  0.04    0.00    1.04 ^ _0976_/D (sky130_fd_sc_hd__dfxtp_1)
                                  1.04   data arrival time

                          0.00    0.00   clock w_clk (rise edge)
                          0.00    0.00   clock source latency
                  0.27    0.19    0.19 ^ w_clk (in)
     1    0.06                           w_clk (net)
                  0.27    0.00    0.19 ^ clkbuf_0_w_clk/A (sky130_fd_sc_hd__clkbuf_16)
                  0.11    0.27    0.46 ^ clkbuf_0_w_clk/X (sky130_fd_sc_hd__clkbuf_16)
    16    0.09                           clknet_0_w_clk (net)
                  0.11    0.00    0.46 ^ clkbuf_4_4_0_w_clk/A (sky130_fd_sc_hd__clkbuf_8)
                  0.05    0.16    0.62 ^ clkbuf_4_4_0_w_clk/X (sky130_fd_sc_hd__clkbuf_8)
     6    0.02                           clknet_4_4_0_w_clk (net)
                  0.05    0.00    0.62 ^ _0976_/CLK (sky130_fd_sc_hd__dfxtp_1)
                          0.25    0.87   clock uncertainty
                         -0.06    0.81   clock reconvergence pessimism
                         -0.03    0.78   library hold time
                                  0.78   data required time
-----------------------------------------------------------------------------
                                  0.78   data required time
                                 -1.04   data arrival time
-----------------------------------------------------------------------------
                                  0.25   slack (MET)


Startpoint: _0909_ (rising edge-triggered flip-flop clocked by w_clk)
Endpoint: _0909_ (rising edge-triggered flip-flop clocked by w_clk)
Path Group: w_clk
Path Type: min

Fanout     Cap    Slew   Delay    Time   Description
-----------------------------------------------------------------------------
                          0.00    0.00   clock w_clk (rise edge)
                          0.00    0.00   clock source latency
                  0.27    0.18    0.18 ^ w_clk (in)
     1    0.06                           w_clk (net)
                  0.27    0.00    0.18 ^ clkbuf_0_w_clk/A (sky130_fd_sc_hd__clkbuf_16)
                  0.11    0.24    0.42 ^ clkbuf_0_w_clk/X (sky130_fd_sc_hd__clkbuf_16)
    16    0.09                           clknet_0_w_clk (net)
                  0.11    0.00    0.42 ^ clkbuf_4_11_0_w_clk/A (sky130_fd_sc_hd__clkbuf_8)
                  0.06    0.16    0.57 ^ clkbuf_4_11_0_w_clk/X (sky130_fd_sc_hd__clkbuf_8)
    10    0.03                           clknet_4_11_0_w_clk (net)
                  0.06    0.00    0.57 ^ _0909_/CLK (sky130_fd_sc_hd__dfxtp_1)
                  0.05    0.30    0.87 ^ _0909_/Q (sky130_fd_sc_hd__dfxtp_1)
     2    0.00                           mem[5][3] (net)
                  0.05    0.00    0.87 ^ _0496_/A0 (sky130_fd_sc_hd__mux2_1)
                  0.04    0.11    0.98 ^ _0496_/X (sky130_fd_sc_hd__mux2_1)
     1    0.00                           _0193_ (net)
                  0.04    0.00    0.98 ^ _0497_/A (sky130_fd_sc_hd__clkbuf_1)
                  0.04    0.07    1.05 ^ _0497_/X (sky130_fd_sc_hd__clkbuf_1)
     1    0.00                           _0003_ (net)
                  0.04    0.00    1.05 ^ _0909_/D (sky130_fd_sc_hd__dfxtp_1)
                                  1.05   data arrival time

                          0.00    0.00   clock w_clk (rise edge)
                          0.00    0.00   clock source latency
                  0.27    0.19    0.19 ^ w_clk (in)
     1    0.06                           w_clk (net)
                  0.27    0.00    0.19 ^ clkbuf_0_w_clk/A (sky130_fd_sc_hd__clkbuf_16)
                  0.11    0.27    0.46 ^ clkbuf_0_w_clk/X (sky130_fd_sc_hd__clkbuf_16)
    16    0.09                           clknet_0_w_clk (net)
                  0.11    0.00    0.46 ^ clkbuf_4_11_0_w_clk/A (sky130_fd_sc_hd__clkbuf_8)
                  0.06    0.17    0.63 ^ clkbuf_4_11_0_w_clk/X (sky130_fd_sc_hd__clkbuf_8)
    10    0.03                           clknet_4_11_0_w_clk (net)
                  0.06    0.00    0.63 ^ _0909_/CLK (sky130_fd_sc_hd__dfxtp_1)
                          0.25    0.88   clock uncertainty
                         -0.06    0.82   clock reconvergence pessimism
                         -0.03    0.80   library hold time
                                  0.80   data required time
-----------------------------------------------------------------------------
                                  0.80   data required time
                                 -1.05   data arrival time
-----------------------------------------------------------------------------
                                  0.25   slack (MET)


Startpoint: _0964_ (rising edge-triggered flip-flop clocked by w_clk)
Endpoint: _0964_ (rising edge-triggered flip-flop clocked by w_clk)
Path Group: w_clk
Path Type: min

Fanout     Cap    Slew   Delay    Time   Description
-----------------------------------------------------------------------------
                          0.00    0.00   clock w_clk (rise edge)
                          0.00    0.00   clock source latency
                  0.27    0.18    0.18 ^ w_clk (in)
     1    0.06                           w_clk (net)
                  0.27    0.00    0.18 ^ clkbuf_0_w_clk/A (sky130_fd_sc_hd__clkbuf_16)
                  0.11    0.24    0.42 ^ clkbuf_0_w_clk/X (sky130_fd_sc_hd__clkbuf_16)
    16    0.09                           clknet_0_w_clk (net)
                  0.11    0.00    0.42 ^ clkbuf_4_6_0_w_clk/A (sky130_fd_sc_hd__clkbuf_8)
                  0.05    0.15    0.56 ^ clkbuf_4_6_0_w_clk/X (sky130_fd_sc_hd__clkbuf_8)
     7    0.02                           clknet_4_6_0_w_clk (net)
                  0.05    0.00    0.56 ^ _0964_/CLK (sky130_fd_sc_hd__dfxtp_1)
                  0.05    0.30    0.86 ^ _0964_/Q (sky130_fd_sc_hd__dfxtp_1)
     2    0.00                           mem[10][2] (net)
                  0.05    0.00    0.86 ^ _0685_/A0 (sky130_fd_sc_hd__mux2_1)
                  0.04    0.11    0.97 ^ _0685_/X (sky130_fd_sc_hd__mux2_1)
     1    0.00                           _0327_ (net)
                  0.04    0.00    0.97 ^ _0686_/A (sky130_fd_sc_hd__clkbuf_1)
                  0.04    0.07    1.04 ^ _0686_/X (sky130_fd_sc_hd__clkbuf_1)
     1    0.00                           _0058_ (net)
                  0.04    0.00    1.04 ^ _0964_/D (sky130_fd_sc_hd__dfxtp_1)
                                  1.04   data arrival time

                          0.00    0.00   clock w_clk (rise edge)
                          0.00    0.00   clock source latency
                  0.27    0.19    0.19 ^ w_clk (in)
     1    0.06                           w_clk (net)
                  0.27    0.00    0.19 ^ clkbuf_0_w_clk/A (sky130_fd_sc_hd__clkbuf_16)
                  0.11    0.27    0.46 ^ clkbuf_0_w_clk/X (sky130_fd_sc_hd__clkbuf_16)
    16    0.09                           clknet_0_w_clk (net)
                  0.11    0.00    0.46 ^ clkbuf_4_6_0_w_clk/A (sky130_fd_sc_hd__clkbuf_8)
                  0.05    0.16    0.62 ^ clkbuf_4_6_0_w_clk/X (sky130_fd_sc_hd__clkbuf_8)
     7    0.02                           clknet_4_6_0_w_clk (net)
                  0.05    0.00    0.62 ^ _0964_/CLK (sky130_fd_sc_hd__dfxtp_1)
                          0.25    0.87   clock uncertainty
                         -0.06    0.81   clock reconvergence pessimism
                         -0.03    0.78   library hold time
                                  0.78   data required time
-----------------------------------------------------------------------------
                                  0.78   data required time
                                 -1.04   data arrival time
-----------------------------------------------------------------------------
                                  0.25   slack (MET)


Startpoint: _0931_ (rising edge-triggered flip-flop clocked by w_clk)
Endpoint: _0931_ (rising edge-triggered flip-flop clocked by w_clk)
Path Group: w_clk
Path Type: min

Fanout     Cap    Slew   Delay    Time   Description
-----------------------------------------------------------------------------
                          0.00    0.00   clock w_clk (rise edge)
                          0.00    0.00   clock source latency
                  0.27    0.18    0.18 ^ w_clk (in)
     1    0.06                           w_clk (net)
                  0.27    0.00    0.18 ^ clkbuf_0_w_clk/A (sky130_fd_sc_hd__clkbuf_16)
                  0.11    0.24    0.42 ^ clkbuf_0_w_clk/X (sky130_fd_sc_hd__clkbuf_16)
    16    0.09                           clknet_0_w_clk (net)
                  0.11    0.00    0.42 ^ clkbuf_4_3_0_w_clk/A (sky130_fd_sc_hd__clkbuf_8)
                  0.05    0.14    0.56 ^ clkbuf_4_3_0_w_clk/X (sky130_fd_sc_hd__clkbuf_8)
     6    0.02                           clknet_4_3_0_w_clk (net)
                  0.05    0.00    0.56 ^ _0931_/CLK (sky130_fd_sc_hd__dfxtp_1)
                  0.05    0.29    0.85 ^ _0931_/Q (sky130_fd_sc_hd__dfxtp_1)
     2    0.00                           mem[1][1] (net)
                  0.05    0.00    0.85 ^ _0609_/A0 (sky130_fd_sc_hd__mux2_1)
                  0.04    0.11    0.96 ^ _0609_/X (sky130_fd_sc_hd__mux2_1)
     1    0.00                           _0284_ (net)
                  0.04    0.00    0.96 ^ _0610_/A (sky130_fd_sc_hd__clkbuf_1)
                  0.04    0.07    1.03 ^ _0610_/X (sky130_fd_sc_hd__clkbuf_1)
     1    0.00                           _0025_ (net)
                  0.04    0.00    1.03 ^ _0931_/D (sky130_fd_sc_hd__dfxtp_1)
                                  1.03   data arrival time

                          0.00    0.00   clock w_clk (rise edge)
                          0.00    0.00   clock source latency
                  0.27    0.19    0.19 ^ w_clk (in)
     1    0.06                           w_clk (net)
                  0.27    0.00    0.19 ^ clkbuf_0_w_clk/A (sky130_fd_sc_hd__clkbuf_16)
                  0.11    0.27    0.46 ^ clkbuf_0_w_clk/X (sky130_fd_sc_hd__clkbuf_16)
    16    0.09                           clknet_0_w_clk (net)
                  0.11    0.00    0.46 ^ clkbuf_4_3_0_w_clk/A (sky130_fd_sc_hd__clkbuf_8)
                  0.05    0.16    0.62 ^ clkbuf_4_3_0_w_clk/X (sky130_fd_sc_hd__clkbuf_8)
     6    0.02                           clknet_4_3_0_w_clk (net)
                  0.05    0.00    0.62 ^ _0931_/CLK (sky130_fd_sc_hd__dfxtp_1)
                          0.25    0.87   clock uncertainty
                         -0.06    0.81   clock reconvergence pessimism
                         -0.03    0.78   library hold time
                                  0.78   data required time
-----------------------------------------------------------------------------
                                  0.78   data required time
                                 -1.03   data arrival time
-----------------------------------------------------------------------------
                                  0.25   slack (MET)


Startpoint: _0956_ (rising edge-triggered flip-flop clocked by w_clk)
Endpoint: _0956_ (rising edge-triggered flip-flop clocked by w_clk)
Path Group: w_clk
Path Type: min

Fanout     Cap    Slew   Delay    Time   Description
-----------------------------------------------------------------------------
                          0.00    0.00   clock w_clk (rise edge)
                          0.00    0.00   clock source latency
                  0.27    0.18    0.18 ^ w_clk (in)
     1    0.06                           w_clk (net)
                  0.27    0.00    0.18 ^ clkbuf_0_w_clk/A (sky130_fd_sc_hd__clkbuf_16)
                  0.11    0.24    0.42 ^ clkbuf_0_w_clk/X (sky130_fd_sc_hd__clkbuf_16)
    16    0.09                           clknet_0_w_clk (net)
                  0.11    0.00    0.42 ^ clkbuf_4_12_0_w_clk/A (sky130_fd_sc_hd__clkbuf_8)
                  0.06    0.16    0.57 ^ clkbuf_4_12_0_w_clk/X (sky130_fd_sc_hd__clkbuf_8)
     9    0.03                           clknet_4_12_0_w_clk (net)
                  0.06    0.00    0.57 ^ _0956_/CLK (sky130_fd_sc_hd__dfxtp_1)
                  0.05    0.30    0.87 ^ _0956_/Q (sky130_fd_sc_hd__dfxtp_1)
     2    0.00                           mem[11][2] (net)
                  0.05    0.00    0.87 ^ _0665_/A0 (sky130_fd_sc_hd__mux2_1)
                  0.04    0.11    0.98 ^ _0665_/X (sky130_fd_sc_hd__mux2_1)
     1    0.00                           _0315_ (net)
                  0.04    0.00    0.98 ^ _0666_/A (sky130_fd_sc_hd__clkbuf_1)
                  0.04    0.07    1.05 ^ _0666_/X (sky130_fd_sc_hd__clkbuf_1)
     1    0.00                           _0050_ (net)
                  0.04    0.00    1.05 ^ _0956_/D (sky130_fd_sc_hd__dfxtp_1)
                                  1.05   data arrival time

                          0.00    0.00   clock w_clk (rise edge)
                          0.00    0.00   clock source latency
                  0.27    0.19    0.19 ^ w_clk (in)
     1    0.06                           w_clk (net)
                  0.27    0.00    0.19 ^ clkbuf_0_w_clk/A (sky130_fd_sc_hd__clkbuf_16)
                  0.11    0.27    0.46 ^ clkbuf_0_w_clk/X (sky130_fd_sc_hd__clkbuf_16)
    16    0.09                           clknet_0_w_clk (net)
                  0.11    0.00    0.46 ^ clkbuf_4_12_0_w_clk/A (sky130_fd_sc_hd__clkbuf_8)
                  0.06    0.17    0.63 ^ clkbuf_4_12_0_w_clk/X (sky130_fd_sc_hd__clkbuf_8)
     9    0.03                           clknet_4_12_0_w_clk (net)
                  0.06    0.00    0.63 ^ _0956_/CLK (sky130_fd_sc_hd__dfxtp_1)
                          0.25    0.88   clock uncertainty
                         -0.06    0.82   clock reconvergence pessimism
                         -0.03    0.79   library hold time
                                  0.79   data required time
-----------------------------------------------------------------------------
                                  0.79   data required time
                                 -1.05   data arrival time
-----------------------------------------------------------------------------
                                  0.26   slack (MET)


Startpoint: _1070_ (rising edge-triggered flip-flop clocked by w_clk)
Endpoint: _1070_ (rising edge-triggered flip-flop clocked by w_clk)
Path Group: w_clk
Path Type: min

Fanout     Cap    Slew   Delay    Time   Description
-----------------------------------------------------------------------------
                          0.00    0.00   clock w_clk (rise edge)
                          0.00    0.00   clock source latency
                  0.27    0.18    0.18 ^ w_clk (in)
     1    0.06                           w_clk (net)
                  0.27    0.00    0.18 ^ clkbuf_0_w_clk/A (sky130_fd_sc_hd__clkbuf_16)
                  0.11    0.24    0.42 ^ clkbuf_0_w_clk/X (sky130_fd_sc_hd__clkbuf_16)
    16    0.09                           clknet_0_w_clk (net)
                  0.11    0.00    0.42 ^ clkbuf_4_5_0_w_clk/A (sky130_fd_sc_hd__clkbuf_8)
                  0.06    0.15    0.57 ^ clkbuf_4_5_0_w_clk/X (sky130_fd_sc_hd__clkbuf_8)
     8    0.02                           clknet_4_5_0_w_clk (net)
                  0.06    0.00    0.57 ^ _1070_/CLK (sky130_fd_sc_hd__dfxtp_1)
                  0.05    0.30    0.86 ^ _1070_/Q (sky130_fd_sc_hd__dfxtp_1)
     2    0.00                           mem[15][6] (net)
                  0.05    0.00    0.86 ^ _0884_/A0 (sky130_fd_sc_hd__mux2_1)
                  0.04    0.11    0.97 ^ _0884_/X (sky130_fd_sc_hd__mux2_1)
     1    0.00                           _0440_ (net)
                  0.04    0.00    0.97 ^ _0885_/A (sky130_fd_sc_hd__clkbuf_1)
                  0.04    0.07    1.04 ^ _0885_/X (sky130_fd_sc_hd__clkbuf_1)
     1    0.00                           _0144_ (net)
                  0.04    0.00    1.04 ^ _1070_/D (sky130_fd_sc_hd__dfxtp_1)
                                  1.04   data arrival time

                          0.00    0.00   clock w_clk (rise edge)
                          0.00    0.00   clock source latency
                  0.27    0.19    0.19 ^ w_clk (in)
     1    0.06                           w_clk (net)
                  0.27    0.00    0.19 ^ clkbuf_0_w_clk/A (sky130_fd_sc_hd__clkbuf_16)
                  0.11    0.27    0.46 ^ clkbuf_0_w_clk/X (sky130_fd_sc_hd__clkbuf_16)
    16    0.09                           clknet_0_w_clk (net)
                  0.11    0.00    0.46 ^ clkbuf_4_5_0_w_clk/A (sky130_fd_sc_hd__clkbuf_8)
                  0.06    0.17    0.63 ^ clkbuf_4_5_0_w_clk/X (sky130_fd_sc_hd__clkbuf_8)
     8    0.02                           clknet_4_5_0_w_clk (net)
                  0.06    0.00    0.63 ^ _1070_/CLK (sky130_fd_sc_hd__dfxtp_1)
                          0.25    0.88   clock uncertainty
                         -0.06    0.82   clock reconvergence pessimism
                         -0.03    0.79   library hold time
                                  0.79   data required time
-----------------------------------------------------------------------------
                                  0.79   data required time
                                 -1.04   data arrival time
-----------------------------------------------------------------------------
                                  0.26   slack (MET)


Startpoint: _1073_ (rising edge-triggered flip-flop clocked by w_clk)
Endpoint: _1073_ (rising edge-triggered flip-flop clocked by w_clk)
Path Group: w_clk
Path Type: min

Fanout     Cap    Slew   Delay    Time   Description
-----------------------------------------------------------------------------
                          0.00    0.00   clock w_clk (rise edge)
                          0.00    0.00   clock source latency
                  0.27    0.18    0.18 ^ w_clk (in)
     1    0.06                           w_clk (net)
                  0.27    0.00    0.18 ^ clkbuf_0_w_clk/A (sky130_fd_sc_hd__clkbuf_16)
                  0.11    0.24    0.42 ^ clkbuf_0_w_clk/X (sky130_fd_sc_hd__clkbuf_16)
    16    0.09                           clknet_0_w_clk (net)
                  0.11    0.00    0.42 ^ clkbuf_4_4_0_w_clk/A (sky130_fd_sc_hd__clkbuf_8)
                  0.05    0.14    0.56 ^ clkbuf_4_4_0_w_clk/X (sky130_fd_sc_hd__clkbuf_8)
     6    0.02                           clknet_4_4_0_w_clk (net)
                  0.05    0.00    0.56 ^ _1073_/CLK (sky130_fd_sc_hd__dfxtp_1)
                  0.05    0.29    0.85 ^ _1073_/Q (sky130_fd_sc_hd__dfxtp_1)
     2    0.00                           mem[9][1] (net)
                  0.05    0.00    0.85 ^ _0892_/A0 (sky130_fd_sc_hd__mux2_1)
                  0.04    0.11    0.96 ^ _0892_/X (sky130_fd_sc_hd__mux2_1)
     1    0.00                           _0445_ (net)
                  0.04    0.00    0.96 ^ _0893_/A (sky130_fd_sc_hd__clkbuf_1)
                  0.04    0.07    1.03 ^ _0893_/X (sky130_fd_sc_hd__clkbuf_1)
     1    0.00                           _0147_ (net)
                  0.04    0.00    1.03 ^ _1073_/D (sky130_fd_sc_hd__dfxtp_1)
                                  1.03   data arrival time

                          0.00    0.00   clock w_clk (rise edge)
                          0.00    0.00   clock source latency
                  0.27    0.19    0.19 ^ w_clk (in)
     1    0.06                           w_clk (net)
                  0.27    0.00    0.19 ^ clkbuf_0_w_clk/A (sky130_fd_sc_hd__clkbuf_16)
                  0.11    0.27    0.46 ^ clkbuf_0_w_clk/X (sky130_fd_sc_hd__clkbuf_16)
    16    0.09                           clknet_0_w_clk (net)
                  0.11    0.00    0.46 ^ clkbuf_4_4_0_w_clk/A (sky130_fd_sc_hd__clkbuf_8)
                  0.05    0.16    0.62 ^ clkbuf_4_4_0_w_clk/X (sky130_fd_sc_hd__clkbuf_8)
     6    0.02                           clknet_4_4_0_w_clk (net)
                  0.05    0.00    0.62 ^ _1073_/CLK (sky130_fd_sc_hd__dfxtp_1)
                          0.25    0.87   clock uncertainty
                         -0.06    0.81   clock reconvergence pessimism
                         -0.03    0.78   library hold time
                                  0.78   data required time
-----------------------------------------------------------------------------
                                  0.78   data required time
                                 -1.03   data arrival time
-----------------------------------------------------------------------------
                                  0.26   slack (MET)


Startpoint: _0927_ (rising edge-triggered flip-flop clocked by w_clk)
Endpoint: _0927_ (rising edge-triggered flip-flop clocked by w_clk)
Path Group: w_clk
Path Type: min

Fanout     Cap    Slew   Delay    Time   Description
-----------------------------------------------------------------------------
                          0.00    0.00   clock w_clk (rise edge)
                          0.00    0.00   clock source latency
                  0.27    0.18    0.18 ^ w_clk (in)
     1    0.06                           w_clk (net)
                  0.27    0.00    0.18 ^ clkbuf_0_w_clk/A (sky130_fd_sc_hd__clkbuf_16)
                  0.11    0.24    0.42 ^ clkbuf_0_w_clk/X (sky130_fd_sc_hd__clkbuf_16)
    16    0.09                           clknet_0_w_clk (net)
                  0.11    0.00    0.42 ^ clkbuf_4_15_0_w_clk/A (sky130_fd_sc_hd__clkbuf_8)
                  0.07    0.16    0.58 ^ clkbuf_4_15_0_w_clk/X (sky130_fd_sc_hd__clkbuf_8)
    12    0.03                           clknet_4_15_0_w_clk (net)
                  0.07    0.00    0.58 ^ _0927_/CLK (sky130_fd_sc_hd__dfxtp_1)
                  0.05    0.30    0.88 ^ _0927_/Q (sky130_fd_sc_hd__dfxtp_1)
     2    0.00                           mem[14][5] (net)
                  0.05    0.00    0.88 ^ _0598_/A0 (sky130_fd_sc_hd__mux2_1)
                  0.04    0.11    0.99 ^ _0598_/X (sky130_fd_sc_hd__mux2_1)
     1    0.00                           _0277_ (net)
                  0.04    0.00    0.99 ^ _0599_/A (sky130_fd_sc_hd__clkbuf_1)
                  0.03    0.07    1.06 ^ _0599_/X (sky130_fd_sc_hd__clkbuf_1)
     1    0.00                           _0021_ (net)
                  0.03    0.00    1.06 ^ _0927_/D (sky130_fd_sc_hd__dfxtp_1)
                                  1.06   data arrival time

                          0.00    0.00   clock w_clk (rise edge)
                          0.00    0.00   clock source latency
                  0.27    0.19    0.19 ^ w_clk (in)
     1    0.06                           w_clk (net)
                  0.27    0.00    0.19 ^ clkbuf_0_w_clk/A (sky130_fd_sc_hd__clkbuf_16)
                  0.11    0.27    0.46 ^ clkbuf_0_w_clk/X (sky130_fd_sc_hd__clkbuf_16)
    16    0.09                           clknet_0_w_clk (net)
                  0.11    0.00    0.46 ^ clkbuf_4_15_0_w_clk/A (sky130_fd_sc_hd__clkbuf_8)
                  0.07    0.18    0.64 ^ clkbuf_4_15_0_w_clk/X (sky130_fd_sc_hd__clkbuf_8)
    12    0.03                           clknet_4_15_0_w_clk (net)
                  0.07    0.00    0.64 ^ _0927_/CLK (sky130_fd_sc_hd__dfxtp_1)
                          0.25    0.89   clock uncertainty
                         -0.06    0.83   clock reconvergence pessimism
                         -0.03    0.81   library hold time
                                  0.81   data required time
-----------------------------------------------------------------------------
                                  0.81   data required time
                                 -1.06   data arrival time
-----------------------------------------------------------------------------
                                  0.26   slack (MET)


Startpoint: _1072_ (rising edge-triggered flip-flop clocked by w_clk)
Endpoint: _1072_ (rising edge-triggered flip-flop clocked by w_clk)
Path Group: w_clk
Path Type: min

Fanout     Cap    Slew   Delay    Time   Description
-----------------------------------------------------------------------------
                          0.00    0.00   clock w_clk (rise edge)
                          0.00    0.00   clock source latency
                  0.27    0.18    0.18 ^ w_clk (in)
     1    0.06                           w_clk (net)
                  0.27    0.00    0.18 ^ clkbuf_0_w_clk/A (sky130_fd_sc_hd__clkbuf_16)
                  0.11    0.24    0.42 ^ clkbuf_0_w_clk/X (sky130_fd_sc_hd__clkbuf_16)
    16    0.09                           clknet_0_w_clk (net)
                  0.11    0.00    0.42 ^ clkbuf_4_7_0_w_clk/A (sky130_fd_sc_hd__clkbuf_8)
                  0.05    0.15    0.57 ^ clkbuf_4_7_0_w_clk/X (sky130_fd_sc_hd__clkbuf_8)
     8    0.02                           clknet_4_7_0_w_clk (net)
                  0.05    0.00    0.57 ^ _1072_/CLK (sky130_fd_sc_hd__dfxtp_1)
                  0.05    0.30    0.86 ^ _1072_/Q (sky130_fd_sc_hd__dfxtp_1)
     2    0.00                           mem[9][0] (net)
                  0.05    0.00    0.86 ^ _0890_/A0 (sky130_fd_sc_hd__mux2_1)
                  0.04    0.11    0.98 ^ _0890_/X (sky130_fd_sc_hd__mux2_1)
     1    0.00                           _0444_ (net)
                  0.04    0.00    0.98 ^ _0891_/A (sky130_fd_sc_hd__clkbuf_1)
                  0.04    0.07    1.04 ^ _0891_/X (sky130_fd_sc_hd__clkbuf_1)
     1    0.00                           _0146_ (net)
                  0.04    0.00    1.04 ^ _1072_/D (sky130_fd_sc_hd__dfxtp_1)
                                  1.04   data arrival time

                          0.00    0.00   clock w_clk (rise edge)
                          0.00    0.00   clock source latency
                  0.27    0.19    0.19 ^ w_clk (in)
     1    0.06                           w_clk (net)
                  0.27    0.00    0.19 ^ clkbuf_0_w_clk/A (sky130_fd_sc_hd__clkbuf_16)
                  0.11    0.27    0.46 ^ clkbuf_0_w_clk/X (sky130_fd_sc_hd__clkbuf_16)
    16    0.09                           clknet_0_w_clk (net)
                  0.11    0.00    0.46 ^ clkbuf_4_7_0_w_clk/A (sky130_fd_sc_hd__clkbuf_8)
                  0.05    0.17    0.63 ^ clkbuf_4_7_0_w_clk/X (sky130_fd_sc_hd__clkbuf_8)
     8    0.02                           clknet_4_7_0_w_clk (net)
                  0.05    0.00    0.63 ^ _1072_/CLK (sky130_fd_sc_hd__dfxtp_1)
                          0.25    0.88   clock uncertainty
                         -0.06    0.82   clock reconvergence pessimism
                         -0.03    0.79   library hold time
                                  0.79   data required time
-----------------------------------------------------------------------------
                                  0.79   data required time
                                 -1.04   data arrival time
-----------------------------------------------------------------------------
                                  0.26   slack (MET)


Startpoint: _0930_ (rising edge-triggered flip-flop clocked by w_clk)
Endpoint: _0930_ (rising edge-triggered flip-flop clocked by w_clk)
Path Group: w_clk
Path Type: min

Fanout     Cap    Slew   Delay    Time   Description
-----------------------------------------------------------------------------
                          0.00    0.00   clock w_clk (rise edge)
                          0.00    0.00   clock source latency
                  0.27    0.18    0.18 ^ w_clk (in)
     1    0.06                           w_clk (net)
                  0.27    0.00    0.18 ^ clkbuf_0_w_clk/A (sky130_fd_sc_hd__clkbuf_16)
                  0.11    0.24    0.42 ^ clkbuf_0_w_clk/X (sky130_fd_sc_hd__clkbuf_16)
    16    0.09                           clknet_0_w_clk (net)
                  0.11    0.00    0.42 ^ clkbuf_4_3_0_w_clk/A (sky130_fd_sc_hd__clkbuf_8)
                  0.05    0.14    0.56 ^ clkbuf_4_3_0_w_clk/X (sky130_fd_sc_hd__clkbuf_8)
     6    0.02                           clknet_4_3_0_w_clk (net)
                  0.05    0.00    0.56 ^ _0930_/CLK (sky130_fd_sc_hd__dfxtp_1)
                  0.05    0.29    0.85 ^ _0930_/Q (sky130_fd_sc_hd__dfxtp_1)
     2    0.00                           mem[1][0] (net)
                  0.05    0.00    0.85 ^ _0607_/A0 (sky130_fd_sc_hd__mux2_1)
                  0.04    0.11    0.96 ^ _0607_/X (sky130_fd_sc_hd__mux2_1)
     1    0.00                           _0283_ (net)
                  0.04    0.00    0.96 ^ _0608_/A (sky130_fd_sc_hd__clkbuf_1)
                  0.04    0.07    1.03 ^ _0608_/X (sky130_fd_sc_hd__clkbuf_1)
     1    0.00                           _0024_ (net)
                  0.04    0.00    1.03 ^ _0930_/D (sky130_fd_sc_hd__dfxtp_1)
                                  1.03   data arrival time

                          0.00    0.00   clock w_clk (rise edge)
                          0.00    0.00   clock source latency
                  0.27    0.19    0.19 ^ w_clk (in)
     1    0.06                           w_clk (net)
                  0.27    0.00    0.19 ^ clkbuf_0_w_clk/A (sky130_fd_sc_hd__clkbuf_16)
                  0.11    0.27    0.46 ^ clkbuf_0_w_clk/X (sky130_fd_sc_hd__clkbuf_16)
    16    0.09                           clknet_0_w_clk (net)
                  0.11    0.00    0.46 ^ clkbuf_4_3_0_w_clk/A (sky130_fd_sc_hd__clkbuf_8)
                  0.05    0.16    0.62 ^ clkbuf_4_3_0_w_clk/X (sky130_fd_sc_hd__clkbuf_8)
     6    0.02                           clknet_4_3_0_w_clk (net)
                  0.05    0.00    0.62 ^ _0930_/CLK (sky130_fd_sc_hd__dfxtp_1)
                          0.25    0.87   clock uncertainty
                         -0.06    0.81   clock reconvergence pessimism
                         -0.03    0.78   library hold time
                                  0.78   data required time
-----------------------------------------------------------------------------
                                  0.78   data required time
                                 -1.03   data arrival time
-----------------------------------------------------------------------------
                                  0.26   slack (MET)


Startpoint: _0942_ (rising edge-triggered flip-flop clocked by w_clk)
Endpoint: _0942_ (rising edge-triggered flip-flop clocked by w_clk)
Path Group: w_clk
Path Type: min

Fanout     Cap    Slew   Delay    Time   Description
-----------------------------------------------------------------------------
                          0.00    0.00   clock w_clk (rise edge)
                          0.00    0.00   clock source latency
                  0.27    0.18    0.18 ^ w_clk (in)
     1    0.06                           w_clk (net)
                  0.27    0.00    0.18 ^ clkbuf_0_w_clk/A (sky130_fd_sc_hd__clkbuf_16)
                  0.11    0.24    0.42 ^ clkbuf_0_w_clk/X (sky130_fd_sc_hd__clkbuf_16)
    16    0.09                           clknet_0_w_clk (net)
                  0.11    0.00    0.42 ^ clkbuf_4_14_0_w_clk/A (sky130_fd_sc_hd__clkbuf_8)
                  0.07    0.16    0.58 ^ clkbuf_4_14_0_w_clk/X (sky130_fd_sc_hd__clkbuf_8)
    10    0.03                           clknet_4_14_0_w_clk (net)
                  0.07    0.00    0.58 ^ _0942_/CLK (sky130_fd_sc_hd__dfxtp_1)
                  0.05    0.30    0.88 ^ _0942_/Q (sky130_fd_sc_hd__dfxtp_1)
     2    0.00                           mem[13][4] (net)
                  0.05    0.00    0.88 ^ _0633_/A0 (sky130_fd_sc_hd__mux2_1)
                  0.04    0.11    0.99 ^ _0633_/X (sky130_fd_sc_hd__mux2_1)
     1    0.00                           _0297_ (net)
                  0.04    0.00    0.99 ^ _0634_/A (sky130_fd_sc_hd__clkbuf_1)
                  0.04    0.07    1.05 ^ _0634_/X (sky130_fd_sc_hd__clkbuf_1)
     1    0.00                           _0036_ (net)
                  0.04    0.00    1.05 ^ _0942_/D (sky130_fd_sc_hd__dfxtp_1)
                                  1.05   data arrival time

                          0.00    0.00   clock w_clk (rise edge)
                          0.00    0.00   clock source latency
                  0.27    0.19    0.19 ^ w_clk (in)
     1    0.06                           w_clk (net)
                  0.27    0.00    0.19 ^ clkbuf_0_w_clk/A (sky130_fd_sc_hd__clkbuf_16)
                  0.11    0.27    0.46 ^ clkbuf_0_w_clk/X (sky130_fd_sc_hd__clkbuf_16)
    16    0.09                           clknet_0_w_clk (net)
                  0.11    0.00    0.46 ^ clkbuf_4_14_0_w_clk/A (sky130_fd_sc_hd__clkbuf_8)
                  0.07    0.18    0.64 ^ clkbuf_4_14_0_w_clk/X (sky130_fd_sc_hd__clkbuf_8)
    10    0.03                           clknet_4_14_0_w_clk (net)
                  0.07    0.00    0.64 ^ _0942_/CLK (sky130_fd_sc_hd__dfxtp_1)
                          0.25    0.89   clock uncertainty
                         -0.06    0.83   clock reconvergence pessimism
                         -0.03    0.80   library hold time
                                  0.80   data required time
-----------------------------------------------------------------------------
                                  0.80   data required time
                                 -1.05   data arrival time
-----------------------------------------------------------------------------
                                  0.26   slack (MET)


Startpoint: _0951_ (rising edge-triggered flip-flop clocked by w_clk)
Endpoint: _0951_ (rising edge-triggered flip-flop clocked by w_clk)
Path Group: w_clk
Path Type: min

Fanout     Cap    Slew   Delay    Time   Description
-----------------------------------------------------------------------------
                          0.00    0.00   clock w_clk (rise edge)
                          0.00    0.00   clock source latency
                  0.27    0.18    0.18 ^ w_clk (in)
     1    0.06                           w_clk (net)
                  0.27    0.00    0.18 ^ clkbuf_0_w_clk/A (sky130_fd_sc_hd__clkbuf_16)
                  0.11    0.24    0.42 ^ clkbuf_0_w_clk/X (sky130_fd_sc_hd__clkbuf_16)
    16    0.09                           clknet_0_w_clk (net)
                  0.11    0.00    0.42 ^ clkbuf_4_15_0_w_clk/A (sky130_fd_sc_hd__clkbuf_8)
                  0.07    0.16    0.58 ^ clkbuf_4_15_0_w_clk/X (sky130_fd_sc_hd__clkbuf_8)
    12    0.03                           clknet_4_15_0_w_clk (net)
                  0.07    0.00    0.58 ^ _0951_/CLK (sky130_fd_sc_hd__dfxtp_1)
                  0.05    0.30    0.88 ^ _0951_/Q (sky130_fd_sc_hd__dfxtp_1)
     2    0.00                           mem[12][5] (net)
                  0.05    0.00    0.88 ^ _0653_/A0 (sky130_fd_sc_hd__mux2_1)
                  0.04    0.11    0.99 ^ _0653_/X (sky130_fd_sc_hd__mux2_1)
     1    0.00                           _0308_ (net)
                  0.04    0.00    0.99 ^ _0654_/A (sky130_fd_sc_hd__clkbuf_1)
                  0.04    0.07    1.06 ^ _0654_/X (sky130_fd_sc_hd__clkbuf_1)
     1    0.00                           _0045_ (net)
                  0.04    0.00    1.06 ^ _0951_/D (sky130_fd_sc_hd__dfxtp_1)
                                  1.06   data arrival time

                          0.00    0.00   clock w_clk (rise edge)
                          0.00    0.00   clock source latency
                  0.27    0.19    0.19 ^ w_clk (in)
     1    0.06                           w_clk (net)
                  0.27    0.00    0.19 ^ clkbuf_0_w_clk/A (sky130_fd_sc_hd__clkbuf_16)
                  0.11    0.27    0.46 ^ clkbuf_0_w_clk/X (sky130_fd_sc_hd__clkbuf_16)
    16    0.09                           clknet_0_w_clk (net)
                  0.11    0.00    0.46 ^ clkbuf_4_15_0_w_clk/A (sky130_fd_sc_hd__clkbuf_8)
                  0.07    0.18    0.64 ^ clkbuf_4_15_0_w_clk/X (sky130_fd_sc_hd__clkbuf_8)
    12    0.03                           clknet_4_15_0_w_clk (net)
                  0.07    0.00    0.64 ^ _0951_/CLK (sky130_fd_sc_hd__dfxtp_1)
                          0.25    0.89   clock uncertainty
                         -0.06    0.83   clock reconvergence pessimism
                         -0.03    0.80   library hold time
                                  0.80   data required time
-----------------------------------------------------------------------------
                                  0.80   data required time
                                 -1.06   data arrival time
-----------------------------------------------------------------------------
                                  0.26   slack (MET)


Startpoint: _1025_ (rising edge-triggered flip-flop clocked by w_clk)
Endpoint: _1025_ (rising edge-triggered flip-flop clocked by w_clk)
Path Group: w_clk
Path Type: min

Fanout     Cap    Slew   Delay    Time   Description
-----------------------------------------------------------------------------
                          0.00    0.00   clock w_clk (rise edge)
                          0.00    0.00   clock source latency
                  0.27    0.18    0.18 ^ w_clk (in)
     1    0.06                           w_clk (net)
                  0.27    0.00    0.18 ^ clkbuf_0_w_clk/A (sky130_fd_sc_hd__clkbuf_16)
                  0.11    0.24    0.42 ^ clkbuf_0_w_clk/X (sky130_fd_sc_hd__clkbuf_16)
    16    0.09                           clknet_0_w_clk (net)
                  0.11    0.00    0.42 ^ clkbuf_4_8_0_w_clk/A (sky130_fd_sc_hd__clkbuf_8)
                  0.07    0.16    0.58 ^ clkbuf_4_8_0_w_clk/X (sky130_fd_sc_hd__clkbuf_8)
    11    0.03                           clknet_4_8_0_w_clk (net)
                  0.07    0.00    0.58 ^ _1025_/CLK (sky130_fd_sc_hd__dfxtp_1)
                  0.05    0.30    0.88 ^ _1025_/Q (sky130_fd_sc_hd__dfxtp_1)
     2    0.00                           mem[4][2] (net)
                  0.05    0.00    0.88 ^ _0823_/A0 (sky130_fd_sc_hd__mux2_1)
                  0.04    0.11    0.99 ^ _0823_/X (sky130_fd_sc_hd__mux2_1)
     1    0.00                           _0404_ (net)
                  0.04    0.00    0.99 ^ _0824_/A (sky130_fd_sc_hd__clkbuf_1)
                  0.04    0.07    1.06 ^ _0824_/X (sky130_fd_sc_hd__clkbuf_1)
     1    0.00                           _0119_ (net)
                  0.04    0.00    1.06 ^ _1025_/D (sky130_fd_sc_hd__dfxtp_1)
                                  1.06   data arrival time

                          0.00    0.00   clock w_clk (rise edge)
                          0.00    0.00   clock source latency
                  0.27    0.19    0.19 ^ w_clk (in)
     1    0.06                           w_clk (net)
                  0.27    0.00    0.19 ^ clkbuf_0_w_clk/A (sky130_fd_sc_hd__clkbuf_16)
                  0.11    0.27    0.46 ^ clkbuf_0_w_clk/X (sky130_fd_sc_hd__clkbuf_16)
    16    0.09                           clknet_0_w_clk (net)
                  0.11    0.00    0.46 ^ clkbuf_4_8_0_w_clk/A (sky130_fd_sc_hd__clkbuf_8)
                  0.07    0.18    0.64 ^ clkbuf_4_8_0_w_clk/X (sky130_fd_sc_hd__clkbuf_8)
    11    0.03                           clknet_4_8_0_w_clk (net)
                  0.07    0.00    0.64 ^ _1025_/CLK (sky130_fd_sc_hd__dfxtp_1)
                          0.25    0.89   clock uncertainty
                         -0.06    0.83   clock reconvergence pessimism
                         -0.03    0.80   library hold time
                                  0.80   data required time
-----------------------------------------------------------------------------
                                  0.80   data required time
                                 -1.06   data arrival time
-----------------------------------------------------------------------------
                                  0.26   slack (MET)


Startpoint: _0929_ (rising edge-triggered flip-flop clocked by w_clk)
Endpoint: _0929_ (rising edge-triggered flip-flop clocked by w_clk)
Path Group: w_clk
Path Type: min

Fanout     Cap    Slew   Delay    Time   Description
-----------------------------------------------------------------------------
                          0.00    0.00   clock w_clk (rise edge)
                          0.00    0.00   clock source latency
                  0.27    0.18    0.18 ^ w_clk (in)
     1    0.06                           w_clk (net)
                  0.27    0.00    0.18 ^ clkbuf_0_w_clk/A (sky130_fd_sc_hd__clkbuf_16)
                  0.11    0.24    0.42 ^ clkbuf_0_w_clk/X (sky130_fd_sc_hd__clkbuf_16)
    16    0.09                           clknet_0_w_clk (net)
                  0.11    0.00    0.42 ^ clkbuf_4_12_0_w_clk/A (sky130_fd_sc_hd__clkbuf_8)
                  0.06    0.16    0.57 ^ clkbuf_4_12_0_w_clk/X (sky130_fd_sc_hd__clkbuf_8)
     9    0.03                           clknet_4_12_0_w_clk (net)
                  0.06    0.00    0.57 ^ _0929_/CLK (sky130_fd_sc_hd__dfxtp_1)
                  0.05    0.30    0.87 ^ _0929_/Q (sky130_fd_sc_hd__dfxtp_1)
     2    0.00                           mem[14][7] (net)
                  0.05    0.00    0.87 ^ _0602_/A0 (sky130_fd_sc_hd__mux2_1)
                  0.04    0.11    0.98 ^ _0602_/X (sky130_fd_sc_hd__mux2_1)
     1    0.00                           _0279_ (net)
                  0.04    0.00    0.98 ^ _0603_/A (sky130_fd_sc_hd__clkbuf_1)
                  0.04    0.07    1.05 ^ _0603_/X (sky130_fd_sc_hd__clkbuf_1)
     1    0.00                           _0023_ (net)
                  0.04    0.00    1.05 ^ _0929_/D (sky130_fd_sc_hd__dfxtp_1)
                                  1.05   data arrival time

                          0.00    0.00   clock w_clk (rise edge)
                          0.00    0.00   clock source latency
                  0.27    0.19    0.19 ^ w_clk (in)
     1    0.06                           w_clk (net)
                  0.27    0.00    0.19 ^ clkbuf_0_w_clk/A (sky130_fd_sc_hd__clkbuf_16)
                  0.11    0.27    0.46 ^ clkbuf_0_w_clk/X (sky130_fd_sc_hd__clkbuf_16)
    16    0.09                           clknet_0_w_clk (net)
                  0.11    0.00    0.46 ^ clkbuf_4_12_0_w_clk/A (sky130_fd_sc_hd__clkbuf_8)
                  0.06    0.17    0.63 ^ clkbuf_4_12_0_w_clk/X (sky130_fd_sc_hd__clkbuf_8)
     9    0.03                           clknet_4_12_0_w_clk (net)
                  0.06    0.00    0.63 ^ _0929_/CLK (sky130_fd_sc_hd__dfxtp_1)
                          0.25    0.88   clock uncertainty
                         -0.06    0.82   clock reconvergence pessimism
                         -0.03    0.79   library hold time
                                  0.79   data required time
-----------------------------------------------------------------------------
                                  0.79   data required time
                                 -1.05   data arrival time
-----------------------------------------------------------------------------
                                  0.26   slack (MET)


Startpoint: _0994_ (rising edge-triggered flip-flop clocked by w_clk)
Endpoint: _0994_ (rising edge-triggered flip-flop clocked by w_clk)
Path Group: w_clk
Path Type: min

Fanout     Cap    Slew   Delay    Time   Description
-----------------------------------------------------------------------------
                          0.00    0.00   clock w_clk (rise edge)
                          0.00    0.00   clock source latency
                  0.27    0.18    0.18 ^ w_clk (in)
     1    0.06                           w_clk (net)
                  0.27    0.00    0.18 ^ clkbuf_0_w_clk/A (sky130_fd_sc_hd__clkbuf_16)
                  0.11    0.24    0.42 ^ clkbuf_0_w_clk/X (sky130_fd_sc_hd__clkbuf_16)
    16    0.09                           clknet_0_w_clk (net)
                  0.11    0.00    0.42 ^ clkbuf_4_8_0_w_clk/A (sky130_fd_sc_hd__clkbuf_8)
                  0.07    0.16    0.58 ^ clkbuf_4_8_0_w_clk/X (sky130_fd_sc_hd__clkbuf_8)
    11    0.03                           clknet_4_8_0_w_clk (net)
                  0.07    0.00    0.58 ^ _0994_/CLK (sky130_fd_sc_hd__dfxtp_1)
                  0.05    0.30    0.88 ^ _0994_/Q (sky130_fd_sc_hd__dfxtp_1)
     2    0.00                           mem[7][0] (net)
                  0.05    0.00    0.88 ^ _0753_/A0 (sky130_fd_sc_hd__mux2_1)
                  0.04    0.11    0.99 ^ _0753_/X (sky130_fd_sc_hd__mux2_1)
     1    0.00                           _0365_ (net)
                  0.04    0.00    0.99 ^ _0754_/A (sky130_fd_sc_hd__clkbuf_1)
                  0.04    0.07    1.06 ^ _0754_/X (sky130_fd_sc_hd__clkbuf_1)
     1    0.00                           _0088_ (net)
                  0.04    0.00    1.06 ^ _0994_/D (sky130_fd_sc_hd__dfxtp_1)
                                  1.06   data arrival time

                          0.00    0.00   clock w_clk (rise edge)
                          0.00    0.00   clock source latency
                  0.27    0.19    0.19 ^ w_clk (in)
     1    0.06                           w_clk (net)
                  0.27    0.00    0.19 ^ clkbuf_0_w_clk/A (sky130_fd_sc_hd__clkbuf_16)
                  0.11    0.27    0.46 ^ clkbuf_0_w_clk/X (sky130_fd_sc_hd__clkbuf_16)
    16    0.09                           clknet_0_w_clk (net)
                  0.11    0.00    0.46 ^ clkbuf_4_8_0_w_clk/A (sky130_fd_sc_hd__clkbuf_8)
                  0.07    0.18    0.64 ^ clkbuf_4_8_0_w_clk/X (sky130_fd_sc_hd__clkbuf_8)
    11    0.03                           clknet_4_8_0_w_clk (net)
                  0.07    0.00    0.64 ^ _0994_/CLK (sky130_fd_sc_hd__dfxtp_1)
                          0.25    0.89   clock uncertainty
                         -0.06    0.83   clock reconvergence pessimism
                         -0.03    0.80   library hold time
                                  0.80   data required time
-----------------------------------------------------------------------------
                                  0.80   data required time
                                 -1.06   data arrival time
-----------------------------------------------------------------------------
                                  0.26   slack (MET)


Startpoint: _0954_ (rising edge-triggered flip-flop clocked by w_clk)
Endpoint: _0954_ (rising edge-triggered flip-flop clocked by w_clk)
Path Group: w_clk
Path Type: min

Fanout     Cap    Slew   Delay    Time   Description
-----------------------------------------------------------------------------
                          0.00    0.00   clock w_clk (rise edge)
                          0.00    0.00   clock source latency
                  0.27    0.18    0.18 ^ w_clk (in)
     1    0.06                           w_clk (net)
                  0.27    0.00    0.18 ^ clkbuf_0_w_clk/A (sky130_fd_sc_hd__clkbuf_16)
                  0.11    0.24    0.42 ^ clkbuf_0_w_clk/X (sky130_fd_sc_hd__clkbuf_16)
    16    0.09                           clknet_0_w_clk (net)
                  0.11    0.00    0.42 ^ clkbuf_4_13_0_w_clk/A (sky130_fd_sc_hd__clkbuf_8)
                  0.07    0.16    0.58 ^ clkbuf_4_13_0_w_clk/X (sky130_fd_sc_hd__clkbuf_8)
    11    0.03                           clknet_4_13_0_w_clk (net)
                  0.07    0.00    0.58 ^ _0954_/CLK (sky130_fd_sc_hd__dfxtp_1)
                  0.05    0.30    0.88 ^ _0954_/Q (sky130_fd_sc_hd__dfxtp_1)
     2    0.00                           mem[11][0] (net)
                  0.05    0.00    0.88 ^ _0661_/A0 (sky130_fd_sc_hd__mux2_1)
                  0.04    0.11    0.99 ^ _0661_/X (sky130_fd_sc_hd__mux2_1)
     1    0.00                           _0313_ (net)
                  0.04    0.00    0.99 ^ _0662_/A (sky130_fd_sc_hd__clkbuf_1)
                  0.04    0.07    1.06 ^ _0662_/X (sky130_fd_sc_hd__clkbuf_1)
     1    0.00                           _0048_ (net)
                  0.04    0.00    1.06 ^ _0954_/D (sky130_fd_sc_hd__dfxtp_1)
                                  1.06   data arrival time

                          0.00    0.00   clock w_clk (rise edge)
                          0.00    0.00   clock source latency
                  0.27    0.19    0.19 ^ w_clk (in)
     1    0.06                           w_clk (net)
                  0.27    0.00    0.19 ^ clkbuf_0_w_clk/A (sky130_fd_sc_hd__clkbuf_16)
                  0.11    0.27    0.46 ^ clkbuf_0_w_clk/X (sky130_fd_sc_hd__clkbuf_16)
    16    0.09                           clknet_0_w_clk (net)
                  0.11    0.00    0.46 ^ clkbuf_4_13_0_w_clk/A (sky130_fd_sc_hd__clkbuf_8)
                  0.07    0.18    0.64 ^ clkbuf_4_13_0_w_clk/X (sky130_fd_sc_hd__clkbuf_8)
    11    0.03                           clknet_4_13_0_w_clk (net)
                  0.07    0.00    0.64 ^ _0954_/CLK (sky130_fd_sc_hd__dfxtp_1)
                          0.25    0.89   clock uncertainty
                         -0.06    0.83   clock reconvergence pessimism
                         -0.03    0.80   library hold time
                                  0.80   data required time
-----------------------------------------------------------------------------
                                  0.80   data required time
                                 -1.06   data arrival time
-----------------------------------------------------------------------------
                                  0.26   slack (MET)


Startpoint: _0908_ (rising edge-triggered flip-flop clocked by w_clk)
Endpoint: _0908_ (rising edge-triggered flip-flop clocked by w_clk)
Path Group: w_clk
Path Type: min

Fanout     Cap    Slew   Delay    Time   Description
-----------------------------------------------------------------------------
                          0.00    0.00   clock w_clk (rise edge)
                          0.00    0.00   clock source latency
                  0.27    0.18    0.18 ^ w_clk (in)
     1    0.06                           w_clk (net)
                  0.27    0.00    0.18 ^ clkbuf_0_w_clk/A (sky130_fd_sc_hd__clkbuf_16)
                  0.11    0.24    0.42 ^ clkbuf_0_w_clk/X (sky130_fd_sc_hd__clkbuf_16)
    16    0.09                           clknet_0_w_clk (net)
                  0.11    0.00    0.42 ^ clkbuf_4_8_0_w_clk/A (sky130_fd_sc_hd__clkbuf_8)
                  0.07    0.16    0.58 ^ clkbuf_4_8_0_w_clk/X (sky130_fd_sc_hd__clkbuf_8)
    11    0.03                           clknet_4_8_0_w_clk (net)
                  0.07    0.00    0.58 ^ _0908_/CLK (sky130_fd_sc_hd__dfxtp_1)
                  0.05    0.30    0.88 ^ _0908_/Q (sky130_fd_sc_hd__dfxtp_1)
     2    0.00                           mem[5][2] (net)
                  0.05    0.00    0.88 ^ _0494_/A0 (sky130_fd_sc_hd__mux2_1)
                  0.04    0.11    0.99 ^ _0494_/X (sky130_fd_sc_hd__mux2_1)
     1    0.00                           _0192_ (net)
                  0.04    0.00    0.99 ^ _0495_/A (sky130_fd_sc_hd__clkbuf_1)
                  0.04    0.07    1.06 ^ _0495_/X (sky130_fd_sc_hd__clkbuf_1)
     1    0.00                           _0002_ (net)
                  0.04    0.00    1.06 ^ _0908_/D (sky130_fd_sc_hd__dfxtp_1)
                                  1.06   data arrival time

                          0.00    0.00   clock w_clk (rise edge)
                          0.00    0.00   clock source latency
                  0.27    0.19    0.19 ^ w_clk (in)
     1    0.06                           w_clk (net)
                  0.27    0.00    0.19 ^ clkbuf_0_w_clk/A (sky130_fd_sc_hd__clkbuf_16)
                  0.11    0.27    0.46 ^ clkbuf_0_w_clk/X (sky130_fd_sc_hd__clkbuf_16)
    16    0.09                           clknet_0_w_clk (net)
                  0.11    0.00    0.46 ^ clkbuf_4_8_0_w_clk/A (sky130_fd_sc_hd__clkbuf_8)
                  0.07    0.18    0.64 ^ clkbuf_4_8_0_w_clk/X (sky130_fd_sc_hd__clkbuf_8)
    11    0.03                           clknet_4_8_0_w_clk (net)
                  0.07    0.00    0.64 ^ _0908_/CLK (sky130_fd_sc_hd__dfxtp_1)
                          0.25    0.89   clock uncertainty
                         -0.06    0.83   clock reconvergence pessimism
                         -0.03    0.80   library hold time
                                  0.80   data required time
-----------------------------------------------------------------------------
                                  0.80   data required time
                                 -1.06   data arrival time
-----------------------------------------------------------------------------
                                  0.26   slack (MET)


Startpoint: _0960_ (rising edge-triggered flip-flop clocked by w_clk)
Endpoint: _0960_ (rising edge-triggered flip-flop clocked by w_clk)
Path Group: w_clk
Path Type: min

Fanout     Cap    Slew   Delay    Time   Description
-----------------------------------------------------------------------------
                          0.00    0.00   clock w_clk (rise edge)
                          0.00    0.00   clock source latency
                  0.27    0.18    0.18 ^ w_clk (in)
     1    0.06                           w_clk (net)
                  0.27    0.00    0.18 ^ clkbuf_0_w_clk/A (sky130_fd_sc_hd__clkbuf_16)
                  0.11    0.24    0.42 ^ clkbuf_0_w_clk/X (sky130_fd_sc_hd__clkbuf_16)
    16    0.09                           clknet_0_w_clk (net)
                  0.11    0.00    0.42 ^ clkbuf_4_5_0_w_clk/A (sky130_fd_sc_hd__clkbuf_8)
                  0.06    0.15    0.57 ^ clkbuf_4_5_0_w_clk/X (sky130_fd_sc_hd__clkbuf_8)
     8    0.02                           clknet_4_5_0_w_clk (net)
                  0.06    0.00    0.57 ^ _0960_/CLK (sky130_fd_sc_hd__dfxtp_1)
                  0.05    0.30    0.86 ^ _0960_/Q (sky130_fd_sc_hd__dfxtp_1)
     2    0.00                           mem[11][6] (net)
                  0.05    0.00    0.86 ^ _0673_/A0 (sky130_fd_sc_hd__mux2_1)
                  0.04    0.11    0.98 ^ _0673_/X (sky130_fd_sc_hd__mux2_1)
     1    0.00                           _0319_ (net)
                  0.04    0.00    0.98 ^ _0674_/A (sky130_fd_sc_hd__clkbuf_1)
                  0.04    0.07    1.05 ^ _0674_/X (sky130_fd_sc_hd__clkbuf_1)
     1    0.00                           _0054_ (net)
                  0.04    0.00    1.05 ^ _0960_/D (sky130_fd_sc_hd__dfxtp_1)
                                  1.05   data arrival time

                          0.00    0.00   clock w_clk (rise edge)
                          0.00    0.00   clock source latency
                  0.27    0.19    0.19 ^ w_clk (in)
     1    0.06                           w_clk (net)
                  0.27    0.00    0.19 ^ clkbuf_0_w_clk/A (sky130_fd_sc_hd__clkbuf_16)
                  0.11    0.27    0.46 ^ clkbuf_0_w_clk/X (sky130_fd_sc_hd__clkbuf_16)
    16    0.09                           clknet_0_w_clk (net)
                  0.11    0.00    0.46 ^ clkbuf_4_5_0_w_clk/A (sky130_fd_sc_hd__clkbuf_8)
                  0.06    0.17    0.63 ^ clkbuf_4_5_0_w_clk/X (sky130_fd_sc_hd__clkbuf_8)
     8    0.02                           clknet_4_5_0_w_clk (net)
                  0.06    0.00    0.63 ^ _0960_/CLK (sky130_fd_sc_hd__dfxtp_1)
                          0.25    0.88   clock uncertainty
                         -0.06    0.82   clock reconvergence pessimism
                         -0.03    0.79   library hold time
                                  0.79   data required time
-----------------------------------------------------------------------------
                                  0.79   data required time
                                 -1.05   data arrival time
-----------------------------------------------------------------------------
                                  0.26   slack (MET)


Startpoint: _1065_ (rising edge-triggered flip-flop clocked by w_clk)
Endpoint: _1065_ (rising edge-triggered flip-flop clocked by w_clk)
Path Group: w_clk
Path Type: min

Fanout     Cap    Slew   Delay    Time   Description
-----------------------------------------------------------------------------
                          0.00    0.00   clock w_clk (rise edge)
                          0.00    0.00   clock source latency
                  0.27    0.18    0.18 ^ w_clk (in)
     1    0.06                           w_clk (net)
                  0.27    0.00    0.18 ^ clkbuf_0_w_clk/A (sky130_fd_sc_hd__clkbuf_16)
                  0.11    0.24    0.42 ^ clkbuf_0_w_clk/X (sky130_fd_sc_hd__clkbuf_16)
    16    0.09                           clknet_0_w_clk (net)
                  0.11    0.00    0.42 ^ clkbuf_4_6_0_w_clk/A (sky130_fd_sc_hd__clkbuf_8)
                  0.05    0.15    0.56 ^ clkbuf_4_6_0_w_clk/X (sky130_fd_sc_hd__clkbuf_8)
     7    0.02                           clknet_4_6_0_w_clk (net)
                  0.05    0.00    0.56 ^ _1065_/CLK (sky130_fd_sc_hd__dfxtp_1)
                  0.05    0.29    0.86 ^ _1065_/Q (sky130_fd_sc_hd__dfxtp_1)
     2    0.00                           mem[15][1] (net)
                  0.05    0.00    0.86 ^ _0874_/A0 (sky130_fd_sc_hd__mux2_1)
                  0.04    0.11    0.97 ^ _0874_/X (sky130_fd_sc_hd__mux2_1)
     1    0.00                           _0435_ (net)
                  0.04    0.00    0.97 ^ _0875_/A (sky130_fd_sc_hd__clkbuf_1)
                  0.04    0.07    1.04 ^ _0875_/X (sky130_fd_sc_hd__clkbuf_1)
     1    0.00                           _0139_ (net)
                  0.04    0.00    1.04 ^ _1065_/D (sky130_fd_sc_hd__dfxtp_1)
                                  1.04   data arrival time

                          0.00    0.00   clock w_clk (rise edge)
                          0.00    0.00   clock source latency
                  0.27    0.19    0.19 ^ w_clk (in)
     1    0.06                           w_clk (net)
                  0.27    0.00    0.19 ^ clkbuf_0_w_clk/A (sky130_fd_sc_hd__clkbuf_16)
                  0.11    0.27    0.46 ^ clkbuf_0_w_clk/X (sky130_fd_sc_hd__clkbuf_16)
    16    0.09                           clknet_0_w_clk (net)
                  0.11    0.00    0.46 ^ clkbuf_4_6_0_w_clk/A (sky130_fd_sc_hd__clkbuf_8)
                  0.05    0.16    0.62 ^ clkbuf_4_6_0_w_clk/X (sky130_fd_sc_hd__clkbuf_8)
     7    0.02                           clknet_4_6_0_w_clk (net)
                  0.05    0.00    0.62 ^ _1065_/CLK (sky130_fd_sc_hd__dfxtp_1)
                          0.25    0.87   clock uncertainty
                         -0.06    0.81   clock reconvergence pessimism
                         -0.03    0.78   library hold time
                                  0.78   data required time
-----------------------------------------------------------------------------
                                  0.78   data required time
                                 -1.04   data arrival time
-----------------------------------------------------------------------------
                                  0.26   slack (MET)


Startpoint: _1029_ (rising edge-triggered flip-flop clocked by w_clk)
Endpoint: _1029_ (rising edge-triggered flip-flop clocked by w_clk)
Path Group: w_clk
Path Type: min

Fanout     Cap    Slew   Delay    Time   Description
-----------------------------------------------------------------------------
                          0.00    0.00   clock w_clk (rise edge)
                          0.00    0.00   clock source latency
                  0.27    0.18    0.18 ^ w_clk (in)
     1    0.06                           w_clk (net)
                  0.27    0.00    0.18 ^ clkbuf_0_w_clk/A (sky130_fd_sc_hd__clkbuf_16)
                  0.11    0.24    0.42 ^ clkbuf_0_w_clk/X (sky130_fd_sc_hd__clkbuf_16)
    16    0.09                           clknet_0_w_clk (net)
                  0.11    0.00    0.42 ^ clkbuf_4_3_0_w_clk/A (sky130_fd_sc_hd__clkbuf_8)
                  0.05    0.14    0.56 ^ clkbuf_4_3_0_w_clk/X (sky130_fd_sc_hd__clkbuf_8)
     6    0.02                           clknet_4_3_0_w_clk (net)
                  0.05    0.00    0.56 ^ _1029_/CLK (sky130_fd_sc_hd__dfxtp_1)
                  0.05    0.29    0.85 ^ _1029_/Q (sky130_fd_sc_hd__dfxtp_1)
     2    0.00                           mem[4][6] (net)
                  0.05    0.00    0.85 ^ _0831_/A0 (sky130_fd_sc_hd__mux2_1)
                  0.04    0.11    0.96 ^ _0831_/X (sky130_fd_sc_hd__mux2_1)
     1    0.00                           _0408_ (net)
                  0.04    0.00    0.96 ^ _0832_/A (sky130_fd_sc_hd__clkbuf_1)
                  0.05    0.08    1.03 ^ _0832_/X (sky130_fd_sc_hd__clkbuf_1)
     1    0.00                           _0123_ (net)
                  0.05    0.00    1.03 ^ _1029_/D (sky130_fd_sc_hd__dfxtp_1)
                                  1.03   data arrival time

                          0.00    0.00   clock w_clk (rise edge)
                          0.00    0.00   clock source latency
                  0.27    0.19    0.19 ^ w_clk (in)
     1    0.06                           w_clk (net)
                  0.27    0.00    0.19 ^ clkbuf_0_w_clk/A (sky130_fd_sc_hd__clkbuf_16)
                  0.11    0.27    0.46 ^ clkbuf_0_w_clk/X (sky130_fd_sc_hd__clkbuf_16)
    16    0.09                           clknet_0_w_clk (net)
                  0.11    0.00    0.46 ^ clkbuf_4_3_0_w_clk/A (sky130_fd_sc_hd__clkbuf_8)
                  0.05    0.16    0.62 ^ clkbuf_4_3_0_w_clk/X (sky130_fd_sc_hd__clkbuf_8)
     6    0.02                           clknet_4_3_0_w_clk (net)
                  0.05    0.00    0.62 ^ _1029_/CLK (sky130_fd_sc_hd__dfxtp_1)
                          0.25    0.87   clock uncertainty
                         -0.06    0.81   clock reconvergence pessimism
                         -0.03    0.78   library hold time
                                  0.78   data required time
-----------------------------------------------------------------------------
                                  0.78   data required time
                                 -1.03   data arrival time
-----------------------------------------------------------------------------
                                  0.26   slack (MET)


Startpoint: _0924_ (rising edge-triggered flip-flop clocked by w_clk)
Endpoint: _0924_ (rising edge-triggered flip-flop clocked by w_clk)
Path Group: w_clk
Path Type: min

Fanout     Cap    Slew   Delay    Time   Description
-----------------------------------------------------------------------------
                          0.00    0.00   clock w_clk (rise edge)
                          0.00    0.00   clock source latency
                  0.27    0.18    0.18 ^ w_clk (in)
     1    0.06                           w_clk (net)
                  0.27    0.00    0.18 ^ clkbuf_0_w_clk/A (sky130_fd_sc_hd__clkbuf_16)
                  0.11    0.24    0.42 ^ clkbuf_0_w_clk/X (sky130_fd_sc_hd__clkbuf_16)
    16    0.09                           clknet_0_w_clk (net)
                  0.11    0.00    0.42 ^ clkbuf_4_12_0_w_clk/A (sky130_fd_sc_hd__clkbuf_8)
                  0.06    0.16    0.57 ^ clkbuf_4_12_0_w_clk/X (sky130_fd_sc_hd__clkbuf_8)
     9    0.03                           clknet_4_12_0_w_clk (net)
                  0.06    0.00    0.57 ^ _0924_/CLK (sky130_fd_sc_hd__dfxtp_1)
                  0.05    0.30    0.87 ^ _0924_/Q (sky130_fd_sc_hd__dfxtp_1)
     2    0.00                           mem[14][2] (net)
                  0.05    0.00    0.87 ^ _0592_/A0 (sky130_fd_sc_hd__mux2_1)
                  0.04    0.11    0.98 ^ _0592_/X (sky130_fd_sc_hd__mux2_1)
     1    0.00                           _0274_ (net)
                  0.04    0.00    0.98 ^ _0593_/A (sky130_fd_sc_hd__clkbuf_1)
                  0.04    0.07    1.05 ^ _0593_/X (sky130_fd_sc_hd__clkbuf_1)
     1    0.00                           _0018_ (net)
                  0.04    0.00    1.05 ^ _0924_/D (sky130_fd_sc_hd__dfxtp_1)
                                  1.05   data arrival time

                          0.00    0.00   clock w_clk (rise edge)
                          0.00    0.00   clock source latency
                  0.27    0.19    0.19 ^ w_clk (in)
     1    0.06                           w_clk (net)
                  0.27    0.00    0.19 ^ clkbuf_0_w_clk/A (sky130_fd_sc_hd__clkbuf_16)
                  0.11    0.27    0.46 ^ clkbuf_0_w_clk/X (sky130_fd_sc_hd__clkbuf_16)
    16    0.09                           clknet_0_w_clk (net)
                  0.11    0.00    0.46 ^ clkbuf_4_12_0_w_clk/A (sky130_fd_sc_hd__clkbuf_8)
                  0.06    0.17    0.63 ^ clkbuf_4_12_0_w_clk/X (sky130_fd_sc_hd__clkbuf_8)
     9    0.03                           clknet_4_12_0_w_clk (net)
                  0.06    0.00    0.63 ^ _0924_/CLK (sky130_fd_sc_hd__dfxtp_1)
                          0.25    0.88   clock uncertainty
                         -0.06    0.82   clock reconvergence pessimism
                         -0.03    0.79   library hold time
                                  0.79   data required time
-----------------------------------------------------------------------------
                                  0.79   data required time
                                 -1.05   data arrival time
-----------------------------------------------------------------------------
                                  0.26   slack (MET)


Startpoint: _1023_ (rising edge-triggered flip-flop clocked by w_clk)
Endpoint: _1023_ (rising edge-triggered flip-flop clocked by w_clk)
Path Group: w_clk
Path Type: min

Fanout     Cap    Slew   Delay    Time   Description
-----------------------------------------------------------------------------
                          0.00    0.00   clock w_clk (rise edge)
                          0.00    0.00   clock source latency
                  0.27    0.18    0.18 ^ w_clk (in)
     1    0.06                           w_clk (net)
                  0.27    0.00    0.18 ^ clkbuf_0_w_clk/A (sky130_fd_sc_hd__clkbuf_16)
                  0.11    0.24    0.42 ^ clkbuf_0_w_clk/X (sky130_fd_sc_hd__clkbuf_16)
    16    0.09                           clknet_0_w_clk (net)
                  0.11    0.00    0.42 ^ clkbuf_4_2_0_w_clk/A (sky130_fd_sc_hd__clkbuf_8)
                  0.07    0.16    0.58 ^ clkbuf_4_2_0_w_clk/X (sky130_fd_sc_hd__clkbuf_8)
    11    0.03                           clknet_4_2_0_w_clk (net)
                  0.07    0.00    0.58 ^ _1023_/CLK (sky130_fd_sc_hd__dfxtp_1)
                  0.05    0.30    0.88 ^ _1023_/Q (sky130_fd_sc_hd__dfxtp_1)
     2    0.00                           mem[4][0] (net)
                  0.05    0.00    0.88 ^ _0819_/A0 (sky130_fd_sc_hd__mux2_1)
                  0.04    0.11    0.99 ^ _0819_/X (sky130_fd_sc_hd__mux2_1)
     1    0.00                           _0402_ (net)
                  0.04    0.00    0.99 ^ _0820_/A (sky130_fd_sc_hd__clkbuf_1)
                  0.04    0.07    1.06 ^ _0820_/X (sky130_fd_sc_hd__clkbuf_1)
     1    0.00                           _0117_ (net)
                  0.04    0.00    1.06 ^ _1023_/D (sky130_fd_sc_hd__dfxtp_1)
                                  1.06   data arrival time

                          0.00    0.00   clock w_clk (rise edge)
                          0.00    0.00   clock source latency
                  0.27    0.19    0.19 ^ w_clk (in)
     1    0.06                           w_clk (net)
                  0.27    0.00    0.19 ^ clkbuf_0_w_clk/A (sky130_fd_sc_hd__clkbuf_16)
                  0.11    0.27    0.46 ^ clkbuf_0_w_clk/X (sky130_fd_sc_hd__clkbuf_16)
    16    0.09                           clknet_0_w_clk (net)
                  0.11    0.00    0.46 ^ clkbuf_4_2_0_w_clk/A (sky130_fd_sc_hd__clkbuf_8)
                  0.07    0.18    0.64 ^ clkbuf_4_2_0_w_clk/X (sky130_fd_sc_hd__clkbuf_8)
    11    0.03                           clknet_4_2_0_w_clk (net)
                  0.07    0.00    0.64 ^ _1023_/CLK (sky130_fd_sc_hd__dfxtp_1)
                          0.25    0.89   clock uncertainty
                         -0.06    0.83   clock reconvergence pessimism
                         -0.03    0.80   library hold time
                                  0.80   data required time
-----------------------------------------------------------------------------
                                  0.80   data required time
                                 -1.06   data arrival time
-----------------------------------------------------------------------------
                                  0.26   slack (MET)


Startpoint: _0940_ (rising edge-triggered flip-flop clocked by w_clk)
Endpoint: _0940_ (rising edge-triggered flip-flop clocked by w_clk)
Path Group: w_clk
Path Type: min

Fanout     Cap    Slew   Delay    Time   Description
-----------------------------------------------------------------------------
                          0.00    0.00   clock w_clk (rise edge)
                          0.00    0.00   clock source latency
                  0.27    0.18    0.18 ^ w_clk (in)
     1    0.06                           w_clk (net)
                  0.27    0.00    0.18 ^ clkbuf_0_w_clk/A (sky130_fd_sc_hd__clkbuf_16)
                  0.11    0.24    0.42 ^ clkbuf_0_w_clk/X (sky130_fd_sc_hd__clkbuf_16)
    16    0.09                           clknet_0_w_clk (net)
                  0.11    0.00    0.42 ^ clkbuf_4_13_0_w_clk/A (sky130_fd_sc_hd__clkbuf_8)
                  0.07    0.16    0.58 ^ clkbuf_4_13_0_w_clk/X (sky130_fd_sc_hd__clkbuf_8)
    11    0.03                           clknet_4_13_0_w_clk (net)
                  0.07    0.00    0.58 ^ _0940_/CLK (sky130_fd_sc_hd__dfxtp_1)
                  0.05    0.30    0.88 ^ _0940_/Q (sky130_fd_sc_hd__dfxtp_1)
     2    0.00                           mem[13][2] (net)
                  0.05    0.00    0.88 ^ _0629_/A0 (sky130_fd_sc_hd__mux2_1)
                  0.04    0.11    0.99 ^ _0629_/X (sky130_fd_sc_hd__mux2_1)
     1    0.00                           _0295_ (net)
                  0.04    0.00    0.99 ^ _0630_/A (sky130_fd_sc_hd__clkbuf_1)
                  0.04    0.07    1.06 ^ _0630_/X (sky130_fd_sc_hd__clkbuf_1)
     1    0.00                           _0034_ (net)
                  0.04    0.00    1.06 ^ _0940_/D (sky130_fd_sc_hd__dfxtp_1)
                                  1.06   data arrival time

                          0.00    0.00   clock w_clk (rise edge)
                          0.00    0.00   clock source latency
                  0.27    0.19    0.19 ^ w_clk (in)
     1    0.06                           w_clk (net)
                  0.27    0.00    0.19 ^ clkbuf_0_w_clk/A (sky130_fd_sc_hd__clkbuf_16)
                  0.11    0.27    0.46 ^ clkbuf_0_w_clk/X (sky130_fd_sc_hd__clkbuf_16)
    16    0.09                           clknet_0_w_clk (net)
                  0.11    0.00    0.46 ^ clkbuf_4_13_0_w_clk/A (sky130_fd_sc_hd__clkbuf_8)
                  0.07    0.18    0.64 ^ clkbuf_4_13_0_w_clk/X (sky130_fd_sc_hd__clkbuf_8)
    11    0.03                           clknet_4_13_0_w_clk (net)
                  0.07    0.00    0.64 ^ _0940_/CLK (sky130_fd_sc_hd__dfxtp_1)
                          0.25    0.89   clock uncertainty
                         -0.06    0.83   clock reconvergence pessimism
                         -0.03    0.80   library hold time
                                  0.80   data required time
-----------------------------------------------------------------------------
                                  0.80   data required time
                                 -1.06   data arrival time
-----------------------------------------------------------------------------
                                  0.26   slack (MET)


Startpoint: _0965_ (rising edge-triggered flip-flop clocked by w_clk)
Endpoint: _0965_ (rising edge-triggered flip-flop clocked by w_clk)
Path Group: w_clk
Path Type: min

Fanout     Cap    Slew   Delay    Time   Description
-----------------------------------------------------------------------------
                          0.00    0.00   clock w_clk (rise edge)
                          0.00    0.00   clock source latency
                  0.27    0.18    0.18 ^ w_clk (in)
     1    0.06                           w_clk (net)
                  0.27    0.00    0.18 ^ clkbuf_0_w_clk/A (sky130_fd_sc_hd__clkbuf_16)
                  0.11    0.24    0.42 ^ clkbuf_0_w_clk/X (sky130_fd_sc_hd__clkbuf_16)
    16    0.09                           clknet_0_w_clk (net)
                  0.11    0.00    0.42 ^ clkbuf_4_15_0_w_clk/A (sky130_fd_sc_hd__clkbuf_8)
                  0.07    0.16    0.58 ^ clkbuf_4_15_0_w_clk/X (sky130_fd_sc_hd__clkbuf_8)
    12    0.03                           clknet_4_15_0_w_clk (net)
                  0.07    0.00    0.58 ^ _0965_/CLK (sky130_fd_sc_hd__dfxtp_1)
                  0.06    0.31    0.89 ^ _0965_/Q (sky130_fd_sc_hd__dfxtp_1)
     2    0.00                           mem[10][3] (net)
                  0.06    0.00    0.89 ^ _0687_/A0 (sky130_fd_sc_hd__mux2_1)
                  0.04    0.11    0.99 ^ _0687_/X (sky130_fd_sc_hd__mux2_1)
     1    0.00                           _0328_ (net)
                  0.04    0.00    0.99 ^ _0688_/A (sky130_fd_sc_hd__clkbuf_1)
                  0.04    0.07    1.06 ^ _0688_/X (sky130_fd_sc_hd__clkbuf_1)
     1    0.00                           _0059_ (net)
                  0.04    0.00    1.06 ^ _0965_/D (sky130_fd_sc_hd__dfxtp_1)
                                  1.06   data arrival time

                          0.00    0.00   clock w_clk (rise edge)
                          0.00    0.00   clock source latency
                  0.27    0.19    0.19 ^ w_clk (in)
     1    0.06                           w_clk (net)
                  0.27    0.00    0.19 ^ clkbuf_0_w_clk/A (sky130_fd_sc_hd__clkbuf_16)
                  0.11    0.27    0.46 ^ clkbuf_0_w_clk/X (sky130_fd_sc_hd__clkbuf_16)
    16    0.09                           clknet_0_w_clk (net)
                  0.11    0.00    0.46 ^ clkbuf_4_15_0_w_clk/A (sky130_fd_sc_hd__clkbuf_8)
                  0.07    0.18    0.64 ^ clkbuf_4_15_0_w_clk/X (sky130_fd_sc_hd__clkbuf_8)
    12    0.03                           clknet_4_15_0_w_clk (net)
                  0.07    0.00    0.64 ^ _0965_/CLK (sky130_fd_sc_hd__dfxtp_1)
                          0.25    0.89   clock uncertainty
                         -0.06    0.83   clock reconvergence pessimism
                         -0.03    0.80   library hold time
                                  0.80   data required time
-----------------------------------------------------------------------------
                                  0.80   data required time
                                 -1.06   data arrival time
-----------------------------------------------------------------------------
                                  0.26   slack (MET)


Startpoint: _0975_ (rising edge-triggered flip-flop clocked by w_clk)
Endpoint: _0975_ (rising edge-triggered flip-flop clocked by w_clk)
Path Group: w_clk
Path Type: min

Fanout     Cap    Slew   Delay    Time   Description
-----------------------------------------------------------------------------
                          0.00    0.00   clock w_clk (rise edge)
                          0.00    0.00   clock source latency
                  0.27    0.18    0.18 ^ w_clk (in)
     1    0.06                           w_clk (net)
                  0.27    0.00    0.18 ^ clkbuf_0_w_clk/A (sky130_fd_sc_hd__clkbuf_16)
                  0.11    0.24    0.42 ^ clkbuf_0_w_clk/X (sky130_fd_sc_hd__clkbuf_16)
    16    0.09                           clknet_0_w_clk (net)
                  0.11    0.00    0.42 ^ clkbuf_4_14_0_w_clk/A (sky130_fd_sc_hd__clkbuf_8)
                  0.07    0.16    0.58 ^ clkbuf_4_14_0_w_clk/X (sky130_fd_sc_hd__clkbuf_8)
    10    0.03                           clknet_4_14_0_w_clk (net)
                  0.07    0.00    0.58 ^ _0975_/CLK (sky130_fd_sc_hd__dfxtp_1)
                  0.05    0.30    0.87 ^ _0975_/Q (sky130_fd_sc_hd__dfxtp_1)
     2    0.00                           mem[0][5] (net)
                  0.05    0.00    0.87 ^ _0710_/A0 (sky130_fd_sc_hd__mux2_1)
                  0.04    0.11    0.98 ^ _0710_/X (sky130_fd_sc_hd__mux2_1)
     1    0.00                           _0341_ (net)
                  0.04    0.00    0.98 ^ _0711_/A (sky130_fd_sc_hd__clkbuf_1)
                  0.04    0.07    1.06 ^ _0711_/X (sky130_fd_sc_hd__clkbuf_1)
     1    0.00                           _0069_ (net)
                  0.04    0.00    1.06 ^ _0975_/D (sky130_fd_sc_hd__dfxtp_1)
                                  1.06   data arrival time

                          0.00    0.00   clock w_clk (rise edge)
                          0.00    0.00   clock source latency
                  0.27    0.19    0.19 ^ w_clk (in)
     1    0.06                           w_clk (net)
                  0.27    0.00    0.19 ^ clkbuf_0_w_clk/A (sky130_fd_sc_hd__clkbuf_16)
                  0.11    0.27    0.46 ^ clkbuf_0_w_clk/X (sky130_fd_sc_hd__clkbuf_16)
    16    0.09                           clknet_0_w_clk (net)
                  0.11    0.00    0.46 ^ clkbuf_4_14_0_w_clk/A (sky130_fd_sc_hd__clkbuf_8)
                  0.07    0.18    0.64 ^ clkbuf_4_14_0_w_clk/X (sky130_fd_sc_hd__clkbuf_8)
    10    0.03                           clknet_4_14_0_w_clk (net)
                  0.07    0.00    0.64 ^ _0975_/CLK (sky130_fd_sc_hd__dfxtp_1)
                          0.25    0.89   clock uncertainty
                         -0.06    0.83   clock reconvergence pessimism
                         -0.03    0.80   library hold time
                                  0.80   data required time
-----------------------------------------------------------------------------
                                  0.80   data required time
                                 -1.06   data arrival time
-----------------------------------------------------------------------------
                                  0.26   slack (MET)


Startpoint: _0957_ (rising edge-triggered flip-flop clocked by w_clk)
Endpoint: _0957_ (rising edge-triggered flip-flop clocked by w_clk)
Path Group: w_clk
Path Type: min

Fanout     Cap    Slew   Delay    Time   Description
-----------------------------------------------------------------------------
                          0.00    0.00   clock w_clk (rise edge)
                          0.00    0.00   clock source latency
                  0.27    0.18    0.18 ^ w_clk (in)
     1    0.06                           w_clk (net)
                  0.27    0.00    0.18 ^ clkbuf_0_w_clk/A (sky130_fd_sc_hd__clkbuf_16)
                  0.11    0.24    0.42 ^ clkbuf_0_w_clk/X (sky130_fd_sc_hd__clkbuf_16)
    16    0.09                           clknet_0_w_clk (net)
                  0.11    0.00    0.42 ^ clkbuf_4_15_0_w_clk/A (sky130_fd_sc_hd__clkbuf_8)
                  0.07    0.16    0.58 ^ clkbuf_4_15_0_w_clk/X (sky130_fd_sc_hd__clkbuf_8)
    12    0.03                           clknet_4_15_0_w_clk (net)
                  0.07    0.00    0.58 ^ _0957_/CLK (sky130_fd_sc_hd__dfxtp_1)
                  0.05    0.30    0.88 ^ _0957_/Q (sky130_fd_sc_hd__dfxtp_1)
     2    0.00                           mem[11][3] (net)
                  0.05    0.00    0.88 ^ _0667_/A0 (sky130_fd_sc_hd__mux2_1)
                  0.04    0.11    0.99 ^ _0667_/X (sky130_fd_sc_hd__mux2_1)
     1    0.00                           _0316_ (net)
                  0.04    0.00    0.99 ^ _0668_/A (sky130_fd_sc_hd__clkbuf_1)
                  0.04    0.07    1.06 ^ _0668_/X (sky130_fd_sc_hd__clkbuf_1)
     1    0.00                           _0051_ (net)
                  0.04    0.00    1.06 ^ _0957_/D (sky130_fd_sc_hd__dfxtp_1)
                                  1.06   data arrival time

                          0.00    0.00   clock w_clk (rise edge)
                          0.00    0.00   clock source latency
                  0.27    0.19    0.19 ^ w_clk (in)
     1    0.06                           w_clk (net)
                  0.27    0.00    0.19 ^ clkbuf_0_w_clk/A (sky130_fd_sc_hd__clkbuf_16)
                  0.11    0.27    0.46 ^ clkbuf_0_w_clk/X (sky130_fd_sc_hd__clkbuf_16)
    16    0.09                           clknet_0_w_clk (net)
                  0.11    0.00    0.46 ^ clkbuf_4_15_0_w_clk/A (sky130_fd_sc_hd__clkbuf_8)
                  0.07    0.18    0.64 ^ clkbuf_4_15_0_w_clk/X (sky130_fd_sc_hd__clkbuf_8)
    12    0.03                           clknet_4_15_0_w_clk (net)
                  0.07    0.00    0.64 ^ _0957_/CLK (sky130_fd_sc_hd__dfxtp_1)
                          0.25    0.89   clock uncertainty
                         -0.06    0.83   clock reconvergence pessimism
                         -0.03    0.80   library hold time
                                  0.80   data required time
-----------------------------------------------------------------------------
                                  0.80   data required time
                                 -1.06   data arrival time
-----------------------------------------------------------------------------
                                  0.26   slack (MET)


Startpoint: _1027_ (rising edge-triggered flip-flop clocked by w_clk)
Endpoint: _1027_ (rising edge-triggered flip-flop clocked by w_clk)
Path Group: w_clk
Path Type: min

Fanout     Cap    Slew   Delay    Time   Description
-----------------------------------------------------------------------------
                          0.00    0.00   clock w_clk (rise edge)
                          0.00    0.00   clock source latency
                  0.27    0.18    0.18 ^ w_clk (in)
     1    0.06                           w_clk (net)
                  0.27    0.00    0.18 ^ clkbuf_0_w_clk/A (sky130_fd_sc_hd__clkbuf_16)
                  0.11    0.24    0.42 ^ clkbuf_0_w_clk/X (sky130_fd_sc_hd__clkbuf_16)
    16    0.09                           clknet_0_w_clk (net)
                  0.11    0.00    0.42 ^ clkbuf_4_8_0_w_clk/A (sky130_fd_sc_hd__clkbuf_8)
                  0.07    0.16    0.58 ^ clkbuf_4_8_0_w_clk/X (sky130_fd_sc_hd__clkbuf_8)
    11    0.03                           clknet_4_8_0_w_clk (net)
                  0.07    0.00    0.58 ^ _1027_/CLK (sky130_fd_sc_hd__dfxtp_1)
                  0.05    0.30    0.88 ^ _1027_/Q (sky130_fd_sc_hd__dfxtp_1)
     2    0.00                           mem[4][4] (net)
                  0.05    0.00    0.88 ^ _0827_/A0 (sky130_fd_sc_hd__mux2_1)
                  0.04    0.11    0.99 ^ _0827_/X (sky130_fd_sc_hd__mux2_1)
     1    0.00                           _0406_ (net)
                  0.04    0.00    0.99 ^ _0828_/A (sky130_fd_sc_hd__clkbuf_1)
                  0.04    0.07    1.06 ^ _0828_/X (sky130_fd_sc_hd__clkbuf_1)
     1    0.00                           _0121_ (net)
                  0.04    0.00    1.06 ^ _1027_/D (sky130_fd_sc_hd__dfxtp_1)
                                  1.06   data arrival time

                          0.00    0.00   clock w_clk (rise edge)
                          0.00    0.00   clock source latency
                  0.27    0.19    0.19 ^ w_clk (in)
     1    0.06                           w_clk (net)
                  0.27    0.00    0.19 ^ clkbuf_0_w_clk/A (sky130_fd_sc_hd__clkbuf_16)
                  0.11    0.27    0.46 ^ clkbuf_0_w_clk/X (sky130_fd_sc_hd__clkbuf_16)
    16    0.09                           clknet_0_w_clk (net)
                  0.11    0.00    0.46 ^ clkbuf_4_8_0_w_clk/A (sky130_fd_sc_hd__clkbuf_8)
                  0.07    0.18    0.64 ^ clkbuf_4_8_0_w_clk/X (sky130_fd_sc_hd__clkbuf_8)
    11    0.03                           clknet_4_8_0_w_clk (net)
                  0.07    0.00    0.64 ^ _1027_/CLK (sky130_fd_sc_hd__dfxtp_1)
                          0.25    0.89   clock uncertainty
                         -0.06    0.83   clock reconvergence pessimism
                         -0.03    0.80   library hold time
                                  0.80   data required time
-----------------------------------------------------------------------------
                                  0.80   data required time
                                 -1.06   data arrival time
-----------------------------------------------------------------------------
                                  0.26   slack (MET)


Startpoint: _0961_ (rising edge-triggered flip-flop clocked by w_clk)
Endpoint: _0961_ (rising edge-triggered flip-flop clocked by w_clk)
Path Group: w_clk
Path Type: min

Fanout     Cap    Slew   Delay    Time   Description
-----------------------------------------------------------------------------
                          0.00    0.00   clock w_clk (rise edge)
                          0.00    0.00   clock source latency
                  0.27    0.18    0.18 ^ w_clk (in)
     1    0.06                           w_clk (net)
                  0.27    0.00    0.18 ^ clkbuf_0_w_clk/A (sky130_fd_sc_hd__clkbuf_16)
                  0.11    0.24    0.42 ^ clkbuf_0_w_clk/X (sky130_fd_sc_hd__clkbuf_16)
    16    0.09                           clknet_0_w_clk (net)
                  0.11    0.00    0.42 ^ clkbuf_4_12_0_w_clk/A (sky130_fd_sc_hd__clkbuf_8)
                  0.06    0.16    0.57 ^ clkbuf_4_12_0_w_clk/X (sky130_fd_sc_hd__clkbuf_8)
     9    0.03                           clknet_4_12_0_w_clk (net)
                  0.06    0.00    0.57 ^ _0961_/CLK (sky130_fd_sc_hd__dfxtp_1)
                  0.05    0.30    0.87 ^ _0961_/Q (sky130_fd_sc_hd__dfxtp_1)
     2    0.00                           mem[11][7] (net)
                  0.05    0.00    0.87 ^ _0675_/A0 (sky130_fd_sc_hd__mux2_1)
                  0.04    0.11    0.98 ^ _0675_/X (sky130_fd_sc_hd__mux2_1)
     1    0.00                           _0320_ (net)
                  0.04    0.00    0.98 ^ _0676_/A (sky130_fd_sc_hd__clkbuf_1)
                  0.04    0.07    1.05 ^ _0676_/X (sky130_fd_sc_hd__clkbuf_1)
     1    0.00                           _0055_ (net)
                  0.04    0.00    1.05 ^ _0961_/D (sky130_fd_sc_hd__dfxtp_1)
                                  1.05   data arrival time

                          0.00    0.00   clock w_clk (rise edge)
                          0.00    0.00   clock source latency
                  0.27    0.19    0.19 ^ w_clk (in)
     1    0.06                           w_clk (net)
                  0.27    0.00    0.19 ^ clkbuf_0_w_clk/A (sky130_fd_sc_hd__clkbuf_16)
                  0.11    0.27    0.46 ^ clkbuf_0_w_clk/X (sky130_fd_sc_hd__clkbuf_16)
    16    0.09                           clknet_0_w_clk (net)
                  0.11    0.00    0.46 ^ clkbuf_4_12_0_w_clk/A (sky130_fd_sc_hd__clkbuf_8)
                  0.06    0.17    0.63 ^ clkbuf_4_12_0_w_clk/X (sky130_fd_sc_hd__clkbuf_8)
     9    0.03                           clknet_4_12_0_w_clk (net)
                  0.06    0.00    0.63 ^ _0961_/CLK (sky130_fd_sc_hd__dfxtp_1)
                          0.25    0.88   clock uncertainty
                         -0.06    0.82   clock reconvergence pessimism
                         -0.03    0.79   library hold time
                                  0.79   data required time
-----------------------------------------------------------------------------
                                  0.79   data required time
                                 -1.05   data arrival time
-----------------------------------------------------------------------------
                                  0.26   slack (MET)


Startpoint: _1068_ (rising edge-triggered flip-flop clocked by w_clk)
Endpoint: _1068_ (rising edge-triggered flip-flop clocked by w_clk)
Path Group: w_clk
Path Type: min

Fanout     Cap    Slew   Delay    Time   Description
-----------------------------------------------------------------------------
                          0.00    0.00   clock w_clk (rise edge)
                          0.00    0.00   clock source latency
                  0.27    0.18    0.18 ^ w_clk (in)
     1    0.06                           w_clk (net)
                  0.27    0.00    0.18 ^ clkbuf_0_w_clk/A (sky130_fd_sc_hd__clkbuf_16)
                  0.11    0.24    0.42 ^ clkbuf_0_w_clk/X (sky130_fd_sc_hd__clkbuf_16)
    16    0.09                           clknet_0_w_clk (net)
                  0.11    0.00    0.42 ^ clkbuf_4_14_0_w_clk/A (sky130_fd_sc_hd__clkbuf_8)
                  0.07    0.16    0.58 ^ clkbuf_4_14_0_w_clk/X (sky130_fd_sc_hd__clkbuf_8)
    10    0.03                           clknet_4_14_0_w_clk (net)
                  0.07    0.00    0.58 ^ _1068_/CLK (sky130_fd_sc_hd__dfxtp_1)
                  0.05    0.30    0.88 ^ _1068_/Q (sky130_fd_sc_hd__dfxtp_1)
     2    0.00                           mem[15][4] (net)
                  0.05    0.00    0.88 ^ _0880_/A0 (sky130_fd_sc_hd__mux2_1)
                  0.04    0.11    0.98 ^ _0880_/X (sky130_fd_sc_hd__mux2_1)
     1    0.00                           _0438_ (net)
                  0.04    0.00    0.98 ^ _0881_/A (sky130_fd_sc_hd__clkbuf_1)
                  0.04    0.07    1.06 ^ _0881_/X (sky130_fd_sc_hd__clkbuf_1)
     1    0.00                           _0142_ (net)
                  0.04    0.00    1.06 ^ _1068_/D (sky130_fd_sc_hd__dfxtp_1)
                                  1.06   data arrival time

                          0.00    0.00   clock w_clk (rise edge)
                          0.00    0.00   clock source latency
                  0.27    0.19    0.19 ^ w_clk (in)
     1    0.06                           w_clk (net)
                  0.27    0.00    0.19 ^ clkbuf_0_w_clk/A (sky130_fd_sc_hd__clkbuf_16)
                  0.11    0.27    0.46 ^ clkbuf_0_w_clk/X (sky130_fd_sc_hd__clkbuf_16)
    16    0.09                           clknet_0_w_clk (net)
                  0.11    0.00    0.46 ^ clkbuf_4_14_0_w_clk/A (sky130_fd_sc_hd__clkbuf_8)
                  0.07    0.18    0.64 ^ clkbuf_4_14_0_w_clk/X (sky130_fd_sc_hd__clkbuf_8)
    10    0.03                           clknet_4_14_0_w_clk (net)
                  0.07    0.00    0.64 ^ _1068_/CLK (sky130_fd_sc_hd__dfxtp_1)
                          0.25    0.89   clock uncertainty
                         -0.06    0.83   clock reconvergence pessimism
                         -0.03    0.80   library hold time
                                  0.80   data required time
-----------------------------------------------------------------------------
                                  0.80   data required time
                                 -1.06   data arrival time
-----------------------------------------------------------------------------
                                  0.26   slack (MET)


Startpoint: _1003_ (rising edge-triggered flip-flop clocked by w_clk)
Endpoint: _1003_ (rising edge-triggered flip-flop clocked by w_clk)
Path Group: w_clk
Path Type: min

Fanout     Cap    Slew   Delay    Time   Description
-----------------------------------------------------------------------------
                          0.00    0.00   clock w_clk (rise edge)
                          0.00    0.00   clock source latency
                  0.27    0.18    0.18 ^ w_clk (in)
     1    0.06                           w_clk (net)
                  0.27    0.00    0.18 ^ clkbuf_0_w_clk/A (sky130_fd_sc_hd__clkbuf_16)
                  0.11    0.24    0.42 ^ clkbuf_0_w_clk/X (sky130_fd_sc_hd__clkbuf_16)
    16    0.09                           clknet_0_w_clk (net)
                  0.11    0.00    0.42 ^ clkbuf_4_2_0_w_clk/A (sky130_fd_sc_hd__clkbuf_8)
                  0.07    0.16    0.58 ^ clkbuf_4_2_0_w_clk/X (sky130_fd_sc_hd__clkbuf_8)
    11    0.03                           clknet_4_2_0_w_clk (net)
                  0.07    0.00    0.58 ^ _1003_/CLK (sky130_fd_sc_hd__dfxtp_1)
                  0.05    0.30    0.88 ^ _1003_/Q (sky130_fd_sc_hd__dfxtp_1)
     2    0.00                           mem[3][1] (net)
                  0.05    0.00    0.88 ^ _0773_/A0 (sky130_fd_sc_hd__mux2_1)
                  0.04    0.11    0.99 ^ _0773_/X (sky130_fd_sc_hd__mux2_1)
     1    0.00                           _0376_ (net)
                  0.04    0.00    0.99 ^ _0774_/A (sky130_fd_sc_hd__clkbuf_1)
                  0.04    0.07    1.06 ^ _0774_/X (sky130_fd_sc_hd__clkbuf_1)
     1    0.00                           _0097_ (net)
                  0.04    0.00    1.06 ^ _1003_/D (sky130_fd_sc_hd__dfxtp_1)
                                  1.06   data arrival time

                          0.00    0.00   clock w_clk (rise edge)
                          0.00    0.00   clock source latency
                  0.27    0.19    0.19 ^ w_clk (in)
     1    0.06                           w_clk (net)
                  0.27    0.00    0.19 ^ clkbuf_0_w_clk/A (sky130_fd_sc_hd__clkbuf_16)
                  0.11    0.27    0.46 ^ clkbuf_0_w_clk/X (sky130_fd_sc_hd__clkbuf_16)
    16    0.09                           clknet_0_w_clk (net)
                  0.11    0.00    0.46 ^ clkbuf_4_2_0_w_clk/A (sky130_fd_sc_hd__clkbuf_8)
                  0.07    0.18    0.64 ^ clkbuf_4_2_0_w_clk/X (sky130_fd_sc_hd__clkbuf_8)
    11    0.03                           clknet_4_2_0_w_clk (net)
                  0.07    0.00    0.64 ^ _1003_/CLK (sky130_fd_sc_hd__dfxtp_1)
                          0.25    0.89   clock uncertainty
                         -0.06    0.83   clock reconvergence pessimism
                         -0.03    0.80   library hold time
                                  0.80   data required time
-----------------------------------------------------------------------------
                                  0.80   data required time
                                 -1.06   data arrival time
-----------------------------------------------------------------------------
                                  0.26   slack (MET)


Startpoint: _0937_ (rising edge-triggered flip-flop clocked by w_clk)
Endpoint: _0937_ (rising edge-triggered flip-flop clocked by w_clk)
Path Group: w_clk
Path Type: min

Fanout     Cap    Slew   Delay    Time   Description
-----------------------------------------------------------------------------
                          0.00    0.00   clock w_clk (rise edge)
                          0.00    0.00   clock source latency
                  0.27    0.18    0.18 ^ w_clk (in)
     1    0.06                           w_clk (net)
                  0.27    0.00    0.18 ^ clkbuf_0_w_clk/A (sky130_fd_sc_hd__clkbuf_16)
                  0.11    0.24    0.42 ^ clkbuf_0_w_clk/X (sky130_fd_sc_hd__clkbuf_16)
    16    0.09                           clknet_0_w_clk (net)
                  0.11    0.00    0.42 ^ clkbuf_4_11_0_w_clk/A (sky130_fd_sc_hd__clkbuf_8)
                  0.06    0.16    0.57 ^ clkbuf_4_11_0_w_clk/X (sky130_fd_sc_hd__clkbuf_8)
    10    0.03                           clknet_4_11_0_w_clk (net)
                  0.06    0.00    0.57 ^ _0937_/CLK (sky130_fd_sc_hd__dfxtp_1)
                  0.05    0.30    0.87 ^ _0937_/Q (sky130_fd_sc_hd__dfxtp_1)
     2    0.00                           mem[1][7] (net)
                  0.05    0.00    0.87 ^ _0621_/A0 (sky130_fd_sc_hd__mux2_1)
                  0.04    0.11    0.98 ^ _0621_/X (sky130_fd_sc_hd__mux2_1)
     1    0.00                           _0290_ (net)
                  0.04    0.00    0.98 ^ _0622_/A (sky130_fd_sc_hd__clkbuf_1)
                  0.04    0.07    1.05 ^ _0622_/X (sky130_fd_sc_hd__clkbuf_1)
     1    0.00                           _0031_ (net)
                  0.04    0.00    1.05 ^ _0937_/D (sky130_fd_sc_hd__dfxtp_1)
                                  1.05   data arrival time

                          0.00    0.00   clock w_clk (rise edge)
                          0.00    0.00   clock source latency
                  0.27    0.19    0.19 ^ w_clk (in)
     1    0.06                           w_clk (net)
                  0.27    0.00    0.19 ^ clkbuf_0_w_clk/A (sky130_fd_sc_hd__clkbuf_16)
                  0.11    0.27    0.46 ^ clkbuf_0_w_clk/X (sky130_fd_sc_hd__clkbuf_16)
    16    0.09                           clknet_0_w_clk (net)
                  0.11    0.00    0.46 ^ clkbuf_4_11_0_w_clk/A (sky130_fd_sc_hd__clkbuf_8)
                  0.06    0.17    0.63 ^ clkbuf_4_11_0_w_clk/X (sky130_fd_sc_hd__clkbuf_8)
    10    0.03                           clknet_4_11_0_w_clk (net)
                  0.06    0.00    0.63 ^ _0937_/CLK (sky130_fd_sc_hd__dfxtp_1)
                          0.25    0.88   clock uncertainty
                         -0.06    0.82   clock reconvergence pessimism
                         -0.03    0.80   library hold time
                                  0.80   data required time
-----------------------------------------------------------------------------
                                  0.80   data required time
                                 -1.05   data arrival time
-----------------------------------------------------------------------------
                                  0.26   slack (MET)


Startpoint: _0933_ (rising edge-triggered flip-flop clocked by w_clk)
Endpoint: _0933_ (rising edge-triggered flip-flop clocked by w_clk)
Path Group: w_clk
Path Type: min

Fanout     Cap    Slew   Delay    Time   Description
-----------------------------------------------------------------------------
                          0.00    0.00   clock w_clk (rise edge)
                          0.00    0.00   clock source latency
                  0.27    0.18    0.18 ^ w_clk (in)
     1    0.06                           w_clk (net)
                  0.27    0.00    0.18 ^ clkbuf_0_w_clk/A (sky130_fd_sc_hd__clkbuf_16)
                  0.11    0.24    0.42 ^ clkbuf_0_w_clk/X (sky130_fd_sc_hd__clkbuf_16)
    16    0.09                           clknet_0_w_clk (net)
                  0.11    0.00    0.42 ^ clkbuf_4_11_0_w_clk/A (sky130_fd_sc_hd__clkbuf_8)
                  0.06    0.16    0.57 ^ clkbuf_4_11_0_w_clk/X (sky130_fd_sc_hd__clkbuf_8)
    10    0.03                           clknet_4_11_0_w_clk (net)
                  0.06    0.00    0.57 ^ _0933_/CLK (sky130_fd_sc_hd__dfxtp_1)
                  0.05    0.30    0.87 ^ _0933_/Q (sky130_fd_sc_hd__dfxtp_1)
     2    0.00                           mem[1][3] (net)
                  0.05    0.00    0.87 ^ _0613_/A0 (sky130_fd_sc_hd__mux2_1)
                  0.04    0.11    0.98 ^ _0613_/X (sky130_fd_sc_hd__mux2_1)
     1    0.00                           _0286_ (net)
                  0.04    0.00    0.98 ^ _0614_/A (sky130_fd_sc_hd__clkbuf_1)
                  0.04    0.07    1.05 ^ _0614_/X (sky130_fd_sc_hd__clkbuf_1)
     1    0.00                           _0027_ (net)
                  0.04    0.00    1.05 ^ _0933_/D (sky130_fd_sc_hd__dfxtp_1)
                                  1.05   data arrival time

                          0.00    0.00   clock w_clk (rise edge)
                          0.00    0.00   clock source latency
                  0.27    0.19    0.19 ^ w_clk (in)
     1    0.06                           w_clk (net)
                  0.27    0.00    0.19 ^ clkbuf_0_w_clk/A (sky130_fd_sc_hd__clkbuf_16)
                  0.11    0.27    0.46 ^ clkbuf_0_w_clk/X (sky130_fd_sc_hd__clkbuf_16)
    16    0.09                           clknet_0_w_clk (net)
                  0.11    0.00    0.46 ^ clkbuf_4_11_0_w_clk/A (sky130_fd_sc_hd__clkbuf_8)
                  0.06    0.17    0.63 ^ clkbuf_4_11_0_w_clk/X (sky130_fd_sc_hd__clkbuf_8)
    10    0.03                           clknet_4_11_0_w_clk (net)
                  0.06    0.00    0.63 ^ _0933_/CLK (sky130_fd_sc_hd__dfxtp_1)
                          0.25    0.88   clock uncertainty
                         -0.06    0.82   clock reconvergence pessimism
                         -0.03    0.80   library hold time
                                  0.80   data required time
-----------------------------------------------------------------------------
                                  0.80   data required time
                                 -1.05   data arrival time
-----------------------------------------------------------------------------
                                  0.26   slack (MET)


Startpoint: _0990_ (rising edge-triggered flip-flop clocked by w_clk)
Endpoint: _0990_ (rising edge-triggered flip-flop clocked by w_clk)
Path Group: w_clk
Path Type: min

Fanout     Cap    Slew   Delay    Time   Description
-----------------------------------------------------------------------------
                          0.00    0.00   clock w_clk (rise edge)
                          0.00    0.00   clock source latency
                  0.27    0.18    0.18 ^ w_clk (in)
     1    0.06                           w_clk (net)
                  0.27    0.00    0.18 ^ clkbuf_0_w_clk/A (sky130_fd_sc_hd__clkbuf_16)
                  0.11    0.24    0.42 ^ clkbuf_0_w_clk/X (sky130_fd_sc_hd__clkbuf_16)
    16    0.09                           clknet_0_w_clk (net)
                  0.11    0.00    0.42 ^ clkbuf_4_14_0_w_clk/A (sky130_fd_sc_hd__clkbuf_8)
                  0.07    0.16    0.58 ^ clkbuf_4_14_0_w_clk/X (sky130_fd_sc_hd__clkbuf_8)
    10    0.03                           clknet_4_14_0_w_clk (net)
                  0.07    0.00    0.58 ^ _0990_/CLK (sky130_fd_sc_hd__dfxtp_1)
                  0.05    0.30    0.87 ^ _0990_/Q (sky130_fd_sc_hd__dfxtp_1)
     2    0.00                           mem[8][4] (net)
                  0.05    0.00    0.87 ^ _0744_/A0 (sky130_fd_sc_hd__mux2_1)
                  0.04    0.11    0.98 ^ _0744_/X (sky130_fd_sc_hd__mux2_1)
     1    0.00                           _0360_ (net)
                  0.04    0.00    0.98 ^ _0745_/A (sky130_fd_sc_hd__clkbuf_1)
                  0.04    0.07    1.06 ^ _0745_/X (sky130_fd_sc_hd__clkbuf_1)
     1    0.00                           _0084_ (net)
                  0.04    0.00    1.06 ^ _0990_/D (sky130_fd_sc_hd__dfxtp_1)
                                  1.06   data arrival time

                          0.00    0.00   clock w_clk (rise edge)
                          0.00    0.00   clock source latency
                  0.27    0.19    0.19 ^ w_clk (in)
     1    0.06                           w_clk (net)
                  0.27    0.00    0.19 ^ clkbuf_0_w_clk/A (sky130_fd_sc_hd__clkbuf_16)
                  0.11    0.27    0.46 ^ clkbuf_0_w_clk/X (sky130_fd_sc_hd__clkbuf_16)
    16    0.09                           clknet_0_w_clk (net)
                  0.11    0.00    0.46 ^ clkbuf_4_14_0_w_clk/A (sky130_fd_sc_hd__clkbuf_8)
                  0.07    0.18    0.64 ^ clkbuf_4_14_0_w_clk/X (sky130_fd_sc_hd__clkbuf_8)
    10    0.03                           clknet_4_14_0_w_clk (net)
                  0.07    0.00    0.64 ^ _0990_/CLK (sky130_fd_sc_hd__dfxtp_1)
                          0.25    0.89   clock uncertainty
                         -0.06    0.83   clock reconvergence pessimism
                         -0.03    0.80   library hold time
                                  0.80   data required time
-----------------------------------------------------------------------------
                                  0.80   data required time
                                 -1.06   data arrival time
-----------------------------------------------------------------------------
                                  0.26   slack (MET)


Startpoint: _0922_ (rising edge-triggered flip-flop clocked by w_clk)
Endpoint: _0922_ (rising edge-triggered flip-flop clocked by w_clk)
Path Group: w_clk
Path Type: min

Fanout     Cap    Slew   Delay    Time   Description
-----------------------------------------------------------------------------
                          0.00    0.00   clock w_clk (rise edge)
                          0.00    0.00   clock source latency
                  0.27    0.18    0.18 ^ w_clk (in)
     1    0.06                           w_clk (net)
                  0.27    0.00    0.18 ^ clkbuf_0_w_clk/A (sky130_fd_sc_hd__clkbuf_16)
                  0.11    0.24    0.42 ^ clkbuf_0_w_clk/X (sky130_fd_sc_hd__clkbuf_16)
    16    0.09                           clknet_0_w_clk (net)
                  0.11    0.00    0.42 ^ clkbuf_4_7_0_w_clk/A (sky130_fd_sc_hd__clkbuf_8)
                  0.05    0.15    0.57 ^ clkbuf_4_7_0_w_clk/X (sky130_fd_sc_hd__clkbuf_8)
     8    0.02                           clknet_4_7_0_w_clk (net)
                  0.05    0.00    0.57 ^ _0922_/CLK (sky130_fd_sc_hd__dfxtp_1)
                  0.06    0.30    0.87 ^ _0922_/Q (sky130_fd_sc_hd__dfxtp_1)
     2    0.00                           mem[14][0] (net)
                  0.06    0.00    0.87 ^ _0588_/A0 (sky130_fd_sc_hd__mux2_1)
                  0.04    0.11    0.98 ^ _0588_/X (sky130_fd_sc_hd__mux2_1)
     1    0.00                           _0272_ (net)
                  0.04    0.00    0.98 ^ _0589_/A (sky130_fd_sc_hd__clkbuf_1)
                  0.04    0.07    1.05 ^ _0589_/X (sky130_fd_sc_hd__clkbuf_1)
     1    0.00                           _0016_ (net)
                  0.04    0.00    1.05 ^ _0922_/D (sky130_fd_sc_hd__dfxtp_1)
                                  1.05   data arrival time

                          0.00    0.00   clock w_clk (rise edge)
                          0.00    0.00   clock source latency
                  0.27    0.19    0.19 ^ w_clk (in)
     1    0.06                           w_clk (net)
                  0.27    0.00    0.19 ^ clkbuf_0_w_clk/A (sky130_fd_sc_hd__clkbuf_16)
                  0.11    0.27    0.46 ^ clkbuf_0_w_clk/X (sky130_fd_sc_hd__clkbuf_16)
    16    0.09                           clknet_0_w_clk (net)
                  0.11    0.00    0.46 ^ clkbuf_4_7_0_w_clk/A (sky130_fd_sc_hd__clkbuf_8)
                  0.05    0.17    0.63 ^ clkbuf_4_7_0_w_clk/X (sky130_fd_sc_hd__clkbuf_8)
     8    0.02                           clknet_4_7_0_w_clk (net)
                  0.05    0.00    0.63 ^ _0922_/CLK (sky130_fd_sc_hd__dfxtp_1)
                          0.25    0.88   clock uncertainty
                         -0.06    0.82   clock reconvergence pessimism
                         -0.03    0.79   library hold time
                                  0.79   data required time
-----------------------------------------------------------------------------
                                  0.79   data required time
                                 -1.05   data arrival time
-----------------------------------------------------------------------------
                                  0.26   slack (MET)


Startpoint: _0992_ (rising edge-triggered flip-flop clocked by w_clk)
Endpoint: _0992_ (rising edge-triggered flip-flop clocked by w_clk)
Path Group: w_clk
Path Type: min

Fanout     Cap    Slew   Delay    Time   Description
-----------------------------------------------------------------------------
                          0.00    0.00   clock w_clk (rise edge)
                          0.00    0.00   clock source latency
                  0.27    0.18    0.18 ^ w_clk (in)
     1    0.06                           w_clk (net)
                  0.27    0.00    0.18 ^ clkbuf_0_w_clk/A (sky130_fd_sc_hd__clkbuf_16)
                  0.11    0.24    0.42 ^ clkbuf_0_w_clk/X (sky130_fd_sc_hd__clkbuf_16)
    16    0.09                           clknet_0_w_clk (net)
                  0.11    0.00    0.42 ^ clkbuf_4_5_0_w_clk/A (sky130_fd_sc_hd__clkbuf_8)
                  0.06    0.15    0.57 ^ clkbuf_4_5_0_w_clk/X (sky130_fd_sc_hd__clkbuf_8)
     8    0.02                           clknet_4_5_0_w_clk (net)
                  0.06    0.00    0.57 ^ _0992_/CLK (sky130_fd_sc_hd__dfxtp_1)
                  0.05    0.30    0.86 ^ _0992_/Q (sky130_fd_sc_hd__dfxtp_1)
     2    0.00                           mem[8][6] (net)
                  0.05    0.00    0.86 ^ _0748_/A0 (sky130_fd_sc_hd__mux2_1)
                  0.04    0.11    0.98 ^ _0748_/X (sky130_fd_sc_hd__mux2_1)
     1    0.00                           _0362_ (net)
                  0.04    0.00    0.98 ^ _0749_/A (sky130_fd_sc_hd__clkbuf_1)
                  0.04    0.07    1.05 ^ _0749_/X (sky130_fd_sc_hd__clkbuf_1)
     1    0.00                           _0086_ (net)
                  0.04    0.00    1.05 ^ _0992_/D (sky130_fd_sc_hd__dfxtp_1)
                                  1.05   data arrival time

                          0.00    0.00   clock w_clk (rise edge)
                          0.00    0.00   clock source latency
                  0.27    0.19    0.19 ^ w_clk (in)
     1    0.06                           w_clk (net)
                  0.27    0.00    0.19 ^ clkbuf_0_w_clk/A (sky130_fd_sc_hd__clkbuf_16)
                  0.11    0.27    0.46 ^ clkbuf_0_w_clk/X (sky130_fd_sc_hd__clkbuf_16)
    16    0.09                           clknet_0_w_clk (net)
                  0.11    0.00    0.46 ^ clkbuf_4_5_0_w_clk/A (sky130_fd_sc_hd__clkbuf_8)
                  0.06    0.17    0.63 ^ clkbuf_4_5_0_w_clk/X (sky130_fd_sc_hd__clkbuf_8)
     8    0.02                           clknet_4_5_0_w_clk (net)
                  0.06    0.00    0.63 ^ _0992_/CLK (sky130_fd_sc_hd__dfxtp_1)
                          0.25    0.88   clock uncertainty
                         -0.06    0.82   clock reconvergence pessimism
                         -0.03    0.79   library hold time
                                  0.79   data required time
-----------------------------------------------------------------------------
                                  0.79   data required time
                                 -1.05   data arrival time
-----------------------------------------------------------------------------
                                  0.26   slack (MET)


Startpoint: _1075_ (rising edge-triggered flip-flop clocked by w_clk)
Endpoint: _1075_ (rising edge-triggered flip-flop clocked by w_clk)
Path Group: w_clk
Path Type: min

Fanout     Cap    Slew   Delay    Time   Description
-----------------------------------------------------------------------------
                          0.00    0.00   clock w_clk (rise edge)
                          0.00    0.00   clock source latency
                  0.27    0.18    0.18 ^ w_clk (in)
     1    0.06                           w_clk (net)
                  0.27    0.00    0.18 ^ clkbuf_0_w_clk/A (sky130_fd_sc_hd__clkbuf_16)
                  0.11    0.24    0.42 ^ clkbuf_0_w_clk/X (sky130_fd_sc_hd__clkbuf_16)
    16    0.09                           clknet_0_w_clk (net)
                  0.11    0.00    0.42 ^ clkbuf_4_15_0_w_clk/A (sky130_fd_sc_hd__clkbuf_8)
                  0.07    0.16    0.58 ^ clkbuf_4_15_0_w_clk/X (sky130_fd_sc_hd__clkbuf_8)
    12    0.03                           clknet_4_15_0_w_clk (net)
                  0.07    0.00    0.58 ^ _1075_/CLK (sky130_fd_sc_hd__dfxtp_1)
                  0.05    0.30    0.88 ^ _1075_/Q (sky130_fd_sc_hd__dfxtp_1)
     2    0.00                           mem[9][3] (net)
                  0.05    0.00    0.88 ^ _0896_/A0 (sky130_fd_sc_hd__mux2_1)
                  0.04    0.11    0.99 ^ _0896_/X (sky130_fd_sc_hd__mux2_1)
     1    0.00                           _0447_ (net)
                  0.04    0.00    0.99 ^ _0897_/A (sky130_fd_sc_hd__clkbuf_1)
                  0.04    0.07    1.06 ^ _0897_/X (sky130_fd_sc_hd__clkbuf_1)
     1    0.00                           _0149_ (net)
                  0.04    0.00    1.06 ^ _1075_/D (sky130_fd_sc_hd__dfxtp_1)
                                  1.06   data arrival time

                          0.00    0.00   clock w_clk (rise edge)
                          0.00    0.00   clock source latency
                  0.27    0.19    0.19 ^ w_clk (in)
     1    0.06                           w_clk (net)
                  0.27    0.00    0.19 ^ clkbuf_0_w_clk/A (sky130_fd_sc_hd__clkbuf_16)
                  0.11    0.27    0.46 ^ clkbuf_0_w_clk/X (sky130_fd_sc_hd__clkbuf_16)
    16    0.09                           clknet_0_w_clk (net)
                  0.11    0.00    0.46 ^ clkbuf_4_15_0_w_clk/A (sky130_fd_sc_hd__clkbuf_8)
                  0.07    0.18    0.64 ^ clkbuf_4_15_0_w_clk/X (sky130_fd_sc_hd__clkbuf_8)
    12    0.03                           clknet_4_15_0_w_clk (net)
                  0.07    0.00    0.64 ^ _1075_/CLK (sky130_fd_sc_hd__dfxtp_1)
                          0.25    0.89   clock uncertainty
                         -0.06    0.83   clock reconvergence pessimism
                         -0.03    0.80   library hold time
                                  0.80   data required time
-----------------------------------------------------------------------------
                                  0.80   data required time
                                 -1.06   data arrival time
-----------------------------------------------------------------------------
                                  0.26   slack (MET)


Startpoint: _0938_ (rising edge-triggered flip-flop clocked by w_clk)
Endpoint: _0938_ (rising edge-triggered flip-flop clocked by w_clk)
Path Group: w_clk
Path Type: min

Fanout     Cap    Slew   Delay    Time   Description
-----------------------------------------------------------------------------
                          0.00    0.00   clock w_clk (rise edge)
                          0.00    0.00   clock source latency
                  0.27    0.18    0.18 ^ w_clk (in)
     1    0.06                           w_clk (net)
                  0.27    0.00    0.18 ^ clkbuf_0_w_clk/A (sky130_fd_sc_hd__clkbuf_16)
                  0.11    0.24    0.42 ^ clkbuf_0_w_clk/X (sky130_fd_sc_hd__clkbuf_16)
    16    0.09                           clknet_0_w_clk (net)
                  0.11    0.00    0.42 ^ clkbuf_4_7_0_w_clk/A (sky130_fd_sc_hd__clkbuf_8)
                  0.05    0.15    0.57 ^ clkbuf_4_7_0_w_clk/X (sky130_fd_sc_hd__clkbuf_8)
     8    0.02                           clknet_4_7_0_w_clk (net)
                  0.05    0.00    0.57 ^ _0938_/CLK (sky130_fd_sc_hd__dfxtp_1)
                  0.05    0.29    0.86 ^ _0938_/Q (sky130_fd_sc_hd__dfxtp_1)
     2    0.00                           mem[13][0] (net)
                  0.05    0.00    0.86 ^ _0625_/A0 (sky130_fd_sc_hd__mux2_1)
                  0.04    0.11    0.97 ^ _0625_/X (sky130_fd_sc_hd__mux2_1)
     1    0.00                           _0293_ (net)
                  0.04    0.00    0.97 ^ _0626_/A (sky130_fd_sc_hd__clkbuf_1)
                  0.04    0.07    1.05 ^ _0626_/X (sky130_fd_sc_hd__clkbuf_1)
     1    0.00                           _0032_ (net)
                  0.04    0.00    1.05 ^ _0938_/D (sky130_fd_sc_hd__dfxtp_1)
                                  1.05   data arrival time

                          0.00    0.00   clock w_clk (rise edge)
                          0.00    0.00   clock source latency
                  0.27    0.19    0.19 ^ w_clk (in)
     1    0.06                           w_clk (net)
                  0.27    0.00    0.19 ^ clkbuf_0_w_clk/A (sky130_fd_sc_hd__clkbuf_16)
                  0.11    0.27    0.46 ^ clkbuf_0_w_clk/X (sky130_fd_sc_hd__clkbuf_16)
    16    0.09                           clknet_0_w_clk (net)
                  0.11    0.00    0.46 ^ clkbuf_4_7_0_w_clk/A (sky130_fd_sc_hd__clkbuf_8)
                  0.05    0.17    0.63 ^ clkbuf_4_7_0_w_clk/X (sky130_fd_sc_hd__clkbuf_8)
     8    0.02                           clknet_4_7_0_w_clk (net)
                  0.05    0.00    0.63 ^ _0938_/CLK (sky130_fd_sc_hd__dfxtp_1)
                          0.25    0.88   clock uncertainty
                         -0.06    0.82   clock reconvergence pessimism
                         -0.03    0.79   library hold time
                                  0.79   data required time
-----------------------------------------------------------------------------
                                  0.79   data required time
                                 -1.05   data arrival time
-----------------------------------------------------------------------------
                                  0.26   slack (MET)


Startpoint: _0950_ (rising edge-triggered flip-flop clocked by w_clk)
Endpoint: _0950_ (rising edge-triggered flip-flop clocked by w_clk)
Path Group: w_clk
Path Type: min

Fanout     Cap    Slew   Delay    Time   Description
-----------------------------------------------------------------------------
                          0.00    0.00   clock w_clk (rise edge)
                          0.00    0.00   clock source latency
                  0.27    0.18    0.18 ^ w_clk (in)
     1    0.06                           w_clk (net)
                  0.27    0.00    0.18 ^ clkbuf_0_w_clk/A (sky130_fd_sc_hd__clkbuf_16)
                  0.11    0.24    0.42 ^ clkbuf_0_w_clk/X (sky130_fd_sc_hd__clkbuf_16)
    16    0.09                           clknet_0_w_clk (net)
                  0.11    0.00    0.42 ^ clkbuf_4_15_0_w_clk/A (sky130_fd_sc_hd__clkbuf_8)
                  0.07    0.16    0.58 ^ clkbuf_4_15_0_w_clk/X (sky130_fd_sc_hd__clkbuf_8)
    12    0.03                           clknet_4_15_0_w_clk (net)
                  0.07    0.00    0.58 ^ _0950_/CLK (sky130_fd_sc_hd__dfxtp_1)
                  0.05    0.30    0.88 ^ _0950_/Q (sky130_fd_sc_hd__dfxtp_1)
     2    0.00                           mem[12][4] (net)
                  0.05    0.00    0.88 ^ _0651_/A0 (sky130_fd_sc_hd__mux2_1)
                  0.04    0.11    1.00 ^ _0651_/X (sky130_fd_sc_hd__mux2_1)
     1    0.00                           _0307_ (net)
                  0.04    0.00    1.00 ^ _0652_/A (sky130_fd_sc_hd__clkbuf_1)
                  0.04    0.07    1.06 ^ _0652_/X (sky130_fd_sc_hd__clkbuf_1)
     1    0.00                           _0044_ (net)
                  0.04    0.00    1.06 ^ _0950_/D (sky130_fd_sc_hd__dfxtp_1)
                                  1.06   data arrival time

                          0.00    0.00   clock w_clk (rise edge)
                          0.00    0.00   clock source latency
                  0.27    0.19    0.19 ^ w_clk (in)
     1    0.06                           w_clk (net)
                  0.27    0.00    0.19 ^ clkbuf_0_w_clk/A (sky130_fd_sc_hd__clkbuf_16)
                  0.11    0.27    0.46 ^ clkbuf_0_w_clk/X (sky130_fd_sc_hd__clkbuf_16)
    16    0.09                           clknet_0_w_clk (net)
                  0.11    0.00    0.46 ^ clkbuf_4_15_0_w_clk/A (sky130_fd_sc_hd__clkbuf_8)
                  0.07    0.18    0.64 ^ clkbuf_4_15_0_w_clk/X (sky130_fd_sc_hd__clkbuf_8)
    12    0.03                           clknet_4_15_0_w_clk (net)
                  0.07    0.00    0.64 ^ _0950_/CLK (sky130_fd_sc_hd__dfxtp_1)
                          0.25    0.89   clock uncertainty
                         -0.06    0.83   clock reconvergence pessimism
                         -0.03    0.80   library hold time
                                  0.80   data required time
-----------------------------------------------------------------------------
                                  0.80   data required time
                                 -1.06   data arrival time
-----------------------------------------------------------------------------
                                  0.26   slack (MET)


Startpoint: _1028_ (rising edge-triggered flip-flop clocked by w_clk)
Endpoint: _1028_ (rising edge-triggered flip-flop clocked by w_clk)
Path Group: w_clk
Path Type: min

Fanout     Cap    Slew   Delay    Time   Description
-----------------------------------------------------------------------------
                          0.00    0.00   clock w_clk (rise edge)
                          0.00    0.00   clock source latency
                  0.27    0.18    0.18 ^ w_clk (in)
     1    0.06                           w_clk (net)
                  0.27    0.00    0.18 ^ clkbuf_0_w_clk/A (sky130_fd_sc_hd__clkbuf_16)
                  0.11    0.24    0.42 ^ clkbuf_0_w_clk/X (sky130_fd_sc_hd__clkbuf_16)
    16    0.09                           clknet_0_w_clk (net)
                  0.11    0.00    0.42 ^ clkbuf_4_10_0_w_clk/A (sky130_fd_sc_hd__clkbuf_8)
                  0.08    0.17    0.59 ^ clkbuf_4_10_0_w_clk/X (sky130_fd_sc_hd__clkbuf_8)
    14    0.04                           clknet_4_10_0_w_clk (net)
                  0.08    0.00    0.59 ^ _1028_/CLK (sky130_fd_sc_hd__dfxtp_1)
                  0.05    0.31    0.89 ^ _1028_/Q (sky130_fd_sc_hd__dfxtp_1)
     2    0.00                           mem[4][5] (net)
                  0.05    0.00    0.89 ^ _0829_/A0 (sky130_fd_sc_hd__mux2_1)
                  0.04    0.11    1.00 ^ _0829_/X (sky130_fd_sc_hd__mux2_1)
     1    0.00                           _0407_ (net)
                  0.04    0.00    1.00 ^ _0830_/A (sky130_fd_sc_hd__clkbuf_1)
                  0.04    0.07    1.07 ^ _0830_/X (sky130_fd_sc_hd__clkbuf_1)
     1    0.00                           _0122_ (net)
                  0.04    0.00    1.07 ^ _1028_/D (sky130_fd_sc_hd__dfxtp_1)
                                  1.07   data arrival time

                          0.00    0.00   clock w_clk (rise edge)
                          0.00    0.00   clock source latency
                  0.27    0.19    0.19 ^ w_clk (in)
     1    0.06                           w_clk (net)
                  0.27    0.00    0.19 ^ clkbuf_0_w_clk/A (sky130_fd_sc_hd__clkbuf_16)
                  0.11    0.27    0.46 ^ clkbuf_0_w_clk/X (sky130_fd_sc_hd__clkbuf_16)
    16    0.09                           clknet_0_w_clk (net)
                  0.11    0.00    0.46 ^ clkbuf_4_10_0_w_clk/A (sky130_fd_sc_hd__clkbuf_8)
                  0.08    0.19    0.65 ^ clkbuf_4_10_0_w_clk/X (sky130_fd_sc_hd__clkbuf_8)
    14    0.04                           clknet_4_10_0_w_clk (net)
                  0.08    0.00    0.65 ^ _1028_/CLK (sky130_fd_sc_hd__dfxtp_1)
                          0.25    0.90   clock uncertainty
                         -0.06    0.84   clock reconvergence pessimism
                         -0.02    0.81   library hold time
                                  0.81   data required time
-----------------------------------------------------------------------------
                                  0.81   data required time
                                 -1.07   data arrival time
-----------------------------------------------------------------------------
                                  0.26   slack (MET)


Startpoint: _0968_ (rising edge-triggered flip-flop clocked by w_clk)
Endpoint: _0968_ (rising edge-triggered flip-flop clocked by w_clk)
Path Group: w_clk
Path Type: min

Fanout     Cap    Slew   Delay    Time   Description
-----------------------------------------------------------------------------
                          0.00    0.00   clock w_clk (rise edge)
                          0.00    0.00   clock source latency
                  0.27    0.18    0.18 ^ w_clk (in)
     1    0.06                           w_clk (net)
                  0.27    0.00    0.18 ^ clkbuf_0_w_clk/A (sky130_fd_sc_hd__clkbuf_16)
                  0.11    0.24    0.42 ^ clkbuf_0_w_clk/X (sky130_fd_sc_hd__clkbuf_16)
    16    0.09                           clknet_0_w_clk (net)
                  0.11    0.00    0.42 ^ clkbuf_4_5_0_w_clk/A (sky130_fd_sc_hd__clkbuf_8)
                  0.06    0.15    0.57 ^ clkbuf_4_5_0_w_clk/X (sky130_fd_sc_hd__clkbuf_8)
     8    0.02                           clknet_4_5_0_w_clk (net)
                  0.06    0.00    0.57 ^ _0968_/CLK (sky130_fd_sc_hd__dfxtp_1)
                  0.05    0.30    0.86 ^ _0968_/Q (sky130_fd_sc_hd__dfxtp_1)
     2    0.00                           mem[10][6] (net)
                  0.05    0.00    0.86 ^ _0693_/A0 (sky130_fd_sc_hd__mux2_1)
                  0.04    0.11    0.97 ^ _0693_/X (sky130_fd_sc_hd__mux2_1)
     1    0.00                           _0331_ (net)
                  0.04    0.00    0.97 ^ _0694_/A (sky130_fd_sc_hd__clkbuf_1)
                  0.04    0.08    1.05 ^ _0694_/X (sky130_fd_sc_hd__clkbuf_1)
     1    0.00                           _0062_ (net)
                  0.04    0.00    1.05 ^ _0968_/D (sky130_fd_sc_hd__dfxtp_1)
                                  1.05   data arrival time

                          0.00    0.00   clock w_clk (rise edge)
                          0.00    0.00   clock source latency
                  0.27    0.19    0.19 ^ w_clk (in)
     1    0.06                           w_clk (net)
                  0.27    0.00    0.19 ^ clkbuf_0_w_clk/A (sky130_fd_sc_hd__clkbuf_16)
                  0.11    0.27    0.46 ^ clkbuf_0_w_clk/X (sky130_fd_sc_hd__clkbuf_16)
    16    0.09                           clknet_0_w_clk (net)
                  0.11    0.00    0.46 ^ clkbuf_4_5_0_w_clk/A (sky130_fd_sc_hd__clkbuf_8)
                  0.06    0.17    0.63 ^ clkbuf_4_5_0_w_clk/X (sky130_fd_sc_hd__clkbuf_8)
     8    0.02                           clknet_4_5_0_w_clk (net)
                  0.06    0.00    0.63 ^ _0968_/CLK (sky130_fd_sc_hd__dfxtp_1)
                          0.25    0.88   clock uncertainty
                         -0.06    0.82   clock reconvergence pessimism
                         -0.03    0.79   library hold time
                                  0.79   data required time
-----------------------------------------------------------------------------
                                  0.79   data required time
                                 -1.05   data arrival time
-----------------------------------------------------------------------------
                                  0.26   slack (MET)


Startpoint: _0907_ (rising edge-triggered flip-flop clocked by w_clk)
Endpoint: _0907_ (rising edge-triggered flip-flop clocked by w_clk)
Path Group: w_clk
Path Type: min

Fanout     Cap    Slew   Delay    Time   Description
-----------------------------------------------------------------------------
                          0.00    0.00   clock w_clk (rise edge)
                          0.00    0.00   clock source latency
                  0.27    0.18    0.18 ^ w_clk (in)
     1    0.06                           w_clk (net)
                  0.27    0.00    0.18 ^ clkbuf_0_w_clk/A (sky130_fd_sc_hd__clkbuf_16)
                  0.11    0.24    0.42 ^ clkbuf_0_w_clk/X (sky130_fd_sc_hd__clkbuf_16)
    16    0.09                           clknet_0_w_clk (net)
                  0.11    0.00    0.42 ^ clkbuf_4_2_0_w_clk/A (sky130_fd_sc_hd__clkbuf_8)
                  0.07    0.16    0.58 ^ clkbuf_4_2_0_w_clk/X (sky130_fd_sc_hd__clkbuf_8)
    11    0.03                           clknet_4_2_0_w_clk (net)
                  0.07    0.00    0.58 ^ _0907_/CLK (sky130_fd_sc_hd__dfxtp_1)
                  0.05    0.30    0.88 ^ _0907_/Q (sky130_fd_sc_hd__dfxtp_1)
     2    0.00                           mem[5][1] (net)
                  0.05    0.00    0.88 ^ _0492_/A0 (sky130_fd_sc_hd__mux2_1)
                  0.04    0.11    0.99 ^ _0492_/X (sky130_fd_sc_hd__mux2_1)
     1    0.00                           _0191_ (net)
                  0.04    0.00    0.99 ^ _0493_/A (sky130_fd_sc_hd__clkbuf_1)
                  0.04    0.07    1.06 ^ _0493_/X (sky130_fd_sc_hd__clkbuf_1)
     1    0.00                           _0001_ (net)
                  0.04    0.00    1.06 ^ _0907_/D (sky130_fd_sc_hd__dfxtp_1)
                                  1.06   data arrival time

                          0.00    0.00   clock w_clk (rise edge)
                          0.00    0.00   clock source latency
                  0.27    0.19    0.19 ^ w_clk (in)
     1    0.06                           w_clk (net)
                  0.27    0.00    0.19 ^ clkbuf_0_w_clk/A (sky130_fd_sc_hd__clkbuf_16)
                  0.11    0.27    0.46 ^ clkbuf_0_w_clk/X (sky130_fd_sc_hd__clkbuf_16)
    16    0.09                           clknet_0_w_clk (net)
                  0.11    0.00    0.46 ^ clkbuf_4_2_0_w_clk/A (sky130_fd_sc_hd__clkbuf_8)
                  0.07    0.18    0.64 ^ clkbuf_4_2_0_w_clk/X (sky130_fd_sc_hd__clkbuf_8)
    11    0.03                           clknet_4_2_0_w_clk (net)
                  0.07    0.00    0.64 ^ _0907_/CLK (sky130_fd_sc_hd__dfxtp_1)
                          0.25    0.89   clock uncertainty
                         -0.06    0.83   clock reconvergence pessimism
                         -0.03    0.80   library hold time
                                  0.80   data required time
-----------------------------------------------------------------------------
                                  0.80   data required time
                                 -1.06   data arrival time
-----------------------------------------------------------------------------
                                  0.26   slack (MET)


Startpoint: _1011_ (rising edge-triggered flip-flop clocked by w_clk)
Endpoint: _1011_ (rising edge-triggered flip-flop clocked by w_clk)
Path Group: w_clk
Path Type: min

Fanout     Cap    Slew   Delay    Time   Description
-----------------------------------------------------------------------------
                          0.00    0.00   clock w_clk (rise edge)
                          0.00    0.00   clock source latency
                  0.27    0.18    0.18 ^ w_clk (in)
     1    0.06                           w_clk (net)
                  0.27    0.00    0.18 ^ clkbuf_0_w_clk/A (sky130_fd_sc_hd__clkbuf_16)
                  0.11    0.24    0.42 ^ clkbuf_0_w_clk/X (sky130_fd_sc_hd__clkbuf_16)
    16    0.09                           clknet_0_w_clk (net)
                  0.11    0.00    0.42 ^ clkbuf_4_2_0_w_clk/A (sky130_fd_sc_hd__clkbuf_8)
                  0.07    0.16    0.58 ^ clkbuf_4_2_0_w_clk/X (sky130_fd_sc_hd__clkbuf_8)
    11    0.03                           clknet_4_2_0_w_clk (net)
                  0.07    0.00    0.58 ^ _1011_/CLK (sky130_fd_sc_hd__dfxtp_1)
                  0.06    0.30    0.88 ^ _1011_/Q (sky130_fd_sc_hd__dfxtp_1)
     2    0.00                           mem[6][1] (net)
                  0.06    0.00    0.88 ^ _0791_/A0 (sky130_fd_sc_hd__mux2_1)
                  0.04    0.11    0.99 ^ _0791_/X (sky130_fd_sc_hd__mux2_1)
     1    0.00                           _0386_ (net)
                  0.04    0.00    0.99 ^ _0792_/A (sky130_fd_sc_hd__clkbuf_1)
                  0.04    0.07    1.06 ^ _0792_/X (sky130_fd_sc_hd__clkbuf_1)
     1    0.00                           _0105_ (net)
                  0.04    0.00    1.06 ^ _1011_/D (sky130_fd_sc_hd__dfxtp_1)
                                  1.06   data arrival time

                          0.00    0.00   clock w_clk (rise edge)
                          0.00    0.00   clock source latency
                  0.27    0.19    0.19 ^ w_clk (in)
     1    0.06                           w_clk (net)
                  0.27    0.00    0.19 ^ clkbuf_0_w_clk/A (sky130_fd_sc_hd__clkbuf_16)
                  0.11    0.27    0.46 ^ clkbuf_0_w_clk/X (sky130_fd_sc_hd__clkbuf_16)
    16    0.09                           clknet_0_w_clk (net)
                  0.11    0.00    0.46 ^ clkbuf_4_2_0_w_clk/A (sky130_fd_sc_hd__clkbuf_8)
                  0.07    0.18    0.64 ^ clkbuf_4_2_0_w_clk/X (sky130_fd_sc_hd__clkbuf_8)
    11    0.03                           clknet_4_2_0_w_clk (net)
                  0.07    0.00    0.64 ^ _1011_/CLK (sky130_fd_sc_hd__dfxtp_1)
                          0.25    0.89   clock uncertainty
                         -0.06    0.83   clock reconvergence pessimism
                         -0.03    0.80   library hold time
                                  0.80   data required time
-----------------------------------------------------------------------------
                                  0.80   data required time
                                 -1.06   data arrival time
-----------------------------------------------------------------------------
                                  0.26   slack (MET)


Startpoint: _0928_ (rising edge-triggered flip-flop clocked by w_clk)
Endpoint: _0928_ (rising edge-triggered flip-flop clocked by w_clk)
Path Group: w_clk
Path Type: min

Fanout     Cap    Slew   Delay    Time   Description
-----------------------------------------------------------------------------
                          0.00    0.00   clock w_clk (rise edge)
                          0.00    0.00   clock source latency
                  0.27    0.18    0.18 ^ w_clk (in)
     1    0.06                           w_clk (net)
                  0.27    0.00    0.18 ^ clkbuf_0_w_clk/A (sky130_fd_sc_hd__clkbuf_16)
                  0.11    0.24    0.42 ^ clkbuf_0_w_clk/X (sky130_fd_sc_hd__clkbuf_16)
    16    0.09                           clknet_0_w_clk (net)
                  0.11    0.00    0.42 ^ clkbuf_4_5_0_w_clk/A (sky130_fd_sc_hd__clkbuf_8)
                  0.06    0.15    0.57 ^ clkbuf_4_5_0_w_clk/X (sky130_fd_sc_hd__clkbuf_8)
     8    0.02                           clknet_4_5_0_w_clk (net)
                  0.06    0.00    0.57 ^ _0928_/CLK (sky130_fd_sc_hd__dfxtp_1)
                  0.05    0.30    0.87 ^ _0928_/Q (sky130_fd_sc_hd__dfxtp_1)
     2    0.00                           mem[14][6] (net)
                  0.05    0.00    0.87 ^ _0600_/A0 (sky130_fd_sc_hd__mux2_1)
                  0.04    0.11    0.97 ^ _0600_/X (sky130_fd_sc_hd__mux2_1)
     1    0.00                           _0278_ (net)
                  0.04    0.00    0.97 ^ _0601_/A (sky130_fd_sc_hd__clkbuf_1)
                  0.04    0.07    1.05 ^ _0601_/X (sky130_fd_sc_hd__clkbuf_1)
     1    0.00                           _0022_ (net)
                  0.04    0.00    1.05 ^ _0928_/D (sky130_fd_sc_hd__dfxtp_1)
                                  1.05   data arrival time

                          0.00    0.00   clock w_clk (rise edge)
                          0.00    0.00   clock source latency
                  0.27    0.19    0.19 ^ w_clk (in)
     1    0.06                           w_clk (net)
                  0.27    0.00    0.19 ^ clkbuf_0_w_clk/A (sky130_fd_sc_hd__clkbuf_16)
                  0.11    0.27    0.46 ^ clkbuf_0_w_clk/X (sky130_fd_sc_hd__clkbuf_16)
    16    0.09                           clknet_0_w_clk (net)
                  0.11    0.00    0.46 ^ clkbuf_4_5_0_w_clk/A (sky130_fd_sc_hd__clkbuf_8)
                  0.06    0.17    0.63 ^ clkbuf_4_5_0_w_clk/X (sky130_fd_sc_hd__clkbuf_8)
     8    0.02                           clknet_4_5_0_w_clk (net)
                  0.06    0.00    0.63 ^ _0928_/CLK (sky130_fd_sc_hd__dfxtp_1)
                          0.25    0.88   clock uncertainty
                         -0.06    0.82   clock reconvergence pessimism
                         -0.03    0.79   library hold time
                                  0.79   data required time
-----------------------------------------------------------------------------
                                  0.79   data required time
                                 -1.05   data arrival time
-----------------------------------------------------------------------------
                                  0.26   slack (MET)


Startpoint: _0941_ (rising edge-triggered flip-flop clocked by w_clk)
Endpoint: _0941_ (rising edge-triggered flip-flop clocked by w_clk)
Path Group: w_clk
Path Type: min

Fanout     Cap    Slew   Delay    Time   Description
-----------------------------------------------------------------------------
                          0.00    0.00   clock w_clk (rise edge)
                          0.00    0.00   clock source latency
                  0.27    0.18    0.18 ^ w_clk (in)
     1    0.06                           w_clk (net)
                  0.27    0.00    0.18 ^ clkbuf_0_w_clk/A (sky130_fd_sc_hd__clkbuf_16)
                  0.11    0.24    0.42 ^ clkbuf_0_w_clk/X (sky130_fd_sc_hd__clkbuf_16)
    16    0.09                           clknet_0_w_clk (net)
                  0.11    0.00    0.42 ^ clkbuf_4_15_0_w_clk/A (sky130_fd_sc_hd__clkbuf_8)
                  0.07    0.16    0.58 ^ clkbuf_4_15_0_w_clk/X (sky130_fd_sc_hd__clkbuf_8)
    12    0.03                           clknet_4_15_0_w_clk (net)
                  0.07    0.00    0.58 ^ _0941_/CLK (sky130_fd_sc_hd__dfxtp_1)
                  0.05    0.30    0.88 ^ _0941_/Q (sky130_fd_sc_hd__dfxtp_1)
     2    0.00                           mem[13][3] (net)
                  0.05    0.00    0.88 ^ _0631_/A0 (sky130_fd_sc_hd__mux2_1)
                  0.04    0.11    0.99 ^ _0631_/X (sky130_fd_sc_hd__mux2_1)
     1    0.00                           _0296_ (net)
                  0.04    0.00    0.99 ^ _0632_/A (sky130_fd_sc_hd__clkbuf_1)
                  0.04    0.07    1.06 ^ _0632_/X (sky130_fd_sc_hd__clkbuf_1)
     1    0.00                           _0035_ (net)
                  0.04    0.00    1.06 ^ _0941_/D (sky130_fd_sc_hd__dfxtp_1)
                                  1.06   data arrival time

                          0.00    0.00   clock w_clk (rise edge)
                          0.00    0.00   clock source latency
                  0.27    0.19    0.19 ^ w_clk (in)
     1    0.06                           w_clk (net)
                  0.27    0.00    0.19 ^ clkbuf_0_w_clk/A (sky130_fd_sc_hd__clkbuf_16)
                  0.11    0.27    0.46 ^ clkbuf_0_w_clk/X (sky130_fd_sc_hd__clkbuf_16)
    16    0.09                           clknet_0_w_clk (net)
                  0.11    0.00    0.46 ^ clkbuf_4_15_0_w_clk/A (sky130_fd_sc_hd__clkbuf_8)
                  0.07    0.18    0.64 ^ clkbuf_4_15_0_w_clk/X (sky130_fd_sc_hd__clkbuf_8)
    12    0.03                           clknet_4_15_0_w_clk (net)
                  0.07    0.00    0.64 ^ _0941_/CLK (sky130_fd_sc_hd__dfxtp_1)
                          0.25    0.89   clock uncertainty
                         -0.06    0.83   clock reconvergence pessimism
                         -0.03    0.80   library hold time
                                  0.80   data required time
-----------------------------------------------------------------------------
                                  0.80   data required time
                                 -1.06   data arrival time
-----------------------------------------------------------------------------
                                  0.26   slack (MET)


Startpoint: _0910_ (rising edge-triggered flip-flop clocked by w_clk)
Endpoint: _0910_ (rising edge-triggered flip-flop clocked by w_clk)
Path Group: w_clk
Path Type: min

Fanout     Cap    Slew   Delay    Time   Description
-----------------------------------------------------------------------------
                          0.00    0.00   clock w_clk (rise edge)
                          0.00    0.00   clock source latency
                  0.27    0.18    0.18 ^ w_clk (in)
     1    0.06                           w_clk (net)
                  0.27    0.00    0.18 ^ clkbuf_0_w_clk/A (sky130_fd_sc_hd__clkbuf_16)
                  0.11    0.24    0.42 ^ clkbuf_0_w_clk/X (sky130_fd_sc_hd__clkbuf_16)
    16    0.09                           clknet_0_w_clk (net)
                  0.11    0.00    0.42 ^ clkbuf_4_8_0_w_clk/A (sky130_fd_sc_hd__clkbuf_8)
                  0.07    0.16    0.58 ^ clkbuf_4_8_0_w_clk/X (sky130_fd_sc_hd__clkbuf_8)
    11    0.03                           clknet_4_8_0_w_clk (net)
                  0.07    0.00    0.58 ^ _0910_/CLK (sky130_fd_sc_hd__dfxtp_1)
                  0.05    0.30    0.88 ^ _0910_/Q (sky130_fd_sc_hd__dfxtp_1)
     2    0.00                           mem[5][4] (net)
                  0.05    0.00    0.88 ^ _0498_/A0 (sky130_fd_sc_hd__mux2_1)
                  0.04    0.11    0.99 ^ _0498_/X (sky130_fd_sc_hd__mux2_1)
     1    0.00                           _0194_ (net)
                  0.04    0.00    0.99 ^ _0499_/A (sky130_fd_sc_hd__clkbuf_1)
                  0.04    0.07    1.06 ^ _0499_/X (sky130_fd_sc_hd__clkbuf_1)
     1    0.00                           _0004_ (net)
                  0.04    0.00    1.06 ^ _0910_/D (sky130_fd_sc_hd__dfxtp_1)
                                  1.06   data arrival time

                          0.00    0.00   clock w_clk (rise edge)
                          0.00    0.00   clock source latency
                  0.27    0.19    0.19 ^ w_clk (in)
     1    0.06                           w_clk (net)
                  0.27    0.00    0.19 ^ clkbuf_0_w_clk/A (sky130_fd_sc_hd__clkbuf_16)
                  0.11    0.27    0.46 ^ clkbuf_0_w_clk/X (sky130_fd_sc_hd__clkbuf_16)
    16    0.09                           clknet_0_w_clk (net)
                  0.11    0.00    0.46 ^ clkbuf_4_8_0_w_clk/A (sky130_fd_sc_hd__clkbuf_8)
                  0.07    0.18    0.64 ^ clkbuf_4_8_0_w_clk/X (sky130_fd_sc_hd__clkbuf_8)
    11    0.03                           clknet_4_8_0_w_clk (net)
                  0.07    0.00    0.64 ^ _0910_/CLK (sky130_fd_sc_hd__dfxtp_1)
                          0.25    0.89   clock uncertainty
                         -0.06    0.83   clock reconvergence pessimism
                         -0.03    0.80   library hold time
                                  0.80   data required time
-----------------------------------------------------------------------------
                                  0.80   data required time
                                 -1.06   data arrival time
-----------------------------------------------------------------------------
                                  0.26   slack (MET)


Startpoint: _0944_ (rising edge-triggered flip-flop clocked by w_clk)
Endpoint: _0944_ (rising edge-triggered flip-flop clocked by w_clk)
Path Group: w_clk
Path Type: min

Fanout     Cap    Slew   Delay    Time   Description
-----------------------------------------------------------------------------
                          0.00    0.00   clock w_clk (rise edge)
                          0.00    0.00   clock source latency
                  0.27    0.18    0.18 ^ w_clk (in)
     1    0.06                           w_clk (net)
                  0.27    0.00    0.18 ^ clkbuf_0_w_clk/A (sky130_fd_sc_hd__clkbuf_16)
                  0.11    0.24    0.42 ^ clkbuf_0_w_clk/X (sky130_fd_sc_hd__clkbuf_16)
    16    0.09                           clknet_0_w_clk (net)
                  0.11    0.00    0.42 ^ clkbuf_4_5_0_w_clk/A (sky130_fd_sc_hd__clkbuf_8)
                  0.06    0.15    0.57 ^ clkbuf_4_5_0_w_clk/X (sky130_fd_sc_hd__clkbuf_8)
     8    0.02                           clknet_4_5_0_w_clk (net)
                  0.06    0.00    0.57 ^ _0944_/CLK (sky130_fd_sc_hd__dfxtp_1)
                  0.05    0.30    0.87 ^ _0944_/Q (sky130_fd_sc_hd__dfxtp_1)
     2    0.00                           mem[13][6] (net)
                  0.05    0.00    0.87 ^ _0637_/A0 (sky130_fd_sc_hd__mux2_1)
                  0.04    0.11    0.98 ^ _0637_/X (sky130_fd_sc_hd__mux2_1)
     1    0.00                           _0299_ (net)
                  0.04    0.00    0.98 ^ _0638_/A (sky130_fd_sc_hd__clkbuf_1)
                  0.04    0.07    1.05 ^ _0638_/X (sky130_fd_sc_hd__clkbuf_1)
     1    0.00                           _0038_ (net)
                  0.04    0.00    1.05 ^ _0944_/D (sky130_fd_sc_hd__dfxtp_1)
                                  1.05   data arrival time

                          0.00    0.00   clock w_clk (rise edge)
                          0.00    0.00   clock source latency
                  0.27    0.19    0.19 ^ w_clk (in)
     1    0.06                           w_clk (net)
                  0.27    0.00    0.19 ^ clkbuf_0_w_clk/A (sky130_fd_sc_hd__clkbuf_16)
                  0.11    0.27    0.46 ^ clkbuf_0_w_clk/X (sky130_fd_sc_hd__clkbuf_16)
    16    0.09                           clknet_0_w_clk (net)
                  0.11    0.00    0.46 ^ clkbuf_4_5_0_w_clk/A (sky130_fd_sc_hd__clkbuf_8)
                  0.06    0.17    0.63 ^ clkbuf_4_5_0_w_clk/X (sky130_fd_sc_hd__clkbuf_8)
     8    0.02                           clknet_4_5_0_w_clk (net)
                  0.06    0.00    0.63 ^ _0944_/CLK (sky130_fd_sc_hd__dfxtp_1)
                          0.25    0.88   clock uncertainty
                         -0.06    0.82   clock reconvergence pessimism
                         -0.03    0.79   library hold time
                                  0.79   data required time
-----------------------------------------------------------------------------
                                  0.79   data required time
                                 -1.05   data arrival time
-----------------------------------------------------------------------------
                                  0.26   slack (MET)


Startpoint: _0981_ (rising edge-triggered flip-flop clocked by w_clk)
Endpoint: _0981_ (rising edge-triggered flip-flop clocked by w_clk)
Path Group: w_clk
Path Type: min

Fanout     Cap    Slew   Delay    Time   Description
-----------------------------------------------------------------------------
                          0.00    0.00   clock w_clk (rise edge)
                          0.00    0.00   clock source latency
                  0.27    0.18    0.18 ^ w_clk (in)
     1    0.06                           w_clk (net)
                  0.27    0.00    0.18 ^ clkbuf_0_w_clk/A (sky130_fd_sc_hd__clkbuf_16)
                  0.11    0.24    0.42 ^ clkbuf_0_w_clk/X (sky130_fd_sc_hd__clkbuf_16)
    16    0.09                           clknet_0_w_clk (net)
                  0.11    0.00    0.42 ^ clkbuf_4_10_0_w_clk/A (sky130_fd_sc_hd__clkbuf_8)
                  0.08    0.17    0.59 ^ clkbuf_4_10_0_w_clk/X (sky130_fd_sc_hd__clkbuf_8)
    14    0.04                           clknet_4_10_0_w_clk (net)
                  0.08    0.00    0.59 ^ _0981_/CLK (sky130_fd_sc_hd__dfxtp_1)
                  0.05    0.31    0.89 ^ _0981_/Q (sky130_fd_sc_hd__dfxtp_1)
     2    0.00                           mem[2][3] (net)
                  0.05    0.00    0.89 ^ _0724_/A0 (sky130_fd_sc_hd__mux2_1)
                  0.04    0.11    1.00 ^ _0724_/X (sky130_fd_sc_hd__mux2_1)
     1    0.00                           _0349_ (net)
                  0.04    0.00    1.00 ^ _0725_/A (sky130_fd_sc_hd__clkbuf_1)
                  0.04    0.07    1.07 ^ _0725_/X (sky130_fd_sc_hd__clkbuf_1)
     1    0.00                           _0075_ (net)
                  0.04    0.00    1.07 ^ _0981_/D (sky130_fd_sc_hd__dfxtp_1)
                                  1.07   data arrival time

                          0.00    0.00   clock w_clk (rise edge)
                          0.00    0.00   clock source latency
                  0.27    0.19    0.19 ^ w_clk (in)
     1    0.06                           w_clk (net)
                  0.27    0.00    0.19 ^ clkbuf_0_w_clk/A (sky130_fd_sc_hd__clkbuf_16)
                  0.11    0.27    0.46 ^ clkbuf_0_w_clk/X (sky130_fd_sc_hd__clkbuf_16)
    16    0.09                           clknet_0_w_clk (net)
                  0.11    0.00    0.46 ^ clkbuf_4_10_0_w_clk/A (sky130_fd_sc_hd__clkbuf_8)
                  0.08    0.19    0.65 ^ clkbuf_4_10_0_w_clk/X (sky130_fd_sc_hd__clkbuf_8)
    14    0.04                           clknet_4_10_0_w_clk (net)
                  0.08    0.00    0.65 ^ _0981_/CLK (sky130_fd_sc_hd__dfxtp_1)
                          0.25    0.90   clock uncertainty
                         -0.06    0.84   clock reconvergence pessimism
                         -0.02    0.81   library hold time
                                  0.81   data required time
-----------------------------------------------------------------------------
                                  0.81   data required time
                                 -1.07   data arrival time
-----------------------------------------------------------------------------
                                  0.26   slack (MET)


Startpoint: _1007_ (rising edge-triggered flip-flop clocked by w_clk)
Endpoint: _1007_ (rising edge-triggered flip-flop clocked by w_clk)
Path Group: w_clk
Path Type: min

Fanout     Cap    Slew   Delay    Time   Description
-----------------------------------------------------------------------------
                          0.00    0.00   clock w_clk (rise edge)
                          0.00    0.00   clock source latency
                  0.27    0.18    0.18 ^ w_clk (in)
     1    0.06                           w_clk (net)
                  0.27    0.00    0.18 ^ clkbuf_0_w_clk/A (sky130_fd_sc_hd__clkbuf_16)
                  0.11    0.24    0.42 ^ clkbuf_0_w_clk/X (sky130_fd_sc_hd__clkbuf_16)
    16    0.09                           clknet_0_w_clk (net)
                  0.11    0.00    0.42 ^ clkbuf_4_11_0_w_clk/A (sky130_fd_sc_hd__clkbuf_8)
                  0.06    0.16    0.57 ^ clkbuf_4_11_0_w_clk/X (sky130_fd_sc_hd__clkbuf_8)
    10    0.03                           clknet_4_11_0_w_clk (net)
                  0.06    0.00    0.57 ^ _1007_/CLK (sky130_fd_sc_hd__dfxtp_1)
                  0.05    0.30    0.87 ^ _1007_/Q (sky130_fd_sc_hd__dfxtp_1)
     2    0.00                           mem[3][5] (net)
                  0.05    0.00    0.87 ^ _0781_/A0 (sky130_fd_sc_hd__mux2_1)
                  0.04    0.11    0.99 ^ _0781_/X (sky130_fd_sc_hd__mux2_1)
     1    0.00                           _0380_ (net)
                  0.04    0.00    0.99 ^ _0782_/A (sky130_fd_sc_hd__clkbuf_1)
                  0.04    0.07    1.06 ^ _0782_/X (sky130_fd_sc_hd__clkbuf_1)
     1    0.00                           _0101_ (net)
                  0.04    0.00    1.06 ^ _1007_/D (sky130_fd_sc_hd__dfxtp_1)
                                  1.06   data arrival time

                          0.00    0.00   clock w_clk (rise edge)
                          0.00    0.00   clock source latency
                  0.27    0.19    0.19 ^ w_clk (in)
     1    0.06                           w_clk (net)
                  0.27    0.00    0.19 ^ clkbuf_0_w_clk/A (sky130_fd_sc_hd__clkbuf_16)
                  0.11    0.27    0.46 ^ clkbuf_0_w_clk/X (sky130_fd_sc_hd__clkbuf_16)
    16    0.09                           clknet_0_w_clk (net)
                  0.11    0.00    0.46 ^ clkbuf_4_11_0_w_clk/A (sky130_fd_sc_hd__clkbuf_8)
                  0.06    0.17    0.63 ^ clkbuf_4_11_0_w_clk/X (sky130_fd_sc_hd__clkbuf_8)
    10    0.03                           clknet_4_11_0_w_clk (net)
                  0.06    0.00    0.63 ^ _1007_/CLK (sky130_fd_sc_hd__dfxtp_1)
                          0.25    0.88   clock uncertainty
                         -0.06    0.82   clock reconvergence pessimism
                         -0.03    0.80   library hold time
                                  0.80   data required time
-----------------------------------------------------------------------------
                                  0.80   data required time
                                 -1.06   data arrival time
-----------------------------------------------------------------------------
                                  0.26   slack (MET)


Startpoint: _0966_ (rising edge-triggered flip-flop clocked by w_clk)
Endpoint: _0966_ (rising edge-triggered flip-flop clocked by w_clk)
Path Group: w_clk
Path Type: min

Fanout     Cap    Slew   Delay    Time   Description
-----------------------------------------------------------------------------
                          0.00    0.00   clock w_clk (rise edge)
                          0.00    0.00   clock source latency
                  0.27    0.18    0.18 ^ w_clk (in)
     1    0.06                           w_clk (net)
                  0.27    0.00    0.18 ^ clkbuf_0_w_clk/A (sky130_fd_sc_hd__clkbuf_16)
                  0.11    0.24    0.42 ^ clkbuf_0_w_clk/X (sky130_fd_sc_hd__clkbuf_16)
    16    0.09                           clknet_0_w_clk (net)
                  0.11    0.00    0.42 ^ clkbuf_4_14_0_w_clk/A (sky130_fd_sc_hd__clkbuf_8)
                  0.07    0.16    0.58 ^ clkbuf_4_14_0_w_clk/X (sky130_fd_sc_hd__clkbuf_8)
    10    0.03                           clknet_4_14_0_w_clk (net)
                  0.07    0.00    0.58 ^ _0966_/CLK (sky130_fd_sc_hd__dfxtp_1)
                  0.05    0.30    0.88 ^ _0966_/Q (sky130_fd_sc_hd__dfxtp_1)
     2    0.00                           mem[10][4] (net)
                  0.05    0.00    0.88 ^ _0689_/A0 (sky130_fd_sc_hd__mux2_1)
                  0.04    0.11    0.98 ^ _0689_/X (sky130_fd_sc_hd__mux2_1)
     1    0.00                           _0329_ (net)
                  0.04    0.00    0.98 ^ _0690_/A (sky130_fd_sc_hd__clkbuf_1)
                  0.04    0.07    1.06 ^ _0690_/X (sky130_fd_sc_hd__clkbuf_1)
     1    0.00                           _0060_ (net)
                  0.04    0.00    1.06 ^ _0966_/D (sky130_fd_sc_hd__dfxtp_1)
                                  1.06   data arrival time

                          0.00    0.00   clock w_clk (rise edge)
                          0.00    0.00   clock source latency
                  0.27    0.19    0.19 ^ w_clk (in)
     1    0.06                           w_clk (net)
                  0.27    0.00    0.19 ^ clkbuf_0_w_clk/A (sky130_fd_sc_hd__clkbuf_16)
                  0.11    0.27    0.46 ^ clkbuf_0_w_clk/X (sky130_fd_sc_hd__clkbuf_16)
    16    0.09                           clknet_0_w_clk (net)
                  0.11    0.00    0.46 ^ clkbuf_4_14_0_w_clk/A (sky130_fd_sc_hd__clkbuf_8)
                  0.07    0.18    0.64 ^ clkbuf_4_14_0_w_clk/X (sky130_fd_sc_hd__clkbuf_8)
    10    0.03                           clknet_4_14_0_w_clk (net)
                  0.07    0.00    0.64 ^ _0966_/CLK (sky130_fd_sc_hd__dfxtp_1)
                          0.25    0.89   clock uncertainty
                         -0.06    0.83   clock reconvergence pessimism
                         -0.03    0.80   library hold time
                                  0.80   data required time
-----------------------------------------------------------------------------
                                  0.80   data required time
                                 -1.06   data arrival time
-----------------------------------------------------------------------------
                                  0.26   slack (MET)


Startpoint: _1009_ (rising edge-triggered flip-flop clocked by w_clk)
Endpoint: _1009_ (rising edge-triggered flip-flop clocked by w_clk)
Path Group: w_clk
Path Type: min

Fanout     Cap    Slew   Delay    Time   Description
-----------------------------------------------------------------------------
                          0.00    0.00   clock w_clk (rise edge)
                          0.00    0.00   clock source latency
                  0.27    0.18    0.18 ^ w_clk (in)
     1    0.06                           w_clk (net)
                  0.27    0.00    0.18 ^ clkbuf_0_w_clk/A (sky130_fd_sc_hd__clkbuf_16)
                  0.11    0.24    0.42 ^ clkbuf_0_w_clk/X (sky130_fd_sc_hd__clkbuf_16)
    16    0.09                           clknet_0_w_clk (net)
                  0.11    0.00    0.42 ^ clkbuf_4_11_0_w_clk/A (sky130_fd_sc_hd__clkbuf_8)
                  0.06    0.16    0.57 ^ clkbuf_4_11_0_w_clk/X (sky130_fd_sc_hd__clkbuf_8)
    10    0.03                           clknet_4_11_0_w_clk (net)
                  0.06    0.00    0.57 ^ _1009_/CLK (sky130_fd_sc_hd__dfxtp_1)
                  0.05    0.30    0.87 ^ _1009_/Q (sky130_fd_sc_hd__dfxtp_1)
     2    0.00                           mem[3][7] (net)
                  0.05    0.00    0.87 ^ _0785_/A0 (sky130_fd_sc_hd__mux2_1)
                  0.04    0.11    0.98 ^ _0785_/X (sky130_fd_sc_hd__mux2_1)
     1    0.00                           _0382_ (net)
                  0.04    0.00    0.98 ^ _0786_/A (sky130_fd_sc_hd__clkbuf_1)
                  0.04    0.07    1.06 ^ _0786_/X (sky130_fd_sc_hd__clkbuf_1)
     1    0.00                           _0103_ (net)
                  0.04    0.00    1.06 ^ _1009_/D (sky130_fd_sc_hd__dfxtp_1)
                                  1.06   data arrival time

                          0.00    0.00   clock w_clk (rise edge)
                          0.00    0.00   clock source latency
                  0.27    0.19    0.19 ^ w_clk (in)
     1    0.06                           w_clk (net)
                  0.27    0.00    0.19 ^ clkbuf_0_w_clk/A (sky130_fd_sc_hd__clkbuf_16)
                  0.11    0.27    0.46 ^ clkbuf_0_w_clk/X (sky130_fd_sc_hd__clkbuf_16)
    16    0.09                           clknet_0_w_clk (net)
                  0.11    0.00    0.46 ^ clkbuf_4_11_0_w_clk/A (sky130_fd_sc_hd__clkbuf_8)
                  0.06    0.17    0.63 ^ clkbuf_4_11_0_w_clk/X (sky130_fd_sc_hd__clkbuf_8)
    10    0.03                           clknet_4_11_0_w_clk (net)
                  0.06    0.00    0.63 ^ _1009_/CLK (sky130_fd_sc_hd__dfxtp_1)
                          0.25    0.88   clock uncertainty
                         -0.06    0.82   clock reconvergence pessimism
                         -0.03    0.80   library hold time
                                  0.80   data required time
-----------------------------------------------------------------------------
                                  0.80   data required time
                                 -1.06   data arrival time
-----------------------------------------------------------------------------
                                  0.26   slack (MET)


Startpoint: _0953_ (rising edge-triggered flip-flop clocked by w_clk)
Endpoint: _0953_ (rising edge-triggered flip-flop clocked by w_clk)
Path Group: w_clk
Path Type: min

Fanout     Cap    Slew   Delay    Time   Description
-----------------------------------------------------------------------------
                          0.00    0.00   clock w_clk (rise edge)
                          0.00    0.00   clock source latency
                  0.27    0.18    0.18 ^ w_clk (in)
     1    0.06                           w_clk (net)
                  0.27    0.00    0.18 ^ clkbuf_0_w_clk/A (sky130_fd_sc_hd__clkbuf_16)
                  0.11    0.24    0.42 ^ clkbuf_0_w_clk/X (sky130_fd_sc_hd__clkbuf_16)
    16    0.09                           clknet_0_w_clk (net)
                  0.11    0.00    0.42 ^ clkbuf_4_12_0_w_clk/A (sky130_fd_sc_hd__clkbuf_8)
                  0.06    0.16    0.57 ^ clkbuf_4_12_0_w_clk/X (sky130_fd_sc_hd__clkbuf_8)
     9    0.03                           clknet_4_12_0_w_clk (net)
                  0.06    0.00    0.57 ^ _0953_/CLK (sky130_fd_sc_hd__dfxtp_1)
                  0.05    0.30    0.87 ^ _0953_/Q (sky130_fd_sc_hd__dfxtp_1)
     2    0.00                           mem[12][7] (net)
                  0.05    0.00    0.87 ^ _0657_/A0 (sky130_fd_sc_hd__mux2_1)
                  0.04    0.11    0.98 ^ _0657_/X (sky130_fd_sc_hd__mux2_1)
     1    0.00                           _0310_ (net)
                  0.04    0.00    0.98 ^ _0658_/A (sky130_fd_sc_hd__clkbuf_1)
                  0.04    0.07    1.05 ^ _0658_/X (sky130_fd_sc_hd__clkbuf_1)
     1    0.00                           _0047_ (net)
                  0.04    0.00    1.05 ^ _0953_/D (sky130_fd_sc_hd__dfxtp_1)
                                  1.05   data arrival time

                          0.00    0.00   clock w_clk (rise edge)
                          0.00    0.00   clock source latency
                  0.27    0.19    0.19 ^ w_clk (in)
     1    0.06                           w_clk (net)
                  0.27    0.00    0.19 ^ clkbuf_0_w_clk/A (sky130_fd_sc_hd__clkbuf_16)
                  0.11    0.27    0.46 ^ clkbuf_0_w_clk/X (sky130_fd_sc_hd__clkbuf_16)
    16    0.09                           clknet_0_w_clk (net)
                  0.11    0.00    0.46 ^ clkbuf_4_12_0_w_clk/A (sky130_fd_sc_hd__clkbuf_8)
                  0.06    0.17    0.63 ^ clkbuf_4_12_0_w_clk/X (sky130_fd_sc_hd__clkbuf_8)
     9    0.03                           clknet_4_12_0_w_clk (net)
                  0.06    0.00    0.63 ^ _0953_/CLK (sky130_fd_sc_hd__dfxtp_1)
                          0.25    0.88   clock uncertainty
                         -0.06    0.82   clock reconvergence pessimism
                         -0.03    0.79   library hold time
                                  0.79   data required time
-----------------------------------------------------------------------------
                                  0.79   data required time
                                 -1.05   data arrival time
-----------------------------------------------------------------------------
                                  0.26   slack (MET)


Startpoint: _0996_ (rising edge-triggered flip-flop clocked by w_clk)
Endpoint: _0996_ (rising edge-triggered flip-flop clocked by w_clk)
Path Group: w_clk
Path Type: min

Fanout     Cap    Slew   Delay    Time   Description
-----------------------------------------------------------------------------
                          0.00    0.00   clock w_clk (rise edge)
                          0.00    0.00   clock source latency
                  0.27    0.18    0.18 ^ w_clk (in)
     1    0.06                           w_clk (net)
                  0.27    0.00    0.18 ^ clkbuf_0_w_clk/A (sky130_fd_sc_hd__clkbuf_16)
                  0.11    0.24    0.42 ^ clkbuf_0_w_clk/X (sky130_fd_sc_hd__clkbuf_16)
    16    0.09                           clknet_0_w_clk (net)
                  0.11    0.00    0.42 ^ clkbuf_4_8_0_w_clk/A (sky130_fd_sc_hd__clkbuf_8)
                  0.07    0.16    0.58 ^ clkbuf_4_8_0_w_clk/X (sky130_fd_sc_hd__clkbuf_8)
    11    0.03                           clknet_4_8_0_w_clk (net)
                  0.07    0.00    0.58 ^ _0996_/CLK (sky130_fd_sc_hd__dfxtp_1)
                  0.05    0.30    0.88 ^ _0996_/Q (sky130_fd_sc_hd__dfxtp_1)
     2    0.00                           mem[7][2] (net)
                  0.05    0.00    0.88 ^ _0757_/A0 (sky130_fd_sc_hd__mux2_1)
                  0.04    0.11    0.99 ^ _0757_/X (sky130_fd_sc_hd__mux2_1)
     1    0.00                           _0367_ (net)
                  0.04    0.00    0.99 ^ _0758_/A (sky130_fd_sc_hd__clkbuf_1)
                  0.04    0.07    1.06 ^ _0758_/X (sky130_fd_sc_hd__clkbuf_1)
     1    0.00                           _0090_ (net)
                  0.04    0.00    1.06 ^ _0996_/D (sky130_fd_sc_hd__dfxtp_1)
                                  1.06   data arrival time

                          0.00    0.00   clock w_clk (rise edge)
                          0.00    0.00   clock source latency
                  0.27    0.19    0.19 ^ w_clk (in)
     1    0.06                           w_clk (net)
                  0.27    0.00    0.19 ^ clkbuf_0_w_clk/A (sky130_fd_sc_hd__clkbuf_16)
                  0.11    0.27    0.46 ^ clkbuf_0_w_clk/X (sky130_fd_sc_hd__clkbuf_16)
    16    0.09                           clknet_0_w_clk (net)
                  0.11    0.00    0.46 ^ clkbuf_4_8_0_w_clk/A (sky130_fd_sc_hd__clkbuf_8)
                  0.07    0.18    0.64 ^ clkbuf_4_8_0_w_clk/X (sky130_fd_sc_hd__clkbuf_8)
    11    0.03                           clknet_4_8_0_w_clk (net)
                  0.07    0.00    0.64 ^ _0996_/CLK (sky130_fd_sc_hd__dfxtp_1)
                          0.25    0.89   clock uncertainty
                         -0.06    0.83   clock reconvergence pessimism
                         -0.03    0.80   library hold time
                                  0.80   data required time
-----------------------------------------------------------------------------
                                  0.80   data required time
                                 -1.06   data arrival time
-----------------------------------------------------------------------------
                                  0.26   slack (MET)


Startpoint: _0943_ (rising edge-triggered flip-flop clocked by w_clk)
Endpoint: _0943_ (rising edge-triggered flip-flop clocked by w_clk)
Path Group: w_clk
Path Type: min

Fanout     Cap    Slew   Delay    Time   Description
-----------------------------------------------------------------------------
                          0.00    0.00   clock w_clk (rise edge)
                          0.00    0.00   clock source latency
                  0.27    0.18    0.18 ^ w_clk (in)
     1    0.06                           w_clk (net)
                  0.27    0.00    0.18 ^ clkbuf_0_w_clk/A (sky130_fd_sc_hd__clkbuf_16)
                  0.11    0.24    0.42 ^ clkbuf_0_w_clk/X (sky130_fd_sc_hd__clkbuf_16)
    16    0.09                           clknet_0_w_clk (net)
                  0.11    0.00    0.42 ^ clkbuf_4_13_0_w_clk/A (sky130_fd_sc_hd__clkbuf_8)
                  0.07    0.16    0.58 ^ clkbuf_4_13_0_w_clk/X (sky130_fd_sc_hd__clkbuf_8)
    11    0.03                           clknet_4_13_0_w_clk (net)
                  0.07    0.00    0.58 ^ _0943_/CLK (sky130_fd_sc_hd__dfxtp_1)
                  0.05    0.30    0.88 ^ _0943_/Q (sky130_fd_sc_hd__dfxtp_1)
     2    0.00                           mem[13][5] (net)
                  0.05    0.00    0.88 ^ _0635_/A0 (sky130_fd_sc_hd__mux2_1)
                  0.04    0.11    0.99 ^ _0635_/X (sky130_fd_sc_hd__mux2_1)
     1    0.00                           _0298_ (net)
                  0.04    0.00    0.99 ^ _0636_/A (sky130_fd_sc_hd__clkbuf_1)
                  0.04    0.07    1.06 ^ _0636_/X (sky130_fd_sc_hd__clkbuf_1)
     1    0.00                           _0037_ (net)
                  0.04    0.00    1.06 ^ _0943_/D (sky130_fd_sc_hd__dfxtp_1)
                                  1.06   data arrival time

                          0.00    0.00   clock w_clk (rise edge)
                          0.00    0.00   clock source latency
                  0.27    0.19    0.19 ^ w_clk (in)
     1    0.06                           w_clk (net)
                  0.27    0.00    0.19 ^ clkbuf_0_w_clk/A (sky130_fd_sc_hd__clkbuf_16)
                  0.11    0.27    0.46 ^ clkbuf_0_w_clk/X (sky130_fd_sc_hd__clkbuf_16)
    16    0.09                           clknet_0_w_clk (net)
                  0.11    0.00    0.46 ^ clkbuf_4_13_0_w_clk/A (sky130_fd_sc_hd__clkbuf_8)
                  0.07    0.18    0.64 ^ clkbuf_4_13_0_w_clk/X (sky130_fd_sc_hd__clkbuf_8)
    11    0.03                           clknet_4_13_0_w_clk (net)
                  0.07    0.00    0.64 ^ _0943_/CLK (sky130_fd_sc_hd__dfxtp_1)
                          0.25    0.89   clock uncertainty
                         -0.06    0.83   clock reconvergence pessimism
                         -0.03    0.80   library hold time
                                  0.80   data required time
-----------------------------------------------------------------------------
                                  0.80   data required time
                                 -1.06   data arrival time
-----------------------------------------------------------------------------
                                  0.26   slack (MET)


Startpoint: _0980_ (rising edge-triggered flip-flop clocked by w_clk)
Endpoint: _0980_ (rising edge-triggered flip-flop clocked by w_clk)
Path Group: w_clk
Path Type: min

Fanout     Cap    Slew   Delay    Time   Description
-----------------------------------------------------------------------------
                          0.00    0.00   clock w_clk (rise edge)
                          0.00    0.00   clock source latency
                  0.27    0.18    0.18 ^ w_clk (in)
     1    0.06                           w_clk (net)
                  0.27    0.00    0.18 ^ clkbuf_0_w_clk/A (sky130_fd_sc_hd__clkbuf_16)
                  0.11    0.24    0.42 ^ clkbuf_0_w_clk/X (sky130_fd_sc_hd__clkbuf_16)
    16    0.09                           clknet_0_w_clk (net)
                  0.11    0.00    0.42 ^ clkbuf_4_9_0_w_clk/A (sky130_fd_sc_hd__clkbuf_8)
                  0.05    0.14    0.56 ^ clkbuf_4_9_0_w_clk/X (sky130_fd_sc_hd__clkbuf_8)
     6    0.02                           clknet_4_9_0_w_clk (net)
                  0.05    0.00    0.56 ^ _0980_/CLK (sky130_fd_sc_hd__dfxtp_1)
                  0.06    0.30    0.86 ^ _0980_/Q (sky130_fd_sc_hd__dfxtp_1)
     2    0.00                           mem[2][2] (net)
                  0.06    0.00    0.86 ^ _0722_/A0 (sky130_fd_sc_hd__mux2_1)
                  0.04    0.11    0.97 ^ _0722_/X (sky130_fd_sc_hd__mux2_1)
     1    0.00                           _0348_ (net)
                  0.04    0.00    0.97 ^ _0723_/A (sky130_fd_sc_hd__clkbuf_1)
                  0.04    0.07    1.04 ^ _0723_/X (sky130_fd_sc_hd__clkbuf_1)
     1    0.00                           _0074_ (net)
                  0.04    0.00    1.04 ^ _0980_/D (sky130_fd_sc_hd__dfxtp_1)
                                  1.04   data arrival time

                          0.00    0.00   clock w_clk (rise edge)
                          0.00    0.00   clock source latency
                  0.27    0.19    0.19 ^ w_clk (in)
     1    0.06                           w_clk (net)
                  0.27    0.00    0.19 ^ clkbuf_0_w_clk/A (sky130_fd_sc_hd__clkbuf_16)
                  0.11    0.27    0.46 ^ clkbuf_0_w_clk/X (sky130_fd_sc_hd__clkbuf_16)
    16    0.09                           clknet_0_w_clk (net)
                  0.11    0.00    0.46 ^ clkbuf_4_9_0_w_clk/A (sky130_fd_sc_hd__clkbuf_8)
                  0.05    0.16    0.62 ^ clkbuf_4_9_0_w_clk/X (sky130_fd_sc_hd__clkbuf_8)
     6    0.02                           clknet_4_9_0_w_clk (net)
                  0.05    0.00    0.62 ^ _0980_/CLK (sky130_fd_sc_hd__dfxtp_1)
                          0.25    0.87   clock uncertainty
                         -0.06    0.81   clock reconvergence pessimism
                         -0.03    0.78   library hold time
                                  0.78   data required time
-----------------------------------------------------------------------------
                                  0.78   data required time
                                 -1.04   data arrival time
-----------------------------------------------------------------------------
                                  0.26   slack (MET)


Startpoint: _0958_ (rising edge-triggered flip-flop clocked by w_clk)
Endpoint: _0958_ (rising edge-triggered flip-flop clocked by w_clk)
Path Group: w_clk
Path Type: min

Fanout     Cap    Slew   Delay    Time   Description
-----------------------------------------------------------------------------
                          0.00    0.00   clock w_clk (rise edge)
                          0.00    0.00   clock source latency
                  0.27    0.18    0.18 ^ w_clk (in)
     1    0.06                           w_clk (net)
                  0.27    0.00    0.18 ^ clkbuf_0_w_clk/A (sky130_fd_sc_hd__clkbuf_16)
                  0.11    0.24    0.42 ^ clkbuf_0_w_clk/X (sky130_fd_sc_hd__clkbuf_16)
    16    0.09                           clknet_0_w_clk (net)
                  0.11    0.00    0.42 ^ clkbuf_4_12_0_w_clk/A (sky130_fd_sc_hd__clkbuf_8)
                  0.06    0.16    0.57 ^ clkbuf_4_12_0_w_clk/X (sky130_fd_sc_hd__clkbuf_8)
     9    0.03                           clknet_4_12_0_w_clk (net)
                  0.06    0.00    0.57 ^ _0958_/CLK (sky130_fd_sc_hd__dfxtp_1)
                  0.05    0.30    0.87 ^ _0958_/Q (sky130_fd_sc_hd__dfxtp_1)
     2    0.00                           mem[11][4] (net)
                  0.05    0.00    0.87 ^ _0669_/A0 (sky130_fd_sc_hd__mux2_1)
                  0.04    0.11    0.98 ^ _0669_/X (sky130_fd_sc_hd__mux2_1)
     1    0.00                           _0317_ (net)
                  0.04    0.00    0.98 ^ _0670_/A (sky130_fd_sc_hd__clkbuf_1)
                  0.04    0.07    1.05 ^ _0670_/X (sky130_fd_sc_hd__clkbuf_1)
     1    0.00                           _0052_ (net)
                  0.04    0.00    1.05 ^ _0958_/D (sky130_fd_sc_hd__dfxtp_1)
                                  1.05   data arrival time

                          0.00    0.00   clock w_clk (rise edge)
                          0.00    0.00   clock source latency
                  0.27    0.19    0.19 ^ w_clk (in)
     1    0.06                           w_clk (net)
                  0.27    0.00    0.19 ^ clkbuf_0_w_clk/A (sky130_fd_sc_hd__clkbuf_16)
                  0.11    0.27    0.46 ^ clkbuf_0_w_clk/X (sky130_fd_sc_hd__clkbuf_16)
    16    0.09                           clknet_0_w_clk (net)
                  0.11    0.00    0.46 ^ clkbuf_4_12_0_w_clk/A (sky130_fd_sc_hd__clkbuf_8)
                  0.06    0.17    0.63 ^ clkbuf_4_12_0_w_clk/X (sky130_fd_sc_hd__clkbuf_8)
     9    0.03                           clknet_4_12_0_w_clk (net)
                  0.06    0.00    0.63 ^ _0958_/CLK (sky130_fd_sc_hd__dfxtp_1)
                          0.25    0.88   clock uncertainty
                         -0.06    0.82   clock reconvergence pessimism
                         -0.03    0.79   library hold time
                                  0.79   data required time
-----------------------------------------------------------------------------
                                  0.79   data required time
                                 -1.05   data arrival time
-----------------------------------------------------------------------------
                                  0.26   slack (MET)


Startpoint: _0998_ (rising edge-triggered flip-flop clocked by w_clk)
Endpoint: _0998_ (rising edge-triggered flip-flop clocked by w_clk)
Path Group: w_clk
Path Type: min

Fanout     Cap    Slew   Delay    Time   Description
-----------------------------------------------------------------------------
                          0.00    0.00   clock w_clk (rise edge)
                          0.00    0.00   clock source latency
                  0.27    0.18    0.18 ^ w_clk (in)
     1    0.06                           w_clk (net)
                  0.27    0.00    0.18 ^ clkbuf_0_w_clk/A (sky130_fd_sc_hd__clkbuf_16)
                  0.11    0.24    0.42 ^ clkbuf_0_w_clk/X (sky130_fd_sc_hd__clkbuf_16)
    16    0.09                           clknet_0_w_clk (net)
                  0.11    0.00    0.42 ^ clkbuf_4_8_0_w_clk/A (sky130_fd_sc_hd__clkbuf_8)
                  0.07    0.16    0.58 ^ clkbuf_4_8_0_w_clk/X (sky130_fd_sc_hd__clkbuf_8)
    11    0.03                           clknet_4_8_0_w_clk (net)
                  0.07    0.00    0.58 ^ _0998_/CLK (sky130_fd_sc_hd__dfxtp_1)
                  0.05    0.30    0.88 ^ _0998_/Q (sky130_fd_sc_hd__dfxtp_1)
     2    0.00                           mem[7][4] (net)
                  0.05    0.00    0.88 ^ _0761_/A0 (sky130_fd_sc_hd__mux2_1)
                  0.04    0.11    0.99 ^ _0761_/X (sky130_fd_sc_hd__mux2_1)
     1    0.00                           _0369_ (net)
                  0.04    0.00    0.99 ^ _0762_/A (sky130_fd_sc_hd__clkbuf_1)
                  0.04    0.07    1.06 ^ _0762_/X (sky130_fd_sc_hd__clkbuf_1)
     1    0.00                           _0092_ (net)
                  0.04    0.00    1.06 ^ _0998_/D (sky130_fd_sc_hd__dfxtp_1)
                                  1.06   data arrival time

                          0.00    0.00   clock w_clk (rise edge)
                          0.00    0.00   clock source latency
                  0.27    0.19    0.19 ^ w_clk (in)
     1    0.06                           w_clk (net)
                  0.27    0.00    0.19 ^ clkbuf_0_w_clk/A (sky130_fd_sc_hd__clkbuf_16)
                  0.11    0.27    0.46 ^ clkbuf_0_w_clk/X (sky130_fd_sc_hd__clkbuf_16)
    16    0.09                           clknet_0_w_clk (net)
                  0.11    0.00    0.46 ^ clkbuf_4_8_0_w_clk/A (sky130_fd_sc_hd__clkbuf_8)
                  0.07    0.18    0.64 ^ clkbuf_4_8_0_w_clk/X (sky130_fd_sc_hd__clkbuf_8)
    11    0.03                           clknet_4_8_0_w_clk (net)
                  0.07    0.00    0.64 ^ _0998_/CLK (sky130_fd_sc_hd__dfxtp_1)
                          0.25    0.89   clock uncertainty
                         -0.06    0.83   clock reconvergence pessimism
                         -0.03    0.80   library hold time
                                  0.80   data required time
-----------------------------------------------------------------------------
                                  0.80   data required time
                                 -1.06   data arrival time
-----------------------------------------------------------------------------
                                  0.26   slack (MET)


Startpoint: _0997_ (rising edge-triggered flip-flop clocked by w_clk)
Endpoint: _0997_ (rising edge-triggered flip-flop clocked by w_clk)
Path Group: w_clk
Path Type: min

Fanout     Cap    Slew   Delay    Time   Description
-----------------------------------------------------------------------------
                          0.00    0.00   clock w_clk (rise edge)
                          0.00    0.00   clock source latency
                  0.27    0.18    0.18 ^ w_clk (in)
     1    0.06                           w_clk (net)
                  0.27    0.00    0.18 ^ clkbuf_0_w_clk/A (sky130_fd_sc_hd__clkbuf_16)
                  0.11    0.24    0.42 ^ clkbuf_0_w_clk/X (sky130_fd_sc_hd__clkbuf_16)
    16    0.09                           clknet_0_w_clk (net)
                  0.11    0.00    0.42 ^ clkbuf_4_10_0_w_clk/A (sky130_fd_sc_hd__clkbuf_8)
                  0.08    0.17    0.59 ^ clkbuf_4_10_0_w_clk/X (sky130_fd_sc_hd__clkbuf_8)
    14    0.04                           clknet_4_10_0_w_clk (net)
                  0.08    0.00    0.59 ^ _0997_/CLK (sky130_fd_sc_hd__dfxtp_1)
                  0.05    0.31    0.89 ^ _0997_/Q (sky130_fd_sc_hd__dfxtp_1)
     2    0.00                           mem[7][3] (net)
                  0.05    0.00    0.89 ^ _0759_/A0 (sky130_fd_sc_hd__mux2_1)
                  0.04    0.11    1.00 ^ _0759_/X (sky130_fd_sc_hd__mux2_1)
     1    0.00                           _0368_ (net)
                  0.04    0.00    1.00 ^ _0760_/A (sky130_fd_sc_hd__clkbuf_1)
                  0.04    0.07    1.07 ^ _0760_/X (sky130_fd_sc_hd__clkbuf_1)
     1    0.00                           _0091_ (net)
                  0.04    0.00    1.07 ^ _0997_/D (sky130_fd_sc_hd__dfxtp_1)
                                  1.07   data arrival time

                          0.00    0.00   clock w_clk (rise edge)
                          0.00    0.00   clock source latency
                  0.27    0.19    0.19 ^ w_clk (in)
     1    0.06                           w_clk (net)
                  0.27    0.00    0.19 ^ clkbuf_0_w_clk/A (sky130_fd_sc_hd__clkbuf_16)
                  0.11    0.27    0.46 ^ clkbuf_0_w_clk/X (sky130_fd_sc_hd__clkbuf_16)
    16    0.09                           clknet_0_w_clk (net)
                  0.11    0.00    0.46 ^ clkbuf_4_10_0_w_clk/A (sky130_fd_sc_hd__clkbuf_8)
                  0.08    0.19    0.65 ^ clkbuf_4_10_0_w_clk/X (sky130_fd_sc_hd__clkbuf_8)
    14    0.04                           clknet_4_10_0_w_clk (net)
                  0.08    0.00    0.65 ^ _0997_/CLK (sky130_fd_sc_hd__dfxtp_1)
                          0.25    0.90   clock uncertainty
                         -0.06    0.84   clock reconvergence pessimism
                         -0.03    0.81   library hold time
                                  0.81   data required time
-----------------------------------------------------------------------------
                                  0.81   data required time
                                 -1.07   data arrival time
-----------------------------------------------------------------------------
                                  0.26   slack (MET)


Startpoint: _0995_ (rising edge-triggered flip-flop clocked by w_clk)
Endpoint: _0995_ (rising edge-triggered flip-flop clocked by w_clk)
Path Group: w_clk
Path Type: min

Fanout     Cap    Slew   Delay    Time   Description
-----------------------------------------------------------------------------
                          0.00    0.00   clock w_clk (rise edge)
                          0.00    0.00   clock source latency
                  0.27    0.18    0.18 ^ w_clk (in)
     1    0.06                           w_clk (net)
                  0.27    0.00    0.18 ^ clkbuf_0_w_clk/A (sky130_fd_sc_hd__clkbuf_16)
                  0.11    0.24    0.42 ^ clkbuf_0_w_clk/X (sky130_fd_sc_hd__clkbuf_16)
    16    0.09                           clknet_0_w_clk (net)
                  0.11    0.00    0.42 ^ clkbuf_4_2_0_w_clk/A (sky130_fd_sc_hd__clkbuf_8)
                  0.07    0.16    0.58 ^ clkbuf_4_2_0_w_clk/X (sky130_fd_sc_hd__clkbuf_8)
    11    0.03                           clknet_4_2_0_w_clk (net)
                  0.07    0.00    0.58 ^ _0995_/CLK (sky130_fd_sc_hd__dfxtp_1)
                  0.05    0.30    0.87 ^ _0995_/Q (sky130_fd_sc_hd__dfxtp_1)
     2    0.00                           mem[7][1] (net)
                  0.05    0.00    0.87 ^ _0755_/A0 (sky130_fd_sc_hd__mux2_1)
                  0.04    0.11    0.99 ^ _0755_/X (sky130_fd_sc_hd__mux2_1)
     1    0.00                           _0366_ (net)
                  0.04    0.00    0.99 ^ _0756_/A (sky130_fd_sc_hd__clkbuf_1)
                  0.04    0.07    1.06 ^ _0756_/X (sky130_fd_sc_hd__clkbuf_1)
     1    0.00                           _0089_ (net)
                  0.04    0.00    1.06 ^ _0995_/D (sky130_fd_sc_hd__dfxtp_1)
                                  1.06   data arrival time

                          0.00    0.00   clock w_clk (rise edge)
                          0.00    0.00   clock source latency
                  0.27    0.19    0.19 ^ w_clk (in)
     1    0.06                           w_clk (net)
                  0.27    0.00    0.19 ^ clkbuf_0_w_clk/A (sky130_fd_sc_hd__clkbuf_16)
                  0.11    0.27    0.46 ^ clkbuf_0_w_clk/X (sky130_fd_sc_hd__clkbuf_16)
    16    0.09                           clknet_0_w_clk (net)
                  0.11    0.00    0.46 ^ clkbuf_4_2_0_w_clk/A (sky130_fd_sc_hd__clkbuf_8)
                  0.07    0.18    0.64 ^ clkbuf_4_2_0_w_clk/X (sky130_fd_sc_hd__clkbuf_8)
    11    0.03                           clknet_4_2_0_w_clk (net)
                  0.07    0.00    0.64 ^ _0995_/CLK (sky130_fd_sc_hd__dfxtp_1)
                          0.25    0.89   clock uncertainty
                         -0.06    0.83   clock reconvergence pessimism
                         -0.03    0.80   library hold time
                                  0.80   data required time
-----------------------------------------------------------------------------
                                  0.80   data required time
                                 -1.06   data arrival time
-----------------------------------------------------------------------------
                                  0.26   slack (MET)


Startpoint: _0911_ (rising edge-triggered flip-flop clocked by w_clk)
Endpoint: _0911_ (rising edge-triggered flip-flop clocked by w_clk)
Path Group: w_clk
Path Type: min

Fanout     Cap    Slew   Delay    Time   Description
-----------------------------------------------------------------------------
                          0.00    0.00   clock w_clk (rise edge)
                          0.00    0.00   clock source latency
                  0.27    0.18    0.18 ^ w_clk (in)
     1    0.06                           w_clk (net)
                  0.27    0.00    0.18 ^ clkbuf_0_w_clk/A (sky130_fd_sc_hd__clkbuf_16)
                  0.11    0.24    0.42 ^ clkbuf_0_w_clk/X (sky130_fd_sc_hd__clkbuf_16)
    16    0.09                           clknet_0_w_clk (net)
                  0.11    0.00    0.42 ^ clkbuf_4_10_0_w_clk/A (sky130_fd_sc_hd__clkbuf_8)
                  0.08    0.17    0.59 ^ clkbuf_4_10_0_w_clk/X (sky130_fd_sc_hd__clkbuf_8)
    14    0.04                           clknet_4_10_0_w_clk (net)
                  0.08    0.00    0.59 ^ _0911_/CLK (sky130_fd_sc_hd__dfxtp_1)
                  0.05    0.30    0.89 ^ _0911_/Q (sky130_fd_sc_hd__dfxtp_1)
     2    0.00                           mem[5][5] (net)
                  0.05    0.00    0.89 ^ _0500_/A0 (sky130_fd_sc_hd__mux2_1)
                  0.05    0.11    1.00 ^ _0500_/X (sky130_fd_sc_hd__mux2_1)
     1    0.00                           _0195_ (net)
                  0.05    0.00    1.00 ^ _0501_/A (sky130_fd_sc_hd__clkbuf_1)
                  0.03    0.07    1.07 ^ _0501_/X (sky130_fd_sc_hd__clkbuf_1)
     1    0.00                           _0005_ (net)
                  0.03    0.00    1.07 ^ _0911_/D (sky130_fd_sc_hd__dfxtp_1)
                                  1.07   data arrival time

                          0.00    0.00   clock w_clk (rise edge)
                          0.00    0.00   clock source latency
                  0.27    0.19    0.19 ^ w_clk (in)
     1    0.06                           w_clk (net)
                  0.27    0.00    0.19 ^ clkbuf_0_w_clk/A (sky130_fd_sc_hd__clkbuf_16)
                  0.11    0.27    0.46 ^ clkbuf_0_w_clk/X (sky130_fd_sc_hd__clkbuf_16)
    16    0.09                           clknet_0_w_clk (net)
                  0.11    0.00    0.46 ^ clkbuf_4_10_0_w_clk/A (sky130_fd_sc_hd__clkbuf_8)
                  0.08    0.19    0.65 ^ clkbuf_4_10_0_w_clk/X (sky130_fd_sc_hd__clkbuf_8)
    14    0.04                           clknet_4_10_0_w_clk (net)
                  0.08    0.00    0.65 ^ _0911_/CLK (sky130_fd_sc_hd__dfxtp_1)
                          0.25    0.90   clock uncertainty
                         -0.06    0.84   clock reconvergence pessimism
                         -0.02    0.81   library hold time
                                  0.81   data required time
-----------------------------------------------------------------------------
                                  0.81   data required time
                                 -1.07   data arrival time
-----------------------------------------------------------------------------
                                  0.26   slack (MET)


Startpoint: _0970_ (rising edge-triggered flip-flop clocked by w_clk)
Endpoint: _0970_ (rising edge-triggered flip-flop clocked by w_clk)
Path Group: w_clk
Path Type: min

Fanout     Cap    Slew   Delay    Time   Description
-----------------------------------------------------------------------------
                          0.00    0.00   clock w_clk (rise edge)
                          0.00    0.00   clock source latency
                  0.27    0.18    0.18 ^ w_clk (in)
     1    0.06                           w_clk (net)
                  0.27    0.00    0.18 ^ clkbuf_0_w_clk/A (sky130_fd_sc_hd__clkbuf_16)
                  0.11    0.24    0.42 ^ clkbuf_0_w_clk/X (sky130_fd_sc_hd__clkbuf_16)
    16    0.09                           clknet_0_w_clk (net)
                  0.11    0.00    0.42 ^ clkbuf_4_12_0_w_clk/A (sky130_fd_sc_hd__clkbuf_8)
                  0.06    0.16    0.57 ^ clkbuf_4_12_0_w_clk/X (sky130_fd_sc_hd__clkbuf_8)
     9    0.03                           clknet_4_12_0_w_clk (net)
                  0.06    0.00    0.57 ^ _0970_/CLK (sky130_fd_sc_hd__dfxtp_1)
                  0.05    0.30    0.87 ^ _0970_/Q (sky130_fd_sc_hd__dfxtp_1)
     2    0.00                           mem[0][0] (net)
                  0.05    0.00    0.87 ^ _0700_/A0 (sky130_fd_sc_hd__mux2_1)
                  0.04    0.11    0.98 ^ _0700_/X (sky130_fd_sc_hd__mux2_1)
     1    0.00                           _0336_ (net)
                  0.04    0.00    0.98 ^ _0701_/A (sky130_fd_sc_hd__clkbuf_1)
                  0.04    0.07    1.05 ^ _0701_/X (sky130_fd_sc_hd__clkbuf_1)
     1    0.00                           _0064_ (net)
                  0.04    0.00    1.05 ^ _0970_/D (sky130_fd_sc_hd__dfxtp_1)
                                  1.05   data arrival time

                          0.00    0.00   clock w_clk (rise edge)
                          0.00    0.00   clock source latency
                  0.27    0.19    0.19 ^ w_clk (in)
     1    0.06                           w_clk (net)
                  0.27    0.00    0.19 ^ clkbuf_0_w_clk/A (sky130_fd_sc_hd__clkbuf_16)
                  0.11    0.27    0.46 ^ clkbuf_0_w_clk/X (sky130_fd_sc_hd__clkbuf_16)
    16    0.09                           clknet_0_w_clk (net)
                  0.11    0.00    0.46 ^ clkbuf_4_12_0_w_clk/A (sky130_fd_sc_hd__clkbuf_8)
                  0.06    0.17    0.63 ^ clkbuf_4_12_0_w_clk/X (sky130_fd_sc_hd__clkbuf_8)
     9    0.03                           clknet_4_12_0_w_clk (net)
                  0.06    0.00    0.63 ^ _0970_/CLK (sky130_fd_sc_hd__dfxtp_1)
                          0.25    0.88   clock uncertainty
                         -0.06    0.82   clock reconvergence pessimism
                         -0.03    0.79   library hold time
                                  0.79   data required time
-----------------------------------------------------------------------------
                                  0.79   data required time
                                 -1.05   data arrival time
-----------------------------------------------------------------------------
                                  0.26   slack (MET)


Startpoint: _0991_ (rising edge-triggered flip-flop clocked by w_clk)
Endpoint: _0991_ (rising edge-triggered flip-flop clocked by w_clk)
Path Group: w_clk
Path Type: min

Fanout     Cap    Slew   Delay    Time   Description
-----------------------------------------------------------------------------
                          0.00    0.00   clock w_clk (rise edge)
                          0.00    0.00   clock source latency
                  0.27    0.18    0.18 ^ w_clk (in)
     1    0.06                           w_clk (net)
                  0.27    0.00    0.18 ^ clkbuf_0_w_clk/A (sky130_fd_sc_hd__clkbuf_16)
                  0.11    0.24    0.42 ^ clkbuf_0_w_clk/X (sky130_fd_sc_hd__clkbuf_16)
    16    0.09                           clknet_0_w_clk (net)
                  0.11    0.00    0.42 ^ clkbuf_4_13_0_w_clk/A (sky130_fd_sc_hd__clkbuf_8)
                  0.07    0.16    0.58 ^ clkbuf_4_13_0_w_clk/X (sky130_fd_sc_hd__clkbuf_8)
    11    0.03                           clknet_4_13_0_w_clk (net)
                  0.07    0.00    0.58 ^ _0991_/CLK (sky130_fd_sc_hd__dfxtp_1)
                  0.05    0.30    0.88 ^ _0991_/Q (sky130_fd_sc_hd__dfxtp_1)
     2    0.00                           mem[8][5] (net)
                  0.05    0.00    0.88 ^ _0746_/A0 (sky130_fd_sc_hd__mux2_1)
                  0.04    0.11    0.99 ^ _0746_/X (sky130_fd_sc_hd__mux2_1)
     1    0.00                           _0361_ (net)
                  0.04    0.00    0.99 ^ _0747_/A (sky130_fd_sc_hd__clkbuf_1)
                  0.04    0.07    1.06 ^ _0747_/X (sky130_fd_sc_hd__clkbuf_1)
     1    0.00                           _0085_ (net)
                  0.04    0.00    1.06 ^ _0991_/D (sky130_fd_sc_hd__dfxtp_1)
                                  1.06   data arrival time

                          0.00    0.00   clock w_clk (rise edge)
                          0.00    0.00   clock source latency
                  0.27    0.19    0.19 ^ w_clk (in)
     1    0.06                           w_clk (net)
                  0.27    0.00    0.19 ^ clkbuf_0_w_clk/A (sky130_fd_sc_hd__clkbuf_16)
                  0.11    0.27    0.46 ^ clkbuf_0_w_clk/X (sky130_fd_sc_hd__clkbuf_16)
    16    0.09                           clknet_0_w_clk (net)
                  0.11    0.00    0.46 ^ clkbuf_4_13_0_w_clk/A (sky130_fd_sc_hd__clkbuf_8)
                  0.07    0.18    0.64 ^ clkbuf_4_13_0_w_clk/X (sky130_fd_sc_hd__clkbuf_8)
    11    0.03                           clknet_4_13_0_w_clk (net)
                  0.07    0.00    0.64 ^ _0991_/CLK (sky130_fd_sc_hd__dfxtp_1)
                          0.25    0.89   clock uncertainty
                         -0.06    0.83   clock reconvergence pessimism
                         -0.03    0.80   library hold time
                                  0.80   data required time
-----------------------------------------------------------------------------
                                  0.80   data required time
                                 -1.06   data arrival time
-----------------------------------------------------------------------------
                                  0.26   slack (MET)


Startpoint: _1010_ (rising edge-triggered flip-flop clocked by w_clk)
Endpoint: _1010_ (rising edge-triggered flip-flop clocked by w_clk)
Path Group: w_clk
Path Type: min

Fanout     Cap    Slew   Delay    Time   Description
-----------------------------------------------------------------------------
                          0.00    0.00   clock w_clk (rise edge)
                          0.00    0.00   clock source latency
                  0.27    0.18    0.18 ^ w_clk (in)
     1    0.06                           w_clk (net)
                  0.27    0.00    0.18 ^ clkbuf_0_w_clk/A (sky130_fd_sc_hd__clkbuf_16)
                  0.11    0.24    0.42 ^ clkbuf_0_w_clk/X (sky130_fd_sc_hd__clkbuf_16)
    16    0.09                           clknet_0_w_clk (net)
                  0.11    0.00    0.42 ^ clkbuf_4_8_0_w_clk/A (sky130_fd_sc_hd__clkbuf_8)
                  0.07    0.16    0.58 ^ clkbuf_4_8_0_w_clk/X (sky130_fd_sc_hd__clkbuf_8)
    11    0.03                           clknet_4_8_0_w_clk (net)
                  0.07    0.00    0.58 ^ _1010_/CLK (sky130_fd_sc_hd__dfxtp_1)
                  0.05    0.30    0.88 ^ _1010_/Q (sky130_fd_sc_hd__dfxtp_1)
     2    0.00                           mem[6][0] (net)
                  0.05    0.00    0.88 ^ _0789_/A0 (sky130_fd_sc_hd__mux2_1)
                  0.04    0.11    0.99 ^ _0789_/X (sky130_fd_sc_hd__mux2_1)
     1    0.00                           _0385_ (net)
                  0.04    0.00    0.99 ^ _0790_/A (sky130_fd_sc_hd__clkbuf_1)
                  0.04    0.07    1.06 ^ _0790_/X (sky130_fd_sc_hd__clkbuf_1)
     1    0.00                           _0104_ (net)
                  0.04    0.00    1.06 ^ _1010_/D (sky130_fd_sc_hd__dfxtp_1)
                                  1.06   data arrival time

                          0.00    0.00   clock w_clk (rise edge)
                          0.00    0.00   clock source latency
                  0.27    0.19    0.19 ^ w_clk (in)
     1    0.06                           w_clk (net)
                  0.27    0.00    0.19 ^ clkbuf_0_w_clk/A (sky130_fd_sc_hd__clkbuf_16)
                  0.11    0.27    0.46 ^ clkbuf_0_w_clk/X (sky130_fd_sc_hd__clkbuf_16)
    16    0.09                           clknet_0_w_clk (net)
                  0.11    0.00    0.46 ^ clkbuf_4_8_0_w_clk/A (sky130_fd_sc_hd__clkbuf_8)
                  0.07    0.18    0.64 ^ clkbuf_4_8_0_w_clk/X (sky130_fd_sc_hd__clkbuf_8)
    11    0.03                           clknet_4_8_0_w_clk (net)
                  0.07    0.00    0.64 ^ _1010_/CLK (sky130_fd_sc_hd__dfxtp_1)
                          0.25    0.89   clock uncertainty
                         -0.06    0.83   clock reconvergence pessimism
                         -0.03    0.80   library hold time
                                  0.80   data required time
-----------------------------------------------------------------------------
                                  0.80   data required time
                                 -1.06   data arrival time
-----------------------------------------------------------------------------
                                  0.26   slack (MET)


Startpoint: _0959_ (rising edge-triggered flip-flop clocked by w_clk)
Endpoint: _0959_ (rising edge-triggered flip-flop clocked by w_clk)
Path Group: w_clk
Path Type: min

Fanout     Cap    Slew   Delay    Time   Description
-----------------------------------------------------------------------------
                          0.00    0.00   clock w_clk (rise edge)
                          0.00    0.00   clock source latency
                  0.27    0.18    0.18 ^ w_clk (in)
     1    0.06                           w_clk (net)
                  0.27    0.00    0.18 ^ clkbuf_0_w_clk/A (sky130_fd_sc_hd__clkbuf_16)
                  0.11    0.24    0.42 ^ clkbuf_0_w_clk/X (sky130_fd_sc_hd__clkbuf_16)
    16    0.09                           clknet_0_w_clk (net)
                  0.11    0.00    0.42 ^ clkbuf_4_13_0_w_clk/A (sky130_fd_sc_hd__clkbuf_8)
                  0.07    0.16    0.58 ^ clkbuf_4_13_0_w_clk/X (sky130_fd_sc_hd__clkbuf_8)
    11    0.03                           clknet_4_13_0_w_clk (net)
                  0.07    0.00    0.58 ^ _0959_/CLK (sky130_fd_sc_hd__dfxtp_1)
                  0.05    0.30    0.88 ^ _0959_/Q (sky130_fd_sc_hd__dfxtp_1)
     2    0.00                           mem[11][5] (net)
                  0.05    0.00    0.88 ^ _0671_/A0 (sky130_fd_sc_hd__mux2_1)
                  0.04    0.11    0.99 ^ _0671_/X (sky130_fd_sc_hd__mux2_1)
     1    0.00                           _0318_ (net)
                  0.04    0.00    0.99 ^ _0672_/A (sky130_fd_sc_hd__clkbuf_1)
                  0.04    0.07    1.06 ^ _0672_/X (sky130_fd_sc_hd__clkbuf_1)
     1    0.00                           _0053_ (net)
                  0.04    0.00    1.06 ^ _0959_/D (sky130_fd_sc_hd__dfxtp_1)
                                  1.06   data arrival time

                          0.00    0.00   clock w_clk (rise edge)
                          0.00    0.00   clock source latency
                  0.27    0.19    0.19 ^ w_clk (in)
     1    0.06                           w_clk (net)
                  0.27    0.00    0.19 ^ clkbuf_0_w_clk/A (sky130_fd_sc_hd__clkbuf_16)
                  0.11    0.27    0.46 ^ clkbuf_0_w_clk/X (sky130_fd_sc_hd__clkbuf_16)
    16    0.09                           clknet_0_w_clk (net)
                  0.11    0.00    0.46 ^ clkbuf_4_13_0_w_clk/A (sky130_fd_sc_hd__clkbuf_8)
                  0.07    0.18    0.64 ^ clkbuf_4_13_0_w_clk/X (sky130_fd_sc_hd__clkbuf_8)
    11    0.03                           clknet_4_13_0_w_clk (net)
                  0.07    0.00    0.64 ^ _0959_/CLK (sky130_fd_sc_hd__dfxtp_1)
                          0.25    0.89   clock uncertainty
                         -0.06    0.83   clock reconvergence pessimism
                         -0.03    0.80   library hold time
                                  0.80   data required time
-----------------------------------------------------------------------------
                                  0.80   data required time
                                 -1.06   data arrival time
-----------------------------------------------------------------------------
                                  0.26   slack (MET)


Startpoint: _0949_ (rising edge-triggered flip-flop clocked by w_clk)
Endpoint: _0949_ (rising edge-triggered flip-flop clocked by w_clk)
Path Group: w_clk
Path Type: min

Fanout     Cap    Slew   Delay    Time   Description
-----------------------------------------------------------------------------
                          0.00    0.00   clock w_clk (rise edge)
                          0.00    0.00   clock source latency
                  0.27    0.18    0.18 ^ w_clk (in)
     1    0.06                           w_clk (net)
                  0.27    0.00    0.18 ^ clkbuf_0_w_clk/A (sky130_fd_sc_hd__clkbuf_16)
                  0.11    0.24    0.42 ^ clkbuf_0_w_clk/X (sky130_fd_sc_hd__clkbuf_16)
    16    0.09                           clknet_0_w_clk (net)
                  0.11    0.00    0.42 ^ clkbuf_4_15_0_w_clk/A (sky130_fd_sc_hd__clkbuf_8)
                  0.07    0.16    0.58 ^ clkbuf_4_15_0_w_clk/X (sky130_fd_sc_hd__clkbuf_8)
    12    0.03                           clknet_4_15_0_w_clk (net)
                  0.07    0.00    0.58 ^ _0949_/CLK (sky130_fd_sc_hd__dfxtp_1)
                  0.05    0.30    0.88 ^ _0949_/Q (sky130_fd_sc_hd__dfxtp_1)
     2    0.00                           mem[12][3] (net)
                  0.05    0.00    0.88 ^ _0649_/A0 (sky130_fd_sc_hd__mux2_1)
                  0.04    0.11    1.00 ^ _0649_/X (sky130_fd_sc_hd__mux2_1)
     1    0.00                           _0306_ (net)
                  0.04    0.00    1.00 ^ _0650_/A (sky130_fd_sc_hd__clkbuf_1)
                  0.04    0.07    1.07 ^ _0650_/X (sky130_fd_sc_hd__clkbuf_1)
     1    0.00                           _0043_ (net)
                  0.04    0.00    1.07 ^ _0949_/D (sky130_fd_sc_hd__dfxtp_1)
                                  1.07   data arrival time

                          0.00    0.00   clock w_clk (rise edge)
                          0.00    0.00   clock source latency
                  0.27    0.19    0.19 ^ w_clk (in)
     1    0.06                           w_clk (net)
                  0.27    0.00    0.19 ^ clkbuf_0_w_clk/A (sky130_fd_sc_hd__clkbuf_16)
                  0.11    0.27    0.46 ^ clkbuf_0_w_clk/X (sky130_fd_sc_hd__clkbuf_16)
    16    0.09                           clknet_0_w_clk (net)
                  0.11    0.00    0.46 ^ clkbuf_4_15_0_w_clk/A (sky130_fd_sc_hd__clkbuf_8)
                  0.07    0.18    0.64 ^ clkbuf_4_15_0_w_clk/X (sky130_fd_sc_hd__clkbuf_8)
    12    0.03                           clknet_4_15_0_w_clk (net)
                  0.07    0.00    0.64 ^ _0949_/CLK (sky130_fd_sc_hd__dfxtp_1)
                          0.25    0.89   clock uncertainty
                         -0.06    0.83   clock reconvergence pessimism
                         -0.03    0.80   library hold time
                                  0.80   data required time
-----------------------------------------------------------------------------
                                  0.80   data required time
                                 -1.07   data arrival time
-----------------------------------------------------------------------------
                                  0.26   slack (MET)


Startpoint: _0971_ (rising edge-triggered flip-flop clocked by w_clk)
Endpoint: _0971_ (rising edge-triggered flip-flop clocked by w_clk)
Path Group: w_clk
Path Type: min

Fanout     Cap    Slew   Delay    Time   Description
-----------------------------------------------------------------------------
                          0.00    0.00   clock w_clk (rise edge)
                          0.00    0.00   clock source latency
                  0.27    0.18    0.18 ^ w_clk (in)
     1    0.06                           w_clk (net)
                  0.27    0.00    0.18 ^ clkbuf_0_w_clk/A (sky130_fd_sc_hd__clkbuf_16)
                  0.11    0.24    0.42 ^ clkbuf_0_w_clk/X (sky130_fd_sc_hd__clkbuf_16)
    16    0.09                           clknet_0_w_clk (net)
                  0.11    0.00    0.42 ^ clkbuf_4_3_0_w_clk/A (sky130_fd_sc_hd__clkbuf_8)
                  0.05    0.14    0.56 ^ clkbuf_4_3_0_w_clk/X (sky130_fd_sc_hd__clkbuf_8)
     6    0.02                           clknet_4_3_0_w_clk (net)
                  0.05    0.00    0.56 ^ _0971_/CLK (sky130_fd_sc_hd__dfxtp_1)
                  0.05    0.29    0.85 ^ _0971_/Q (sky130_fd_sc_hd__dfxtp_1)
     2    0.00                           mem[0][1] (net)
                  0.05    0.00    0.85 ^ _0702_/A0 (sky130_fd_sc_hd__mux2_1)
                  0.05    0.12    0.97 ^ _0702_/X (sky130_fd_sc_hd__mux2_1)
     1    0.00                           _0337_ (net)
                  0.05    0.00    0.97 ^ _0703_/A (sky130_fd_sc_hd__clkbuf_1)
                  0.04    0.07    1.04 ^ _0703_/X (sky130_fd_sc_hd__clkbuf_1)
     1    0.00                           _0065_ (net)
                  0.04    0.00    1.04 ^ _0971_/D (sky130_fd_sc_hd__dfxtp_1)
                                  1.04   data arrival time

                          0.00    0.00   clock w_clk (rise edge)
                          0.00    0.00   clock source latency
                  0.27    0.19    0.19 ^ w_clk (in)
     1    0.06                           w_clk (net)
                  0.27    0.00    0.19 ^ clkbuf_0_w_clk/A (sky130_fd_sc_hd__clkbuf_16)
                  0.11    0.27    0.46 ^ clkbuf_0_w_clk/X (sky130_fd_sc_hd__clkbuf_16)
    16    0.09                           clknet_0_w_clk (net)
                  0.11    0.00    0.46 ^ clkbuf_4_3_0_w_clk/A (sky130_fd_sc_hd__clkbuf_8)
                  0.05    0.16    0.62 ^ clkbuf_4_3_0_w_clk/X (sky130_fd_sc_hd__clkbuf_8)
     6    0.02                           clknet_4_3_0_w_clk (net)
                  0.05    0.00    0.62 ^ _0971_/CLK (sky130_fd_sc_hd__dfxtp_1)
                          0.25    0.87   clock uncertainty
                         -0.06    0.81   clock reconvergence pessimism
                         -0.03    0.78   library hold time
                                  0.78   data required time
-----------------------------------------------------------------------------
                                  0.78   data required time
                                 -1.04   data arrival time
-----------------------------------------------------------------------------
                                  0.26   slack (MET)


Startpoint: _0912_ (rising edge-triggered flip-flop clocked by w_clk)
Endpoint: _0912_ (rising edge-triggered flip-flop clocked by w_clk)
Path Group: w_clk
Path Type: min

Fanout     Cap    Slew   Delay    Time   Description
-----------------------------------------------------------------------------
                          0.00    0.00   clock w_clk (rise edge)
                          0.00    0.00   clock source latency
                  0.27    0.18    0.18 ^ w_clk (in)
     1    0.06                           w_clk (net)
                  0.27    0.00    0.18 ^ clkbuf_0_w_clk/A (sky130_fd_sc_hd__clkbuf_16)
                  0.11    0.24    0.42 ^ clkbuf_0_w_clk/X (sky130_fd_sc_hd__clkbuf_16)
    16    0.09                           clknet_0_w_clk (net)
                  0.11    0.00    0.42 ^ clkbuf_4_2_0_w_clk/A (sky130_fd_sc_hd__clkbuf_8)
                  0.07    0.16    0.58 ^ clkbuf_4_2_0_w_clk/X (sky130_fd_sc_hd__clkbuf_8)
    11    0.03                           clknet_4_2_0_w_clk (net)
                  0.07    0.00    0.58 ^ _0912_/CLK (sky130_fd_sc_hd__dfxtp_1)
                  0.05    0.30    0.87 ^ _0912_/Q (sky130_fd_sc_hd__dfxtp_1)
     2    0.00                           mem[5][6] (net)
                  0.05    0.00    0.87 ^ _0502_/A0 (sky130_fd_sc_hd__mux2_1)
                  0.04    0.11    0.99 ^ _0502_/X (sky130_fd_sc_hd__mux2_1)
     1    0.00                           _0196_ (net)
                  0.04    0.00    0.99 ^ _0503_/A (sky130_fd_sc_hd__clkbuf_1)
                  0.04    0.07    1.06 ^ _0503_/X (sky130_fd_sc_hd__clkbuf_1)
     1    0.00                           _0006_ (net)
                  0.04    0.00    1.06 ^ _0912_/D (sky130_fd_sc_hd__dfxtp_1)
                                  1.06   data arrival time

                          0.00    0.00   clock w_clk (rise edge)
                          0.00    0.00   clock source latency
                  0.27    0.19    0.19 ^ w_clk (in)
     1    0.06                           w_clk (net)
                  0.27    0.00    0.19 ^ clkbuf_0_w_clk/A (sky130_fd_sc_hd__clkbuf_16)
                  0.11    0.27    0.46 ^ clkbuf_0_w_clk/X (sky130_fd_sc_hd__clkbuf_16)
    16    0.09                           clknet_0_w_clk (net)
                  0.11    0.00    0.46 ^ clkbuf_4_2_0_w_clk/A (sky130_fd_sc_hd__clkbuf_8)
                  0.07    0.18    0.64 ^ clkbuf_4_2_0_w_clk/X (sky130_fd_sc_hd__clkbuf_8)
    11    0.03                           clknet_4_2_0_w_clk (net)
                  0.07    0.00    0.64 ^ _0912_/CLK (sky130_fd_sc_hd__dfxtp_1)
                          0.25    0.89   clock uncertainty
                         -0.06    0.83   clock reconvergence pessimism
                         -0.03    0.80   library hold time
                                  0.80   data required time
-----------------------------------------------------------------------------
                                  0.80   data required time
                                 -1.06   data arrival time
-----------------------------------------------------------------------------
                                  0.26   slack (MET)


Startpoint: _0986_ (rising edge-triggered flip-flop clocked by w_clk)
Endpoint: _0986_ (rising edge-triggered flip-flop clocked by w_clk)
Path Group: w_clk
Path Type: min

Fanout     Cap    Slew   Delay    Time   Description
-----------------------------------------------------------------------------
                          0.00    0.00   clock w_clk (rise edge)
                          0.00    0.00   clock source latency
                  0.27    0.18    0.18 ^ w_clk (in)
     1    0.06                           w_clk (net)
                  0.27    0.00    0.18 ^ clkbuf_0_w_clk/A (sky130_fd_sc_hd__clkbuf_16)
                  0.11    0.24    0.42 ^ clkbuf_0_w_clk/X (sky130_fd_sc_hd__clkbuf_16)
    16    0.09                           clknet_0_w_clk (net)
                  0.11    0.00    0.42 ^ clkbuf_4_13_0_w_clk/A (sky130_fd_sc_hd__clkbuf_8)
                  0.07    0.16    0.58 ^ clkbuf_4_13_0_w_clk/X (sky130_fd_sc_hd__clkbuf_8)
    11    0.03                           clknet_4_13_0_w_clk (net)
                  0.07    0.00    0.58 ^ _0986_/CLK (sky130_fd_sc_hd__dfxtp_1)
                  0.05    0.30    0.88 ^ _0986_/Q (sky130_fd_sc_hd__dfxtp_1)
     2    0.00                           mem[8][0] (net)
                  0.05    0.00    0.88 ^ _0736_/A0 (sky130_fd_sc_hd__mux2_1)
                  0.04    0.11    0.99 ^ _0736_/X (sky130_fd_sc_hd__mux2_1)
     1    0.00                           _0356_ (net)
                  0.04    0.00    0.99 ^ _0737_/A (sky130_fd_sc_hd__clkbuf_1)
                  0.04    0.07    1.06 ^ _0737_/X (sky130_fd_sc_hd__clkbuf_1)
     1    0.00                           _0080_ (net)
                  0.04    0.00    1.06 ^ _0986_/D (sky130_fd_sc_hd__dfxtp_1)
                                  1.06   data arrival time

                          0.00    0.00   clock w_clk (rise edge)
                          0.00    0.00   clock source latency
                  0.27    0.19    0.19 ^ w_clk (in)
     1    0.06                           w_clk (net)
                  0.27    0.00    0.19 ^ clkbuf_0_w_clk/A (sky130_fd_sc_hd__clkbuf_16)
                  0.11    0.27    0.46 ^ clkbuf_0_w_clk/X (sky130_fd_sc_hd__clkbuf_16)
    16    0.09                           clknet_0_w_clk (net)
                  0.11    0.00    0.46 ^ clkbuf_4_13_0_w_clk/A (sky130_fd_sc_hd__clkbuf_8)
                  0.07    0.18    0.64 ^ clkbuf_4_13_0_w_clk/X (sky130_fd_sc_hd__clkbuf_8)
    11    0.03                           clknet_4_13_0_w_clk (net)
                  0.07    0.00    0.64 ^ _0986_/CLK (sky130_fd_sc_hd__dfxtp_1)
                          0.25    0.89   clock uncertainty
                         -0.06    0.83   clock reconvergence pessimism
                         -0.03    0.80   library hold time
                                  0.80   data required time
-----------------------------------------------------------------------------
                                  0.80   data required time
                                 -1.06   data arrival time
-----------------------------------------------------------------------------
                                  0.26   slack (MET)


Startpoint: _0925_ (rising edge-triggered flip-flop clocked by w_clk)
Endpoint: _0925_ (rising edge-triggered flip-flop clocked by w_clk)
Path Group: w_clk
Path Type: min

Fanout     Cap    Slew   Delay    Time   Description
-----------------------------------------------------------------------------
                          0.00    0.00   clock w_clk (rise edge)
                          0.00    0.00   clock source latency
                  0.27    0.18    0.18 ^ w_clk (in)
     1    0.06                           w_clk (net)
                  0.27    0.00    0.18 ^ clkbuf_0_w_clk/A (sky130_fd_sc_hd__clkbuf_16)
                  0.11    0.24    0.42 ^ clkbuf_0_w_clk/X (sky130_fd_sc_hd__clkbuf_16)
    16    0.09                           clknet_0_w_clk (net)
                  0.11    0.00    0.42 ^ clkbuf_4_15_0_w_clk/A (sky130_fd_sc_hd__clkbuf_8)
                  0.07    0.16    0.58 ^ clkbuf_4_15_0_w_clk/X (sky130_fd_sc_hd__clkbuf_8)
    12    0.03                           clknet_4_15_0_w_clk (net)
                  0.07    0.00    0.58 ^ _0925_/CLK (sky130_fd_sc_hd__dfxtp_1)
                  0.05    0.30    0.88 ^ _0925_/Q (sky130_fd_sc_hd__dfxtp_1)
     2    0.00                           mem[14][3] (net)
                  0.05    0.00    0.88 ^ _0594_/A0 (sky130_fd_sc_hd__mux2_1)
                  0.04    0.11    1.00 ^ _0594_/X (sky130_fd_sc_hd__mux2_1)
     1    0.00                           _0275_ (net)
                  0.04    0.00    1.00 ^ _0595_/A (sky130_fd_sc_hd__clkbuf_1)
                  0.04    0.07    1.07 ^ _0595_/X (sky130_fd_sc_hd__clkbuf_1)
     1    0.00                           _0019_ (net)
                  0.04    0.00    1.07 ^ _0925_/D (sky130_fd_sc_hd__dfxtp_1)
                                  1.07   data arrival time

                          0.00    0.00   clock w_clk (rise edge)
                          0.00    0.00   clock source latency
                  0.27    0.19    0.19 ^ w_clk (in)
     1    0.06                           w_clk (net)
                  0.27    0.00    0.19 ^ clkbuf_0_w_clk/A (sky130_fd_sc_hd__clkbuf_16)
                  0.11    0.27    0.46 ^ clkbuf_0_w_clk/X (sky130_fd_sc_hd__clkbuf_16)
    16    0.09                           clknet_0_w_clk (net)
                  0.11    0.00    0.46 ^ clkbuf_4_15_0_w_clk/A (sky130_fd_sc_hd__clkbuf_8)
                  0.07    0.18    0.64 ^ clkbuf_4_15_0_w_clk/X (sky130_fd_sc_hd__clkbuf_8)
    12    0.03                           clknet_4_15_0_w_clk (net)
                  0.07    0.00    0.64 ^ _0925_/CLK (sky130_fd_sc_hd__dfxtp_1)
                          0.25    0.89   clock uncertainty
                         -0.06    0.83   clock reconvergence pessimism
                         -0.03    0.80   library hold time
                                  0.80   data required time
-----------------------------------------------------------------------------
                                  0.80   data required time
                                 -1.07   data arrival time
-----------------------------------------------------------------------------
                                  0.26   slack (MET)


Startpoint: _0939_ (rising edge-triggered flip-flop clocked by w_clk)
Endpoint: _0939_ (rising edge-triggered flip-flop clocked by w_clk)
Path Group: w_clk
Path Type: min

Fanout     Cap    Slew   Delay    Time   Description
-----------------------------------------------------------------------------
                          0.00    0.00   clock w_clk (rise edge)
                          0.00    0.00   clock source latency
                  0.27    0.18    0.18 ^ w_clk (in)
     1    0.06                           w_clk (net)
                  0.27    0.00    0.18 ^ clkbuf_0_w_clk/A (sky130_fd_sc_hd__clkbuf_16)
                  0.11    0.24    0.42 ^ clkbuf_0_w_clk/X (sky130_fd_sc_hd__clkbuf_16)
    16    0.09                           clknet_0_w_clk (net)
                  0.11    0.00    0.42 ^ clkbuf_4_6_0_w_clk/A (sky130_fd_sc_hd__clkbuf_8)
                  0.05    0.15    0.56 ^ clkbuf_4_6_0_w_clk/X (sky130_fd_sc_hd__clkbuf_8)
     7    0.02                           clknet_4_6_0_w_clk (net)
                  0.05    0.00    0.56 ^ _0939_/CLK (sky130_fd_sc_hd__dfxtp_1)
                  0.05    0.30    0.86 ^ _0939_/Q (sky130_fd_sc_hd__dfxtp_1)
     2    0.00                           mem[13][1] (net)
                  0.05    0.00    0.86 ^ _0627_/A0 (sky130_fd_sc_hd__mux2_1)
                  0.05    0.12    0.97 ^ _0627_/X (sky130_fd_sc_hd__mux2_1)
     1    0.00                           _0294_ (net)
                  0.05    0.00    0.97 ^ _0628_/A (sky130_fd_sc_hd__clkbuf_1)
                  0.04    0.07    1.05 ^ _0628_/X (sky130_fd_sc_hd__clkbuf_1)
     1    0.00                           _0033_ (net)
                  0.04    0.00    1.05 ^ _0939_/D (sky130_fd_sc_hd__dfxtp_1)
                                  1.05   data arrival time

                          0.00    0.00   clock w_clk (rise edge)
                          0.00    0.00   clock source latency
                  0.27    0.19    0.19 ^ w_clk (in)
     1    0.06                           w_clk (net)
                  0.27    0.00    0.19 ^ clkbuf_0_w_clk/A (sky130_fd_sc_hd__clkbuf_16)
                  0.11    0.27    0.46 ^ clkbuf_0_w_clk/X (sky130_fd_sc_hd__clkbuf_16)
    16    0.09                           clknet_0_w_clk (net)
                  0.11    0.00    0.46 ^ clkbuf_4_6_0_w_clk/A (sky130_fd_sc_hd__clkbuf_8)
                  0.05    0.16    0.62 ^ clkbuf_4_6_0_w_clk/X (sky130_fd_sc_hd__clkbuf_8)
     7    0.02                           clknet_4_6_0_w_clk (net)
                  0.05    0.00    0.62 ^ _0939_/CLK (sky130_fd_sc_hd__dfxtp_1)
                          0.25    0.87   clock uncertainty
                         -0.06    0.81   clock reconvergence pessimism
                         -0.03    0.78   library hold time
                                  0.78   data required time
-----------------------------------------------------------------------------
                                  0.78   data required time
                                 -1.05   data arrival time
-----------------------------------------------------------------------------
                                  0.26   slack (MET)


Startpoint: _1012_ (rising edge-triggered flip-flop clocked by w_clk)
Endpoint: _1012_ (rising edge-triggered flip-flop clocked by w_clk)
Path Group: w_clk
Path Type: min

Fanout     Cap    Slew   Delay    Time   Description
-----------------------------------------------------------------------------
                          0.00    0.00   clock w_clk (rise edge)
                          0.00    0.00   clock source latency
                  0.27    0.18    0.18 ^ w_clk (in)
     1    0.06                           w_clk (net)
                  0.27    0.00    0.18 ^ clkbuf_0_w_clk/A (sky130_fd_sc_hd__clkbuf_16)
                  0.11    0.24    0.42 ^ clkbuf_0_w_clk/X (sky130_fd_sc_hd__clkbuf_16)
    16    0.09                           clknet_0_w_clk (net)
                  0.11    0.00    0.42 ^ clkbuf_4_8_0_w_clk/A (sky130_fd_sc_hd__clkbuf_8)
                  0.07    0.16    0.58 ^ clkbuf_4_8_0_w_clk/X (sky130_fd_sc_hd__clkbuf_8)
    11    0.03                           clknet_4_8_0_w_clk (net)
                  0.07    0.00    0.58 ^ _1012_/CLK (sky130_fd_sc_hd__dfxtp_1)
                  0.06    0.30    0.88 ^ _1012_/Q (sky130_fd_sc_hd__dfxtp_1)
     2    0.00                           mem[6][2] (net)
                  0.06    0.00    0.88 ^ _0793_/A0 (sky130_fd_sc_hd__mux2_1)
                  0.04    0.11    0.99 ^ _0793_/X (sky130_fd_sc_hd__mux2_1)
     1    0.00                           _0387_ (net)
                  0.04    0.00    0.99 ^ _0794_/A (sky130_fd_sc_hd__clkbuf_1)
                  0.04    0.07    1.06 ^ _0794_/X (sky130_fd_sc_hd__clkbuf_1)
     1    0.00                           _0106_ (net)
                  0.04    0.00    1.06 ^ _1012_/D (sky130_fd_sc_hd__dfxtp_1)
                                  1.06   data arrival time

                          0.00    0.00   clock w_clk (rise edge)
                          0.00    0.00   clock source latency
                  0.27    0.19    0.19 ^ w_clk (in)
     1    0.06                           w_clk (net)
                  0.27    0.00    0.19 ^ clkbuf_0_w_clk/A (sky130_fd_sc_hd__clkbuf_16)
                  0.11    0.27    0.46 ^ clkbuf_0_w_clk/X (sky130_fd_sc_hd__clkbuf_16)
    16    0.09                           clknet_0_w_clk (net)
                  0.11    0.00    0.46 ^ clkbuf_4_8_0_w_clk/A (sky130_fd_sc_hd__clkbuf_8)
                  0.07    0.18    0.64 ^ clkbuf_4_8_0_w_clk/X (sky130_fd_sc_hd__clkbuf_8)
    11    0.03                           clknet_4_8_0_w_clk (net)
                  0.07    0.00    0.64 ^ _1012_/CLK (sky130_fd_sc_hd__dfxtp_1)
                          0.25    0.89   clock uncertainty
                         -0.06    0.83   clock reconvergence pessimism
                         -0.03    0.80   library hold time
                                  0.80   data required time
-----------------------------------------------------------------------------
                                  0.80   data required time
                                 -1.06   data arrival time
-----------------------------------------------------------------------------
                                  0.26   slack (MET)


Startpoint: _0985_ (rising edge-triggered flip-flop clocked by w_clk)
Endpoint: _0985_ (rising edge-triggered flip-flop clocked by w_clk)
Path Group: w_clk
Path Type: min

Fanout     Cap    Slew   Delay    Time   Description
-----------------------------------------------------------------------------
                          0.00    0.00   clock w_clk (rise edge)
                          0.00    0.00   clock source latency
                  0.27    0.18    0.18 ^ w_clk (in)
     1    0.06                           w_clk (net)
                  0.27    0.00    0.18 ^ clkbuf_0_w_clk/A (sky130_fd_sc_hd__clkbuf_16)
                  0.11    0.24    0.42 ^ clkbuf_0_w_clk/X (sky130_fd_sc_hd__clkbuf_16)
    16    0.09                           clknet_0_w_clk (net)
                  0.11    0.00    0.42 ^ clkbuf_4_11_0_w_clk/A (sky130_fd_sc_hd__clkbuf_8)
                  0.06    0.16    0.57 ^ clkbuf_4_11_0_w_clk/X (sky130_fd_sc_hd__clkbuf_8)
    10    0.03                           clknet_4_11_0_w_clk (net)
                  0.06    0.00    0.57 ^ _0985_/CLK (sky130_fd_sc_hd__dfxtp_1)
                  0.05    0.30    0.87 ^ _0985_/Q (sky130_fd_sc_hd__dfxtp_1)
     2    0.00                           mem[2][7] (net)
                  0.05    0.00    0.87 ^ _0732_/A0 (sky130_fd_sc_hd__mux2_1)
                  0.04    0.11    0.98 ^ _0732_/X (sky130_fd_sc_hd__mux2_1)
     1    0.00                           _0353_ (net)
                  0.04    0.00    0.98 ^ _0733_/A (sky130_fd_sc_hd__clkbuf_1)
                  0.04    0.07    1.06 ^ _0733_/X (sky130_fd_sc_hd__clkbuf_1)
     1    0.00                           _0079_ (net)
                  0.04    0.00    1.06 ^ _0985_/D (sky130_fd_sc_hd__dfxtp_1)
                                  1.06   data arrival time

                          0.00    0.00   clock w_clk (rise edge)
                          0.00    0.00   clock source latency
                  0.27    0.19    0.19 ^ w_clk (in)
     1    0.06                           w_clk (net)
                  0.27    0.00    0.19 ^ clkbuf_0_w_clk/A (sky130_fd_sc_hd__clkbuf_16)
                  0.11    0.27    0.46 ^ clkbuf_0_w_clk/X (sky130_fd_sc_hd__clkbuf_16)
    16    0.09                           clknet_0_w_clk (net)
                  0.11    0.00    0.46 ^ clkbuf_4_11_0_w_clk/A (sky130_fd_sc_hd__clkbuf_8)
                  0.06    0.17    0.63 ^ clkbuf_4_11_0_w_clk/X (sky130_fd_sc_hd__clkbuf_8)
    10    0.03                           clknet_4_11_0_w_clk (net)
                  0.06    0.00    0.63 ^ _0985_/CLK (sky130_fd_sc_hd__dfxtp_1)
                          0.25    0.88   clock uncertainty
                         -0.06    0.82   clock reconvergence pessimism
                         -0.03    0.80   library hold time
                                  0.80   data required time
-----------------------------------------------------------------------------
                                  0.80   data required time
                                 -1.06   data arrival time
-----------------------------------------------------------------------------
                                  0.26   slack (MET)


Startpoint: _1069_ (rising edge-triggered flip-flop clocked by w_clk)
Endpoint: _1069_ (rising edge-triggered flip-flop clocked by w_clk)
Path Group: w_clk
Path Type: min

Fanout     Cap    Slew   Delay    Time   Description
-----------------------------------------------------------------------------
                          0.00    0.00   clock w_clk (rise edge)
                          0.00    0.00   clock source latency
                  0.27    0.18    0.18 ^ w_clk (in)
     1    0.06                           w_clk (net)
                  0.27    0.00    0.18 ^ clkbuf_0_w_clk/A (sky130_fd_sc_hd__clkbuf_16)
                  0.11    0.24    0.42 ^ clkbuf_0_w_clk/X (sky130_fd_sc_hd__clkbuf_16)
    16    0.09                           clknet_0_w_clk (net)
                  0.11    0.00    0.42 ^ clkbuf_4_15_0_w_clk/A (sky130_fd_sc_hd__clkbuf_8)
                  0.07    0.16    0.58 ^ clkbuf_4_15_0_w_clk/X (sky130_fd_sc_hd__clkbuf_8)
    12    0.03                           clknet_4_15_0_w_clk (net)
                  0.07    0.00    0.58 ^ _1069_/CLK (sky130_fd_sc_hd__dfxtp_1)
                  0.05    0.30    0.88 ^ _1069_/Q (sky130_fd_sc_hd__dfxtp_1)
     2    0.00                           mem[15][5] (net)
                  0.05    0.00    0.88 ^ _0882_/A0 (sky130_fd_sc_hd__mux2_1)
                  0.04    0.11    1.00 ^ _0882_/X (sky130_fd_sc_hd__mux2_1)
     1    0.00                           _0439_ (net)
                  0.04    0.00    1.00 ^ _0883_/A (sky130_fd_sc_hd__clkbuf_1)
                  0.04    0.07    1.07 ^ _0883_/X (sky130_fd_sc_hd__clkbuf_1)
     1    0.00                           _0143_ (net)
                  0.04    0.00    1.07 ^ _1069_/D (sky130_fd_sc_hd__dfxtp_1)
                                  1.07   data arrival time

                          0.00    0.00   clock w_clk (rise edge)
                          0.00    0.00   clock source latency
                  0.27    0.19    0.19 ^ w_clk (in)
     1    0.06                           w_clk (net)
                  0.27    0.00    0.19 ^ clkbuf_0_w_clk/A (sky130_fd_sc_hd__clkbuf_16)
                  0.11    0.27    0.46 ^ clkbuf_0_w_clk/X (sky130_fd_sc_hd__clkbuf_16)
    16    0.09                           clknet_0_w_clk (net)
                  0.11    0.00    0.46 ^ clkbuf_4_15_0_w_clk/A (sky130_fd_sc_hd__clkbuf_8)
                  0.07    0.18    0.64 ^ clkbuf_4_15_0_w_clk/X (sky130_fd_sc_hd__clkbuf_8)
    12    0.03                           clknet_4_15_0_w_clk (net)
                  0.07    0.00    0.64 ^ _1069_/CLK (sky130_fd_sc_hd__dfxtp_1)
                          0.25    0.89   clock uncertainty
                         -0.06    0.83   clock reconvergence pessimism
                         -0.03    0.80   library hold time
                                  0.80   data required time
-----------------------------------------------------------------------------
                                  0.80   data required time
                                 -1.07   data arrival time
-----------------------------------------------------------------------------
                                  0.26   slack (MET)


Startpoint: _0983_ (rising edge-triggered flip-flop clocked by w_clk)
Endpoint: _0983_ (rising edge-triggered flip-flop clocked by w_clk)
Path Group: w_clk
Path Type: min

Fanout     Cap    Slew   Delay    Time   Description
-----------------------------------------------------------------------------
                          0.00    0.00   clock w_clk (rise edge)
                          0.00    0.00   clock source latency
                  0.27    0.18    0.18 ^ w_clk (in)
     1    0.06                           w_clk (net)
                  0.27    0.00    0.18 ^ clkbuf_0_w_clk/A (sky130_fd_sc_hd__clkbuf_16)
                  0.11    0.24    0.42 ^ clkbuf_0_w_clk/X (sky130_fd_sc_hd__clkbuf_16)
    16    0.09                           clknet_0_w_clk (net)
                  0.11    0.00    0.42 ^ clkbuf_4_11_0_w_clk/A (sky130_fd_sc_hd__clkbuf_8)
                  0.06    0.16    0.57 ^ clkbuf_4_11_0_w_clk/X (sky130_fd_sc_hd__clkbuf_8)
    10    0.03                           clknet_4_11_0_w_clk (net)
                  0.06    0.00    0.57 ^ _0983_/CLK (sky130_fd_sc_hd__dfxtp_1)
                  0.05    0.30    0.87 ^ _0983_/Q (sky130_fd_sc_hd__dfxtp_1)
     2    0.00                           mem[2][5] (net)
                  0.05    0.00    0.87 ^ _0728_/A0 (sky130_fd_sc_hd__mux2_1)
                  0.04    0.11    0.98 ^ _0728_/X (sky130_fd_sc_hd__mux2_1)
     1    0.00                           _0351_ (net)
                  0.04    0.00    0.98 ^ _0729_/A (sky130_fd_sc_hd__clkbuf_1)
                  0.04    0.07    1.06 ^ _0729_/X (sky130_fd_sc_hd__clkbuf_1)
     1    0.00                           _0077_ (net)
                  0.04    0.00    1.06 ^ _0983_/D (sky130_fd_sc_hd__dfxtp_1)
                                  1.06   data arrival time

                          0.00    0.00   clock w_clk (rise edge)
                          0.00    0.00   clock source latency
                  0.27    0.19    0.19 ^ w_clk (in)
     1    0.06                           w_clk (net)
                  0.27    0.00    0.19 ^ clkbuf_0_w_clk/A (sky130_fd_sc_hd__clkbuf_16)
                  0.11    0.27    0.46 ^ clkbuf_0_w_clk/X (sky130_fd_sc_hd__clkbuf_16)
    16    0.09                           clknet_0_w_clk (net)
                  0.11    0.00    0.46 ^ clkbuf_4_11_0_w_clk/A (sky130_fd_sc_hd__clkbuf_8)
                  0.06    0.17    0.63 ^ clkbuf_4_11_0_w_clk/X (sky130_fd_sc_hd__clkbuf_8)
    10    0.03                           clknet_4_11_0_w_clk (net)
                  0.06    0.00    0.63 ^ _0983_/CLK (sky130_fd_sc_hd__dfxtp_1)
                          0.25    0.88   clock uncertainty
                         -0.06    0.82   clock reconvergence pessimism
                         -0.03    0.80   library hold time
                                  0.80   data required time
-----------------------------------------------------------------------------
                                  0.80   data required time
                                 -1.06   data arrival time
-----------------------------------------------------------------------------
                                  0.26   slack (MET)


Startpoint: _0999_ (rising edge-triggered flip-flop clocked by w_clk)
Endpoint: _0999_ (rising edge-triggered flip-flop clocked by w_clk)
Path Group: w_clk
Path Type: min

Fanout     Cap    Slew   Delay    Time   Description
-----------------------------------------------------------------------------
                          0.00    0.00   clock w_clk (rise edge)
                          0.00    0.00   clock source latency
                  0.27    0.18    0.18 ^ w_clk (in)
     1    0.06                           w_clk (net)
                  0.27    0.00    0.18 ^ clkbuf_0_w_clk/A (sky130_fd_sc_hd__clkbuf_16)
                  0.11    0.24    0.42 ^ clkbuf_0_w_clk/X (sky130_fd_sc_hd__clkbuf_16)
    16    0.09                           clknet_0_w_clk (net)
                  0.11    0.00    0.42 ^ clkbuf_4_10_0_w_clk/A (sky130_fd_sc_hd__clkbuf_8)
                  0.08    0.17    0.59 ^ clkbuf_4_10_0_w_clk/X (sky130_fd_sc_hd__clkbuf_8)
    14    0.04                           clknet_4_10_0_w_clk (net)
                  0.08    0.00    0.59 ^ _0999_/CLK (sky130_fd_sc_hd__dfxtp_1)
                  0.05    0.31    0.89 ^ _0999_/Q (sky130_fd_sc_hd__dfxtp_1)
     2    0.00                           mem[7][5] (net)
                  0.05    0.00    0.89 ^ _0763_/A0 (sky130_fd_sc_hd__mux2_1)
                  0.04    0.11    1.00 ^ _0763_/X (sky130_fd_sc_hd__mux2_1)
     1    0.00                           _0370_ (net)
                  0.04    0.00    1.00 ^ _0764_/A (sky130_fd_sc_hd__clkbuf_1)
                  0.04    0.07    1.07 ^ _0764_/X (sky130_fd_sc_hd__clkbuf_1)
     1    0.00                           _0093_ (net)
                  0.04    0.00    1.07 ^ _0999_/D (sky130_fd_sc_hd__dfxtp_1)
                                  1.07   data arrival time

                          0.00    0.00   clock w_clk (rise edge)
                          0.00    0.00   clock source latency
                  0.27    0.19    0.19 ^ w_clk (in)
     1    0.06                           w_clk (net)
                  0.27    0.00    0.19 ^ clkbuf_0_w_clk/A (sky130_fd_sc_hd__clkbuf_16)
                  0.11    0.27    0.46 ^ clkbuf_0_w_clk/X (sky130_fd_sc_hd__clkbuf_16)
    16    0.09                           clknet_0_w_clk (net)
                  0.11    0.00    0.46 ^ clkbuf_4_10_0_w_clk/A (sky130_fd_sc_hd__clkbuf_8)
                  0.08    0.19    0.65 ^ clkbuf_4_10_0_w_clk/X (sky130_fd_sc_hd__clkbuf_8)
    14    0.04                           clknet_4_10_0_w_clk (net)
                  0.08    0.00    0.65 ^ _0999_/CLK (sky130_fd_sc_hd__dfxtp_1)
                          0.25    0.90   clock uncertainty
                         -0.06    0.84   clock reconvergence pessimism
                         -0.03    0.81   library hold time
                                  0.81   data required time
-----------------------------------------------------------------------------
                                  0.81   data required time
                                 -1.07   data arrival time
-----------------------------------------------------------------------------
                                  0.26   slack (MET)


Startpoint: _1014_ (rising edge-triggered flip-flop clocked by w_clk)
Endpoint: _1014_ (rising edge-triggered flip-flop clocked by w_clk)
Path Group: w_clk
Path Type: min

Fanout     Cap    Slew   Delay    Time   Description
-----------------------------------------------------------------------------
                          0.00    0.00   clock w_clk (rise edge)
                          0.00    0.00   clock source latency
                  0.27    0.18    0.18 ^ w_clk (in)
     1    0.06                           w_clk (net)
                  0.27    0.00    0.18 ^ clkbuf_0_w_clk/A (sky130_fd_sc_hd__clkbuf_16)
                  0.11    0.24    0.42 ^ clkbuf_0_w_clk/X (sky130_fd_sc_hd__clkbuf_16)
    16    0.09                           clknet_0_w_clk (net)
                  0.11    0.00    0.42 ^ clkbuf_4_8_0_w_clk/A (sky130_fd_sc_hd__clkbuf_8)
                  0.07    0.16    0.58 ^ clkbuf_4_8_0_w_clk/X (sky130_fd_sc_hd__clkbuf_8)
    11    0.03                           clknet_4_8_0_w_clk (net)
                  0.07    0.00    0.58 ^ _1014_/CLK (sky130_fd_sc_hd__dfxtp_1)
                  0.05    0.30    0.88 ^ _1014_/Q (sky130_fd_sc_hd__dfxtp_1)
     2    0.00                           mem[6][4] (net)
                  0.05    0.00    0.88 ^ _0797_/A0 (sky130_fd_sc_hd__mux2_1)
                  0.04    0.11    1.00 ^ _0797_/X (sky130_fd_sc_hd__mux2_1)
     1    0.00                           _0389_ (net)
                  0.04    0.00    1.00 ^ _0798_/A (sky130_fd_sc_hd__clkbuf_1)
                  0.04    0.07    1.06 ^ _0798_/X (sky130_fd_sc_hd__clkbuf_1)
     1    0.00                           _0108_ (net)
                  0.04    0.00    1.06 ^ _1014_/D (sky130_fd_sc_hd__dfxtp_1)
                                  1.06   data arrival time

                          0.00    0.00   clock w_clk (rise edge)
                          0.00    0.00   clock source latency
                  0.27    0.19    0.19 ^ w_clk (in)
     1    0.06                           w_clk (net)
                  0.27    0.00    0.19 ^ clkbuf_0_w_clk/A (sky130_fd_sc_hd__clkbuf_16)
                  0.11    0.27    0.46 ^ clkbuf_0_w_clk/X (sky130_fd_sc_hd__clkbuf_16)
    16    0.09                           clknet_0_w_clk (net)
                  0.11    0.00    0.46 ^ clkbuf_4_8_0_w_clk/A (sky130_fd_sc_hd__clkbuf_8)
                  0.07    0.18    0.64 ^ clkbuf_4_8_0_w_clk/X (sky130_fd_sc_hd__clkbuf_8)
    11    0.03                           clknet_4_8_0_w_clk (net)
                  0.07    0.00    0.64 ^ _1014_/CLK (sky130_fd_sc_hd__dfxtp_1)
                          0.25    0.89   clock uncertainty
                         -0.06    0.83   clock reconvergence pessimism
                         -0.03    0.80   library hold time
                                  0.80   data required time
-----------------------------------------------------------------------------
                                  0.80   data required time
                                 -1.06   data arrival time
-----------------------------------------------------------------------------
                                  0.26   slack (MET)


Startpoint: _0926_ (rising edge-triggered flip-flop clocked by w_clk)
Endpoint: _0926_ (rising edge-triggered flip-flop clocked by w_clk)
Path Group: w_clk
Path Type: min

Fanout     Cap    Slew   Delay    Time   Description
-----------------------------------------------------------------------------
                          0.00    0.00   clock w_clk (rise edge)
                          0.00    0.00   clock source latency
                  0.27    0.18    0.18 ^ w_clk (in)
     1    0.06                           w_clk (net)
                  0.27    0.00    0.18 ^ clkbuf_0_w_clk/A (sky130_fd_sc_hd__clkbuf_16)
                  0.11    0.24    0.42 ^ clkbuf_0_w_clk/X (sky130_fd_sc_hd__clkbuf_16)
    16    0.09                           clknet_0_w_clk (net)
                  0.11    0.00    0.42 ^ clkbuf_4_14_0_w_clk/A (sky130_fd_sc_hd__clkbuf_8)
                  0.07    0.16    0.58 ^ clkbuf_4_14_0_w_clk/X (sky130_fd_sc_hd__clkbuf_8)
    10    0.03                           clknet_4_14_0_w_clk (net)
                  0.07    0.00    0.58 ^ _0926_/CLK (sky130_fd_sc_hd__dfxtp_1)
                  0.05    0.30    0.88 ^ _0926_/Q (sky130_fd_sc_hd__dfxtp_1)
     2    0.00                           mem[14][4] (net)
                  0.05    0.00    0.88 ^ _0596_/A0 (sky130_fd_sc_hd__mux2_1)
                  0.05    0.11    0.99 ^ _0596_/X (sky130_fd_sc_hd__mux2_1)
     1    0.00                           _0276_ (net)
                  0.05    0.00    0.99 ^ _0597_/A (sky130_fd_sc_hd__clkbuf_1)
                  0.04    0.07    1.06 ^ _0597_/X (sky130_fd_sc_hd__clkbuf_1)
     1    0.00                           _0020_ (net)
                  0.04    0.00    1.06 ^ _0926_/D (sky130_fd_sc_hd__dfxtp_1)
                                  1.06   data arrival time

                          0.00    0.00   clock w_clk (rise edge)
                          0.00    0.00   clock source latency
                  0.27    0.19    0.19 ^ w_clk (in)
     1    0.06                           w_clk (net)
                  0.27    0.00    0.19 ^ clkbuf_0_w_clk/A (sky130_fd_sc_hd__clkbuf_16)
                  0.11    0.27    0.46 ^ clkbuf_0_w_clk/X (sky130_fd_sc_hd__clkbuf_16)
    16    0.09                           clknet_0_w_clk (net)
                  0.11    0.00    0.46 ^ clkbuf_4_14_0_w_clk/A (sky130_fd_sc_hd__clkbuf_8)
                  0.07    0.18    0.64 ^ clkbuf_4_14_0_w_clk/X (sky130_fd_sc_hd__clkbuf_8)
    10    0.03                           clknet_4_14_0_w_clk (net)
                  0.07    0.00    0.64 ^ _0926_/CLK (sky130_fd_sc_hd__dfxtp_1)
                          0.25    0.89   clock uncertainty
                         -0.06    0.83   clock reconvergence pessimism
                         -0.03    0.80   library hold time
                                  0.80   data required time
-----------------------------------------------------------------------------
                                  0.80   data required time
                                 -1.06   data arrival time
-----------------------------------------------------------------------------
                                  0.26   slack (MET)


Startpoint: _0988_ (rising edge-triggered flip-flop clocked by w_clk)
Endpoint: _0988_ (rising edge-triggered flip-flop clocked by w_clk)
Path Group: w_clk
Path Type: min

Fanout     Cap    Slew   Delay    Time   Description
-----------------------------------------------------------------------------
                          0.00    0.00   clock w_clk (rise edge)
                          0.00    0.00   clock source latency
                  0.27    0.18    0.18 ^ w_clk (in)
     1    0.06                           w_clk (net)
                  0.27    0.00    0.18 ^ clkbuf_0_w_clk/A (sky130_fd_sc_hd__clkbuf_16)
                  0.11    0.24    0.42 ^ clkbuf_0_w_clk/X (sky130_fd_sc_hd__clkbuf_16)
    16    0.09                           clknet_0_w_clk (net)
                  0.11    0.00    0.42 ^ clkbuf_4_7_0_w_clk/A (sky130_fd_sc_hd__clkbuf_8)
                  0.05    0.15    0.57 ^ clkbuf_4_7_0_w_clk/X (sky130_fd_sc_hd__clkbuf_8)
     8    0.02                           clknet_4_7_0_w_clk (net)
                  0.05    0.00    0.57 ^ _0988_/CLK (sky130_fd_sc_hd__dfxtp_1)
                  0.05    0.30    0.86 ^ _0988_/Q (sky130_fd_sc_hd__dfxtp_1)
     2    0.00                           mem[8][2] (net)
                  0.05    0.00    0.86 ^ _0740_/A0 (sky130_fd_sc_hd__mux2_1)
                  0.04    0.11    0.98 ^ _0740_/X (sky130_fd_sc_hd__mux2_1)
     1    0.00                           _0358_ (net)
                  0.04    0.00    0.98 ^ _0741_/A (sky130_fd_sc_hd__clkbuf_1)
                  0.04    0.07    1.05 ^ _0741_/X (sky130_fd_sc_hd__clkbuf_1)
     1    0.00                           _0082_ (net)
                  0.04    0.00    1.05 ^ _0988_/D (sky130_fd_sc_hd__dfxtp_1)
                                  1.05   data arrival time

                          0.00    0.00   clock w_clk (rise edge)
                          0.00    0.00   clock source latency
                  0.27    0.19    0.19 ^ w_clk (in)
     1    0.06                           w_clk (net)
                  0.27    0.00    0.19 ^ clkbuf_0_w_clk/A (sky130_fd_sc_hd__clkbuf_16)
                  0.11    0.27    0.46 ^ clkbuf_0_w_clk/X (sky130_fd_sc_hd__clkbuf_16)
    16    0.09                           clknet_0_w_clk (net)
                  0.11    0.00    0.46 ^ clkbuf_4_7_0_w_clk/A (sky130_fd_sc_hd__clkbuf_8)
                  0.05    0.17    0.63 ^ clkbuf_4_7_0_w_clk/X (sky130_fd_sc_hd__clkbuf_8)
     8    0.02                           clknet_4_7_0_w_clk (net)
                  0.05    0.00    0.63 ^ _0988_/CLK (sky130_fd_sc_hd__dfxtp_1)
                          0.25    0.88   clock uncertainty
                         -0.06    0.82   clock reconvergence pessimism
                         -0.03    0.79   library hold time
                                  0.79   data required time
-----------------------------------------------------------------------------
                                  0.79   data required time
                                 -1.05   data arrival time
-----------------------------------------------------------------------------
                                  0.26   slack (MET)


Startpoint: _1015_ (rising edge-triggered flip-flop clocked by w_clk)
Endpoint: _1015_ (rising edge-triggered flip-flop clocked by w_clk)
Path Group: w_clk
Path Type: min

Fanout     Cap    Slew   Delay    Time   Description
-----------------------------------------------------------------------------
                          0.00    0.00   clock w_clk (rise edge)
                          0.00    0.00   clock source latency
                  0.27    0.18    0.18 ^ w_clk (in)
     1    0.06                           w_clk (net)
                  0.27    0.00    0.18 ^ clkbuf_0_w_clk/A (sky130_fd_sc_hd__clkbuf_16)
                  0.11    0.24    0.42 ^ clkbuf_0_w_clk/X (sky130_fd_sc_hd__clkbuf_16)
    16    0.09                           clknet_0_w_clk (net)
                  0.11    0.00    0.42 ^ clkbuf_4_10_0_w_clk/A (sky130_fd_sc_hd__clkbuf_8)
                  0.08    0.17    0.59 ^ clkbuf_4_10_0_w_clk/X (sky130_fd_sc_hd__clkbuf_8)
    14    0.04                           clknet_4_10_0_w_clk (net)
                  0.08    0.00    0.59 ^ _1015_/CLK (sky130_fd_sc_hd__dfxtp_1)
                  0.05    0.31    0.89 ^ _1015_/Q (sky130_fd_sc_hd__dfxtp_1)
     2    0.00                           mem[6][5] (net)
                  0.05    0.00    0.89 ^ _0799_/A0 (sky130_fd_sc_hd__mux2_1)
                  0.04    0.11    1.00 ^ _0799_/X (sky130_fd_sc_hd__mux2_1)
     1    0.00                           _0390_ (net)
                  0.04    0.00    1.00 ^ _0800_/A (sky130_fd_sc_hd__clkbuf_1)
                  0.04    0.07    1.07 ^ _0800_/X (sky130_fd_sc_hd__clkbuf_1)
     1    0.00                           _0109_ (net)
                  0.04    0.00    1.07 ^ _1015_/D (sky130_fd_sc_hd__dfxtp_1)
                                  1.07   data arrival time

                          0.00    0.00   clock w_clk (rise edge)
                          0.00    0.00   clock source latency
                  0.27    0.19    0.19 ^ w_clk (in)
     1    0.06                           w_clk (net)
                  0.27    0.00    0.19 ^ clkbuf_0_w_clk/A (sky130_fd_sc_hd__clkbuf_16)
                  0.11    0.27    0.46 ^ clkbuf_0_w_clk/X (sky130_fd_sc_hd__clkbuf_16)
    16    0.09                           clknet_0_w_clk (net)
                  0.11    0.00    0.46 ^ clkbuf_4_10_0_w_clk/A (sky130_fd_sc_hd__clkbuf_8)
                  0.08    0.19    0.65 ^ clkbuf_4_10_0_w_clk/X (sky130_fd_sc_hd__clkbuf_8)
    14    0.04                           clknet_4_10_0_w_clk (net)
                  0.08    0.00    0.65 ^ _1015_/CLK (sky130_fd_sc_hd__dfxtp_1)
                          0.25    0.90   clock uncertainty
                         -0.06    0.84   clock reconvergence pessimism
                         -0.03    0.81   library hold time
                                  0.81   data required time
-----------------------------------------------------------------------------
                                  0.81   data required time
                                 -1.07   data arrival time
-----------------------------------------------------------------------------
                                  0.26   slack (MET)


Startpoint: _0955_ (rising edge-triggered flip-flop clocked by w_clk)
Endpoint: _0955_ (rising edge-triggered flip-flop clocked by w_clk)
Path Group: w_clk
Path Type: min

Fanout     Cap    Slew   Delay    Time   Description
-----------------------------------------------------------------------------
                          0.00    0.00   clock w_clk (rise edge)
                          0.00    0.00   clock source latency
                  0.27    0.18    0.18 ^ w_clk (in)
     1    0.06                           w_clk (net)
                  0.27    0.00    0.18 ^ clkbuf_0_w_clk/A (sky130_fd_sc_hd__clkbuf_16)
                  0.11    0.24    0.42 ^ clkbuf_0_w_clk/X (sky130_fd_sc_hd__clkbuf_16)
    16    0.09                           clknet_0_w_clk (net)
                  0.11    0.00    0.42 ^ clkbuf_4_4_0_w_clk/A (sky130_fd_sc_hd__clkbuf_8)
                  0.05    0.14    0.56 ^ clkbuf_4_4_0_w_clk/X (sky130_fd_sc_hd__clkbuf_8)
     6    0.02                           clknet_4_4_0_w_clk (net)
                  0.05    0.00    0.56 ^ _0955_/CLK (sky130_fd_sc_hd__dfxtp_1)
                  0.05    0.30    0.86 ^ _0955_/Q (sky130_fd_sc_hd__dfxtp_1)
     2    0.00                           mem[11][1] (net)
                  0.05    0.00    0.86 ^ _0663_/A0 (sky130_fd_sc_hd__mux2_1)
                  0.04    0.11    0.97 ^ _0663_/X (sky130_fd_sc_hd__mux2_1)
     1    0.00                           _0314_ (net)
                  0.04    0.00    0.97 ^ _0664_/A (sky130_fd_sc_hd__clkbuf_1)
                  0.05    0.08    1.04 ^ _0664_/X (sky130_fd_sc_hd__clkbuf_1)
     1    0.00                           _0049_ (net)
                  0.05    0.00    1.04 ^ _0955_/D (sky130_fd_sc_hd__dfxtp_1)
                                  1.04   data arrival time

                          0.00    0.00   clock w_clk (rise edge)
                          0.00    0.00   clock source latency
                  0.27    0.19    0.19 ^ w_clk (in)
     1    0.06                           w_clk (net)
                  0.27    0.00    0.19 ^ clkbuf_0_w_clk/A (sky130_fd_sc_hd__clkbuf_16)
                  0.11    0.27    0.46 ^ clkbuf_0_w_clk/X (sky130_fd_sc_hd__clkbuf_16)
    16    0.09                           clknet_0_w_clk (net)
                  0.11    0.00    0.46 ^ clkbuf_4_4_0_w_clk/A (sky130_fd_sc_hd__clkbuf_8)
                  0.05    0.16    0.62 ^ clkbuf_4_4_0_w_clk/X (sky130_fd_sc_hd__clkbuf_8)
     6    0.02                           clknet_4_4_0_w_clk (net)
                  0.05    0.00    0.62 ^ _0955_/CLK (sky130_fd_sc_hd__dfxtp_1)
                          0.25    0.87   clock uncertainty
                         -0.06    0.81   clock reconvergence pessimism
                         -0.03    0.78   library hold time
                                  0.78   data required time
-----------------------------------------------------------------------------
                                  0.78   data required time
                                 -1.04   data arrival time
-----------------------------------------------------------------------------
                                  0.26   slack (MET)


Startpoint: _1001_ (rising edge-triggered flip-flop clocked by w_clk)
Endpoint: _1001_ (rising edge-triggered flip-flop clocked by w_clk)
Path Group: w_clk
Path Type: min

Fanout     Cap    Slew   Delay    Time   Description
-----------------------------------------------------------------------------
                          0.00    0.00   clock w_clk (rise edge)
                          0.00    0.00   clock source latency
                  0.27    0.18    0.18 ^ w_clk (in)
     1    0.06                           w_clk (net)
                  0.27    0.00    0.18 ^ clkbuf_0_w_clk/A (sky130_fd_sc_hd__clkbuf_16)
                  0.11    0.24    0.42 ^ clkbuf_0_w_clk/X (sky130_fd_sc_hd__clkbuf_16)
    16    0.09                           clknet_0_w_clk (net)
                  0.11    0.00    0.42 ^ clkbuf_4_10_0_w_clk/A (sky130_fd_sc_hd__clkbuf_8)
                  0.08    0.17    0.59 ^ clkbuf_4_10_0_w_clk/X (sky130_fd_sc_hd__clkbuf_8)
    14    0.04                           clknet_4_10_0_w_clk (net)
                  0.08    0.00    0.59 ^ _1001_/CLK (sky130_fd_sc_hd__dfxtp_1)
                  0.05    0.31    0.89 ^ _1001_/Q (sky130_fd_sc_hd__dfxtp_1)
     2    0.00                           mem[7][7] (net)
                  0.05    0.00    0.89 ^ _0767_/A0 (sky130_fd_sc_hd__mux2_1)
                  0.04    0.11    1.00 ^ _0767_/X (sky130_fd_sc_hd__mux2_1)
     1    0.00                           _0372_ (net)
                  0.04    0.00    1.00 ^ _0768_/A (sky130_fd_sc_hd__clkbuf_1)
                  0.04    0.07    1.07 ^ _0768_/X (sky130_fd_sc_hd__clkbuf_1)
     1    0.00                           _0095_ (net)
                  0.04    0.00    1.07 ^ _1001_/D (sky130_fd_sc_hd__dfxtp_1)
                                  1.07   data arrival time

                          0.00    0.00   clock w_clk (rise edge)
                          0.00    0.00   clock source latency
                  0.27    0.19    0.19 ^ w_clk (in)
     1    0.06                           w_clk (net)
                  0.27    0.00    0.19 ^ clkbuf_0_w_clk/A (sky130_fd_sc_hd__clkbuf_16)
                  0.11    0.27    0.46 ^ clkbuf_0_w_clk/X (sky130_fd_sc_hd__clkbuf_16)
    16    0.09                           clknet_0_w_clk (net)
                  0.11    0.00    0.46 ^ clkbuf_4_10_0_w_clk/A (sky130_fd_sc_hd__clkbuf_8)
                  0.08    0.19    0.65 ^ clkbuf_4_10_0_w_clk/X (sky130_fd_sc_hd__clkbuf_8)
    14    0.04                           clknet_4_10_0_w_clk (net)
                  0.08    0.00    0.65 ^ _1001_/CLK (sky130_fd_sc_hd__dfxtp_1)
                          0.25    0.90   clock uncertainty
                         -0.06    0.84   clock reconvergence pessimism
                         -0.03    0.81   library hold time
                                  0.81   data required time
-----------------------------------------------------------------------------
                                  0.81   data required time
                                 -1.07   data arrival time
-----------------------------------------------------------------------------
                                  0.26   slack (MET)


Startpoint: _1026_ (rising edge-triggered flip-flop clocked by w_clk)
Endpoint: _1026_ (rising edge-triggered flip-flop clocked by w_clk)
Path Group: w_clk
Path Type: min

Fanout     Cap    Slew   Delay    Time   Description
-----------------------------------------------------------------------------
                          0.00    0.00   clock w_clk (rise edge)
                          0.00    0.00   clock source latency
                  0.27    0.18    0.18 ^ w_clk (in)
     1    0.06                           w_clk (net)
                  0.27    0.00    0.18 ^ clkbuf_0_w_clk/A (sky130_fd_sc_hd__clkbuf_16)
                  0.11    0.24    0.42 ^ clkbuf_0_w_clk/X (sky130_fd_sc_hd__clkbuf_16)
    16    0.09                           clknet_0_w_clk (net)
                  0.11    0.00    0.42 ^ clkbuf_4_11_0_w_clk/A (sky130_fd_sc_hd__clkbuf_8)
                  0.06    0.16    0.57 ^ clkbuf_4_11_0_w_clk/X (sky130_fd_sc_hd__clkbuf_8)
    10    0.03                           clknet_4_11_0_w_clk (net)
                  0.06    0.00    0.57 ^ _1026_/CLK (sky130_fd_sc_hd__dfxtp_1)
                  0.06    0.30    0.87 ^ _1026_/Q (sky130_fd_sc_hd__dfxtp_1)
     2    0.00                           mem[4][3] (net)
                  0.06    0.00    0.87 ^ _0825_/A0 (sky130_fd_sc_hd__mux2_1)
                  0.04    0.11    0.99 ^ _0825_/X (sky130_fd_sc_hd__mux2_1)
     1    0.00                           _0405_ (net)
                  0.04    0.00    0.99 ^ _0826_/A (sky130_fd_sc_hd__clkbuf_1)
                  0.04    0.07    1.06 ^ _0826_/X (sky130_fd_sc_hd__clkbuf_1)
     1    0.00                           _0120_ (net)
                  0.04    0.00    1.06 ^ _1026_/D (sky130_fd_sc_hd__dfxtp_1)
                                  1.06   data arrival time

                          0.00    0.00   clock w_clk (rise edge)
                          0.00    0.00   clock source latency
                  0.27    0.19    0.19 ^ w_clk (in)
     1    0.06                           w_clk (net)
                  0.27    0.00    0.19 ^ clkbuf_0_w_clk/A (sky130_fd_sc_hd__clkbuf_16)
                  0.11    0.27    0.46 ^ clkbuf_0_w_clk/X (sky130_fd_sc_hd__clkbuf_16)
    16    0.09                           clknet_0_w_clk (net)
                  0.11    0.00    0.46 ^ clkbuf_4_11_0_w_clk/A (sky130_fd_sc_hd__clkbuf_8)
                  0.06    0.17    0.63 ^ clkbuf_4_11_0_w_clk/X (sky130_fd_sc_hd__clkbuf_8)
    10    0.03                           clknet_4_11_0_w_clk (net)
                  0.06    0.00    0.63 ^ _1026_/CLK (sky130_fd_sc_hd__dfxtp_1)
                          0.25    0.88   clock uncertainty
                         -0.06    0.82   clock reconvergence pessimism
                         -0.03    0.80   library hold time
                                  0.80   data required time
-----------------------------------------------------------------------------
                                  0.80   data required time
                                 -1.06   data arrival time
-----------------------------------------------------------------------------
                                  0.26   slack (MET)


Startpoint: _1067_ (rising edge-triggered flip-flop clocked by w_clk)
Endpoint: _1067_ (rising edge-triggered flip-flop clocked by w_clk)
Path Group: w_clk
Path Type: min

Fanout     Cap    Slew   Delay    Time   Description
-----------------------------------------------------------------------------
                          0.00    0.00   clock w_clk (rise edge)
                          0.00    0.00   clock source latency
                  0.27    0.18    0.18 ^ w_clk (in)
     1    0.06                           w_clk (net)
                  0.27    0.00    0.18 ^ clkbuf_0_w_clk/A (sky130_fd_sc_hd__clkbuf_16)
                  0.11    0.24    0.42 ^ clkbuf_0_w_clk/X (sky130_fd_sc_hd__clkbuf_16)
    16    0.09                           clknet_0_w_clk (net)
                  0.11    0.00    0.42 ^ clkbuf_4_15_0_w_clk/A (sky130_fd_sc_hd__clkbuf_8)
                  0.07    0.16    0.58 ^ clkbuf_4_15_0_w_clk/X (sky130_fd_sc_hd__clkbuf_8)
    12    0.03                           clknet_4_15_0_w_clk (net)
                  0.07    0.00    0.58 ^ _1067_/CLK (sky130_fd_sc_hd__dfxtp_1)
                  0.05    0.30    0.88 ^ _1067_/Q (sky130_fd_sc_hd__dfxtp_1)
     2    0.00                           mem[15][3] (net)
                  0.05    0.00    0.88 ^ _0878_/A0 (sky130_fd_sc_hd__mux2_1)
                  0.04    0.11    0.99 ^ _0878_/X (sky130_fd_sc_hd__mux2_1)
     1    0.00                           _0437_ (net)
                  0.04    0.00    0.99 ^ _0879_/A (sky130_fd_sc_hd__clkbuf_1)
                  0.04    0.07    1.07 ^ _0879_/X (sky130_fd_sc_hd__clkbuf_1)
     1    0.00                           _0141_ (net)
                  0.04    0.00    1.07 ^ _1067_/D (sky130_fd_sc_hd__dfxtp_1)
                                  1.07   data arrival time

                          0.00    0.00   clock w_clk (rise edge)
                          0.00    0.00   clock source latency
                  0.27    0.19    0.19 ^ w_clk (in)
     1    0.06                           w_clk (net)
                  0.27    0.00    0.19 ^ clkbuf_0_w_clk/A (sky130_fd_sc_hd__clkbuf_16)
                  0.11    0.27    0.46 ^ clkbuf_0_w_clk/X (sky130_fd_sc_hd__clkbuf_16)
    16    0.09                           clknet_0_w_clk (net)
                  0.11    0.00    0.46 ^ clkbuf_4_15_0_w_clk/A (sky130_fd_sc_hd__clkbuf_8)
                  0.07    0.18    0.64 ^ clkbuf_4_15_0_w_clk/X (sky130_fd_sc_hd__clkbuf_8)
    12    0.03                           clknet_4_15_0_w_clk (net)
                  0.07    0.00    0.64 ^ _1067_/CLK (sky130_fd_sc_hd__dfxtp_1)
                          0.25    0.89   clock uncertainty
                         -0.06    0.83   clock reconvergence pessimism
                         -0.03    0.80   library hold time
                                  0.80   data required time
-----------------------------------------------------------------------------
                                  0.80   data required time
                                 -1.07   data arrival time
-----------------------------------------------------------------------------
                                  0.26   slack (MET)


Startpoint: _1000_ (rising edge-triggered flip-flop clocked by w_clk)
Endpoint: _1000_ (rising edge-triggered flip-flop clocked by w_clk)
Path Group: w_clk
Path Type: min

Fanout     Cap    Slew   Delay    Time   Description
-----------------------------------------------------------------------------
                          0.00    0.00   clock w_clk (rise edge)
                          0.00    0.00   clock source latency
                  0.27    0.18    0.18 ^ w_clk (in)
     1    0.06                           w_clk (net)
                  0.27    0.00    0.18 ^ clkbuf_0_w_clk/A (sky130_fd_sc_hd__clkbuf_16)
                  0.11    0.24    0.42 ^ clkbuf_0_w_clk/X (sky130_fd_sc_hd__clkbuf_16)
    16    0.09                           clknet_0_w_clk (net)
                  0.11    0.00    0.42 ^ clkbuf_4_2_0_w_clk/A (sky130_fd_sc_hd__clkbuf_8)
                  0.07    0.16    0.58 ^ clkbuf_4_2_0_w_clk/X (sky130_fd_sc_hd__clkbuf_8)
    11    0.03                           clknet_4_2_0_w_clk (net)
                  0.07    0.00    0.58 ^ _1000_/CLK (sky130_fd_sc_hd__dfxtp_1)
                  0.06    0.30    0.88 ^ _1000_/Q (sky130_fd_sc_hd__dfxtp_1)
     2    0.00                           mem[7][6] (net)
                  0.06    0.00    0.88 ^ _0765_/A0 (sky130_fd_sc_hd__mux2_1)
                  0.04    0.11    0.99 ^ _0765_/X (sky130_fd_sc_hd__mux2_1)
     1    0.00                           _0371_ (net)
                  0.04    0.00    0.99 ^ _0766_/A (sky130_fd_sc_hd__clkbuf_1)
                  0.04    0.07    1.06 ^ _0766_/X (sky130_fd_sc_hd__clkbuf_1)
     1    0.00                           _0094_ (net)
                  0.04    0.00    1.06 ^ _1000_/D (sky130_fd_sc_hd__dfxtp_1)
                                  1.06   data arrival time

                          0.00    0.00   clock w_clk (rise edge)
                          0.00    0.00   clock source latency
                  0.27    0.19    0.19 ^ w_clk (in)
     1    0.06                           w_clk (net)
                  0.27    0.00    0.19 ^ clkbuf_0_w_clk/A (sky130_fd_sc_hd__clkbuf_16)
                  0.11    0.27    0.46 ^ clkbuf_0_w_clk/X (sky130_fd_sc_hd__clkbuf_16)
    16    0.09                           clknet_0_w_clk (net)
                  0.11    0.00    0.46 ^ clkbuf_4_2_0_w_clk/A (sky130_fd_sc_hd__clkbuf_8)
                  0.07    0.18    0.64 ^ clkbuf_4_2_0_w_clk/X (sky130_fd_sc_hd__clkbuf_8)
    11    0.03                           clknet_4_2_0_w_clk (net)
                  0.07    0.00    0.64 ^ _1000_/CLK (sky130_fd_sc_hd__dfxtp_1)
                          0.25    0.89   clock uncertainty
                         -0.06    0.83   clock reconvergence pessimism
                         -0.03    0.80   library hold time
                                  0.80   data required time
-----------------------------------------------------------------------------
                                  0.80   data required time
                                 -1.06   data arrival time
-----------------------------------------------------------------------------
                                  0.26   slack (MET)


Startpoint: _0948_ (rising edge-triggered flip-flop clocked by w_clk)
Endpoint: _0948_ (rising edge-triggered flip-flop clocked by w_clk)
Path Group: w_clk
Path Type: min

Fanout     Cap    Slew   Delay    Time   Description
-----------------------------------------------------------------------------
                          0.00    0.00   clock w_clk (rise edge)
                          0.00    0.00   clock source latency
                  0.27    0.18    0.18 ^ w_clk (in)
     1    0.06                           w_clk (net)
                  0.27    0.00    0.18 ^ clkbuf_0_w_clk/A (sky130_fd_sc_hd__clkbuf_16)
                  0.11    0.24    0.42 ^ clkbuf_0_w_clk/X (sky130_fd_sc_hd__clkbuf_16)
    16    0.09                           clknet_0_w_clk (net)
                  0.11    0.00    0.42 ^ clkbuf_4_13_0_w_clk/A (sky130_fd_sc_hd__clkbuf_8)
                  0.07    0.16    0.58 ^ clkbuf_4_13_0_w_clk/X (sky130_fd_sc_hd__clkbuf_8)
    11    0.03                           clknet_4_13_0_w_clk (net)
                  0.07    0.00    0.58 ^ _0948_/CLK (sky130_fd_sc_hd__dfxtp_1)
                  0.05    0.30    0.88 ^ _0948_/Q (sky130_fd_sc_hd__dfxtp_1)
     2    0.00                           mem[12][2] (net)
                  0.05    0.00    0.88 ^ _0647_/A0 (sky130_fd_sc_hd__mux2_1)
                  0.04    0.11    0.99 ^ _0647_/X (sky130_fd_sc_hd__mux2_1)
     1    0.00                           _0305_ (net)
                  0.04    0.00    0.99 ^ _0648_/A (sky130_fd_sc_hd__clkbuf_1)
                  0.04    0.07    1.06 ^ _0648_/X (sky130_fd_sc_hd__clkbuf_1)
     1    0.00                           _0042_ (net)
                  0.04    0.00    1.06 ^ _0948_/D (sky130_fd_sc_hd__dfxtp_1)
                                  1.06   data arrival time

                          0.00    0.00   clock w_clk (rise edge)
                          0.00    0.00   clock source latency
                  0.27    0.19    0.19 ^ w_clk (in)
     1    0.06                           w_clk (net)
                  0.27    0.00    0.19 ^ clkbuf_0_w_clk/A (sky130_fd_sc_hd__clkbuf_16)
                  0.11    0.27    0.46 ^ clkbuf_0_w_clk/X (sky130_fd_sc_hd__clkbuf_16)
    16    0.09                           clknet_0_w_clk (net)
                  0.11    0.00    0.46 ^ clkbuf_4_13_0_w_clk/A (sky130_fd_sc_hd__clkbuf_8)
                  0.07    0.18    0.64 ^ clkbuf_4_13_0_w_clk/X (sky130_fd_sc_hd__clkbuf_8)
    11    0.03                           clknet_4_13_0_w_clk (net)
                  0.07    0.00    0.64 ^ _0948_/CLK (sky130_fd_sc_hd__dfxtp_1)
                          0.25    0.89   clock uncertainty
                         -0.06    0.83   clock reconvergence pessimism
                         -0.03    0.80   library hold time
                                  0.80   data required time
-----------------------------------------------------------------------------
                                  0.80   data required time
                                 -1.06   data arrival time
-----------------------------------------------------------------------------
                                  0.26   slack (MET)


Startpoint: _0913_ (rising edge-triggered flip-flop clocked by w_clk)
Endpoint: _0913_ (rising edge-triggered flip-flop clocked by w_clk)
Path Group: w_clk
Path Type: min

Fanout     Cap    Slew   Delay    Time   Description
-----------------------------------------------------------------------------
                          0.00    0.00   clock w_clk (rise edge)
                          0.00    0.00   clock source latency
                  0.27    0.18    0.18 ^ w_clk (in)
     1    0.06                           w_clk (net)
                  0.27    0.00    0.18 ^ clkbuf_0_w_clk/A (sky130_fd_sc_hd__clkbuf_16)
                  0.11    0.24    0.42 ^ clkbuf_0_w_clk/X (sky130_fd_sc_hd__clkbuf_16)
    16    0.09                           clknet_0_w_clk (net)
                  0.11    0.00    0.42 ^ clkbuf_4_10_0_w_clk/A (sky130_fd_sc_hd__clkbuf_8)
                  0.08    0.17    0.59 ^ clkbuf_4_10_0_w_clk/X (sky130_fd_sc_hd__clkbuf_8)
    14    0.04                           clknet_4_10_0_w_clk (net)
                  0.08    0.00    0.59 ^ _0913_/CLK (sky130_fd_sc_hd__dfxtp_1)
                  0.05    0.30    0.89 ^ _0913_/Q (sky130_fd_sc_hd__dfxtp_1)
     2    0.00                           mem[5][7] (net)
                  0.05    0.00    0.89 ^ _0504_/A0 (sky130_fd_sc_hd__mux2_1)
                  0.04    0.11    1.00 ^ _0504_/X (sky130_fd_sc_hd__mux2_1)
     1    0.00                           _0197_ (net)
                  0.04    0.00    1.00 ^ _0505_/A (sky130_fd_sc_hd__clkbuf_1)
                  0.04    0.07    1.08 ^ _0505_/X (sky130_fd_sc_hd__clkbuf_1)
     1    0.00                           _0007_ (net)
                  0.04    0.00    1.08 ^ _0913_/D (sky130_fd_sc_hd__dfxtp_1)
                                  1.08   data arrival time

                          0.00    0.00   clock w_clk (rise edge)
                          0.00    0.00   clock source latency
                  0.27    0.19    0.19 ^ w_clk (in)
     1    0.06                           w_clk (net)
                  0.27    0.00    0.19 ^ clkbuf_0_w_clk/A (sky130_fd_sc_hd__clkbuf_16)
                  0.11    0.27    0.46 ^ clkbuf_0_w_clk/X (sky130_fd_sc_hd__clkbuf_16)
    16    0.09                           clknet_0_w_clk (net)
                  0.11    0.00    0.46 ^ clkbuf_4_10_0_w_clk/A (sky130_fd_sc_hd__clkbuf_8)
                  0.08    0.19    0.65 ^ clkbuf_4_10_0_w_clk/X (sky130_fd_sc_hd__clkbuf_8)
    14    0.04                           clknet_4_10_0_w_clk (net)
                  0.08    0.00    0.65 ^ _0913_/CLK (sky130_fd_sc_hd__dfxtp_1)
                          0.25    0.90   clock uncertainty
                         -0.06    0.84   clock reconvergence pessimism
                         -0.03    0.81   library hold time
                                  0.81   data required time
-----------------------------------------------------------------------------
                                  0.81   data required time
                                 -1.08   data arrival time
-----------------------------------------------------------------------------
                                  0.26   slack (MET)


Startpoint: _1066_ (rising edge-triggered flip-flop clocked by w_clk)
Endpoint: _1066_ (rising edge-triggered flip-flop clocked by w_clk)
Path Group: w_clk
Path Type: min

Fanout     Cap    Slew   Delay    Time   Description
-----------------------------------------------------------------------------
                          0.00    0.00   clock w_clk (rise edge)
                          0.00    0.00   clock source latency
                  0.27    0.18    0.18 ^ w_clk (in)
     1    0.06                           w_clk (net)
                  0.27    0.00    0.18 ^ clkbuf_0_w_clk/A (sky130_fd_sc_hd__clkbuf_16)
                  0.11    0.24    0.42 ^ clkbuf_0_w_clk/X (sky130_fd_sc_hd__clkbuf_16)
    16    0.09                           clknet_0_w_clk (net)
                  0.11    0.00    0.42 ^ clkbuf_4_13_0_w_clk/A (sky130_fd_sc_hd__clkbuf_8)
                  0.07    0.16    0.58 ^ clkbuf_4_13_0_w_clk/X (sky130_fd_sc_hd__clkbuf_8)
    11    0.03                           clknet_4_13_0_w_clk (net)
                  0.07    0.00    0.58 ^ _1066_/CLK (sky130_fd_sc_hd__dfxtp_1)
                  0.06    0.31    0.88 ^ _1066_/Q (sky130_fd_sc_hd__dfxtp_1)
     2    0.01                           mem[15][2] (net)
                  0.06    0.00    0.88 ^ _0876_/A0 (sky130_fd_sc_hd__mux2_1)
                  0.04    0.11    0.99 ^ _0876_/X (sky130_fd_sc_hd__mux2_1)
     1    0.00                           _0436_ (net)
                  0.04    0.00    0.99 ^ _0877_/A (sky130_fd_sc_hd__clkbuf_1)
                  0.04    0.07    1.06 ^ _0877_/X (sky130_fd_sc_hd__clkbuf_1)
     1    0.00                           _0140_ (net)
                  0.04    0.00    1.06 ^ _1066_/D (sky130_fd_sc_hd__dfxtp_1)
                                  1.06   data arrival time

                          0.00    0.00   clock w_clk (rise edge)
                          0.00    0.00   clock source latency
                  0.27    0.19    0.19 ^ w_clk (in)
     1    0.06                           w_clk (net)
                  0.27    0.00    0.19 ^ clkbuf_0_w_clk/A (sky130_fd_sc_hd__clkbuf_16)
                  0.11    0.27    0.46 ^ clkbuf_0_w_clk/X (sky130_fd_sc_hd__clkbuf_16)
    16    0.09                           clknet_0_w_clk (net)
                  0.11    0.00    0.46 ^ clkbuf_4_13_0_w_clk/A (sky130_fd_sc_hd__clkbuf_8)
                  0.07    0.18    0.64 ^ clkbuf_4_13_0_w_clk/X (sky130_fd_sc_hd__clkbuf_8)
    11    0.03                           clknet_4_13_0_w_clk (net)
                  0.07    0.00    0.64 ^ _1066_/CLK (sky130_fd_sc_hd__dfxtp_1)
                          0.25    0.89   clock uncertainty
                         -0.06    0.83   clock reconvergence pessimism
                         -0.03    0.80   library hold time
                                  0.80   data required time
-----------------------------------------------------------------------------
                                  0.80   data required time
                                 -1.06   data arrival time
-----------------------------------------------------------------------------
                                  0.26   slack (MET)


Startpoint: _0984_ (rising edge-triggered flip-flop clocked by w_clk)
Endpoint: _0984_ (rising edge-triggered flip-flop clocked by w_clk)
Path Group: w_clk
Path Type: min

Fanout     Cap    Slew   Delay    Time   Description
-----------------------------------------------------------------------------
                          0.00    0.00   clock w_clk (rise edge)
                          0.00    0.00   clock source latency
                  0.27    0.18    0.18 ^ w_clk (in)
     1    0.06                           w_clk (net)
                  0.27    0.00    0.18 ^ clkbuf_0_w_clk/A (sky130_fd_sc_hd__clkbuf_16)
                  0.11    0.24    0.42 ^ clkbuf_0_w_clk/X (sky130_fd_sc_hd__clkbuf_16)
    16    0.09                           clknet_0_w_clk (net)
                  0.11    0.00    0.42 ^ clkbuf_4_3_0_w_clk/A (sky130_fd_sc_hd__clkbuf_8)
                  0.05    0.14    0.56 ^ clkbuf_4_3_0_w_clk/X (sky130_fd_sc_hd__clkbuf_8)
     6    0.02                           clknet_4_3_0_w_clk (net)
                  0.05    0.00    0.56 ^ _0984_/CLK (sky130_fd_sc_hd__dfxtp_1)
                  0.06    0.30    0.86 ^ _0984_/Q (sky130_fd_sc_hd__dfxtp_1)
     2    0.00                           mem[2][6] (net)
                  0.06    0.00    0.86 ^ _0730_/A0 (sky130_fd_sc_hd__mux2_1)
                  0.04    0.11    0.97 ^ _0730_/X (sky130_fd_sc_hd__mux2_1)
     1    0.00                           _0352_ (net)
                  0.04    0.00    0.97 ^ _0731_/A (sky130_fd_sc_hd__clkbuf_1)
                  0.04    0.07    1.04 ^ _0731_/X (sky130_fd_sc_hd__clkbuf_1)
     1    0.00                           _0078_ (net)
                  0.04    0.00    1.04 ^ _0984_/D (sky130_fd_sc_hd__dfxtp_1)
                                  1.04   data arrival time

                          0.00    0.00   clock w_clk (rise edge)
                          0.00    0.00   clock source latency
                  0.27    0.19    0.19 ^ w_clk (in)
     1    0.06                           w_clk (net)
                  0.27    0.00    0.19 ^ clkbuf_0_w_clk/A (sky130_fd_sc_hd__clkbuf_16)
                  0.11    0.27    0.46 ^ clkbuf_0_w_clk/X (sky130_fd_sc_hd__clkbuf_16)
    16    0.09                           clknet_0_w_clk (net)
                  0.11    0.00    0.46 ^ clkbuf_4_3_0_w_clk/A (sky130_fd_sc_hd__clkbuf_8)
                  0.05    0.16    0.62 ^ clkbuf_4_3_0_w_clk/X (sky130_fd_sc_hd__clkbuf_8)
     6    0.02                           clknet_4_3_0_w_clk (net)
                  0.05    0.00    0.62 ^ _0984_/CLK (sky130_fd_sc_hd__dfxtp_1)
                          0.25    0.87   clock uncertainty
                         -0.06    0.81   clock reconvergence pessimism
                         -0.03    0.78   library hold time
                                  0.78   data required time
-----------------------------------------------------------------------------
                                  0.78   data required time
                                 -1.04   data arrival time
-----------------------------------------------------------------------------
                                  0.26   slack (MET)


Startpoint: _1076_ (rising edge-triggered flip-flop clocked by w_clk)
Endpoint: _1076_ (rising edge-triggered flip-flop clocked by w_clk)
Path Group: w_clk
Path Type: min

Fanout     Cap    Slew   Delay    Time   Description
-----------------------------------------------------------------------------
                          0.00    0.00   clock w_clk (rise edge)
                          0.00    0.00   clock source latency
                  0.27    0.18    0.18 ^ w_clk (in)
     1    0.06                           w_clk (net)
                  0.27    0.00    0.18 ^ clkbuf_0_w_clk/A (sky130_fd_sc_hd__clkbuf_16)
                  0.11    0.24    0.42 ^ clkbuf_0_w_clk/X (sky130_fd_sc_hd__clkbuf_16)
    16    0.09                           clknet_0_w_clk (net)
                  0.11    0.00    0.42 ^ clkbuf_4_14_0_w_clk/A (sky130_fd_sc_hd__clkbuf_8)
                  0.07    0.16    0.58 ^ clkbuf_4_14_0_w_clk/X (sky130_fd_sc_hd__clkbuf_8)
    10    0.03                           clknet_4_14_0_w_clk (net)
                  0.07    0.00    0.58 ^ _1076_/CLK (sky130_fd_sc_hd__dfxtp_1)
                  0.05    0.30    0.88 ^ _1076_/Q (sky130_fd_sc_hd__dfxtp_1)
     2    0.00                           mem[9][4] (net)
                  0.05    0.00    0.88 ^ _0898_/A0 (sky130_fd_sc_hd__mux2_1)
                  0.05    0.12    0.99 ^ _0898_/X (sky130_fd_sc_hd__mux2_1)
     1    0.00                           _0448_ (net)
                  0.05    0.00    0.99 ^ _0899_/A (sky130_fd_sc_hd__clkbuf_1)
                  0.04    0.07    1.06 ^ _0899_/X (sky130_fd_sc_hd__clkbuf_1)
     1    0.00                           _0150_ (net)
                  0.04    0.00    1.06 ^ _1076_/D (sky130_fd_sc_hd__dfxtp_1)
                                  1.06   data arrival time

                          0.00    0.00   clock w_clk (rise edge)
                          0.00    0.00   clock source latency
                  0.27    0.19    0.19 ^ w_clk (in)
     1    0.06                           w_clk (net)
                  0.27    0.00    0.19 ^ clkbuf_0_w_clk/A (sky130_fd_sc_hd__clkbuf_16)
                  0.11    0.27    0.46 ^ clkbuf_0_w_clk/X (sky130_fd_sc_hd__clkbuf_16)
    16    0.09                           clknet_0_w_clk (net)
                  0.11    0.00    0.46 ^ clkbuf_4_14_0_w_clk/A (sky130_fd_sc_hd__clkbuf_8)
                  0.07    0.18    0.64 ^ clkbuf_4_14_0_w_clk/X (sky130_fd_sc_hd__clkbuf_8)
    10    0.03                           clknet_4_14_0_w_clk (net)
                  0.07    0.00    0.64 ^ _1076_/CLK (sky130_fd_sc_hd__dfxtp_1)
                          0.25    0.89   clock uncertainty
                         -0.06    0.83   clock reconvergence pessimism
                         -0.03    0.80   library hold time
                                  0.80   data required time
-----------------------------------------------------------------------------
                                  0.80   data required time
                                 -1.06   data arrival time
-----------------------------------------------------------------------------
                                  0.27   slack (MET)


Startpoint: _0982_ (rising edge-triggered flip-flop clocked by w_clk)
Endpoint: _0982_ (rising edge-triggered flip-flop clocked by w_clk)
Path Group: w_clk
Path Type: min

Fanout     Cap    Slew   Delay    Time   Description
-----------------------------------------------------------------------------
                          0.00    0.00   clock w_clk (rise edge)
                          0.00    0.00   clock source latency
                  0.27    0.18    0.18 ^ w_clk (in)
     1    0.06                           w_clk (net)
                  0.27    0.00    0.18 ^ clkbuf_0_w_clk/A (sky130_fd_sc_hd__clkbuf_16)
                  0.11    0.24    0.42 ^ clkbuf_0_w_clk/X (sky130_fd_sc_hd__clkbuf_16)
    16    0.09                           clknet_0_w_clk (net)
                  0.11    0.00    0.42 ^ clkbuf_4_10_0_w_clk/A (sky130_fd_sc_hd__clkbuf_8)
                  0.08    0.17    0.59 ^ clkbuf_4_10_0_w_clk/X (sky130_fd_sc_hd__clkbuf_8)
    14    0.04                           clknet_4_10_0_w_clk (net)
                  0.08    0.00    0.59 ^ _0982_/CLK (sky130_fd_sc_hd__dfxtp_1)
                  0.06    0.31    0.90 ^ _0982_/Q (sky130_fd_sc_hd__dfxtp_1)
     2    0.00                           mem[2][4] (net)
                  0.06    0.00    0.90 ^ _0726_/A0 (sky130_fd_sc_hd__mux2_1)
                  0.04    0.11    1.01 ^ _0726_/X (sky130_fd_sc_hd__mux2_1)
     1    0.00                           _0350_ (net)
                  0.04    0.00    1.01 ^ _0727_/A (sky130_fd_sc_hd__clkbuf_1)
                  0.04    0.07    1.08 ^ _0727_/X (sky130_fd_sc_hd__clkbuf_1)
     1    0.00                           _0076_ (net)
                  0.04    0.00    1.08 ^ _0982_/D (sky130_fd_sc_hd__dfxtp_1)
                                  1.08   data arrival time

                          0.00    0.00   clock w_clk (rise edge)
                          0.00    0.00   clock source latency
                  0.27    0.19    0.19 ^ w_clk (in)
     1    0.06                           w_clk (net)
                  0.27    0.00    0.19 ^ clkbuf_0_w_clk/A (sky130_fd_sc_hd__clkbuf_16)
                  0.11    0.27    0.46 ^ clkbuf_0_w_clk/X (sky130_fd_sc_hd__clkbuf_16)
    16    0.09                           clknet_0_w_clk (net)
                  0.11    0.00    0.46 ^ clkbuf_4_10_0_w_clk/A (sky130_fd_sc_hd__clkbuf_8)
                  0.08    0.19    0.65 ^ clkbuf_4_10_0_w_clk/X (sky130_fd_sc_hd__clkbuf_8)
    14    0.04                           clknet_4_10_0_w_clk (net)
                  0.08    0.00    0.65 ^ _0982_/CLK (sky130_fd_sc_hd__dfxtp_1)
                          0.25    0.90   clock uncertainty
                         -0.06    0.84   clock reconvergence pessimism
                         -0.02    0.81   library hold time
                                  0.81   data required time
-----------------------------------------------------------------------------
                                  0.81   data required time
                                 -1.08   data arrival time
-----------------------------------------------------------------------------
                                  0.27   slack (MET)


Startpoint: _1006_ (rising edge-triggered flip-flop clocked by w_clk)
Endpoint: _1006_ (rising edge-triggered flip-flop clocked by w_clk)
Path Group: w_clk
Path Type: min

Fanout     Cap    Slew   Delay    Time   Description
-----------------------------------------------------------------------------
                          0.00    0.00   clock w_clk (rise edge)
                          0.00    0.00   clock source latency
                  0.27    0.18    0.18 ^ w_clk (in)
     1    0.06                           w_clk (net)
                  0.27    0.00    0.18 ^ clkbuf_0_w_clk/A (sky130_fd_sc_hd__clkbuf_16)
                  0.11    0.24    0.42 ^ clkbuf_0_w_clk/X (sky130_fd_sc_hd__clkbuf_16)
    16    0.09                           clknet_0_w_clk (net)
                  0.11    0.00    0.42 ^ clkbuf_4_10_0_w_clk/A (sky130_fd_sc_hd__clkbuf_8)
                  0.08    0.17    0.59 ^ clkbuf_4_10_0_w_clk/X (sky130_fd_sc_hd__clkbuf_8)
    14    0.04                           clknet_4_10_0_w_clk (net)
                  0.08    0.00    0.59 ^ _1006_/CLK (sky130_fd_sc_hd__dfxtp_1)
                  0.05    0.31    0.89 ^ _1006_/Q (sky130_fd_sc_hd__dfxtp_1)
     2    0.00                           mem[3][4] (net)
                  0.05    0.00    0.89 ^ _0779_/A0 (sky130_fd_sc_hd__mux2_1)
                  0.04    0.11    1.00 ^ _0779_/X (sky130_fd_sc_hd__mux2_1)
     1    0.00                           _0379_ (net)
                  0.04    0.00    1.00 ^ _0780_/A (sky130_fd_sc_hd__clkbuf_1)
                  0.04    0.07    1.08 ^ _0780_/X (sky130_fd_sc_hd__clkbuf_1)
     1    0.00                           _0100_ (net)
                  0.04    0.00    1.08 ^ _1006_/D (sky130_fd_sc_hd__dfxtp_1)
                                  1.08   data arrival time

                          0.00    0.00   clock w_clk (rise edge)
                          0.00    0.00   clock source latency
                  0.27    0.19    0.19 ^ w_clk (in)
     1    0.06                           w_clk (net)
                  0.27    0.00    0.19 ^ clkbuf_0_w_clk/A (sky130_fd_sc_hd__clkbuf_16)
                  0.11    0.27    0.46 ^ clkbuf_0_w_clk/X (sky130_fd_sc_hd__clkbuf_16)
    16    0.09                           clknet_0_w_clk (net)
                  0.11    0.00    0.46 ^ clkbuf_4_10_0_w_clk/A (sky130_fd_sc_hd__clkbuf_8)
                  0.08    0.19    0.65 ^ clkbuf_4_10_0_w_clk/X (sky130_fd_sc_hd__clkbuf_8)
    14    0.04                           clknet_4_10_0_w_clk (net)
                  0.08    0.00    0.65 ^ _1006_/CLK (sky130_fd_sc_hd__dfxtp_1)
                          0.25    0.90   clock uncertainty
                         -0.06    0.84   clock reconvergence pessimism
                         -0.03    0.81   library hold time
                                  0.81   data required time
-----------------------------------------------------------------------------
                                  0.81   data required time
                                 -1.08   data arrival time
-----------------------------------------------------------------------------
                                  0.27   slack (MET)


Startpoint: _0974_ (rising edge-triggered flip-flop clocked by w_clk)
Endpoint: _0974_ (rising edge-triggered flip-flop clocked by w_clk)
Path Group: w_clk
Path Type: min

Fanout     Cap    Slew   Delay    Time   Description
-----------------------------------------------------------------------------
                          0.00    0.00   clock w_clk (rise edge)
                          0.00    0.00   clock source latency
                  0.27    0.18    0.18 ^ w_clk (in)
     1    0.06                           w_clk (net)
                  0.27    0.00    0.18 ^ clkbuf_0_w_clk/A (sky130_fd_sc_hd__clkbuf_16)
                  0.11    0.24    0.42 ^ clkbuf_0_w_clk/X (sky130_fd_sc_hd__clkbuf_16)
    16    0.09                           clknet_0_w_clk (net)
                  0.11    0.00    0.42 ^ clkbuf_4_14_0_w_clk/A (sky130_fd_sc_hd__clkbuf_8)
                  0.07    0.16    0.58 ^ clkbuf_4_14_0_w_clk/X (sky130_fd_sc_hd__clkbuf_8)
    10    0.03                           clknet_4_14_0_w_clk (net)
                  0.07    0.00    0.58 ^ _0974_/CLK (sky130_fd_sc_hd__dfxtp_1)
                  0.05    0.30    0.87 ^ _0974_/Q (sky130_fd_sc_hd__dfxtp_1)
     2    0.00                           mem[0][4] (net)
                  0.05    0.00    0.87 ^ _0708_/A0 (sky130_fd_sc_hd__mux2_1)
                  0.04    0.11    0.99 ^ _0708_/X (sky130_fd_sc_hd__mux2_1)
     1    0.00                           _0340_ (net)
                  0.04    0.00    0.99 ^ _0709_/A (sky130_fd_sc_hd__clkbuf_1)
                  0.05    0.08    1.06 ^ _0709_/X (sky130_fd_sc_hd__clkbuf_1)
     1    0.00                           _0068_ (net)
                  0.05    0.00    1.06 ^ _0974_/D (sky130_fd_sc_hd__dfxtp_1)
                                  1.06   data arrival time

                          0.00    0.00   clock w_clk (rise edge)
                          0.00    0.00   clock source latency
                  0.27    0.19    0.19 ^ w_clk (in)
     1    0.06                           w_clk (net)
                  0.27    0.00    0.19 ^ clkbuf_0_w_clk/A (sky130_fd_sc_hd__clkbuf_16)
                  0.11    0.27    0.46 ^ clkbuf_0_w_clk/X (sky130_fd_sc_hd__clkbuf_16)
    16    0.09                           clknet_0_w_clk (net)
                  0.11    0.00    0.46 ^ clkbuf_4_14_0_w_clk/A (sky130_fd_sc_hd__clkbuf_8)
                  0.07    0.18    0.64 ^ clkbuf_4_14_0_w_clk/X (sky130_fd_sc_hd__clkbuf_8)
    10    0.03                           clknet_4_14_0_w_clk (net)
                  0.07    0.00    0.64 ^ _0974_/CLK (sky130_fd_sc_hd__dfxtp_1)
                          0.25    0.89   clock uncertainty
                         -0.06    0.83   clock reconvergence pessimism
                         -0.03    0.80   library hold time
                                  0.80   data required time
-----------------------------------------------------------------------------
                                  0.80   data required time
                                 -1.06   data arrival time
-----------------------------------------------------------------------------
                                  0.27   slack (MET)


Startpoint: _0977_ (rising edge-triggered flip-flop clocked by w_clk)
Endpoint: _0977_ (rising edge-triggered flip-flop clocked by w_clk)
Path Group: w_clk
Path Type: min

Fanout     Cap    Slew   Delay    Time   Description
-----------------------------------------------------------------------------
                          0.00    0.00   clock w_clk (rise edge)
                          0.00    0.00   clock source latency
                  0.27    0.18    0.18 ^ w_clk (in)
     1    0.06                           w_clk (net)
                  0.27    0.00    0.18 ^ clkbuf_0_w_clk/A (sky130_fd_sc_hd__clkbuf_16)
                  0.11    0.24    0.42 ^ clkbuf_0_w_clk/X (sky130_fd_sc_hd__clkbuf_16)
    16    0.09                           clknet_0_w_clk (net)
                  0.11    0.00    0.42 ^ clkbuf_4_14_0_w_clk/A (sky130_fd_sc_hd__clkbuf_8)
                  0.07    0.16    0.58 ^ clkbuf_4_14_0_w_clk/X (sky130_fd_sc_hd__clkbuf_8)
    10    0.03                           clknet_4_14_0_w_clk (net)
                  0.07    0.00    0.58 ^ _0977_/CLK (sky130_fd_sc_hd__dfxtp_1)
                  0.05    0.30    0.88 ^ _0977_/Q (sky130_fd_sc_hd__dfxtp_1)
     2    0.00                           mem[0][7] (net)
                  0.05    0.00    0.88 ^ _0714_/A0 (sky130_fd_sc_hd__mux2_1)
                  0.04    0.12    0.99 ^ _0714_/X (sky130_fd_sc_hd__mux2_1)
     1    0.00                           _0343_ (net)
                  0.04    0.00    0.99 ^ _0715_/A (sky130_fd_sc_hd__clkbuf_1)
                  0.04    0.07    1.06 ^ _0715_/X (sky130_fd_sc_hd__clkbuf_1)
     1    0.00                           _0071_ (net)
                  0.04    0.00    1.06 ^ _0977_/D (sky130_fd_sc_hd__dfxtp_1)
                                  1.06   data arrival time

                          0.00    0.00   clock w_clk (rise edge)
                          0.00    0.00   clock source latency
                  0.27    0.19    0.19 ^ w_clk (in)
     1    0.06                           w_clk (net)
                  0.27    0.00    0.19 ^ clkbuf_0_w_clk/A (sky130_fd_sc_hd__clkbuf_16)
                  0.11    0.27    0.46 ^ clkbuf_0_w_clk/X (sky130_fd_sc_hd__clkbuf_16)
    16    0.09                           clknet_0_w_clk (net)
                  0.11    0.00    0.46 ^ clkbuf_4_14_0_w_clk/A (sky130_fd_sc_hd__clkbuf_8)
                  0.07    0.18    0.64 ^ clkbuf_4_14_0_w_clk/X (sky130_fd_sc_hd__clkbuf_8)
    10    0.03                           clknet_4_14_0_w_clk (net)
                  0.07    0.00    0.64 ^ _0977_/CLK (sky130_fd_sc_hd__dfxtp_1)
                          0.25    0.89   clock uncertainty
                         -0.06    0.83   clock reconvergence pessimism
                         -0.03    0.80   library hold time
                                  0.80   data required time
-----------------------------------------------------------------------------
                                  0.80   data required time
                                 -1.06   data arrival time
-----------------------------------------------------------------------------
                                  0.27   slack (MET)


Startpoint: _1005_ (rising edge-triggered flip-flop clocked by w_clk)
Endpoint: _1005_ (rising edge-triggered flip-flop clocked by w_clk)
Path Group: w_clk
Path Type: min

Fanout     Cap    Slew   Delay    Time   Description
-----------------------------------------------------------------------------
                          0.00    0.00   clock w_clk (rise edge)
                          0.00    0.00   clock source latency
                  0.27    0.18    0.18 ^ w_clk (in)
     1    0.06                           w_clk (net)
                  0.27    0.00    0.18 ^ clkbuf_0_w_clk/A (sky130_fd_sc_hd__clkbuf_16)
                  0.11    0.24    0.42 ^ clkbuf_0_w_clk/X (sky130_fd_sc_hd__clkbuf_16)
    16    0.09                           clknet_0_w_clk (net)
                  0.11    0.00    0.42 ^ clkbuf_4_10_0_w_clk/A (sky130_fd_sc_hd__clkbuf_8)
                  0.08    0.17    0.59 ^ clkbuf_4_10_0_w_clk/X (sky130_fd_sc_hd__clkbuf_8)
    14    0.04                           clknet_4_10_0_w_clk (net)
                  0.08    0.00    0.59 ^ _1005_/CLK (sky130_fd_sc_hd__dfxtp_1)
                  0.06    0.31    0.90 ^ _1005_/Q (sky130_fd_sc_hd__dfxtp_1)
     2    0.00                           mem[3][3] (net)
                  0.06    0.00    0.90 ^ _0777_/A0 (sky130_fd_sc_hd__mux2_1)
                  0.04    0.11    1.01 ^ _0777_/X (sky130_fd_sc_hd__mux2_1)
     1    0.00                           _0378_ (net)
                  0.04    0.00    1.01 ^ _0778_/A (sky130_fd_sc_hd__clkbuf_1)
                  0.04    0.07    1.08 ^ _0778_/X (sky130_fd_sc_hd__clkbuf_1)
     1    0.00                           _0099_ (net)
                  0.04    0.00    1.08 ^ _1005_/D (sky130_fd_sc_hd__dfxtp_1)
                                  1.08   data arrival time

                          0.00    0.00   clock w_clk (rise edge)
                          0.00    0.00   clock source latency
                  0.27    0.19    0.19 ^ w_clk (in)
     1    0.06                           w_clk (net)
                  0.27    0.00    0.19 ^ clkbuf_0_w_clk/A (sky130_fd_sc_hd__clkbuf_16)
                  0.11    0.27    0.46 ^ clkbuf_0_w_clk/X (sky130_fd_sc_hd__clkbuf_16)
    16    0.09                           clknet_0_w_clk (net)
                  0.11    0.00    0.46 ^ clkbuf_4_10_0_w_clk/A (sky130_fd_sc_hd__clkbuf_8)
                  0.08    0.19    0.65 ^ clkbuf_4_10_0_w_clk/X (sky130_fd_sc_hd__clkbuf_8)
    14    0.04                           clknet_4_10_0_w_clk (net)
                  0.08    0.00    0.65 ^ _1005_/CLK (sky130_fd_sc_hd__dfxtp_1)
                          0.25    0.90   clock uncertainty
                         -0.06    0.84   clock reconvergence pessimism
                         -0.03    0.81   library hold time
                                  0.81   data required time
-----------------------------------------------------------------------------
                                  0.81   data required time
                                 -1.08   data arrival time
-----------------------------------------------------------------------------
                                  0.27   slack (MET)


Startpoint: _0962_ (rising edge-triggered flip-flop clocked by w_clk)
Endpoint: _0962_ (rising edge-triggered flip-flop clocked by w_clk)
Path Group: w_clk
Path Type: min

Fanout     Cap    Slew   Delay    Time   Description
-----------------------------------------------------------------------------
                          0.00    0.00   clock w_clk (rise edge)
                          0.00    0.00   clock source latency
                  0.27    0.18    0.18 ^ w_clk (in)
     1    0.06                           w_clk (net)
                  0.27    0.00    0.18 ^ clkbuf_0_w_clk/A (sky130_fd_sc_hd__clkbuf_16)
                  0.11    0.24    0.42 ^ clkbuf_0_w_clk/X (sky130_fd_sc_hd__clkbuf_16)
    16    0.09                           clknet_0_w_clk (net)
                  0.11    0.00    0.42 ^ clkbuf_4_13_0_w_clk/A (sky130_fd_sc_hd__clkbuf_8)
                  0.07    0.16    0.58 ^ clkbuf_4_13_0_w_clk/X (sky130_fd_sc_hd__clkbuf_8)
    11    0.03                           clknet_4_13_0_w_clk (net)
                  0.07    0.00    0.58 ^ _0962_/CLK (sky130_fd_sc_hd__dfxtp_1)
                  0.06    0.30    0.88 ^ _0962_/Q (sky130_fd_sc_hd__dfxtp_1)
     2    0.00                           mem[10][0] (net)
                  0.06    0.00    0.88 ^ _0681_/A0 (sky130_fd_sc_hd__mux2_1)
                  0.04    0.12    1.00 ^ _0681_/X (sky130_fd_sc_hd__mux2_1)
     1    0.00                           _0325_ (net)
                  0.04    0.00    1.00 ^ _0682_/A (sky130_fd_sc_hd__clkbuf_1)
                  0.04    0.07    1.07 ^ _0682_/X (sky130_fd_sc_hd__clkbuf_1)
     1    0.00                           _0056_ (net)
                  0.04    0.00    1.07 ^ _0962_/D (sky130_fd_sc_hd__dfxtp_1)
                                  1.07   data arrival time

                          0.00    0.00   clock w_clk (rise edge)
                          0.00    0.00   clock source latency
                  0.27    0.19    0.19 ^ w_clk (in)
     1    0.06                           w_clk (net)
                  0.27    0.00    0.19 ^ clkbuf_0_w_clk/A (sky130_fd_sc_hd__clkbuf_16)
                  0.11    0.27    0.46 ^ clkbuf_0_w_clk/X (sky130_fd_sc_hd__clkbuf_16)
    16    0.09                           clknet_0_w_clk (net)
                  0.11    0.00    0.46 ^ clkbuf_4_13_0_w_clk/A (sky130_fd_sc_hd__clkbuf_8)
                  0.07    0.18    0.64 ^ clkbuf_4_13_0_w_clk/X (sky130_fd_sc_hd__clkbuf_8)
    11    0.03                           clknet_4_13_0_w_clk (net)
                  0.07    0.00    0.64 ^ _0962_/CLK (sky130_fd_sc_hd__dfxtp_1)
                          0.25    0.89   clock uncertainty
                         -0.06    0.83   clock reconvergence pessimism
                         -0.03    0.80   library hold time
                                  0.80   data required time
-----------------------------------------------------------------------------
                                  0.80   data required time
                                 -1.07   data arrival time
-----------------------------------------------------------------------------
                                  0.27   slack (MET)


Startpoint: _0967_ (rising edge-triggered flip-flop clocked by w_clk)
Endpoint: _0967_ (rising edge-triggered flip-flop clocked by w_clk)
Path Group: w_clk
Path Type: min

Fanout     Cap    Slew   Delay    Time   Description
-----------------------------------------------------------------------------
                          0.00    0.00   clock w_clk (rise edge)
                          0.00    0.00   clock source latency
                  0.27    0.18    0.18 ^ w_clk (in)
     1    0.06                           w_clk (net)
                  0.27    0.00    0.18 ^ clkbuf_0_w_clk/A (sky130_fd_sc_hd__clkbuf_16)
                  0.11    0.24    0.42 ^ clkbuf_0_w_clk/X (sky130_fd_sc_hd__clkbuf_16)
    16    0.09                           clknet_0_w_clk (net)
                  0.11    0.00    0.42 ^ clkbuf_4_13_0_w_clk/A (sky130_fd_sc_hd__clkbuf_8)
                  0.07    0.16    0.58 ^ clkbuf_4_13_0_w_clk/X (sky130_fd_sc_hd__clkbuf_8)
    11    0.03                           clknet_4_13_0_w_clk (net)
                  0.07    0.00    0.58 ^ _0967_/CLK (sky130_fd_sc_hd__dfxtp_1)
                  0.05    0.30    0.88 ^ _0967_/Q (sky130_fd_sc_hd__dfxtp_1)
     2    0.00                           mem[10][5] (net)
                  0.05    0.00    0.88 ^ _0691_/A0 (sky130_fd_sc_hd__mux2_1)
                  0.04    0.11    0.99 ^ _0691_/X (sky130_fd_sc_hd__mux2_1)
     1    0.00                           _0330_ (net)
                  0.04    0.00    0.99 ^ _0692_/A (sky130_fd_sc_hd__clkbuf_1)
                  0.04    0.07    1.07 ^ _0692_/X (sky130_fd_sc_hd__clkbuf_1)
     1    0.00                           _0061_ (net)
                  0.04    0.00    1.07 ^ _0967_/D (sky130_fd_sc_hd__dfxtp_1)
                                  1.07   data arrival time

                          0.00    0.00   clock w_clk (rise edge)
                          0.00    0.00   clock source latency
                  0.27    0.19    0.19 ^ w_clk (in)
     1    0.06                           w_clk (net)
                  0.27    0.00    0.19 ^ clkbuf_0_w_clk/A (sky130_fd_sc_hd__clkbuf_16)
                  0.11    0.27    0.46 ^ clkbuf_0_w_clk/X (sky130_fd_sc_hd__clkbuf_16)
    16    0.09                           clknet_0_w_clk (net)
                  0.11    0.00    0.46 ^ clkbuf_4_13_0_w_clk/A (sky130_fd_sc_hd__clkbuf_8)
                  0.07    0.18    0.64 ^ clkbuf_4_13_0_w_clk/X (sky130_fd_sc_hd__clkbuf_8)
    11    0.03                           clknet_4_13_0_w_clk (net)
                  0.07    0.00    0.64 ^ _0967_/CLK (sky130_fd_sc_hd__dfxtp_1)
                          0.25    0.89   clock uncertainty
                         -0.06    0.83   clock reconvergence pessimism
                         -0.03    0.80   library hold time
                                  0.80   data required time
-----------------------------------------------------------------------------
                                  0.80   data required time
                                 -1.07   data arrival time
-----------------------------------------------------------------------------
                                  0.27   slack (MET)


Startpoint: _0979_ (rising edge-triggered flip-flop clocked by w_clk)
Endpoint: _0979_ (rising edge-triggered flip-flop clocked by w_clk)
Path Group: w_clk
Path Type: min

Fanout     Cap    Slew   Delay    Time   Description
-----------------------------------------------------------------------------
                          0.00    0.00   clock w_clk (rise edge)
                          0.00    0.00   clock source latency
                  0.27    0.18    0.18 ^ w_clk (in)
     1    0.06                           w_clk (net)
                  0.27    0.00    0.18 ^ clkbuf_0_w_clk/A (sky130_fd_sc_hd__clkbuf_16)
                  0.11    0.24    0.42 ^ clkbuf_0_w_clk/X (sky130_fd_sc_hd__clkbuf_16)
    16    0.09                           clknet_0_w_clk (net)
                  0.11    0.00    0.42 ^ clkbuf_4_2_0_w_clk/A (sky130_fd_sc_hd__clkbuf_8)
                  0.07    0.16    0.58 ^ clkbuf_4_2_0_w_clk/X (sky130_fd_sc_hd__clkbuf_8)
    11    0.03                           clknet_4_2_0_w_clk (net)
                  0.07    0.00    0.58 ^ _0979_/CLK (sky130_fd_sc_hd__dfxtp_1)
                  0.05    0.30    0.88 ^ _0979_/Q (sky130_fd_sc_hd__dfxtp_1)
     2    0.00                           mem[2][1] (net)
                  0.05    0.00    0.88 ^ _0720_/A0 (sky130_fd_sc_hd__mux2_1)
                  0.05    0.11    0.99 ^ _0720_/X (sky130_fd_sc_hd__mux2_1)
     1    0.00                           _0347_ (net)
                  0.05    0.00    0.99 ^ _0721_/A (sky130_fd_sc_hd__clkbuf_1)
                  0.04    0.07    1.06 ^ _0721_/X (sky130_fd_sc_hd__clkbuf_1)
     1    0.00                           _0073_ (net)
                  0.04    0.00    1.06 ^ _0979_/D (sky130_fd_sc_hd__dfxtp_1)
                                  1.06   data arrival time

                          0.00    0.00   clock w_clk (rise edge)
                          0.00    0.00   clock source latency
                  0.27    0.19    0.19 ^ w_clk (in)
     1    0.06                           w_clk (net)
                  0.27    0.00    0.19 ^ clkbuf_0_w_clk/A (sky130_fd_sc_hd__clkbuf_16)
                  0.11    0.27    0.46 ^ clkbuf_0_w_clk/X (sky130_fd_sc_hd__clkbuf_16)
    16    0.09                           clknet_0_w_clk (net)
                  0.11    0.00    0.46 ^ clkbuf_4_2_0_w_clk/A (sky130_fd_sc_hd__clkbuf_8)
                  0.07    0.18    0.64 ^ clkbuf_4_2_0_w_clk/X (sky130_fd_sc_hd__clkbuf_8)
    11    0.03                           clknet_4_2_0_w_clk (net)
                  0.07    0.00    0.64 ^ _0979_/CLK (sky130_fd_sc_hd__dfxtp_1)
                          0.25    0.89   clock uncertainty
                         -0.06    0.83   clock reconvergence pessimism
                         -0.03    0.80   library hold time
                                  0.80   data required time
-----------------------------------------------------------------------------
                                  0.80   data required time
                                 -1.06   data arrival time
-----------------------------------------------------------------------------
                                  0.27   slack (MET)


Startpoint: _1017_ (rising edge-triggered flip-flop clocked by w_clk)
Endpoint: _1017_ (rising edge-triggered flip-flop clocked by w_clk)
Path Group: w_clk
Path Type: min

Fanout     Cap    Slew   Delay    Time   Description
-----------------------------------------------------------------------------
                          0.00    0.00   clock w_clk (rise edge)
                          0.00    0.00   clock source latency
                  0.27    0.18    0.18 ^ w_clk (in)
     1    0.06                           w_clk (net)
                  0.27    0.00    0.18 ^ clkbuf_0_w_clk/A (sky130_fd_sc_hd__clkbuf_16)
                  0.11    0.24    0.42 ^ clkbuf_0_w_clk/X (sky130_fd_sc_hd__clkbuf_16)
    16    0.09                           clknet_0_w_clk (net)
                  0.11    0.00    0.42 ^ clkbuf_4_10_0_w_clk/A (sky130_fd_sc_hd__clkbuf_8)
                  0.08    0.17    0.59 ^ clkbuf_4_10_0_w_clk/X (sky130_fd_sc_hd__clkbuf_8)
    14    0.04                           clknet_4_10_0_w_clk (net)
                  0.08    0.00    0.59 ^ _1017_/CLK (sky130_fd_sc_hd__dfxtp_1)
                  0.05    0.31    0.89 ^ _1017_/Q (sky130_fd_sc_hd__dfxtp_1)
     2    0.00                           mem[6][7] (net)
                  0.05    0.00    0.89 ^ _0803_/A0 (sky130_fd_sc_hd__mux2_1)
                  0.04    0.11    1.00 ^ _0803_/X (sky130_fd_sc_hd__mux2_1)
     1    0.00                           _0392_ (net)
                  0.04    0.00    1.00 ^ _0804_/A (sky130_fd_sc_hd__clkbuf_1)
                  0.04    0.07    1.08 ^ _0804_/X (sky130_fd_sc_hd__clkbuf_1)
     1    0.00                           _0111_ (net)
                  0.04    0.00    1.08 ^ _1017_/D (sky130_fd_sc_hd__dfxtp_1)
                                  1.08   data arrival time

                          0.00    0.00   clock w_clk (rise edge)
                          0.00    0.00   clock source latency
                  0.27    0.19    0.19 ^ w_clk (in)
     1    0.06                           w_clk (net)
                  0.27    0.00    0.19 ^ clkbuf_0_w_clk/A (sky130_fd_sc_hd__clkbuf_16)
                  0.11    0.27    0.46 ^ clkbuf_0_w_clk/X (sky130_fd_sc_hd__clkbuf_16)
    16    0.09                           clknet_0_w_clk (net)
                  0.11    0.00    0.46 ^ clkbuf_4_10_0_w_clk/A (sky130_fd_sc_hd__clkbuf_8)
                  0.08    0.19    0.65 ^ clkbuf_4_10_0_w_clk/X (sky130_fd_sc_hd__clkbuf_8)
    14    0.04                           clknet_4_10_0_w_clk (net)
                  0.08    0.00    0.65 ^ _1017_/CLK (sky130_fd_sc_hd__dfxtp_1)
                          0.25    0.90   clock uncertainty
                         -0.06    0.84   clock reconvergence pessimism
                         -0.03    0.81   library hold time
                                  0.81   data required time
-----------------------------------------------------------------------------
                                  0.81   data required time
                                 -1.08   data arrival time
-----------------------------------------------------------------------------
                                  0.27   slack (MET)


Startpoint: _1013_ (rising edge-triggered flip-flop clocked by w_clk)
Endpoint: _1013_ (rising edge-triggered flip-flop clocked by w_clk)
Path Group: w_clk
Path Type: min

Fanout     Cap    Slew   Delay    Time   Description
-----------------------------------------------------------------------------
                          0.00    0.00   clock w_clk (rise edge)
                          0.00    0.00   clock source latency
                  0.27    0.18    0.18 ^ w_clk (in)
     1    0.06                           w_clk (net)
                  0.27    0.00    0.18 ^ clkbuf_0_w_clk/A (sky130_fd_sc_hd__clkbuf_16)
                  0.11    0.24    0.42 ^ clkbuf_0_w_clk/X (sky130_fd_sc_hd__clkbuf_16)
    16    0.09                           clknet_0_w_clk (net)
                  0.11    0.00    0.42 ^ clkbuf_4_10_0_w_clk/A (sky130_fd_sc_hd__clkbuf_8)
                  0.08    0.17    0.59 ^ clkbuf_4_10_0_w_clk/X (sky130_fd_sc_hd__clkbuf_8)
    14    0.04                           clknet_4_10_0_w_clk (net)
                  0.08    0.00    0.59 ^ _1013_/CLK (sky130_fd_sc_hd__dfxtp_1)
                  0.05    0.31    0.89 ^ _1013_/Q (sky130_fd_sc_hd__dfxtp_1)
     2    0.00                           mem[6][3] (net)
                  0.05    0.00    0.89 ^ _0795_/A0 (sky130_fd_sc_hd__mux2_1)
                  0.04    0.11    1.00 ^ _0795_/X (sky130_fd_sc_hd__mux2_1)
     1    0.00                           _0388_ (net)
                  0.04    0.00    1.00 ^ _0796_/A (sky130_fd_sc_hd__clkbuf_1)
                  0.05    0.08    1.08 ^ _0796_/X (sky130_fd_sc_hd__clkbuf_1)
     1    0.00                           _0107_ (net)
                  0.05    0.00    1.08 ^ _1013_/D (sky130_fd_sc_hd__dfxtp_1)
                                  1.08   data arrival time

                          0.00    0.00   clock w_clk (rise edge)
                          0.00    0.00   clock source latency
                  0.27    0.19    0.19 ^ w_clk (in)
     1    0.06                           w_clk (net)
                  0.27    0.00    0.19 ^ clkbuf_0_w_clk/A (sky130_fd_sc_hd__clkbuf_16)
                  0.11    0.27    0.46 ^ clkbuf_0_w_clk/X (sky130_fd_sc_hd__clkbuf_16)
    16    0.09                           clknet_0_w_clk (net)
                  0.11    0.00    0.46 ^ clkbuf_4_10_0_w_clk/A (sky130_fd_sc_hd__clkbuf_8)
                  0.08    0.19    0.65 ^ clkbuf_4_10_0_w_clk/X (sky130_fd_sc_hd__clkbuf_8)
    14    0.04                           clknet_4_10_0_w_clk (net)
                  0.08    0.00    0.65 ^ _1013_/CLK (sky130_fd_sc_hd__dfxtp_1)
                          0.25    0.90   clock uncertainty
                         -0.06    0.84   clock reconvergence pessimism
                         -0.03    0.81   library hold time
                                  0.81   data required time
-----------------------------------------------------------------------------
                                  0.81   data required time
                                 -1.08   data arrival time
-----------------------------------------------------------------------------
                                  0.27   slack (MET)


Startpoint: _1030_ (rising edge-triggered flip-flop clocked by w_clk)
Endpoint: _1030_ (rising edge-triggered flip-flop clocked by w_clk)
Path Group: w_clk
Path Type: min

Fanout     Cap    Slew   Delay    Time   Description
-----------------------------------------------------------------------------
                          0.00    0.00   clock w_clk (rise edge)
                          0.00    0.00   clock source latency
                  0.27    0.18    0.18 ^ w_clk (in)
     1    0.06                           w_clk (net)
                  0.27    0.00    0.18 ^ clkbuf_0_w_clk/A (sky130_fd_sc_hd__clkbuf_16)
                  0.11    0.24    0.42 ^ clkbuf_0_w_clk/X (sky130_fd_sc_hd__clkbuf_16)
    16    0.09                           clknet_0_w_clk (net)
                  0.11    0.00    0.42 ^ clkbuf_4_10_0_w_clk/A (sky130_fd_sc_hd__clkbuf_8)
                  0.08    0.17    0.59 ^ clkbuf_4_10_0_w_clk/X (sky130_fd_sc_hd__clkbuf_8)
    14    0.04                           clknet_4_10_0_w_clk (net)
                  0.08    0.00    0.59 ^ _1030_/CLK (sky130_fd_sc_hd__dfxtp_1)
                  0.05    0.31    0.89 ^ _1030_/Q (sky130_fd_sc_hd__dfxtp_1)
     2    0.00                           mem[4][7] (net)
                  0.05    0.00    0.89 ^ _0833_/A0 (sky130_fd_sc_hd__mux2_1)
                  0.04    0.11    1.01 ^ _0833_/X (sky130_fd_sc_hd__mux2_1)
     1    0.00                           _0409_ (net)
                  0.04    0.00    1.01 ^ _0834_/A (sky130_fd_sc_hd__clkbuf_1)
                  0.04    0.07    1.08 ^ _0834_/X (sky130_fd_sc_hd__clkbuf_1)
     1    0.00                           _0124_ (net)
                  0.04    0.00    1.08 ^ _1030_/D (sky130_fd_sc_hd__dfxtp_1)
                                  1.08   data arrival time

                          0.00    0.00   clock w_clk (rise edge)
                          0.00    0.00   clock source latency
                  0.27    0.19    0.19 ^ w_clk (in)
     1    0.06                           w_clk (net)
                  0.27    0.00    0.19 ^ clkbuf_0_w_clk/A (sky130_fd_sc_hd__clkbuf_16)
                  0.11    0.27    0.46 ^ clkbuf_0_w_clk/X (sky130_fd_sc_hd__clkbuf_16)
    16    0.09                           clknet_0_w_clk (net)
                  0.11    0.00    0.46 ^ clkbuf_4_10_0_w_clk/A (sky130_fd_sc_hd__clkbuf_8)
                  0.08    0.19    0.65 ^ clkbuf_4_10_0_w_clk/X (sky130_fd_sc_hd__clkbuf_8)
    14    0.04                           clknet_4_10_0_w_clk (net)
                  0.08    0.00    0.65 ^ _1030_/CLK (sky130_fd_sc_hd__dfxtp_1)
                          0.25    0.90   clock uncertainty
                         -0.06    0.84   clock reconvergence pessimism
                         -0.03    0.81   library hold time
                                  0.81   data required time
-----------------------------------------------------------------------------
                                  0.81   data required time
                                 -1.08   data arrival time
-----------------------------------------------------------------------------
                                  0.27   slack (MET)


Startpoint: _0989_ (rising edge-triggered flip-flop clocked by w_clk)
Endpoint: _0989_ (rising edge-triggered flip-flop clocked by w_clk)
Path Group: w_clk
Path Type: min

Fanout     Cap    Slew   Delay    Time   Description
-----------------------------------------------------------------------------
                          0.00    0.00   clock w_clk (rise edge)
                          0.00    0.00   clock source latency
                  0.27    0.18    0.18 ^ w_clk (in)
     1    0.06                           w_clk (net)
                  0.27    0.00    0.18 ^ clkbuf_0_w_clk/A (sky130_fd_sc_hd__clkbuf_16)
                  0.11    0.24    0.42 ^ clkbuf_0_w_clk/X (sky130_fd_sc_hd__clkbuf_16)
    16    0.09                           clknet_0_w_clk (net)
                  0.11    0.00    0.42 ^ clkbuf_4_15_0_w_clk/A (sky130_fd_sc_hd__clkbuf_8)
                  0.07    0.16    0.58 ^ clkbuf_4_15_0_w_clk/X (sky130_fd_sc_hd__clkbuf_8)
    12    0.03                           clknet_4_15_0_w_clk (net)
                  0.07    0.00    0.58 ^ _0989_/CLK (sky130_fd_sc_hd__dfxtp_1)
                  0.05    0.30    0.89 ^ _0989_/Q (sky130_fd_sc_hd__dfxtp_1)
     2    0.00                           mem[8][3] (net)
                  0.05    0.00    0.89 ^ _0742_/A0 (sky130_fd_sc_hd__mux2_1)
                  0.04    0.11    1.00 ^ _0742_/X (sky130_fd_sc_hd__mux2_1)
     1    0.00                           _0359_ (net)
                  0.04    0.00    1.00 ^ _0743_/A (sky130_fd_sc_hd__clkbuf_1)
                  0.04    0.07    1.07 ^ _0743_/X (sky130_fd_sc_hd__clkbuf_1)
     1    0.00                           _0083_ (net)
                  0.04    0.00    1.07 ^ _0989_/D (sky130_fd_sc_hd__dfxtp_1)
                                  1.07   data arrival time

                          0.00    0.00   clock w_clk (rise edge)
                          0.00    0.00   clock source latency
                  0.27    0.19    0.19 ^ w_clk (in)
     1    0.06                           w_clk (net)
                  0.27    0.00    0.19 ^ clkbuf_0_w_clk/A (sky130_fd_sc_hd__clkbuf_16)
                  0.11    0.27    0.46 ^ clkbuf_0_w_clk/X (sky130_fd_sc_hd__clkbuf_16)
    16    0.09                           clknet_0_w_clk (net)
                  0.11    0.00    0.46 ^ clkbuf_4_15_0_w_clk/A (sky130_fd_sc_hd__clkbuf_8)
                  0.07    0.18    0.64 ^ clkbuf_4_15_0_w_clk/X (sky130_fd_sc_hd__clkbuf_8)
    12    0.03                           clknet_4_15_0_w_clk (net)
                  0.07    0.00    0.64 ^ _0989_/CLK (sky130_fd_sc_hd__dfxtp_1)
                          0.25    0.89   clock uncertainty
                         -0.06    0.83   clock reconvergence pessimism
                         -0.03    0.80   library hold time
                                  0.80   data required time
-----------------------------------------------------------------------------
                                  0.80   data required time
                                 -1.07   data arrival time
-----------------------------------------------------------------------------
                                  0.27   slack (MET)


Startpoint: _0947_ (rising edge-triggered flip-flop clocked by w_clk)
Endpoint: _0947_ (rising edge-triggered flip-flop clocked by w_clk)
Path Group: w_clk
Path Type: min

Fanout     Cap    Slew   Delay    Time   Description
-----------------------------------------------------------------------------
                          0.00    0.00   clock w_clk (rise edge)
                          0.00    0.00   clock source latency
                  0.27    0.18    0.18 ^ w_clk (in)
     1    0.06                           w_clk (net)
                  0.27    0.00    0.18 ^ clkbuf_0_w_clk/A (sky130_fd_sc_hd__clkbuf_16)
                  0.11    0.24    0.42 ^ clkbuf_0_w_clk/X (sky130_fd_sc_hd__clkbuf_16)
    16    0.09                           clknet_0_w_clk (net)
                  0.11    0.00    0.42 ^ clkbuf_4_7_0_w_clk/A (sky130_fd_sc_hd__clkbuf_8)
                  0.05    0.15    0.57 ^ clkbuf_4_7_0_w_clk/X (sky130_fd_sc_hd__clkbuf_8)
     8    0.02                           clknet_4_7_0_w_clk (net)
                  0.05    0.00    0.57 ^ _0947_/CLK (sky130_fd_sc_hd__dfxtp_1)
                  0.05    0.30    0.86 ^ _0947_/Q (sky130_fd_sc_hd__dfxtp_1)
     2    0.00                           mem[12][1] (net)
                  0.05    0.00    0.86 ^ _0645_/A0 (sky130_fd_sc_hd__mux2_1)
                  0.05    0.12    0.98 ^ _0645_/X (sky130_fd_sc_hd__mux2_1)
     1    0.00                           _0304_ (net)
                  0.05    0.00    0.98 ^ _0646_/A (sky130_fd_sc_hd__clkbuf_1)
                  0.04    0.08    1.06 ^ _0646_/X (sky130_fd_sc_hd__clkbuf_1)
     1    0.00                           _0041_ (net)
                  0.04    0.00    1.06 ^ _0947_/D (sky130_fd_sc_hd__dfxtp_1)
                                  1.06   data arrival time

                          0.00    0.00   clock w_clk (rise edge)
                          0.00    0.00   clock source latency
                  0.27    0.19    0.19 ^ w_clk (in)
     1    0.06                           w_clk (net)
                  0.27    0.00    0.19 ^ clkbuf_0_w_clk/A (sky130_fd_sc_hd__clkbuf_16)
                  0.11    0.27    0.46 ^ clkbuf_0_w_clk/X (sky130_fd_sc_hd__clkbuf_16)
    16    0.09                           clknet_0_w_clk (net)
                  0.11    0.00    0.46 ^ clkbuf_4_7_0_w_clk/A (sky130_fd_sc_hd__clkbuf_8)
                  0.05    0.17    0.63 ^ clkbuf_4_7_0_w_clk/X (sky130_fd_sc_hd__clkbuf_8)
     8    0.02                           clknet_4_7_0_w_clk (net)
                  0.05    0.00    0.63 ^ _0947_/CLK (sky130_fd_sc_hd__dfxtp_1)
                          0.25    0.88   clock uncertainty
                         -0.06    0.82   clock reconvergence pessimism
                         -0.03    0.79   library hold time
                                  0.79   data required time
-----------------------------------------------------------------------------
                                  0.79   data required time
                                 -1.06   data arrival time
-----------------------------------------------------------------------------
                                  0.27   slack (MET)


Startpoint: _1019_ (rising edge-triggered flip-flop clocked by w_clk)
Endpoint: _1019_ (rising edge-triggered flip-flop clocked by w_clk)
Path Group: w_clk
Path Type: min

Fanout     Cap    Slew   Delay    Time   Description
-----------------------------------------------------------------------------
                          0.00    0.00   clock w_clk (rise edge)
                          0.00    0.00   clock source latency
                  0.27    0.18    0.18 ^ w_clk (in)
     1    0.06                           w_clk (net)
                  0.27    0.00    0.18 ^ clkbuf_0_w_clk/A (sky130_fd_sc_hd__clkbuf_16)
                  0.11    0.24    0.42 ^ clkbuf_0_w_clk/X (sky130_fd_sc_hd__clkbuf_16)
    16    0.09                           clknet_0_w_clk (net)
                  0.11    0.00    0.42 ^ clkbuf_4_1_0_w_clk/A (sky130_fd_sc_hd__clkbuf_8)
                  0.07    0.16    0.58 ^ clkbuf_4_1_0_w_clk/X (sky130_fd_sc_hd__clkbuf_8)
    10    0.03                           clknet_4_1_0_w_clk (net)
                  0.07    0.00    0.58 ^ _1019_/CLK (sky130_fd_sc_hd__dfrtp_1)
                  0.07    0.33    0.91 ^ _1019_/Q (sky130_fd_sc_hd__dfrtp_1)
     2    0.01                           w_ptr_g[1] (net)
                  0.07    0.00    0.91 ^ _0809_/A0 (sky130_fd_sc_hd__mux2_1)
                  0.04    0.11    1.02 ^ _0809_/X (sky130_fd_sc_hd__mux2_1)
     1    0.00                           _0396_ (net)
                  0.04    0.00    1.02 ^ _0810_/A (sky130_fd_sc_hd__clkbuf_1)
                  0.04    0.07    1.09 ^ _0810_/X (sky130_fd_sc_hd__clkbuf_1)
     1    0.00                           _0113_ (net)
                  0.04    0.00    1.09 ^ _1019_/D (sky130_fd_sc_hd__dfrtp_1)
                                  1.09   data arrival time

                          0.00    0.00   clock w_clk (rise edge)
                          0.00    0.00   clock source latency
                  0.27    0.19    0.19 ^ w_clk (in)
     1    0.06                           w_clk (net)
                  0.27    0.00    0.19 ^ clkbuf_0_w_clk/A (sky130_fd_sc_hd__clkbuf_16)
                  0.11    0.27    0.46 ^ clkbuf_0_w_clk/X (sky130_fd_sc_hd__clkbuf_16)
    16    0.09                           clknet_0_w_clk (net)
                  0.11    0.00    0.46 ^ clkbuf_4_1_0_w_clk/A (sky130_fd_sc_hd__clkbuf_8)
                  0.07    0.18    0.64 ^ clkbuf_4_1_0_w_clk/X (sky130_fd_sc_hd__clkbuf_8)
    10    0.03                           clknet_4_1_0_w_clk (net)
                  0.07    0.00    0.64 ^ _1019_/CLK (sky130_fd_sc_hd__dfrtp_1)
                          0.25    0.89   clock uncertainty
                         -0.06    0.83   clock reconvergence pessimism
                         -0.03    0.80   library hold time
                                  0.80   data required time
-----------------------------------------------------------------------------
                                  0.80   data required time
                                 -1.09   data arrival time
-----------------------------------------------------------------------------
                                  0.30   slack (MET)


Startpoint: _1021_ (rising edge-triggered flip-flop clocked by w_clk)
Endpoint: _1021_ (rising edge-triggered flip-flop clocked by w_clk)
Path Group: w_clk
Path Type: min

Fanout     Cap    Slew   Delay    Time   Description
-----------------------------------------------------------------------------
                          0.00    0.00   clock w_clk (rise edge)
                          0.00    0.00   clock source latency
                  0.27    0.18    0.18 ^ w_clk (in)
     1    0.06                           w_clk (net)
                  0.27    0.00    0.18 ^ clkbuf_0_w_clk/A (sky130_fd_sc_hd__clkbuf_16)
                  0.11    0.24    0.42 ^ clkbuf_0_w_clk/X (sky130_fd_sc_hd__clkbuf_16)
    16    0.09                           clknet_0_w_clk (net)
                  0.11    0.00    0.42 ^ clkbuf_4_0_0_w_clk/A (sky130_fd_sc_hd__clkbuf_8)
                  0.06    0.15    0.57 ^ clkbuf_4_0_0_w_clk/X (sky130_fd_sc_hd__clkbuf_8)
     8    0.02                           clknet_4_0_0_w_clk (net)
                  0.06    0.00    0.57 ^ _1021_/CLK (sky130_fd_sc_hd__dfrtp_1)
                  0.08    0.33    0.90 ^ _1021_/Q (sky130_fd_sc_hd__dfrtp_1)
     2    0.01                           w_ptr_g[3] (net)
                  0.08    0.00    0.90 ^ _0813_/A0 (sky130_fd_sc_hd__mux2_1)
                  0.04    0.12    1.02 ^ _0813_/X (sky130_fd_sc_hd__mux2_1)
     1    0.00                           _0398_ (net)
                  0.04    0.00    1.02 ^ _0814_/A (sky130_fd_sc_hd__clkbuf_1)
                  0.04    0.07    1.10 ^ _0814_/X (sky130_fd_sc_hd__clkbuf_1)
     1    0.00                           _0115_ (net)
                  0.04    0.00    1.10 ^ _1021_/D (sky130_fd_sc_hd__dfrtp_1)
                                  1.10   data arrival time

                          0.00    0.00   clock w_clk (rise edge)
                          0.00    0.00   clock source latency
                  0.27    0.19    0.19 ^ w_clk (in)
     1    0.06                           w_clk (net)
                  0.27    0.00    0.19 ^ clkbuf_0_w_clk/A (sky130_fd_sc_hd__clkbuf_16)
                  0.11    0.27    0.46 ^ clkbuf_0_w_clk/X (sky130_fd_sc_hd__clkbuf_16)
    16    0.09                           clknet_0_w_clk (net)
                  0.11    0.00    0.46 ^ clkbuf_4_0_0_w_clk/A (sky130_fd_sc_hd__clkbuf_8)
                  0.06    0.17    0.63 ^ clkbuf_4_0_0_w_clk/X (sky130_fd_sc_hd__clkbuf_8)
     8    0.02                           clknet_4_0_0_w_clk (net)
                  0.06    0.00    0.63 ^ _1021_/CLK (sky130_fd_sc_hd__dfrtp_1)
                          0.25    0.88   clock uncertainty
                         -0.06    0.82   clock reconvergence pessimism
                         -0.03    0.79   library hold time
                                  0.79   data required time
-----------------------------------------------------------------------------
                                  0.79   data required time
                                 -1.10   data arrival time
-----------------------------------------------------------------------------
                                  0.31   slack (MET)


Startpoint: _1018_ (rising edge-triggered flip-flop clocked by w_clk)
Endpoint: _1018_ (rising edge-triggered flip-flop clocked by w_clk)
Path Group: w_clk
Path Type: min

Fanout     Cap    Slew   Delay    Time   Description
-----------------------------------------------------------------------------
                          0.00    0.00   clock w_clk (rise edge)
                          0.00    0.00   clock source latency
                  0.27    0.18    0.18 ^ w_clk (in)
     1    0.06                           w_clk (net)
                  0.27    0.00    0.18 ^ clkbuf_0_w_clk/A (sky130_fd_sc_hd__clkbuf_16)
                  0.11    0.24    0.42 ^ clkbuf_0_w_clk/X (sky130_fd_sc_hd__clkbuf_16)
    16    0.09                           clknet_0_w_clk (net)
                  0.11    0.00    0.42 ^ clkbuf_4_1_0_w_clk/A (sky130_fd_sc_hd__clkbuf_8)
                  0.07    0.16    0.58 ^ clkbuf_4_1_0_w_clk/X (sky130_fd_sc_hd__clkbuf_8)
    10    0.03                           clknet_4_1_0_w_clk (net)
                  0.07    0.00    0.58 ^ _1018_/CLK (sky130_fd_sc_hd__dfrtp_1)
                  0.08    0.34    0.91 ^ _1018_/Q (sky130_fd_sc_hd__dfrtp_1)
     2    0.01                           w_ptr_g[0] (net)
                  0.08    0.00    0.91 ^ _0806_/A0 (sky130_fd_sc_hd__mux2_1)
                  0.04    0.12    1.04 ^ _0806_/X (sky130_fd_sc_hd__mux2_1)
     1    0.00                           _0394_ (net)
                  0.04    0.00    1.04 ^ _0807_/A (sky130_fd_sc_hd__clkbuf_1)
                  0.04    0.07    1.11 ^ _0807_/X (sky130_fd_sc_hd__clkbuf_1)
     1    0.00                           _0112_ (net)
                  0.04    0.00    1.11 ^ _1018_/D (sky130_fd_sc_hd__dfrtp_1)
                                  1.11   data arrival time

                          0.00    0.00   clock w_clk (rise edge)
                          0.00    0.00   clock source latency
                  0.27    0.19    0.19 ^ w_clk (in)
     1    0.06                           w_clk (net)
                  0.27    0.00    0.19 ^ clkbuf_0_w_clk/A (sky130_fd_sc_hd__clkbuf_16)
                  0.11    0.27    0.46 ^ clkbuf_0_w_clk/X (sky130_fd_sc_hd__clkbuf_16)
    16    0.09                           clknet_0_w_clk (net)
                  0.11    0.00    0.46 ^ clkbuf_4_1_0_w_clk/A (sky130_fd_sc_hd__clkbuf_8)
                  0.07    0.18    0.64 ^ clkbuf_4_1_0_w_clk/X (sky130_fd_sc_hd__clkbuf_8)
    10    0.03                           clknet_4_1_0_w_clk (net)
                  0.07    0.00    0.64 ^ _1018_/CLK (sky130_fd_sc_hd__dfrtp_1)
                          0.25    0.89   clock uncertainty
                         -0.06    0.83   clock reconvergence pessimism
                         -0.03    0.80   library hold time
                                  0.80   data required time
-----------------------------------------------------------------------------
                                  0.80   data required time
                                 -1.11   data arrival time
-----------------------------------------------------------------------------
                                  0.31   slack (MET)


Startpoint: _1022_ (rising edge-triggered flip-flop clocked by w_clk)
Endpoint: _1022_ (rising edge-triggered flip-flop clocked by w_clk)
Path Group: w_clk
Path Type: min

Fanout     Cap    Slew   Delay    Time   Description
-----------------------------------------------------------------------------
                          0.00    0.00   clock w_clk (rise edge)
                          0.00    0.00   clock source latency
                  0.27    0.18    0.18 ^ w_clk (in)
     1    0.06                           w_clk (net)
                  0.27    0.00    0.18 ^ clkbuf_0_w_clk/A (sky130_fd_sc_hd__clkbuf_16)
                  0.11    0.24    0.42 ^ clkbuf_0_w_clk/X (sky130_fd_sc_hd__clkbuf_16)
    16    0.09                           clknet_0_w_clk (net)
                  0.11    0.00    0.42 ^ clkbuf_4_0_0_w_clk/A (sky130_fd_sc_hd__clkbuf_8)
                  0.06    0.15    0.57 ^ clkbuf_4_0_0_w_clk/X (sky130_fd_sc_hd__clkbuf_8)
     8    0.02                           clknet_4_0_0_w_clk (net)
                  0.06    0.00    0.57 ^ _1022_/CLK (sky130_fd_sc_hd__dfrtp_1)
                  0.10    0.35    0.92 ^ _1022_/Q (sky130_fd_sc_hd__dfrtp_1)
     3    0.01                           w_ptr_b[4] (net)
                  0.10    0.00    0.92 ^ _0815_/A0 (sky130_fd_sc_hd__mux2_1)
                  0.04    0.13    1.05 ^ _0815_/X (sky130_fd_sc_hd__mux2_1)
     1    0.00                           _0399_ (net)
                  0.04    0.00    1.05 ^ _0816_/A (sky130_fd_sc_hd__clkbuf_1)
                  0.04    0.07    1.12 ^ _0816_/X (sky130_fd_sc_hd__clkbuf_1)
     1    0.00                           _0116_ (net)
                  0.04    0.00    1.12 ^ _1022_/D (sky130_fd_sc_hd__dfrtp_1)
                                  1.12   data arrival time

                          0.00    0.00   clock w_clk (rise edge)
                          0.00    0.00   clock source latency
                  0.27    0.19    0.19 ^ w_clk (in)
     1    0.06                           w_clk (net)
                  0.27    0.00    0.19 ^ clkbuf_0_w_clk/A (sky130_fd_sc_hd__clkbuf_16)
                  0.11    0.27    0.46 ^ clkbuf_0_w_clk/X (sky130_fd_sc_hd__clkbuf_16)
    16    0.09                           clknet_0_w_clk (net)
                  0.11    0.00    0.46 ^ clkbuf_4_0_0_w_clk/A (sky130_fd_sc_hd__clkbuf_8)
                  0.06    0.17    0.63 ^ clkbuf_4_0_0_w_clk/X (sky130_fd_sc_hd__clkbuf_8)
     8    0.02                           clknet_4_0_0_w_clk (net)
                  0.06    0.00    0.63 ^ _1022_/CLK (sky130_fd_sc_hd__dfrtp_1)
                          0.25    0.88   clock uncertainty
                         -0.06    0.82   clock reconvergence pessimism
                         -0.03    0.79   library hold time
                                  0.79   data required time
-----------------------------------------------------------------------------
                                  0.79   data required time
                                 -1.12   data arrival time
-----------------------------------------------------------------------------
                                  0.33   slack (MET)


Startpoint: _1060_ (rising edge-triggered flip-flop clocked by w_clk)
Endpoint: _1060_ (rising edge-triggered flip-flop clocked by w_clk)
Path Group: w_clk
Path Type: min

Fanout     Cap    Slew   Delay    Time   Description
-----------------------------------------------------------------------------
                          0.00    0.00   clock w_clk (rise edge)
                          0.00    0.00   clock source latency
                  0.27    0.18    0.18 ^ w_clk (in)
     1    0.06                           w_clk (net)
                  0.27    0.00    0.18 ^ clkbuf_0_w_clk/A (sky130_fd_sc_hd__clkbuf_16)
                  0.11    0.24    0.42 ^ clkbuf_0_w_clk/X (sky130_fd_sc_hd__clkbuf_16)
    16    0.09                           clknet_0_w_clk (net)
                  0.11    0.00    0.42 ^ clkbuf_4_1_0_w_clk/A (sky130_fd_sc_hd__clkbuf_8)
                  0.07    0.16    0.58 ^ clkbuf_4_1_0_w_clk/X (sky130_fd_sc_hd__clkbuf_8)
    10    0.03                           clknet_4_1_0_w_clk (net)
                  0.07    0.00    0.58 ^ _1060_/CLK (sky130_fd_sc_hd__dfrtp_1)
                  0.06    0.32    0.89 ^ _1060_/Q (sky130_fd_sc_hd__dfrtp_1)
     1    0.00                           w_ptr_b[0] (net)
                  0.06    0.00    0.89 ^ _0453_/A (sky130_fd_sc_hd__clkbuf_4)
                  0.12    0.18    1.08 ^ _0453_/X (sky130_fd_sc_hd__clkbuf_4)
    13    0.04                           _0155_ (net)
                  0.12    0.00    1.08 ^ _0862_/A (sky130_fd_sc_hd__xor2_1)
                  0.04    0.07    1.15 v _0862_/X (sky130_fd_sc_hd__xor2_1)
     1    0.00                           _0134_ (net)
                  0.04    0.00    1.15 v _1060_/D (sky130_fd_sc_hd__dfrtp_1)
                                  1.15   data arrival time

                          0.00    0.00   clock w_clk (rise edge)
                          0.00    0.00   clock source latency
                  0.27    0.19    0.19 ^ w_clk (in)
     1    0.06                           w_clk (net)
                  0.27    0.00    0.19 ^ clkbuf_0_w_clk/A (sky130_fd_sc_hd__clkbuf_16)
                  0.11    0.27    0.46 ^ clkbuf_0_w_clk/X (sky130_fd_sc_hd__clkbuf_16)
    16    0.09                           clknet_0_w_clk (net)
                  0.11    0.00    0.46 ^ clkbuf_4_1_0_w_clk/A (sky130_fd_sc_hd__clkbuf_8)
                  0.07    0.18    0.64 ^ clkbuf_4_1_0_w_clk/X (sky130_fd_sc_hd__clkbuf_8)
    10    0.03                           clknet_4_1_0_w_clk (net)
                  0.07    0.00    0.64 ^ _1060_/CLK (sky130_fd_sc_hd__dfrtp_1)
                          0.25    0.89   clock uncertainty
                         -0.06    0.83   clock reconvergence pessimism
                         -0.04    0.79   library hold time
                                  0.79   data required time
-----------------------------------------------------------------------------
                                  0.79   data required time
                                 -1.15   data arrival time
-----------------------------------------------------------------------------
                                  0.36   slack (MET)


Startpoint: _1063_ (rising edge-triggered flip-flop clocked by w_clk)
Endpoint: _1063_ (rising edge-triggered flip-flop clocked by w_clk)
Path Group: w_clk
Path Type: min

Fanout     Cap    Slew   Delay    Time   Description
-----------------------------------------------------------------------------
                          0.00    0.00   clock w_clk (rise edge)
                          0.00    0.00   clock source latency
                  0.27    0.18    0.18 ^ w_clk (in)
     1    0.06                           w_clk (net)
                  0.27    0.00    0.18 ^ clkbuf_0_w_clk/A (sky130_fd_sc_hd__clkbuf_16)
                  0.11    0.24    0.42 ^ clkbuf_0_w_clk/X (sky130_fd_sc_hd__clkbuf_16)
    16    0.09                           clknet_0_w_clk (net)
                  0.11    0.00    0.42 ^ clkbuf_4_1_0_w_clk/A (sky130_fd_sc_hd__clkbuf_8)
                  0.07    0.16    0.58 ^ clkbuf_4_1_0_w_clk/X (sky130_fd_sc_hd__clkbuf_8)
    10    0.03                           clknet_4_1_0_w_clk (net)
                  0.07    0.00    0.58 ^ _1063_/CLK (sky130_fd_sc_hd__dfrtp_4)
                  0.10    0.43    1.01 ^ _1063_/Q (sky130_fd_sc_hd__dfrtp_4)
     9    0.02                           w_ptr_b[3] (net)
                  0.10    0.00    1.01 ^ _0869_/A0 (sky130_fd_sc_hd__mux2_1)
                  0.04    0.13    1.13 ^ _0869_/X (sky130_fd_sc_hd__mux2_1)
     1    0.00                           _0432_ (net)
                  0.04    0.00    1.13 ^ _0870_/A (sky130_fd_sc_hd__clkbuf_1)
                  0.04    0.07    1.21 ^ _0870_/X (sky130_fd_sc_hd__clkbuf_1)
     1    0.00                           _0137_ (net)
                  0.04    0.00    1.21 ^ _1063_/D (sky130_fd_sc_hd__dfrtp_4)
                                  1.21   data arrival time

                          0.00    0.00   clock w_clk (rise edge)
                          0.00    0.00   clock source latency
                  0.27    0.19    0.19 ^ w_clk (in)
     1    0.06                           w_clk (net)
                  0.27    0.00    0.19 ^ clkbuf_0_w_clk/A (sky130_fd_sc_hd__clkbuf_16)
                  0.11    0.27    0.46 ^ clkbuf_0_w_clk/X (sky130_fd_sc_hd__clkbuf_16)
    16    0.09                           clknet_0_w_clk (net)
                  0.11    0.00    0.46 ^ clkbuf_4_1_0_w_clk/A (sky130_fd_sc_hd__clkbuf_8)
                  0.07    0.18    0.64 ^ clkbuf_4_1_0_w_clk/X (sky130_fd_sc_hd__clkbuf_8)
    10    0.03                           clknet_4_1_0_w_clk (net)
                  0.07    0.00    0.64 ^ _1063_/CLK (sky130_fd_sc_hd__dfrtp_4)
                          0.25    0.89   clock uncertainty
                         -0.06    0.83   clock reconvergence pessimism
                         -0.03    0.80   library hold time
                                  0.80   data required time
-----------------------------------------------------------------------------
                                  0.80   data required time
                                 -1.21   data arrival time
-----------------------------------------------------------------------------
                                  0.41   slack (MET)


Startpoint: _1062_ (rising edge-triggered flip-flop clocked by w_clk)
Endpoint: _1062_ (rising edge-triggered flip-flop clocked by w_clk)
Path Group: w_clk
Path Type: min

Fanout     Cap    Slew   Delay    Time   Description
-----------------------------------------------------------------------------
                          0.00    0.00   clock w_clk (rise edge)
                          0.00    0.00   clock source latency
                  0.27    0.18    0.18 ^ w_clk (in)
     1    0.06                           w_clk (net)
                  0.27    0.00    0.18 ^ clkbuf_0_w_clk/A (sky130_fd_sc_hd__clkbuf_16)
                  0.11    0.24    0.42 ^ clkbuf_0_w_clk/X (sky130_fd_sc_hd__clkbuf_16)
    16    0.09                           clknet_0_w_clk (net)
                  0.11    0.00    0.42 ^ clkbuf_4_1_0_w_clk/A (sky130_fd_sc_hd__clkbuf_8)
                  0.07    0.16    0.58 ^ clkbuf_4_1_0_w_clk/X (sky130_fd_sc_hd__clkbuf_8)
    10    0.03                           clknet_4_1_0_w_clk (net)
                  0.07    0.00    0.58 ^ _1062_/CLK (sky130_fd_sc_hd__dfrtp_4)
                  0.11    0.44    1.02 ^ _1062_/Q (sky130_fd_sc_hd__dfrtp_4)
    12    0.03                           w_ptr_b[2] (net)
                  0.11    0.00    1.02 ^ _0866_/A0 (sky130_fd_sc_hd__mux2_1)
                  0.04    0.13    1.15 ^ _0866_/X (sky130_fd_sc_hd__mux2_1)
     1    0.00                           _0430_ (net)
                  0.04    0.00    1.15 ^ _0867_/A (sky130_fd_sc_hd__clkbuf_1)
                  0.05    0.08    1.22 ^ _0867_/X (sky130_fd_sc_hd__clkbuf_1)
     1    0.00                           _0136_ (net)
                  0.05    0.00    1.22 ^ _1062_/D (sky130_fd_sc_hd__dfrtp_4)
                                  1.22   data arrival time

                          0.00    0.00   clock w_clk (rise edge)
                          0.00    0.00   clock source latency
                  0.27    0.19    0.19 ^ w_clk (in)
     1    0.06                           w_clk (net)
                  0.27    0.00    0.19 ^ clkbuf_0_w_clk/A (sky130_fd_sc_hd__clkbuf_16)
                  0.11    0.27    0.46 ^ clkbuf_0_w_clk/X (sky130_fd_sc_hd__clkbuf_16)
    16    0.09                           clknet_0_w_clk (net)
                  0.11    0.00    0.46 ^ clkbuf_4_1_0_w_clk/A (sky130_fd_sc_hd__clkbuf_8)
                  0.07    0.18    0.64 ^ clkbuf_4_1_0_w_clk/X (sky130_fd_sc_hd__clkbuf_8)
    10    0.03                           clknet_4_1_0_w_clk (net)
                  0.07    0.00    0.64 ^ _1062_/CLK (sky130_fd_sc_hd__dfrtp_4)
                          0.25    0.89   clock uncertainty
                         -0.06    0.83   clock reconvergence pessimism
                         -0.03    0.79   library hold time
                                  0.79   data required time
-----------------------------------------------------------------------------
                                  0.79   data required time
                                 -1.22   data arrival time
-----------------------------------------------------------------------------
                                  0.43   slack (MET)


Startpoint: _1061_ (rising edge-triggered flip-flop clocked by w_clk)
Endpoint: _1061_ (rising edge-triggered flip-flop clocked by w_clk)
Path Group: w_clk
Path Type: min

Fanout     Cap    Slew   Delay    Time   Description
-----------------------------------------------------------------------------
                          0.00    0.00   clock w_clk (rise edge)
                          0.00    0.00   clock source latency
                  0.27    0.18    0.18 ^ w_clk (in)
     1    0.06                           w_clk (net)
                  0.27    0.00    0.18 ^ clkbuf_0_w_clk/A (sky130_fd_sc_hd__clkbuf_16)
                  0.11    0.24    0.42 ^ clkbuf_0_w_clk/X (sky130_fd_sc_hd__clkbuf_16)
    16    0.09                           clknet_0_w_clk (net)
                  0.11    0.00    0.42 ^ clkbuf_4_1_0_w_clk/A (sky130_fd_sc_hd__clkbuf_8)
                  0.07    0.16    0.58 ^ clkbuf_4_1_0_w_clk/X (sky130_fd_sc_hd__clkbuf_8)
    10    0.03                           clknet_4_1_0_w_clk (net)
                  0.07    0.00    0.58 ^ _1061_/CLK (sky130_fd_sc_hd__dfrtp_4)
                  0.13    0.46    1.03 ^ _1061_/Q (sky130_fd_sc_hd__dfrtp_4)
    11    0.04                           w_ptr_b[1] (net)
                  0.13    0.00    1.03 ^ _0863_/A0 (sky130_fd_sc_hd__mux2_1)
                  0.04    0.14    1.17 ^ _0863_/X (sky130_fd_sc_hd__mux2_1)
     1    0.00                           _0428_ (net)
                  0.04    0.00    1.17 ^ _0864_/A (sky130_fd_sc_hd__clkbuf_1)
                  0.04    0.07    1.24 ^ _0864_/X (sky130_fd_sc_hd__clkbuf_1)
     1    0.00                           _0135_ (net)
                  0.04    0.00    1.24 ^ _1061_/D (sky130_fd_sc_hd__dfrtp_4)
                                  1.24   data arrival time

                          0.00    0.00   clock w_clk (rise edge)
                          0.00    0.00   clock source latency
                  0.27    0.19    0.19 ^ w_clk (in)
     1    0.06                           w_clk (net)
                  0.27    0.00    0.19 ^ clkbuf_0_w_clk/A (sky130_fd_sc_hd__clkbuf_16)
                  0.11    0.27    0.46 ^ clkbuf_0_w_clk/X (sky130_fd_sc_hd__clkbuf_16)
    16    0.09                           clknet_0_w_clk (net)
                  0.11    0.00    0.46 ^ clkbuf_4_1_0_w_clk/A (sky130_fd_sc_hd__clkbuf_8)
                  0.07    0.18    0.64 ^ clkbuf_4_1_0_w_clk/X (sky130_fd_sc_hd__clkbuf_8)
    10    0.03                           clknet_4_1_0_w_clk (net)
                  0.07    0.00    0.64 ^ _1061_/CLK (sky130_fd_sc_hd__dfrtp_4)
                          0.25    0.89   clock uncertainty
                         -0.06    0.83   clock reconvergence pessimism
                         -0.03    0.80   library hold time
                                  0.80   data required time
-----------------------------------------------------------------------------
                                  0.80   data required time
                                 -1.24   data arrival time
-----------------------------------------------------------------------------
                                  0.44   slack (MET)


Startpoint: w_rst_n (input port clocked by w_clk)
Endpoint: _1063_ (removal check against rising-edge clock w_clk)
Path Group: asynchronous
Path Type: min

Fanout     Cap    Slew   Delay    Time   Description
-----------------------------------------------------------------------------
                          0.00    0.00   clock w_clk (rise edge)
                          0.00    0.00   clock network delay (propagated)
                          2.00    2.00 ^ input external delay
                  0.03    0.02    2.02 ^ w_rst_n (in)
     1    0.01                           w_rst_n (net)
                  0.03    0.00    2.02 ^ input12/A (sky130_fd_sc_hd__buf_6)
                  0.17    0.16    2.18 ^ input12/X (sky130_fd_sc_hd__buf_6)
     2    0.08                           net12 (net)
                  0.18    0.04    2.22 ^ _1063_/RESET_B (sky130_fd_sc_hd__dfrtp_4)
                                  2.22   data arrival time

                          0.00    0.00   clock w_clk (rise edge)
                          0.00    0.00   clock source latency
                  0.27    0.19    0.19 ^ w_clk (in)
     1    0.06                           w_clk (net)
                  0.27    0.00    0.19 ^ clkbuf_0_w_clk/A (sky130_fd_sc_hd__clkbuf_16)
                  0.11    0.27    0.46 ^ clkbuf_0_w_clk/X (sky130_fd_sc_hd__clkbuf_16)
    16    0.09                           clknet_0_w_clk (net)
                  0.11    0.00    0.46 ^ clkbuf_4_1_0_w_clk/A (sky130_fd_sc_hd__clkbuf_8)
                  0.07    0.18    0.64 ^ clkbuf_4_1_0_w_clk/X (sky130_fd_sc_hd__clkbuf_8)
    10    0.03                           clknet_4_1_0_w_clk (net)
                  0.07    0.00    0.64 ^ _1063_/CLK (sky130_fd_sc_hd__dfrtp_4)
                          0.25    0.89   clock uncertainty
                          0.00    0.89   clock reconvergence pessimism
                          0.36    1.25   library removal time
                                  1.25   data required time
-----------------------------------------------------------------------------
                                  1.25   data required time
                                 -2.22   data arrival time
-----------------------------------------------------------------------------
                                  0.97   slack (MET)


Startpoint: w_rst_n (input port clocked by w_clk)
Endpoint: _1042_ (removal check against rising-edge clock w_clk)
Path Group: asynchronous
Path Type: min

Fanout     Cap    Slew   Delay    Time   Description
-----------------------------------------------------------------------------
                          0.00    0.00   clock w_clk (rise edge)
                          0.00    0.00   clock network delay (propagated)
                          2.00    2.00 ^ input external delay
                  0.03    0.02    2.02 ^ w_rst_n (in)
     1    0.01                           w_rst_n (net)
                  0.03    0.00    2.02 ^ input12/A (sky130_fd_sc_hd__buf_6)
                  0.17    0.16    2.18 ^ input12/X (sky130_fd_sc_hd__buf_6)
     2    0.08                           net12 (net)
                  0.18    0.03    2.22 ^ fanout28/A (sky130_fd_sc_hd__clkbuf_8)
                  0.14    0.24    2.46 ^ fanout28/X (sky130_fd_sc_hd__clkbuf_8)
    18    0.08                           net28 (net)
                  0.14    0.00    2.46 ^ _1042_/RESET_B (sky130_fd_sc_hd__dfrtp_1)
                                  2.46   data arrival time

                          0.00    0.00   clock w_clk (rise edge)
                          0.00    0.00   clock source latency
                  0.27    0.19    0.19 ^ w_clk (in)
     1    0.06                           w_clk (net)
                  0.27    0.00    0.19 ^ clkbuf_0_w_clk/A (sky130_fd_sc_hd__clkbuf_16)
                  0.11    0.27    0.46 ^ clkbuf_0_w_clk/X (sky130_fd_sc_hd__clkbuf_16)
    16    0.09                           clknet_0_w_clk (net)
                  0.11    0.00    0.46 ^ clkbuf_4_1_0_w_clk/A (sky130_fd_sc_hd__clkbuf_8)
                  0.07    0.18    0.64 ^ clkbuf_4_1_0_w_clk/X (sky130_fd_sc_hd__clkbuf_8)
    10    0.03                           clknet_4_1_0_w_clk (net)
                  0.07    0.00    0.64 ^ _1042_/CLK (sky130_fd_sc_hd__dfrtp_1)
                          0.25    0.89   clock uncertainty
                          0.00    0.89   clock reconvergence pessimism
                          0.35    1.24   library removal time
                                  1.24   data required time
-----------------------------------------------------------------------------
                                  1.24   data required time
                                 -2.46   data arrival time
-----------------------------------------------------------------------------
                                  1.22   slack (MET)


Startpoint: w_rst_n (input port clocked by w_clk)
Endpoint: _1047_ (removal check against rising-edge clock w_clk)
Path Group: asynchronous
Path Type: min

Fanout     Cap    Slew   Delay    Time   Description
-----------------------------------------------------------------------------
                          0.00    0.00   clock w_clk (rise edge)
                          0.00    0.00   clock network delay (propagated)
                          2.00    2.00 ^ input external delay
                  0.03    0.02    2.02 ^ w_rst_n (in)
     1    0.01                           w_rst_n (net)
                  0.03    0.00    2.02 ^ input12/A (sky130_fd_sc_hd__buf_6)
                  0.17    0.16    2.18 ^ input12/X (sky130_fd_sc_hd__buf_6)
     2    0.08                           net12 (net)
                  0.18    0.03    2.22 ^ fanout28/A (sky130_fd_sc_hd__clkbuf_8)
                  0.14    0.24    2.46 ^ fanout28/X (sky130_fd_sc_hd__clkbuf_8)
    18    0.08                           net28 (net)
                  0.14    0.00    2.46 ^ _1047_/RESET_B (sky130_fd_sc_hd__dfrtp_1)
                                  2.46   data arrival time

                          0.00    0.00   clock w_clk (rise edge)
                          0.00    0.00   clock source latency
                  0.27    0.19    0.19 ^ w_clk (in)
     1    0.06                           w_clk (net)
                  0.27    0.00    0.19 ^ clkbuf_0_w_clk/A (sky130_fd_sc_hd__clkbuf_16)
                  0.11    0.27    0.46 ^ clkbuf_0_w_clk/X (sky130_fd_sc_hd__clkbuf_16)
    16    0.09                           clknet_0_w_clk (net)
                  0.11    0.00    0.46 ^ clkbuf_4_1_0_w_clk/A (sky130_fd_sc_hd__clkbuf_8)
                  0.07    0.18    0.64 ^ clkbuf_4_1_0_w_clk/X (sky130_fd_sc_hd__clkbuf_8)
    10    0.03                           clknet_4_1_0_w_clk (net)
                  0.07    0.00    0.64 ^ _1047_/CLK (sky130_fd_sc_hd__dfrtp_1)
                          0.25    0.89   clock uncertainty
                          0.00    0.89   clock reconvergence pessimism
                          0.35    1.24   library removal time
                                  1.24   data required time
-----------------------------------------------------------------------------
                                  1.24   data required time
                                 -2.46   data arrival time
-----------------------------------------------------------------------------
                                  1.22   slack (MET)


Startpoint: w_rst_n (input port clocked by w_clk)
Endpoint: _1041_ (removal check against rising-edge clock w_clk)
Path Group: asynchronous
Path Type: min

Fanout     Cap    Slew   Delay    Time   Description
-----------------------------------------------------------------------------
                          0.00    0.00   clock w_clk (rise edge)
                          0.00    0.00   clock network delay (propagated)
                          2.00    2.00 ^ input external delay
                  0.03    0.02    2.02 ^ w_rst_n (in)
     1    0.01                           w_rst_n (net)
                  0.03    0.00    2.02 ^ input12/A (sky130_fd_sc_hd__buf_6)
                  0.17    0.16    2.18 ^ input12/X (sky130_fd_sc_hd__buf_6)
     2    0.08                           net12 (net)
                  0.18    0.03    2.22 ^ fanout28/A (sky130_fd_sc_hd__clkbuf_8)
                  0.14    0.24    2.46 ^ fanout28/X (sky130_fd_sc_hd__clkbuf_8)
    18    0.08                           net28 (net)
                  0.14    0.00    2.46 ^ _1041_/RESET_B (sky130_fd_sc_hd__dfrtp_1)
                                  2.46   data arrival time

                          0.00    0.00   clock w_clk (rise edge)
                          0.00    0.00   clock source latency
                  0.27    0.19    0.19 ^ w_clk (in)
     1    0.06                           w_clk (net)
                  0.27    0.00    0.19 ^ clkbuf_0_w_clk/A (sky130_fd_sc_hd__clkbuf_16)
                  0.11    0.27    0.46 ^ clkbuf_0_w_clk/X (sky130_fd_sc_hd__clkbuf_16)
    16    0.09                           clknet_0_w_clk (net)
                  0.11    0.00    0.46 ^ clkbuf_4_1_0_w_clk/A (sky130_fd_sc_hd__clkbuf_8)
                  0.07    0.18    0.64 ^ clkbuf_4_1_0_w_clk/X (sky130_fd_sc_hd__clkbuf_8)
    10    0.03                           clknet_4_1_0_w_clk (net)
                  0.07    0.00    0.64 ^ _1041_/CLK (sky130_fd_sc_hd__dfrtp_1)
                          0.25    0.89   clock uncertainty
                          0.00    0.89   clock reconvergence pessimism
                          0.35    1.24   library removal time
                                  1.24   data required time
-----------------------------------------------------------------------------
                                  1.24   data required time
                                 -2.46   data arrival time
-----------------------------------------------------------------------------
                                  1.22   slack (MET)


Startpoint: w_rst_n (input port clocked by w_clk)
Endpoint: _1019_ (removal check against rising-edge clock w_clk)
Path Group: asynchronous
Path Type: min

Fanout     Cap    Slew   Delay    Time   Description
-----------------------------------------------------------------------------
                          0.00    0.00   clock w_clk (rise edge)
                          0.00    0.00   clock network delay (propagated)
                          2.00    2.00 ^ input external delay
                  0.03    0.02    2.02 ^ w_rst_n (in)
     1    0.01                           w_rst_n (net)
                  0.03    0.00    2.02 ^ input12/A (sky130_fd_sc_hd__buf_6)
                  0.17    0.16    2.18 ^ input12/X (sky130_fd_sc_hd__buf_6)
     2    0.08                           net12 (net)
                  0.18    0.03    2.22 ^ fanout28/A (sky130_fd_sc_hd__clkbuf_8)
                  0.14    0.24    2.46 ^ fanout28/X (sky130_fd_sc_hd__clkbuf_8)
    18    0.08                           net28 (net)
                  0.14    0.00    2.46 ^ _1019_/RESET_B (sky130_fd_sc_hd__dfrtp_1)
                                  2.46   data arrival time

                          0.00    0.00   clock w_clk (rise edge)
                          0.00    0.00   clock source latency
                  0.27    0.19    0.19 ^ w_clk (in)
     1    0.06                           w_clk (net)
                  0.27    0.00    0.19 ^ clkbuf_0_w_clk/A (sky130_fd_sc_hd__clkbuf_16)
                  0.11    0.27    0.46 ^ clkbuf_0_w_clk/X (sky130_fd_sc_hd__clkbuf_16)
    16    0.09                           clknet_0_w_clk (net)
                  0.11    0.00    0.46 ^ clkbuf_4_1_0_w_clk/A (sky130_fd_sc_hd__clkbuf_8)
                  0.07    0.18    0.64 ^ clkbuf_4_1_0_w_clk/X (sky130_fd_sc_hd__clkbuf_8)
    10    0.03                           clknet_4_1_0_w_clk (net)
                  0.07    0.00    0.64 ^ _1019_/CLK (sky130_fd_sc_hd__dfrtp_1)
                          0.25    0.89   clock uncertainty
                          0.00    0.89   clock reconvergence pessimism
                          0.35    1.24   library removal time
                                  1.24   data required time
-----------------------------------------------------------------------------
                                  1.24   data required time
                                 -2.46   data arrival time
-----------------------------------------------------------------------------
                                  1.22   slack (MET)


Startpoint: w_rst_n (input port clocked by w_clk)
Endpoint: _1046_ (removal check against rising-edge clock w_clk)
Path Group: asynchronous
Path Type: min

Fanout     Cap    Slew   Delay    Time   Description
-----------------------------------------------------------------------------
                          0.00    0.00   clock w_clk (rise edge)
                          0.00    0.00   clock network delay (propagated)
                          2.00    2.00 ^ input external delay
                  0.03    0.02    2.02 ^ w_rst_n (in)
     1    0.01                           w_rst_n (net)
                  0.03    0.00    2.02 ^ input12/A (sky130_fd_sc_hd__buf_6)
                  0.17    0.16    2.18 ^ input12/X (sky130_fd_sc_hd__buf_6)
     2    0.08                           net12 (net)
                  0.18    0.03    2.22 ^ fanout28/A (sky130_fd_sc_hd__clkbuf_8)
                  0.14    0.24    2.46 ^ fanout28/X (sky130_fd_sc_hd__clkbuf_8)
    18    0.08                           net28 (net)
                  0.14    0.00    2.46 ^ _1046_/RESET_B (sky130_fd_sc_hd__dfrtp_1)
                                  2.46   data arrival time

                          0.00    0.00   clock w_clk (rise edge)
                          0.00    0.00   clock source latency
                  0.27    0.19    0.19 ^ w_clk (in)
     1    0.06                           w_clk (net)
                  0.27    0.00    0.19 ^ clkbuf_0_w_clk/A (sky130_fd_sc_hd__clkbuf_16)
                  0.11    0.27    0.46 ^ clkbuf_0_w_clk/X (sky130_fd_sc_hd__clkbuf_16)
    16    0.09                           clknet_0_w_clk (net)
                  0.11    0.00    0.46 ^ clkbuf_4_1_0_w_clk/A (sky130_fd_sc_hd__clkbuf_8)
                  0.07    0.18    0.64 ^ clkbuf_4_1_0_w_clk/X (sky130_fd_sc_hd__clkbuf_8)
    10    0.03                           clknet_4_1_0_w_clk (net)
                  0.07    0.00    0.64 ^ _1046_/CLK (sky130_fd_sc_hd__dfrtp_1)
                          0.25    0.89   clock uncertainty
                          0.00    0.89   clock reconvergence pessimism
                          0.35    1.24   library removal time
                                  1.24   data required time
-----------------------------------------------------------------------------
                                  1.24   data required time
                                 -2.46   data arrival time
-----------------------------------------------------------------------------
                                  1.22   slack (MET)


Startpoint: w_rst_n (input port clocked by w_clk)
Endpoint: _1043_ (removal check against rising-edge clock w_clk)
Path Group: asynchronous
Path Type: min

Fanout     Cap    Slew   Delay    Time   Description
-----------------------------------------------------------------------------
                          0.00    0.00   clock w_clk (rise edge)
                          0.00    0.00   clock network delay (propagated)
                          2.00    2.00 ^ input external delay
                  0.03    0.02    2.02 ^ w_rst_n (in)
     1    0.01                           w_rst_n (net)
                  0.03    0.00    2.02 ^ input12/A (sky130_fd_sc_hd__buf_6)
                  0.17    0.16    2.18 ^ input12/X (sky130_fd_sc_hd__buf_6)
     2    0.08                           net12 (net)
                  0.18    0.03    2.22 ^ fanout28/A (sky130_fd_sc_hd__clkbuf_8)
                  0.14    0.24    2.46 ^ fanout28/X (sky130_fd_sc_hd__clkbuf_8)
    18    0.08                           net28 (net)
                  0.14    0.00    2.46 ^ _1043_/RESET_B (sky130_fd_sc_hd__dfrtp_1)
                                  2.46   data arrival time

                          0.00    0.00   clock w_clk (rise edge)
                          0.00    0.00   clock source latency
                  0.27    0.19    0.19 ^ w_clk (in)
     1    0.06                           w_clk (net)
                  0.27    0.00    0.19 ^ clkbuf_0_w_clk/A (sky130_fd_sc_hd__clkbuf_16)
                  0.11    0.27    0.46 ^ clkbuf_0_w_clk/X (sky130_fd_sc_hd__clkbuf_16)
    16    0.09                           clknet_0_w_clk (net)
                  0.11    0.00    0.46 ^ clkbuf_4_2_0_w_clk/A (sky130_fd_sc_hd__clkbuf_8)
                  0.07    0.18    0.64 ^ clkbuf_4_2_0_w_clk/X (sky130_fd_sc_hd__clkbuf_8)
    11    0.03                           clknet_4_2_0_w_clk (net)
                  0.07    0.00    0.64 ^ _1043_/CLK (sky130_fd_sc_hd__dfrtp_1)
                          0.25    0.89   clock uncertainty
                          0.00    0.89   clock reconvergence pessimism
                          0.35    1.24   library removal time
                                  1.24   data required time
-----------------------------------------------------------------------------
                                  1.24   data required time
                                 -2.46   data arrival time
-----------------------------------------------------------------------------
                                  1.22   slack (MET)


Startpoint: w_rst_n (input port clocked by w_clk)
Endpoint: _1018_ (removal check against rising-edge clock w_clk)
Path Group: asynchronous
Path Type: min

Fanout     Cap    Slew   Delay    Time   Description
-----------------------------------------------------------------------------
                          0.00    0.00   clock w_clk (rise edge)
                          0.00    0.00   clock network delay (propagated)
                          2.00    2.00 ^ input external delay
                  0.03    0.02    2.02 ^ w_rst_n (in)
     1    0.01                           w_rst_n (net)
                  0.03    0.00    2.02 ^ input12/A (sky130_fd_sc_hd__buf_6)
                  0.17    0.16    2.18 ^ input12/X (sky130_fd_sc_hd__buf_6)
     2    0.08                           net12 (net)
                  0.18    0.03    2.22 ^ fanout28/A (sky130_fd_sc_hd__clkbuf_8)
                  0.14    0.24    2.46 ^ fanout28/X (sky130_fd_sc_hd__clkbuf_8)
    18    0.08                           net28 (net)
                  0.14    0.00    2.46 ^ _1018_/RESET_B (sky130_fd_sc_hd__dfrtp_1)
                                  2.46   data arrival time

                          0.00    0.00   clock w_clk (rise edge)
                          0.00    0.00   clock source latency
                  0.27    0.19    0.19 ^ w_clk (in)
     1    0.06                           w_clk (net)
                  0.27    0.00    0.19 ^ clkbuf_0_w_clk/A (sky130_fd_sc_hd__clkbuf_16)
                  0.11    0.27    0.46 ^ clkbuf_0_w_clk/X (sky130_fd_sc_hd__clkbuf_16)
    16    0.09                           clknet_0_w_clk (net)
                  0.11    0.00    0.46 ^ clkbuf_4_1_0_w_clk/A (sky130_fd_sc_hd__clkbuf_8)
                  0.07    0.18    0.64 ^ clkbuf_4_1_0_w_clk/X (sky130_fd_sc_hd__clkbuf_8)
    10    0.03                           clknet_4_1_0_w_clk (net)
                  0.07    0.00    0.64 ^ _1018_/CLK (sky130_fd_sc_hd__dfrtp_1)
                          0.25    0.89   clock uncertainty
                          0.00    0.89   clock reconvergence pessimism
                          0.35    1.24   library removal time
                                  1.24   data required time
-----------------------------------------------------------------------------
                                  1.24   data required time
                                 -2.46   data arrival time
-----------------------------------------------------------------------------
                                  1.22   slack (MET)


Startpoint: w_rst_n (input port clocked by w_clk)
Endpoint: _1061_ (removal check against rising-edge clock w_clk)
Path Group: asynchronous
Path Type: min

Fanout     Cap    Slew   Delay    Time   Description
-----------------------------------------------------------------------------
                          0.00    0.00   clock w_clk (rise edge)
                          0.00    0.00   clock network delay (propagated)
                          2.00    2.00 ^ input external delay
                  0.03    0.02    2.02 ^ w_rst_n (in)
     1    0.01                           w_rst_n (net)
                  0.03    0.00    2.02 ^ input12/A (sky130_fd_sc_hd__buf_6)
                  0.17    0.16    2.18 ^ input12/X (sky130_fd_sc_hd__buf_6)
     2    0.08                           net12 (net)
                  0.18    0.03    2.22 ^ fanout28/A (sky130_fd_sc_hd__clkbuf_8)
                  0.14    0.24    2.46 ^ fanout28/X (sky130_fd_sc_hd__clkbuf_8)
    18    0.08                           net28 (net)
                  0.14    0.00    2.46 ^ _1061_/RESET_B (sky130_fd_sc_hd__dfrtp_4)
                                  2.46   data arrival time

                          0.00    0.00   clock w_clk (rise edge)
                          0.00    0.00   clock source latency
                  0.27    0.19    0.19 ^ w_clk (in)
     1    0.06                           w_clk (net)
                  0.27    0.00    0.19 ^ clkbuf_0_w_clk/A (sky130_fd_sc_hd__clkbuf_16)
                  0.11    0.27    0.46 ^ clkbuf_0_w_clk/X (sky130_fd_sc_hd__clkbuf_16)
    16    0.09                           clknet_0_w_clk (net)
                  0.11    0.00    0.46 ^ clkbuf_4_1_0_w_clk/A (sky130_fd_sc_hd__clkbuf_8)
                  0.07    0.18    0.64 ^ clkbuf_4_1_0_w_clk/X (sky130_fd_sc_hd__clkbuf_8)
    10    0.03                           clknet_4_1_0_w_clk (net)
                  0.07    0.00    0.64 ^ _1061_/CLK (sky130_fd_sc_hd__dfrtp_4)
                          0.25    0.89   clock uncertainty
                          0.00    0.89   clock reconvergence pessimism
                          0.35    1.24   library removal time
                                  1.24   data required time
-----------------------------------------------------------------------------
                                  1.24   data required time
                                 -2.46   data arrival time
-----------------------------------------------------------------------------
                                  1.22   slack (MET)


Startpoint: w_rst_n (input port clocked by w_clk)
Endpoint: _1062_ (removal check against rising-edge clock w_clk)
Path Group: asynchronous
Path Type: min

Fanout     Cap    Slew   Delay    Time   Description
-----------------------------------------------------------------------------
                          0.00    0.00   clock w_clk (rise edge)
                          0.00    0.00   clock network delay (propagated)
                          2.00    2.00 ^ input external delay
                  0.03    0.02    2.02 ^ w_rst_n (in)
     1    0.01                           w_rst_n (net)
                  0.03    0.00    2.02 ^ input12/A (sky130_fd_sc_hd__buf_6)
                  0.17    0.16    2.18 ^ input12/X (sky130_fd_sc_hd__buf_6)
     2    0.08                           net12 (net)
                  0.18    0.03    2.22 ^ fanout28/A (sky130_fd_sc_hd__clkbuf_8)
                  0.14    0.24    2.46 ^ fanout28/X (sky130_fd_sc_hd__clkbuf_8)
    18    0.08                           net28 (net)
                  0.14    0.00    2.46 ^ _1062_/RESET_B (sky130_fd_sc_hd__dfrtp_4)
                                  2.46   data arrival time

                          0.00    0.00   clock w_clk (rise edge)
                          0.00    0.00   clock source latency
                  0.27    0.19    0.19 ^ w_clk (in)
     1    0.06                           w_clk (net)
                  0.27    0.00    0.19 ^ clkbuf_0_w_clk/A (sky130_fd_sc_hd__clkbuf_16)
                  0.11    0.27    0.46 ^ clkbuf_0_w_clk/X (sky130_fd_sc_hd__clkbuf_16)
    16    0.09                           clknet_0_w_clk (net)
                  0.11    0.00    0.46 ^ clkbuf_4_1_0_w_clk/A (sky130_fd_sc_hd__clkbuf_8)
                  0.07    0.18    0.64 ^ clkbuf_4_1_0_w_clk/X (sky130_fd_sc_hd__clkbuf_8)
    10    0.03                           clknet_4_1_0_w_clk (net)
                  0.07    0.00    0.64 ^ _1062_/CLK (sky130_fd_sc_hd__dfrtp_4)
                          0.25    0.89   clock uncertainty
                          0.00    0.89   clock reconvergence pessimism
                          0.35    1.24   library removal time
                                  1.24   data required time
-----------------------------------------------------------------------------
                                  1.24   data required time
                                 -2.46   data arrival time
-----------------------------------------------------------------------------
                                  1.22   slack (MET)


Startpoint: w_rst_n (input port clocked by w_clk)
Endpoint: _1060_ (removal check against rising-edge clock w_clk)
Path Group: asynchronous
Path Type: min

Fanout     Cap    Slew   Delay    Time   Description
-----------------------------------------------------------------------------
                          0.00    0.00   clock w_clk (rise edge)
                          0.00    0.00   clock network delay (propagated)
                          2.00    2.00 ^ input external delay
                  0.03    0.02    2.02 ^ w_rst_n (in)
     1    0.01                           w_rst_n (net)
                  0.03    0.00    2.02 ^ input12/A (sky130_fd_sc_hd__buf_6)
                  0.17    0.16    2.18 ^ input12/X (sky130_fd_sc_hd__buf_6)
     2    0.08                           net12 (net)
                  0.18    0.03    2.22 ^ fanout28/A (sky130_fd_sc_hd__clkbuf_8)
                  0.14    0.24    2.46 ^ fanout28/X (sky130_fd_sc_hd__clkbuf_8)
    18    0.08                           net28 (net)
                  0.14    0.00    2.46 ^ _1060_/RESET_B (sky130_fd_sc_hd__dfrtp_1)
                                  2.46   data arrival time

                          0.00    0.00   clock w_clk (rise edge)
                          0.00    0.00   clock source latency
                  0.27    0.19    0.19 ^ w_clk (in)
     1    0.06                           w_clk (net)
                  0.27    0.00    0.19 ^ clkbuf_0_w_clk/A (sky130_fd_sc_hd__clkbuf_16)
                  0.11    0.27    0.46 ^ clkbuf_0_w_clk/X (sky130_fd_sc_hd__clkbuf_16)
    16    0.09                           clknet_0_w_clk (net)
                  0.11    0.00    0.46 ^ clkbuf_4_1_0_w_clk/A (sky130_fd_sc_hd__clkbuf_8)
                  0.07    0.18    0.64 ^ clkbuf_4_1_0_w_clk/X (sky130_fd_sc_hd__clkbuf_8)
    10    0.03                           clknet_4_1_0_w_clk (net)
                  0.07    0.00    0.64 ^ _1060_/CLK (sky130_fd_sc_hd__dfrtp_1)
                          0.25    0.89   clock uncertainty
                          0.00    0.89   clock reconvergence pessimism
                          0.35    1.24   library removal time
                                  1.24   data required time
-----------------------------------------------------------------------------
                                  1.24   data required time
                                 -2.46   data arrival time
-----------------------------------------------------------------------------
                                  1.22   slack (MET)


Startpoint: w_rst_n (input port clocked by w_clk)
Endpoint: _1049_ (removal check against rising-edge clock w_clk)
Path Group: asynchronous
Path Type: min

Fanout     Cap    Slew   Delay    Time   Description
-----------------------------------------------------------------------------
                          0.00    0.00   clock w_clk (rise edge)
                          0.00    0.00   clock network delay (propagated)
                          2.00    2.00 ^ input external delay
                  0.03    0.02    2.02 ^ w_rst_n (in)
     1    0.01                           w_rst_n (net)
                  0.03    0.00    2.02 ^ input12/A (sky130_fd_sc_hd__buf_6)
                  0.17    0.16    2.18 ^ input12/X (sky130_fd_sc_hd__buf_6)
     2    0.08                           net12 (net)
                  0.18    0.03    2.22 ^ fanout28/A (sky130_fd_sc_hd__clkbuf_8)
                  0.14    0.24    2.46 ^ fanout28/X (sky130_fd_sc_hd__clkbuf_8)
    18    0.08                           net28 (net)
                  0.14    0.00    2.46 ^ _1049_/RESET_B (sky130_fd_sc_hd__dfrtp_1)
                                  2.46   data arrival time

                          0.00    0.00   clock w_clk (rise edge)
                          0.00    0.00   clock source latency
                  0.27    0.19    0.19 ^ w_clk (in)
     1    0.06                           w_clk (net)
                  0.27    0.00    0.19 ^ clkbuf_0_w_clk/A (sky130_fd_sc_hd__clkbuf_16)
                  0.11    0.27    0.46 ^ clkbuf_0_w_clk/X (sky130_fd_sc_hd__clkbuf_16)
    16    0.09                           clknet_0_w_clk (net)
                  0.11    0.00    0.46 ^ clkbuf_4_0_0_w_clk/A (sky130_fd_sc_hd__clkbuf_8)
                  0.06    0.17    0.63 ^ clkbuf_4_0_0_w_clk/X (sky130_fd_sc_hd__clkbuf_8)
     8    0.02                           clknet_4_0_0_w_clk (net)
                  0.06    0.00    0.63 ^ _1049_/CLK (sky130_fd_sc_hd__dfrtp_1)
                          0.25    0.88   clock uncertainty
                          0.00    0.88   clock reconvergence pessimism
                          0.35    1.23   library removal time
                                  1.23   data required time
-----------------------------------------------------------------------------
                                  1.23   data required time
                                 -2.46   data arrival time
-----------------------------------------------------------------------------
                                  1.23   slack (MET)


Startpoint: w_rst_n (input port clocked by w_clk)
Endpoint: _1021_ (removal check against rising-edge clock w_clk)
Path Group: asynchronous
Path Type: min

Fanout     Cap    Slew   Delay    Time   Description
-----------------------------------------------------------------------------
                          0.00    0.00   clock w_clk (rise edge)
                          0.00    0.00   clock network delay (propagated)
                          2.00    2.00 ^ input external delay
                  0.03    0.02    2.02 ^ w_rst_n (in)
     1    0.01                           w_rst_n (net)
                  0.03    0.00    2.02 ^ input12/A (sky130_fd_sc_hd__buf_6)
                  0.17    0.16    2.18 ^ input12/X (sky130_fd_sc_hd__buf_6)
     2    0.08                           net12 (net)
                  0.18    0.03    2.22 ^ fanout28/A (sky130_fd_sc_hd__clkbuf_8)
                  0.14    0.24    2.46 ^ fanout28/X (sky130_fd_sc_hd__clkbuf_8)
    18    0.08                           net28 (net)
                  0.14    0.00    2.46 ^ _1021_/RESET_B (sky130_fd_sc_hd__dfrtp_1)
                                  2.46   data arrival time

                          0.00    0.00   clock w_clk (rise edge)
                          0.00    0.00   clock source latency
                  0.27    0.19    0.19 ^ w_clk (in)
     1    0.06                           w_clk (net)
                  0.27    0.00    0.19 ^ clkbuf_0_w_clk/A (sky130_fd_sc_hd__clkbuf_16)
                  0.11    0.27    0.46 ^ clkbuf_0_w_clk/X (sky130_fd_sc_hd__clkbuf_16)
    16    0.09                           clknet_0_w_clk (net)
                  0.11    0.00    0.46 ^ clkbuf_4_0_0_w_clk/A (sky130_fd_sc_hd__clkbuf_8)
                  0.06    0.17    0.63 ^ clkbuf_4_0_0_w_clk/X (sky130_fd_sc_hd__clkbuf_8)
     8    0.02                           clknet_4_0_0_w_clk (net)
                  0.06    0.00    0.63 ^ _1021_/CLK (sky130_fd_sc_hd__dfrtp_1)
                          0.25    0.88   clock uncertainty
                          0.00    0.88   clock reconvergence pessimism
                          0.35    1.23   library removal time
                                  1.23   data required time
-----------------------------------------------------------------------------
                                  1.23   data required time
                                 -2.46   data arrival time
-----------------------------------------------------------------------------
                                  1.23   slack (MET)


Startpoint: w_rst_n (input port clocked by w_clk)
Endpoint: _1020_ (removal check against rising-edge clock w_clk)
Path Group: asynchronous
Path Type: min

Fanout     Cap    Slew   Delay    Time   Description
-----------------------------------------------------------------------------
                          0.00    0.00   clock w_clk (rise edge)
                          0.00    0.00   clock network delay (propagated)
                          2.00    2.00 ^ input external delay
                  0.03    0.02    2.02 ^ w_rst_n (in)
     1    0.01                           w_rst_n (net)
                  0.03    0.00    2.02 ^ input12/A (sky130_fd_sc_hd__buf_6)
                  0.17    0.16    2.18 ^ input12/X (sky130_fd_sc_hd__buf_6)
     2    0.08                           net12 (net)
                  0.18    0.03    2.22 ^ fanout28/A (sky130_fd_sc_hd__clkbuf_8)
                  0.14    0.24    2.46 ^ fanout28/X (sky130_fd_sc_hd__clkbuf_8)
    18    0.08                           net28 (net)
                  0.14    0.00    2.46 ^ _1020_/RESET_B (sky130_fd_sc_hd__dfrtp_1)
                                  2.46   data arrival time

                          0.00    0.00   clock w_clk (rise edge)
                          0.00    0.00   clock source latency
                  0.27    0.19    0.19 ^ w_clk (in)
     1    0.06                           w_clk (net)
                  0.27    0.00    0.19 ^ clkbuf_0_w_clk/A (sky130_fd_sc_hd__clkbuf_16)
                  0.11    0.27    0.46 ^ clkbuf_0_w_clk/X (sky130_fd_sc_hd__clkbuf_16)
    16    0.09                           clknet_0_w_clk (net)
                  0.11    0.00    0.46 ^ clkbuf_4_0_0_w_clk/A (sky130_fd_sc_hd__clkbuf_8)
                  0.06    0.17    0.63 ^ clkbuf_4_0_0_w_clk/X (sky130_fd_sc_hd__clkbuf_8)
     8    0.02                           clknet_4_0_0_w_clk (net)
                  0.06    0.00    0.63 ^ _1020_/CLK (sky130_fd_sc_hd__dfrtp_1)
                          0.25    0.88   clock uncertainty
                          0.00    0.88   clock reconvergence pessimism
                          0.35    1.23   library removal time
                                  1.23   data required time
-----------------------------------------------------------------------------
                                  1.23   data required time
                                 -2.46   data arrival time
-----------------------------------------------------------------------------
                                  1.23   slack (MET)


Startpoint: w_rst_n (input port clocked by w_clk)
Endpoint: _1048_ (removal check against rising-edge clock w_clk)
Path Group: asynchronous
Path Type: min

Fanout     Cap    Slew   Delay    Time   Description
-----------------------------------------------------------------------------
                          0.00    0.00   clock w_clk (rise edge)
                          0.00    0.00   clock network delay (propagated)
                          2.00    2.00 ^ input external delay
                  0.03    0.02    2.02 ^ w_rst_n (in)
     1    0.01                           w_rst_n (net)
                  0.03    0.00    2.02 ^ input12/A (sky130_fd_sc_hd__buf_6)
                  0.17    0.16    2.18 ^ input12/X (sky130_fd_sc_hd__buf_6)
     2    0.08                           net12 (net)
                  0.18    0.03    2.22 ^ fanout28/A (sky130_fd_sc_hd__clkbuf_8)
                  0.14    0.24    2.46 ^ fanout28/X (sky130_fd_sc_hd__clkbuf_8)
    18    0.08                           net28 (net)
                  0.14    0.00    2.46 ^ _1048_/RESET_B (sky130_fd_sc_hd__dfrtp_1)
                                  2.46   data arrival time

                          0.00    0.00   clock w_clk (rise edge)
                          0.00    0.00   clock source latency
                  0.27    0.19    0.19 ^ w_clk (in)
     1    0.06                           w_clk (net)
                  0.27    0.00    0.19 ^ clkbuf_0_w_clk/A (sky130_fd_sc_hd__clkbuf_16)
                  0.11    0.27    0.46 ^ clkbuf_0_w_clk/X (sky130_fd_sc_hd__clkbuf_16)
    16    0.09                           clknet_0_w_clk (net)
                  0.11    0.00    0.46 ^ clkbuf_4_0_0_w_clk/A (sky130_fd_sc_hd__clkbuf_8)
                  0.06    0.17    0.63 ^ clkbuf_4_0_0_w_clk/X (sky130_fd_sc_hd__clkbuf_8)
     8    0.02                           clknet_4_0_0_w_clk (net)
                  0.06    0.00    0.63 ^ _1048_/CLK (sky130_fd_sc_hd__dfrtp_1)
                          0.25    0.88   clock uncertainty
                          0.00    0.88   clock reconvergence pessimism
                          0.35    1.23   library removal time
                                  1.23   data required time
-----------------------------------------------------------------------------
                                  1.23   data required time
                                 -2.46   data arrival time
-----------------------------------------------------------------------------
                                  1.23   slack (MET)


Startpoint: w_rst_n (input port clocked by w_clk)
Endpoint: _1044_ (removal check against rising-edge clock w_clk)
Path Group: asynchronous
Path Type: min

Fanout     Cap    Slew   Delay    Time   Description
-----------------------------------------------------------------------------
                          0.00    0.00   clock w_clk (rise edge)
                          0.00    0.00   clock network delay (propagated)
                          2.00    2.00 ^ input external delay
                  0.03    0.02    2.02 ^ w_rst_n (in)
     1    0.01                           w_rst_n (net)
                  0.03    0.00    2.02 ^ input12/A (sky130_fd_sc_hd__buf_6)
                  0.17    0.16    2.18 ^ input12/X (sky130_fd_sc_hd__buf_6)
     2    0.08                           net12 (net)
                  0.18    0.03    2.22 ^ fanout28/A (sky130_fd_sc_hd__clkbuf_8)
                  0.14    0.24    2.46 ^ fanout28/X (sky130_fd_sc_hd__clkbuf_8)
    18    0.08                           net28 (net)
                  0.14    0.00    2.46 ^ _1044_/RESET_B (sky130_fd_sc_hd__dfrtp_1)
                                  2.46   data arrival time

                          0.00    0.00   clock w_clk (rise edge)
                          0.00    0.00   clock source latency
                  0.27    0.19    0.19 ^ w_clk (in)
     1    0.06                           w_clk (net)
                  0.27    0.00    0.19 ^ clkbuf_0_w_clk/A (sky130_fd_sc_hd__clkbuf_16)
                  0.11    0.27    0.46 ^ clkbuf_0_w_clk/X (sky130_fd_sc_hd__clkbuf_16)
    16    0.09                           clknet_0_w_clk (net)
                  0.11    0.00    0.46 ^ clkbuf_4_0_0_w_clk/A (sky130_fd_sc_hd__clkbuf_8)
                  0.06    0.17    0.63 ^ clkbuf_4_0_0_w_clk/X (sky130_fd_sc_hd__clkbuf_8)
     8    0.02                           clknet_4_0_0_w_clk (net)
                  0.06    0.00    0.63 ^ _1044_/CLK (sky130_fd_sc_hd__dfrtp_1)
                          0.25    0.88   clock uncertainty
                          0.00    0.88   clock reconvergence pessimism
                          0.35    1.23   library removal time
                                  1.23   data required time
-----------------------------------------------------------------------------
                                  1.23   data required time
                                 -2.46   data arrival time
-----------------------------------------------------------------------------
                                  1.23   slack (MET)


Startpoint: w_rst_n (input port clocked by w_clk)
Endpoint: _1045_ (removal check against rising-edge clock w_clk)
Path Group: asynchronous
Path Type: min

Fanout     Cap    Slew   Delay    Time   Description
-----------------------------------------------------------------------------
                          0.00    0.00   clock w_clk (rise edge)
                          0.00    0.00   clock network delay (propagated)
                          2.00    2.00 ^ input external delay
                  0.03    0.02    2.02 ^ w_rst_n (in)
     1    0.01                           w_rst_n (net)
                  0.03    0.00    2.02 ^ input12/A (sky130_fd_sc_hd__buf_6)
                  0.17    0.16    2.18 ^ input12/X (sky130_fd_sc_hd__buf_6)
     2    0.08                           net12 (net)
                  0.18    0.03    2.22 ^ fanout28/A (sky130_fd_sc_hd__clkbuf_8)
                  0.14    0.24    2.46 ^ fanout28/X (sky130_fd_sc_hd__clkbuf_8)
    18    0.08                           net28 (net)
                  0.14    0.00    2.46 ^ _1045_/RESET_B (sky130_fd_sc_hd__dfrtp_1)
                                  2.46   data arrival time

                          0.00    0.00   clock w_clk (rise edge)
                          0.00    0.00   clock source latency
                  0.27    0.19    0.19 ^ w_clk (in)
     1    0.06                           w_clk (net)
                  0.27    0.00    0.19 ^ clkbuf_0_w_clk/A (sky130_fd_sc_hd__clkbuf_16)
                  0.11    0.27    0.46 ^ clkbuf_0_w_clk/X (sky130_fd_sc_hd__clkbuf_16)
    16    0.09                           clknet_0_w_clk (net)
                  0.11    0.00    0.46 ^ clkbuf_4_0_0_w_clk/A (sky130_fd_sc_hd__clkbuf_8)
                  0.06    0.17    0.63 ^ clkbuf_4_0_0_w_clk/X (sky130_fd_sc_hd__clkbuf_8)
     8    0.02                           clknet_4_0_0_w_clk (net)
                  0.06    0.00    0.63 ^ _1045_/CLK (sky130_fd_sc_hd__dfrtp_1)
                          0.25    0.88   clock uncertainty
                          0.00    0.88   clock reconvergence pessimism
                          0.35    1.23   library removal time
                                  1.23   data required time
-----------------------------------------------------------------------------
                                  1.23   data required time
                                 -2.46   data arrival time
-----------------------------------------------------------------------------
                                  1.23   slack (MET)


Startpoint: w_rst_n (input port clocked by w_clk)
Endpoint: _1022_ (removal check against rising-edge clock w_clk)
Path Group: asynchronous
Path Type: min

Fanout     Cap    Slew   Delay    Time   Description
-----------------------------------------------------------------------------
                          0.00    0.00   clock w_clk (rise edge)
                          0.00    0.00   clock network delay (propagated)
                          2.00    2.00 ^ input external delay
                  0.03    0.02    2.02 ^ w_rst_n (in)
     1    0.01                           w_rst_n (net)
                  0.03    0.00    2.02 ^ input12/A (sky130_fd_sc_hd__buf_6)
                  0.17    0.16    2.18 ^ input12/X (sky130_fd_sc_hd__buf_6)
     2    0.08                           net12 (net)
                  0.18    0.03    2.22 ^ fanout28/A (sky130_fd_sc_hd__clkbuf_8)
                  0.14    0.24    2.46 ^ fanout28/X (sky130_fd_sc_hd__clkbuf_8)
    18    0.08                           net28 (net)
                  0.14    0.00    2.46 ^ _1022_/RESET_B (sky130_fd_sc_hd__dfrtp_1)
                                  2.46   data arrival time

                          0.00    0.00   clock w_clk (rise edge)
                          0.00    0.00   clock source latency
                  0.27    0.19    0.19 ^ w_clk (in)
     1    0.06                           w_clk (net)
                  0.27    0.00    0.19 ^ clkbuf_0_w_clk/A (sky130_fd_sc_hd__clkbuf_16)
                  0.11    0.27    0.46 ^ clkbuf_0_w_clk/X (sky130_fd_sc_hd__clkbuf_16)
    16    0.09                           clknet_0_w_clk (net)
                  0.11    0.00    0.46 ^ clkbuf_4_0_0_w_clk/A (sky130_fd_sc_hd__clkbuf_8)
                  0.06    0.17    0.63 ^ clkbuf_4_0_0_w_clk/X (sky130_fd_sc_hd__clkbuf_8)
     8    0.02                           clknet_4_0_0_w_clk (net)
                  0.06    0.00    0.63 ^ _1022_/CLK (sky130_fd_sc_hd__dfrtp_1)
                          0.25    0.88   clock uncertainty
                          0.00    0.88   clock reconvergence pessimism
                          0.35    1.23   library removal time
                                  1.23   data required time
-----------------------------------------------------------------------------
                                  1.23   data required time
                                 -2.46   data arrival time
-----------------------------------------------------------------------------
                                  1.23   slack (MET)


Startpoint: w_rst_n (input port clocked by w_clk)
Endpoint: _1050_ (removal check against rising-edge clock w_clk)
Path Group: asynchronous
Path Type: min

Fanout     Cap    Slew   Delay    Time   Description
-----------------------------------------------------------------------------
                          0.00    0.00   clock w_clk (rise edge)
                          0.00    0.00   clock network delay (propagated)
                          2.00    2.00 ^ input external delay
                  0.03    0.02    2.02 ^ w_rst_n (in)
     1    0.01                           w_rst_n (net)
                  0.03    0.00    2.02 ^ input12/A (sky130_fd_sc_hd__buf_6)
                  0.17    0.16    2.18 ^ input12/X (sky130_fd_sc_hd__buf_6)
     2    0.08                           net12 (net)
                  0.18    0.03    2.22 ^ fanout28/A (sky130_fd_sc_hd__clkbuf_8)
                  0.14    0.24    2.46 ^ fanout28/X (sky130_fd_sc_hd__clkbuf_8)
    18    0.08                           net28 (net)
                  0.14    0.00    2.46 ^ _1050_/RESET_B (sky130_fd_sc_hd__dfrtp_1)
                                  2.46   data arrival time

                          0.00    0.00   clock w_clk (rise edge)
                          0.00    0.00   clock source latency
                  0.27    0.19    0.19 ^ w_clk (in)
     1    0.06                           w_clk (net)
                  0.27    0.00    0.19 ^ clkbuf_0_w_clk/A (sky130_fd_sc_hd__clkbuf_16)
                  0.11    0.27    0.46 ^ clkbuf_0_w_clk/X (sky130_fd_sc_hd__clkbuf_16)
    16    0.09                           clknet_0_w_clk (net)
                  0.11    0.00    0.46 ^ clkbuf_4_0_0_w_clk/A (sky130_fd_sc_hd__clkbuf_8)
                  0.06    0.17    0.63 ^ clkbuf_4_0_0_w_clk/X (sky130_fd_sc_hd__clkbuf_8)
     8    0.02                           clknet_4_0_0_w_clk (net)
                  0.06    0.00    0.63 ^ _1050_/CLK (sky130_fd_sc_hd__dfrtp_1)
                          0.25    0.88   clock uncertainty
                          0.00    0.88   clock reconvergence pessimism
                          0.35    1.23   library removal time
                                  1.23   data required time
-----------------------------------------------------------------------------
                                  1.23   data required time
                                 -2.46   data arrival time
-----------------------------------------------------------------------------
                                  1.23   slack (MET)


Startpoint: _1049_ (rising edge-triggered flip-flop clocked by w_clk)
Endpoint: full (output port clocked by w_clk)
Path Group: w_clk
Path Type: min

Fanout     Cap    Slew   Delay    Time   Description
-----------------------------------------------------------------------------
                          0.00    0.00   clock w_clk (rise edge)
                          0.00    0.00   clock source latency
                  0.27    0.18    0.18 ^ w_clk (in)
     1    0.06                           w_clk (net)
                  0.27    0.00    0.18 ^ clkbuf_0_w_clk/A (sky130_fd_sc_hd__clkbuf_16)
                  0.11    0.24    0.42 ^ clkbuf_0_w_clk/X (sky130_fd_sc_hd__clkbuf_16)
    16    0.09                           clknet_0_w_clk (net)
                  0.11    0.00    0.42 ^ clkbuf_4_0_0_w_clk/A (sky130_fd_sc_hd__clkbuf_8)
                  0.06    0.15    0.57 ^ clkbuf_4_0_0_w_clk/X (sky130_fd_sc_hd__clkbuf_8)
     8    0.02                           clknet_4_0_0_w_clk (net)
                  0.06    0.00    0.57 ^ _1049_/CLK (sky130_fd_sc_hd__dfrtp_1)
                  0.10    0.35    0.92 ^ _1049_/Q (sky130_fd_sc_hd__dfrtp_1)
     1    0.01                           r_ptr_g_sync2[3] (net)
                  0.10    0.00    0.92 ^ _0460_/A (sky130_fd_sc_hd__xnor2_2)
                  0.08    0.14    1.06 ^ _0460_/Y (sky130_fd_sc_hd__xnor2_2)
     2    0.01                           _0162_ (net)
                  0.08    0.00    1.06 ^ _0461_/A (sky130_fd_sc_hd__buf_8)
                  0.15    0.18    1.25 ^ _0461_/X (sky130_fd_sc_hd__buf_8)
    18    0.09                           _0163_ (net)
                  0.15    0.00    1.25 ^ _0475_/A (sky130_fd_sc_hd__nor2_1)
                  0.06    0.09    1.33 v _0475_/Y (sky130_fd_sc_hd__nor2_1)
     1    0.01                           net15 (net)
                  0.06    0.00    1.33 v wire24/A (sky130_fd_sc_hd__clkbuf_4)
                  0.08    0.18    1.51 v wire24/X (sky130_fd_sc_hd__clkbuf_4)
     1    0.03                           net24 (net)
                  0.08    0.01    1.52 v output15/A (sky130_fd_sc_hd__buf_2)
                  0.09    0.19    1.70 v output15/X (sky130_fd_sc_hd__buf_2)
     1    0.03                           full (net)
                  0.09    0.00    1.70 v full (out)
                                  1.70   data arrival time

                          0.00    0.00   clock w_clk (rise edge)
                          0.00    0.00   clock network delay (propagated)
                          0.25    0.25   clock uncertainty
                          0.00    0.25   clock reconvergence pessimism
                         -2.00   -1.75   output external delay
                                 -1.75   data required time
-----------------------------------------------------------------------------
                                 -1.75   data required time
                                 -1.70   data arrival time
-----------------------------------------------------------------------------
                                  3.45   slack (MET)



