OpenSTA 2.4.0 41a51eaf4c Copyright (c) 2021, Parallax Software, Inc.
License GPLv3: GNU GPL version 3 <http://gnu.org/licenses/gpl.html>

This is free software, and you are free to change and redistribute it
under certain conditions; type `show_copying' for details. 
This program comes with ABSOLUTELY NO WARRANTY; for details type `show_warranty'.
define_corners Typical
read_liberty -corner Typical /home/nguyenson99/.ciel/sky130A/libs.ref/sky130_fd_sc_hd/lib/sky130_fd_sc_hd__tt_025C_1v80.lib
Using 1e-12 for capacitance...
Using 1e+03 for resistance...
Using 1e-09 for time...
Using 1e+00 for voltage...
Using 1e-03 for current...
Using 1e-09 for power...
Using 1e-06 for distance...
Reading netlist '/openlane/designs/AsynFifo/runs/run2/results/synthesis/AsynFifo.v'…
Reading design constraints file at '/openlane/scripts/base.sdc'…
[INFO]: Setting output delay to: 2.0
[INFO]: Setting input delay to: 2.0
[INFO]: Setting load to: 0.033442
[INFO]: Setting clock uncertainty to: 0.25
[INFO]: Setting clock transition to: 0.15
[INFO]: Setting timing derate to: 5.0 %
min_report

===========================================================================
report_checks -path_delay min (Hold)
============================================================================
======================= Typical Corner ===================================

Startpoint: _1041_ (rising edge-triggered flip-flop clocked by w_clk)
Endpoint: _1046_ (rising edge-triggered flip-flop clocked by w_clk)
Path Group: w_clk
Path Type: min

Fanout     Cap    Slew   Delay    Time   Description
-----------------------------------------------------------------------------
                  0.15    0.00    0.00   clock w_clk (rise edge)
                          0.00    0.00   clock network delay (ideal)
                  0.15    0.00    0.00 ^ _1041_/CLK (sky130_fd_sc_hd__dfrtp_2)
                  0.04    0.34    0.34 ^ _1041_/Q (sky130_fd_sc_hd__dfrtp_2)
     1    0.00                           r_ptr_g_sync1[0] (net)
                  0.04    0.00    0.34 ^ _1046_/D (sky130_fd_sc_hd__dfrtp_2)
                                  0.34   data arrival time

                  0.15    0.00    0.00   clock w_clk (rise edge)
                          0.00    0.00   clock network delay (ideal)
                          0.25    0.25   clock uncertainty
                          0.00    0.25   clock reconvergence pessimism
                                  0.25 ^ _1046_/CLK (sky130_fd_sc_hd__dfrtp_2)
                         -0.02    0.23   library hold time
                                  0.23   data required time
-----------------------------------------------------------------------------
                                  0.23   data required time
                                 -0.34   data arrival time
-----------------------------------------------------------------------------
                                  0.11   slack (MET)


Startpoint: _1042_ (rising edge-triggered flip-flop clocked by w_clk)
Endpoint: _1047_ (rising edge-triggered flip-flop clocked by w_clk)
Path Group: w_clk
Path Type: min

Fanout     Cap    Slew   Delay    Time   Description
-----------------------------------------------------------------------------
                  0.15    0.00    0.00   clock w_clk (rise edge)
                          0.00    0.00   clock network delay (ideal)
                  0.15    0.00    0.00 ^ _1042_/CLK (sky130_fd_sc_hd__dfrtp_2)
                  0.04    0.34    0.34 ^ _1042_/Q (sky130_fd_sc_hd__dfrtp_2)
     1    0.00                           r_ptr_g_sync1[1] (net)
                  0.04    0.00    0.34 ^ _1047_/D (sky130_fd_sc_hd__dfrtp_2)
                                  0.34   data arrival time

                  0.15    0.00    0.00   clock w_clk (rise edge)
                          0.00    0.00   clock network delay (ideal)
                          0.25    0.25   clock uncertainty
                          0.00    0.25   clock reconvergence pessimism
                                  0.25 ^ _1047_/CLK (sky130_fd_sc_hd__dfrtp_2)
                         -0.02    0.23   library hold time
                                  0.23   data required time
-----------------------------------------------------------------------------
                                  0.23   data required time
                                 -0.34   data arrival time
-----------------------------------------------------------------------------
                                  0.11   slack (MET)


Startpoint: _1043_ (rising edge-triggered flip-flop clocked by w_clk)
Endpoint: _1048_ (rising edge-triggered flip-flop clocked by w_clk)
Path Group: w_clk
Path Type: min

Fanout     Cap    Slew   Delay    Time   Description
-----------------------------------------------------------------------------
                  0.15    0.00    0.00   clock w_clk (rise edge)
                          0.00    0.00   clock network delay (ideal)
                  0.15    0.00    0.00 ^ _1043_/CLK (sky130_fd_sc_hd__dfrtp_2)
                  0.04    0.34    0.34 ^ _1043_/Q (sky130_fd_sc_hd__dfrtp_2)
     1    0.00                           r_ptr_g_sync1[2] (net)
                  0.04    0.00    0.34 ^ _1048_/D (sky130_fd_sc_hd__dfrtp_2)
                                  0.34   data arrival time

                  0.15    0.00    0.00   clock w_clk (rise edge)
                          0.00    0.00   clock network delay (ideal)
                          0.25    0.25   clock uncertainty
                          0.00    0.25   clock reconvergence pessimism
                                  0.25 ^ _1048_/CLK (sky130_fd_sc_hd__dfrtp_2)
                         -0.02    0.23   library hold time
                                  0.23   data required time
-----------------------------------------------------------------------------
                                  0.23   data required time
                                 -0.34   data arrival time
-----------------------------------------------------------------------------
                                  0.11   slack (MET)


Startpoint: _1044_ (rising edge-triggered flip-flop clocked by w_clk)
Endpoint: _1049_ (rising edge-triggered flip-flop clocked by w_clk)
Path Group: w_clk
Path Type: min

Fanout     Cap    Slew   Delay    Time   Description
-----------------------------------------------------------------------------
                  0.15    0.00    0.00   clock w_clk (rise edge)
                          0.00    0.00   clock network delay (ideal)
                  0.15    0.00    0.00 ^ _1044_/CLK (sky130_fd_sc_hd__dfrtp_2)
                  0.04    0.34    0.34 ^ _1044_/Q (sky130_fd_sc_hd__dfrtp_2)
     1    0.00                           r_ptr_g_sync1[3] (net)
                  0.04    0.00    0.34 ^ _1049_/D (sky130_fd_sc_hd__dfrtp_2)
                                  0.34   data arrival time

                  0.15    0.00    0.00   clock w_clk (rise edge)
                          0.00    0.00   clock network delay (ideal)
                          0.25    0.25   clock uncertainty
                          0.00    0.25   clock reconvergence pessimism
                                  0.25 ^ _1049_/CLK (sky130_fd_sc_hd__dfrtp_2)
                         -0.02    0.23   library hold time
                                  0.23   data required time
-----------------------------------------------------------------------------
                                  0.23   data required time
                                 -0.34   data arrival time
-----------------------------------------------------------------------------
                                  0.11   slack (MET)


Startpoint: _1045_ (rising edge-triggered flip-flop clocked by w_clk)
Endpoint: _1050_ (rising edge-triggered flip-flop clocked by w_clk)
Path Group: w_clk
Path Type: min

Fanout     Cap    Slew   Delay    Time   Description
-----------------------------------------------------------------------------
                  0.15    0.00    0.00   clock w_clk (rise edge)
                          0.00    0.00   clock network delay (ideal)
                  0.15    0.00    0.00 ^ _1045_/CLK (sky130_fd_sc_hd__dfrtp_2)
                  0.04    0.34    0.34 ^ _1045_/Q (sky130_fd_sc_hd__dfrtp_2)
     1    0.00                           r_ptr_g_sync1[4] (net)
                  0.04    0.00    0.34 ^ _1050_/D (sky130_fd_sc_hd__dfrtp_2)
                                  0.34   data arrival time

                  0.15    0.00    0.00   clock w_clk (rise edge)
                          0.00    0.00   clock network delay (ideal)
                          0.25    0.25   clock uncertainty
                          0.00    0.25   clock reconvergence pessimism
                                  0.25 ^ _1050_/CLK (sky130_fd_sc_hd__dfrtp_2)
                         -0.02    0.23   library hold time
                                  0.23   data required time
-----------------------------------------------------------------------------
                                  0.23   data required time
                                 -0.34   data arrival time
-----------------------------------------------------------------------------
                                  0.11   slack (MET)


Startpoint: _1020_ (rising edge-triggered flip-flop clocked by w_clk)
Endpoint: _1020_ (rising edge-triggered flip-flop clocked by w_clk)
Path Group: w_clk
Path Type: min

Fanout     Cap    Slew   Delay    Time   Description
-----------------------------------------------------------------------------
                  0.15    0.00    0.00   clock w_clk (rise edge)
                          0.00    0.00   clock network delay (ideal)
                  0.15    0.00    0.00 ^ _1020_/CLK (sky130_fd_sc_hd__dfrtp_2)
                  0.05    0.36    0.36 ^ _1020_/Q (sky130_fd_sc_hd__dfrtp_2)
     2    0.00                           w_ptr_g[2] (net)
                  0.05    0.00    0.36 ^ _0812_/A1 (sky130_fd_sc_hd__o21ba_2)
                  0.03    0.12    0.48 ^ _0812_/X (sky130_fd_sc_hd__o21ba_2)
     1    0.00                           _0114_ (net)
                  0.03    0.00    0.48 ^ _1020_/D (sky130_fd_sc_hd__dfrtp_2)
                                  0.48   data arrival time

                  0.15    0.00    0.00   clock w_clk (rise edge)
                          0.00    0.00   clock network delay (ideal)
                          0.25    0.25   clock uncertainty
                          0.00    0.25   clock reconvergence pessimism
                                  0.25 ^ _1020_/CLK (sky130_fd_sc_hd__dfrtp_2)
                         -0.02    0.23   library hold time
                                  0.23   data required time
-----------------------------------------------------------------------------
                                  0.23   data required time
                                 -0.48   data arrival time
-----------------------------------------------------------------------------
                                  0.25   slack (MET)


Startpoint: _0922_ (rising edge-triggered flip-flop clocked by w_clk)
Endpoint: _0922_ (rising edge-triggered flip-flop clocked by w_clk)
Path Group: w_clk
Path Type: min

Fanout     Cap    Slew   Delay    Time   Description
-----------------------------------------------------------------------------
                  0.15    0.00    0.00   clock w_clk (rise edge)
                          0.00    0.00   clock network delay (ideal)
                  0.15    0.00    0.00 ^ _0922_/CLK (sky130_fd_sc_hd__dfxtp_2)
                  0.04    0.33    0.33 ^ _0922_/Q (sky130_fd_sc_hd__dfxtp_2)
     2    0.00                           mem[14][0] (net)
                  0.04    0.00    0.33 ^ _0588_/A0 (sky130_fd_sc_hd__mux2_2)
                  0.03    0.12    0.45 ^ _0588_/X (sky130_fd_sc_hd__mux2_2)
     1    0.00                           _0272_ (net)
                  0.03    0.00    0.45 ^ _0589_/A (sky130_fd_sc_hd__buf_1)
                  0.03    0.06    0.51 ^ _0589_/X (sky130_fd_sc_hd__buf_1)
     1    0.00                           _0016_ (net)
                  0.03    0.00    0.51 ^ _0922_/D (sky130_fd_sc_hd__dfxtp_2)
                                  0.51   data arrival time

                  0.15    0.00    0.00   clock w_clk (rise edge)
                          0.00    0.00   clock network delay (ideal)
                          0.25    0.25   clock uncertainty
                          0.00    0.25   clock reconvergence pessimism
                                  0.25 ^ _0922_/CLK (sky130_fd_sc_hd__dfxtp_2)
                         -0.01    0.24   library hold time
                                  0.24   data required time
-----------------------------------------------------------------------------
                                  0.24   data required time
                                 -0.51   data arrival time
-----------------------------------------------------------------------------
                                  0.28   slack (MET)


Startpoint: _0923_ (rising edge-triggered flip-flop clocked by w_clk)
Endpoint: _0923_ (rising edge-triggered flip-flop clocked by w_clk)
Path Group: w_clk
Path Type: min

Fanout     Cap    Slew   Delay    Time   Description
-----------------------------------------------------------------------------
                  0.15    0.00    0.00   clock w_clk (rise edge)
                          0.00    0.00   clock network delay (ideal)
                  0.15    0.00    0.00 ^ _0923_/CLK (sky130_fd_sc_hd__dfxtp_2)
                  0.04    0.33    0.33 ^ _0923_/Q (sky130_fd_sc_hd__dfxtp_2)
     2    0.00                           mem[14][1] (net)
                  0.04    0.00    0.33 ^ _0590_/A0 (sky130_fd_sc_hd__mux2_2)
                  0.03    0.12    0.45 ^ _0590_/X (sky130_fd_sc_hd__mux2_2)
     1    0.00                           _0273_ (net)
                  0.03    0.00    0.45 ^ _0591_/A (sky130_fd_sc_hd__buf_1)
                  0.03    0.06    0.51 ^ _0591_/X (sky130_fd_sc_hd__buf_1)
     1    0.00                           _0017_ (net)
                  0.03    0.00    0.51 ^ _0923_/D (sky130_fd_sc_hd__dfxtp_2)
                                  0.51   data arrival time

                  0.15    0.00    0.00   clock w_clk (rise edge)
                          0.00    0.00   clock network delay (ideal)
                          0.25    0.25   clock uncertainty
                          0.00    0.25   clock reconvergence pessimism
                                  0.25 ^ _0923_/CLK (sky130_fd_sc_hd__dfxtp_2)
                         -0.01    0.24   library hold time
                                  0.24   data required time
-----------------------------------------------------------------------------
                                  0.24   data required time
                                 -0.51   data arrival time
-----------------------------------------------------------------------------
                                  0.28   slack (MET)


Startpoint: _0924_ (rising edge-triggered flip-flop clocked by w_clk)
Endpoint: _0924_ (rising edge-triggered flip-flop clocked by w_clk)
Path Group: w_clk
Path Type: min

Fanout     Cap    Slew   Delay    Time   Description
-----------------------------------------------------------------------------
                  0.15    0.00    0.00   clock w_clk (rise edge)
                          0.00    0.00   clock network delay (ideal)
                  0.15    0.00    0.00 ^ _0924_/CLK (sky130_fd_sc_hd__dfxtp_2)
                  0.04    0.33    0.33 ^ _0924_/Q (sky130_fd_sc_hd__dfxtp_2)
     2    0.00                           mem[14][2] (net)
                  0.04    0.00    0.33 ^ _0592_/A0 (sky130_fd_sc_hd__mux2_2)
                  0.03    0.12    0.45 ^ _0592_/X (sky130_fd_sc_hd__mux2_2)
     1    0.00                           _0274_ (net)
                  0.03    0.00    0.45 ^ _0593_/A (sky130_fd_sc_hd__buf_1)
                  0.03    0.06    0.51 ^ _0593_/X (sky130_fd_sc_hd__buf_1)
     1    0.00                           _0018_ (net)
                  0.03    0.00    0.51 ^ _0924_/D (sky130_fd_sc_hd__dfxtp_2)
                                  0.51   data arrival time

                  0.15    0.00    0.00   clock w_clk (rise edge)
                          0.00    0.00   clock network delay (ideal)
                          0.25    0.25   clock uncertainty
                          0.00    0.25   clock reconvergence pessimism
                                  0.25 ^ _0924_/CLK (sky130_fd_sc_hd__dfxtp_2)
                         -0.01    0.24   library hold time
                                  0.24   data required time
-----------------------------------------------------------------------------
                                  0.24   data required time
                                 -0.51   data arrival time
-----------------------------------------------------------------------------
                                  0.28   slack (MET)


Startpoint: _0925_ (rising edge-triggered flip-flop clocked by w_clk)
Endpoint: _0925_ (rising edge-triggered flip-flop clocked by w_clk)
Path Group: w_clk
Path Type: min

Fanout     Cap    Slew   Delay    Time   Description
-----------------------------------------------------------------------------
                  0.15    0.00    0.00   clock w_clk (rise edge)
                          0.00    0.00   clock network delay (ideal)
                  0.15    0.00    0.00 ^ _0925_/CLK (sky130_fd_sc_hd__dfxtp_2)
                  0.04    0.33    0.33 ^ _0925_/Q (sky130_fd_sc_hd__dfxtp_2)
     2    0.00                           mem[14][3] (net)
                  0.04    0.00    0.33 ^ _0594_/A0 (sky130_fd_sc_hd__mux2_2)
                  0.03    0.12    0.45 ^ _0594_/X (sky130_fd_sc_hd__mux2_2)
     1    0.00                           _0275_ (net)
                  0.03    0.00    0.45 ^ _0595_/A (sky130_fd_sc_hd__buf_1)
                  0.03    0.06    0.51 ^ _0595_/X (sky130_fd_sc_hd__buf_1)
     1    0.00                           _0019_ (net)
                  0.03    0.00    0.51 ^ _0925_/D (sky130_fd_sc_hd__dfxtp_2)
                                  0.51   data arrival time

                  0.15    0.00    0.00   clock w_clk (rise edge)
                          0.00    0.00   clock network delay (ideal)
                          0.25    0.25   clock uncertainty
                          0.00    0.25   clock reconvergence pessimism
                                  0.25 ^ _0925_/CLK (sky130_fd_sc_hd__dfxtp_2)
                         -0.01    0.24   library hold time
                                  0.24   data required time
-----------------------------------------------------------------------------
                                  0.24   data required time
                                 -0.51   data arrival time
-----------------------------------------------------------------------------
                                  0.28   slack (MET)


Startpoint: _0926_ (rising edge-triggered flip-flop clocked by w_clk)
Endpoint: _0926_ (rising edge-triggered flip-flop clocked by w_clk)
Path Group: w_clk
Path Type: min

Fanout     Cap    Slew   Delay    Time   Description
-----------------------------------------------------------------------------
                  0.15    0.00    0.00   clock w_clk (rise edge)
                          0.00    0.00   clock network delay (ideal)
                  0.15    0.00    0.00 ^ _0926_/CLK (sky130_fd_sc_hd__dfxtp_2)
                  0.04    0.33    0.33 ^ _0926_/Q (sky130_fd_sc_hd__dfxtp_2)
     2    0.00                           mem[14][4] (net)
                  0.04    0.00    0.33 ^ _0596_/A0 (sky130_fd_sc_hd__mux2_2)
                  0.03    0.12    0.45 ^ _0596_/X (sky130_fd_sc_hd__mux2_2)
     1    0.00                           _0276_ (net)
                  0.03    0.00    0.45 ^ _0597_/A (sky130_fd_sc_hd__buf_1)
                  0.03    0.06    0.51 ^ _0597_/X (sky130_fd_sc_hd__buf_1)
     1    0.00                           _0020_ (net)
                  0.03    0.00    0.51 ^ _0926_/D (sky130_fd_sc_hd__dfxtp_2)
                                  0.51   data arrival time

                  0.15    0.00    0.00   clock w_clk (rise edge)
                          0.00    0.00   clock network delay (ideal)
                          0.25    0.25   clock uncertainty
                          0.00    0.25   clock reconvergence pessimism
                                  0.25 ^ _0926_/CLK (sky130_fd_sc_hd__dfxtp_2)
                         -0.01    0.24   library hold time
                                  0.24   data required time
-----------------------------------------------------------------------------
                                  0.24   data required time
                                 -0.51   data arrival time
-----------------------------------------------------------------------------
                                  0.28   slack (MET)


Startpoint: _0927_ (rising edge-triggered flip-flop clocked by w_clk)
Endpoint: _0927_ (rising edge-triggered flip-flop clocked by w_clk)
Path Group: w_clk
Path Type: min

Fanout     Cap    Slew   Delay    Time   Description
-----------------------------------------------------------------------------
                  0.15    0.00    0.00   clock w_clk (rise edge)
                          0.00    0.00   clock network delay (ideal)
                  0.15    0.00    0.00 ^ _0927_/CLK (sky130_fd_sc_hd__dfxtp_2)
                  0.04    0.33    0.33 ^ _0927_/Q (sky130_fd_sc_hd__dfxtp_2)
     2    0.00                           mem[14][5] (net)
                  0.04    0.00    0.33 ^ _0598_/A0 (sky130_fd_sc_hd__mux2_2)
                  0.03    0.12    0.45 ^ _0598_/X (sky130_fd_sc_hd__mux2_2)
     1    0.00                           _0277_ (net)
                  0.03    0.00    0.45 ^ _0599_/A (sky130_fd_sc_hd__buf_1)
                  0.03    0.06    0.51 ^ _0599_/X (sky130_fd_sc_hd__buf_1)
     1    0.00                           _0021_ (net)
                  0.03    0.00    0.51 ^ _0927_/D (sky130_fd_sc_hd__dfxtp_2)
                                  0.51   data arrival time

                  0.15    0.00    0.00   clock w_clk (rise edge)
                          0.00    0.00   clock network delay (ideal)
                          0.25    0.25   clock uncertainty
                          0.00    0.25   clock reconvergence pessimism
                                  0.25 ^ _0927_/CLK (sky130_fd_sc_hd__dfxtp_2)
                         -0.01    0.24   library hold time
                                  0.24   data required time
-----------------------------------------------------------------------------
                                  0.24   data required time
                                 -0.51   data arrival time
-----------------------------------------------------------------------------
                                  0.28   slack (MET)


Startpoint: _0928_ (rising edge-triggered flip-flop clocked by w_clk)
Endpoint: _0928_ (rising edge-triggered flip-flop clocked by w_clk)
Path Group: w_clk
Path Type: min

Fanout     Cap    Slew   Delay    Time   Description
-----------------------------------------------------------------------------
                  0.15    0.00    0.00   clock w_clk (rise edge)
                          0.00    0.00   clock network delay (ideal)
                  0.15    0.00    0.00 ^ _0928_/CLK (sky130_fd_sc_hd__dfxtp_2)
                  0.04    0.33    0.33 ^ _0928_/Q (sky130_fd_sc_hd__dfxtp_2)
     2    0.00                           mem[14][6] (net)
                  0.04    0.00    0.33 ^ _0600_/A0 (sky130_fd_sc_hd__mux2_2)
                  0.03    0.12    0.45 ^ _0600_/X (sky130_fd_sc_hd__mux2_2)
     1    0.00                           _0278_ (net)
                  0.03    0.00    0.45 ^ _0601_/A (sky130_fd_sc_hd__buf_1)
                  0.03    0.06    0.51 ^ _0601_/X (sky130_fd_sc_hd__buf_1)
     1    0.00                           _0022_ (net)
                  0.03    0.00    0.51 ^ _0928_/D (sky130_fd_sc_hd__dfxtp_2)
                                  0.51   data arrival time

                  0.15    0.00    0.00   clock w_clk (rise edge)
                          0.00    0.00   clock network delay (ideal)
                          0.25    0.25   clock uncertainty
                          0.00    0.25   clock reconvergence pessimism
                                  0.25 ^ _0928_/CLK (sky130_fd_sc_hd__dfxtp_2)
                         -0.01    0.24   library hold time
                                  0.24   data required time
-----------------------------------------------------------------------------
                                  0.24   data required time
                                 -0.51   data arrival time
-----------------------------------------------------------------------------
                                  0.28   slack (MET)


Startpoint: _0929_ (rising edge-triggered flip-flop clocked by w_clk)
Endpoint: _0929_ (rising edge-triggered flip-flop clocked by w_clk)
Path Group: w_clk
Path Type: min

Fanout     Cap    Slew   Delay    Time   Description
-----------------------------------------------------------------------------
                  0.15    0.00    0.00   clock w_clk (rise edge)
                          0.00    0.00   clock network delay (ideal)
                  0.15    0.00    0.00 ^ _0929_/CLK (sky130_fd_sc_hd__dfxtp_2)
                  0.04    0.33    0.33 ^ _0929_/Q (sky130_fd_sc_hd__dfxtp_2)
     2    0.00                           mem[14][7] (net)
                  0.04    0.00    0.33 ^ _0602_/A0 (sky130_fd_sc_hd__mux2_2)
                  0.03    0.12    0.45 ^ _0602_/X (sky130_fd_sc_hd__mux2_2)
     1    0.00                           _0279_ (net)
                  0.03    0.00    0.45 ^ _0603_/A (sky130_fd_sc_hd__buf_1)
                  0.03    0.06    0.51 ^ _0603_/X (sky130_fd_sc_hd__buf_1)
     1    0.00                           _0023_ (net)
                  0.03    0.00    0.51 ^ _0929_/D (sky130_fd_sc_hd__dfxtp_2)
                                  0.51   data arrival time

                  0.15    0.00    0.00   clock w_clk (rise edge)
                          0.00    0.00   clock network delay (ideal)
                          0.25    0.25   clock uncertainty
                          0.00    0.25   clock reconvergence pessimism
                                  0.25 ^ _0929_/CLK (sky130_fd_sc_hd__dfxtp_2)
                         -0.01    0.24   library hold time
                                  0.24   data required time
-----------------------------------------------------------------------------
                                  0.24   data required time
                                 -0.51   data arrival time
-----------------------------------------------------------------------------
                                  0.28   slack (MET)


Startpoint: _0962_ (rising edge-triggered flip-flop clocked by w_clk)
Endpoint: _0962_ (rising edge-triggered flip-flop clocked by w_clk)
Path Group: w_clk
Path Type: min

Fanout     Cap    Slew   Delay    Time   Description
-----------------------------------------------------------------------------
                  0.15    0.00    0.00   clock w_clk (rise edge)
                          0.00    0.00   clock network delay (ideal)
                  0.15    0.00    0.00 ^ _0962_/CLK (sky130_fd_sc_hd__dfxtp_2)
                  0.04    0.33    0.33 ^ _0962_/Q (sky130_fd_sc_hd__dfxtp_2)
     2    0.00                           mem[10][0] (net)
                  0.04    0.00    0.33 ^ _0681_/A0 (sky130_fd_sc_hd__mux2_2)
                  0.03    0.12    0.45 ^ _0681_/X (sky130_fd_sc_hd__mux2_2)
     1    0.00                           _0325_ (net)
                  0.03    0.00    0.45 ^ _0682_/A (sky130_fd_sc_hd__buf_1)
                  0.03    0.06    0.51 ^ _0682_/X (sky130_fd_sc_hd__buf_1)
     1    0.00                           _0056_ (net)
                  0.03    0.00    0.51 ^ _0962_/D (sky130_fd_sc_hd__dfxtp_2)
                                  0.51   data arrival time

                  0.15    0.00    0.00   clock w_clk (rise edge)
                          0.00    0.00   clock network delay (ideal)
                          0.25    0.25   clock uncertainty
                          0.00    0.25   clock reconvergence pessimism
                                  0.25 ^ _0962_/CLK (sky130_fd_sc_hd__dfxtp_2)
                         -0.01    0.24   library hold time
                                  0.24   data required time
-----------------------------------------------------------------------------
                                  0.24   data required time
                                 -0.51   data arrival time
-----------------------------------------------------------------------------
                                  0.28   slack (MET)


Startpoint: _0963_ (rising edge-triggered flip-flop clocked by w_clk)
Endpoint: _0963_ (rising edge-triggered flip-flop clocked by w_clk)
Path Group: w_clk
Path Type: min

Fanout     Cap    Slew   Delay    Time   Description
-----------------------------------------------------------------------------
                  0.15    0.00    0.00   clock w_clk (rise edge)
                          0.00    0.00   clock network delay (ideal)
                  0.15    0.00    0.00 ^ _0963_/CLK (sky130_fd_sc_hd__dfxtp_2)
                  0.04    0.33    0.33 ^ _0963_/Q (sky130_fd_sc_hd__dfxtp_2)
     2    0.00                           mem[10][1] (net)
                  0.04    0.00    0.33 ^ _0683_/A0 (sky130_fd_sc_hd__mux2_2)
                  0.03    0.12    0.45 ^ _0683_/X (sky130_fd_sc_hd__mux2_2)
     1    0.00                           _0326_ (net)
                  0.03    0.00    0.45 ^ _0684_/A (sky130_fd_sc_hd__buf_1)
                  0.03    0.06    0.51 ^ _0684_/X (sky130_fd_sc_hd__buf_1)
     1    0.00                           _0057_ (net)
                  0.03    0.00    0.51 ^ _0963_/D (sky130_fd_sc_hd__dfxtp_2)
                                  0.51   data arrival time

                  0.15    0.00    0.00   clock w_clk (rise edge)
                          0.00    0.00   clock network delay (ideal)
                          0.25    0.25   clock uncertainty
                          0.00    0.25   clock reconvergence pessimism
                                  0.25 ^ _0963_/CLK (sky130_fd_sc_hd__dfxtp_2)
                         -0.01    0.24   library hold time
                                  0.24   data required time
-----------------------------------------------------------------------------
                                  0.24   data required time
                                 -0.51   data arrival time
-----------------------------------------------------------------------------
                                  0.28   slack (MET)


Startpoint: _0964_ (rising edge-triggered flip-flop clocked by w_clk)
Endpoint: _0964_ (rising edge-triggered flip-flop clocked by w_clk)
Path Group: w_clk
Path Type: min

Fanout     Cap    Slew   Delay    Time   Description
-----------------------------------------------------------------------------
                  0.15    0.00    0.00   clock w_clk (rise edge)
                          0.00    0.00   clock network delay (ideal)
                  0.15    0.00    0.00 ^ _0964_/CLK (sky130_fd_sc_hd__dfxtp_2)
                  0.04    0.33    0.33 ^ _0964_/Q (sky130_fd_sc_hd__dfxtp_2)
     2    0.00                           mem[10][2] (net)
                  0.04    0.00    0.33 ^ _0685_/A0 (sky130_fd_sc_hd__mux2_2)
                  0.03    0.12    0.45 ^ _0685_/X (sky130_fd_sc_hd__mux2_2)
     1    0.00                           _0327_ (net)
                  0.03    0.00    0.45 ^ _0686_/A (sky130_fd_sc_hd__buf_1)
                  0.03    0.06    0.51 ^ _0686_/X (sky130_fd_sc_hd__buf_1)
     1    0.00                           _0058_ (net)
                  0.03    0.00    0.51 ^ _0964_/D (sky130_fd_sc_hd__dfxtp_2)
                                  0.51   data arrival time

                  0.15    0.00    0.00   clock w_clk (rise edge)
                          0.00    0.00   clock network delay (ideal)
                          0.25    0.25   clock uncertainty
                          0.00    0.25   clock reconvergence pessimism
                                  0.25 ^ _0964_/CLK (sky130_fd_sc_hd__dfxtp_2)
                         -0.01    0.24   library hold time
                                  0.24   data required time
-----------------------------------------------------------------------------
                                  0.24   data required time
                                 -0.51   data arrival time
-----------------------------------------------------------------------------
                                  0.28   slack (MET)


Startpoint: _0965_ (rising edge-triggered flip-flop clocked by w_clk)
Endpoint: _0965_ (rising edge-triggered flip-flop clocked by w_clk)
Path Group: w_clk
Path Type: min

Fanout     Cap    Slew   Delay    Time   Description
-----------------------------------------------------------------------------
                  0.15    0.00    0.00   clock w_clk (rise edge)
                          0.00    0.00   clock network delay (ideal)
                  0.15    0.00    0.00 ^ _0965_/CLK (sky130_fd_sc_hd__dfxtp_2)
                  0.04    0.33    0.33 ^ _0965_/Q (sky130_fd_sc_hd__dfxtp_2)
     2    0.00                           mem[10][3] (net)
                  0.04    0.00    0.33 ^ _0687_/A0 (sky130_fd_sc_hd__mux2_2)
                  0.03    0.12    0.45 ^ _0687_/X (sky130_fd_sc_hd__mux2_2)
     1    0.00                           _0328_ (net)
                  0.03    0.00    0.45 ^ _0688_/A (sky130_fd_sc_hd__buf_1)
                  0.03    0.06    0.51 ^ _0688_/X (sky130_fd_sc_hd__buf_1)
     1    0.00                           _0059_ (net)
                  0.03    0.00    0.51 ^ _0965_/D (sky130_fd_sc_hd__dfxtp_2)
                                  0.51   data arrival time

                  0.15    0.00    0.00   clock w_clk (rise edge)
                          0.00    0.00   clock network delay (ideal)
                          0.25    0.25   clock uncertainty
                          0.00    0.25   clock reconvergence pessimism
                                  0.25 ^ _0965_/CLK (sky130_fd_sc_hd__dfxtp_2)
                         -0.01    0.24   library hold time
                                  0.24   data required time
-----------------------------------------------------------------------------
                                  0.24   data required time
                                 -0.51   data arrival time
-----------------------------------------------------------------------------
                                  0.28   slack (MET)


Startpoint: _0966_ (rising edge-triggered flip-flop clocked by w_clk)
Endpoint: _0966_ (rising edge-triggered flip-flop clocked by w_clk)
Path Group: w_clk
Path Type: min

Fanout     Cap    Slew   Delay    Time   Description
-----------------------------------------------------------------------------
                  0.15    0.00    0.00   clock w_clk (rise edge)
                          0.00    0.00   clock network delay (ideal)
                  0.15    0.00    0.00 ^ _0966_/CLK (sky130_fd_sc_hd__dfxtp_2)
                  0.04    0.33    0.33 ^ _0966_/Q (sky130_fd_sc_hd__dfxtp_2)
     2    0.00                           mem[10][4] (net)
                  0.04    0.00    0.33 ^ _0689_/A0 (sky130_fd_sc_hd__mux2_2)
                  0.03    0.12    0.45 ^ _0689_/X (sky130_fd_sc_hd__mux2_2)
     1    0.00                           _0329_ (net)
                  0.03    0.00    0.45 ^ _0690_/A (sky130_fd_sc_hd__buf_1)
                  0.03    0.06    0.51 ^ _0690_/X (sky130_fd_sc_hd__buf_1)
     1    0.00                           _0060_ (net)
                  0.03    0.00    0.51 ^ _0966_/D (sky130_fd_sc_hd__dfxtp_2)
                                  0.51   data arrival time

                  0.15    0.00    0.00   clock w_clk (rise edge)
                          0.00    0.00   clock network delay (ideal)
                          0.25    0.25   clock uncertainty
                          0.00    0.25   clock reconvergence pessimism
                                  0.25 ^ _0966_/CLK (sky130_fd_sc_hd__dfxtp_2)
                         -0.01    0.24   library hold time
                                  0.24   data required time
-----------------------------------------------------------------------------
                                  0.24   data required time
                                 -0.51   data arrival time
-----------------------------------------------------------------------------
                                  0.28   slack (MET)


Startpoint: _0967_ (rising edge-triggered flip-flop clocked by w_clk)
Endpoint: _0967_ (rising edge-triggered flip-flop clocked by w_clk)
Path Group: w_clk
Path Type: min

Fanout     Cap    Slew   Delay    Time   Description
-----------------------------------------------------------------------------
                  0.15    0.00    0.00   clock w_clk (rise edge)
                          0.00    0.00   clock network delay (ideal)
                  0.15    0.00    0.00 ^ _0967_/CLK (sky130_fd_sc_hd__dfxtp_2)
                  0.04    0.33    0.33 ^ _0967_/Q (sky130_fd_sc_hd__dfxtp_2)
     2    0.00                           mem[10][5] (net)
                  0.04    0.00    0.33 ^ _0691_/A0 (sky130_fd_sc_hd__mux2_2)
                  0.03    0.12    0.45 ^ _0691_/X (sky130_fd_sc_hd__mux2_2)
     1    0.00                           _0330_ (net)
                  0.03    0.00    0.45 ^ _0692_/A (sky130_fd_sc_hd__buf_1)
                  0.03    0.06    0.51 ^ _0692_/X (sky130_fd_sc_hd__buf_1)
     1    0.00                           _0061_ (net)
                  0.03    0.00    0.51 ^ _0967_/D (sky130_fd_sc_hd__dfxtp_2)
                                  0.51   data arrival time

                  0.15    0.00    0.00   clock w_clk (rise edge)
                          0.00    0.00   clock network delay (ideal)
                          0.25    0.25   clock uncertainty
                          0.00    0.25   clock reconvergence pessimism
                                  0.25 ^ _0967_/CLK (sky130_fd_sc_hd__dfxtp_2)
                         -0.01    0.24   library hold time
                                  0.24   data required time
-----------------------------------------------------------------------------
                                  0.24   data required time
                                 -0.51   data arrival time
-----------------------------------------------------------------------------
                                  0.28   slack (MET)


Startpoint: _0968_ (rising edge-triggered flip-flop clocked by w_clk)
Endpoint: _0968_ (rising edge-triggered flip-flop clocked by w_clk)
Path Group: w_clk
Path Type: min

Fanout     Cap    Slew   Delay    Time   Description
-----------------------------------------------------------------------------
                  0.15    0.00    0.00   clock w_clk (rise edge)
                          0.00    0.00   clock network delay (ideal)
                  0.15    0.00    0.00 ^ _0968_/CLK (sky130_fd_sc_hd__dfxtp_2)
                  0.04    0.33    0.33 ^ _0968_/Q (sky130_fd_sc_hd__dfxtp_2)
     2    0.00                           mem[10][6] (net)
                  0.04    0.00    0.33 ^ _0693_/A0 (sky130_fd_sc_hd__mux2_2)
                  0.03    0.12    0.45 ^ _0693_/X (sky130_fd_sc_hd__mux2_2)
     1    0.00                           _0331_ (net)
                  0.03    0.00    0.45 ^ _0694_/A (sky130_fd_sc_hd__buf_1)
                  0.03    0.06    0.51 ^ _0694_/X (sky130_fd_sc_hd__buf_1)
     1    0.00                           _0062_ (net)
                  0.03    0.00    0.51 ^ _0968_/D (sky130_fd_sc_hd__dfxtp_2)
                                  0.51   data arrival time

                  0.15    0.00    0.00   clock w_clk (rise edge)
                          0.00    0.00   clock network delay (ideal)
                          0.25    0.25   clock uncertainty
                          0.00    0.25   clock reconvergence pessimism
                                  0.25 ^ _0968_/CLK (sky130_fd_sc_hd__dfxtp_2)
                         -0.01    0.24   library hold time
                                  0.24   data required time
-----------------------------------------------------------------------------
                                  0.24   data required time
                                 -0.51   data arrival time
-----------------------------------------------------------------------------
                                  0.28   slack (MET)


Startpoint: _0969_ (rising edge-triggered flip-flop clocked by w_clk)
Endpoint: _0969_ (rising edge-triggered flip-flop clocked by w_clk)
Path Group: w_clk
Path Type: min

Fanout     Cap    Slew   Delay    Time   Description
-----------------------------------------------------------------------------
                  0.15    0.00    0.00   clock w_clk (rise edge)
                          0.00    0.00   clock network delay (ideal)
                  0.15    0.00    0.00 ^ _0969_/CLK (sky130_fd_sc_hd__dfxtp_2)
                  0.04    0.33    0.33 ^ _0969_/Q (sky130_fd_sc_hd__dfxtp_2)
     2    0.00                           mem[10][7] (net)
                  0.04    0.00    0.33 ^ _0695_/A0 (sky130_fd_sc_hd__mux2_2)
                  0.03    0.12    0.45 ^ _0695_/X (sky130_fd_sc_hd__mux2_2)
     1    0.00                           _0332_ (net)
                  0.03    0.00    0.45 ^ _0696_/A (sky130_fd_sc_hd__buf_1)
                  0.03    0.06    0.51 ^ _0696_/X (sky130_fd_sc_hd__buf_1)
     1    0.00                           _0063_ (net)
                  0.03    0.00    0.51 ^ _0969_/D (sky130_fd_sc_hd__dfxtp_2)
                                  0.51   data arrival time

                  0.15    0.00    0.00   clock w_clk (rise edge)
                          0.00    0.00   clock network delay (ideal)
                          0.25    0.25   clock uncertainty
                          0.00    0.25   clock reconvergence pessimism
                                  0.25 ^ _0969_/CLK (sky130_fd_sc_hd__dfxtp_2)
                         -0.01    0.24   library hold time
                                  0.24   data required time
-----------------------------------------------------------------------------
                                  0.24   data required time
                                 -0.51   data arrival time
-----------------------------------------------------------------------------
                                  0.28   slack (MET)


Startpoint: _0978_ (rising edge-triggered flip-flop clocked by w_clk)
Endpoint: _0978_ (rising edge-triggered flip-flop clocked by w_clk)
Path Group: w_clk
Path Type: min

Fanout     Cap    Slew   Delay    Time   Description
-----------------------------------------------------------------------------
                  0.15    0.00    0.00   clock w_clk (rise edge)
                          0.00    0.00   clock network delay (ideal)
                  0.15    0.00    0.00 ^ _0978_/CLK (sky130_fd_sc_hd__dfxtp_2)
                  0.04    0.33    0.33 ^ _0978_/Q (sky130_fd_sc_hd__dfxtp_2)
     2    0.00                           mem[2][0] (net)
                  0.04    0.00    0.33 ^ _0718_/A0 (sky130_fd_sc_hd__mux2_2)
                  0.03    0.12    0.45 ^ _0718_/X (sky130_fd_sc_hd__mux2_2)
     1    0.00                           _0346_ (net)
                  0.03    0.00    0.45 ^ _0719_/A (sky130_fd_sc_hd__buf_1)
                  0.03    0.06    0.51 ^ _0719_/X (sky130_fd_sc_hd__buf_1)
     1    0.00                           _0072_ (net)
                  0.03    0.00    0.51 ^ _0978_/D (sky130_fd_sc_hd__dfxtp_2)
                                  0.51   data arrival time

                  0.15    0.00    0.00   clock w_clk (rise edge)
                          0.00    0.00   clock network delay (ideal)
                          0.25    0.25   clock uncertainty
                          0.00    0.25   clock reconvergence pessimism
                                  0.25 ^ _0978_/CLK (sky130_fd_sc_hd__dfxtp_2)
                         -0.01    0.24   library hold time
                                  0.24   data required time
-----------------------------------------------------------------------------
                                  0.24   data required time
                                 -0.51   data arrival time
-----------------------------------------------------------------------------
                                  0.28   slack (MET)


Startpoint: _0979_ (rising edge-triggered flip-flop clocked by w_clk)
Endpoint: _0979_ (rising edge-triggered flip-flop clocked by w_clk)
Path Group: w_clk
Path Type: min

Fanout     Cap    Slew   Delay    Time   Description
-----------------------------------------------------------------------------
                  0.15    0.00    0.00   clock w_clk (rise edge)
                          0.00    0.00   clock network delay (ideal)
                  0.15    0.00    0.00 ^ _0979_/CLK (sky130_fd_sc_hd__dfxtp_2)
                  0.04    0.33    0.33 ^ _0979_/Q (sky130_fd_sc_hd__dfxtp_2)
     2    0.00                           mem[2][1] (net)
                  0.04    0.00    0.33 ^ _0720_/A0 (sky130_fd_sc_hd__mux2_2)
                  0.03    0.12    0.45 ^ _0720_/X (sky130_fd_sc_hd__mux2_2)
     1    0.00                           _0347_ (net)
                  0.03    0.00    0.45 ^ _0721_/A (sky130_fd_sc_hd__buf_1)
                  0.03    0.06    0.51 ^ _0721_/X (sky130_fd_sc_hd__buf_1)
     1    0.00                           _0073_ (net)
                  0.03    0.00    0.51 ^ _0979_/D (sky130_fd_sc_hd__dfxtp_2)
                                  0.51   data arrival time

                  0.15    0.00    0.00   clock w_clk (rise edge)
                          0.00    0.00   clock network delay (ideal)
                          0.25    0.25   clock uncertainty
                          0.00    0.25   clock reconvergence pessimism
                                  0.25 ^ _0979_/CLK (sky130_fd_sc_hd__dfxtp_2)
                         -0.01    0.24   library hold time
                                  0.24   data required time
-----------------------------------------------------------------------------
                                  0.24   data required time
                                 -0.51   data arrival time
-----------------------------------------------------------------------------
                                  0.28   slack (MET)


Startpoint: _0980_ (rising edge-triggered flip-flop clocked by w_clk)
Endpoint: _0980_ (rising edge-triggered flip-flop clocked by w_clk)
Path Group: w_clk
Path Type: min

Fanout     Cap    Slew   Delay    Time   Description
-----------------------------------------------------------------------------
                  0.15    0.00    0.00   clock w_clk (rise edge)
                          0.00    0.00   clock network delay (ideal)
                  0.15    0.00    0.00 ^ _0980_/CLK (sky130_fd_sc_hd__dfxtp_2)
                  0.04    0.33    0.33 ^ _0980_/Q (sky130_fd_sc_hd__dfxtp_2)
     2    0.00                           mem[2][2] (net)
                  0.04    0.00    0.33 ^ _0722_/A0 (sky130_fd_sc_hd__mux2_2)
                  0.03    0.12    0.45 ^ _0722_/X (sky130_fd_sc_hd__mux2_2)
     1    0.00                           _0348_ (net)
                  0.03    0.00    0.45 ^ _0723_/A (sky130_fd_sc_hd__buf_1)
                  0.03    0.06    0.51 ^ _0723_/X (sky130_fd_sc_hd__buf_1)
     1    0.00                           _0074_ (net)
                  0.03    0.00    0.51 ^ _0980_/D (sky130_fd_sc_hd__dfxtp_2)
                                  0.51   data arrival time

                  0.15    0.00    0.00   clock w_clk (rise edge)
                          0.00    0.00   clock network delay (ideal)
                          0.25    0.25   clock uncertainty
                          0.00    0.25   clock reconvergence pessimism
                                  0.25 ^ _0980_/CLK (sky130_fd_sc_hd__dfxtp_2)
                         -0.01    0.24   library hold time
                                  0.24   data required time
-----------------------------------------------------------------------------
                                  0.24   data required time
                                 -0.51   data arrival time
-----------------------------------------------------------------------------
                                  0.28   slack (MET)


Startpoint: _0981_ (rising edge-triggered flip-flop clocked by w_clk)
Endpoint: _0981_ (rising edge-triggered flip-flop clocked by w_clk)
Path Group: w_clk
Path Type: min

Fanout     Cap    Slew   Delay    Time   Description
-----------------------------------------------------------------------------
                  0.15    0.00    0.00   clock w_clk (rise edge)
                          0.00    0.00   clock network delay (ideal)
                  0.15    0.00    0.00 ^ _0981_/CLK (sky130_fd_sc_hd__dfxtp_2)
                  0.04    0.33    0.33 ^ _0981_/Q (sky130_fd_sc_hd__dfxtp_2)
     2    0.00                           mem[2][3] (net)
                  0.04    0.00    0.33 ^ _0724_/A0 (sky130_fd_sc_hd__mux2_2)
                  0.03    0.12    0.45 ^ _0724_/X (sky130_fd_sc_hd__mux2_2)
     1    0.00                           _0349_ (net)
                  0.03    0.00    0.45 ^ _0725_/A (sky130_fd_sc_hd__buf_1)
                  0.03    0.06    0.51 ^ _0725_/X (sky130_fd_sc_hd__buf_1)
     1    0.00                           _0075_ (net)
                  0.03    0.00    0.51 ^ _0981_/D (sky130_fd_sc_hd__dfxtp_2)
                                  0.51   data arrival time

                  0.15    0.00    0.00   clock w_clk (rise edge)
                          0.00    0.00   clock network delay (ideal)
                          0.25    0.25   clock uncertainty
                          0.00    0.25   clock reconvergence pessimism
                                  0.25 ^ _0981_/CLK (sky130_fd_sc_hd__dfxtp_2)
                         -0.01    0.24   library hold time
                                  0.24   data required time
-----------------------------------------------------------------------------
                                  0.24   data required time
                                 -0.51   data arrival time
-----------------------------------------------------------------------------
                                  0.28   slack (MET)


Startpoint: _0982_ (rising edge-triggered flip-flop clocked by w_clk)
Endpoint: _0982_ (rising edge-triggered flip-flop clocked by w_clk)
Path Group: w_clk
Path Type: min

Fanout     Cap    Slew   Delay    Time   Description
-----------------------------------------------------------------------------
                  0.15    0.00    0.00   clock w_clk (rise edge)
                          0.00    0.00   clock network delay (ideal)
                  0.15    0.00    0.00 ^ _0982_/CLK (sky130_fd_sc_hd__dfxtp_2)
                  0.04    0.33    0.33 ^ _0982_/Q (sky130_fd_sc_hd__dfxtp_2)
     2    0.00                           mem[2][4] (net)
                  0.04    0.00    0.33 ^ _0726_/A0 (sky130_fd_sc_hd__mux2_2)
                  0.03    0.12    0.45 ^ _0726_/X (sky130_fd_sc_hd__mux2_2)
     1    0.00                           _0350_ (net)
                  0.03    0.00    0.45 ^ _0727_/A (sky130_fd_sc_hd__buf_1)
                  0.03    0.06    0.51 ^ _0727_/X (sky130_fd_sc_hd__buf_1)
     1    0.00                           _0076_ (net)
                  0.03    0.00    0.51 ^ _0982_/D (sky130_fd_sc_hd__dfxtp_2)
                                  0.51   data arrival time

                  0.15    0.00    0.00   clock w_clk (rise edge)
                          0.00    0.00   clock network delay (ideal)
                          0.25    0.25   clock uncertainty
                          0.00    0.25   clock reconvergence pessimism
                                  0.25 ^ _0982_/CLK (sky130_fd_sc_hd__dfxtp_2)
                         -0.01    0.24   library hold time
                                  0.24   data required time
-----------------------------------------------------------------------------
                                  0.24   data required time
                                 -0.51   data arrival time
-----------------------------------------------------------------------------
                                  0.28   slack (MET)


Startpoint: _0983_ (rising edge-triggered flip-flop clocked by w_clk)
Endpoint: _0983_ (rising edge-triggered flip-flop clocked by w_clk)
Path Group: w_clk
Path Type: min

Fanout     Cap    Slew   Delay    Time   Description
-----------------------------------------------------------------------------
                  0.15    0.00    0.00   clock w_clk (rise edge)
                          0.00    0.00   clock network delay (ideal)
                  0.15    0.00    0.00 ^ _0983_/CLK (sky130_fd_sc_hd__dfxtp_2)
                  0.04    0.33    0.33 ^ _0983_/Q (sky130_fd_sc_hd__dfxtp_2)
     2    0.00                           mem[2][5] (net)
                  0.04    0.00    0.33 ^ _0728_/A0 (sky130_fd_sc_hd__mux2_2)
                  0.03    0.12    0.45 ^ _0728_/X (sky130_fd_sc_hd__mux2_2)
     1    0.00                           _0351_ (net)
                  0.03    0.00    0.45 ^ _0729_/A (sky130_fd_sc_hd__buf_1)
                  0.03    0.06    0.51 ^ _0729_/X (sky130_fd_sc_hd__buf_1)
     1    0.00                           _0077_ (net)
                  0.03    0.00    0.51 ^ _0983_/D (sky130_fd_sc_hd__dfxtp_2)
                                  0.51   data arrival time

                  0.15    0.00    0.00   clock w_clk (rise edge)
                          0.00    0.00   clock network delay (ideal)
                          0.25    0.25   clock uncertainty
                          0.00    0.25   clock reconvergence pessimism
                                  0.25 ^ _0983_/CLK (sky130_fd_sc_hd__dfxtp_2)
                         -0.01    0.24   library hold time
                                  0.24   data required time
-----------------------------------------------------------------------------
                                  0.24   data required time
                                 -0.51   data arrival time
-----------------------------------------------------------------------------
                                  0.28   slack (MET)


Startpoint: _0984_ (rising edge-triggered flip-flop clocked by w_clk)
Endpoint: _0984_ (rising edge-triggered flip-flop clocked by w_clk)
Path Group: w_clk
Path Type: min

Fanout     Cap    Slew   Delay    Time   Description
-----------------------------------------------------------------------------
                  0.15    0.00    0.00   clock w_clk (rise edge)
                          0.00    0.00   clock network delay (ideal)
                  0.15    0.00    0.00 ^ _0984_/CLK (sky130_fd_sc_hd__dfxtp_2)
                  0.04    0.33    0.33 ^ _0984_/Q (sky130_fd_sc_hd__dfxtp_2)
     2    0.00                           mem[2][6] (net)
                  0.04    0.00    0.33 ^ _0730_/A0 (sky130_fd_sc_hd__mux2_2)
                  0.03    0.12    0.45 ^ _0730_/X (sky130_fd_sc_hd__mux2_2)
     1    0.00                           _0352_ (net)
                  0.03    0.00    0.45 ^ _0731_/A (sky130_fd_sc_hd__buf_1)
                  0.03    0.06    0.51 ^ _0731_/X (sky130_fd_sc_hd__buf_1)
     1    0.00                           _0078_ (net)
                  0.03    0.00    0.51 ^ _0984_/D (sky130_fd_sc_hd__dfxtp_2)
                                  0.51   data arrival time

                  0.15    0.00    0.00   clock w_clk (rise edge)
                          0.00    0.00   clock network delay (ideal)
                          0.25    0.25   clock uncertainty
                          0.00    0.25   clock reconvergence pessimism
                                  0.25 ^ _0984_/CLK (sky130_fd_sc_hd__dfxtp_2)
                         -0.01    0.24   library hold time
                                  0.24   data required time
-----------------------------------------------------------------------------
                                  0.24   data required time
                                 -0.51   data arrival time
-----------------------------------------------------------------------------
                                  0.28   slack (MET)


Startpoint: _0985_ (rising edge-triggered flip-flop clocked by w_clk)
Endpoint: _0985_ (rising edge-triggered flip-flop clocked by w_clk)
Path Group: w_clk
Path Type: min

Fanout     Cap    Slew   Delay    Time   Description
-----------------------------------------------------------------------------
                  0.15    0.00    0.00   clock w_clk (rise edge)
                          0.00    0.00   clock network delay (ideal)
                  0.15    0.00    0.00 ^ _0985_/CLK (sky130_fd_sc_hd__dfxtp_2)
                  0.04    0.33    0.33 ^ _0985_/Q (sky130_fd_sc_hd__dfxtp_2)
     2    0.00                           mem[2][7] (net)
                  0.04    0.00    0.33 ^ _0732_/A0 (sky130_fd_sc_hd__mux2_2)
                  0.03    0.12    0.45 ^ _0732_/X (sky130_fd_sc_hd__mux2_2)
     1    0.00                           _0353_ (net)
                  0.03    0.00    0.45 ^ _0733_/A (sky130_fd_sc_hd__buf_1)
                  0.03    0.06    0.51 ^ _0733_/X (sky130_fd_sc_hd__buf_1)
     1    0.00                           _0079_ (net)
                  0.03    0.00    0.51 ^ _0985_/D (sky130_fd_sc_hd__dfxtp_2)
                                  0.51   data arrival time

                  0.15    0.00    0.00   clock w_clk (rise edge)
                          0.00    0.00   clock network delay (ideal)
                          0.25    0.25   clock uncertainty
                          0.00    0.25   clock reconvergence pessimism
                                  0.25 ^ _0985_/CLK (sky130_fd_sc_hd__dfxtp_2)
                         -0.01    0.24   library hold time
                                  0.24   data required time
-----------------------------------------------------------------------------
                                  0.24   data required time
                                 -0.51   data arrival time
-----------------------------------------------------------------------------
                                  0.28   slack (MET)


Startpoint: _1010_ (rising edge-triggered flip-flop clocked by w_clk)
Endpoint: _1010_ (rising edge-triggered flip-flop clocked by w_clk)
Path Group: w_clk
Path Type: min

Fanout     Cap    Slew   Delay    Time   Description
-----------------------------------------------------------------------------
                  0.15    0.00    0.00   clock w_clk (rise edge)
                          0.00    0.00   clock network delay (ideal)
                  0.15    0.00    0.00 ^ _1010_/CLK (sky130_fd_sc_hd__dfxtp_2)
                  0.04    0.33    0.33 ^ _1010_/Q (sky130_fd_sc_hd__dfxtp_2)
     2    0.00                           mem[6][0] (net)
                  0.04    0.00    0.33 ^ _0789_/A0 (sky130_fd_sc_hd__mux2_2)
                  0.03    0.12    0.45 ^ _0789_/X (sky130_fd_sc_hd__mux2_2)
     1    0.00                           _0385_ (net)
                  0.03    0.00    0.45 ^ _0790_/A (sky130_fd_sc_hd__buf_1)
                  0.03    0.06    0.51 ^ _0790_/X (sky130_fd_sc_hd__buf_1)
     1    0.00                           _0104_ (net)
                  0.03    0.00    0.51 ^ _1010_/D (sky130_fd_sc_hd__dfxtp_2)
                                  0.51   data arrival time

                  0.15    0.00    0.00   clock w_clk (rise edge)
                          0.00    0.00   clock network delay (ideal)
                          0.25    0.25   clock uncertainty
                          0.00    0.25   clock reconvergence pessimism
                                  0.25 ^ _1010_/CLK (sky130_fd_sc_hd__dfxtp_2)
                         -0.01    0.24   library hold time
                                  0.24   data required time
-----------------------------------------------------------------------------
                                  0.24   data required time
                                 -0.51   data arrival time
-----------------------------------------------------------------------------
                                  0.28   slack (MET)


Startpoint: _1011_ (rising edge-triggered flip-flop clocked by w_clk)
Endpoint: _1011_ (rising edge-triggered flip-flop clocked by w_clk)
Path Group: w_clk
Path Type: min

Fanout     Cap    Slew   Delay    Time   Description
-----------------------------------------------------------------------------
                  0.15    0.00    0.00   clock w_clk (rise edge)
                          0.00    0.00   clock network delay (ideal)
                  0.15    0.00    0.00 ^ _1011_/CLK (sky130_fd_sc_hd__dfxtp_2)
                  0.04    0.33    0.33 ^ _1011_/Q (sky130_fd_sc_hd__dfxtp_2)
     2    0.00                           mem[6][1] (net)
                  0.04    0.00    0.33 ^ _0791_/A0 (sky130_fd_sc_hd__mux2_2)
                  0.03    0.12    0.45 ^ _0791_/X (sky130_fd_sc_hd__mux2_2)
     1    0.00                           _0386_ (net)
                  0.03    0.00    0.45 ^ _0792_/A (sky130_fd_sc_hd__buf_1)
                  0.03    0.06    0.51 ^ _0792_/X (sky130_fd_sc_hd__buf_1)
     1    0.00                           _0105_ (net)
                  0.03    0.00    0.51 ^ _1011_/D (sky130_fd_sc_hd__dfxtp_2)
                                  0.51   data arrival time

                  0.15    0.00    0.00   clock w_clk (rise edge)
                          0.00    0.00   clock network delay (ideal)
                          0.25    0.25   clock uncertainty
                          0.00    0.25   clock reconvergence pessimism
                                  0.25 ^ _1011_/CLK (sky130_fd_sc_hd__dfxtp_2)
                         -0.01    0.24   library hold time
                                  0.24   data required time
-----------------------------------------------------------------------------
                                  0.24   data required time
                                 -0.51   data arrival time
-----------------------------------------------------------------------------
                                  0.28   slack (MET)


Startpoint: _1012_ (rising edge-triggered flip-flop clocked by w_clk)
Endpoint: _1012_ (rising edge-triggered flip-flop clocked by w_clk)
Path Group: w_clk
Path Type: min

Fanout     Cap    Slew   Delay    Time   Description
-----------------------------------------------------------------------------
                  0.15    0.00    0.00   clock w_clk (rise edge)
                          0.00    0.00   clock network delay (ideal)
                  0.15    0.00    0.00 ^ _1012_/CLK (sky130_fd_sc_hd__dfxtp_2)
                  0.04    0.33    0.33 ^ _1012_/Q (sky130_fd_sc_hd__dfxtp_2)
     2    0.00                           mem[6][2] (net)
                  0.04    0.00    0.33 ^ _0793_/A0 (sky130_fd_sc_hd__mux2_2)
                  0.03    0.12    0.45 ^ _0793_/X (sky130_fd_sc_hd__mux2_2)
     1    0.00                           _0387_ (net)
                  0.03    0.00    0.45 ^ _0794_/A (sky130_fd_sc_hd__buf_1)
                  0.03    0.06    0.51 ^ _0794_/X (sky130_fd_sc_hd__buf_1)
     1    0.00                           _0106_ (net)
                  0.03    0.00    0.51 ^ _1012_/D (sky130_fd_sc_hd__dfxtp_2)
                                  0.51   data arrival time

                  0.15    0.00    0.00   clock w_clk (rise edge)
                          0.00    0.00   clock network delay (ideal)
                          0.25    0.25   clock uncertainty
                          0.00    0.25   clock reconvergence pessimism
                                  0.25 ^ _1012_/CLK (sky130_fd_sc_hd__dfxtp_2)
                         -0.01    0.24   library hold time
                                  0.24   data required time
-----------------------------------------------------------------------------
                                  0.24   data required time
                                 -0.51   data arrival time
-----------------------------------------------------------------------------
                                  0.28   slack (MET)


Startpoint: _1013_ (rising edge-triggered flip-flop clocked by w_clk)
Endpoint: _1013_ (rising edge-triggered flip-flop clocked by w_clk)
Path Group: w_clk
Path Type: min

Fanout     Cap    Slew   Delay    Time   Description
-----------------------------------------------------------------------------
                  0.15    0.00    0.00   clock w_clk (rise edge)
                          0.00    0.00   clock network delay (ideal)
                  0.15    0.00    0.00 ^ _1013_/CLK (sky130_fd_sc_hd__dfxtp_2)
                  0.04    0.33    0.33 ^ _1013_/Q (sky130_fd_sc_hd__dfxtp_2)
     2    0.00                           mem[6][3] (net)
                  0.04    0.00    0.33 ^ _0795_/A0 (sky130_fd_sc_hd__mux2_2)
                  0.03    0.12    0.45 ^ _0795_/X (sky130_fd_sc_hd__mux2_2)
     1    0.00                           _0388_ (net)
                  0.03    0.00    0.45 ^ _0796_/A (sky130_fd_sc_hd__buf_1)
                  0.03    0.06    0.51 ^ _0796_/X (sky130_fd_sc_hd__buf_1)
     1    0.00                           _0107_ (net)
                  0.03    0.00    0.51 ^ _1013_/D (sky130_fd_sc_hd__dfxtp_2)
                                  0.51   data arrival time

                  0.15    0.00    0.00   clock w_clk (rise edge)
                          0.00    0.00   clock network delay (ideal)
                          0.25    0.25   clock uncertainty
                          0.00    0.25   clock reconvergence pessimism
                                  0.25 ^ _1013_/CLK (sky130_fd_sc_hd__dfxtp_2)
                         -0.01    0.24   library hold time
                                  0.24   data required time
-----------------------------------------------------------------------------
                                  0.24   data required time
                                 -0.51   data arrival time
-----------------------------------------------------------------------------
                                  0.28   slack (MET)


Startpoint: _1014_ (rising edge-triggered flip-flop clocked by w_clk)
Endpoint: _1014_ (rising edge-triggered flip-flop clocked by w_clk)
Path Group: w_clk
Path Type: min

Fanout     Cap    Slew   Delay    Time   Description
-----------------------------------------------------------------------------
                  0.15    0.00    0.00   clock w_clk (rise edge)
                          0.00    0.00   clock network delay (ideal)
                  0.15    0.00    0.00 ^ _1014_/CLK (sky130_fd_sc_hd__dfxtp_2)
                  0.04    0.33    0.33 ^ _1014_/Q (sky130_fd_sc_hd__dfxtp_2)
     2    0.00                           mem[6][4] (net)
                  0.04    0.00    0.33 ^ _0797_/A0 (sky130_fd_sc_hd__mux2_2)
                  0.03    0.12    0.45 ^ _0797_/X (sky130_fd_sc_hd__mux2_2)
     1    0.00                           _0389_ (net)
                  0.03    0.00    0.45 ^ _0798_/A (sky130_fd_sc_hd__buf_1)
                  0.03    0.06    0.51 ^ _0798_/X (sky130_fd_sc_hd__buf_1)
     1    0.00                           _0108_ (net)
                  0.03    0.00    0.51 ^ _1014_/D (sky130_fd_sc_hd__dfxtp_2)
                                  0.51   data arrival time

                  0.15    0.00    0.00   clock w_clk (rise edge)
                          0.00    0.00   clock network delay (ideal)
                          0.25    0.25   clock uncertainty
                          0.00    0.25   clock reconvergence pessimism
                                  0.25 ^ _1014_/CLK (sky130_fd_sc_hd__dfxtp_2)
                         -0.01    0.24   library hold time
                                  0.24   data required time
-----------------------------------------------------------------------------
                                  0.24   data required time
                                 -0.51   data arrival time
-----------------------------------------------------------------------------
                                  0.28   slack (MET)


Startpoint: _1015_ (rising edge-triggered flip-flop clocked by w_clk)
Endpoint: _1015_ (rising edge-triggered flip-flop clocked by w_clk)
Path Group: w_clk
Path Type: min

Fanout     Cap    Slew   Delay    Time   Description
-----------------------------------------------------------------------------
                  0.15    0.00    0.00   clock w_clk (rise edge)
                          0.00    0.00   clock network delay (ideal)
                  0.15    0.00    0.00 ^ _1015_/CLK (sky130_fd_sc_hd__dfxtp_2)
                  0.04    0.33    0.33 ^ _1015_/Q (sky130_fd_sc_hd__dfxtp_2)
     2    0.00                           mem[6][5] (net)
                  0.04    0.00    0.33 ^ _0799_/A0 (sky130_fd_sc_hd__mux2_2)
                  0.03    0.12    0.45 ^ _0799_/X (sky130_fd_sc_hd__mux2_2)
     1    0.00                           _0390_ (net)
                  0.03    0.00    0.45 ^ _0800_/A (sky130_fd_sc_hd__buf_1)
                  0.03    0.06    0.51 ^ _0800_/X (sky130_fd_sc_hd__buf_1)
     1    0.00                           _0109_ (net)
                  0.03    0.00    0.51 ^ _1015_/D (sky130_fd_sc_hd__dfxtp_2)
                                  0.51   data arrival time

                  0.15    0.00    0.00   clock w_clk (rise edge)
                          0.00    0.00   clock network delay (ideal)
                          0.25    0.25   clock uncertainty
                          0.00    0.25   clock reconvergence pessimism
                                  0.25 ^ _1015_/CLK (sky130_fd_sc_hd__dfxtp_2)
                         -0.01    0.24   library hold time
                                  0.24   data required time
-----------------------------------------------------------------------------
                                  0.24   data required time
                                 -0.51   data arrival time
-----------------------------------------------------------------------------
                                  0.28   slack (MET)


Startpoint: _1016_ (rising edge-triggered flip-flop clocked by w_clk)
Endpoint: _1016_ (rising edge-triggered flip-flop clocked by w_clk)
Path Group: w_clk
Path Type: min

Fanout     Cap    Slew   Delay    Time   Description
-----------------------------------------------------------------------------
                  0.15    0.00    0.00   clock w_clk (rise edge)
                          0.00    0.00   clock network delay (ideal)
                  0.15    0.00    0.00 ^ _1016_/CLK (sky130_fd_sc_hd__dfxtp_2)
                  0.04    0.33    0.33 ^ _1016_/Q (sky130_fd_sc_hd__dfxtp_2)
     2    0.00                           mem[6][6] (net)
                  0.04    0.00    0.33 ^ _0801_/A0 (sky130_fd_sc_hd__mux2_2)
                  0.03    0.12    0.45 ^ _0801_/X (sky130_fd_sc_hd__mux2_2)
     1    0.00                           _0391_ (net)
                  0.03    0.00    0.45 ^ _0802_/A (sky130_fd_sc_hd__buf_1)
                  0.03    0.06    0.51 ^ _0802_/X (sky130_fd_sc_hd__buf_1)
     1    0.00                           _0110_ (net)
                  0.03    0.00    0.51 ^ _1016_/D (sky130_fd_sc_hd__dfxtp_2)
                                  0.51   data arrival time

                  0.15    0.00    0.00   clock w_clk (rise edge)
                          0.00    0.00   clock network delay (ideal)
                          0.25    0.25   clock uncertainty
                          0.00    0.25   clock reconvergence pessimism
                                  0.25 ^ _1016_/CLK (sky130_fd_sc_hd__dfxtp_2)
                         -0.01    0.24   library hold time
                                  0.24   data required time
-----------------------------------------------------------------------------
                                  0.24   data required time
                                 -0.51   data arrival time
-----------------------------------------------------------------------------
                                  0.28   slack (MET)


Startpoint: _1017_ (rising edge-triggered flip-flop clocked by w_clk)
Endpoint: _1017_ (rising edge-triggered flip-flop clocked by w_clk)
Path Group: w_clk
Path Type: min

Fanout     Cap    Slew   Delay    Time   Description
-----------------------------------------------------------------------------
                  0.15    0.00    0.00   clock w_clk (rise edge)
                          0.00    0.00   clock network delay (ideal)
                  0.15    0.00    0.00 ^ _1017_/CLK (sky130_fd_sc_hd__dfxtp_2)
                  0.04    0.33    0.33 ^ _1017_/Q (sky130_fd_sc_hd__dfxtp_2)
     2    0.00                           mem[6][7] (net)
                  0.04    0.00    0.33 ^ _0803_/A0 (sky130_fd_sc_hd__mux2_2)
                  0.03    0.12    0.45 ^ _0803_/X (sky130_fd_sc_hd__mux2_2)
     1    0.00                           _0392_ (net)
                  0.03    0.00    0.45 ^ _0804_/A (sky130_fd_sc_hd__buf_1)
                  0.03    0.06    0.51 ^ _0804_/X (sky130_fd_sc_hd__buf_1)
     1    0.00                           _0111_ (net)
                  0.03    0.00    0.51 ^ _1017_/D (sky130_fd_sc_hd__dfxtp_2)
                                  0.51   data arrival time

                  0.15    0.00    0.00   clock w_clk (rise edge)
                          0.00    0.00   clock network delay (ideal)
                          0.25    0.25   clock uncertainty
                          0.00    0.25   clock reconvergence pessimism
                                  0.25 ^ _1017_/CLK (sky130_fd_sc_hd__dfxtp_2)
                         -0.01    0.24   library hold time
                                  0.24   data required time
-----------------------------------------------------------------------------
                                  0.24   data required time
                                 -0.51   data arrival time
-----------------------------------------------------------------------------
                                  0.28   slack (MET)


Startpoint: _0994_ (rising edge-triggered flip-flop clocked by w_clk)
Endpoint: _0994_ (rising edge-triggered flip-flop clocked by w_clk)
Path Group: w_clk
Path Type: min

Fanout     Cap    Slew   Delay    Time   Description
-----------------------------------------------------------------------------
                  0.15    0.00    0.00   clock w_clk (rise edge)
                          0.00    0.00   clock network delay (ideal)
                  0.15    0.00    0.00 ^ _0994_/CLK (sky130_fd_sc_hd__dfxtp_2)
                  0.04    0.33    0.33 ^ _0994_/Q (sky130_fd_sc_hd__dfxtp_2)
     2    0.00                           mem[7][0] (net)
                  0.04    0.00    0.33 ^ _0753_/A0 (sky130_fd_sc_hd__mux2_2)
                  0.03    0.12    0.45 ^ _0753_/X (sky130_fd_sc_hd__mux2_2)
     1    0.00                           _0365_ (net)
                  0.03    0.00    0.45 ^ _0754_/A (sky130_fd_sc_hd__buf_1)
                  0.03    0.06    0.51 ^ _0754_/X (sky130_fd_sc_hd__buf_1)
     1    0.00                           _0088_ (net)
                  0.03    0.00    0.51 ^ _0994_/D (sky130_fd_sc_hd__dfxtp_2)
                                  0.51   data arrival time

                  0.15    0.00    0.00   clock w_clk (rise edge)
                          0.00    0.00   clock network delay (ideal)
                          0.25    0.25   clock uncertainty
                          0.00    0.25   clock reconvergence pessimism
                                  0.25 ^ _0994_/CLK (sky130_fd_sc_hd__dfxtp_2)
                         -0.01    0.24   library hold time
                                  0.24   data required time
-----------------------------------------------------------------------------
                                  0.24   data required time
                                 -0.51   data arrival time
-----------------------------------------------------------------------------
                                  0.28   slack (MET)


Startpoint: _0995_ (rising edge-triggered flip-flop clocked by w_clk)
Endpoint: _0995_ (rising edge-triggered flip-flop clocked by w_clk)
Path Group: w_clk
Path Type: min

Fanout     Cap    Slew   Delay    Time   Description
-----------------------------------------------------------------------------
                  0.15    0.00    0.00   clock w_clk (rise edge)
                          0.00    0.00   clock network delay (ideal)
                  0.15    0.00    0.00 ^ _0995_/CLK (sky130_fd_sc_hd__dfxtp_2)
                  0.04    0.33    0.33 ^ _0995_/Q (sky130_fd_sc_hd__dfxtp_2)
     2    0.00                           mem[7][1] (net)
                  0.04    0.00    0.33 ^ _0755_/A0 (sky130_fd_sc_hd__mux2_2)
                  0.03    0.12    0.45 ^ _0755_/X (sky130_fd_sc_hd__mux2_2)
     1    0.00                           _0366_ (net)
                  0.03    0.00    0.45 ^ _0756_/A (sky130_fd_sc_hd__buf_1)
                  0.03    0.06    0.51 ^ _0756_/X (sky130_fd_sc_hd__buf_1)
     1    0.00                           _0089_ (net)
                  0.03    0.00    0.51 ^ _0995_/D (sky130_fd_sc_hd__dfxtp_2)
                                  0.51   data arrival time

                  0.15    0.00    0.00   clock w_clk (rise edge)
                          0.00    0.00   clock network delay (ideal)
                          0.25    0.25   clock uncertainty
                          0.00    0.25   clock reconvergence pessimism
                                  0.25 ^ _0995_/CLK (sky130_fd_sc_hd__dfxtp_2)
                         -0.01    0.24   library hold time
                                  0.24   data required time
-----------------------------------------------------------------------------
                                  0.24   data required time
                                 -0.51   data arrival time
-----------------------------------------------------------------------------
                                  0.28   slack (MET)


Startpoint: _0996_ (rising edge-triggered flip-flop clocked by w_clk)
Endpoint: _0996_ (rising edge-triggered flip-flop clocked by w_clk)
Path Group: w_clk
Path Type: min

Fanout     Cap    Slew   Delay    Time   Description
-----------------------------------------------------------------------------
                  0.15    0.00    0.00   clock w_clk (rise edge)
                          0.00    0.00   clock network delay (ideal)
                  0.15    0.00    0.00 ^ _0996_/CLK (sky130_fd_sc_hd__dfxtp_2)
                  0.04    0.33    0.33 ^ _0996_/Q (sky130_fd_sc_hd__dfxtp_2)
     2    0.00                           mem[7][2] (net)
                  0.04    0.00    0.33 ^ _0757_/A0 (sky130_fd_sc_hd__mux2_2)
                  0.03    0.12    0.45 ^ _0757_/X (sky130_fd_sc_hd__mux2_2)
     1    0.00                           _0367_ (net)
                  0.03    0.00    0.45 ^ _0758_/A (sky130_fd_sc_hd__buf_1)
                  0.03    0.06    0.51 ^ _0758_/X (sky130_fd_sc_hd__buf_1)
     1    0.00                           _0090_ (net)
                  0.03    0.00    0.51 ^ _0996_/D (sky130_fd_sc_hd__dfxtp_2)
                                  0.51   data arrival time

                  0.15    0.00    0.00   clock w_clk (rise edge)
                          0.00    0.00   clock network delay (ideal)
                          0.25    0.25   clock uncertainty
                          0.00    0.25   clock reconvergence pessimism
                                  0.25 ^ _0996_/CLK (sky130_fd_sc_hd__dfxtp_2)
                         -0.01    0.24   library hold time
                                  0.24   data required time
-----------------------------------------------------------------------------
                                  0.24   data required time
                                 -0.51   data arrival time
-----------------------------------------------------------------------------
                                  0.28   slack (MET)


Startpoint: _0997_ (rising edge-triggered flip-flop clocked by w_clk)
Endpoint: _0997_ (rising edge-triggered flip-flop clocked by w_clk)
Path Group: w_clk
Path Type: min

Fanout     Cap    Slew   Delay    Time   Description
-----------------------------------------------------------------------------
                  0.15    0.00    0.00   clock w_clk (rise edge)
                          0.00    0.00   clock network delay (ideal)
                  0.15    0.00    0.00 ^ _0997_/CLK (sky130_fd_sc_hd__dfxtp_2)
                  0.04    0.33    0.33 ^ _0997_/Q (sky130_fd_sc_hd__dfxtp_2)
     2    0.00                           mem[7][3] (net)
                  0.04    0.00    0.33 ^ _0759_/A0 (sky130_fd_sc_hd__mux2_2)
                  0.03    0.12    0.45 ^ _0759_/X (sky130_fd_sc_hd__mux2_2)
     1    0.00                           _0368_ (net)
                  0.03    0.00    0.45 ^ _0760_/A (sky130_fd_sc_hd__buf_1)
                  0.03    0.06    0.51 ^ _0760_/X (sky130_fd_sc_hd__buf_1)
     1    0.00                           _0091_ (net)
                  0.03    0.00    0.51 ^ _0997_/D (sky130_fd_sc_hd__dfxtp_2)
                                  0.51   data arrival time

                  0.15    0.00    0.00   clock w_clk (rise edge)
                          0.00    0.00   clock network delay (ideal)
                          0.25    0.25   clock uncertainty
                          0.00    0.25   clock reconvergence pessimism
                                  0.25 ^ _0997_/CLK (sky130_fd_sc_hd__dfxtp_2)
                         -0.01    0.24   library hold time
                                  0.24   data required time
-----------------------------------------------------------------------------
                                  0.24   data required time
                                 -0.51   data arrival time
-----------------------------------------------------------------------------
                                  0.28   slack (MET)


Startpoint: _0998_ (rising edge-triggered flip-flop clocked by w_clk)
Endpoint: _0998_ (rising edge-triggered flip-flop clocked by w_clk)
Path Group: w_clk
Path Type: min

Fanout     Cap    Slew   Delay    Time   Description
-----------------------------------------------------------------------------
                  0.15    0.00    0.00   clock w_clk (rise edge)
                          0.00    0.00   clock network delay (ideal)
                  0.15    0.00    0.00 ^ _0998_/CLK (sky130_fd_sc_hd__dfxtp_2)
                  0.04    0.33    0.33 ^ _0998_/Q (sky130_fd_sc_hd__dfxtp_2)
     2    0.00                           mem[7][4] (net)
                  0.04    0.00    0.33 ^ _0761_/A0 (sky130_fd_sc_hd__mux2_2)
                  0.03    0.12    0.45 ^ _0761_/X (sky130_fd_sc_hd__mux2_2)
     1    0.00                           _0369_ (net)
                  0.03    0.00    0.45 ^ _0762_/A (sky130_fd_sc_hd__buf_1)
                  0.03    0.06    0.51 ^ _0762_/X (sky130_fd_sc_hd__buf_1)
     1    0.00                           _0092_ (net)
                  0.03    0.00    0.51 ^ _0998_/D (sky130_fd_sc_hd__dfxtp_2)
                                  0.51   data arrival time

                  0.15    0.00    0.00   clock w_clk (rise edge)
                          0.00    0.00   clock network delay (ideal)
                          0.25    0.25   clock uncertainty
                          0.00    0.25   clock reconvergence pessimism
                                  0.25 ^ _0998_/CLK (sky130_fd_sc_hd__dfxtp_2)
                         -0.01    0.24   library hold time
                                  0.24   data required time
-----------------------------------------------------------------------------
                                  0.24   data required time
                                 -0.51   data arrival time
-----------------------------------------------------------------------------
                                  0.28   slack (MET)


Startpoint: _0999_ (rising edge-triggered flip-flop clocked by w_clk)
Endpoint: _0999_ (rising edge-triggered flip-flop clocked by w_clk)
Path Group: w_clk
Path Type: min

Fanout     Cap    Slew   Delay    Time   Description
-----------------------------------------------------------------------------
                  0.15    0.00    0.00   clock w_clk (rise edge)
                          0.00    0.00   clock network delay (ideal)
                  0.15    0.00    0.00 ^ _0999_/CLK (sky130_fd_sc_hd__dfxtp_2)
                  0.04    0.33    0.33 ^ _0999_/Q (sky130_fd_sc_hd__dfxtp_2)
     2    0.00                           mem[7][5] (net)
                  0.04    0.00    0.33 ^ _0763_/A0 (sky130_fd_sc_hd__mux2_2)
                  0.03    0.12    0.45 ^ _0763_/X (sky130_fd_sc_hd__mux2_2)
     1    0.00                           _0370_ (net)
                  0.03    0.00    0.45 ^ _0764_/A (sky130_fd_sc_hd__buf_1)
                  0.03    0.06    0.51 ^ _0764_/X (sky130_fd_sc_hd__buf_1)
     1    0.00                           _0093_ (net)
                  0.03    0.00    0.51 ^ _0999_/D (sky130_fd_sc_hd__dfxtp_2)
                                  0.51   data arrival time

                  0.15    0.00    0.00   clock w_clk (rise edge)
                          0.00    0.00   clock network delay (ideal)
                          0.25    0.25   clock uncertainty
                          0.00    0.25   clock reconvergence pessimism
                                  0.25 ^ _0999_/CLK (sky130_fd_sc_hd__dfxtp_2)
                         -0.01    0.24   library hold time
                                  0.24   data required time
-----------------------------------------------------------------------------
                                  0.24   data required time
                                 -0.51   data arrival time
-----------------------------------------------------------------------------
                                  0.28   slack (MET)


Startpoint: _1000_ (rising edge-triggered flip-flop clocked by w_clk)
Endpoint: _1000_ (rising edge-triggered flip-flop clocked by w_clk)
Path Group: w_clk
Path Type: min

Fanout     Cap    Slew   Delay    Time   Description
-----------------------------------------------------------------------------
                  0.15    0.00    0.00   clock w_clk (rise edge)
                          0.00    0.00   clock network delay (ideal)
                  0.15    0.00    0.00 ^ _1000_/CLK (sky130_fd_sc_hd__dfxtp_2)
                  0.04    0.33    0.33 ^ _1000_/Q (sky130_fd_sc_hd__dfxtp_2)
     2    0.00                           mem[7][6] (net)
                  0.04    0.00    0.33 ^ _0765_/A0 (sky130_fd_sc_hd__mux2_2)
                  0.03    0.12    0.45 ^ _0765_/X (sky130_fd_sc_hd__mux2_2)
     1    0.00                           _0371_ (net)
                  0.03    0.00    0.45 ^ _0766_/A (sky130_fd_sc_hd__buf_1)
                  0.03    0.06    0.51 ^ _0766_/X (sky130_fd_sc_hd__buf_1)
     1    0.00                           _0094_ (net)
                  0.03    0.00    0.51 ^ _1000_/D (sky130_fd_sc_hd__dfxtp_2)
                                  0.51   data arrival time

                  0.15    0.00    0.00   clock w_clk (rise edge)
                          0.00    0.00   clock network delay (ideal)
                          0.25    0.25   clock uncertainty
                          0.00    0.25   clock reconvergence pessimism
                                  0.25 ^ _1000_/CLK (sky130_fd_sc_hd__dfxtp_2)
                         -0.01    0.24   library hold time
                                  0.24   data required time
-----------------------------------------------------------------------------
                                  0.24   data required time
                                 -0.51   data arrival time
-----------------------------------------------------------------------------
                                  0.28   slack (MET)


Startpoint: _1001_ (rising edge-triggered flip-flop clocked by w_clk)
Endpoint: _1001_ (rising edge-triggered flip-flop clocked by w_clk)
Path Group: w_clk
Path Type: min

Fanout     Cap    Slew   Delay    Time   Description
-----------------------------------------------------------------------------
                  0.15    0.00    0.00   clock w_clk (rise edge)
                          0.00    0.00   clock network delay (ideal)
                  0.15    0.00    0.00 ^ _1001_/CLK (sky130_fd_sc_hd__dfxtp_2)
                  0.04    0.33    0.33 ^ _1001_/Q (sky130_fd_sc_hd__dfxtp_2)
     2    0.00                           mem[7][7] (net)
                  0.04    0.00    0.33 ^ _0767_/A0 (sky130_fd_sc_hd__mux2_2)
                  0.03    0.12    0.45 ^ _0767_/X (sky130_fd_sc_hd__mux2_2)
     1    0.00                           _0372_ (net)
                  0.03    0.00    0.45 ^ _0768_/A (sky130_fd_sc_hd__buf_1)
                  0.03    0.06    0.51 ^ _0768_/X (sky130_fd_sc_hd__buf_1)
     1    0.00                           _0095_ (net)
                  0.03    0.00    0.51 ^ _1001_/D (sky130_fd_sc_hd__dfxtp_2)
                                  0.51   data arrival time

                  0.15    0.00    0.00   clock w_clk (rise edge)
                          0.00    0.00   clock network delay (ideal)
                          0.25    0.25   clock uncertainty
                          0.00    0.25   clock reconvergence pessimism
                                  0.25 ^ _1001_/CLK (sky130_fd_sc_hd__dfxtp_2)
                         -0.01    0.24   library hold time
                                  0.24   data required time
-----------------------------------------------------------------------------
                                  0.24   data required time
                                 -0.51   data arrival time
-----------------------------------------------------------------------------
                                  0.28   slack (MET)


Startpoint: _0954_ (rising edge-triggered flip-flop clocked by w_clk)
Endpoint: _0954_ (rising edge-triggered flip-flop clocked by w_clk)
Path Group: w_clk
Path Type: min

Fanout     Cap    Slew   Delay    Time   Description
-----------------------------------------------------------------------------
                  0.15    0.00    0.00   clock w_clk (rise edge)
                          0.00    0.00   clock network delay (ideal)
                  0.15    0.00    0.00 ^ _0954_/CLK (sky130_fd_sc_hd__dfxtp_2)
                  0.04    0.33    0.33 ^ _0954_/Q (sky130_fd_sc_hd__dfxtp_2)
     2    0.00                           mem[11][0] (net)
                  0.04    0.00    0.33 ^ _0661_/A0 (sky130_fd_sc_hd__mux2_2)
                  0.03    0.12    0.45 ^ _0661_/X (sky130_fd_sc_hd__mux2_2)
     1    0.00                           _0313_ (net)
                  0.03    0.00    0.45 ^ _0662_/A (sky130_fd_sc_hd__buf_1)
                  0.03    0.06    0.51 ^ _0662_/X (sky130_fd_sc_hd__buf_1)
     1    0.00                           _0048_ (net)
                  0.03    0.00    0.51 ^ _0954_/D (sky130_fd_sc_hd__dfxtp_2)
                                  0.51   data arrival time

                  0.15    0.00    0.00   clock w_clk (rise edge)
                          0.00    0.00   clock network delay (ideal)
                          0.25    0.25   clock uncertainty
                          0.00    0.25   clock reconvergence pessimism
                                  0.25 ^ _0954_/CLK (sky130_fd_sc_hd__dfxtp_2)
                         -0.01    0.24   library hold time
                                  0.24   data required time
-----------------------------------------------------------------------------
                                  0.24   data required time
                                 -0.51   data arrival time
-----------------------------------------------------------------------------
                                  0.28   slack (MET)


Startpoint: _0955_ (rising edge-triggered flip-flop clocked by w_clk)
Endpoint: _0955_ (rising edge-triggered flip-flop clocked by w_clk)
Path Group: w_clk
Path Type: min

Fanout     Cap    Slew   Delay    Time   Description
-----------------------------------------------------------------------------
                  0.15    0.00    0.00   clock w_clk (rise edge)
                          0.00    0.00   clock network delay (ideal)
                  0.15    0.00    0.00 ^ _0955_/CLK (sky130_fd_sc_hd__dfxtp_2)
                  0.04    0.33    0.33 ^ _0955_/Q (sky130_fd_sc_hd__dfxtp_2)
     2    0.00                           mem[11][1] (net)
                  0.04    0.00    0.33 ^ _0663_/A0 (sky130_fd_sc_hd__mux2_2)
                  0.03    0.12    0.45 ^ _0663_/X (sky130_fd_sc_hd__mux2_2)
     1    0.00                           _0314_ (net)
                  0.03    0.00    0.45 ^ _0664_/A (sky130_fd_sc_hd__buf_1)
                  0.03    0.06    0.51 ^ _0664_/X (sky130_fd_sc_hd__buf_1)
     1    0.00                           _0049_ (net)
                  0.03    0.00    0.51 ^ _0955_/D (sky130_fd_sc_hd__dfxtp_2)
                                  0.51   data arrival time

                  0.15    0.00    0.00   clock w_clk (rise edge)
                          0.00    0.00   clock network delay (ideal)
                          0.25    0.25   clock uncertainty
                          0.00    0.25   clock reconvergence pessimism
                                  0.25 ^ _0955_/CLK (sky130_fd_sc_hd__dfxtp_2)
                         -0.01    0.24   library hold time
                                  0.24   data required time
-----------------------------------------------------------------------------
                                  0.24   data required time
                                 -0.51   data arrival time
-----------------------------------------------------------------------------
                                  0.28   slack (MET)


Startpoint: _0956_ (rising edge-triggered flip-flop clocked by w_clk)
Endpoint: _0956_ (rising edge-triggered flip-flop clocked by w_clk)
Path Group: w_clk
Path Type: min

Fanout     Cap    Slew   Delay    Time   Description
-----------------------------------------------------------------------------
                  0.15    0.00    0.00   clock w_clk (rise edge)
                          0.00    0.00   clock network delay (ideal)
                  0.15    0.00    0.00 ^ _0956_/CLK (sky130_fd_sc_hd__dfxtp_2)
                  0.04    0.33    0.33 ^ _0956_/Q (sky130_fd_sc_hd__dfxtp_2)
     2    0.00                           mem[11][2] (net)
                  0.04    0.00    0.33 ^ _0665_/A0 (sky130_fd_sc_hd__mux2_2)
                  0.03    0.12    0.45 ^ _0665_/X (sky130_fd_sc_hd__mux2_2)
     1    0.00                           _0315_ (net)
                  0.03    0.00    0.45 ^ _0666_/A (sky130_fd_sc_hd__buf_1)
                  0.03    0.06    0.51 ^ _0666_/X (sky130_fd_sc_hd__buf_1)
     1    0.00                           _0050_ (net)
                  0.03    0.00    0.51 ^ _0956_/D (sky130_fd_sc_hd__dfxtp_2)
                                  0.51   data arrival time

                  0.15    0.00    0.00   clock w_clk (rise edge)
                          0.00    0.00   clock network delay (ideal)
                          0.25    0.25   clock uncertainty
                          0.00    0.25   clock reconvergence pessimism
                                  0.25 ^ _0956_/CLK (sky130_fd_sc_hd__dfxtp_2)
                         -0.01    0.24   library hold time
                                  0.24   data required time
-----------------------------------------------------------------------------
                                  0.24   data required time
                                 -0.51   data arrival time
-----------------------------------------------------------------------------
                                  0.28   slack (MET)


Startpoint: _0957_ (rising edge-triggered flip-flop clocked by w_clk)
Endpoint: _0957_ (rising edge-triggered flip-flop clocked by w_clk)
Path Group: w_clk
Path Type: min

Fanout     Cap    Slew   Delay    Time   Description
-----------------------------------------------------------------------------
                  0.15    0.00    0.00   clock w_clk (rise edge)
                          0.00    0.00   clock network delay (ideal)
                  0.15    0.00    0.00 ^ _0957_/CLK (sky130_fd_sc_hd__dfxtp_2)
                  0.04    0.33    0.33 ^ _0957_/Q (sky130_fd_sc_hd__dfxtp_2)
     2    0.00                           mem[11][3] (net)
                  0.04    0.00    0.33 ^ _0667_/A0 (sky130_fd_sc_hd__mux2_2)
                  0.03    0.12    0.45 ^ _0667_/X (sky130_fd_sc_hd__mux2_2)
     1    0.00                           _0316_ (net)
                  0.03    0.00    0.45 ^ _0668_/A (sky130_fd_sc_hd__buf_1)
                  0.03    0.06    0.51 ^ _0668_/X (sky130_fd_sc_hd__buf_1)
     1    0.00                           _0051_ (net)
                  0.03    0.00    0.51 ^ _0957_/D (sky130_fd_sc_hd__dfxtp_2)
                                  0.51   data arrival time

                  0.15    0.00    0.00   clock w_clk (rise edge)
                          0.00    0.00   clock network delay (ideal)
                          0.25    0.25   clock uncertainty
                          0.00    0.25   clock reconvergence pessimism
                                  0.25 ^ _0957_/CLK (sky130_fd_sc_hd__dfxtp_2)
                         -0.01    0.24   library hold time
                                  0.24   data required time
-----------------------------------------------------------------------------
                                  0.24   data required time
                                 -0.51   data arrival time
-----------------------------------------------------------------------------
                                  0.28   slack (MET)


Startpoint: _0958_ (rising edge-triggered flip-flop clocked by w_clk)
Endpoint: _0958_ (rising edge-triggered flip-flop clocked by w_clk)
Path Group: w_clk
Path Type: min

Fanout     Cap    Slew   Delay    Time   Description
-----------------------------------------------------------------------------
                  0.15    0.00    0.00   clock w_clk (rise edge)
                          0.00    0.00   clock network delay (ideal)
                  0.15    0.00    0.00 ^ _0958_/CLK (sky130_fd_sc_hd__dfxtp_2)
                  0.04    0.33    0.33 ^ _0958_/Q (sky130_fd_sc_hd__dfxtp_2)
     2    0.00                           mem[11][4] (net)
                  0.04    0.00    0.33 ^ _0669_/A0 (sky130_fd_sc_hd__mux2_2)
                  0.03    0.12    0.45 ^ _0669_/X (sky130_fd_sc_hd__mux2_2)
     1    0.00                           _0317_ (net)
                  0.03    0.00    0.45 ^ _0670_/A (sky130_fd_sc_hd__buf_1)
                  0.03    0.06    0.51 ^ _0670_/X (sky130_fd_sc_hd__buf_1)
     1    0.00                           _0052_ (net)
                  0.03    0.00    0.51 ^ _0958_/D (sky130_fd_sc_hd__dfxtp_2)
                                  0.51   data arrival time

                  0.15    0.00    0.00   clock w_clk (rise edge)
                          0.00    0.00   clock network delay (ideal)
                          0.25    0.25   clock uncertainty
                          0.00    0.25   clock reconvergence pessimism
                                  0.25 ^ _0958_/CLK (sky130_fd_sc_hd__dfxtp_2)
                         -0.01    0.24   library hold time
                                  0.24   data required time
-----------------------------------------------------------------------------
                                  0.24   data required time
                                 -0.51   data arrival time
-----------------------------------------------------------------------------
                                  0.28   slack (MET)


Startpoint: _0959_ (rising edge-triggered flip-flop clocked by w_clk)
Endpoint: _0959_ (rising edge-triggered flip-flop clocked by w_clk)
Path Group: w_clk
Path Type: min

Fanout     Cap    Slew   Delay    Time   Description
-----------------------------------------------------------------------------
                  0.15    0.00    0.00   clock w_clk (rise edge)
                          0.00    0.00   clock network delay (ideal)
                  0.15    0.00    0.00 ^ _0959_/CLK (sky130_fd_sc_hd__dfxtp_2)
                  0.04    0.33    0.33 ^ _0959_/Q (sky130_fd_sc_hd__dfxtp_2)
     2    0.00                           mem[11][5] (net)
                  0.04    0.00    0.33 ^ _0671_/A0 (sky130_fd_sc_hd__mux2_2)
                  0.03    0.12    0.45 ^ _0671_/X (sky130_fd_sc_hd__mux2_2)
     1    0.00                           _0318_ (net)
                  0.03    0.00    0.45 ^ _0672_/A (sky130_fd_sc_hd__buf_1)
                  0.03    0.06    0.51 ^ _0672_/X (sky130_fd_sc_hd__buf_1)
     1    0.00                           _0053_ (net)
                  0.03    0.00    0.51 ^ _0959_/D (sky130_fd_sc_hd__dfxtp_2)
                                  0.51   data arrival time

                  0.15    0.00    0.00   clock w_clk (rise edge)
                          0.00    0.00   clock network delay (ideal)
                          0.25    0.25   clock uncertainty
                          0.00    0.25   clock reconvergence pessimism
                                  0.25 ^ _0959_/CLK (sky130_fd_sc_hd__dfxtp_2)
                         -0.01    0.24   library hold time
                                  0.24   data required time
-----------------------------------------------------------------------------
                                  0.24   data required time
                                 -0.51   data arrival time
-----------------------------------------------------------------------------
                                  0.28   slack (MET)


Startpoint: _0960_ (rising edge-triggered flip-flop clocked by w_clk)
Endpoint: _0960_ (rising edge-triggered flip-flop clocked by w_clk)
Path Group: w_clk
Path Type: min

Fanout     Cap    Slew   Delay    Time   Description
-----------------------------------------------------------------------------
                  0.15    0.00    0.00   clock w_clk (rise edge)
                          0.00    0.00   clock network delay (ideal)
                  0.15    0.00    0.00 ^ _0960_/CLK (sky130_fd_sc_hd__dfxtp_2)
                  0.04    0.33    0.33 ^ _0960_/Q (sky130_fd_sc_hd__dfxtp_2)
     2    0.00                           mem[11][6] (net)
                  0.04    0.00    0.33 ^ _0673_/A0 (sky130_fd_sc_hd__mux2_2)
                  0.03    0.12    0.45 ^ _0673_/X (sky130_fd_sc_hd__mux2_2)
     1    0.00                           _0319_ (net)
                  0.03    0.00    0.45 ^ _0674_/A (sky130_fd_sc_hd__buf_1)
                  0.03    0.06    0.51 ^ _0674_/X (sky130_fd_sc_hd__buf_1)
     1    0.00                           _0054_ (net)
                  0.03    0.00    0.51 ^ _0960_/D (sky130_fd_sc_hd__dfxtp_2)
                                  0.51   data arrival time

                  0.15    0.00    0.00   clock w_clk (rise edge)
                          0.00    0.00   clock network delay (ideal)
                          0.25    0.25   clock uncertainty
                          0.00    0.25   clock reconvergence pessimism
                                  0.25 ^ _0960_/CLK (sky130_fd_sc_hd__dfxtp_2)
                         -0.01    0.24   library hold time
                                  0.24   data required time
-----------------------------------------------------------------------------
                                  0.24   data required time
                                 -0.51   data arrival time
-----------------------------------------------------------------------------
                                  0.28   slack (MET)


Startpoint: _0961_ (rising edge-triggered flip-flop clocked by w_clk)
Endpoint: _0961_ (rising edge-triggered flip-flop clocked by w_clk)
Path Group: w_clk
Path Type: min

Fanout     Cap    Slew   Delay    Time   Description
-----------------------------------------------------------------------------
                  0.15    0.00    0.00   clock w_clk (rise edge)
                          0.00    0.00   clock network delay (ideal)
                  0.15    0.00    0.00 ^ _0961_/CLK (sky130_fd_sc_hd__dfxtp_2)
                  0.04    0.33    0.33 ^ _0961_/Q (sky130_fd_sc_hd__dfxtp_2)
     2    0.00                           mem[11][7] (net)
                  0.04    0.00    0.33 ^ _0675_/A0 (sky130_fd_sc_hd__mux2_2)
                  0.03    0.12    0.45 ^ _0675_/X (sky130_fd_sc_hd__mux2_2)
     1    0.00                           _0320_ (net)
                  0.03    0.00    0.45 ^ _0676_/A (sky130_fd_sc_hd__buf_1)
                  0.03    0.06    0.51 ^ _0676_/X (sky130_fd_sc_hd__buf_1)
     1    0.00                           _0055_ (net)
                  0.03    0.00    0.51 ^ _0961_/D (sky130_fd_sc_hd__dfxtp_2)
                                  0.51   data arrival time

                  0.15    0.00    0.00   clock w_clk (rise edge)
                          0.00    0.00   clock network delay (ideal)
                          0.25    0.25   clock uncertainty
                          0.00    0.25   clock reconvergence pessimism
                                  0.25 ^ _0961_/CLK (sky130_fd_sc_hd__dfxtp_2)
                         -0.01    0.24   library hold time
                                  0.24   data required time
-----------------------------------------------------------------------------
                                  0.24   data required time
                                 -0.51   data arrival time
-----------------------------------------------------------------------------
                                  0.28   slack (MET)


Startpoint: _1002_ (rising edge-triggered flip-flop clocked by w_clk)
Endpoint: _1002_ (rising edge-triggered flip-flop clocked by w_clk)
Path Group: w_clk
Path Type: min

Fanout     Cap    Slew   Delay    Time   Description
-----------------------------------------------------------------------------
                  0.15    0.00    0.00   clock w_clk (rise edge)
                          0.00    0.00   clock network delay (ideal)
                  0.15    0.00    0.00 ^ _1002_/CLK (sky130_fd_sc_hd__dfxtp_2)
                  0.04    0.33    0.33 ^ _1002_/Q (sky130_fd_sc_hd__dfxtp_2)
     2    0.00                           mem[3][0] (net)
                  0.04    0.00    0.33 ^ _0771_/A0 (sky130_fd_sc_hd__mux2_2)
                  0.03    0.12    0.45 ^ _0771_/X (sky130_fd_sc_hd__mux2_2)
     1    0.00                           _0375_ (net)
                  0.03    0.00    0.45 ^ _0772_/A (sky130_fd_sc_hd__buf_1)
                  0.03    0.06    0.51 ^ _0772_/X (sky130_fd_sc_hd__buf_1)
     1    0.00                           _0096_ (net)
                  0.03    0.00    0.51 ^ _1002_/D (sky130_fd_sc_hd__dfxtp_2)
                                  0.51   data arrival time

                  0.15    0.00    0.00   clock w_clk (rise edge)
                          0.00    0.00   clock network delay (ideal)
                          0.25    0.25   clock uncertainty
                          0.00    0.25   clock reconvergence pessimism
                                  0.25 ^ _1002_/CLK (sky130_fd_sc_hd__dfxtp_2)
                         -0.01    0.24   library hold time
                                  0.24   data required time
-----------------------------------------------------------------------------
                                  0.24   data required time
                                 -0.51   data arrival time
-----------------------------------------------------------------------------
                                  0.28   slack (MET)


Startpoint: _1003_ (rising edge-triggered flip-flop clocked by w_clk)
Endpoint: _1003_ (rising edge-triggered flip-flop clocked by w_clk)
Path Group: w_clk
Path Type: min

Fanout     Cap    Slew   Delay    Time   Description
-----------------------------------------------------------------------------
                  0.15    0.00    0.00   clock w_clk (rise edge)
                          0.00    0.00   clock network delay (ideal)
                  0.15    0.00    0.00 ^ _1003_/CLK (sky130_fd_sc_hd__dfxtp_2)
                  0.04    0.33    0.33 ^ _1003_/Q (sky130_fd_sc_hd__dfxtp_2)
     2    0.00                           mem[3][1] (net)
                  0.04    0.00    0.33 ^ _0773_/A0 (sky130_fd_sc_hd__mux2_2)
                  0.03    0.12    0.45 ^ _0773_/X (sky130_fd_sc_hd__mux2_2)
     1    0.00                           _0376_ (net)
                  0.03    0.00    0.45 ^ _0774_/A (sky130_fd_sc_hd__buf_1)
                  0.03    0.06    0.51 ^ _0774_/X (sky130_fd_sc_hd__buf_1)
     1    0.00                           _0097_ (net)
                  0.03    0.00    0.51 ^ _1003_/D (sky130_fd_sc_hd__dfxtp_2)
                                  0.51   data arrival time

                  0.15    0.00    0.00   clock w_clk (rise edge)
                          0.00    0.00   clock network delay (ideal)
                          0.25    0.25   clock uncertainty
                          0.00    0.25   clock reconvergence pessimism
                                  0.25 ^ _1003_/CLK (sky130_fd_sc_hd__dfxtp_2)
                         -0.01    0.24   library hold time
                                  0.24   data required time
-----------------------------------------------------------------------------
                                  0.24   data required time
                                 -0.51   data arrival time
-----------------------------------------------------------------------------
                                  0.28   slack (MET)


Startpoint: _1004_ (rising edge-triggered flip-flop clocked by w_clk)
Endpoint: _1004_ (rising edge-triggered flip-flop clocked by w_clk)
Path Group: w_clk
Path Type: min

Fanout     Cap    Slew   Delay    Time   Description
-----------------------------------------------------------------------------
                  0.15    0.00    0.00   clock w_clk (rise edge)
                          0.00    0.00   clock network delay (ideal)
                  0.15    0.00    0.00 ^ _1004_/CLK (sky130_fd_sc_hd__dfxtp_2)
                  0.04    0.33    0.33 ^ _1004_/Q (sky130_fd_sc_hd__dfxtp_2)
     2    0.00                           mem[3][2] (net)
                  0.04    0.00    0.33 ^ _0775_/A0 (sky130_fd_sc_hd__mux2_2)
                  0.03    0.12    0.45 ^ _0775_/X (sky130_fd_sc_hd__mux2_2)
     1    0.00                           _0377_ (net)
                  0.03    0.00    0.45 ^ _0776_/A (sky130_fd_sc_hd__buf_1)
                  0.03    0.06    0.51 ^ _0776_/X (sky130_fd_sc_hd__buf_1)
     1    0.00                           _0098_ (net)
                  0.03    0.00    0.51 ^ _1004_/D (sky130_fd_sc_hd__dfxtp_2)
                                  0.51   data arrival time

                  0.15    0.00    0.00   clock w_clk (rise edge)
                          0.00    0.00   clock network delay (ideal)
                          0.25    0.25   clock uncertainty
                          0.00    0.25   clock reconvergence pessimism
                                  0.25 ^ _1004_/CLK (sky130_fd_sc_hd__dfxtp_2)
                         -0.01    0.24   library hold time
                                  0.24   data required time
-----------------------------------------------------------------------------
                                  0.24   data required time
                                 -0.51   data arrival time
-----------------------------------------------------------------------------
                                  0.28   slack (MET)


Startpoint: _1005_ (rising edge-triggered flip-flop clocked by w_clk)
Endpoint: _1005_ (rising edge-triggered flip-flop clocked by w_clk)
Path Group: w_clk
Path Type: min

Fanout     Cap    Slew   Delay    Time   Description
-----------------------------------------------------------------------------
                  0.15    0.00    0.00   clock w_clk (rise edge)
                          0.00    0.00   clock network delay (ideal)
                  0.15    0.00    0.00 ^ _1005_/CLK (sky130_fd_sc_hd__dfxtp_2)
                  0.04    0.33    0.33 ^ _1005_/Q (sky130_fd_sc_hd__dfxtp_2)
     2    0.00                           mem[3][3] (net)
                  0.04    0.00    0.33 ^ _0777_/A0 (sky130_fd_sc_hd__mux2_2)
                  0.03    0.12    0.45 ^ _0777_/X (sky130_fd_sc_hd__mux2_2)
     1    0.00                           _0378_ (net)
                  0.03    0.00    0.45 ^ _0778_/A (sky130_fd_sc_hd__buf_1)
                  0.03    0.06    0.51 ^ _0778_/X (sky130_fd_sc_hd__buf_1)
     1    0.00                           _0099_ (net)
                  0.03    0.00    0.51 ^ _1005_/D (sky130_fd_sc_hd__dfxtp_2)
                                  0.51   data arrival time

                  0.15    0.00    0.00   clock w_clk (rise edge)
                          0.00    0.00   clock network delay (ideal)
                          0.25    0.25   clock uncertainty
                          0.00    0.25   clock reconvergence pessimism
                                  0.25 ^ _1005_/CLK (sky130_fd_sc_hd__dfxtp_2)
                         -0.01    0.24   library hold time
                                  0.24   data required time
-----------------------------------------------------------------------------
                                  0.24   data required time
                                 -0.51   data arrival time
-----------------------------------------------------------------------------
                                  0.28   slack (MET)


Startpoint: _1006_ (rising edge-triggered flip-flop clocked by w_clk)
Endpoint: _1006_ (rising edge-triggered flip-flop clocked by w_clk)
Path Group: w_clk
Path Type: min

Fanout     Cap    Slew   Delay    Time   Description
-----------------------------------------------------------------------------
                  0.15    0.00    0.00   clock w_clk (rise edge)
                          0.00    0.00   clock network delay (ideal)
                  0.15    0.00    0.00 ^ _1006_/CLK (sky130_fd_sc_hd__dfxtp_2)
                  0.04    0.33    0.33 ^ _1006_/Q (sky130_fd_sc_hd__dfxtp_2)
     2    0.00                           mem[3][4] (net)
                  0.04    0.00    0.33 ^ _0779_/A0 (sky130_fd_sc_hd__mux2_2)
                  0.03    0.12    0.45 ^ _0779_/X (sky130_fd_sc_hd__mux2_2)
     1    0.00                           _0379_ (net)
                  0.03    0.00    0.45 ^ _0780_/A (sky130_fd_sc_hd__buf_1)
                  0.03    0.06    0.51 ^ _0780_/X (sky130_fd_sc_hd__buf_1)
     1    0.00                           _0100_ (net)
                  0.03    0.00    0.51 ^ _1006_/D (sky130_fd_sc_hd__dfxtp_2)
                                  0.51   data arrival time

                  0.15    0.00    0.00   clock w_clk (rise edge)
                          0.00    0.00   clock network delay (ideal)
                          0.25    0.25   clock uncertainty
                          0.00    0.25   clock reconvergence pessimism
                                  0.25 ^ _1006_/CLK (sky130_fd_sc_hd__dfxtp_2)
                         -0.01    0.24   library hold time
                                  0.24   data required time
-----------------------------------------------------------------------------
                                  0.24   data required time
                                 -0.51   data arrival time
-----------------------------------------------------------------------------
                                  0.28   slack (MET)


Startpoint: _1007_ (rising edge-triggered flip-flop clocked by w_clk)
Endpoint: _1007_ (rising edge-triggered flip-flop clocked by w_clk)
Path Group: w_clk
Path Type: min

Fanout     Cap    Slew   Delay    Time   Description
-----------------------------------------------------------------------------
                  0.15    0.00    0.00   clock w_clk (rise edge)
                          0.00    0.00   clock network delay (ideal)
                  0.15    0.00    0.00 ^ _1007_/CLK (sky130_fd_sc_hd__dfxtp_2)
                  0.04    0.33    0.33 ^ _1007_/Q (sky130_fd_sc_hd__dfxtp_2)
     2    0.00                           mem[3][5] (net)
                  0.04    0.00    0.33 ^ _0781_/A0 (sky130_fd_sc_hd__mux2_2)
                  0.03    0.12    0.45 ^ _0781_/X (sky130_fd_sc_hd__mux2_2)
     1    0.00                           _0380_ (net)
                  0.03    0.00    0.45 ^ _0782_/A (sky130_fd_sc_hd__buf_1)
                  0.03    0.06    0.51 ^ _0782_/X (sky130_fd_sc_hd__buf_1)
     1    0.00                           _0101_ (net)
                  0.03    0.00    0.51 ^ _1007_/D (sky130_fd_sc_hd__dfxtp_2)
                                  0.51   data arrival time

                  0.15    0.00    0.00   clock w_clk (rise edge)
                          0.00    0.00   clock network delay (ideal)
                          0.25    0.25   clock uncertainty
                          0.00    0.25   clock reconvergence pessimism
                                  0.25 ^ _1007_/CLK (sky130_fd_sc_hd__dfxtp_2)
                         -0.01    0.24   library hold time
                                  0.24   data required time
-----------------------------------------------------------------------------
                                  0.24   data required time
                                 -0.51   data arrival time
-----------------------------------------------------------------------------
                                  0.28   slack (MET)


Startpoint: _1008_ (rising edge-triggered flip-flop clocked by w_clk)
Endpoint: _1008_ (rising edge-triggered flip-flop clocked by w_clk)
Path Group: w_clk
Path Type: min

Fanout     Cap    Slew   Delay    Time   Description
-----------------------------------------------------------------------------
                  0.15    0.00    0.00   clock w_clk (rise edge)
                          0.00    0.00   clock network delay (ideal)
                  0.15    0.00    0.00 ^ _1008_/CLK (sky130_fd_sc_hd__dfxtp_2)
                  0.04    0.33    0.33 ^ _1008_/Q (sky130_fd_sc_hd__dfxtp_2)
     2    0.00                           mem[3][6] (net)
                  0.04    0.00    0.33 ^ _0783_/A0 (sky130_fd_sc_hd__mux2_2)
                  0.03    0.12    0.45 ^ _0783_/X (sky130_fd_sc_hd__mux2_2)
     1    0.00                           _0381_ (net)
                  0.03    0.00    0.45 ^ _0784_/A (sky130_fd_sc_hd__buf_1)
                  0.03    0.06    0.51 ^ _0784_/X (sky130_fd_sc_hd__buf_1)
     1    0.00                           _0102_ (net)
                  0.03    0.00    0.51 ^ _1008_/D (sky130_fd_sc_hd__dfxtp_2)
                                  0.51   data arrival time

                  0.15    0.00    0.00   clock w_clk (rise edge)
                          0.00    0.00   clock network delay (ideal)
                          0.25    0.25   clock uncertainty
                          0.00    0.25   clock reconvergence pessimism
                                  0.25 ^ _1008_/CLK (sky130_fd_sc_hd__dfxtp_2)
                         -0.01    0.24   library hold time
                                  0.24   data required time
-----------------------------------------------------------------------------
                                  0.24   data required time
                                 -0.51   data arrival time
-----------------------------------------------------------------------------
                                  0.28   slack (MET)


Startpoint: _1009_ (rising edge-triggered flip-flop clocked by w_clk)
Endpoint: _1009_ (rising edge-triggered flip-flop clocked by w_clk)
Path Group: w_clk
Path Type: min

Fanout     Cap    Slew   Delay    Time   Description
-----------------------------------------------------------------------------
                  0.15    0.00    0.00   clock w_clk (rise edge)
                          0.00    0.00   clock network delay (ideal)
                  0.15    0.00    0.00 ^ _1009_/CLK (sky130_fd_sc_hd__dfxtp_2)
                  0.04    0.33    0.33 ^ _1009_/Q (sky130_fd_sc_hd__dfxtp_2)
     2    0.00                           mem[3][7] (net)
                  0.04    0.00    0.33 ^ _0785_/A0 (sky130_fd_sc_hd__mux2_2)
                  0.03    0.12    0.45 ^ _0785_/X (sky130_fd_sc_hd__mux2_2)
     1    0.00                           _0382_ (net)
                  0.03    0.00    0.45 ^ _0786_/A (sky130_fd_sc_hd__buf_1)
                  0.03    0.06    0.51 ^ _0786_/X (sky130_fd_sc_hd__buf_1)
     1    0.00                           _0103_ (net)
                  0.03    0.00    0.51 ^ _1009_/D (sky130_fd_sc_hd__dfxtp_2)
                                  0.51   data arrival time

                  0.15    0.00    0.00   clock w_clk (rise edge)
                          0.00    0.00   clock network delay (ideal)
                          0.25    0.25   clock uncertainty
                          0.00    0.25   clock reconvergence pessimism
                                  0.25 ^ _1009_/CLK (sky130_fd_sc_hd__dfxtp_2)
                         -0.01    0.24   library hold time
                                  0.24   data required time
-----------------------------------------------------------------------------
                                  0.24   data required time
                                 -0.51   data arrival time
-----------------------------------------------------------------------------
                                  0.28   slack (MET)


Startpoint: _1064_ (rising edge-triggered flip-flop clocked by w_clk)
Endpoint: _1064_ (rising edge-triggered flip-flop clocked by w_clk)
Path Group: w_clk
Path Type: min

Fanout     Cap    Slew   Delay    Time   Description
-----------------------------------------------------------------------------
                  0.15    0.00    0.00   clock w_clk (rise edge)
                          0.00    0.00   clock network delay (ideal)
                  0.15    0.00    0.00 ^ _1064_/CLK (sky130_fd_sc_hd__dfxtp_2)
                  0.04    0.33    0.33 ^ _1064_/Q (sky130_fd_sc_hd__dfxtp_2)
     2    0.00                           mem[15][0] (net)
                  0.04    0.00    0.33 ^ _0872_/A0 (sky130_fd_sc_hd__mux2_2)
                  0.03    0.12    0.45 ^ _0872_/X (sky130_fd_sc_hd__mux2_2)
     1    0.00                           _0434_ (net)
                  0.03    0.00    0.45 ^ _0873_/A (sky130_fd_sc_hd__buf_1)
                  0.03    0.06    0.51 ^ _0873_/X (sky130_fd_sc_hd__buf_1)
     1    0.00                           _0138_ (net)
                  0.03    0.00    0.51 ^ _1064_/D (sky130_fd_sc_hd__dfxtp_2)
                                  0.51   data arrival time

                  0.15    0.00    0.00   clock w_clk (rise edge)
                          0.00    0.00   clock network delay (ideal)
                          0.25    0.25   clock uncertainty
                          0.00    0.25   clock reconvergence pessimism
                                  0.25 ^ _1064_/CLK (sky130_fd_sc_hd__dfxtp_2)
                         -0.01    0.24   library hold time
                                  0.24   data required time
-----------------------------------------------------------------------------
                                  0.24   data required time
                                 -0.51   data arrival time
-----------------------------------------------------------------------------
                                  0.28   slack (MET)


Startpoint: _1065_ (rising edge-triggered flip-flop clocked by w_clk)
Endpoint: _1065_ (rising edge-triggered flip-flop clocked by w_clk)
Path Group: w_clk
Path Type: min

Fanout     Cap    Slew   Delay    Time   Description
-----------------------------------------------------------------------------
                  0.15    0.00    0.00   clock w_clk (rise edge)
                          0.00    0.00   clock network delay (ideal)
                  0.15    0.00    0.00 ^ _1065_/CLK (sky130_fd_sc_hd__dfxtp_2)
                  0.04    0.33    0.33 ^ _1065_/Q (sky130_fd_sc_hd__dfxtp_2)
     2    0.00                           mem[15][1] (net)
                  0.04    0.00    0.33 ^ _0874_/A0 (sky130_fd_sc_hd__mux2_2)
                  0.03    0.12    0.45 ^ _0874_/X (sky130_fd_sc_hd__mux2_2)
     1    0.00                           _0435_ (net)
                  0.03    0.00    0.45 ^ _0875_/A (sky130_fd_sc_hd__buf_1)
                  0.03    0.06    0.51 ^ _0875_/X (sky130_fd_sc_hd__buf_1)
     1    0.00                           _0139_ (net)
                  0.03    0.00    0.51 ^ _1065_/D (sky130_fd_sc_hd__dfxtp_2)
                                  0.51   data arrival time

                  0.15    0.00    0.00   clock w_clk (rise edge)
                          0.00    0.00   clock network delay (ideal)
                          0.25    0.25   clock uncertainty
                          0.00    0.25   clock reconvergence pessimism
                                  0.25 ^ _1065_/CLK (sky130_fd_sc_hd__dfxtp_2)
                         -0.01    0.24   library hold time
                                  0.24   data required time
-----------------------------------------------------------------------------
                                  0.24   data required time
                                 -0.51   data arrival time
-----------------------------------------------------------------------------
                                  0.28   slack (MET)


Startpoint: _1066_ (rising edge-triggered flip-flop clocked by w_clk)
Endpoint: _1066_ (rising edge-triggered flip-flop clocked by w_clk)
Path Group: w_clk
Path Type: min

Fanout     Cap    Slew   Delay    Time   Description
-----------------------------------------------------------------------------
                  0.15    0.00    0.00   clock w_clk (rise edge)
                          0.00    0.00   clock network delay (ideal)
                  0.15    0.00    0.00 ^ _1066_/CLK (sky130_fd_sc_hd__dfxtp_2)
                  0.04    0.33    0.33 ^ _1066_/Q (sky130_fd_sc_hd__dfxtp_2)
     2    0.00                           mem[15][2] (net)
                  0.04    0.00    0.33 ^ _0876_/A0 (sky130_fd_sc_hd__mux2_2)
                  0.03    0.12    0.45 ^ _0876_/X (sky130_fd_sc_hd__mux2_2)
     1    0.00                           _0436_ (net)
                  0.03    0.00    0.45 ^ _0877_/A (sky130_fd_sc_hd__buf_1)
                  0.03    0.06    0.51 ^ _0877_/X (sky130_fd_sc_hd__buf_1)
     1    0.00                           _0140_ (net)
                  0.03    0.00    0.51 ^ _1066_/D (sky130_fd_sc_hd__dfxtp_2)
                                  0.51   data arrival time

                  0.15    0.00    0.00   clock w_clk (rise edge)
                          0.00    0.00   clock network delay (ideal)
                          0.25    0.25   clock uncertainty
                          0.00    0.25   clock reconvergence pessimism
                                  0.25 ^ _1066_/CLK (sky130_fd_sc_hd__dfxtp_2)
                         -0.01    0.24   library hold time
                                  0.24   data required time
-----------------------------------------------------------------------------
                                  0.24   data required time
                                 -0.51   data arrival time
-----------------------------------------------------------------------------
                                  0.28   slack (MET)


Startpoint: _1067_ (rising edge-triggered flip-flop clocked by w_clk)
Endpoint: _1067_ (rising edge-triggered flip-flop clocked by w_clk)
Path Group: w_clk
Path Type: min

Fanout     Cap    Slew   Delay    Time   Description
-----------------------------------------------------------------------------
                  0.15    0.00    0.00   clock w_clk (rise edge)
                          0.00    0.00   clock network delay (ideal)
                  0.15    0.00    0.00 ^ _1067_/CLK (sky130_fd_sc_hd__dfxtp_2)
                  0.04    0.33    0.33 ^ _1067_/Q (sky130_fd_sc_hd__dfxtp_2)
     2    0.00                           mem[15][3] (net)
                  0.04    0.00    0.33 ^ _0878_/A0 (sky130_fd_sc_hd__mux2_2)
                  0.03    0.12    0.45 ^ _0878_/X (sky130_fd_sc_hd__mux2_2)
     1    0.00                           _0437_ (net)
                  0.03    0.00    0.45 ^ _0879_/A (sky130_fd_sc_hd__buf_1)
                  0.03    0.06    0.51 ^ _0879_/X (sky130_fd_sc_hd__buf_1)
     1    0.00                           _0141_ (net)
                  0.03    0.00    0.51 ^ _1067_/D (sky130_fd_sc_hd__dfxtp_2)
                                  0.51   data arrival time

                  0.15    0.00    0.00   clock w_clk (rise edge)
                          0.00    0.00   clock network delay (ideal)
                          0.25    0.25   clock uncertainty
                          0.00    0.25   clock reconvergence pessimism
                                  0.25 ^ _1067_/CLK (sky130_fd_sc_hd__dfxtp_2)
                         -0.01    0.24   library hold time
                                  0.24   data required time
-----------------------------------------------------------------------------
                                  0.24   data required time
                                 -0.51   data arrival time
-----------------------------------------------------------------------------
                                  0.28   slack (MET)


Startpoint: _1068_ (rising edge-triggered flip-flop clocked by w_clk)
Endpoint: _1068_ (rising edge-triggered flip-flop clocked by w_clk)
Path Group: w_clk
Path Type: min

Fanout     Cap    Slew   Delay    Time   Description
-----------------------------------------------------------------------------
                  0.15    0.00    0.00   clock w_clk (rise edge)
                          0.00    0.00   clock network delay (ideal)
                  0.15    0.00    0.00 ^ _1068_/CLK (sky130_fd_sc_hd__dfxtp_2)
                  0.04    0.33    0.33 ^ _1068_/Q (sky130_fd_sc_hd__dfxtp_2)
     2    0.00                           mem[15][4] (net)
                  0.04    0.00    0.33 ^ _0880_/A0 (sky130_fd_sc_hd__mux2_2)
                  0.03    0.12    0.45 ^ _0880_/X (sky130_fd_sc_hd__mux2_2)
     1    0.00                           _0438_ (net)
                  0.03    0.00    0.45 ^ _0881_/A (sky130_fd_sc_hd__buf_1)
                  0.03    0.06    0.51 ^ _0881_/X (sky130_fd_sc_hd__buf_1)
     1    0.00                           _0142_ (net)
                  0.03    0.00    0.51 ^ _1068_/D (sky130_fd_sc_hd__dfxtp_2)
                                  0.51   data arrival time

                  0.15    0.00    0.00   clock w_clk (rise edge)
                          0.00    0.00   clock network delay (ideal)
                          0.25    0.25   clock uncertainty
                          0.00    0.25   clock reconvergence pessimism
                                  0.25 ^ _1068_/CLK (sky130_fd_sc_hd__dfxtp_2)
                         -0.01    0.24   library hold time
                                  0.24   data required time
-----------------------------------------------------------------------------
                                  0.24   data required time
                                 -0.51   data arrival time
-----------------------------------------------------------------------------
                                  0.28   slack (MET)


Startpoint: _1069_ (rising edge-triggered flip-flop clocked by w_clk)
Endpoint: _1069_ (rising edge-triggered flip-flop clocked by w_clk)
Path Group: w_clk
Path Type: min

Fanout     Cap    Slew   Delay    Time   Description
-----------------------------------------------------------------------------
                  0.15    0.00    0.00   clock w_clk (rise edge)
                          0.00    0.00   clock network delay (ideal)
                  0.15    0.00    0.00 ^ _1069_/CLK (sky130_fd_sc_hd__dfxtp_2)
                  0.04    0.33    0.33 ^ _1069_/Q (sky130_fd_sc_hd__dfxtp_2)
     2    0.00                           mem[15][5] (net)
                  0.04    0.00    0.33 ^ _0882_/A0 (sky130_fd_sc_hd__mux2_2)
                  0.03    0.12    0.45 ^ _0882_/X (sky130_fd_sc_hd__mux2_2)
     1    0.00                           _0439_ (net)
                  0.03    0.00    0.45 ^ _0883_/A (sky130_fd_sc_hd__buf_1)
                  0.03    0.06    0.51 ^ _0883_/X (sky130_fd_sc_hd__buf_1)
     1    0.00                           _0143_ (net)
                  0.03    0.00    0.51 ^ _1069_/D (sky130_fd_sc_hd__dfxtp_2)
                                  0.51   data arrival time

                  0.15    0.00    0.00   clock w_clk (rise edge)
                          0.00    0.00   clock network delay (ideal)
                          0.25    0.25   clock uncertainty
                          0.00    0.25   clock reconvergence pessimism
                                  0.25 ^ _1069_/CLK (sky130_fd_sc_hd__dfxtp_2)
                         -0.01    0.24   library hold time
                                  0.24   data required time
-----------------------------------------------------------------------------
                                  0.24   data required time
                                 -0.51   data arrival time
-----------------------------------------------------------------------------
                                  0.28   slack (MET)


Startpoint: _1070_ (rising edge-triggered flip-flop clocked by w_clk)
Endpoint: _1070_ (rising edge-triggered flip-flop clocked by w_clk)
Path Group: w_clk
Path Type: min

Fanout     Cap    Slew   Delay    Time   Description
-----------------------------------------------------------------------------
                  0.15    0.00    0.00   clock w_clk (rise edge)
                          0.00    0.00   clock network delay (ideal)
                  0.15    0.00    0.00 ^ _1070_/CLK (sky130_fd_sc_hd__dfxtp_2)
                  0.04    0.33    0.33 ^ _1070_/Q (sky130_fd_sc_hd__dfxtp_2)
     2    0.00                           mem[15][6] (net)
                  0.04    0.00    0.33 ^ _0884_/A0 (sky130_fd_sc_hd__mux2_2)
                  0.03    0.12    0.45 ^ _0884_/X (sky130_fd_sc_hd__mux2_2)
     1    0.00                           _0440_ (net)
                  0.03    0.00    0.45 ^ _0885_/A (sky130_fd_sc_hd__buf_1)
                  0.03    0.06    0.51 ^ _0885_/X (sky130_fd_sc_hd__buf_1)
     1    0.00                           _0144_ (net)
                  0.03    0.00    0.51 ^ _1070_/D (sky130_fd_sc_hd__dfxtp_2)
                                  0.51   data arrival time

                  0.15    0.00    0.00   clock w_clk (rise edge)
                          0.00    0.00   clock network delay (ideal)
                          0.25    0.25   clock uncertainty
                          0.00    0.25   clock reconvergence pessimism
                                  0.25 ^ _1070_/CLK (sky130_fd_sc_hd__dfxtp_2)
                         -0.01    0.24   library hold time
                                  0.24   data required time
-----------------------------------------------------------------------------
                                  0.24   data required time
                                 -0.51   data arrival time
-----------------------------------------------------------------------------
                                  0.28   slack (MET)


Startpoint: _1071_ (rising edge-triggered flip-flop clocked by w_clk)
Endpoint: _1071_ (rising edge-triggered flip-flop clocked by w_clk)
Path Group: w_clk
Path Type: min

Fanout     Cap    Slew   Delay    Time   Description
-----------------------------------------------------------------------------
                  0.15    0.00    0.00   clock w_clk (rise edge)
                          0.00    0.00   clock network delay (ideal)
                  0.15    0.00    0.00 ^ _1071_/CLK (sky130_fd_sc_hd__dfxtp_2)
                  0.04    0.33    0.33 ^ _1071_/Q (sky130_fd_sc_hd__dfxtp_2)
     2    0.00                           mem[15][7] (net)
                  0.04    0.00    0.33 ^ _0886_/A0 (sky130_fd_sc_hd__mux2_2)
                  0.03    0.12    0.45 ^ _0886_/X (sky130_fd_sc_hd__mux2_2)
     1    0.00                           _0441_ (net)
                  0.03    0.00    0.45 ^ _0887_/A (sky130_fd_sc_hd__buf_1)
                  0.03    0.06    0.51 ^ _0887_/X (sky130_fd_sc_hd__buf_1)
     1    0.00                           _0145_ (net)
                  0.03    0.00    0.51 ^ _1071_/D (sky130_fd_sc_hd__dfxtp_2)
                                  0.51   data arrival time

                  0.15    0.00    0.00   clock w_clk (rise edge)
                          0.00    0.00   clock network delay (ideal)
                          0.25    0.25   clock uncertainty
                          0.00    0.25   clock reconvergence pessimism
                                  0.25 ^ _1071_/CLK (sky130_fd_sc_hd__dfxtp_2)
                         -0.01    0.24   library hold time
                                  0.24   data required time
-----------------------------------------------------------------------------
                                  0.24   data required time
                                 -0.51   data arrival time
-----------------------------------------------------------------------------
                                  0.28   slack (MET)


Startpoint: _0906_ (rising edge-triggered flip-flop clocked by w_clk)
Endpoint: _0906_ (rising edge-triggered flip-flop clocked by w_clk)
Path Group: w_clk
Path Type: min

Fanout     Cap    Slew   Delay    Time   Description
-----------------------------------------------------------------------------
                  0.15    0.00    0.00   clock w_clk (rise edge)
                          0.00    0.00   clock network delay (ideal)
                  0.15    0.00    0.00 ^ _0906_/CLK (sky130_fd_sc_hd__dfxtp_2)
                  0.04    0.33    0.33 ^ _0906_/Q (sky130_fd_sc_hd__dfxtp_2)
     2    0.00                           mem[5][0] (net)
                  0.04    0.00    0.33 ^ _0490_/A0 (sky130_fd_sc_hd__mux2_2)
                  0.03    0.12    0.45 ^ _0490_/X (sky130_fd_sc_hd__mux2_2)
     1    0.00                           _0190_ (net)
                  0.03    0.00    0.45 ^ _0491_/A (sky130_fd_sc_hd__buf_1)
                  0.03    0.06    0.51 ^ _0491_/X (sky130_fd_sc_hd__buf_1)
     1    0.00                           _0000_ (net)
                  0.03    0.00    0.51 ^ _0906_/D (sky130_fd_sc_hd__dfxtp_2)
                                  0.51   data arrival time

                  0.15    0.00    0.00   clock w_clk (rise edge)
                          0.00    0.00   clock network delay (ideal)
                          0.25    0.25   clock uncertainty
                          0.00    0.25   clock reconvergence pessimism
                                  0.25 ^ _0906_/CLK (sky130_fd_sc_hd__dfxtp_2)
                         -0.01    0.24   library hold time
                                  0.24   data required time
-----------------------------------------------------------------------------
                                  0.24   data required time
                                 -0.51   data arrival time
-----------------------------------------------------------------------------
                                  0.28   slack (MET)


Startpoint: _0907_ (rising edge-triggered flip-flop clocked by w_clk)
Endpoint: _0907_ (rising edge-triggered flip-flop clocked by w_clk)
Path Group: w_clk
Path Type: min

Fanout     Cap    Slew   Delay    Time   Description
-----------------------------------------------------------------------------
                  0.15    0.00    0.00   clock w_clk (rise edge)
                          0.00    0.00   clock network delay (ideal)
                  0.15    0.00    0.00 ^ _0907_/CLK (sky130_fd_sc_hd__dfxtp_2)
                  0.04    0.33    0.33 ^ _0907_/Q (sky130_fd_sc_hd__dfxtp_2)
     2    0.00                           mem[5][1] (net)
                  0.04    0.00    0.33 ^ _0492_/A0 (sky130_fd_sc_hd__mux2_2)
                  0.03    0.12    0.45 ^ _0492_/X (sky130_fd_sc_hd__mux2_2)
     1    0.00                           _0191_ (net)
                  0.03    0.00    0.45 ^ _0493_/A (sky130_fd_sc_hd__buf_1)
                  0.03    0.06    0.51 ^ _0493_/X (sky130_fd_sc_hd__buf_1)
     1    0.00                           _0001_ (net)
                  0.03    0.00    0.51 ^ _0907_/D (sky130_fd_sc_hd__dfxtp_2)
                                  0.51   data arrival time

                  0.15    0.00    0.00   clock w_clk (rise edge)
                          0.00    0.00   clock network delay (ideal)
                          0.25    0.25   clock uncertainty
                          0.00    0.25   clock reconvergence pessimism
                                  0.25 ^ _0907_/CLK (sky130_fd_sc_hd__dfxtp_2)
                         -0.01    0.24   library hold time
                                  0.24   data required time
-----------------------------------------------------------------------------
                                  0.24   data required time
                                 -0.51   data arrival time
-----------------------------------------------------------------------------
                                  0.28   slack (MET)


Startpoint: _0908_ (rising edge-triggered flip-flop clocked by w_clk)
Endpoint: _0908_ (rising edge-triggered flip-flop clocked by w_clk)
Path Group: w_clk
Path Type: min

Fanout     Cap    Slew   Delay    Time   Description
-----------------------------------------------------------------------------
                  0.15    0.00    0.00   clock w_clk (rise edge)
                          0.00    0.00   clock network delay (ideal)
                  0.15    0.00    0.00 ^ _0908_/CLK (sky130_fd_sc_hd__dfxtp_2)
                  0.04    0.33    0.33 ^ _0908_/Q (sky130_fd_sc_hd__dfxtp_2)
     2    0.00                           mem[5][2] (net)
                  0.04    0.00    0.33 ^ _0494_/A0 (sky130_fd_sc_hd__mux2_2)
                  0.03    0.12    0.45 ^ _0494_/X (sky130_fd_sc_hd__mux2_2)
     1    0.00                           _0192_ (net)
                  0.03    0.00    0.45 ^ _0495_/A (sky130_fd_sc_hd__buf_1)
                  0.03    0.06    0.51 ^ _0495_/X (sky130_fd_sc_hd__buf_1)
     1    0.00                           _0002_ (net)
                  0.03    0.00    0.51 ^ _0908_/D (sky130_fd_sc_hd__dfxtp_2)
                                  0.51   data arrival time

                  0.15    0.00    0.00   clock w_clk (rise edge)
                          0.00    0.00   clock network delay (ideal)
                          0.25    0.25   clock uncertainty
                          0.00    0.25   clock reconvergence pessimism
                                  0.25 ^ _0908_/CLK (sky130_fd_sc_hd__dfxtp_2)
                         -0.01    0.24   library hold time
                                  0.24   data required time
-----------------------------------------------------------------------------
                                  0.24   data required time
                                 -0.51   data arrival time
-----------------------------------------------------------------------------
                                  0.28   slack (MET)


Startpoint: _0909_ (rising edge-triggered flip-flop clocked by w_clk)
Endpoint: _0909_ (rising edge-triggered flip-flop clocked by w_clk)
Path Group: w_clk
Path Type: min

Fanout     Cap    Slew   Delay    Time   Description
-----------------------------------------------------------------------------
                  0.15    0.00    0.00   clock w_clk (rise edge)
                          0.00    0.00   clock network delay (ideal)
                  0.15    0.00    0.00 ^ _0909_/CLK (sky130_fd_sc_hd__dfxtp_2)
                  0.04    0.33    0.33 ^ _0909_/Q (sky130_fd_sc_hd__dfxtp_2)
     2    0.00                           mem[5][3] (net)
                  0.04    0.00    0.33 ^ _0496_/A0 (sky130_fd_sc_hd__mux2_2)
                  0.03    0.12    0.45 ^ _0496_/X (sky130_fd_sc_hd__mux2_2)
     1    0.00                           _0193_ (net)
                  0.03    0.00    0.45 ^ _0497_/A (sky130_fd_sc_hd__buf_1)
                  0.03    0.06    0.51 ^ _0497_/X (sky130_fd_sc_hd__buf_1)
     1    0.00                           _0003_ (net)
                  0.03    0.00    0.51 ^ _0909_/D (sky130_fd_sc_hd__dfxtp_2)
                                  0.51   data arrival time

                  0.15    0.00    0.00   clock w_clk (rise edge)
                          0.00    0.00   clock network delay (ideal)
                          0.25    0.25   clock uncertainty
                          0.00    0.25   clock reconvergence pessimism
                                  0.25 ^ _0909_/CLK (sky130_fd_sc_hd__dfxtp_2)
                         -0.01    0.24   library hold time
                                  0.24   data required time
-----------------------------------------------------------------------------
                                  0.24   data required time
                                 -0.51   data arrival time
-----------------------------------------------------------------------------
                                  0.28   slack (MET)


Startpoint: _0910_ (rising edge-triggered flip-flop clocked by w_clk)
Endpoint: _0910_ (rising edge-triggered flip-flop clocked by w_clk)
Path Group: w_clk
Path Type: min

Fanout     Cap    Slew   Delay    Time   Description
-----------------------------------------------------------------------------
                  0.15    0.00    0.00   clock w_clk (rise edge)
                          0.00    0.00   clock network delay (ideal)
                  0.15    0.00    0.00 ^ _0910_/CLK (sky130_fd_sc_hd__dfxtp_2)
                  0.04    0.33    0.33 ^ _0910_/Q (sky130_fd_sc_hd__dfxtp_2)
     2    0.00                           mem[5][4] (net)
                  0.04    0.00    0.33 ^ _0498_/A0 (sky130_fd_sc_hd__mux2_2)
                  0.03    0.12    0.45 ^ _0498_/X (sky130_fd_sc_hd__mux2_2)
     1    0.00                           _0194_ (net)
                  0.03    0.00    0.45 ^ _0499_/A (sky130_fd_sc_hd__buf_1)
                  0.03    0.06    0.51 ^ _0499_/X (sky130_fd_sc_hd__buf_1)
     1    0.00                           _0004_ (net)
                  0.03    0.00    0.51 ^ _0910_/D (sky130_fd_sc_hd__dfxtp_2)
                                  0.51   data arrival time

                  0.15    0.00    0.00   clock w_clk (rise edge)
                          0.00    0.00   clock network delay (ideal)
                          0.25    0.25   clock uncertainty
                          0.00    0.25   clock reconvergence pessimism
                                  0.25 ^ _0910_/CLK (sky130_fd_sc_hd__dfxtp_2)
                         -0.01    0.24   library hold time
                                  0.24   data required time
-----------------------------------------------------------------------------
                                  0.24   data required time
                                 -0.51   data arrival time
-----------------------------------------------------------------------------
                                  0.28   slack (MET)


Startpoint: _0911_ (rising edge-triggered flip-flop clocked by w_clk)
Endpoint: _0911_ (rising edge-triggered flip-flop clocked by w_clk)
Path Group: w_clk
Path Type: min

Fanout     Cap    Slew   Delay    Time   Description
-----------------------------------------------------------------------------
                  0.15    0.00    0.00   clock w_clk (rise edge)
                          0.00    0.00   clock network delay (ideal)
                  0.15    0.00    0.00 ^ _0911_/CLK (sky130_fd_sc_hd__dfxtp_2)
                  0.04    0.33    0.33 ^ _0911_/Q (sky130_fd_sc_hd__dfxtp_2)
     2    0.00                           mem[5][5] (net)
                  0.04    0.00    0.33 ^ _0500_/A0 (sky130_fd_sc_hd__mux2_2)
                  0.03    0.12    0.45 ^ _0500_/X (sky130_fd_sc_hd__mux2_2)
     1    0.00                           _0195_ (net)
                  0.03    0.00    0.45 ^ _0501_/A (sky130_fd_sc_hd__buf_1)
                  0.03    0.06    0.51 ^ _0501_/X (sky130_fd_sc_hd__buf_1)
     1    0.00                           _0005_ (net)
                  0.03    0.00    0.51 ^ _0911_/D (sky130_fd_sc_hd__dfxtp_2)
                                  0.51   data arrival time

                  0.15    0.00    0.00   clock w_clk (rise edge)
                          0.00    0.00   clock network delay (ideal)
                          0.25    0.25   clock uncertainty
                          0.00    0.25   clock reconvergence pessimism
                                  0.25 ^ _0911_/CLK (sky130_fd_sc_hd__dfxtp_2)
                         -0.01    0.24   library hold time
                                  0.24   data required time
-----------------------------------------------------------------------------
                                  0.24   data required time
                                 -0.51   data arrival time
-----------------------------------------------------------------------------
                                  0.28   slack (MET)


Startpoint: _0912_ (rising edge-triggered flip-flop clocked by w_clk)
Endpoint: _0912_ (rising edge-triggered flip-flop clocked by w_clk)
Path Group: w_clk
Path Type: min

Fanout     Cap    Slew   Delay    Time   Description
-----------------------------------------------------------------------------
                  0.15    0.00    0.00   clock w_clk (rise edge)
                          0.00    0.00   clock network delay (ideal)
                  0.15    0.00    0.00 ^ _0912_/CLK (sky130_fd_sc_hd__dfxtp_2)
                  0.04    0.33    0.33 ^ _0912_/Q (sky130_fd_sc_hd__dfxtp_2)
     2    0.00                           mem[5][6] (net)
                  0.04    0.00    0.33 ^ _0502_/A0 (sky130_fd_sc_hd__mux2_2)
                  0.03    0.12    0.45 ^ _0502_/X (sky130_fd_sc_hd__mux2_2)
     1    0.00                           _0196_ (net)
                  0.03    0.00    0.45 ^ _0503_/A (sky130_fd_sc_hd__buf_1)
                  0.03    0.06    0.51 ^ _0503_/X (sky130_fd_sc_hd__buf_1)
     1    0.00                           _0006_ (net)
                  0.03    0.00    0.51 ^ _0912_/D (sky130_fd_sc_hd__dfxtp_2)
                                  0.51   data arrival time

                  0.15    0.00    0.00   clock w_clk (rise edge)
                          0.00    0.00   clock network delay (ideal)
                          0.25    0.25   clock uncertainty
                          0.00    0.25   clock reconvergence pessimism
                                  0.25 ^ _0912_/CLK (sky130_fd_sc_hd__dfxtp_2)
                         -0.01    0.24   library hold time
                                  0.24   data required time
-----------------------------------------------------------------------------
                                  0.24   data required time
                                 -0.51   data arrival time
-----------------------------------------------------------------------------
                                  0.28   slack (MET)


Startpoint: _0913_ (rising edge-triggered flip-flop clocked by w_clk)
Endpoint: _0913_ (rising edge-triggered flip-flop clocked by w_clk)
Path Group: w_clk
Path Type: min

Fanout     Cap    Slew   Delay    Time   Description
-----------------------------------------------------------------------------
                  0.15    0.00    0.00   clock w_clk (rise edge)
                          0.00    0.00   clock network delay (ideal)
                  0.15    0.00    0.00 ^ _0913_/CLK (sky130_fd_sc_hd__dfxtp_2)
                  0.04    0.33    0.33 ^ _0913_/Q (sky130_fd_sc_hd__dfxtp_2)
     2    0.00                           mem[5][7] (net)
                  0.04    0.00    0.33 ^ _0504_/A0 (sky130_fd_sc_hd__mux2_2)
                  0.03    0.12    0.45 ^ _0504_/X (sky130_fd_sc_hd__mux2_2)
     1    0.00                           _0197_ (net)
                  0.03    0.00    0.45 ^ _0505_/A (sky130_fd_sc_hd__buf_1)
                  0.03    0.06    0.51 ^ _0505_/X (sky130_fd_sc_hd__buf_1)
     1    0.00                           _0007_ (net)
                  0.03    0.00    0.51 ^ _0913_/D (sky130_fd_sc_hd__dfxtp_2)
                                  0.51   data arrival time

                  0.15    0.00    0.00   clock w_clk (rise edge)
                          0.00    0.00   clock network delay (ideal)
                          0.25    0.25   clock uncertainty
                          0.00    0.25   clock reconvergence pessimism
                                  0.25 ^ _0913_/CLK (sky130_fd_sc_hd__dfxtp_2)
                         -0.01    0.24   library hold time
                                  0.24   data required time
-----------------------------------------------------------------------------
                                  0.24   data required time
                                 -0.51   data arrival time
-----------------------------------------------------------------------------
                                  0.28   slack (MET)


Startpoint: _0930_ (rising edge-triggered flip-flop clocked by w_clk)
Endpoint: _0930_ (rising edge-triggered flip-flop clocked by w_clk)
Path Group: w_clk
Path Type: min

Fanout     Cap    Slew   Delay    Time   Description
-----------------------------------------------------------------------------
                  0.15    0.00    0.00   clock w_clk (rise edge)
                          0.00    0.00   clock network delay (ideal)
                  0.15    0.00    0.00 ^ _0930_/CLK (sky130_fd_sc_hd__dfxtp_2)
                  0.04    0.33    0.33 ^ _0930_/Q (sky130_fd_sc_hd__dfxtp_2)
     2    0.00                           mem[1][0] (net)
                  0.04    0.00    0.33 ^ _0607_/A0 (sky130_fd_sc_hd__mux2_2)
                  0.03    0.12    0.45 ^ _0607_/X (sky130_fd_sc_hd__mux2_2)
     1    0.00                           _0283_ (net)
                  0.03    0.00    0.45 ^ _0608_/A (sky130_fd_sc_hd__buf_1)
                  0.03    0.06    0.51 ^ _0608_/X (sky130_fd_sc_hd__buf_1)
     1    0.00                           _0024_ (net)
                  0.03    0.00    0.51 ^ _0930_/D (sky130_fd_sc_hd__dfxtp_2)
                                  0.51   data arrival time

                  0.15    0.00    0.00   clock w_clk (rise edge)
                          0.00    0.00   clock network delay (ideal)
                          0.25    0.25   clock uncertainty
                          0.00    0.25   clock reconvergence pessimism
                                  0.25 ^ _0930_/CLK (sky130_fd_sc_hd__dfxtp_2)
                         -0.01    0.24   library hold time
                                  0.24   data required time
-----------------------------------------------------------------------------
                                  0.24   data required time
                                 -0.51   data arrival time
-----------------------------------------------------------------------------
                                  0.28   slack (MET)


Startpoint: _0931_ (rising edge-triggered flip-flop clocked by w_clk)
Endpoint: _0931_ (rising edge-triggered flip-flop clocked by w_clk)
Path Group: w_clk
Path Type: min

Fanout     Cap    Slew   Delay    Time   Description
-----------------------------------------------------------------------------
                  0.15    0.00    0.00   clock w_clk (rise edge)
                          0.00    0.00   clock network delay (ideal)
                  0.15    0.00    0.00 ^ _0931_/CLK (sky130_fd_sc_hd__dfxtp_2)
                  0.04    0.33    0.33 ^ _0931_/Q (sky130_fd_sc_hd__dfxtp_2)
     2    0.00                           mem[1][1] (net)
                  0.04    0.00    0.33 ^ _0609_/A0 (sky130_fd_sc_hd__mux2_2)
                  0.03    0.12    0.45 ^ _0609_/X (sky130_fd_sc_hd__mux2_2)
     1    0.00                           _0284_ (net)
                  0.03    0.00    0.45 ^ _0610_/A (sky130_fd_sc_hd__buf_1)
                  0.03    0.06    0.51 ^ _0610_/X (sky130_fd_sc_hd__buf_1)
     1    0.00                           _0025_ (net)
                  0.03    0.00    0.51 ^ _0931_/D (sky130_fd_sc_hd__dfxtp_2)
                                  0.51   data arrival time

                  0.15    0.00    0.00   clock w_clk (rise edge)
                          0.00    0.00   clock network delay (ideal)
                          0.25    0.25   clock uncertainty
                          0.00    0.25   clock reconvergence pessimism
                                  0.25 ^ _0931_/CLK (sky130_fd_sc_hd__dfxtp_2)
                         -0.01    0.24   library hold time
                                  0.24   data required time
-----------------------------------------------------------------------------
                                  0.24   data required time
                                 -0.51   data arrival time
-----------------------------------------------------------------------------
                                  0.28   slack (MET)


Startpoint: _0932_ (rising edge-triggered flip-flop clocked by w_clk)
Endpoint: _0932_ (rising edge-triggered flip-flop clocked by w_clk)
Path Group: w_clk
Path Type: min

Fanout     Cap    Slew   Delay    Time   Description
-----------------------------------------------------------------------------
                  0.15    0.00    0.00   clock w_clk (rise edge)
                          0.00    0.00   clock network delay (ideal)
                  0.15    0.00    0.00 ^ _0932_/CLK (sky130_fd_sc_hd__dfxtp_2)
                  0.04    0.33    0.33 ^ _0932_/Q (sky130_fd_sc_hd__dfxtp_2)
     2    0.00                           mem[1][2] (net)
                  0.04    0.00    0.33 ^ _0611_/A0 (sky130_fd_sc_hd__mux2_2)
                  0.03    0.12    0.45 ^ _0611_/X (sky130_fd_sc_hd__mux2_2)
     1    0.00                           _0285_ (net)
                  0.03    0.00    0.45 ^ _0612_/A (sky130_fd_sc_hd__buf_1)
                  0.03    0.06    0.51 ^ _0612_/X (sky130_fd_sc_hd__buf_1)
     1    0.00                           _0026_ (net)
                  0.03    0.00    0.51 ^ _0932_/D (sky130_fd_sc_hd__dfxtp_2)
                                  0.51   data arrival time

                  0.15    0.00    0.00   clock w_clk (rise edge)
                          0.00    0.00   clock network delay (ideal)
                          0.25    0.25   clock uncertainty
                          0.00    0.25   clock reconvergence pessimism
                                  0.25 ^ _0932_/CLK (sky130_fd_sc_hd__dfxtp_2)
                         -0.01    0.24   library hold time
                                  0.24   data required time
-----------------------------------------------------------------------------
                                  0.24   data required time
                                 -0.51   data arrival time
-----------------------------------------------------------------------------
                                  0.28   slack (MET)


Startpoint: _0933_ (rising edge-triggered flip-flop clocked by w_clk)
Endpoint: _0933_ (rising edge-triggered flip-flop clocked by w_clk)
Path Group: w_clk
Path Type: min

Fanout     Cap    Slew   Delay    Time   Description
-----------------------------------------------------------------------------
                  0.15    0.00    0.00   clock w_clk (rise edge)
                          0.00    0.00   clock network delay (ideal)
                  0.15    0.00    0.00 ^ _0933_/CLK (sky130_fd_sc_hd__dfxtp_2)
                  0.04    0.33    0.33 ^ _0933_/Q (sky130_fd_sc_hd__dfxtp_2)
     2    0.00                           mem[1][3] (net)
                  0.04    0.00    0.33 ^ _0613_/A0 (sky130_fd_sc_hd__mux2_2)
                  0.03    0.12    0.45 ^ _0613_/X (sky130_fd_sc_hd__mux2_2)
     1    0.00                           _0286_ (net)
                  0.03    0.00    0.45 ^ _0614_/A (sky130_fd_sc_hd__buf_1)
                  0.03    0.06    0.51 ^ _0614_/X (sky130_fd_sc_hd__buf_1)
     1    0.00                           _0027_ (net)
                  0.03    0.00    0.51 ^ _0933_/D (sky130_fd_sc_hd__dfxtp_2)
                                  0.51   data arrival time

                  0.15    0.00    0.00   clock w_clk (rise edge)
                          0.00    0.00   clock network delay (ideal)
                          0.25    0.25   clock uncertainty
                          0.00    0.25   clock reconvergence pessimism
                                  0.25 ^ _0933_/CLK (sky130_fd_sc_hd__dfxtp_2)
                         -0.01    0.24   library hold time
                                  0.24   data required time
-----------------------------------------------------------------------------
                                  0.24   data required time
                                 -0.51   data arrival time
-----------------------------------------------------------------------------
                                  0.28   slack (MET)


Startpoint: _0934_ (rising edge-triggered flip-flop clocked by w_clk)
Endpoint: _0934_ (rising edge-triggered flip-flop clocked by w_clk)
Path Group: w_clk
Path Type: min

Fanout     Cap    Slew   Delay    Time   Description
-----------------------------------------------------------------------------
                  0.15    0.00    0.00   clock w_clk (rise edge)
                          0.00    0.00   clock network delay (ideal)
                  0.15    0.00    0.00 ^ _0934_/CLK (sky130_fd_sc_hd__dfxtp_2)
                  0.04    0.33    0.33 ^ _0934_/Q (sky130_fd_sc_hd__dfxtp_2)
     2    0.00                           mem[1][4] (net)
                  0.04    0.00    0.33 ^ _0615_/A0 (sky130_fd_sc_hd__mux2_2)
                  0.03    0.12    0.45 ^ _0615_/X (sky130_fd_sc_hd__mux2_2)
     1    0.00                           _0287_ (net)
                  0.03    0.00    0.45 ^ _0616_/A (sky130_fd_sc_hd__buf_1)
                  0.03    0.06    0.51 ^ _0616_/X (sky130_fd_sc_hd__buf_1)
     1    0.00                           _0028_ (net)
                  0.03    0.00    0.51 ^ _0934_/D (sky130_fd_sc_hd__dfxtp_2)
                                  0.51   data arrival time

                  0.15    0.00    0.00   clock w_clk (rise edge)
                          0.00    0.00   clock network delay (ideal)
                          0.25    0.25   clock uncertainty
                          0.00    0.25   clock reconvergence pessimism
                                  0.25 ^ _0934_/CLK (sky130_fd_sc_hd__dfxtp_2)
                         -0.01    0.24   library hold time
                                  0.24   data required time
-----------------------------------------------------------------------------
                                  0.24   data required time
                                 -0.51   data arrival time
-----------------------------------------------------------------------------
                                  0.28   slack (MET)


Startpoint: _0935_ (rising edge-triggered flip-flop clocked by w_clk)
Endpoint: _0935_ (rising edge-triggered flip-flop clocked by w_clk)
Path Group: w_clk
Path Type: min

Fanout     Cap    Slew   Delay    Time   Description
-----------------------------------------------------------------------------
                  0.15    0.00    0.00   clock w_clk (rise edge)
                          0.00    0.00   clock network delay (ideal)
                  0.15    0.00    0.00 ^ _0935_/CLK (sky130_fd_sc_hd__dfxtp_2)
                  0.04    0.33    0.33 ^ _0935_/Q (sky130_fd_sc_hd__dfxtp_2)
     2    0.00                           mem[1][5] (net)
                  0.04    0.00    0.33 ^ _0617_/A0 (sky130_fd_sc_hd__mux2_2)
                  0.03    0.12    0.45 ^ _0617_/X (sky130_fd_sc_hd__mux2_2)
     1    0.00                           _0288_ (net)
                  0.03    0.00    0.45 ^ _0618_/A (sky130_fd_sc_hd__buf_1)
                  0.03    0.06    0.51 ^ _0618_/X (sky130_fd_sc_hd__buf_1)
     1    0.00                           _0029_ (net)
                  0.03    0.00    0.51 ^ _0935_/D (sky130_fd_sc_hd__dfxtp_2)
                                  0.51   data arrival time

                  0.15    0.00    0.00   clock w_clk (rise edge)
                          0.00    0.00   clock network delay (ideal)
                          0.25    0.25   clock uncertainty
                          0.00    0.25   clock reconvergence pessimism
                                  0.25 ^ _0935_/CLK (sky130_fd_sc_hd__dfxtp_2)
                         -0.01    0.24   library hold time
                                  0.24   data required time
-----------------------------------------------------------------------------
                                  0.24   data required time
                                 -0.51   data arrival time
-----------------------------------------------------------------------------
                                  0.28   slack (MET)


Startpoint: _0936_ (rising edge-triggered flip-flop clocked by w_clk)
Endpoint: _0936_ (rising edge-triggered flip-flop clocked by w_clk)
Path Group: w_clk
Path Type: min

Fanout     Cap    Slew   Delay    Time   Description
-----------------------------------------------------------------------------
                  0.15    0.00    0.00   clock w_clk (rise edge)
                          0.00    0.00   clock network delay (ideal)
                  0.15    0.00    0.00 ^ _0936_/CLK (sky130_fd_sc_hd__dfxtp_2)
                  0.04    0.33    0.33 ^ _0936_/Q (sky130_fd_sc_hd__dfxtp_2)
     2    0.00                           mem[1][6] (net)
                  0.04    0.00    0.33 ^ _0619_/A0 (sky130_fd_sc_hd__mux2_2)
                  0.03    0.12    0.45 ^ _0619_/X (sky130_fd_sc_hd__mux2_2)
     1    0.00                           _0289_ (net)
                  0.03    0.00    0.45 ^ _0620_/A (sky130_fd_sc_hd__buf_1)
                  0.03    0.06    0.51 ^ _0620_/X (sky130_fd_sc_hd__buf_1)
     1    0.00                           _0030_ (net)
                  0.03    0.00    0.51 ^ _0936_/D (sky130_fd_sc_hd__dfxtp_2)
                                  0.51   data arrival time

                  0.15    0.00    0.00   clock w_clk (rise edge)
                          0.00    0.00   clock network delay (ideal)
                          0.25    0.25   clock uncertainty
                          0.00    0.25   clock reconvergence pessimism
                                  0.25 ^ _0936_/CLK (sky130_fd_sc_hd__dfxtp_2)
                         -0.01    0.24   library hold time
                                  0.24   data required time
-----------------------------------------------------------------------------
                                  0.24   data required time
                                 -0.51   data arrival time
-----------------------------------------------------------------------------
                                  0.28   slack (MET)


Startpoint: _0937_ (rising edge-triggered flip-flop clocked by w_clk)
Endpoint: _0937_ (rising edge-triggered flip-flop clocked by w_clk)
Path Group: w_clk
Path Type: min

Fanout     Cap    Slew   Delay    Time   Description
-----------------------------------------------------------------------------
                  0.15    0.00    0.00   clock w_clk (rise edge)
                          0.00    0.00   clock network delay (ideal)
                  0.15    0.00    0.00 ^ _0937_/CLK (sky130_fd_sc_hd__dfxtp_2)
                  0.04    0.33    0.33 ^ _0937_/Q (sky130_fd_sc_hd__dfxtp_2)
     2    0.00                           mem[1][7] (net)
                  0.04    0.00    0.33 ^ _0621_/A0 (sky130_fd_sc_hd__mux2_2)
                  0.03    0.12    0.45 ^ _0621_/X (sky130_fd_sc_hd__mux2_2)
     1    0.00                           _0290_ (net)
                  0.03    0.00    0.45 ^ _0622_/A (sky130_fd_sc_hd__buf_1)
                  0.03    0.06    0.51 ^ _0622_/X (sky130_fd_sc_hd__buf_1)
     1    0.00                           _0031_ (net)
                  0.03    0.00    0.51 ^ _0937_/D (sky130_fd_sc_hd__dfxtp_2)
                                  0.51   data arrival time

                  0.15    0.00    0.00   clock w_clk (rise edge)
                          0.00    0.00   clock network delay (ideal)
                          0.25    0.25   clock uncertainty
                          0.00    0.25   clock reconvergence pessimism
                                  0.25 ^ _0937_/CLK (sky130_fd_sc_hd__dfxtp_2)
                         -0.01    0.24   library hold time
                                  0.24   data required time
-----------------------------------------------------------------------------
                                  0.24   data required time
                                 -0.51   data arrival time
-----------------------------------------------------------------------------
                                  0.28   slack (MET)


Startpoint: _0938_ (rising edge-triggered flip-flop clocked by w_clk)
Endpoint: _0938_ (rising edge-triggered flip-flop clocked by w_clk)
Path Group: w_clk
Path Type: min

Fanout     Cap    Slew   Delay    Time   Description
-----------------------------------------------------------------------------
                  0.15    0.00    0.00   clock w_clk (rise edge)
                          0.00    0.00   clock network delay (ideal)
                  0.15    0.00    0.00 ^ _0938_/CLK (sky130_fd_sc_hd__dfxtp_2)
                  0.04    0.33    0.33 ^ _0938_/Q (sky130_fd_sc_hd__dfxtp_2)
     2    0.00                           mem[13][0] (net)
                  0.04    0.00    0.33 ^ _0625_/A0 (sky130_fd_sc_hd__mux2_2)
                  0.03    0.12    0.45 ^ _0625_/X (sky130_fd_sc_hd__mux2_2)
     1    0.00                           _0293_ (net)
                  0.03    0.00    0.45 ^ _0626_/A (sky130_fd_sc_hd__buf_1)
                  0.03    0.06    0.51 ^ _0626_/X (sky130_fd_sc_hd__buf_1)
     1    0.00                           _0032_ (net)
                  0.03    0.00    0.51 ^ _0938_/D (sky130_fd_sc_hd__dfxtp_2)
                                  0.51   data arrival time

                  0.15    0.00    0.00   clock w_clk (rise edge)
                          0.00    0.00   clock network delay (ideal)
                          0.25    0.25   clock uncertainty
                          0.00    0.25   clock reconvergence pessimism
                                  0.25 ^ _0938_/CLK (sky130_fd_sc_hd__dfxtp_2)
                         -0.01    0.24   library hold time
                                  0.24   data required time
-----------------------------------------------------------------------------
                                  0.24   data required time
                                 -0.51   data arrival time
-----------------------------------------------------------------------------
                                  0.28   slack (MET)


Startpoint: _0939_ (rising edge-triggered flip-flop clocked by w_clk)
Endpoint: _0939_ (rising edge-triggered flip-flop clocked by w_clk)
Path Group: w_clk
Path Type: min

Fanout     Cap    Slew   Delay    Time   Description
-----------------------------------------------------------------------------
                  0.15    0.00    0.00   clock w_clk (rise edge)
                          0.00    0.00   clock network delay (ideal)
                  0.15    0.00    0.00 ^ _0939_/CLK (sky130_fd_sc_hd__dfxtp_2)
                  0.04    0.33    0.33 ^ _0939_/Q (sky130_fd_sc_hd__dfxtp_2)
     2    0.00                           mem[13][1] (net)
                  0.04    0.00    0.33 ^ _0627_/A0 (sky130_fd_sc_hd__mux2_2)
                  0.03    0.12    0.45 ^ _0627_/X (sky130_fd_sc_hd__mux2_2)
     1    0.00                           _0294_ (net)
                  0.03    0.00    0.45 ^ _0628_/A (sky130_fd_sc_hd__buf_1)
                  0.03    0.06    0.51 ^ _0628_/X (sky130_fd_sc_hd__buf_1)
     1    0.00                           _0033_ (net)
                  0.03    0.00    0.51 ^ _0939_/D (sky130_fd_sc_hd__dfxtp_2)
                                  0.51   data arrival time

                  0.15    0.00    0.00   clock w_clk (rise edge)
                          0.00    0.00   clock network delay (ideal)
                          0.25    0.25   clock uncertainty
                          0.00    0.25   clock reconvergence pessimism
                                  0.25 ^ _0939_/CLK (sky130_fd_sc_hd__dfxtp_2)
                         -0.01    0.24   library hold time
                                  0.24   data required time
-----------------------------------------------------------------------------
                                  0.24   data required time
                                 -0.51   data arrival time
-----------------------------------------------------------------------------
                                  0.28   slack (MET)


Startpoint: _0940_ (rising edge-triggered flip-flop clocked by w_clk)
Endpoint: _0940_ (rising edge-triggered flip-flop clocked by w_clk)
Path Group: w_clk
Path Type: min

Fanout     Cap    Slew   Delay    Time   Description
-----------------------------------------------------------------------------
                  0.15    0.00    0.00   clock w_clk (rise edge)
                          0.00    0.00   clock network delay (ideal)
                  0.15    0.00    0.00 ^ _0940_/CLK (sky130_fd_sc_hd__dfxtp_2)
                  0.04    0.33    0.33 ^ _0940_/Q (sky130_fd_sc_hd__dfxtp_2)
     2    0.00                           mem[13][2] (net)
                  0.04    0.00    0.33 ^ _0629_/A0 (sky130_fd_sc_hd__mux2_2)
                  0.03    0.12    0.45 ^ _0629_/X (sky130_fd_sc_hd__mux2_2)
     1    0.00                           _0295_ (net)
                  0.03    0.00    0.45 ^ _0630_/A (sky130_fd_sc_hd__buf_1)
                  0.03    0.06    0.51 ^ _0630_/X (sky130_fd_sc_hd__buf_1)
     1    0.00                           _0034_ (net)
                  0.03    0.00    0.51 ^ _0940_/D (sky130_fd_sc_hd__dfxtp_2)
                                  0.51   data arrival time

                  0.15    0.00    0.00   clock w_clk (rise edge)
                          0.00    0.00   clock network delay (ideal)
                          0.25    0.25   clock uncertainty
                          0.00    0.25   clock reconvergence pessimism
                                  0.25 ^ _0940_/CLK (sky130_fd_sc_hd__dfxtp_2)
                         -0.01    0.24   library hold time
                                  0.24   data required time
-----------------------------------------------------------------------------
                                  0.24   data required time
                                 -0.51   data arrival time
-----------------------------------------------------------------------------
                                  0.28   slack (MET)


Startpoint: _0941_ (rising edge-triggered flip-flop clocked by w_clk)
Endpoint: _0941_ (rising edge-triggered flip-flop clocked by w_clk)
Path Group: w_clk
Path Type: min

Fanout     Cap    Slew   Delay    Time   Description
-----------------------------------------------------------------------------
                  0.15    0.00    0.00   clock w_clk (rise edge)
                          0.00    0.00   clock network delay (ideal)
                  0.15    0.00    0.00 ^ _0941_/CLK (sky130_fd_sc_hd__dfxtp_2)
                  0.04    0.33    0.33 ^ _0941_/Q (sky130_fd_sc_hd__dfxtp_2)
     2    0.00                           mem[13][3] (net)
                  0.04    0.00    0.33 ^ _0631_/A0 (sky130_fd_sc_hd__mux2_2)
                  0.03    0.12    0.45 ^ _0631_/X (sky130_fd_sc_hd__mux2_2)
     1    0.00                           _0296_ (net)
                  0.03    0.00    0.45 ^ _0632_/A (sky130_fd_sc_hd__buf_1)
                  0.03    0.06    0.51 ^ _0632_/X (sky130_fd_sc_hd__buf_1)
     1    0.00                           _0035_ (net)
                  0.03    0.00    0.51 ^ _0941_/D (sky130_fd_sc_hd__dfxtp_2)
                                  0.51   data arrival time

                  0.15    0.00    0.00   clock w_clk (rise edge)
                          0.00    0.00   clock network delay (ideal)
                          0.25    0.25   clock uncertainty
                          0.00    0.25   clock reconvergence pessimism
                                  0.25 ^ _0941_/CLK (sky130_fd_sc_hd__dfxtp_2)
                         -0.01    0.24   library hold time
                                  0.24   data required time
-----------------------------------------------------------------------------
                                  0.24   data required time
                                 -0.51   data arrival time
-----------------------------------------------------------------------------
                                  0.28   slack (MET)


Startpoint: _0942_ (rising edge-triggered flip-flop clocked by w_clk)
Endpoint: _0942_ (rising edge-triggered flip-flop clocked by w_clk)
Path Group: w_clk
Path Type: min

Fanout     Cap    Slew   Delay    Time   Description
-----------------------------------------------------------------------------
                  0.15    0.00    0.00   clock w_clk (rise edge)
                          0.00    0.00   clock network delay (ideal)
                  0.15    0.00    0.00 ^ _0942_/CLK (sky130_fd_sc_hd__dfxtp_2)
                  0.04    0.33    0.33 ^ _0942_/Q (sky130_fd_sc_hd__dfxtp_2)
     2    0.00                           mem[13][4] (net)
                  0.04    0.00    0.33 ^ _0633_/A0 (sky130_fd_sc_hd__mux2_2)
                  0.03    0.12    0.45 ^ _0633_/X (sky130_fd_sc_hd__mux2_2)
     1    0.00                           _0297_ (net)
                  0.03    0.00    0.45 ^ _0634_/A (sky130_fd_sc_hd__buf_1)
                  0.03    0.06    0.51 ^ _0634_/X (sky130_fd_sc_hd__buf_1)
     1    0.00                           _0036_ (net)
                  0.03    0.00    0.51 ^ _0942_/D (sky130_fd_sc_hd__dfxtp_2)
                                  0.51   data arrival time

                  0.15    0.00    0.00   clock w_clk (rise edge)
                          0.00    0.00   clock network delay (ideal)
                          0.25    0.25   clock uncertainty
                          0.00    0.25   clock reconvergence pessimism
                                  0.25 ^ _0942_/CLK (sky130_fd_sc_hd__dfxtp_2)
                         -0.01    0.24   library hold time
                                  0.24   data required time
-----------------------------------------------------------------------------
                                  0.24   data required time
                                 -0.51   data arrival time
-----------------------------------------------------------------------------
                                  0.28   slack (MET)


Startpoint: _0943_ (rising edge-triggered flip-flop clocked by w_clk)
Endpoint: _0943_ (rising edge-triggered flip-flop clocked by w_clk)
Path Group: w_clk
Path Type: min

Fanout     Cap    Slew   Delay    Time   Description
-----------------------------------------------------------------------------
                  0.15    0.00    0.00   clock w_clk (rise edge)
                          0.00    0.00   clock network delay (ideal)
                  0.15    0.00    0.00 ^ _0943_/CLK (sky130_fd_sc_hd__dfxtp_2)
                  0.04    0.33    0.33 ^ _0943_/Q (sky130_fd_sc_hd__dfxtp_2)
     2    0.00                           mem[13][5] (net)
                  0.04    0.00    0.33 ^ _0635_/A0 (sky130_fd_sc_hd__mux2_2)
                  0.03    0.12    0.45 ^ _0635_/X (sky130_fd_sc_hd__mux2_2)
     1    0.00                           _0298_ (net)
                  0.03    0.00    0.45 ^ _0636_/A (sky130_fd_sc_hd__buf_1)
                  0.03    0.06    0.51 ^ _0636_/X (sky130_fd_sc_hd__buf_1)
     1    0.00                           _0037_ (net)
                  0.03    0.00    0.51 ^ _0943_/D (sky130_fd_sc_hd__dfxtp_2)
                                  0.51   data arrival time

                  0.15    0.00    0.00   clock w_clk (rise edge)
                          0.00    0.00   clock network delay (ideal)
                          0.25    0.25   clock uncertainty
                          0.00    0.25   clock reconvergence pessimism
                                  0.25 ^ _0943_/CLK (sky130_fd_sc_hd__dfxtp_2)
                         -0.01    0.24   library hold time
                                  0.24   data required time
-----------------------------------------------------------------------------
                                  0.24   data required time
                                 -0.51   data arrival time
-----------------------------------------------------------------------------
                                  0.28   slack (MET)


Startpoint: _0944_ (rising edge-triggered flip-flop clocked by w_clk)
Endpoint: _0944_ (rising edge-triggered flip-flop clocked by w_clk)
Path Group: w_clk
Path Type: min

Fanout     Cap    Slew   Delay    Time   Description
-----------------------------------------------------------------------------
                  0.15    0.00    0.00   clock w_clk (rise edge)
                          0.00    0.00   clock network delay (ideal)
                  0.15    0.00    0.00 ^ _0944_/CLK (sky130_fd_sc_hd__dfxtp_2)
                  0.04    0.33    0.33 ^ _0944_/Q (sky130_fd_sc_hd__dfxtp_2)
     2    0.00                           mem[13][6] (net)
                  0.04    0.00    0.33 ^ _0637_/A0 (sky130_fd_sc_hd__mux2_2)
                  0.03    0.12    0.45 ^ _0637_/X (sky130_fd_sc_hd__mux2_2)
     1    0.00                           _0299_ (net)
                  0.03    0.00    0.45 ^ _0638_/A (sky130_fd_sc_hd__buf_1)
                  0.03    0.06    0.51 ^ _0638_/X (sky130_fd_sc_hd__buf_1)
     1    0.00                           _0038_ (net)
                  0.03    0.00    0.51 ^ _0944_/D (sky130_fd_sc_hd__dfxtp_2)
                                  0.51   data arrival time

                  0.15    0.00    0.00   clock w_clk (rise edge)
                          0.00    0.00   clock network delay (ideal)
                          0.25    0.25   clock uncertainty
                          0.00    0.25   clock reconvergence pessimism
                                  0.25 ^ _0944_/CLK (sky130_fd_sc_hd__dfxtp_2)
                         -0.01    0.24   library hold time
                                  0.24   data required time
-----------------------------------------------------------------------------
                                  0.24   data required time
                                 -0.51   data arrival time
-----------------------------------------------------------------------------
                                  0.28   slack (MET)


Startpoint: _0945_ (rising edge-triggered flip-flop clocked by w_clk)
Endpoint: _0945_ (rising edge-triggered flip-flop clocked by w_clk)
Path Group: w_clk
Path Type: min

Fanout     Cap    Slew   Delay    Time   Description
-----------------------------------------------------------------------------
                  0.15    0.00    0.00   clock w_clk (rise edge)
                          0.00    0.00   clock network delay (ideal)
                  0.15    0.00    0.00 ^ _0945_/CLK (sky130_fd_sc_hd__dfxtp_2)
                  0.04    0.33    0.33 ^ _0945_/Q (sky130_fd_sc_hd__dfxtp_2)
     2    0.00                           mem[13][7] (net)
                  0.04    0.00    0.33 ^ _0639_/A0 (sky130_fd_sc_hd__mux2_2)
                  0.03    0.12    0.45 ^ _0639_/X (sky130_fd_sc_hd__mux2_2)
     1    0.00                           _0300_ (net)
                  0.03    0.00    0.45 ^ _0640_/A (sky130_fd_sc_hd__buf_1)
                  0.03    0.06    0.51 ^ _0640_/X (sky130_fd_sc_hd__buf_1)
     1    0.00                           _0039_ (net)
                  0.03    0.00    0.51 ^ _0945_/D (sky130_fd_sc_hd__dfxtp_2)
                                  0.51   data arrival time

                  0.15    0.00    0.00   clock w_clk (rise edge)
                          0.00    0.00   clock network delay (ideal)
                          0.25    0.25   clock uncertainty
                          0.00    0.25   clock reconvergence pessimism
                                  0.25 ^ _0945_/CLK (sky130_fd_sc_hd__dfxtp_2)
                         -0.01    0.24   library hold time
                                  0.24   data required time
-----------------------------------------------------------------------------
                                  0.24   data required time
                                 -0.51   data arrival time
-----------------------------------------------------------------------------
                                  0.28   slack (MET)


Startpoint: _1072_ (rising edge-triggered flip-flop clocked by w_clk)
Endpoint: _1072_ (rising edge-triggered flip-flop clocked by w_clk)
Path Group: w_clk
Path Type: min

Fanout     Cap    Slew   Delay    Time   Description
-----------------------------------------------------------------------------
                  0.15    0.00    0.00   clock w_clk (rise edge)
                          0.00    0.00   clock network delay (ideal)
                  0.15    0.00    0.00 ^ _1072_/CLK (sky130_fd_sc_hd__dfxtp_2)
                  0.04    0.33    0.33 ^ _1072_/Q (sky130_fd_sc_hd__dfxtp_2)
     2    0.00                           mem[9][0] (net)
                  0.04    0.00    0.33 ^ _0890_/A0 (sky130_fd_sc_hd__mux2_2)
                  0.03    0.12    0.45 ^ _0890_/X (sky130_fd_sc_hd__mux2_2)
     1    0.00                           _0444_ (net)
                  0.03    0.00    0.45 ^ _0891_/A (sky130_fd_sc_hd__buf_1)
                  0.03    0.06    0.51 ^ _0891_/X (sky130_fd_sc_hd__buf_1)
     1    0.00                           _0146_ (net)
                  0.03    0.00    0.51 ^ _1072_/D (sky130_fd_sc_hd__dfxtp_2)
                                  0.51   data arrival time

                  0.15    0.00    0.00   clock w_clk (rise edge)
                          0.00    0.00   clock network delay (ideal)
                          0.25    0.25   clock uncertainty
                          0.00    0.25   clock reconvergence pessimism
                                  0.25 ^ _1072_/CLK (sky130_fd_sc_hd__dfxtp_2)
                         -0.01    0.24   library hold time
                                  0.24   data required time
-----------------------------------------------------------------------------
                                  0.24   data required time
                                 -0.51   data arrival time
-----------------------------------------------------------------------------
                                  0.28   slack (MET)


Startpoint: _1073_ (rising edge-triggered flip-flop clocked by w_clk)
Endpoint: _1073_ (rising edge-triggered flip-flop clocked by w_clk)
Path Group: w_clk
Path Type: min

Fanout     Cap    Slew   Delay    Time   Description
-----------------------------------------------------------------------------
                  0.15    0.00    0.00   clock w_clk (rise edge)
                          0.00    0.00   clock network delay (ideal)
                  0.15    0.00    0.00 ^ _1073_/CLK (sky130_fd_sc_hd__dfxtp_2)
                  0.04    0.33    0.33 ^ _1073_/Q (sky130_fd_sc_hd__dfxtp_2)
     2    0.00                           mem[9][1] (net)
                  0.04    0.00    0.33 ^ _0892_/A0 (sky130_fd_sc_hd__mux2_2)
                  0.03    0.12    0.45 ^ _0892_/X (sky130_fd_sc_hd__mux2_2)
     1    0.00                           _0445_ (net)
                  0.03    0.00    0.45 ^ _0893_/A (sky130_fd_sc_hd__buf_1)
                  0.03    0.06    0.51 ^ _0893_/X (sky130_fd_sc_hd__buf_1)
     1    0.00                           _0147_ (net)
                  0.03    0.00    0.51 ^ _1073_/D (sky130_fd_sc_hd__dfxtp_2)
                                  0.51   data arrival time

                  0.15    0.00    0.00   clock w_clk (rise edge)
                          0.00    0.00   clock network delay (ideal)
                          0.25    0.25   clock uncertainty
                          0.00    0.25   clock reconvergence pessimism
                                  0.25 ^ _1073_/CLK (sky130_fd_sc_hd__dfxtp_2)
                         -0.01    0.24   library hold time
                                  0.24   data required time
-----------------------------------------------------------------------------
                                  0.24   data required time
                                 -0.51   data arrival time
-----------------------------------------------------------------------------
                                  0.28   slack (MET)


Startpoint: _1074_ (rising edge-triggered flip-flop clocked by w_clk)
Endpoint: _1074_ (rising edge-triggered flip-flop clocked by w_clk)
Path Group: w_clk
Path Type: min

Fanout     Cap    Slew   Delay    Time   Description
-----------------------------------------------------------------------------
                  0.15    0.00    0.00   clock w_clk (rise edge)
                          0.00    0.00   clock network delay (ideal)
                  0.15    0.00    0.00 ^ _1074_/CLK (sky130_fd_sc_hd__dfxtp_2)
                  0.04    0.33    0.33 ^ _1074_/Q (sky130_fd_sc_hd__dfxtp_2)
     2    0.00                           mem[9][2] (net)
                  0.04    0.00    0.33 ^ _0894_/A0 (sky130_fd_sc_hd__mux2_2)
                  0.03    0.12    0.45 ^ _0894_/X (sky130_fd_sc_hd__mux2_2)
     1    0.00                           _0446_ (net)
                  0.03    0.00    0.45 ^ _0895_/A (sky130_fd_sc_hd__buf_1)
                  0.03    0.06    0.51 ^ _0895_/X (sky130_fd_sc_hd__buf_1)
     1    0.00                           _0148_ (net)
                  0.03    0.00    0.51 ^ _1074_/D (sky130_fd_sc_hd__dfxtp_2)
                                  0.51   data arrival time

                  0.15    0.00    0.00   clock w_clk (rise edge)
                          0.00    0.00   clock network delay (ideal)
                          0.25    0.25   clock uncertainty
                          0.00    0.25   clock reconvergence pessimism
                                  0.25 ^ _1074_/CLK (sky130_fd_sc_hd__dfxtp_2)
                         -0.01    0.24   library hold time
                                  0.24   data required time
-----------------------------------------------------------------------------
                                  0.24   data required time
                                 -0.51   data arrival time
-----------------------------------------------------------------------------
                                  0.28   slack (MET)


Startpoint: _1075_ (rising edge-triggered flip-flop clocked by w_clk)
Endpoint: _1075_ (rising edge-triggered flip-flop clocked by w_clk)
Path Group: w_clk
Path Type: min

Fanout     Cap    Slew   Delay    Time   Description
-----------------------------------------------------------------------------
                  0.15    0.00    0.00   clock w_clk (rise edge)
                          0.00    0.00   clock network delay (ideal)
                  0.15    0.00    0.00 ^ _1075_/CLK (sky130_fd_sc_hd__dfxtp_2)
                  0.04    0.33    0.33 ^ _1075_/Q (sky130_fd_sc_hd__dfxtp_2)
     2    0.00                           mem[9][3] (net)
                  0.04    0.00    0.33 ^ _0896_/A0 (sky130_fd_sc_hd__mux2_2)
                  0.03    0.12    0.45 ^ _0896_/X (sky130_fd_sc_hd__mux2_2)
     1    0.00                           _0447_ (net)
                  0.03    0.00    0.45 ^ _0897_/A (sky130_fd_sc_hd__buf_1)
                  0.03    0.06    0.51 ^ _0897_/X (sky130_fd_sc_hd__buf_1)
     1    0.00                           _0149_ (net)
                  0.03    0.00    0.51 ^ _1075_/D (sky130_fd_sc_hd__dfxtp_2)
                                  0.51   data arrival time

                  0.15    0.00    0.00   clock w_clk (rise edge)
                          0.00    0.00   clock network delay (ideal)
                          0.25    0.25   clock uncertainty
                          0.00    0.25   clock reconvergence pessimism
                                  0.25 ^ _1075_/CLK (sky130_fd_sc_hd__dfxtp_2)
                         -0.01    0.24   library hold time
                                  0.24   data required time
-----------------------------------------------------------------------------
                                  0.24   data required time
                                 -0.51   data arrival time
-----------------------------------------------------------------------------
                                  0.28   slack (MET)


Startpoint: _1076_ (rising edge-triggered flip-flop clocked by w_clk)
Endpoint: _1076_ (rising edge-triggered flip-flop clocked by w_clk)
Path Group: w_clk
Path Type: min

Fanout     Cap    Slew   Delay    Time   Description
-----------------------------------------------------------------------------
                  0.15    0.00    0.00   clock w_clk (rise edge)
                          0.00    0.00   clock network delay (ideal)
                  0.15    0.00    0.00 ^ _1076_/CLK (sky130_fd_sc_hd__dfxtp_2)
                  0.04    0.33    0.33 ^ _1076_/Q (sky130_fd_sc_hd__dfxtp_2)
     2    0.00                           mem[9][4] (net)
                  0.04    0.00    0.33 ^ _0898_/A0 (sky130_fd_sc_hd__mux2_2)
                  0.03    0.12    0.45 ^ _0898_/X (sky130_fd_sc_hd__mux2_2)
     1    0.00                           _0448_ (net)
                  0.03    0.00    0.45 ^ _0899_/A (sky130_fd_sc_hd__buf_1)
                  0.03    0.06    0.51 ^ _0899_/X (sky130_fd_sc_hd__buf_1)
     1    0.00                           _0150_ (net)
                  0.03    0.00    0.51 ^ _1076_/D (sky130_fd_sc_hd__dfxtp_2)
                                  0.51   data arrival time

                  0.15    0.00    0.00   clock w_clk (rise edge)
                          0.00    0.00   clock network delay (ideal)
                          0.25    0.25   clock uncertainty
                          0.00    0.25   clock reconvergence pessimism
                                  0.25 ^ _1076_/CLK (sky130_fd_sc_hd__dfxtp_2)
                         -0.01    0.24   library hold time
                                  0.24   data required time
-----------------------------------------------------------------------------
                                  0.24   data required time
                                 -0.51   data arrival time
-----------------------------------------------------------------------------
                                  0.28   slack (MET)


Startpoint: _1077_ (rising edge-triggered flip-flop clocked by w_clk)
Endpoint: _1077_ (rising edge-triggered flip-flop clocked by w_clk)
Path Group: w_clk
Path Type: min

Fanout     Cap    Slew   Delay    Time   Description
-----------------------------------------------------------------------------
                  0.15    0.00    0.00   clock w_clk (rise edge)
                          0.00    0.00   clock network delay (ideal)
                  0.15    0.00    0.00 ^ _1077_/CLK (sky130_fd_sc_hd__dfxtp_2)
                  0.04    0.33    0.33 ^ _1077_/Q (sky130_fd_sc_hd__dfxtp_2)
     2    0.00                           mem[9][5] (net)
                  0.04    0.00    0.33 ^ _0900_/A0 (sky130_fd_sc_hd__mux2_2)
                  0.03    0.12    0.45 ^ _0900_/X (sky130_fd_sc_hd__mux2_2)
     1    0.00                           _0449_ (net)
                  0.03    0.00    0.45 ^ _0901_/A (sky130_fd_sc_hd__buf_1)
                  0.03    0.06    0.51 ^ _0901_/X (sky130_fd_sc_hd__buf_1)
     1    0.00                           _0151_ (net)
                  0.03    0.00    0.51 ^ _1077_/D (sky130_fd_sc_hd__dfxtp_2)
                                  0.51   data arrival time

                  0.15    0.00    0.00   clock w_clk (rise edge)
                          0.00    0.00   clock network delay (ideal)
                          0.25    0.25   clock uncertainty
                          0.00    0.25   clock reconvergence pessimism
                                  0.25 ^ _1077_/CLK (sky130_fd_sc_hd__dfxtp_2)
                         -0.01    0.24   library hold time
                                  0.24   data required time
-----------------------------------------------------------------------------
                                  0.24   data required time
                                 -0.51   data arrival time
-----------------------------------------------------------------------------
                                  0.28   slack (MET)


Startpoint: _1078_ (rising edge-triggered flip-flop clocked by w_clk)
Endpoint: _1078_ (rising edge-triggered flip-flop clocked by w_clk)
Path Group: w_clk
Path Type: min

Fanout     Cap    Slew   Delay    Time   Description
-----------------------------------------------------------------------------
                  0.15    0.00    0.00   clock w_clk (rise edge)
                          0.00    0.00   clock network delay (ideal)
                  0.15    0.00    0.00 ^ _1078_/CLK (sky130_fd_sc_hd__dfxtp_2)
                  0.04    0.33    0.33 ^ _1078_/Q (sky130_fd_sc_hd__dfxtp_2)
     2    0.00                           mem[9][6] (net)
                  0.04    0.00    0.33 ^ _0902_/A0 (sky130_fd_sc_hd__mux2_2)
                  0.03    0.12    0.45 ^ _0902_/X (sky130_fd_sc_hd__mux2_2)
     1    0.00                           _0450_ (net)
                  0.03    0.00    0.45 ^ _0903_/A (sky130_fd_sc_hd__buf_1)
                  0.03    0.06    0.51 ^ _0903_/X (sky130_fd_sc_hd__buf_1)
     1    0.00                           _0152_ (net)
                  0.03    0.00    0.51 ^ _1078_/D (sky130_fd_sc_hd__dfxtp_2)
                                  0.51   data arrival time

                  0.15    0.00    0.00   clock w_clk (rise edge)
                          0.00    0.00   clock network delay (ideal)
                          0.25    0.25   clock uncertainty
                          0.00    0.25   clock reconvergence pessimism
                                  0.25 ^ _1078_/CLK (sky130_fd_sc_hd__dfxtp_2)
                         -0.01    0.24   library hold time
                                  0.24   data required time
-----------------------------------------------------------------------------
                                  0.24   data required time
                                 -0.51   data arrival time
-----------------------------------------------------------------------------
                                  0.28   slack (MET)


Startpoint: _1079_ (rising edge-triggered flip-flop clocked by w_clk)
Endpoint: _1079_ (rising edge-triggered flip-flop clocked by w_clk)
Path Group: w_clk
Path Type: min

Fanout     Cap    Slew   Delay    Time   Description
-----------------------------------------------------------------------------
                  0.15    0.00    0.00   clock w_clk (rise edge)
                          0.00    0.00   clock network delay (ideal)
                  0.15    0.00    0.00 ^ _1079_/CLK (sky130_fd_sc_hd__dfxtp_2)
                  0.04    0.33    0.33 ^ _1079_/Q (sky130_fd_sc_hd__dfxtp_2)
     2    0.00                           mem[9][7] (net)
                  0.04    0.00    0.33 ^ _0904_/A0 (sky130_fd_sc_hd__mux2_2)
                  0.03    0.12    0.45 ^ _0904_/X (sky130_fd_sc_hd__mux2_2)
     1    0.00                           _0451_ (net)
                  0.03    0.00    0.45 ^ _0905_/A (sky130_fd_sc_hd__buf_1)
                  0.03    0.06    0.51 ^ _0905_/X (sky130_fd_sc_hd__buf_1)
     1    0.00                           _0153_ (net)
                  0.03    0.00    0.51 ^ _1079_/D (sky130_fd_sc_hd__dfxtp_2)
                                  0.51   data arrival time

                  0.15    0.00    0.00   clock w_clk (rise edge)
                          0.00    0.00   clock network delay (ideal)
                          0.25    0.25   clock uncertainty
                          0.00    0.25   clock reconvergence pessimism
                                  0.25 ^ _1079_/CLK (sky130_fd_sc_hd__dfxtp_2)
                         -0.01    0.24   library hold time
                                  0.24   data required time
-----------------------------------------------------------------------------
                                  0.24   data required time
                                 -0.51   data arrival time
-----------------------------------------------------------------------------
                                  0.28   slack (MET)


Startpoint: _0946_ (rising edge-triggered flip-flop clocked by w_clk)
Endpoint: _0946_ (rising edge-triggered flip-flop clocked by w_clk)
Path Group: w_clk
Path Type: min

Fanout     Cap    Slew   Delay    Time   Description
-----------------------------------------------------------------------------
                  0.15    0.00    0.00   clock w_clk (rise edge)
                          0.00    0.00   clock network delay (ideal)
                  0.15    0.00    0.00 ^ _0946_/CLK (sky130_fd_sc_hd__dfxtp_2)
                  0.04    0.33    0.33 ^ _0946_/Q (sky130_fd_sc_hd__dfxtp_2)
     2    0.00                           mem[12][0] (net)
                  0.04    0.00    0.33 ^ _0643_/A0 (sky130_fd_sc_hd__mux2_2)
                  0.03    0.12    0.45 ^ _0643_/X (sky130_fd_sc_hd__mux2_2)
     1    0.00                           _0303_ (net)
                  0.03    0.00    0.45 ^ _0644_/A (sky130_fd_sc_hd__buf_1)
                  0.03    0.06    0.51 ^ _0644_/X (sky130_fd_sc_hd__buf_1)
     1    0.00                           _0040_ (net)
                  0.03    0.00    0.51 ^ _0946_/D (sky130_fd_sc_hd__dfxtp_2)
                                  0.51   data arrival time

                  0.15    0.00    0.00   clock w_clk (rise edge)
                          0.00    0.00   clock network delay (ideal)
                          0.25    0.25   clock uncertainty
                          0.00    0.25   clock reconvergence pessimism
                                  0.25 ^ _0946_/CLK (sky130_fd_sc_hd__dfxtp_2)
                         -0.01    0.24   library hold time
                                  0.24   data required time
-----------------------------------------------------------------------------
                                  0.24   data required time
                                 -0.51   data arrival time
-----------------------------------------------------------------------------
                                  0.28   slack (MET)


Startpoint: _0947_ (rising edge-triggered flip-flop clocked by w_clk)
Endpoint: _0947_ (rising edge-triggered flip-flop clocked by w_clk)
Path Group: w_clk
Path Type: min

Fanout     Cap    Slew   Delay    Time   Description
-----------------------------------------------------------------------------
                  0.15    0.00    0.00   clock w_clk (rise edge)
                          0.00    0.00   clock network delay (ideal)
                  0.15    0.00    0.00 ^ _0947_/CLK (sky130_fd_sc_hd__dfxtp_2)
                  0.04    0.33    0.33 ^ _0947_/Q (sky130_fd_sc_hd__dfxtp_2)
     2    0.00                           mem[12][1] (net)
                  0.04    0.00    0.33 ^ _0645_/A0 (sky130_fd_sc_hd__mux2_2)
                  0.03    0.12    0.45 ^ _0645_/X (sky130_fd_sc_hd__mux2_2)
     1    0.00                           _0304_ (net)
                  0.03    0.00    0.45 ^ _0646_/A (sky130_fd_sc_hd__buf_1)
                  0.03    0.06    0.51 ^ _0646_/X (sky130_fd_sc_hd__buf_1)
     1    0.00                           _0041_ (net)
                  0.03    0.00    0.51 ^ _0947_/D (sky130_fd_sc_hd__dfxtp_2)
                                  0.51   data arrival time

                  0.15    0.00    0.00   clock w_clk (rise edge)
                          0.00    0.00   clock network delay (ideal)
                          0.25    0.25   clock uncertainty
                          0.00    0.25   clock reconvergence pessimism
                                  0.25 ^ _0947_/CLK (sky130_fd_sc_hd__dfxtp_2)
                         -0.01    0.24   library hold time
                                  0.24   data required time
-----------------------------------------------------------------------------
                                  0.24   data required time
                                 -0.51   data arrival time
-----------------------------------------------------------------------------
                                  0.28   slack (MET)


Startpoint: _0948_ (rising edge-triggered flip-flop clocked by w_clk)
Endpoint: _0948_ (rising edge-triggered flip-flop clocked by w_clk)
Path Group: w_clk
Path Type: min

Fanout     Cap    Slew   Delay    Time   Description
-----------------------------------------------------------------------------
                  0.15    0.00    0.00   clock w_clk (rise edge)
                          0.00    0.00   clock network delay (ideal)
                  0.15    0.00    0.00 ^ _0948_/CLK (sky130_fd_sc_hd__dfxtp_2)
                  0.04    0.33    0.33 ^ _0948_/Q (sky130_fd_sc_hd__dfxtp_2)
     2    0.00                           mem[12][2] (net)
                  0.04    0.00    0.33 ^ _0647_/A0 (sky130_fd_sc_hd__mux2_2)
                  0.03    0.12    0.45 ^ _0647_/X (sky130_fd_sc_hd__mux2_2)
     1    0.00                           _0305_ (net)
                  0.03    0.00    0.45 ^ _0648_/A (sky130_fd_sc_hd__buf_1)
                  0.03    0.06    0.51 ^ _0648_/X (sky130_fd_sc_hd__buf_1)
     1    0.00                           _0042_ (net)
                  0.03    0.00    0.51 ^ _0948_/D (sky130_fd_sc_hd__dfxtp_2)
                                  0.51   data arrival time

                  0.15    0.00    0.00   clock w_clk (rise edge)
                          0.00    0.00   clock network delay (ideal)
                          0.25    0.25   clock uncertainty
                          0.00    0.25   clock reconvergence pessimism
                                  0.25 ^ _0948_/CLK (sky130_fd_sc_hd__dfxtp_2)
                         -0.01    0.24   library hold time
                                  0.24   data required time
-----------------------------------------------------------------------------
                                  0.24   data required time
                                 -0.51   data arrival time
-----------------------------------------------------------------------------
                                  0.28   slack (MET)


Startpoint: _0949_ (rising edge-triggered flip-flop clocked by w_clk)
Endpoint: _0949_ (rising edge-triggered flip-flop clocked by w_clk)
Path Group: w_clk
Path Type: min

Fanout     Cap    Slew   Delay    Time   Description
-----------------------------------------------------------------------------
                  0.15    0.00    0.00   clock w_clk (rise edge)
                          0.00    0.00   clock network delay (ideal)
                  0.15    0.00    0.00 ^ _0949_/CLK (sky130_fd_sc_hd__dfxtp_2)
                  0.04    0.33    0.33 ^ _0949_/Q (sky130_fd_sc_hd__dfxtp_2)
     2    0.00                           mem[12][3] (net)
                  0.04    0.00    0.33 ^ _0649_/A0 (sky130_fd_sc_hd__mux2_2)
                  0.03    0.12    0.45 ^ _0649_/X (sky130_fd_sc_hd__mux2_2)
     1    0.00                           _0306_ (net)
                  0.03    0.00    0.45 ^ _0650_/A (sky130_fd_sc_hd__buf_1)
                  0.03    0.06    0.51 ^ _0650_/X (sky130_fd_sc_hd__buf_1)
     1    0.00                           _0043_ (net)
                  0.03    0.00    0.51 ^ _0949_/D (sky130_fd_sc_hd__dfxtp_2)
                                  0.51   data arrival time

                  0.15    0.00    0.00   clock w_clk (rise edge)
                          0.00    0.00   clock network delay (ideal)
                          0.25    0.25   clock uncertainty
                          0.00    0.25   clock reconvergence pessimism
                                  0.25 ^ _0949_/CLK (sky130_fd_sc_hd__dfxtp_2)
                         -0.01    0.24   library hold time
                                  0.24   data required time
-----------------------------------------------------------------------------
                                  0.24   data required time
                                 -0.51   data arrival time
-----------------------------------------------------------------------------
                                  0.28   slack (MET)


Startpoint: _0950_ (rising edge-triggered flip-flop clocked by w_clk)
Endpoint: _0950_ (rising edge-triggered flip-flop clocked by w_clk)
Path Group: w_clk
Path Type: min

Fanout     Cap    Slew   Delay    Time   Description
-----------------------------------------------------------------------------
                  0.15    0.00    0.00   clock w_clk (rise edge)
                          0.00    0.00   clock network delay (ideal)
                  0.15    0.00    0.00 ^ _0950_/CLK (sky130_fd_sc_hd__dfxtp_2)
                  0.04    0.33    0.33 ^ _0950_/Q (sky130_fd_sc_hd__dfxtp_2)
     2    0.00                           mem[12][4] (net)
                  0.04    0.00    0.33 ^ _0651_/A0 (sky130_fd_sc_hd__mux2_2)
                  0.03    0.12    0.45 ^ _0651_/X (sky130_fd_sc_hd__mux2_2)
     1    0.00                           _0307_ (net)
                  0.03    0.00    0.45 ^ _0652_/A (sky130_fd_sc_hd__buf_1)
                  0.03    0.06    0.51 ^ _0652_/X (sky130_fd_sc_hd__buf_1)
     1    0.00                           _0044_ (net)
                  0.03    0.00    0.51 ^ _0950_/D (sky130_fd_sc_hd__dfxtp_2)
                                  0.51   data arrival time

                  0.15    0.00    0.00   clock w_clk (rise edge)
                          0.00    0.00   clock network delay (ideal)
                          0.25    0.25   clock uncertainty
                          0.00    0.25   clock reconvergence pessimism
                                  0.25 ^ _0950_/CLK (sky130_fd_sc_hd__dfxtp_2)
                         -0.01    0.24   library hold time
                                  0.24   data required time
-----------------------------------------------------------------------------
                                  0.24   data required time
                                 -0.51   data arrival time
-----------------------------------------------------------------------------
                                  0.28   slack (MET)


Startpoint: _0951_ (rising edge-triggered flip-flop clocked by w_clk)
Endpoint: _0951_ (rising edge-triggered flip-flop clocked by w_clk)
Path Group: w_clk
Path Type: min

Fanout     Cap    Slew   Delay    Time   Description
-----------------------------------------------------------------------------
                  0.15    0.00    0.00   clock w_clk (rise edge)
                          0.00    0.00   clock network delay (ideal)
                  0.15    0.00    0.00 ^ _0951_/CLK (sky130_fd_sc_hd__dfxtp_2)
                  0.04    0.33    0.33 ^ _0951_/Q (sky130_fd_sc_hd__dfxtp_2)
     2    0.00                           mem[12][5] (net)
                  0.04    0.00    0.33 ^ _0653_/A0 (sky130_fd_sc_hd__mux2_2)
                  0.03    0.12    0.45 ^ _0653_/X (sky130_fd_sc_hd__mux2_2)
     1    0.00                           _0308_ (net)
                  0.03    0.00    0.45 ^ _0654_/A (sky130_fd_sc_hd__buf_1)
                  0.03    0.06    0.51 ^ _0654_/X (sky130_fd_sc_hd__buf_1)
     1    0.00                           _0045_ (net)
                  0.03    0.00    0.51 ^ _0951_/D (sky130_fd_sc_hd__dfxtp_2)
                                  0.51   data arrival time

                  0.15    0.00    0.00   clock w_clk (rise edge)
                          0.00    0.00   clock network delay (ideal)
                          0.25    0.25   clock uncertainty
                          0.00    0.25   clock reconvergence pessimism
                                  0.25 ^ _0951_/CLK (sky130_fd_sc_hd__dfxtp_2)
                         -0.01    0.24   library hold time
                                  0.24   data required time
-----------------------------------------------------------------------------
                                  0.24   data required time
                                 -0.51   data arrival time
-----------------------------------------------------------------------------
                                  0.28   slack (MET)


Startpoint: _0952_ (rising edge-triggered flip-flop clocked by w_clk)
Endpoint: _0952_ (rising edge-triggered flip-flop clocked by w_clk)
Path Group: w_clk
Path Type: min

Fanout     Cap    Slew   Delay    Time   Description
-----------------------------------------------------------------------------
                  0.15    0.00    0.00   clock w_clk (rise edge)
                          0.00    0.00   clock network delay (ideal)
                  0.15    0.00    0.00 ^ _0952_/CLK (sky130_fd_sc_hd__dfxtp_2)
                  0.04    0.33    0.33 ^ _0952_/Q (sky130_fd_sc_hd__dfxtp_2)
     2    0.00                           mem[12][6] (net)
                  0.04    0.00    0.33 ^ _0655_/A0 (sky130_fd_sc_hd__mux2_2)
                  0.03    0.12    0.45 ^ _0655_/X (sky130_fd_sc_hd__mux2_2)
     1    0.00                           _0309_ (net)
                  0.03    0.00    0.45 ^ _0656_/A (sky130_fd_sc_hd__buf_1)
                  0.03    0.06    0.51 ^ _0656_/X (sky130_fd_sc_hd__buf_1)
     1    0.00                           _0046_ (net)
                  0.03    0.00    0.51 ^ _0952_/D (sky130_fd_sc_hd__dfxtp_2)
                                  0.51   data arrival time

                  0.15    0.00    0.00   clock w_clk (rise edge)
                          0.00    0.00   clock network delay (ideal)
                          0.25    0.25   clock uncertainty
                          0.00    0.25   clock reconvergence pessimism
                                  0.25 ^ _0952_/CLK (sky130_fd_sc_hd__dfxtp_2)
                         -0.01    0.24   library hold time
                                  0.24   data required time
-----------------------------------------------------------------------------
                                  0.24   data required time
                                 -0.51   data arrival time
-----------------------------------------------------------------------------
                                  0.28   slack (MET)


Startpoint: _0953_ (rising edge-triggered flip-flop clocked by w_clk)
Endpoint: _0953_ (rising edge-triggered flip-flop clocked by w_clk)
Path Group: w_clk
Path Type: min

Fanout     Cap    Slew   Delay    Time   Description
-----------------------------------------------------------------------------
                  0.15    0.00    0.00   clock w_clk (rise edge)
                          0.00    0.00   clock network delay (ideal)
                  0.15    0.00    0.00 ^ _0953_/CLK (sky130_fd_sc_hd__dfxtp_2)
                  0.04    0.33    0.33 ^ _0953_/Q (sky130_fd_sc_hd__dfxtp_2)
     2    0.00                           mem[12][7] (net)
                  0.04    0.00    0.33 ^ _0657_/A0 (sky130_fd_sc_hd__mux2_2)
                  0.03    0.12    0.45 ^ _0657_/X (sky130_fd_sc_hd__mux2_2)
     1    0.00                           _0310_ (net)
                  0.03    0.00    0.45 ^ _0658_/A (sky130_fd_sc_hd__buf_1)
                  0.03    0.06    0.51 ^ _0658_/X (sky130_fd_sc_hd__buf_1)
     1    0.00                           _0047_ (net)
                  0.03    0.00    0.51 ^ _0953_/D (sky130_fd_sc_hd__dfxtp_2)
                                  0.51   data arrival time

                  0.15    0.00    0.00   clock w_clk (rise edge)
                          0.00    0.00   clock network delay (ideal)
                          0.25    0.25   clock uncertainty
                          0.00    0.25   clock reconvergence pessimism
                                  0.25 ^ _0953_/CLK (sky130_fd_sc_hd__dfxtp_2)
                         -0.01    0.24   library hold time
                                  0.24   data required time
-----------------------------------------------------------------------------
                                  0.24   data required time
                                 -0.51   data arrival time
-----------------------------------------------------------------------------
                                  0.28   slack (MET)


Startpoint: _0970_ (rising edge-triggered flip-flop clocked by w_clk)
Endpoint: _0970_ (rising edge-triggered flip-flop clocked by w_clk)
Path Group: w_clk
Path Type: min

Fanout     Cap    Slew   Delay    Time   Description
-----------------------------------------------------------------------------
                  0.15    0.00    0.00   clock w_clk (rise edge)
                          0.00    0.00   clock network delay (ideal)
                  0.15    0.00    0.00 ^ _0970_/CLK (sky130_fd_sc_hd__dfxtp_2)
                  0.04    0.33    0.33 ^ _0970_/Q (sky130_fd_sc_hd__dfxtp_2)
     2    0.00                           mem[0][0] (net)
                  0.04    0.00    0.33 ^ _0700_/A0 (sky130_fd_sc_hd__mux2_2)
                  0.03    0.12    0.45 ^ _0700_/X (sky130_fd_sc_hd__mux2_2)
     1    0.00                           _0336_ (net)
                  0.03    0.00    0.45 ^ _0701_/A (sky130_fd_sc_hd__buf_1)
                  0.03    0.06    0.51 ^ _0701_/X (sky130_fd_sc_hd__buf_1)
     1    0.00                           _0064_ (net)
                  0.03    0.00    0.51 ^ _0970_/D (sky130_fd_sc_hd__dfxtp_2)
                                  0.51   data arrival time

                  0.15    0.00    0.00   clock w_clk (rise edge)
                          0.00    0.00   clock network delay (ideal)
                          0.25    0.25   clock uncertainty
                          0.00    0.25   clock reconvergence pessimism
                                  0.25 ^ _0970_/CLK (sky130_fd_sc_hd__dfxtp_2)
                         -0.01    0.24   library hold time
                                  0.24   data required time
-----------------------------------------------------------------------------
                                  0.24   data required time
                                 -0.51   data arrival time
-----------------------------------------------------------------------------
                                  0.28   slack (MET)


Startpoint: _0971_ (rising edge-triggered flip-flop clocked by w_clk)
Endpoint: _0971_ (rising edge-triggered flip-flop clocked by w_clk)
Path Group: w_clk
Path Type: min

Fanout     Cap    Slew   Delay    Time   Description
-----------------------------------------------------------------------------
                  0.15    0.00    0.00   clock w_clk (rise edge)
                          0.00    0.00   clock network delay (ideal)
                  0.15    0.00    0.00 ^ _0971_/CLK (sky130_fd_sc_hd__dfxtp_2)
                  0.04    0.33    0.33 ^ _0971_/Q (sky130_fd_sc_hd__dfxtp_2)
     2    0.00                           mem[0][1] (net)
                  0.04    0.00    0.33 ^ _0702_/A0 (sky130_fd_sc_hd__mux2_2)
                  0.03    0.12    0.45 ^ _0702_/X (sky130_fd_sc_hd__mux2_2)
     1    0.00                           _0337_ (net)
                  0.03    0.00    0.45 ^ _0703_/A (sky130_fd_sc_hd__buf_1)
                  0.03    0.06    0.51 ^ _0703_/X (sky130_fd_sc_hd__buf_1)
     1    0.00                           _0065_ (net)
                  0.03    0.00    0.51 ^ _0971_/D (sky130_fd_sc_hd__dfxtp_2)
                                  0.51   data arrival time

                  0.15    0.00    0.00   clock w_clk (rise edge)
                          0.00    0.00   clock network delay (ideal)
                          0.25    0.25   clock uncertainty
                          0.00    0.25   clock reconvergence pessimism
                                  0.25 ^ _0971_/CLK (sky130_fd_sc_hd__dfxtp_2)
                         -0.01    0.24   library hold time
                                  0.24   data required time
-----------------------------------------------------------------------------
                                  0.24   data required time
                                 -0.51   data arrival time
-----------------------------------------------------------------------------
                                  0.28   slack (MET)


Startpoint: _0972_ (rising edge-triggered flip-flop clocked by w_clk)
Endpoint: _0972_ (rising edge-triggered flip-flop clocked by w_clk)
Path Group: w_clk
Path Type: min

Fanout     Cap    Slew   Delay    Time   Description
-----------------------------------------------------------------------------
                  0.15    0.00    0.00   clock w_clk (rise edge)
                          0.00    0.00   clock network delay (ideal)
                  0.15    0.00    0.00 ^ _0972_/CLK (sky130_fd_sc_hd__dfxtp_2)
                  0.04    0.33    0.33 ^ _0972_/Q (sky130_fd_sc_hd__dfxtp_2)
     2    0.00                           mem[0][2] (net)
                  0.04    0.00    0.33 ^ _0704_/A0 (sky130_fd_sc_hd__mux2_2)
                  0.03    0.12    0.45 ^ _0704_/X (sky130_fd_sc_hd__mux2_2)
     1    0.00                           _0338_ (net)
                  0.03    0.00    0.45 ^ _0705_/A (sky130_fd_sc_hd__buf_1)
                  0.03    0.06    0.51 ^ _0705_/X (sky130_fd_sc_hd__buf_1)
     1    0.00                           _0066_ (net)
                  0.03    0.00    0.51 ^ _0972_/D (sky130_fd_sc_hd__dfxtp_2)
                                  0.51   data arrival time

                  0.15    0.00    0.00   clock w_clk (rise edge)
                          0.00    0.00   clock network delay (ideal)
                          0.25    0.25   clock uncertainty
                          0.00    0.25   clock reconvergence pessimism
                                  0.25 ^ _0972_/CLK (sky130_fd_sc_hd__dfxtp_2)
                         -0.01    0.24   library hold time
                                  0.24   data required time
-----------------------------------------------------------------------------
                                  0.24   data required time
                                 -0.51   data arrival time
-----------------------------------------------------------------------------
                                  0.28   slack (MET)


Startpoint: _0973_ (rising edge-triggered flip-flop clocked by w_clk)
Endpoint: _0973_ (rising edge-triggered flip-flop clocked by w_clk)
Path Group: w_clk
Path Type: min

Fanout     Cap    Slew   Delay    Time   Description
-----------------------------------------------------------------------------
                  0.15    0.00    0.00   clock w_clk (rise edge)
                          0.00    0.00   clock network delay (ideal)
                  0.15    0.00    0.00 ^ _0973_/CLK (sky130_fd_sc_hd__dfxtp_2)
                  0.04    0.33    0.33 ^ _0973_/Q (sky130_fd_sc_hd__dfxtp_2)
     2    0.00                           mem[0][3] (net)
                  0.04    0.00    0.33 ^ _0706_/A0 (sky130_fd_sc_hd__mux2_2)
                  0.03    0.12    0.45 ^ _0706_/X (sky130_fd_sc_hd__mux2_2)
     1    0.00                           _0339_ (net)
                  0.03    0.00    0.45 ^ _0707_/A (sky130_fd_sc_hd__buf_1)
                  0.03    0.06    0.51 ^ _0707_/X (sky130_fd_sc_hd__buf_1)
     1    0.00                           _0067_ (net)
                  0.03    0.00    0.51 ^ _0973_/D (sky130_fd_sc_hd__dfxtp_2)
                                  0.51   data arrival time

                  0.15    0.00    0.00   clock w_clk (rise edge)
                          0.00    0.00   clock network delay (ideal)
                          0.25    0.25   clock uncertainty
                          0.00    0.25   clock reconvergence pessimism
                                  0.25 ^ _0973_/CLK (sky130_fd_sc_hd__dfxtp_2)
                         -0.01    0.24   library hold time
                                  0.24   data required time
-----------------------------------------------------------------------------
                                  0.24   data required time
                                 -0.51   data arrival time
-----------------------------------------------------------------------------
                                  0.28   slack (MET)


Startpoint: _0974_ (rising edge-triggered flip-flop clocked by w_clk)
Endpoint: _0974_ (rising edge-triggered flip-flop clocked by w_clk)
Path Group: w_clk
Path Type: min

Fanout     Cap    Slew   Delay    Time   Description
-----------------------------------------------------------------------------
                  0.15    0.00    0.00   clock w_clk (rise edge)
                          0.00    0.00   clock network delay (ideal)
                  0.15    0.00    0.00 ^ _0974_/CLK (sky130_fd_sc_hd__dfxtp_2)
                  0.04    0.33    0.33 ^ _0974_/Q (sky130_fd_sc_hd__dfxtp_2)
     2    0.00                           mem[0][4] (net)
                  0.04    0.00    0.33 ^ _0708_/A0 (sky130_fd_sc_hd__mux2_2)
                  0.03    0.12    0.45 ^ _0708_/X (sky130_fd_sc_hd__mux2_2)
     1    0.00                           _0340_ (net)
                  0.03    0.00    0.45 ^ _0709_/A (sky130_fd_sc_hd__buf_1)
                  0.03    0.06    0.51 ^ _0709_/X (sky130_fd_sc_hd__buf_1)
     1    0.00                           _0068_ (net)
                  0.03    0.00    0.51 ^ _0974_/D (sky130_fd_sc_hd__dfxtp_2)
                                  0.51   data arrival time

                  0.15    0.00    0.00   clock w_clk (rise edge)
                          0.00    0.00   clock network delay (ideal)
                          0.25    0.25   clock uncertainty
                          0.00    0.25   clock reconvergence pessimism
                                  0.25 ^ _0974_/CLK (sky130_fd_sc_hd__dfxtp_2)
                         -0.01    0.24   library hold time
                                  0.24   data required time
-----------------------------------------------------------------------------
                                  0.24   data required time
                                 -0.51   data arrival time
-----------------------------------------------------------------------------
                                  0.28   slack (MET)


Startpoint: _0975_ (rising edge-triggered flip-flop clocked by w_clk)
Endpoint: _0975_ (rising edge-triggered flip-flop clocked by w_clk)
Path Group: w_clk
Path Type: min

Fanout     Cap    Slew   Delay    Time   Description
-----------------------------------------------------------------------------
                  0.15    0.00    0.00   clock w_clk (rise edge)
                          0.00    0.00   clock network delay (ideal)
                  0.15    0.00    0.00 ^ _0975_/CLK (sky130_fd_sc_hd__dfxtp_2)
                  0.04    0.33    0.33 ^ _0975_/Q (sky130_fd_sc_hd__dfxtp_2)
     2    0.00                           mem[0][5] (net)
                  0.04    0.00    0.33 ^ _0710_/A0 (sky130_fd_sc_hd__mux2_2)
                  0.03    0.12    0.45 ^ _0710_/X (sky130_fd_sc_hd__mux2_2)
     1    0.00                           _0341_ (net)
                  0.03    0.00    0.45 ^ _0711_/A (sky130_fd_sc_hd__buf_1)
                  0.03    0.06    0.51 ^ _0711_/X (sky130_fd_sc_hd__buf_1)
     1    0.00                           _0069_ (net)
                  0.03    0.00    0.51 ^ _0975_/D (sky130_fd_sc_hd__dfxtp_2)
                                  0.51   data arrival time

                  0.15    0.00    0.00   clock w_clk (rise edge)
                          0.00    0.00   clock network delay (ideal)
                          0.25    0.25   clock uncertainty
                          0.00    0.25   clock reconvergence pessimism
                                  0.25 ^ _0975_/CLK (sky130_fd_sc_hd__dfxtp_2)
                         -0.01    0.24   library hold time
                                  0.24   data required time
-----------------------------------------------------------------------------
                                  0.24   data required time
                                 -0.51   data arrival time
-----------------------------------------------------------------------------
                                  0.28   slack (MET)


Startpoint: _0976_ (rising edge-triggered flip-flop clocked by w_clk)
Endpoint: _0976_ (rising edge-triggered flip-flop clocked by w_clk)
Path Group: w_clk
Path Type: min

Fanout     Cap    Slew   Delay    Time   Description
-----------------------------------------------------------------------------
                  0.15    0.00    0.00   clock w_clk (rise edge)
                          0.00    0.00   clock network delay (ideal)
                  0.15    0.00    0.00 ^ _0976_/CLK (sky130_fd_sc_hd__dfxtp_2)
                  0.04    0.33    0.33 ^ _0976_/Q (sky130_fd_sc_hd__dfxtp_2)
     2    0.00                           mem[0][6] (net)
                  0.04    0.00    0.33 ^ _0712_/A0 (sky130_fd_sc_hd__mux2_2)
                  0.03    0.12    0.45 ^ _0712_/X (sky130_fd_sc_hd__mux2_2)
     1    0.00                           _0342_ (net)
                  0.03    0.00    0.45 ^ _0713_/A (sky130_fd_sc_hd__buf_1)
                  0.03    0.06    0.51 ^ _0713_/X (sky130_fd_sc_hd__buf_1)
     1    0.00                           _0070_ (net)
                  0.03    0.00    0.51 ^ _0976_/D (sky130_fd_sc_hd__dfxtp_2)
                                  0.51   data arrival time

                  0.15    0.00    0.00   clock w_clk (rise edge)
                          0.00    0.00   clock network delay (ideal)
                          0.25    0.25   clock uncertainty
                          0.00    0.25   clock reconvergence pessimism
                                  0.25 ^ _0976_/CLK (sky130_fd_sc_hd__dfxtp_2)
                         -0.01    0.24   library hold time
                                  0.24   data required time
-----------------------------------------------------------------------------
                                  0.24   data required time
                                 -0.51   data arrival time
-----------------------------------------------------------------------------
                                  0.28   slack (MET)


Startpoint: _0977_ (rising edge-triggered flip-flop clocked by w_clk)
Endpoint: _0977_ (rising edge-triggered flip-flop clocked by w_clk)
Path Group: w_clk
Path Type: min

Fanout     Cap    Slew   Delay    Time   Description
-----------------------------------------------------------------------------
                  0.15    0.00    0.00   clock w_clk (rise edge)
                          0.00    0.00   clock network delay (ideal)
                  0.15    0.00    0.00 ^ _0977_/CLK (sky130_fd_sc_hd__dfxtp_2)
                  0.04    0.33    0.33 ^ _0977_/Q (sky130_fd_sc_hd__dfxtp_2)
     2    0.00                           mem[0][7] (net)
                  0.04    0.00    0.33 ^ _0714_/A0 (sky130_fd_sc_hd__mux2_2)
                  0.03    0.12    0.45 ^ _0714_/X (sky130_fd_sc_hd__mux2_2)
     1    0.00                           _0343_ (net)
                  0.03    0.00    0.45 ^ _0715_/A (sky130_fd_sc_hd__buf_1)
                  0.03    0.06    0.51 ^ _0715_/X (sky130_fd_sc_hd__buf_1)
     1    0.00                           _0071_ (net)
                  0.03    0.00    0.51 ^ _0977_/D (sky130_fd_sc_hd__dfxtp_2)
                                  0.51   data arrival time

                  0.15    0.00    0.00   clock w_clk (rise edge)
                          0.00    0.00   clock network delay (ideal)
                          0.25    0.25   clock uncertainty
                          0.00    0.25   clock reconvergence pessimism
                                  0.25 ^ _0977_/CLK (sky130_fd_sc_hd__dfxtp_2)
                         -0.01    0.24   library hold time
                                  0.24   data required time
-----------------------------------------------------------------------------
                                  0.24   data required time
                                 -0.51   data arrival time
-----------------------------------------------------------------------------
                                  0.28   slack (MET)


Startpoint: _0986_ (rising edge-triggered flip-flop clocked by w_clk)
Endpoint: _0986_ (rising edge-triggered flip-flop clocked by w_clk)
Path Group: w_clk
Path Type: min

Fanout     Cap    Slew   Delay    Time   Description
-----------------------------------------------------------------------------
                  0.15    0.00    0.00   clock w_clk (rise edge)
                          0.00    0.00   clock network delay (ideal)
                  0.15    0.00    0.00 ^ _0986_/CLK (sky130_fd_sc_hd__dfxtp_2)
                  0.04    0.33    0.33 ^ _0986_/Q (sky130_fd_sc_hd__dfxtp_2)
     2    0.00                           mem[8][0] (net)
                  0.04    0.00    0.33 ^ _0736_/A0 (sky130_fd_sc_hd__mux2_2)
                  0.03    0.12    0.45 ^ _0736_/X (sky130_fd_sc_hd__mux2_2)
     1    0.00                           _0356_ (net)
                  0.03    0.00    0.45 ^ _0737_/A (sky130_fd_sc_hd__buf_1)
                  0.03    0.06    0.51 ^ _0737_/X (sky130_fd_sc_hd__buf_1)
     1    0.00                           _0080_ (net)
                  0.03    0.00    0.51 ^ _0986_/D (sky130_fd_sc_hd__dfxtp_2)
                                  0.51   data arrival time

                  0.15    0.00    0.00   clock w_clk (rise edge)
                          0.00    0.00   clock network delay (ideal)
                          0.25    0.25   clock uncertainty
                          0.00    0.25   clock reconvergence pessimism
                                  0.25 ^ _0986_/CLK (sky130_fd_sc_hd__dfxtp_2)
                         -0.01    0.24   library hold time
                                  0.24   data required time
-----------------------------------------------------------------------------
                                  0.24   data required time
                                 -0.51   data arrival time
-----------------------------------------------------------------------------
                                  0.28   slack (MET)


Startpoint: _0987_ (rising edge-triggered flip-flop clocked by w_clk)
Endpoint: _0987_ (rising edge-triggered flip-flop clocked by w_clk)
Path Group: w_clk
Path Type: min

Fanout     Cap    Slew   Delay    Time   Description
-----------------------------------------------------------------------------
                  0.15    0.00    0.00   clock w_clk (rise edge)
                          0.00    0.00   clock network delay (ideal)
                  0.15    0.00    0.00 ^ _0987_/CLK (sky130_fd_sc_hd__dfxtp_2)
                  0.04    0.33    0.33 ^ _0987_/Q (sky130_fd_sc_hd__dfxtp_2)
     2    0.00                           mem[8][1] (net)
                  0.04    0.00    0.33 ^ _0738_/A0 (sky130_fd_sc_hd__mux2_2)
                  0.03    0.12    0.45 ^ _0738_/X (sky130_fd_sc_hd__mux2_2)
     1    0.00                           _0357_ (net)
                  0.03    0.00    0.45 ^ _0739_/A (sky130_fd_sc_hd__buf_1)
                  0.03    0.06    0.51 ^ _0739_/X (sky130_fd_sc_hd__buf_1)
     1    0.00                           _0081_ (net)
                  0.03    0.00    0.51 ^ _0987_/D (sky130_fd_sc_hd__dfxtp_2)
                                  0.51   data arrival time

                  0.15    0.00    0.00   clock w_clk (rise edge)
                          0.00    0.00   clock network delay (ideal)
                          0.25    0.25   clock uncertainty
                          0.00    0.25   clock reconvergence pessimism
                                  0.25 ^ _0987_/CLK (sky130_fd_sc_hd__dfxtp_2)
                         -0.01    0.24   library hold time
                                  0.24   data required time
-----------------------------------------------------------------------------
                                  0.24   data required time
                                 -0.51   data arrival time
-----------------------------------------------------------------------------
                                  0.28   slack (MET)


Startpoint: _0988_ (rising edge-triggered flip-flop clocked by w_clk)
Endpoint: _0988_ (rising edge-triggered flip-flop clocked by w_clk)
Path Group: w_clk
Path Type: min

Fanout     Cap    Slew   Delay    Time   Description
-----------------------------------------------------------------------------
                  0.15    0.00    0.00   clock w_clk (rise edge)
                          0.00    0.00   clock network delay (ideal)
                  0.15    0.00    0.00 ^ _0988_/CLK (sky130_fd_sc_hd__dfxtp_2)
                  0.04    0.33    0.33 ^ _0988_/Q (sky130_fd_sc_hd__dfxtp_2)
     2    0.00                           mem[8][2] (net)
                  0.04    0.00    0.33 ^ _0740_/A0 (sky130_fd_sc_hd__mux2_2)
                  0.03    0.12    0.45 ^ _0740_/X (sky130_fd_sc_hd__mux2_2)
     1    0.00                           _0358_ (net)
                  0.03    0.00    0.45 ^ _0741_/A (sky130_fd_sc_hd__buf_1)
                  0.03    0.06    0.51 ^ _0741_/X (sky130_fd_sc_hd__buf_1)
     1    0.00                           _0082_ (net)
                  0.03    0.00    0.51 ^ _0988_/D (sky130_fd_sc_hd__dfxtp_2)
                                  0.51   data arrival time

                  0.15    0.00    0.00   clock w_clk (rise edge)
                          0.00    0.00   clock network delay (ideal)
                          0.25    0.25   clock uncertainty
                          0.00    0.25   clock reconvergence pessimism
                                  0.25 ^ _0988_/CLK (sky130_fd_sc_hd__dfxtp_2)
                         -0.01    0.24   library hold time
                                  0.24   data required time
-----------------------------------------------------------------------------
                                  0.24   data required time
                                 -0.51   data arrival time
-----------------------------------------------------------------------------
                                  0.28   slack (MET)


Startpoint: _0989_ (rising edge-triggered flip-flop clocked by w_clk)
Endpoint: _0989_ (rising edge-triggered flip-flop clocked by w_clk)
Path Group: w_clk
Path Type: min

Fanout     Cap    Slew   Delay    Time   Description
-----------------------------------------------------------------------------
                  0.15    0.00    0.00   clock w_clk (rise edge)
                          0.00    0.00   clock network delay (ideal)
                  0.15    0.00    0.00 ^ _0989_/CLK (sky130_fd_sc_hd__dfxtp_2)
                  0.04    0.33    0.33 ^ _0989_/Q (sky130_fd_sc_hd__dfxtp_2)
     2    0.00                           mem[8][3] (net)
                  0.04    0.00    0.33 ^ _0742_/A0 (sky130_fd_sc_hd__mux2_2)
                  0.03    0.12    0.45 ^ _0742_/X (sky130_fd_sc_hd__mux2_2)
     1    0.00                           _0359_ (net)
                  0.03    0.00    0.45 ^ _0743_/A (sky130_fd_sc_hd__buf_1)
                  0.03    0.06    0.51 ^ _0743_/X (sky130_fd_sc_hd__buf_1)
     1    0.00                           _0083_ (net)
                  0.03    0.00    0.51 ^ _0989_/D (sky130_fd_sc_hd__dfxtp_2)
                                  0.51   data arrival time

                  0.15    0.00    0.00   clock w_clk (rise edge)
                          0.00    0.00   clock network delay (ideal)
                          0.25    0.25   clock uncertainty
                          0.00    0.25   clock reconvergence pessimism
                                  0.25 ^ _0989_/CLK (sky130_fd_sc_hd__dfxtp_2)
                         -0.01    0.24   library hold time
                                  0.24   data required time
-----------------------------------------------------------------------------
                                  0.24   data required time
                                 -0.51   data arrival time
-----------------------------------------------------------------------------
                                  0.28   slack (MET)


Startpoint: _0990_ (rising edge-triggered flip-flop clocked by w_clk)
Endpoint: _0990_ (rising edge-triggered flip-flop clocked by w_clk)
Path Group: w_clk
Path Type: min

Fanout     Cap    Slew   Delay    Time   Description
-----------------------------------------------------------------------------
                  0.15    0.00    0.00   clock w_clk (rise edge)
                          0.00    0.00   clock network delay (ideal)
                  0.15    0.00    0.00 ^ _0990_/CLK (sky130_fd_sc_hd__dfxtp_2)
                  0.04    0.33    0.33 ^ _0990_/Q (sky130_fd_sc_hd__dfxtp_2)
     2    0.00                           mem[8][4] (net)
                  0.04    0.00    0.33 ^ _0744_/A0 (sky130_fd_sc_hd__mux2_2)
                  0.03    0.12    0.45 ^ _0744_/X (sky130_fd_sc_hd__mux2_2)
     1    0.00                           _0360_ (net)
                  0.03    0.00    0.45 ^ _0745_/A (sky130_fd_sc_hd__buf_1)
                  0.03    0.06    0.51 ^ _0745_/X (sky130_fd_sc_hd__buf_1)
     1    0.00                           _0084_ (net)
                  0.03    0.00    0.51 ^ _0990_/D (sky130_fd_sc_hd__dfxtp_2)
                                  0.51   data arrival time

                  0.15    0.00    0.00   clock w_clk (rise edge)
                          0.00    0.00   clock network delay (ideal)
                          0.25    0.25   clock uncertainty
                          0.00    0.25   clock reconvergence pessimism
                                  0.25 ^ _0990_/CLK (sky130_fd_sc_hd__dfxtp_2)
                         -0.01    0.24   library hold time
                                  0.24   data required time
-----------------------------------------------------------------------------
                                  0.24   data required time
                                 -0.51   data arrival time
-----------------------------------------------------------------------------
                                  0.28   slack (MET)


Startpoint: _0991_ (rising edge-triggered flip-flop clocked by w_clk)
Endpoint: _0991_ (rising edge-triggered flip-flop clocked by w_clk)
Path Group: w_clk
Path Type: min

Fanout     Cap    Slew   Delay    Time   Description
-----------------------------------------------------------------------------
                  0.15    0.00    0.00   clock w_clk (rise edge)
                          0.00    0.00   clock network delay (ideal)
                  0.15    0.00    0.00 ^ _0991_/CLK (sky130_fd_sc_hd__dfxtp_2)
                  0.04    0.33    0.33 ^ _0991_/Q (sky130_fd_sc_hd__dfxtp_2)
     2    0.00                           mem[8][5] (net)
                  0.04    0.00    0.33 ^ _0746_/A0 (sky130_fd_sc_hd__mux2_2)
                  0.03    0.12    0.45 ^ _0746_/X (sky130_fd_sc_hd__mux2_2)
     1    0.00                           _0361_ (net)
                  0.03    0.00    0.45 ^ _0747_/A (sky130_fd_sc_hd__buf_1)
                  0.03    0.06    0.51 ^ _0747_/X (sky130_fd_sc_hd__buf_1)
     1    0.00                           _0085_ (net)
                  0.03    0.00    0.51 ^ _0991_/D (sky130_fd_sc_hd__dfxtp_2)
                                  0.51   data arrival time

                  0.15    0.00    0.00   clock w_clk (rise edge)
                          0.00    0.00   clock network delay (ideal)
                          0.25    0.25   clock uncertainty
                          0.00    0.25   clock reconvergence pessimism
                                  0.25 ^ _0991_/CLK (sky130_fd_sc_hd__dfxtp_2)
                         -0.01    0.24   library hold time
                                  0.24   data required time
-----------------------------------------------------------------------------
                                  0.24   data required time
                                 -0.51   data arrival time
-----------------------------------------------------------------------------
                                  0.28   slack (MET)


Startpoint: _0992_ (rising edge-triggered flip-flop clocked by w_clk)
Endpoint: _0992_ (rising edge-triggered flip-flop clocked by w_clk)
Path Group: w_clk
Path Type: min

Fanout     Cap    Slew   Delay    Time   Description
-----------------------------------------------------------------------------
                  0.15    0.00    0.00   clock w_clk (rise edge)
                          0.00    0.00   clock network delay (ideal)
                  0.15    0.00    0.00 ^ _0992_/CLK (sky130_fd_sc_hd__dfxtp_2)
                  0.04    0.33    0.33 ^ _0992_/Q (sky130_fd_sc_hd__dfxtp_2)
     2    0.00                           mem[8][6] (net)
                  0.04    0.00    0.33 ^ _0748_/A0 (sky130_fd_sc_hd__mux2_2)
                  0.03    0.12    0.45 ^ _0748_/X (sky130_fd_sc_hd__mux2_2)
     1    0.00                           _0362_ (net)
                  0.03    0.00    0.45 ^ _0749_/A (sky130_fd_sc_hd__buf_1)
                  0.03    0.06    0.51 ^ _0749_/X (sky130_fd_sc_hd__buf_1)
     1    0.00                           _0086_ (net)
                  0.03    0.00    0.51 ^ _0992_/D (sky130_fd_sc_hd__dfxtp_2)
                                  0.51   data arrival time

                  0.15    0.00    0.00   clock w_clk (rise edge)
                          0.00    0.00   clock network delay (ideal)
                          0.25    0.25   clock uncertainty
                          0.00    0.25   clock reconvergence pessimism
                                  0.25 ^ _0992_/CLK (sky130_fd_sc_hd__dfxtp_2)
                         -0.01    0.24   library hold time
                                  0.24   data required time
-----------------------------------------------------------------------------
                                  0.24   data required time
                                 -0.51   data arrival time
-----------------------------------------------------------------------------
                                  0.28   slack (MET)


Startpoint: _0993_ (rising edge-triggered flip-flop clocked by w_clk)
Endpoint: _0993_ (rising edge-triggered flip-flop clocked by w_clk)
Path Group: w_clk
Path Type: min

Fanout     Cap    Slew   Delay    Time   Description
-----------------------------------------------------------------------------
                  0.15    0.00    0.00   clock w_clk (rise edge)
                          0.00    0.00   clock network delay (ideal)
                  0.15    0.00    0.00 ^ _0993_/CLK (sky130_fd_sc_hd__dfxtp_2)
                  0.04    0.33    0.33 ^ _0993_/Q (sky130_fd_sc_hd__dfxtp_2)
     2    0.00                           mem[8][7] (net)
                  0.04    0.00    0.33 ^ _0750_/A0 (sky130_fd_sc_hd__mux2_2)
                  0.03    0.12    0.45 ^ _0750_/X (sky130_fd_sc_hd__mux2_2)
     1    0.00                           _0363_ (net)
                  0.03    0.00    0.45 ^ _0751_/A (sky130_fd_sc_hd__buf_1)
                  0.03    0.06    0.51 ^ _0751_/X (sky130_fd_sc_hd__buf_1)
     1    0.00                           _0087_ (net)
                  0.03    0.00    0.51 ^ _0993_/D (sky130_fd_sc_hd__dfxtp_2)
                                  0.51   data arrival time

                  0.15    0.00    0.00   clock w_clk (rise edge)
                          0.00    0.00   clock network delay (ideal)
                          0.25    0.25   clock uncertainty
                          0.00    0.25   clock reconvergence pessimism
                                  0.25 ^ _0993_/CLK (sky130_fd_sc_hd__dfxtp_2)
                         -0.01    0.24   library hold time
                                  0.24   data required time
-----------------------------------------------------------------------------
                                  0.24   data required time
                                 -0.51   data arrival time
-----------------------------------------------------------------------------
                                  0.28   slack (MET)


Startpoint: _1023_ (rising edge-triggered flip-flop clocked by w_clk)
Endpoint: _1023_ (rising edge-triggered flip-flop clocked by w_clk)
Path Group: w_clk
Path Type: min

Fanout     Cap    Slew   Delay    Time   Description
-----------------------------------------------------------------------------
                  0.15    0.00    0.00   clock w_clk (rise edge)
                          0.00    0.00   clock network delay (ideal)
                  0.15    0.00    0.00 ^ _1023_/CLK (sky130_fd_sc_hd__dfxtp_2)
                  0.04    0.33    0.33 ^ _1023_/Q (sky130_fd_sc_hd__dfxtp_2)
     2    0.00                           mem[4][0] (net)
                  0.04    0.00    0.33 ^ _0819_/A0 (sky130_fd_sc_hd__mux2_2)
                  0.03    0.12    0.45 ^ _0819_/X (sky130_fd_sc_hd__mux2_2)
     1    0.00                           _0402_ (net)
                  0.03    0.00    0.45 ^ _0820_/A (sky130_fd_sc_hd__buf_1)
                  0.03    0.06    0.51 ^ _0820_/X (sky130_fd_sc_hd__buf_1)
     1    0.00                           _0117_ (net)
                  0.03    0.00    0.51 ^ _1023_/D (sky130_fd_sc_hd__dfxtp_2)
                                  0.51   data arrival time

                  0.15    0.00    0.00   clock w_clk (rise edge)
                          0.00    0.00   clock network delay (ideal)
                          0.25    0.25   clock uncertainty
                          0.00    0.25   clock reconvergence pessimism
                                  0.25 ^ _1023_/CLK (sky130_fd_sc_hd__dfxtp_2)
                         -0.01    0.24   library hold time
                                  0.24   data required time
-----------------------------------------------------------------------------
                                  0.24   data required time
                                 -0.51   data arrival time
-----------------------------------------------------------------------------
                                  0.28   slack (MET)


Startpoint: _1024_ (rising edge-triggered flip-flop clocked by w_clk)
Endpoint: _1024_ (rising edge-triggered flip-flop clocked by w_clk)
Path Group: w_clk
Path Type: min

Fanout     Cap    Slew   Delay    Time   Description
-----------------------------------------------------------------------------
                  0.15    0.00    0.00   clock w_clk (rise edge)
                          0.00    0.00   clock network delay (ideal)
                  0.15    0.00    0.00 ^ _1024_/CLK (sky130_fd_sc_hd__dfxtp_2)
                  0.04    0.33    0.33 ^ _1024_/Q (sky130_fd_sc_hd__dfxtp_2)
     2    0.00                           mem[4][1] (net)
                  0.04    0.00    0.33 ^ _0821_/A0 (sky130_fd_sc_hd__mux2_2)
                  0.03    0.12    0.45 ^ _0821_/X (sky130_fd_sc_hd__mux2_2)
     1    0.00                           _0403_ (net)
                  0.03    0.00    0.45 ^ _0822_/A (sky130_fd_sc_hd__buf_1)
                  0.03    0.06    0.51 ^ _0822_/X (sky130_fd_sc_hd__buf_1)
     1    0.00                           _0118_ (net)
                  0.03    0.00    0.51 ^ _1024_/D (sky130_fd_sc_hd__dfxtp_2)
                                  0.51   data arrival time

                  0.15    0.00    0.00   clock w_clk (rise edge)
                          0.00    0.00   clock network delay (ideal)
                          0.25    0.25   clock uncertainty
                          0.00    0.25   clock reconvergence pessimism
                                  0.25 ^ _1024_/CLK (sky130_fd_sc_hd__dfxtp_2)
                         -0.01    0.24   library hold time
                                  0.24   data required time
-----------------------------------------------------------------------------
                                  0.24   data required time
                                 -0.51   data arrival time
-----------------------------------------------------------------------------
                                  0.28   slack (MET)


Startpoint: _1025_ (rising edge-triggered flip-flop clocked by w_clk)
Endpoint: _1025_ (rising edge-triggered flip-flop clocked by w_clk)
Path Group: w_clk
Path Type: min

Fanout     Cap    Slew   Delay    Time   Description
-----------------------------------------------------------------------------
                  0.15    0.00    0.00   clock w_clk (rise edge)
                          0.00    0.00   clock network delay (ideal)
                  0.15    0.00    0.00 ^ _1025_/CLK (sky130_fd_sc_hd__dfxtp_2)
                  0.04    0.33    0.33 ^ _1025_/Q (sky130_fd_sc_hd__dfxtp_2)
     2    0.00                           mem[4][2] (net)
                  0.04    0.00    0.33 ^ _0823_/A0 (sky130_fd_sc_hd__mux2_2)
                  0.03    0.12    0.45 ^ _0823_/X (sky130_fd_sc_hd__mux2_2)
     1    0.00                           _0404_ (net)
                  0.03    0.00    0.45 ^ _0824_/A (sky130_fd_sc_hd__buf_1)
                  0.03    0.06    0.51 ^ _0824_/X (sky130_fd_sc_hd__buf_1)
     1    0.00                           _0119_ (net)
                  0.03    0.00    0.51 ^ _1025_/D (sky130_fd_sc_hd__dfxtp_2)
                                  0.51   data arrival time

                  0.15    0.00    0.00   clock w_clk (rise edge)
                          0.00    0.00   clock network delay (ideal)
                          0.25    0.25   clock uncertainty
                          0.00    0.25   clock reconvergence pessimism
                                  0.25 ^ _1025_/CLK (sky130_fd_sc_hd__dfxtp_2)
                         -0.01    0.24   library hold time
                                  0.24   data required time
-----------------------------------------------------------------------------
                                  0.24   data required time
                                 -0.51   data arrival time
-----------------------------------------------------------------------------
                                  0.28   slack (MET)


Startpoint: _1026_ (rising edge-triggered flip-flop clocked by w_clk)
Endpoint: _1026_ (rising edge-triggered flip-flop clocked by w_clk)
Path Group: w_clk
Path Type: min

Fanout     Cap    Slew   Delay    Time   Description
-----------------------------------------------------------------------------
                  0.15    0.00    0.00   clock w_clk (rise edge)
                          0.00    0.00   clock network delay (ideal)
                  0.15    0.00    0.00 ^ _1026_/CLK (sky130_fd_sc_hd__dfxtp_2)
                  0.04    0.33    0.33 ^ _1026_/Q (sky130_fd_sc_hd__dfxtp_2)
     2    0.00                           mem[4][3] (net)
                  0.04    0.00    0.33 ^ _0825_/A0 (sky130_fd_sc_hd__mux2_2)
                  0.03    0.12    0.45 ^ _0825_/X (sky130_fd_sc_hd__mux2_2)
     1    0.00                           _0405_ (net)
                  0.03    0.00    0.45 ^ _0826_/A (sky130_fd_sc_hd__buf_1)
                  0.03    0.06    0.51 ^ _0826_/X (sky130_fd_sc_hd__buf_1)
     1    0.00                           _0120_ (net)
                  0.03    0.00    0.51 ^ _1026_/D (sky130_fd_sc_hd__dfxtp_2)
                                  0.51   data arrival time

                  0.15    0.00    0.00   clock w_clk (rise edge)
                          0.00    0.00   clock network delay (ideal)
                          0.25    0.25   clock uncertainty
                          0.00    0.25   clock reconvergence pessimism
                                  0.25 ^ _1026_/CLK (sky130_fd_sc_hd__dfxtp_2)
                         -0.01    0.24   library hold time
                                  0.24   data required time
-----------------------------------------------------------------------------
                                  0.24   data required time
                                 -0.51   data arrival time
-----------------------------------------------------------------------------
                                  0.28   slack (MET)


Startpoint: _1027_ (rising edge-triggered flip-flop clocked by w_clk)
Endpoint: _1027_ (rising edge-triggered flip-flop clocked by w_clk)
Path Group: w_clk
Path Type: min

Fanout     Cap    Slew   Delay    Time   Description
-----------------------------------------------------------------------------
                  0.15    0.00    0.00   clock w_clk (rise edge)
                          0.00    0.00   clock network delay (ideal)
                  0.15    0.00    0.00 ^ _1027_/CLK (sky130_fd_sc_hd__dfxtp_2)
                  0.04    0.33    0.33 ^ _1027_/Q (sky130_fd_sc_hd__dfxtp_2)
     2    0.00                           mem[4][4] (net)
                  0.04    0.00    0.33 ^ _0827_/A0 (sky130_fd_sc_hd__mux2_2)
                  0.03    0.12    0.45 ^ _0827_/X (sky130_fd_sc_hd__mux2_2)
     1    0.00                           _0406_ (net)
                  0.03    0.00    0.45 ^ _0828_/A (sky130_fd_sc_hd__buf_1)
                  0.03    0.06    0.51 ^ _0828_/X (sky130_fd_sc_hd__buf_1)
     1    0.00                           _0121_ (net)
                  0.03    0.00    0.51 ^ _1027_/D (sky130_fd_sc_hd__dfxtp_2)
                                  0.51   data arrival time

                  0.15    0.00    0.00   clock w_clk (rise edge)
                          0.00    0.00   clock network delay (ideal)
                          0.25    0.25   clock uncertainty
                          0.00    0.25   clock reconvergence pessimism
                                  0.25 ^ _1027_/CLK (sky130_fd_sc_hd__dfxtp_2)
                         -0.01    0.24   library hold time
                                  0.24   data required time
-----------------------------------------------------------------------------
                                  0.24   data required time
                                 -0.51   data arrival time
-----------------------------------------------------------------------------
                                  0.28   slack (MET)


Startpoint: _1028_ (rising edge-triggered flip-flop clocked by w_clk)
Endpoint: _1028_ (rising edge-triggered flip-flop clocked by w_clk)
Path Group: w_clk
Path Type: min

Fanout     Cap    Slew   Delay    Time   Description
-----------------------------------------------------------------------------
                  0.15    0.00    0.00   clock w_clk (rise edge)
                          0.00    0.00   clock network delay (ideal)
                  0.15    0.00    0.00 ^ _1028_/CLK (sky130_fd_sc_hd__dfxtp_2)
                  0.04    0.33    0.33 ^ _1028_/Q (sky130_fd_sc_hd__dfxtp_2)
     2    0.00                           mem[4][5] (net)
                  0.04    0.00    0.33 ^ _0829_/A0 (sky130_fd_sc_hd__mux2_2)
                  0.03    0.12    0.45 ^ _0829_/X (sky130_fd_sc_hd__mux2_2)
     1    0.00                           _0407_ (net)
                  0.03    0.00    0.45 ^ _0830_/A (sky130_fd_sc_hd__buf_1)
                  0.03    0.06    0.51 ^ _0830_/X (sky130_fd_sc_hd__buf_1)
     1    0.00                           _0122_ (net)
                  0.03    0.00    0.51 ^ _1028_/D (sky130_fd_sc_hd__dfxtp_2)
                                  0.51   data arrival time

                  0.15    0.00    0.00   clock w_clk (rise edge)
                          0.00    0.00   clock network delay (ideal)
                          0.25    0.25   clock uncertainty
                          0.00    0.25   clock reconvergence pessimism
                                  0.25 ^ _1028_/CLK (sky130_fd_sc_hd__dfxtp_2)
                         -0.01    0.24   library hold time
                                  0.24   data required time
-----------------------------------------------------------------------------
                                  0.24   data required time
                                 -0.51   data arrival time
-----------------------------------------------------------------------------
                                  0.28   slack (MET)


Startpoint: _1029_ (rising edge-triggered flip-flop clocked by w_clk)
Endpoint: _1029_ (rising edge-triggered flip-flop clocked by w_clk)
Path Group: w_clk
Path Type: min

Fanout     Cap    Slew   Delay    Time   Description
-----------------------------------------------------------------------------
                  0.15    0.00    0.00   clock w_clk (rise edge)
                          0.00    0.00   clock network delay (ideal)
                  0.15    0.00    0.00 ^ _1029_/CLK (sky130_fd_sc_hd__dfxtp_2)
                  0.04    0.33    0.33 ^ _1029_/Q (sky130_fd_sc_hd__dfxtp_2)
     2    0.00                           mem[4][6] (net)
                  0.04    0.00    0.33 ^ _0831_/A0 (sky130_fd_sc_hd__mux2_2)
                  0.03    0.12    0.45 ^ _0831_/X (sky130_fd_sc_hd__mux2_2)
     1    0.00                           _0408_ (net)
                  0.03    0.00    0.45 ^ _0832_/A (sky130_fd_sc_hd__buf_1)
                  0.03    0.06    0.51 ^ _0832_/X (sky130_fd_sc_hd__buf_1)
     1    0.00                           _0123_ (net)
                  0.03    0.00    0.51 ^ _1029_/D (sky130_fd_sc_hd__dfxtp_2)
                                  0.51   data arrival time

                  0.15    0.00    0.00   clock w_clk (rise edge)
                          0.00    0.00   clock network delay (ideal)
                          0.25    0.25   clock uncertainty
                          0.00    0.25   clock reconvergence pessimism
                                  0.25 ^ _1029_/CLK (sky130_fd_sc_hd__dfxtp_2)
                         -0.01    0.24   library hold time
                                  0.24   data required time
-----------------------------------------------------------------------------
                                  0.24   data required time
                                 -0.51   data arrival time
-----------------------------------------------------------------------------
                                  0.28   slack (MET)


Startpoint: _1030_ (rising edge-triggered flip-flop clocked by w_clk)
Endpoint: _1030_ (rising edge-triggered flip-flop clocked by w_clk)
Path Group: w_clk
Path Type: min

Fanout     Cap    Slew   Delay    Time   Description
-----------------------------------------------------------------------------
                  0.15    0.00    0.00   clock w_clk (rise edge)
                          0.00    0.00   clock network delay (ideal)
                  0.15    0.00    0.00 ^ _1030_/CLK (sky130_fd_sc_hd__dfxtp_2)
                  0.04    0.33    0.33 ^ _1030_/Q (sky130_fd_sc_hd__dfxtp_2)
     2    0.00                           mem[4][7] (net)
                  0.04    0.00    0.33 ^ _0833_/A0 (sky130_fd_sc_hd__mux2_2)
                  0.03    0.12    0.45 ^ _0833_/X (sky130_fd_sc_hd__mux2_2)
     1    0.00                           _0409_ (net)
                  0.03    0.00    0.45 ^ _0834_/A (sky130_fd_sc_hd__buf_1)
                  0.03    0.06    0.51 ^ _0834_/X (sky130_fd_sc_hd__buf_1)
     1    0.00                           _0124_ (net)
                  0.03    0.00    0.51 ^ _1030_/D (sky130_fd_sc_hd__dfxtp_2)
                                  0.51   data arrival time

                  0.15    0.00    0.00   clock w_clk (rise edge)
                          0.00    0.00   clock network delay (ideal)
                          0.25    0.25   clock uncertainty
                          0.00    0.25   clock reconvergence pessimism
                                  0.25 ^ _1030_/CLK (sky130_fd_sc_hd__dfxtp_2)
                         -0.01    0.24   library hold time
                                  0.24   data required time
-----------------------------------------------------------------------------
                                  0.24   data required time
                                 -0.51   data arrival time
-----------------------------------------------------------------------------
                                  0.28   slack (MET)


Startpoint: _1018_ (rising edge-triggered flip-flop clocked by w_clk)
Endpoint: _1018_ (rising edge-triggered flip-flop clocked by w_clk)
Path Group: w_clk
Path Type: min

Fanout     Cap    Slew   Delay    Time   Description
-----------------------------------------------------------------------------
                  0.15    0.00    0.00   clock w_clk (rise edge)
                          0.00    0.00   clock network delay (ideal)
                  0.15    0.00    0.00 ^ _1018_/CLK (sky130_fd_sc_hd__dfrtp_2)
                  0.04    0.36    0.36 ^ _1018_/Q (sky130_fd_sc_hd__dfrtp_2)
     2    0.00                           w_ptr_g[0] (net)
                  0.04    0.00    0.36 ^ _0806_/A0 (sky130_fd_sc_hd__mux2_2)
                  0.03    0.12    0.48 ^ _0806_/X (sky130_fd_sc_hd__mux2_2)
     1    0.00                           _0394_ (net)
                  0.03    0.00    0.48 ^ _0807_/A (sky130_fd_sc_hd__buf_1)
                  0.04    0.07    0.55 ^ _0807_/X (sky130_fd_sc_hd__buf_1)
     1    0.00                           _0112_ (net)
                  0.04    0.00    0.55 ^ _1018_/D (sky130_fd_sc_hd__dfrtp_2)
                                  0.55   data arrival time

                  0.15    0.00    0.00   clock w_clk (rise edge)
                          0.00    0.00   clock network delay (ideal)
                          0.25    0.25   clock uncertainty
                          0.00    0.25   clock reconvergence pessimism
                                  0.25 ^ _1018_/CLK (sky130_fd_sc_hd__dfrtp_2)
                         -0.02    0.23   library hold time
                                  0.23   data required time
-----------------------------------------------------------------------------
                                  0.23   data required time
                                 -0.55   data arrival time
-----------------------------------------------------------------------------
                                  0.31   slack (MET)


Startpoint: _1019_ (rising edge-triggered flip-flop clocked by w_clk)
Endpoint: _1019_ (rising edge-triggered flip-flop clocked by w_clk)
Path Group: w_clk
Path Type: min

Fanout     Cap    Slew   Delay    Time   Description
-----------------------------------------------------------------------------
                  0.15    0.00    0.00   clock w_clk (rise edge)
                          0.00    0.00   clock network delay (ideal)
                  0.15    0.00    0.00 ^ _1019_/CLK (sky130_fd_sc_hd__dfrtp_2)
                  0.04    0.36    0.36 ^ _1019_/Q (sky130_fd_sc_hd__dfrtp_2)
     2    0.00                           w_ptr_g[1] (net)
                  0.04    0.00    0.36 ^ _0809_/A0 (sky130_fd_sc_hd__mux2_2)
                  0.03    0.12    0.48 ^ _0809_/X (sky130_fd_sc_hd__mux2_2)
     1    0.00                           _0396_ (net)
                  0.03    0.00    0.48 ^ _0810_/A (sky130_fd_sc_hd__buf_1)
                  0.04    0.07    0.55 ^ _0810_/X (sky130_fd_sc_hd__buf_1)
     1    0.00                           _0113_ (net)
                  0.04    0.00    0.55 ^ _1019_/D (sky130_fd_sc_hd__dfrtp_2)
                                  0.55   data arrival time

                  0.15    0.00    0.00   clock w_clk (rise edge)
                          0.00    0.00   clock network delay (ideal)
                          0.25    0.25   clock uncertainty
                          0.00    0.25   clock reconvergence pessimism
                                  0.25 ^ _1019_/CLK (sky130_fd_sc_hd__dfrtp_2)
                         -0.02    0.23   library hold time
                                  0.23   data required time
-----------------------------------------------------------------------------
                                  0.23   data required time
                                 -0.55   data arrival time
-----------------------------------------------------------------------------
                                  0.31   slack (MET)


Startpoint: _1021_ (rising edge-triggered flip-flop clocked by w_clk)
Endpoint: _1021_ (rising edge-triggered flip-flop clocked by w_clk)
Path Group: w_clk
Path Type: min

Fanout     Cap    Slew   Delay    Time   Description
-----------------------------------------------------------------------------
                  0.15    0.00    0.00   clock w_clk (rise edge)
                          0.00    0.00   clock network delay (ideal)
                  0.15    0.00    0.00 ^ _1021_/CLK (sky130_fd_sc_hd__dfrtp_2)
                  0.04    0.36    0.36 ^ _1021_/Q (sky130_fd_sc_hd__dfrtp_2)
     2    0.00                           w_ptr_g[3] (net)
                  0.04    0.00    0.36 ^ _0813_/A0 (sky130_fd_sc_hd__mux2_2)
                  0.03    0.12    0.48 ^ _0813_/X (sky130_fd_sc_hd__mux2_2)
     1    0.00                           _0398_ (net)
                  0.03    0.00    0.48 ^ _0814_/A (sky130_fd_sc_hd__buf_1)
                  0.04    0.07    0.55 ^ _0814_/X (sky130_fd_sc_hd__buf_1)
     1    0.00                           _0115_ (net)
                  0.04    0.00    0.55 ^ _1021_/D (sky130_fd_sc_hd__dfrtp_2)
                                  0.55   data arrival time

                  0.15    0.00    0.00   clock w_clk (rise edge)
                          0.00    0.00   clock network delay (ideal)
                          0.25    0.25   clock uncertainty
                          0.00    0.25   clock reconvergence pessimism
                                  0.25 ^ _1021_/CLK (sky130_fd_sc_hd__dfrtp_2)
                         -0.02    0.23   library hold time
                                  0.23   data required time
-----------------------------------------------------------------------------
                                  0.23   data required time
                                 -0.55   data arrival time
-----------------------------------------------------------------------------
                                  0.31   slack (MET)


Startpoint: _1022_ (rising edge-triggered flip-flop clocked by w_clk)
Endpoint: _1022_ (rising edge-triggered flip-flop clocked by w_clk)
Path Group: w_clk
Path Type: min

Fanout     Cap    Slew   Delay    Time   Description
-----------------------------------------------------------------------------
                  0.15    0.00    0.00   clock w_clk (rise edge)
                          0.00    0.00   clock network delay (ideal)
                  0.15    0.00    0.00 ^ _1022_/CLK (sky130_fd_sc_hd__dfrtp_2)
                  0.06    0.38    0.38 ^ _1022_/Q (sky130_fd_sc_hd__dfrtp_2)
     3    0.01                           w_ptr_b[4] (net)
                  0.06    0.00    0.38 ^ _0815_/A0 (sky130_fd_sc_hd__mux2_2)
                  0.03    0.13    0.50 ^ _0815_/X (sky130_fd_sc_hd__mux2_2)
     1    0.00                           _0399_ (net)
                  0.03    0.00    0.50 ^ _0816_/A (sky130_fd_sc_hd__buf_1)
                  0.04    0.07    0.57 ^ _0816_/X (sky130_fd_sc_hd__buf_1)
     1    0.00                           _0116_ (net)
                  0.04    0.00    0.57 ^ _1022_/D (sky130_fd_sc_hd__dfrtp_2)
                                  0.57   data arrival time

                  0.15    0.00    0.00   clock w_clk (rise edge)
                          0.00    0.00   clock network delay (ideal)
                          0.25    0.25   clock uncertainty
                          0.00    0.25   clock reconvergence pessimism
                                  0.25 ^ _1022_/CLK (sky130_fd_sc_hd__dfrtp_2)
                         -0.02    0.23   library hold time
                                  0.23   data required time
-----------------------------------------------------------------------------
                                  0.23   data required time
                                 -0.57   data arrival time
-----------------------------------------------------------------------------
                                  0.34   slack (MET)


Startpoint: _1063_ (rising edge-triggered flip-flop clocked by w_clk)
Endpoint: _1063_ (rising edge-triggered flip-flop clocked by w_clk)
Path Group: w_clk
Path Type: min

Fanout     Cap    Slew   Delay    Time   Description
-----------------------------------------------------------------------------
                  0.15    0.00    0.00   clock w_clk (rise edge)
                          0.00    0.00   clock network delay (ideal)
                  0.15    0.00    0.00 ^ _1063_/CLK (sky130_fd_sc_hd__dfrtp_2)
                  0.14    0.43    0.43 ^ _1063_/Q (sky130_fd_sc_hd__dfrtp_2)
     9    0.03                           w_ptr_b[3] (net)
                  0.14    0.00    0.43 ^ _0869_/A0 (sky130_fd_sc_hd__mux2_2)
                  0.03    0.15    0.58 ^ _0869_/X (sky130_fd_sc_hd__mux2_2)
     1    0.00                           _0432_ (net)
                  0.03    0.00    0.58 ^ _0870_/A (sky130_fd_sc_hd__buf_1)
                  0.04    0.07    0.65 ^ _0870_/X (sky130_fd_sc_hd__buf_1)
     1    0.00                           _0137_ (net)
                  0.04    0.00    0.65 ^ _1063_/D (sky130_fd_sc_hd__dfrtp_2)
                                  0.65   data arrival time

                  0.15    0.00    0.00   clock w_clk (rise edge)
                          0.00    0.00   clock network delay (ideal)
                          0.25    0.25   clock uncertainty
                          0.00    0.25   clock reconvergence pessimism
                                  0.25 ^ _1063_/CLK (sky130_fd_sc_hd__dfrtp_2)
                         -0.02    0.23   library hold time
                                  0.23   data required time
-----------------------------------------------------------------------------
                                  0.23   data required time
                                 -0.65   data arrival time
-----------------------------------------------------------------------------
                                  0.42   slack (MET)


Startpoint: _1062_ (rising edge-triggered flip-flop clocked by w_clk)
Endpoint: _1062_ (rising edge-triggered flip-flop clocked by w_clk)
Path Group: w_clk
Path Type: min

Fanout     Cap    Slew   Delay    Time   Description
-----------------------------------------------------------------------------
                  0.15    0.00    0.00   clock w_clk (rise edge)
                          0.00    0.00   clock network delay (ideal)
                  0.15    0.00    0.00 ^ _1062_/CLK (sky130_fd_sc_hd__dfrtp_2)
                  0.14    0.43    0.43 ^ _1062_/Q (sky130_fd_sc_hd__dfrtp_2)
    12    0.03                           w_ptr_b[2] (net)
                  0.14    0.00    0.43 ^ _0866_/A0 (sky130_fd_sc_hd__mux2_2)
                  0.03    0.15    0.59 ^ _0866_/X (sky130_fd_sc_hd__mux2_2)
     1    0.00                           _0430_ (net)
                  0.03    0.00    0.59 ^ _0867_/A (sky130_fd_sc_hd__buf_1)
                  0.04    0.07    0.65 ^ _0867_/X (sky130_fd_sc_hd__buf_1)
     1    0.00                           _0136_ (net)
                  0.04    0.00    0.65 ^ _1062_/D (sky130_fd_sc_hd__dfrtp_2)
                                  0.65   data arrival time

                  0.15    0.00    0.00   clock w_clk (rise edge)
                          0.00    0.00   clock network delay (ideal)
                          0.25    0.25   clock uncertainty
                          0.00    0.25   clock reconvergence pessimism
                                  0.25 ^ _1062_/CLK (sky130_fd_sc_hd__dfrtp_2)
                         -0.02    0.23   library hold time
                                  0.23   data required time
-----------------------------------------------------------------------------
                                  0.23   data required time
                                 -0.65   data arrival time
-----------------------------------------------------------------------------
                                  0.42   slack (MET)


Startpoint: _1061_ (rising edge-triggered flip-flop clocked by w_clk)
Endpoint: _1061_ (rising edge-triggered flip-flop clocked by w_clk)
Path Group: w_clk
Path Type: min

Fanout     Cap    Slew   Delay    Time   Description
-----------------------------------------------------------------------------
                  0.15    0.00    0.00   clock w_clk (rise edge)
                          0.00    0.00   clock network delay (ideal)
                  0.15    0.00    0.00 ^ _1061_/CLK (sky130_fd_sc_hd__dfrtp_2)
                  0.19    0.48    0.48 ^ _1061_/Q (sky130_fd_sc_hd__dfrtp_2)
    11    0.04                           w_ptr_b[1] (net)
                  0.19    0.00    0.48 ^ _0863_/A0 (sky130_fd_sc_hd__mux2_2)
                  0.03    0.17    0.64 ^ _0863_/X (sky130_fd_sc_hd__mux2_2)
     1    0.00                           _0428_ (net)
                  0.03    0.00    0.64 ^ _0864_/A (sky130_fd_sc_hd__buf_1)
                  0.04    0.07    0.71 ^ _0864_/X (sky130_fd_sc_hd__buf_1)
     1    0.00                           _0135_ (net)
                  0.04    0.00    0.71 ^ _1061_/D (sky130_fd_sc_hd__dfrtp_2)
                                  0.71   data arrival time

                  0.15    0.00    0.00   clock w_clk (rise edge)
                          0.00    0.00   clock network delay (ideal)
                          0.25    0.25   clock uncertainty
                          0.00    0.25   clock reconvergence pessimism
                                  0.25 ^ _1061_/CLK (sky130_fd_sc_hd__dfrtp_2)
                         -0.02    0.23   library hold time
                                  0.23   data required time
-----------------------------------------------------------------------------
                                  0.23   data required time
                                 -0.71   data arrival time
-----------------------------------------------------------------------------
                                  0.48   slack (MET)


Startpoint: _1060_ (rising edge-triggered flip-flop clocked by w_clk)
Endpoint: _1060_ (rising edge-triggered flip-flop clocked by w_clk)
Path Group: w_clk
Path Type: min

Fanout     Cap    Slew   Delay    Time   Description
-----------------------------------------------------------------------------
                  0.15    0.00    0.00   clock w_clk (rise edge)
                          0.00    0.00   clock network delay (ideal)
                  0.15    0.00    0.00 ^ _1060_/CLK (sky130_fd_sc_hd__dfrtp_2)
                  0.04    0.39    0.39 v _1060_/Q (sky130_fd_sc_hd__dfrtp_2)
     1    0.00                           w_ptr_b[0] (net)
                  0.04    0.00    0.39 v _0453_/A (sky130_fd_sc_hd__buf_1)
                  0.22    0.23    0.62 v _0453_/X (sky130_fd_sc_hd__buf_1)
    13    0.04                           _0155_ (net)
                  0.22    0.00    0.62 v _0862_/A (sky130_fd_sc_hd__xor2_2)
                  0.06    0.18    0.80 ^ _0862_/X (sky130_fd_sc_hd__xor2_2)
     1    0.00                           _0134_ (net)
                  0.06    0.00    0.80 ^ _1060_/D (sky130_fd_sc_hd__dfrtp_2)
                                  0.80   data arrival time

                  0.15    0.00    0.00   clock w_clk (rise edge)
                          0.00    0.00   clock network delay (ideal)
                          0.25    0.25   clock uncertainty
                          0.00    0.25   clock reconvergence pessimism
                                  0.25 ^ _1060_/CLK (sky130_fd_sc_hd__dfrtp_2)
                         -0.02    0.23   library hold time
                                  0.23   data required time
-----------------------------------------------------------------------------
                                  0.23   data required time
                                 -0.80   data arrival time
-----------------------------------------------------------------------------
                                  0.57   slack (MET)


Startpoint: w_rst_n (input port clocked by w_clk)
Endpoint: _1018_ (removal check against rising-edge clock w_clk)
Path Group: asynchronous
Path Type: min

Fanout     Cap    Slew   Delay    Time   Description
-----------------------------------------------------------------------------
                  0.15    0.00    0.00   clock w_clk (rise edge)
                          0.00    0.00   clock network delay (ideal)
                          2.00    2.00 ^ input external delay
                  0.32    0.20    2.20 ^ w_rst_n (in)
    19    0.07                           w_rst_n (net)
                  0.32    0.00    2.20 ^ _1018_/RESET_B (sky130_fd_sc_hd__dfrtp_2)
                                  2.20   data arrival time

                  0.15    0.00    0.00   clock w_clk (rise edge)
                          0.00    0.00   clock network delay (ideal)
                          0.25    0.25   clock uncertainty
                          0.00    0.25   clock reconvergence pessimism
                                  0.25 ^ _1018_/CLK (sky130_fd_sc_hd__dfrtp_2)
                          0.42    0.67   library removal time
                                  0.67   data required time
-----------------------------------------------------------------------------
                                  0.67   data required time
                                 -2.20   data arrival time
-----------------------------------------------------------------------------
                                  1.53   slack (MET)


Startpoint: w_rst_n (input port clocked by w_clk)
Endpoint: _1019_ (removal check against rising-edge clock w_clk)
Path Group: asynchronous
Path Type: min

Fanout     Cap    Slew   Delay    Time   Description
-----------------------------------------------------------------------------
                  0.15    0.00    0.00   clock w_clk (rise edge)
                          0.00    0.00   clock network delay (ideal)
                          2.00    2.00 ^ input external delay
                  0.32    0.20    2.20 ^ w_rst_n (in)
    19    0.07                           w_rst_n (net)
                  0.32    0.00    2.20 ^ _1019_/RESET_B (sky130_fd_sc_hd__dfrtp_2)
                                  2.20   data arrival time

                  0.15    0.00    0.00   clock w_clk (rise edge)
                          0.00    0.00   clock network delay (ideal)
                          0.25    0.25   clock uncertainty
                          0.00    0.25   clock reconvergence pessimism
                                  0.25 ^ _1019_/CLK (sky130_fd_sc_hd__dfrtp_2)
                          0.42    0.67   library removal time
                                  0.67   data required time
-----------------------------------------------------------------------------
                                  0.67   data required time
                                 -2.20   data arrival time
-----------------------------------------------------------------------------
                                  1.53   slack (MET)


Startpoint: w_rst_n (input port clocked by w_clk)
Endpoint: _1020_ (removal check against rising-edge clock w_clk)
Path Group: asynchronous
Path Type: min

Fanout     Cap    Slew   Delay    Time   Description
-----------------------------------------------------------------------------
                  0.15    0.00    0.00   clock w_clk (rise edge)
                          0.00    0.00   clock network delay (ideal)
                          2.00    2.00 ^ input external delay
                  0.32    0.20    2.20 ^ w_rst_n (in)
    19    0.07                           w_rst_n (net)
                  0.32    0.00    2.20 ^ _1020_/RESET_B (sky130_fd_sc_hd__dfrtp_2)
                                  2.20   data arrival time

                  0.15    0.00    0.00   clock w_clk (rise edge)
                          0.00    0.00   clock network delay (ideal)
                          0.25    0.25   clock uncertainty
                          0.00    0.25   clock reconvergence pessimism
                                  0.25 ^ _1020_/CLK (sky130_fd_sc_hd__dfrtp_2)
                          0.42    0.67   library removal time
                                  0.67   data required time
-----------------------------------------------------------------------------
                                  0.67   data required time
                                 -2.20   data arrival time
-----------------------------------------------------------------------------
                                  1.53   slack (MET)


Startpoint: w_rst_n (input port clocked by w_clk)
Endpoint: _1021_ (removal check against rising-edge clock w_clk)
Path Group: asynchronous
Path Type: min

Fanout     Cap    Slew   Delay    Time   Description
-----------------------------------------------------------------------------
                  0.15    0.00    0.00   clock w_clk (rise edge)
                          0.00    0.00   clock network delay (ideal)
                          2.00    2.00 ^ input external delay
                  0.32    0.20    2.20 ^ w_rst_n (in)
    19    0.07                           w_rst_n (net)
                  0.32    0.00    2.20 ^ _1021_/RESET_B (sky130_fd_sc_hd__dfrtp_2)
                                  2.20   data arrival time

                  0.15    0.00    0.00   clock w_clk (rise edge)
                          0.00    0.00   clock network delay (ideal)
                          0.25    0.25   clock uncertainty
                          0.00    0.25   clock reconvergence pessimism
                                  0.25 ^ _1021_/CLK (sky130_fd_sc_hd__dfrtp_2)
                          0.42    0.67   library removal time
                                  0.67   data required time
-----------------------------------------------------------------------------
                                  0.67   data required time
                                 -2.20   data arrival time
-----------------------------------------------------------------------------
                                  1.53   slack (MET)


Startpoint: w_rst_n (input port clocked by w_clk)
Endpoint: _1022_ (removal check against rising-edge clock w_clk)
Path Group: asynchronous
Path Type: min

Fanout     Cap    Slew   Delay    Time   Description
-----------------------------------------------------------------------------
                  0.15    0.00    0.00   clock w_clk (rise edge)
                          0.00    0.00   clock network delay (ideal)
                          2.00    2.00 ^ input external delay
                  0.32    0.20    2.20 ^ w_rst_n (in)
    19    0.07                           w_rst_n (net)
                  0.32    0.00    2.20 ^ _1022_/RESET_B (sky130_fd_sc_hd__dfrtp_2)
                                  2.20   data arrival time

                  0.15    0.00    0.00   clock w_clk (rise edge)
                          0.00    0.00   clock network delay (ideal)
                          0.25    0.25   clock uncertainty
                          0.00    0.25   clock reconvergence pessimism
                                  0.25 ^ _1022_/CLK (sky130_fd_sc_hd__dfrtp_2)
                          0.42    0.67   library removal time
                                  0.67   data required time
-----------------------------------------------------------------------------
                                  0.67   data required time
                                 -2.20   data arrival time
-----------------------------------------------------------------------------
                                  1.53   slack (MET)


Startpoint: w_rst_n (input port clocked by w_clk)
Endpoint: _1041_ (removal check against rising-edge clock w_clk)
Path Group: asynchronous
Path Type: min

Fanout     Cap    Slew   Delay    Time   Description
-----------------------------------------------------------------------------
                  0.15    0.00    0.00   clock w_clk (rise edge)
                          0.00    0.00   clock network delay (ideal)
                          2.00    2.00 ^ input external delay
                  0.32    0.20    2.20 ^ w_rst_n (in)
    19    0.07                           w_rst_n (net)
                  0.32    0.00    2.20 ^ _1041_/RESET_B (sky130_fd_sc_hd__dfrtp_2)
                                  2.20   data arrival time

                  0.15    0.00    0.00   clock w_clk (rise edge)
                          0.00    0.00   clock network delay (ideal)
                          0.25    0.25   clock uncertainty
                          0.00    0.25   clock reconvergence pessimism
                                  0.25 ^ _1041_/CLK (sky130_fd_sc_hd__dfrtp_2)
                          0.42    0.67   library removal time
                                  0.67   data required time
-----------------------------------------------------------------------------
                                  0.67   data required time
                                 -2.20   data arrival time
-----------------------------------------------------------------------------
                                  1.53   slack (MET)


Startpoint: w_rst_n (input port clocked by w_clk)
Endpoint: _1042_ (removal check against rising-edge clock w_clk)
Path Group: asynchronous
Path Type: min

Fanout     Cap    Slew   Delay    Time   Description
-----------------------------------------------------------------------------
                  0.15    0.00    0.00   clock w_clk (rise edge)
                          0.00    0.00   clock network delay (ideal)
                          2.00    2.00 ^ input external delay
                  0.32    0.20    2.20 ^ w_rst_n (in)
    19    0.07                           w_rst_n (net)
                  0.32    0.00    2.20 ^ _1042_/RESET_B (sky130_fd_sc_hd__dfrtp_2)
                                  2.20   data arrival time

                  0.15    0.00    0.00   clock w_clk (rise edge)
                          0.00    0.00   clock network delay (ideal)
                          0.25    0.25   clock uncertainty
                          0.00    0.25   clock reconvergence pessimism
                                  0.25 ^ _1042_/CLK (sky130_fd_sc_hd__dfrtp_2)
                          0.42    0.67   library removal time
                                  0.67   data required time
-----------------------------------------------------------------------------
                                  0.67   data required time
                                 -2.20   data arrival time
-----------------------------------------------------------------------------
                                  1.53   slack (MET)


Startpoint: w_rst_n (input port clocked by w_clk)
Endpoint: _1043_ (removal check against rising-edge clock w_clk)
Path Group: asynchronous
Path Type: min

Fanout     Cap    Slew   Delay    Time   Description
-----------------------------------------------------------------------------
                  0.15    0.00    0.00   clock w_clk (rise edge)
                          0.00    0.00   clock network delay (ideal)
                          2.00    2.00 ^ input external delay
                  0.32    0.20    2.20 ^ w_rst_n (in)
    19    0.07                           w_rst_n (net)
                  0.32    0.00    2.20 ^ _1043_/RESET_B (sky130_fd_sc_hd__dfrtp_2)
                                  2.20   data arrival time

                  0.15    0.00    0.00   clock w_clk (rise edge)
                          0.00    0.00   clock network delay (ideal)
                          0.25    0.25   clock uncertainty
                          0.00    0.25   clock reconvergence pessimism
                                  0.25 ^ _1043_/CLK (sky130_fd_sc_hd__dfrtp_2)
                          0.42    0.67   library removal time
                                  0.67   data required time
-----------------------------------------------------------------------------
                                  0.67   data required time
                                 -2.20   data arrival time
-----------------------------------------------------------------------------
                                  1.53   slack (MET)


Startpoint: w_rst_n (input port clocked by w_clk)
Endpoint: _1044_ (removal check against rising-edge clock w_clk)
Path Group: asynchronous
Path Type: min

Fanout     Cap    Slew   Delay    Time   Description
-----------------------------------------------------------------------------
                  0.15    0.00    0.00   clock w_clk (rise edge)
                          0.00    0.00   clock network delay (ideal)
                          2.00    2.00 ^ input external delay
                  0.32    0.20    2.20 ^ w_rst_n (in)
    19    0.07                           w_rst_n (net)
                  0.32    0.00    2.20 ^ _1044_/RESET_B (sky130_fd_sc_hd__dfrtp_2)
                                  2.20   data arrival time

                  0.15    0.00    0.00   clock w_clk (rise edge)
                          0.00    0.00   clock network delay (ideal)
                          0.25    0.25   clock uncertainty
                          0.00    0.25   clock reconvergence pessimism
                                  0.25 ^ _1044_/CLK (sky130_fd_sc_hd__dfrtp_2)
                          0.42    0.67   library removal time
                                  0.67   data required time
-----------------------------------------------------------------------------
                                  0.67   data required time
                                 -2.20   data arrival time
-----------------------------------------------------------------------------
                                  1.53   slack (MET)


Startpoint: w_rst_n (input port clocked by w_clk)
Endpoint: _1045_ (removal check against rising-edge clock w_clk)
Path Group: asynchronous
Path Type: min

Fanout     Cap    Slew   Delay    Time   Description
-----------------------------------------------------------------------------
                  0.15    0.00    0.00   clock w_clk (rise edge)
                          0.00    0.00   clock network delay (ideal)
                          2.00    2.00 ^ input external delay
                  0.32    0.20    2.20 ^ w_rst_n (in)
    19    0.07                           w_rst_n (net)
                  0.32    0.00    2.20 ^ _1045_/RESET_B (sky130_fd_sc_hd__dfrtp_2)
                                  2.20   data arrival time

                  0.15    0.00    0.00   clock w_clk (rise edge)
                          0.00    0.00   clock network delay (ideal)
                          0.25    0.25   clock uncertainty
                          0.00    0.25   clock reconvergence pessimism
                                  0.25 ^ _1045_/CLK (sky130_fd_sc_hd__dfrtp_2)
                          0.42    0.67   library removal time
                                  0.67   data required time
-----------------------------------------------------------------------------
                                  0.67   data required time
                                 -2.20   data arrival time
-----------------------------------------------------------------------------
                                  1.53   slack (MET)


Startpoint: w_rst_n (input port clocked by w_clk)
Endpoint: _1046_ (removal check against rising-edge clock w_clk)
Path Group: asynchronous
Path Type: min

Fanout     Cap    Slew   Delay    Time   Description
-----------------------------------------------------------------------------
                  0.15    0.00    0.00   clock w_clk (rise edge)
                          0.00    0.00   clock network delay (ideal)
                          2.00    2.00 ^ input external delay
                  0.32    0.20    2.20 ^ w_rst_n (in)
    19    0.07                           w_rst_n (net)
                  0.32    0.00    2.20 ^ _1046_/RESET_B (sky130_fd_sc_hd__dfrtp_2)
                                  2.20   data arrival time

                  0.15    0.00    0.00   clock w_clk (rise edge)
                          0.00    0.00   clock network delay (ideal)
                          0.25    0.25   clock uncertainty
                          0.00    0.25   clock reconvergence pessimism
                                  0.25 ^ _1046_/CLK (sky130_fd_sc_hd__dfrtp_2)
                          0.42    0.67   library removal time
                                  0.67   data required time
-----------------------------------------------------------------------------
                                  0.67   data required time
                                 -2.20   data arrival time
-----------------------------------------------------------------------------
                                  1.53   slack (MET)


Startpoint: w_rst_n (input port clocked by w_clk)
Endpoint: _1047_ (removal check against rising-edge clock w_clk)
Path Group: asynchronous
Path Type: min

Fanout     Cap    Slew   Delay    Time   Description
-----------------------------------------------------------------------------
                  0.15    0.00    0.00   clock w_clk (rise edge)
                          0.00    0.00   clock network delay (ideal)
                          2.00    2.00 ^ input external delay
                  0.32    0.20    2.20 ^ w_rst_n (in)
    19    0.07                           w_rst_n (net)
                  0.32    0.00    2.20 ^ _1047_/RESET_B (sky130_fd_sc_hd__dfrtp_2)
                                  2.20   data arrival time

                  0.15    0.00    0.00   clock w_clk (rise edge)
                          0.00    0.00   clock network delay (ideal)
                          0.25    0.25   clock uncertainty
                          0.00    0.25   clock reconvergence pessimism
                                  0.25 ^ _1047_/CLK (sky130_fd_sc_hd__dfrtp_2)
                          0.42    0.67   library removal time
                                  0.67   data required time
-----------------------------------------------------------------------------
                                  0.67   data required time
                                 -2.20   data arrival time
-----------------------------------------------------------------------------
                                  1.53   slack (MET)


Startpoint: w_rst_n (input port clocked by w_clk)
Endpoint: _1048_ (removal check against rising-edge clock w_clk)
Path Group: asynchronous
Path Type: min

Fanout     Cap    Slew   Delay    Time   Description
-----------------------------------------------------------------------------
                  0.15    0.00    0.00   clock w_clk (rise edge)
                          0.00    0.00   clock network delay (ideal)
                          2.00    2.00 ^ input external delay
                  0.32    0.20    2.20 ^ w_rst_n (in)
    19    0.07                           w_rst_n (net)
                  0.32    0.00    2.20 ^ _1048_/RESET_B (sky130_fd_sc_hd__dfrtp_2)
                                  2.20   data arrival time

                  0.15    0.00    0.00   clock w_clk (rise edge)
                          0.00    0.00   clock network delay (ideal)
                          0.25    0.25   clock uncertainty
                          0.00    0.25   clock reconvergence pessimism
                                  0.25 ^ _1048_/CLK (sky130_fd_sc_hd__dfrtp_2)
                          0.42    0.67   library removal time
                                  0.67   data required time
-----------------------------------------------------------------------------
                                  0.67   data required time
                                 -2.20   data arrival time
-----------------------------------------------------------------------------
                                  1.53   slack (MET)


Startpoint: w_rst_n (input port clocked by w_clk)
Endpoint: _1049_ (removal check against rising-edge clock w_clk)
Path Group: asynchronous
Path Type: min

Fanout     Cap    Slew   Delay    Time   Description
-----------------------------------------------------------------------------
                  0.15    0.00    0.00   clock w_clk (rise edge)
                          0.00    0.00   clock network delay (ideal)
                          2.00    2.00 ^ input external delay
                  0.32    0.20    2.20 ^ w_rst_n (in)
    19    0.07                           w_rst_n (net)
                  0.32    0.00    2.20 ^ _1049_/RESET_B (sky130_fd_sc_hd__dfrtp_2)
                                  2.20   data arrival time

                  0.15    0.00    0.00   clock w_clk (rise edge)
                          0.00    0.00   clock network delay (ideal)
                          0.25    0.25   clock uncertainty
                          0.00    0.25   clock reconvergence pessimism
                                  0.25 ^ _1049_/CLK (sky130_fd_sc_hd__dfrtp_2)
                          0.42    0.67   library removal time
                                  0.67   data required time
-----------------------------------------------------------------------------
                                  0.67   data required time
                                 -2.20   data arrival time
-----------------------------------------------------------------------------
                                  1.53   slack (MET)


Startpoint: w_rst_n (input port clocked by w_clk)
Endpoint: _1050_ (removal check against rising-edge clock w_clk)
Path Group: asynchronous
Path Type: min

Fanout     Cap    Slew   Delay    Time   Description
-----------------------------------------------------------------------------
                  0.15    0.00    0.00   clock w_clk (rise edge)
                          0.00    0.00   clock network delay (ideal)
                          2.00    2.00 ^ input external delay
                  0.32    0.20    2.20 ^ w_rst_n (in)
    19    0.07                           w_rst_n (net)
                  0.32    0.00    2.20 ^ _1050_/RESET_B (sky130_fd_sc_hd__dfrtp_2)
                                  2.20   data arrival time

                  0.15    0.00    0.00   clock w_clk (rise edge)
                          0.00    0.00   clock network delay (ideal)
                          0.25    0.25   clock uncertainty
                          0.00    0.25   clock reconvergence pessimism
                                  0.25 ^ _1050_/CLK (sky130_fd_sc_hd__dfrtp_2)
                          0.42    0.67   library removal time
                                  0.67   data required time
-----------------------------------------------------------------------------
                                  0.67   data required time
                                 -2.20   data arrival time
-----------------------------------------------------------------------------
                                  1.53   slack (MET)


Startpoint: w_rst_n (input port clocked by w_clk)
Endpoint: _1060_ (removal check against rising-edge clock w_clk)
Path Group: asynchronous
Path Type: min

Fanout     Cap    Slew   Delay    Time   Description
-----------------------------------------------------------------------------
                  0.15    0.00    0.00   clock w_clk (rise edge)
                          0.00    0.00   clock network delay (ideal)
                          2.00    2.00 ^ input external delay
                  0.32    0.20    2.20 ^ w_rst_n (in)
    19    0.07                           w_rst_n (net)
                  0.32    0.00    2.20 ^ _1060_/RESET_B (sky130_fd_sc_hd__dfrtp_2)
                                  2.20   data arrival time

                  0.15    0.00    0.00   clock w_clk (rise edge)
                          0.00    0.00   clock network delay (ideal)
                          0.25    0.25   clock uncertainty
                          0.00    0.25   clock reconvergence pessimism
                                  0.25 ^ _1060_/CLK (sky130_fd_sc_hd__dfrtp_2)
                          0.42    0.67   library removal time
                                  0.67   data required time
-----------------------------------------------------------------------------
                                  0.67   data required time
                                 -2.20   data arrival time
-----------------------------------------------------------------------------
                                  1.53   slack (MET)


Startpoint: w_rst_n (input port clocked by w_clk)
Endpoint: _1061_ (removal check against rising-edge clock w_clk)
Path Group: asynchronous
Path Type: min

Fanout     Cap    Slew   Delay    Time   Description
-----------------------------------------------------------------------------
                  0.15    0.00    0.00   clock w_clk (rise edge)
                          0.00    0.00   clock network delay (ideal)
                          2.00    2.00 ^ input external delay
                  0.32    0.20    2.20 ^ w_rst_n (in)
    19    0.07                           w_rst_n (net)
                  0.32    0.00    2.20 ^ _1061_/RESET_B (sky130_fd_sc_hd__dfrtp_2)
                                  2.20   data arrival time

                  0.15    0.00    0.00   clock w_clk (rise edge)
                          0.00    0.00   clock network delay (ideal)
                          0.25    0.25   clock uncertainty
                          0.00    0.25   clock reconvergence pessimism
                                  0.25 ^ _1061_/CLK (sky130_fd_sc_hd__dfrtp_2)
                          0.42    0.67   library removal time
                                  0.67   data required time
-----------------------------------------------------------------------------
                                  0.67   data required time
                                 -2.20   data arrival time
-----------------------------------------------------------------------------
                                  1.53   slack (MET)


Startpoint: w_rst_n (input port clocked by w_clk)
Endpoint: _1062_ (removal check against rising-edge clock w_clk)
Path Group: asynchronous
Path Type: min

Fanout     Cap    Slew   Delay    Time   Description
-----------------------------------------------------------------------------
                  0.15    0.00    0.00   clock w_clk (rise edge)
                          0.00    0.00   clock network delay (ideal)
                          2.00    2.00 ^ input external delay
                  0.32    0.20    2.20 ^ w_rst_n (in)
    19    0.07                           w_rst_n (net)
                  0.32    0.00    2.20 ^ _1062_/RESET_B (sky130_fd_sc_hd__dfrtp_2)
                                  2.20   data arrival time

                  0.15    0.00    0.00   clock w_clk (rise edge)
                          0.00    0.00   clock network delay (ideal)
                          0.25    0.25   clock uncertainty
                          0.00    0.25   clock reconvergence pessimism
                                  0.25 ^ _1062_/CLK (sky130_fd_sc_hd__dfrtp_2)
                          0.42    0.67   library removal time
                                  0.67   data required time
-----------------------------------------------------------------------------
                                  0.67   data required time
                                 -2.20   data arrival time
-----------------------------------------------------------------------------
                                  1.53   slack (MET)


Startpoint: w_rst_n (input port clocked by w_clk)
Endpoint: _1063_ (removal check against rising-edge clock w_clk)
Path Group: asynchronous
Path Type: min

Fanout     Cap    Slew   Delay    Time   Description
-----------------------------------------------------------------------------
                  0.15    0.00    0.00   clock w_clk (rise edge)
                          0.00    0.00   clock network delay (ideal)
                          2.00    2.00 ^ input external delay
                  0.32    0.20    2.20 ^ w_rst_n (in)
    19    0.07                           w_rst_n (net)
                  0.32    0.00    2.20 ^ _1063_/RESET_B (sky130_fd_sc_hd__dfrtp_2)
                                  2.20   data arrival time

                  0.15    0.00    0.00   clock w_clk (rise edge)
                          0.00    0.00   clock network delay (ideal)
                          0.25    0.25   clock uncertainty
                          0.00    0.25   clock reconvergence pessimism
                                  0.25 ^ _1063_/CLK (sky130_fd_sc_hd__dfrtp_2)
                          0.42    0.67   library removal time
                                  0.67   data required time
-----------------------------------------------------------------------------
                                  0.67   data required time
                                 -2.20   data arrival time
-----------------------------------------------------------------------------
                                  1.53   slack (MET)


Startpoint: _1049_ (rising edge-triggered flip-flop clocked by w_clk)
Endpoint: full (output port clocked by w_clk)
Path Group: w_clk
Path Type: min

Fanout     Cap    Slew   Delay    Time   Description
-----------------------------------------------------------------------------
                  0.15    0.00    0.00   clock w_clk (rise edge)
                          0.00    0.00   clock network delay (ideal)
                  0.15    0.00    0.00 ^ _1049_/CLK (sky130_fd_sc_hd__dfrtp_2)
                  0.07    0.38    0.38 ^ _1049_/Q (sky130_fd_sc_hd__dfrtp_2)
     1    0.01                           r_ptr_g_sync2[3] (net)
                  0.07    0.00    0.38 ^ _0460_/A (sky130_fd_sc_hd__xnor2_2)
                  0.06    0.08    0.46 v _0460_/Y (sky130_fd_sc_hd__xnor2_2)
     4    0.01                           _0162_ (net)
                  0.06    0.00    0.46 v _0461_/A (sky130_fd_sc_hd__buf_1)
                  0.22    0.23    0.69 v _0461_/X (sky130_fd_sc_hd__buf_1)
    16    0.04                           _0163_ (net)
                  0.22    0.00    0.69 v _0475_/A (sky130_fd_sc_hd__nor2_2)
                  0.37    0.37    1.06 ^ _0475_/Y (sky130_fd_sc_hd__nor2_2)
     1    0.03                           full (net)
                  0.37    0.00    1.06 ^ full (out)
                                  1.06   data arrival time

                  0.15    0.00    0.00   clock w_clk (rise edge)
                          0.00    0.00   clock network delay (ideal)
                          0.25    0.25   clock uncertainty
                          0.00    0.25   clock reconvergence pessimism
                         -2.00   -1.75   output external delay
                                 -1.75   data required time
-----------------------------------------------------------------------------
                                 -1.75   data required time
                                 -1.06   data arrival time
-----------------------------------------------------------------------------
                                  2.81   slack (MET)



min_report_end
max_report

===========================================================================
report_checks -path_delay max (Setup)
============================================================================
======================= Typical Corner ===================================

Startpoint: _1060_ (rising edge-triggered flip-flop clocked by w_clk)
Endpoint: full (output port clocked by w_clk)
Path Group: w_clk
Path Type: max

Fanout     Cap    Slew   Delay    Time   Description
-----------------------------------------------------------------------------
                  0.15    0.00    0.00   clock w_clk (rise edge)
                          0.00    0.00   clock network delay (ideal)
                  0.15    0.00    0.00 ^ _1060_/CLK (sky130_fd_sc_hd__dfrtp_2)
                  0.04    0.43    0.43 v _1060_/Q (sky130_fd_sc_hd__dfrtp_2)
     1    0.00                           w_ptr_b[0] (net)
                  0.04    0.00    0.43 v _0453_/A (sky130_fd_sc_hd__buf_1)
                  0.22    0.25    0.68 v _0453_/X (sky130_fd_sc_hd__buf_1)
    13    0.04                           _0155_ (net)
                  0.22    0.00    0.68 v _0456_/A (sky130_fd_sc_hd__and3_2)
                  0.04    0.26    0.94 v _0456_/X (sky130_fd_sc_hd__and3_2)
     1    0.00                           _0158_ (net)
                  0.04    0.00    0.94 v _0457_/A (sky130_fd_sc_hd__buf_1)
                  0.12    0.17    1.11 v _0457_/X (sky130_fd_sc_hd__buf_1)
     5    0.02                           _0159_ (net)
                  0.12    0.00    1.11 v _0465_/A (sky130_fd_sc_hd__or3_2)
                  0.11    0.56    1.67 v _0465_/X (sky130_fd_sc_hd__or3_2)
     3    0.01                           _0167_ (net)
                  0.11    0.00    1.67 v _0466_/A2 (sky130_fd_sc_hd__a21bo_2)
                  0.03    0.24    1.91 v _0466_/X (sky130_fd_sc_hd__a21bo_2)
     1    0.00                           _0168_ (net)
                  0.03    0.00    1.91 v _0473_/A1 (sky130_fd_sc_hd__a2111o_2)
                  0.08    0.45    2.36 v _0473_/X (sky130_fd_sc_hd__a2111o_2)
     4    0.01                           _0175_ (net)
                  0.08    0.00    2.36 v _0474_/A (sky130_fd_sc_hd__buf_1)
                  0.21    0.26    2.62 v _0474_/X (sky130_fd_sc_hd__buf_1)
    16    0.04                           _0176_ (net)
                  0.21    0.00    2.62 v _0475_/B (sky130_fd_sc_hd__nor2_2)
                  0.38    0.38    3.01 ^ _0475_/Y (sky130_fd_sc_hd__nor2_2)
     1    0.03                           full (net)
                  0.38    0.00    3.01 ^ full (out)
                                  3.01   data arrival time

                  0.15   10.00   10.00   clock w_clk (rise edge)
                          0.00   10.00   clock network delay (ideal)
                         -0.25    9.75   clock uncertainty
                          0.00    9.75   clock reconvergence pessimism
                         -2.00    7.75   output external delay
                                  7.75   data required time
-----------------------------------------------------------------------------
                                  7.75   data required time
                                 -3.01   data arrival time
-----------------------------------------------------------------------------
                                  4.74   slack (MET)


Startpoint: _1060_ (rising edge-triggered flip-flop clocked by w_clk)
Endpoint: _0906_ (rising edge-triggered flip-flop clocked by w_clk)
Path Group: w_clk
Path Type: max

Fanout     Cap    Slew   Delay    Time   Description
-----------------------------------------------------------------------------
                  0.15    0.00    0.00   clock w_clk (rise edge)
                          0.00    0.00   clock network delay (ideal)
                  0.15    0.00    0.00 ^ _1060_/CLK (sky130_fd_sc_hd__dfrtp_2)
                  0.04    0.43    0.43 v _1060_/Q (sky130_fd_sc_hd__dfrtp_2)
     1    0.00                           w_ptr_b[0] (net)
                  0.04    0.00    0.43 v _0453_/A (sky130_fd_sc_hd__buf_1)
                  0.22    0.25    0.68 v _0453_/X (sky130_fd_sc_hd__buf_1)
    13    0.04                           _0155_ (net)
                  0.22    0.00    0.68 v _0456_/A (sky130_fd_sc_hd__and3_2)
                  0.04    0.26    0.94 v _0456_/X (sky130_fd_sc_hd__and3_2)
     1    0.00                           _0158_ (net)
                  0.04    0.00    0.94 v _0457_/A (sky130_fd_sc_hd__buf_1)
                  0.12    0.17    1.11 v _0457_/X (sky130_fd_sc_hd__buf_1)
     5    0.02                           _0159_ (net)
                  0.12    0.00    1.11 v _0465_/A (sky130_fd_sc_hd__or3_2)
                  0.11    0.56    1.67 v _0465_/X (sky130_fd_sc_hd__or3_2)
     3    0.01                           _0167_ (net)
                  0.11    0.00    1.67 v _0466_/A2 (sky130_fd_sc_hd__a21bo_2)
                  0.03    0.24    1.91 v _0466_/X (sky130_fd_sc_hd__a21bo_2)
     1    0.00                           _0168_ (net)
                  0.03    0.00    1.91 v _0473_/A1 (sky130_fd_sc_hd__a2111o_2)
                  0.08    0.45    2.36 v _0473_/X (sky130_fd_sc_hd__a2111o_2)
     4    0.01                           _0175_ (net)
                  0.08    0.00    2.36 v _0474_/A (sky130_fd_sc_hd__buf_1)
                  0.21    0.26    2.62 v _0474_/X (sky130_fd_sc_hd__buf_1)
    16    0.04                           _0176_ (net)
                  0.21    0.00    2.62 v _0489_/A2 (sky130_fd_sc_hd__o211a_2)
                  0.09    0.39    3.01 v _0489_/X (sky130_fd_sc_hd__o211a_2)
     8    0.02                           _0189_ (net)
                  0.09    0.00    3.01 v _0490_/S (sky130_fd_sc_hd__mux2_2)
                  0.05    0.29    3.30 v _0490_/X (sky130_fd_sc_hd__mux2_2)
     1    0.00                           _0190_ (net)
                  0.05    0.00    3.30 v _0491_/A (sky130_fd_sc_hd__buf_1)
                  0.02    0.09    3.38 v _0491_/X (sky130_fd_sc_hd__buf_1)
     1    0.00                           _0000_ (net)
                  0.02    0.00    3.38 v _0906_/D (sky130_fd_sc_hd__dfxtp_2)
                                  3.38   data arrival time

                  0.15   10.00   10.00   clock w_clk (rise edge)
                          0.00   10.00   clock network delay (ideal)
                         -0.25    9.75   clock uncertainty
                          0.00    9.75   clock reconvergence pessimism
                                  9.75 ^ _0906_/CLK (sky130_fd_sc_hd__dfxtp_2)
                         -0.08    9.67   library setup time
                                  9.67   data required time
-----------------------------------------------------------------------------
                                  9.67   data required time
                                 -3.38   data arrival time
-----------------------------------------------------------------------------
                                  6.29   slack (MET)


Startpoint: _1060_ (rising edge-triggered flip-flop clocked by w_clk)
Endpoint: _0907_ (rising edge-triggered flip-flop clocked by w_clk)
Path Group: w_clk
Path Type: max

Fanout     Cap    Slew   Delay    Time   Description
-----------------------------------------------------------------------------
                  0.15    0.00    0.00   clock w_clk (rise edge)
                          0.00    0.00   clock network delay (ideal)
                  0.15    0.00    0.00 ^ _1060_/CLK (sky130_fd_sc_hd__dfrtp_2)
                  0.04    0.43    0.43 v _1060_/Q (sky130_fd_sc_hd__dfrtp_2)
     1    0.00                           w_ptr_b[0] (net)
                  0.04    0.00    0.43 v _0453_/A (sky130_fd_sc_hd__buf_1)
                  0.22    0.25    0.68 v _0453_/X (sky130_fd_sc_hd__buf_1)
    13    0.04                           _0155_ (net)
                  0.22    0.00    0.68 v _0456_/A (sky130_fd_sc_hd__and3_2)
                  0.04    0.26    0.94 v _0456_/X (sky130_fd_sc_hd__and3_2)
     1    0.00                           _0158_ (net)
                  0.04    0.00    0.94 v _0457_/A (sky130_fd_sc_hd__buf_1)
                  0.12    0.17    1.11 v _0457_/X (sky130_fd_sc_hd__buf_1)
     5    0.02                           _0159_ (net)
                  0.12    0.00    1.11 v _0465_/A (sky130_fd_sc_hd__or3_2)
                  0.11    0.56    1.67 v _0465_/X (sky130_fd_sc_hd__or3_2)
     3    0.01                           _0167_ (net)
                  0.11    0.00    1.67 v _0466_/A2 (sky130_fd_sc_hd__a21bo_2)
                  0.03    0.24    1.91 v _0466_/X (sky130_fd_sc_hd__a21bo_2)
     1    0.00                           _0168_ (net)
                  0.03    0.00    1.91 v _0473_/A1 (sky130_fd_sc_hd__a2111o_2)
                  0.08    0.45    2.36 v _0473_/X (sky130_fd_sc_hd__a2111o_2)
     4    0.01                           _0175_ (net)
                  0.08    0.00    2.36 v _0474_/A (sky130_fd_sc_hd__buf_1)
                  0.21    0.26    2.62 v _0474_/X (sky130_fd_sc_hd__buf_1)
    16    0.04                           _0176_ (net)
                  0.21    0.00    2.62 v _0489_/A2 (sky130_fd_sc_hd__o211a_2)
                  0.09    0.39    3.01 v _0489_/X (sky130_fd_sc_hd__o211a_2)
     8    0.02                           _0189_ (net)
                  0.09    0.00    3.01 v _0492_/S (sky130_fd_sc_hd__mux2_2)
                  0.05    0.29    3.30 v _0492_/X (sky130_fd_sc_hd__mux2_2)
     1    0.00                           _0191_ (net)
                  0.05    0.00    3.30 v _0493_/A (sky130_fd_sc_hd__buf_1)
                  0.02    0.09    3.38 v _0493_/X (sky130_fd_sc_hd__buf_1)
     1    0.00                           _0001_ (net)
                  0.02    0.00    3.38 v _0907_/D (sky130_fd_sc_hd__dfxtp_2)
                                  3.38   data arrival time

                  0.15   10.00   10.00   clock w_clk (rise edge)
                          0.00   10.00   clock network delay (ideal)
                         -0.25    9.75   clock uncertainty
                          0.00    9.75   clock reconvergence pessimism
                                  9.75 ^ _0907_/CLK (sky130_fd_sc_hd__dfxtp_2)
                         -0.08    9.67   library setup time
                                  9.67   data required time
-----------------------------------------------------------------------------
                                  9.67   data required time
                                 -3.38   data arrival time
-----------------------------------------------------------------------------
                                  6.29   slack (MET)


Startpoint: _1060_ (rising edge-triggered flip-flop clocked by w_clk)
Endpoint: _0908_ (rising edge-triggered flip-flop clocked by w_clk)
Path Group: w_clk
Path Type: max

Fanout     Cap    Slew   Delay    Time   Description
-----------------------------------------------------------------------------
                  0.15    0.00    0.00   clock w_clk (rise edge)
                          0.00    0.00   clock network delay (ideal)
                  0.15    0.00    0.00 ^ _1060_/CLK (sky130_fd_sc_hd__dfrtp_2)
                  0.04    0.43    0.43 v _1060_/Q (sky130_fd_sc_hd__dfrtp_2)
     1    0.00                           w_ptr_b[0] (net)
                  0.04    0.00    0.43 v _0453_/A (sky130_fd_sc_hd__buf_1)
                  0.22    0.25    0.68 v _0453_/X (sky130_fd_sc_hd__buf_1)
    13    0.04                           _0155_ (net)
                  0.22    0.00    0.68 v _0456_/A (sky130_fd_sc_hd__and3_2)
                  0.04    0.26    0.94 v _0456_/X (sky130_fd_sc_hd__and3_2)
     1    0.00                           _0158_ (net)
                  0.04    0.00    0.94 v _0457_/A (sky130_fd_sc_hd__buf_1)
                  0.12    0.17    1.11 v _0457_/X (sky130_fd_sc_hd__buf_1)
     5    0.02                           _0159_ (net)
                  0.12    0.00    1.11 v _0465_/A (sky130_fd_sc_hd__or3_2)
                  0.11    0.56    1.67 v _0465_/X (sky130_fd_sc_hd__or3_2)
     3    0.01                           _0167_ (net)
                  0.11    0.00    1.67 v _0466_/A2 (sky130_fd_sc_hd__a21bo_2)
                  0.03    0.24    1.91 v _0466_/X (sky130_fd_sc_hd__a21bo_2)
     1    0.00                           _0168_ (net)
                  0.03    0.00    1.91 v _0473_/A1 (sky130_fd_sc_hd__a2111o_2)
                  0.08    0.45    2.36 v _0473_/X (sky130_fd_sc_hd__a2111o_2)
     4    0.01                           _0175_ (net)
                  0.08    0.00    2.36 v _0474_/A (sky130_fd_sc_hd__buf_1)
                  0.21    0.26    2.62 v _0474_/X (sky130_fd_sc_hd__buf_1)
    16    0.04                           _0176_ (net)
                  0.21    0.00    2.62 v _0489_/A2 (sky130_fd_sc_hd__o211a_2)
                  0.09    0.39    3.01 v _0489_/X (sky130_fd_sc_hd__o211a_2)
     8    0.02                           _0189_ (net)
                  0.09    0.00    3.01 v _0494_/S (sky130_fd_sc_hd__mux2_2)
                  0.05    0.29    3.30 v _0494_/X (sky130_fd_sc_hd__mux2_2)
     1    0.00                           _0192_ (net)
                  0.05    0.00    3.30 v _0495_/A (sky130_fd_sc_hd__buf_1)
                  0.02    0.09    3.38 v _0495_/X (sky130_fd_sc_hd__buf_1)
     1    0.00                           _0002_ (net)
                  0.02    0.00    3.38 v _0908_/D (sky130_fd_sc_hd__dfxtp_2)
                                  3.38   data arrival time

                  0.15   10.00   10.00   clock w_clk (rise edge)
                          0.00   10.00   clock network delay (ideal)
                         -0.25    9.75   clock uncertainty
                          0.00    9.75   clock reconvergence pessimism
                                  9.75 ^ _0908_/CLK (sky130_fd_sc_hd__dfxtp_2)
                         -0.08    9.67   library setup time
                                  9.67   data required time
-----------------------------------------------------------------------------
                                  9.67   data required time
                                 -3.38   data arrival time
-----------------------------------------------------------------------------
                                  6.29   slack (MET)


Startpoint: _1060_ (rising edge-triggered flip-flop clocked by w_clk)
Endpoint: _0909_ (rising edge-triggered flip-flop clocked by w_clk)
Path Group: w_clk
Path Type: max

Fanout     Cap    Slew   Delay    Time   Description
-----------------------------------------------------------------------------
                  0.15    0.00    0.00   clock w_clk (rise edge)
                          0.00    0.00   clock network delay (ideal)
                  0.15    0.00    0.00 ^ _1060_/CLK (sky130_fd_sc_hd__dfrtp_2)
                  0.04    0.43    0.43 v _1060_/Q (sky130_fd_sc_hd__dfrtp_2)
     1    0.00                           w_ptr_b[0] (net)
                  0.04    0.00    0.43 v _0453_/A (sky130_fd_sc_hd__buf_1)
                  0.22    0.25    0.68 v _0453_/X (sky130_fd_sc_hd__buf_1)
    13    0.04                           _0155_ (net)
                  0.22    0.00    0.68 v _0456_/A (sky130_fd_sc_hd__and3_2)
                  0.04    0.26    0.94 v _0456_/X (sky130_fd_sc_hd__and3_2)
     1    0.00                           _0158_ (net)
                  0.04    0.00    0.94 v _0457_/A (sky130_fd_sc_hd__buf_1)
                  0.12    0.17    1.11 v _0457_/X (sky130_fd_sc_hd__buf_1)
     5    0.02                           _0159_ (net)
                  0.12    0.00    1.11 v _0465_/A (sky130_fd_sc_hd__or3_2)
                  0.11    0.56    1.67 v _0465_/X (sky130_fd_sc_hd__or3_2)
     3    0.01                           _0167_ (net)
                  0.11    0.00    1.67 v _0466_/A2 (sky130_fd_sc_hd__a21bo_2)
                  0.03    0.24    1.91 v _0466_/X (sky130_fd_sc_hd__a21bo_2)
     1    0.00                           _0168_ (net)
                  0.03    0.00    1.91 v _0473_/A1 (sky130_fd_sc_hd__a2111o_2)
                  0.08    0.45    2.36 v _0473_/X (sky130_fd_sc_hd__a2111o_2)
     4    0.01                           _0175_ (net)
                  0.08    0.00    2.36 v _0474_/A (sky130_fd_sc_hd__buf_1)
                  0.21    0.26    2.62 v _0474_/X (sky130_fd_sc_hd__buf_1)
    16    0.04                           _0176_ (net)
                  0.21    0.00    2.62 v _0489_/A2 (sky130_fd_sc_hd__o211a_2)
                  0.09    0.39    3.01 v _0489_/X (sky130_fd_sc_hd__o211a_2)
     8    0.02                           _0189_ (net)
                  0.09    0.00    3.01 v _0496_/S (sky130_fd_sc_hd__mux2_2)
                  0.05    0.29    3.30 v _0496_/X (sky130_fd_sc_hd__mux2_2)
     1    0.00                           _0193_ (net)
                  0.05    0.00    3.30 v _0497_/A (sky130_fd_sc_hd__buf_1)
                  0.02    0.09    3.38 v _0497_/X (sky130_fd_sc_hd__buf_1)
     1    0.00                           _0003_ (net)
                  0.02    0.00    3.38 v _0909_/D (sky130_fd_sc_hd__dfxtp_2)
                                  3.38   data arrival time

                  0.15   10.00   10.00   clock w_clk (rise edge)
                          0.00   10.00   clock network delay (ideal)
                         -0.25    9.75   clock uncertainty
                          0.00    9.75   clock reconvergence pessimism
                                  9.75 ^ _0909_/CLK (sky130_fd_sc_hd__dfxtp_2)
                         -0.08    9.67   library setup time
                                  9.67   data required time
-----------------------------------------------------------------------------
                                  9.67   data required time
                                 -3.38   data arrival time
-----------------------------------------------------------------------------
                                  6.29   slack (MET)


Startpoint: _1060_ (rising edge-triggered flip-flop clocked by w_clk)
Endpoint: _0910_ (rising edge-triggered flip-flop clocked by w_clk)
Path Group: w_clk
Path Type: max

Fanout     Cap    Slew   Delay    Time   Description
-----------------------------------------------------------------------------
                  0.15    0.00    0.00   clock w_clk (rise edge)
                          0.00    0.00   clock network delay (ideal)
                  0.15    0.00    0.00 ^ _1060_/CLK (sky130_fd_sc_hd__dfrtp_2)
                  0.04    0.43    0.43 v _1060_/Q (sky130_fd_sc_hd__dfrtp_2)
     1    0.00                           w_ptr_b[0] (net)
                  0.04    0.00    0.43 v _0453_/A (sky130_fd_sc_hd__buf_1)
                  0.22    0.25    0.68 v _0453_/X (sky130_fd_sc_hd__buf_1)
    13    0.04                           _0155_ (net)
                  0.22    0.00    0.68 v _0456_/A (sky130_fd_sc_hd__and3_2)
                  0.04    0.26    0.94 v _0456_/X (sky130_fd_sc_hd__and3_2)
     1    0.00                           _0158_ (net)
                  0.04    0.00    0.94 v _0457_/A (sky130_fd_sc_hd__buf_1)
                  0.12    0.17    1.11 v _0457_/X (sky130_fd_sc_hd__buf_1)
     5    0.02                           _0159_ (net)
                  0.12    0.00    1.11 v _0465_/A (sky130_fd_sc_hd__or3_2)
                  0.11    0.56    1.67 v _0465_/X (sky130_fd_sc_hd__or3_2)
     3    0.01                           _0167_ (net)
                  0.11    0.00    1.67 v _0466_/A2 (sky130_fd_sc_hd__a21bo_2)
                  0.03    0.24    1.91 v _0466_/X (sky130_fd_sc_hd__a21bo_2)
     1    0.00                           _0168_ (net)
                  0.03    0.00    1.91 v _0473_/A1 (sky130_fd_sc_hd__a2111o_2)
                  0.08    0.45    2.36 v _0473_/X (sky130_fd_sc_hd__a2111o_2)
     4    0.01                           _0175_ (net)
                  0.08    0.00    2.36 v _0474_/A (sky130_fd_sc_hd__buf_1)
                  0.21    0.26    2.62 v _0474_/X (sky130_fd_sc_hd__buf_1)
    16    0.04                           _0176_ (net)
                  0.21    0.00    2.62 v _0489_/A2 (sky130_fd_sc_hd__o211a_2)
                  0.09    0.39    3.01 v _0489_/X (sky130_fd_sc_hd__o211a_2)
     8    0.02                           _0189_ (net)
                  0.09    0.00    3.01 v _0498_/S (sky130_fd_sc_hd__mux2_2)
                  0.05    0.29    3.30 v _0498_/X (sky130_fd_sc_hd__mux2_2)
     1    0.00                           _0194_ (net)
                  0.05    0.00    3.30 v _0499_/A (sky130_fd_sc_hd__buf_1)
                  0.02    0.09    3.38 v _0499_/X (sky130_fd_sc_hd__buf_1)
     1    0.00                           _0004_ (net)
                  0.02    0.00    3.38 v _0910_/D (sky130_fd_sc_hd__dfxtp_2)
                                  3.38   data arrival time

                  0.15   10.00   10.00   clock w_clk (rise edge)
                          0.00   10.00   clock network delay (ideal)
                         -0.25    9.75   clock uncertainty
                          0.00    9.75   clock reconvergence pessimism
                                  9.75 ^ _0910_/CLK (sky130_fd_sc_hd__dfxtp_2)
                         -0.08    9.67   library setup time
                                  9.67   data required time
-----------------------------------------------------------------------------
                                  9.67   data required time
                                 -3.38   data arrival time
-----------------------------------------------------------------------------
                                  6.29   slack (MET)


Startpoint: _1060_ (rising edge-triggered flip-flop clocked by w_clk)
Endpoint: _0911_ (rising edge-triggered flip-flop clocked by w_clk)
Path Group: w_clk
Path Type: max

Fanout     Cap    Slew   Delay    Time   Description
-----------------------------------------------------------------------------
                  0.15    0.00    0.00   clock w_clk (rise edge)
                          0.00    0.00   clock network delay (ideal)
                  0.15    0.00    0.00 ^ _1060_/CLK (sky130_fd_sc_hd__dfrtp_2)
                  0.04    0.43    0.43 v _1060_/Q (sky130_fd_sc_hd__dfrtp_2)
     1    0.00                           w_ptr_b[0] (net)
                  0.04    0.00    0.43 v _0453_/A (sky130_fd_sc_hd__buf_1)
                  0.22    0.25    0.68 v _0453_/X (sky130_fd_sc_hd__buf_1)
    13    0.04                           _0155_ (net)
                  0.22    0.00    0.68 v _0456_/A (sky130_fd_sc_hd__and3_2)
                  0.04    0.26    0.94 v _0456_/X (sky130_fd_sc_hd__and3_2)
     1    0.00                           _0158_ (net)
                  0.04    0.00    0.94 v _0457_/A (sky130_fd_sc_hd__buf_1)
                  0.12    0.17    1.11 v _0457_/X (sky130_fd_sc_hd__buf_1)
     5    0.02                           _0159_ (net)
                  0.12    0.00    1.11 v _0465_/A (sky130_fd_sc_hd__or3_2)
                  0.11    0.56    1.67 v _0465_/X (sky130_fd_sc_hd__or3_2)
     3    0.01                           _0167_ (net)
                  0.11    0.00    1.67 v _0466_/A2 (sky130_fd_sc_hd__a21bo_2)
                  0.03    0.24    1.91 v _0466_/X (sky130_fd_sc_hd__a21bo_2)
     1    0.00                           _0168_ (net)
                  0.03    0.00    1.91 v _0473_/A1 (sky130_fd_sc_hd__a2111o_2)
                  0.08    0.45    2.36 v _0473_/X (sky130_fd_sc_hd__a2111o_2)
     4    0.01                           _0175_ (net)
                  0.08    0.00    2.36 v _0474_/A (sky130_fd_sc_hd__buf_1)
                  0.21    0.26    2.62 v _0474_/X (sky130_fd_sc_hd__buf_1)
    16    0.04                           _0176_ (net)
                  0.21    0.00    2.62 v _0489_/A2 (sky130_fd_sc_hd__o211a_2)
                  0.09    0.39    3.01 v _0489_/X (sky130_fd_sc_hd__o211a_2)
     8    0.02                           _0189_ (net)
                  0.09    0.00    3.01 v _0500_/S (sky130_fd_sc_hd__mux2_2)
                  0.05    0.29    3.30 v _0500_/X (sky130_fd_sc_hd__mux2_2)
     1    0.00                           _0195_ (net)
                  0.05    0.00    3.30 v _0501_/A (sky130_fd_sc_hd__buf_1)
                  0.02    0.09    3.38 v _0501_/X (sky130_fd_sc_hd__buf_1)
     1    0.00                           _0005_ (net)
                  0.02    0.00    3.38 v _0911_/D (sky130_fd_sc_hd__dfxtp_2)
                                  3.38   data arrival time

                  0.15   10.00   10.00   clock w_clk (rise edge)
                          0.00   10.00   clock network delay (ideal)
                         -0.25    9.75   clock uncertainty
                          0.00    9.75   clock reconvergence pessimism
                                  9.75 ^ _0911_/CLK (sky130_fd_sc_hd__dfxtp_2)
                         -0.08    9.67   library setup time
                                  9.67   data required time
-----------------------------------------------------------------------------
                                  9.67   data required time
                                 -3.38   data arrival time
-----------------------------------------------------------------------------
                                  6.29   slack (MET)


Startpoint: _1060_ (rising edge-triggered flip-flop clocked by w_clk)
Endpoint: _0912_ (rising edge-triggered flip-flop clocked by w_clk)
Path Group: w_clk
Path Type: max

Fanout     Cap    Slew   Delay    Time   Description
-----------------------------------------------------------------------------
                  0.15    0.00    0.00   clock w_clk (rise edge)
                          0.00    0.00   clock network delay (ideal)
                  0.15    0.00    0.00 ^ _1060_/CLK (sky130_fd_sc_hd__dfrtp_2)
                  0.04    0.43    0.43 v _1060_/Q (sky130_fd_sc_hd__dfrtp_2)
     1    0.00                           w_ptr_b[0] (net)
                  0.04    0.00    0.43 v _0453_/A (sky130_fd_sc_hd__buf_1)
                  0.22    0.25    0.68 v _0453_/X (sky130_fd_sc_hd__buf_1)
    13    0.04                           _0155_ (net)
                  0.22    0.00    0.68 v _0456_/A (sky130_fd_sc_hd__and3_2)
                  0.04    0.26    0.94 v _0456_/X (sky130_fd_sc_hd__and3_2)
     1    0.00                           _0158_ (net)
                  0.04    0.00    0.94 v _0457_/A (sky130_fd_sc_hd__buf_1)
                  0.12    0.17    1.11 v _0457_/X (sky130_fd_sc_hd__buf_1)
     5    0.02                           _0159_ (net)
                  0.12    0.00    1.11 v _0465_/A (sky130_fd_sc_hd__or3_2)
                  0.11    0.56    1.67 v _0465_/X (sky130_fd_sc_hd__or3_2)
     3    0.01                           _0167_ (net)
                  0.11    0.00    1.67 v _0466_/A2 (sky130_fd_sc_hd__a21bo_2)
                  0.03    0.24    1.91 v _0466_/X (sky130_fd_sc_hd__a21bo_2)
     1    0.00                           _0168_ (net)
                  0.03    0.00    1.91 v _0473_/A1 (sky130_fd_sc_hd__a2111o_2)
                  0.08    0.45    2.36 v _0473_/X (sky130_fd_sc_hd__a2111o_2)
     4    0.01                           _0175_ (net)
                  0.08    0.00    2.36 v _0474_/A (sky130_fd_sc_hd__buf_1)
                  0.21    0.26    2.62 v _0474_/X (sky130_fd_sc_hd__buf_1)
    16    0.04                           _0176_ (net)
                  0.21    0.00    2.62 v _0489_/A2 (sky130_fd_sc_hd__o211a_2)
                  0.09    0.39    3.01 v _0489_/X (sky130_fd_sc_hd__o211a_2)
     8    0.02                           _0189_ (net)
                  0.09    0.00    3.01 v _0502_/S (sky130_fd_sc_hd__mux2_2)
                  0.05    0.29    3.30 v _0502_/X (sky130_fd_sc_hd__mux2_2)
     1    0.00                           _0196_ (net)
                  0.05    0.00    3.30 v _0503_/A (sky130_fd_sc_hd__buf_1)
                  0.02    0.09    3.38 v _0503_/X (sky130_fd_sc_hd__buf_1)
     1    0.00                           _0006_ (net)
                  0.02    0.00    3.38 v _0912_/D (sky130_fd_sc_hd__dfxtp_2)
                                  3.38   data arrival time

                  0.15   10.00   10.00   clock w_clk (rise edge)
                          0.00   10.00   clock network delay (ideal)
                         -0.25    9.75   clock uncertainty
                          0.00    9.75   clock reconvergence pessimism
                                  9.75 ^ _0912_/CLK (sky130_fd_sc_hd__dfxtp_2)
                         -0.08    9.67   library setup time
                                  9.67   data required time
-----------------------------------------------------------------------------
                                  9.67   data required time
                                 -3.38   data arrival time
-----------------------------------------------------------------------------
                                  6.29   slack (MET)


Startpoint: _1060_ (rising edge-triggered flip-flop clocked by w_clk)
Endpoint: _0913_ (rising edge-triggered flip-flop clocked by w_clk)
Path Group: w_clk
Path Type: max

Fanout     Cap    Slew   Delay    Time   Description
-----------------------------------------------------------------------------
                  0.15    0.00    0.00   clock w_clk (rise edge)
                          0.00    0.00   clock network delay (ideal)
                  0.15    0.00    0.00 ^ _1060_/CLK (sky130_fd_sc_hd__dfrtp_2)
                  0.04    0.43    0.43 v _1060_/Q (sky130_fd_sc_hd__dfrtp_2)
     1    0.00                           w_ptr_b[0] (net)
                  0.04    0.00    0.43 v _0453_/A (sky130_fd_sc_hd__buf_1)
                  0.22    0.25    0.68 v _0453_/X (sky130_fd_sc_hd__buf_1)
    13    0.04                           _0155_ (net)
                  0.22    0.00    0.68 v _0456_/A (sky130_fd_sc_hd__and3_2)
                  0.04    0.26    0.94 v _0456_/X (sky130_fd_sc_hd__and3_2)
     1    0.00                           _0158_ (net)
                  0.04    0.00    0.94 v _0457_/A (sky130_fd_sc_hd__buf_1)
                  0.12    0.17    1.11 v _0457_/X (sky130_fd_sc_hd__buf_1)
     5    0.02                           _0159_ (net)
                  0.12    0.00    1.11 v _0465_/A (sky130_fd_sc_hd__or3_2)
                  0.11    0.56    1.67 v _0465_/X (sky130_fd_sc_hd__or3_2)
     3    0.01                           _0167_ (net)
                  0.11    0.00    1.67 v _0466_/A2 (sky130_fd_sc_hd__a21bo_2)
                  0.03    0.24    1.91 v _0466_/X (sky130_fd_sc_hd__a21bo_2)
     1    0.00                           _0168_ (net)
                  0.03    0.00    1.91 v _0473_/A1 (sky130_fd_sc_hd__a2111o_2)
                  0.08    0.45    2.36 v _0473_/X (sky130_fd_sc_hd__a2111o_2)
     4    0.01                           _0175_ (net)
                  0.08    0.00    2.36 v _0474_/A (sky130_fd_sc_hd__buf_1)
                  0.21    0.26    2.62 v _0474_/X (sky130_fd_sc_hd__buf_1)
    16    0.04                           _0176_ (net)
                  0.21    0.00    2.62 v _0489_/A2 (sky130_fd_sc_hd__o211a_2)
                  0.09    0.39    3.01 v _0489_/X (sky130_fd_sc_hd__o211a_2)
     8    0.02                           _0189_ (net)
                  0.09    0.00    3.01 v _0504_/S (sky130_fd_sc_hd__mux2_2)
                  0.05    0.29    3.30 v _0504_/X (sky130_fd_sc_hd__mux2_2)
     1    0.00                           _0197_ (net)
                  0.05    0.00    3.30 v _0505_/A (sky130_fd_sc_hd__buf_1)
                  0.02    0.09    3.38 v _0505_/X (sky130_fd_sc_hd__buf_1)
     1    0.00                           _0007_ (net)
                  0.02    0.00    3.38 v _0913_/D (sky130_fd_sc_hd__dfxtp_2)
                                  3.38   data arrival time

                  0.15   10.00   10.00   clock w_clk (rise edge)
                          0.00   10.00   clock network delay (ideal)
                         -0.25    9.75   clock uncertainty
                          0.00    9.75   clock reconvergence pessimism
                                  9.75 ^ _0913_/CLK (sky130_fd_sc_hd__dfxtp_2)
                         -0.08    9.67   library setup time
                                  9.67   data required time
-----------------------------------------------------------------------------
                                  9.67   data required time
                                 -3.38   data arrival time
-----------------------------------------------------------------------------
                                  6.29   slack (MET)


Startpoint: _1060_ (rising edge-triggered flip-flop clocked by w_clk)
Endpoint: _0922_ (rising edge-triggered flip-flop clocked by w_clk)
Path Group: w_clk
Path Type: max

Fanout     Cap    Slew   Delay    Time   Description
-----------------------------------------------------------------------------
                  0.15    0.00    0.00   clock w_clk (rise edge)
                          0.00    0.00   clock network delay (ideal)
                  0.15    0.00    0.00 ^ _1060_/CLK (sky130_fd_sc_hd__dfrtp_2)
                  0.04    0.43    0.43 v _1060_/Q (sky130_fd_sc_hd__dfrtp_2)
     1    0.00                           w_ptr_b[0] (net)
                  0.04    0.00    0.43 v _0453_/A (sky130_fd_sc_hd__buf_1)
                  0.22    0.25    0.68 v _0453_/X (sky130_fd_sc_hd__buf_1)
    13    0.04                           _0155_ (net)
                  0.22    0.00    0.68 v _0456_/A (sky130_fd_sc_hd__and3_2)
                  0.04    0.26    0.94 v _0456_/X (sky130_fd_sc_hd__and3_2)
     1    0.00                           _0158_ (net)
                  0.04    0.00    0.94 v _0457_/A (sky130_fd_sc_hd__buf_1)
                  0.12    0.17    1.11 v _0457_/X (sky130_fd_sc_hd__buf_1)
     5    0.02                           _0159_ (net)
                  0.12    0.00    1.11 v _0465_/A (sky130_fd_sc_hd__or3_2)
                  0.11    0.56    1.67 v _0465_/X (sky130_fd_sc_hd__or3_2)
     3    0.01                           _0167_ (net)
                  0.11    0.00    1.67 v _0466_/A2 (sky130_fd_sc_hd__a21bo_2)
                  0.03    0.24    1.91 v _0466_/X (sky130_fd_sc_hd__a21bo_2)
     1    0.00                           _0168_ (net)
                  0.03    0.00    1.91 v _0473_/A1 (sky130_fd_sc_hd__a2111o_2)
                  0.08    0.45    2.36 v _0473_/X (sky130_fd_sc_hd__a2111o_2)
     4    0.01                           _0175_ (net)
                  0.08    0.00    2.36 v _0474_/A (sky130_fd_sc_hd__buf_1)
                  0.21    0.26    2.62 v _0474_/X (sky130_fd_sc_hd__buf_1)
    16    0.04                           _0176_ (net)
                  0.21    0.00    2.62 v _0587_/A2 (sky130_fd_sc_hd__o211a_2)
                  0.09    0.39    3.01 v _0587_/X (sky130_fd_sc_hd__o211a_2)
     8    0.02                           _0271_ (net)
                  0.09    0.00    3.01 v _0588_/S (sky130_fd_sc_hd__mux2_2)
                  0.05    0.29    3.30 v _0588_/X (sky130_fd_sc_hd__mux2_2)
     1    0.00                           _0272_ (net)
                  0.05    0.00    3.30 v _0589_/A (sky130_fd_sc_hd__buf_1)
                  0.02    0.09    3.38 v _0589_/X (sky130_fd_sc_hd__buf_1)
     1    0.00                           _0016_ (net)
                  0.02    0.00    3.38 v _0922_/D (sky130_fd_sc_hd__dfxtp_2)
                                  3.38   data arrival time

                  0.15   10.00   10.00   clock w_clk (rise edge)
                          0.00   10.00   clock network delay (ideal)
                         -0.25    9.75   clock uncertainty
                          0.00    9.75   clock reconvergence pessimism
                                  9.75 ^ _0922_/CLK (sky130_fd_sc_hd__dfxtp_2)
                         -0.08    9.67   library setup time
                                  9.67   data required time
-----------------------------------------------------------------------------
                                  9.67   data required time
                                 -3.38   data arrival time
-----------------------------------------------------------------------------
                                  6.29   slack (MET)


Startpoint: _1060_ (rising edge-triggered flip-flop clocked by w_clk)
Endpoint: _0923_ (rising edge-triggered flip-flop clocked by w_clk)
Path Group: w_clk
Path Type: max

Fanout     Cap    Slew   Delay    Time   Description
-----------------------------------------------------------------------------
                  0.15    0.00    0.00   clock w_clk (rise edge)
                          0.00    0.00   clock network delay (ideal)
                  0.15    0.00    0.00 ^ _1060_/CLK (sky130_fd_sc_hd__dfrtp_2)
                  0.04    0.43    0.43 v _1060_/Q (sky130_fd_sc_hd__dfrtp_2)
     1    0.00                           w_ptr_b[0] (net)
                  0.04    0.00    0.43 v _0453_/A (sky130_fd_sc_hd__buf_1)
                  0.22    0.25    0.68 v _0453_/X (sky130_fd_sc_hd__buf_1)
    13    0.04                           _0155_ (net)
                  0.22    0.00    0.68 v _0456_/A (sky130_fd_sc_hd__and3_2)
                  0.04    0.26    0.94 v _0456_/X (sky130_fd_sc_hd__and3_2)
     1    0.00                           _0158_ (net)
                  0.04    0.00    0.94 v _0457_/A (sky130_fd_sc_hd__buf_1)
                  0.12    0.17    1.11 v _0457_/X (sky130_fd_sc_hd__buf_1)
     5    0.02                           _0159_ (net)
                  0.12    0.00    1.11 v _0465_/A (sky130_fd_sc_hd__or3_2)
                  0.11    0.56    1.67 v _0465_/X (sky130_fd_sc_hd__or3_2)
     3    0.01                           _0167_ (net)
                  0.11    0.00    1.67 v _0466_/A2 (sky130_fd_sc_hd__a21bo_2)
                  0.03    0.24    1.91 v _0466_/X (sky130_fd_sc_hd__a21bo_2)
     1    0.00                           _0168_ (net)
                  0.03    0.00    1.91 v _0473_/A1 (sky130_fd_sc_hd__a2111o_2)
                  0.08    0.45    2.36 v _0473_/X (sky130_fd_sc_hd__a2111o_2)
     4    0.01                           _0175_ (net)
                  0.08    0.00    2.36 v _0474_/A (sky130_fd_sc_hd__buf_1)
                  0.21    0.26    2.62 v _0474_/X (sky130_fd_sc_hd__buf_1)
    16    0.04                           _0176_ (net)
                  0.21    0.00    2.62 v _0587_/A2 (sky130_fd_sc_hd__o211a_2)
                  0.09    0.39    3.01 v _0587_/X (sky130_fd_sc_hd__o211a_2)
     8    0.02                           _0271_ (net)
                  0.09    0.00    3.01 v _0590_/S (sky130_fd_sc_hd__mux2_2)
                  0.05    0.29    3.30 v _0590_/X (sky130_fd_sc_hd__mux2_2)
     1    0.00                           _0273_ (net)
                  0.05    0.00    3.30 v _0591_/A (sky130_fd_sc_hd__buf_1)
                  0.02    0.09    3.38 v _0591_/X (sky130_fd_sc_hd__buf_1)
     1    0.00                           _0017_ (net)
                  0.02    0.00    3.38 v _0923_/D (sky130_fd_sc_hd__dfxtp_2)
                                  3.38   data arrival time

                  0.15   10.00   10.00   clock w_clk (rise edge)
                          0.00   10.00   clock network delay (ideal)
                         -0.25    9.75   clock uncertainty
                          0.00    9.75   clock reconvergence pessimism
                                  9.75 ^ _0923_/CLK (sky130_fd_sc_hd__dfxtp_2)
                         -0.08    9.67   library setup time
                                  9.67   data required time
-----------------------------------------------------------------------------
                                  9.67   data required time
                                 -3.38   data arrival time
-----------------------------------------------------------------------------
                                  6.29   slack (MET)


Startpoint: _1060_ (rising edge-triggered flip-flop clocked by w_clk)
Endpoint: _0924_ (rising edge-triggered flip-flop clocked by w_clk)
Path Group: w_clk
Path Type: max

Fanout     Cap    Slew   Delay    Time   Description
-----------------------------------------------------------------------------
                  0.15    0.00    0.00   clock w_clk (rise edge)
                          0.00    0.00   clock network delay (ideal)
                  0.15    0.00    0.00 ^ _1060_/CLK (sky130_fd_sc_hd__dfrtp_2)
                  0.04    0.43    0.43 v _1060_/Q (sky130_fd_sc_hd__dfrtp_2)
     1    0.00                           w_ptr_b[0] (net)
                  0.04    0.00    0.43 v _0453_/A (sky130_fd_sc_hd__buf_1)
                  0.22    0.25    0.68 v _0453_/X (sky130_fd_sc_hd__buf_1)
    13    0.04                           _0155_ (net)
                  0.22    0.00    0.68 v _0456_/A (sky130_fd_sc_hd__and3_2)
                  0.04    0.26    0.94 v _0456_/X (sky130_fd_sc_hd__and3_2)
     1    0.00                           _0158_ (net)
                  0.04    0.00    0.94 v _0457_/A (sky130_fd_sc_hd__buf_1)
                  0.12    0.17    1.11 v _0457_/X (sky130_fd_sc_hd__buf_1)
     5    0.02                           _0159_ (net)
                  0.12    0.00    1.11 v _0465_/A (sky130_fd_sc_hd__or3_2)
                  0.11    0.56    1.67 v _0465_/X (sky130_fd_sc_hd__or3_2)
     3    0.01                           _0167_ (net)
                  0.11    0.00    1.67 v _0466_/A2 (sky130_fd_sc_hd__a21bo_2)
                  0.03    0.24    1.91 v _0466_/X (sky130_fd_sc_hd__a21bo_2)
     1    0.00                           _0168_ (net)
                  0.03    0.00    1.91 v _0473_/A1 (sky130_fd_sc_hd__a2111o_2)
                  0.08    0.45    2.36 v _0473_/X (sky130_fd_sc_hd__a2111o_2)
     4    0.01                           _0175_ (net)
                  0.08    0.00    2.36 v _0474_/A (sky130_fd_sc_hd__buf_1)
                  0.21    0.26    2.62 v _0474_/X (sky130_fd_sc_hd__buf_1)
    16    0.04                           _0176_ (net)
                  0.21    0.00    2.62 v _0587_/A2 (sky130_fd_sc_hd__o211a_2)
                  0.09    0.39    3.01 v _0587_/X (sky130_fd_sc_hd__o211a_2)
     8    0.02                           _0271_ (net)
                  0.09    0.00    3.01 v _0592_/S (sky130_fd_sc_hd__mux2_2)
                  0.05    0.29    3.30 v _0592_/X (sky130_fd_sc_hd__mux2_2)
     1    0.00                           _0274_ (net)
                  0.05    0.00    3.30 v _0593_/A (sky130_fd_sc_hd__buf_1)
                  0.02    0.09    3.38 v _0593_/X (sky130_fd_sc_hd__buf_1)
     1    0.00                           _0018_ (net)
                  0.02    0.00    3.38 v _0924_/D (sky130_fd_sc_hd__dfxtp_2)
                                  3.38   data arrival time

                  0.15   10.00   10.00   clock w_clk (rise edge)
                          0.00   10.00   clock network delay (ideal)
                         -0.25    9.75   clock uncertainty
                          0.00    9.75   clock reconvergence pessimism
                                  9.75 ^ _0924_/CLK (sky130_fd_sc_hd__dfxtp_2)
                         -0.08    9.67   library setup time
                                  9.67   data required time
-----------------------------------------------------------------------------
                                  9.67   data required time
                                 -3.38   data arrival time
-----------------------------------------------------------------------------
                                  6.29   slack (MET)


Startpoint: _1060_ (rising edge-triggered flip-flop clocked by w_clk)
Endpoint: _0925_ (rising edge-triggered flip-flop clocked by w_clk)
Path Group: w_clk
Path Type: max

Fanout     Cap    Slew   Delay    Time   Description
-----------------------------------------------------------------------------
                  0.15    0.00    0.00   clock w_clk (rise edge)
                          0.00    0.00   clock network delay (ideal)
                  0.15    0.00    0.00 ^ _1060_/CLK (sky130_fd_sc_hd__dfrtp_2)
                  0.04    0.43    0.43 v _1060_/Q (sky130_fd_sc_hd__dfrtp_2)
     1    0.00                           w_ptr_b[0] (net)
                  0.04    0.00    0.43 v _0453_/A (sky130_fd_sc_hd__buf_1)
                  0.22    0.25    0.68 v _0453_/X (sky130_fd_sc_hd__buf_1)
    13    0.04                           _0155_ (net)
                  0.22    0.00    0.68 v _0456_/A (sky130_fd_sc_hd__and3_2)
                  0.04    0.26    0.94 v _0456_/X (sky130_fd_sc_hd__and3_2)
     1    0.00                           _0158_ (net)
                  0.04    0.00    0.94 v _0457_/A (sky130_fd_sc_hd__buf_1)
                  0.12    0.17    1.11 v _0457_/X (sky130_fd_sc_hd__buf_1)
     5    0.02                           _0159_ (net)
                  0.12    0.00    1.11 v _0465_/A (sky130_fd_sc_hd__or3_2)
                  0.11    0.56    1.67 v _0465_/X (sky130_fd_sc_hd__or3_2)
     3    0.01                           _0167_ (net)
                  0.11    0.00    1.67 v _0466_/A2 (sky130_fd_sc_hd__a21bo_2)
                  0.03    0.24    1.91 v _0466_/X (sky130_fd_sc_hd__a21bo_2)
     1    0.00                           _0168_ (net)
                  0.03    0.00    1.91 v _0473_/A1 (sky130_fd_sc_hd__a2111o_2)
                  0.08    0.45    2.36 v _0473_/X (sky130_fd_sc_hd__a2111o_2)
     4    0.01                           _0175_ (net)
                  0.08    0.00    2.36 v _0474_/A (sky130_fd_sc_hd__buf_1)
                  0.21    0.26    2.62 v _0474_/X (sky130_fd_sc_hd__buf_1)
    16    0.04                           _0176_ (net)
                  0.21    0.00    2.62 v _0587_/A2 (sky130_fd_sc_hd__o211a_2)
                  0.09    0.39    3.01 v _0587_/X (sky130_fd_sc_hd__o211a_2)
     8    0.02                           _0271_ (net)
                  0.09    0.00    3.01 v _0594_/S (sky130_fd_sc_hd__mux2_2)
                  0.05    0.29    3.30 v _0594_/X (sky130_fd_sc_hd__mux2_2)
     1    0.00                           _0275_ (net)
                  0.05    0.00    3.30 v _0595_/A (sky130_fd_sc_hd__buf_1)
                  0.02    0.09    3.38 v _0595_/X (sky130_fd_sc_hd__buf_1)
     1    0.00                           _0019_ (net)
                  0.02    0.00    3.38 v _0925_/D (sky130_fd_sc_hd__dfxtp_2)
                                  3.38   data arrival time

                  0.15   10.00   10.00   clock w_clk (rise edge)
                          0.00   10.00   clock network delay (ideal)
                         -0.25    9.75   clock uncertainty
                          0.00    9.75   clock reconvergence pessimism
                                  9.75 ^ _0925_/CLK (sky130_fd_sc_hd__dfxtp_2)
                         -0.08    9.67   library setup time
                                  9.67   data required time
-----------------------------------------------------------------------------
                                  9.67   data required time
                                 -3.38   data arrival time
-----------------------------------------------------------------------------
                                  6.29   slack (MET)


Startpoint: _1060_ (rising edge-triggered flip-flop clocked by w_clk)
Endpoint: _0926_ (rising edge-triggered flip-flop clocked by w_clk)
Path Group: w_clk
Path Type: max

Fanout     Cap    Slew   Delay    Time   Description
-----------------------------------------------------------------------------
                  0.15    0.00    0.00   clock w_clk (rise edge)
                          0.00    0.00   clock network delay (ideal)
                  0.15    0.00    0.00 ^ _1060_/CLK (sky130_fd_sc_hd__dfrtp_2)
                  0.04    0.43    0.43 v _1060_/Q (sky130_fd_sc_hd__dfrtp_2)
     1    0.00                           w_ptr_b[0] (net)
                  0.04    0.00    0.43 v _0453_/A (sky130_fd_sc_hd__buf_1)
                  0.22    0.25    0.68 v _0453_/X (sky130_fd_sc_hd__buf_1)
    13    0.04                           _0155_ (net)
                  0.22    0.00    0.68 v _0456_/A (sky130_fd_sc_hd__and3_2)
                  0.04    0.26    0.94 v _0456_/X (sky130_fd_sc_hd__and3_2)
     1    0.00                           _0158_ (net)
                  0.04    0.00    0.94 v _0457_/A (sky130_fd_sc_hd__buf_1)
                  0.12    0.17    1.11 v _0457_/X (sky130_fd_sc_hd__buf_1)
     5    0.02                           _0159_ (net)
                  0.12    0.00    1.11 v _0465_/A (sky130_fd_sc_hd__or3_2)
                  0.11    0.56    1.67 v _0465_/X (sky130_fd_sc_hd__or3_2)
     3    0.01                           _0167_ (net)
                  0.11    0.00    1.67 v _0466_/A2 (sky130_fd_sc_hd__a21bo_2)
                  0.03    0.24    1.91 v _0466_/X (sky130_fd_sc_hd__a21bo_2)
     1    0.00                           _0168_ (net)
                  0.03    0.00    1.91 v _0473_/A1 (sky130_fd_sc_hd__a2111o_2)
                  0.08    0.45    2.36 v _0473_/X (sky130_fd_sc_hd__a2111o_2)
     4    0.01                           _0175_ (net)
                  0.08    0.00    2.36 v _0474_/A (sky130_fd_sc_hd__buf_1)
                  0.21    0.26    2.62 v _0474_/X (sky130_fd_sc_hd__buf_1)
    16    0.04                           _0176_ (net)
                  0.21    0.00    2.62 v _0587_/A2 (sky130_fd_sc_hd__o211a_2)
                  0.09    0.39    3.01 v _0587_/X (sky130_fd_sc_hd__o211a_2)
     8    0.02                           _0271_ (net)
                  0.09    0.00    3.01 v _0596_/S (sky130_fd_sc_hd__mux2_2)
                  0.05    0.29    3.30 v _0596_/X (sky130_fd_sc_hd__mux2_2)
     1    0.00                           _0276_ (net)
                  0.05    0.00    3.30 v _0597_/A (sky130_fd_sc_hd__buf_1)
                  0.02    0.09    3.38 v _0597_/X (sky130_fd_sc_hd__buf_1)
     1    0.00                           _0020_ (net)
                  0.02    0.00    3.38 v _0926_/D (sky130_fd_sc_hd__dfxtp_2)
                                  3.38   data arrival time

                  0.15   10.00   10.00   clock w_clk (rise edge)
                          0.00   10.00   clock network delay (ideal)
                         -0.25    9.75   clock uncertainty
                          0.00    9.75   clock reconvergence pessimism
                                  9.75 ^ _0926_/CLK (sky130_fd_sc_hd__dfxtp_2)
                         -0.08    9.67   library setup time
                                  9.67   data required time
-----------------------------------------------------------------------------
                                  9.67   data required time
                                 -3.38   data arrival time
-----------------------------------------------------------------------------
                                  6.29   slack (MET)


Startpoint: _1060_ (rising edge-triggered flip-flop clocked by w_clk)
Endpoint: _0927_ (rising edge-triggered flip-flop clocked by w_clk)
Path Group: w_clk
Path Type: max

Fanout     Cap    Slew   Delay    Time   Description
-----------------------------------------------------------------------------
                  0.15    0.00    0.00   clock w_clk (rise edge)
                          0.00    0.00   clock network delay (ideal)
                  0.15    0.00    0.00 ^ _1060_/CLK (sky130_fd_sc_hd__dfrtp_2)
                  0.04    0.43    0.43 v _1060_/Q (sky130_fd_sc_hd__dfrtp_2)
     1    0.00                           w_ptr_b[0] (net)
                  0.04    0.00    0.43 v _0453_/A (sky130_fd_sc_hd__buf_1)
                  0.22    0.25    0.68 v _0453_/X (sky130_fd_sc_hd__buf_1)
    13    0.04                           _0155_ (net)
                  0.22    0.00    0.68 v _0456_/A (sky130_fd_sc_hd__and3_2)
                  0.04    0.26    0.94 v _0456_/X (sky130_fd_sc_hd__and3_2)
     1    0.00                           _0158_ (net)
                  0.04    0.00    0.94 v _0457_/A (sky130_fd_sc_hd__buf_1)
                  0.12    0.17    1.11 v _0457_/X (sky130_fd_sc_hd__buf_1)
     5    0.02                           _0159_ (net)
                  0.12    0.00    1.11 v _0465_/A (sky130_fd_sc_hd__or3_2)
                  0.11    0.56    1.67 v _0465_/X (sky130_fd_sc_hd__or3_2)
     3    0.01                           _0167_ (net)
                  0.11    0.00    1.67 v _0466_/A2 (sky130_fd_sc_hd__a21bo_2)
                  0.03    0.24    1.91 v _0466_/X (sky130_fd_sc_hd__a21bo_2)
     1    0.00                           _0168_ (net)
                  0.03    0.00    1.91 v _0473_/A1 (sky130_fd_sc_hd__a2111o_2)
                  0.08    0.45    2.36 v _0473_/X (sky130_fd_sc_hd__a2111o_2)
     4    0.01                           _0175_ (net)
                  0.08    0.00    2.36 v _0474_/A (sky130_fd_sc_hd__buf_1)
                  0.21    0.26    2.62 v _0474_/X (sky130_fd_sc_hd__buf_1)
    16    0.04                           _0176_ (net)
                  0.21    0.00    2.62 v _0587_/A2 (sky130_fd_sc_hd__o211a_2)
                  0.09    0.39    3.01 v _0587_/X (sky130_fd_sc_hd__o211a_2)
     8    0.02                           _0271_ (net)
                  0.09    0.00    3.01 v _0598_/S (sky130_fd_sc_hd__mux2_2)
                  0.05    0.29    3.30 v _0598_/X (sky130_fd_sc_hd__mux2_2)
     1    0.00                           _0277_ (net)
                  0.05    0.00    3.30 v _0599_/A (sky130_fd_sc_hd__buf_1)
                  0.02    0.09    3.38 v _0599_/X (sky130_fd_sc_hd__buf_1)
     1    0.00                           _0021_ (net)
                  0.02    0.00    3.38 v _0927_/D (sky130_fd_sc_hd__dfxtp_2)
                                  3.38   data arrival time

                  0.15   10.00   10.00   clock w_clk (rise edge)
                          0.00   10.00   clock network delay (ideal)
                         -0.25    9.75   clock uncertainty
                          0.00    9.75   clock reconvergence pessimism
                                  9.75 ^ _0927_/CLK (sky130_fd_sc_hd__dfxtp_2)
                         -0.08    9.67   library setup time
                                  9.67   data required time
-----------------------------------------------------------------------------
                                  9.67   data required time
                                 -3.38   data arrival time
-----------------------------------------------------------------------------
                                  6.29   slack (MET)


Startpoint: _1060_ (rising edge-triggered flip-flop clocked by w_clk)
Endpoint: _0928_ (rising edge-triggered flip-flop clocked by w_clk)
Path Group: w_clk
Path Type: max

Fanout     Cap    Slew   Delay    Time   Description
-----------------------------------------------------------------------------
                  0.15    0.00    0.00   clock w_clk (rise edge)
                          0.00    0.00   clock network delay (ideal)
                  0.15    0.00    0.00 ^ _1060_/CLK (sky130_fd_sc_hd__dfrtp_2)
                  0.04    0.43    0.43 v _1060_/Q (sky130_fd_sc_hd__dfrtp_2)
     1    0.00                           w_ptr_b[0] (net)
                  0.04    0.00    0.43 v _0453_/A (sky130_fd_sc_hd__buf_1)
                  0.22    0.25    0.68 v _0453_/X (sky130_fd_sc_hd__buf_1)
    13    0.04                           _0155_ (net)
                  0.22    0.00    0.68 v _0456_/A (sky130_fd_sc_hd__and3_2)
                  0.04    0.26    0.94 v _0456_/X (sky130_fd_sc_hd__and3_2)
     1    0.00                           _0158_ (net)
                  0.04    0.00    0.94 v _0457_/A (sky130_fd_sc_hd__buf_1)
                  0.12    0.17    1.11 v _0457_/X (sky130_fd_sc_hd__buf_1)
     5    0.02                           _0159_ (net)
                  0.12    0.00    1.11 v _0465_/A (sky130_fd_sc_hd__or3_2)
                  0.11    0.56    1.67 v _0465_/X (sky130_fd_sc_hd__or3_2)
     3    0.01                           _0167_ (net)
                  0.11    0.00    1.67 v _0466_/A2 (sky130_fd_sc_hd__a21bo_2)
                  0.03    0.24    1.91 v _0466_/X (sky130_fd_sc_hd__a21bo_2)
     1    0.00                           _0168_ (net)
                  0.03    0.00    1.91 v _0473_/A1 (sky130_fd_sc_hd__a2111o_2)
                  0.08    0.45    2.36 v _0473_/X (sky130_fd_sc_hd__a2111o_2)
     4    0.01                           _0175_ (net)
                  0.08    0.00    2.36 v _0474_/A (sky130_fd_sc_hd__buf_1)
                  0.21    0.26    2.62 v _0474_/X (sky130_fd_sc_hd__buf_1)
    16    0.04                           _0176_ (net)
                  0.21    0.00    2.62 v _0587_/A2 (sky130_fd_sc_hd__o211a_2)
                  0.09    0.39    3.01 v _0587_/X (sky130_fd_sc_hd__o211a_2)
     8    0.02                           _0271_ (net)
                  0.09    0.00    3.01 v _0600_/S (sky130_fd_sc_hd__mux2_2)
                  0.05    0.29    3.30 v _0600_/X (sky130_fd_sc_hd__mux2_2)
     1    0.00                           _0278_ (net)
                  0.05    0.00    3.30 v _0601_/A (sky130_fd_sc_hd__buf_1)
                  0.02    0.09    3.38 v _0601_/X (sky130_fd_sc_hd__buf_1)
     1    0.00                           _0022_ (net)
                  0.02    0.00    3.38 v _0928_/D (sky130_fd_sc_hd__dfxtp_2)
                                  3.38   data arrival time

                  0.15   10.00   10.00   clock w_clk (rise edge)
                          0.00   10.00   clock network delay (ideal)
                         -0.25    9.75   clock uncertainty
                          0.00    9.75   clock reconvergence pessimism
                                  9.75 ^ _0928_/CLK (sky130_fd_sc_hd__dfxtp_2)
                         -0.08    9.67   library setup time
                                  9.67   data required time
-----------------------------------------------------------------------------
                                  9.67   data required time
                                 -3.38   data arrival time
-----------------------------------------------------------------------------
                                  6.29   slack (MET)


Startpoint: _1060_ (rising edge-triggered flip-flop clocked by w_clk)
Endpoint: _0929_ (rising edge-triggered flip-flop clocked by w_clk)
Path Group: w_clk
Path Type: max

Fanout     Cap    Slew   Delay    Time   Description
-----------------------------------------------------------------------------
                  0.15    0.00    0.00   clock w_clk (rise edge)
                          0.00    0.00   clock network delay (ideal)
                  0.15    0.00    0.00 ^ _1060_/CLK (sky130_fd_sc_hd__dfrtp_2)
                  0.04    0.43    0.43 v _1060_/Q (sky130_fd_sc_hd__dfrtp_2)
     1    0.00                           w_ptr_b[0] (net)
                  0.04    0.00    0.43 v _0453_/A (sky130_fd_sc_hd__buf_1)
                  0.22    0.25    0.68 v _0453_/X (sky130_fd_sc_hd__buf_1)
    13    0.04                           _0155_ (net)
                  0.22    0.00    0.68 v _0456_/A (sky130_fd_sc_hd__and3_2)
                  0.04    0.26    0.94 v _0456_/X (sky130_fd_sc_hd__and3_2)
     1    0.00                           _0158_ (net)
                  0.04    0.00    0.94 v _0457_/A (sky130_fd_sc_hd__buf_1)
                  0.12    0.17    1.11 v _0457_/X (sky130_fd_sc_hd__buf_1)
     5    0.02                           _0159_ (net)
                  0.12    0.00    1.11 v _0465_/A (sky130_fd_sc_hd__or3_2)
                  0.11    0.56    1.67 v _0465_/X (sky130_fd_sc_hd__or3_2)
     3    0.01                           _0167_ (net)
                  0.11    0.00    1.67 v _0466_/A2 (sky130_fd_sc_hd__a21bo_2)
                  0.03    0.24    1.91 v _0466_/X (sky130_fd_sc_hd__a21bo_2)
     1    0.00                           _0168_ (net)
                  0.03    0.00    1.91 v _0473_/A1 (sky130_fd_sc_hd__a2111o_2)
                  0.08    0.45    2.36 v _0473_/X (sky130_fd_sc_hd__a2111o_2)
     4    0.01                           _0175_ (net)
                  0.08    0.00    2.36 v _0474_/A (sky130_fd_sc_hd__buf_1)
                  0.21    0.26    2.62 v _0474_/X (sky130_fd_sc_hd__buf_1)
    16    0.04                           _0176_ (net)
                  0.21    0.00    2.62 v _0587_/A2 (sky130_fd_sc_hd__o211a_2)
                  0.09    0.39    3.01 v _0587_/X (sky130_fd_sc_hd__o211a_2)
     8    0.02                           _0271_ (net)
                  0.09    0.00    3.01 v _0602_/S (sky130_fd_sc_hd__mux2_2)
                  0.05    0.29    3.30 v _0602_/X (sky130_fd_sc_hd__mux2_2)
     1    0.00                           _0279_ (net)
                  0.05    0.00    3.30 v _0603_/A (sky130_fd_sc_hd__buf_1)
                  0.02    0.09    3.38 v _0603_/X (sky130_fd_sc_hd__buf_1)
     1    0.00                           _0023_ (net)
                  0.02    0.00    3.38 v _0929_/D (sky130_fd_sc_hd__dfxtp_2)
                                  3.38   data arrival time

                  0.15   10.00   10.00   clock w_clk (rise edge)
                          0.00   10.00   clock network delay (ideal)
                         -0.25    9.75   clock uncertainty
                          0.00    9.75   clock reconvergence pessimism
                                  9.75 ^ _0929_/CLK (sky130_fd_sc_hd__dfxtp_2)
                         -0.08    9.67   library setup time
                                  9.67   data required time
-----------------------------------------------------------------------------
                                  9.67   data required time
                                 -3.38   data arrival time
-----------------------------------------------------------------------------
                                  6.29   slack (MET)


Startpoint: _1060_ (rising edge-triggered flip-flop clocked by w_clk)
Endpoint: _0930_ (rising edge-triggered flip-flop clocked by w_clk)
Path Group: w_clk
Path Type: max

Fanout     Cap    Slew   Delay    Time   Description
-----------------------------------------------------------------------------
                  0.15    0.00    0.00   clock w_clk (rise edge)
                          0.00    0.00   clock network delay (ideal)
                  0.15    0.00    0.00 ^ _1060_/CLK (sky130_fd_sc_hd__dfrtp_2)
                  0.04    0.43    0.43 v _1060_/Q (sky130_fd_sc_hd__dfrtp_2)
     1    0.00                           w_ptr_b[0] (net)
                  0.04    0.00    0.43 v _0453_/A (sky130_fd_sc_hd__buf_1)
                  0.22    0.25    0.68 v _0453_/X (sky130_fd_sc_hd__buf_1)
    13    0.04                           _0155_ (net)
                  0.22    0.00    0.68 v _0456_/A (sky130_fd_sc_hd__and3_2)
                  0.04    0.26    0.94 v _0456_/X (sky130_fd_sc_hd__and3_2)
     1    0.00                           _0158_ (net)
                  0.04    0.00    0.94 v _0457_/A (sky130_fd_sc_hd__buf_1)
                  0.12    0.17    1.11 v _0457_/X (sky130_fd_sc_hd__buf_1)
     5    0.02                           _0159_ (net)
                  0.12    0.00    1.11 v _0465_/A (sky130_fd_sc_hd__or3_2)
                  0.11    0.56    1.67 v _0465_/X (sky130_fd_sc_hd__or3_2)
     3    0.01                           _0167_ (net)
                  0.11    0.00    1.67 v _0466_/A2 (sky130_fd_sc_hd__a21bo_2)
                  0.03    0.24    1.91 v _0466_/X (sky130_fd_sc_hd__a21bo_2)
     1    0.00                           _0168_ (net)
                  0.03    0.00    1.91 v _0473_/A1 (sky130_fd_sc_hd__a2111o_2)
                  0.08    0.45    2.36 v _0473_/X (sky130_fd_sc_hd__a2111o_2)
     4    0.01                           _0175_ (net)
                  0.08    0.00    2.36 v _0474_/A (sky130_fd_sc_hd__buf_1)
                  0.21    0.26    2.62 v _0474_/X (sky130_fd_sc_hd__buf_1)
    16    0.04                           _0176_ (net)
                  0.21    0.00    2.62 v _0606_/A2 (sky130_fd_sc_hd__o211a_2)
                  0.09    0.39    3.01 v _0606_/X (sky130_fd_sc_hd__o211a_2)
     8    0.02                           _0282_ (net)
                  0.09    0.00    3.01 v _0607_/S (sky130_fd_sc_hd__mux2_2)
                  0.05    0.29    3.30 v _0607_/X (sky130_fd_sc_hd__mux2_2)
     1    0.00                           _0283_ (net)
                  0.05    0.00    3.30 v _0608_/A (sky130_fd_sc_hd__buf_1)
                  0.02    0.09    3.38 v _0608_/X (sky130_fd_sc_hd__buf_1)
     1    0.00                           _0024_ (net)
                  0.02    0.00    3.38 v _0930_/D (sky130_fd_sc_hd__dfxtp_2)
                                  3.38   data arrival time

                  0.15   10.00   10.00   clock w_clk (rise edge)
                          0.00   10.00   clock network delay (ideal)
                         -0.25    9.75   clock uncertainty
                          0.00    9.75   clock reconvergence pessimism
                                  9.75 ^ _0930_/CLK (sky130_fd_sc_hd__dfxtp_2)
                         -0.08    9.67   library setup time
                                  9.67   data required time
-----------------------------------------------------------------------------
                                  9.67   data required time
                                 -3.38   data arrival time
-----------------------------------------------------------------------------
                                  6.29   slack (MET)


Startpoint: _1060_ (rising edge-triggered flip-flop clocked by w_clk)
Endpoint: _0931_ (rising edge-triggered flip-flop clocked by w_clk)
Path Group: w_clk
Path Type: max

Fanout     Cap    Slew   Delay    Time   Description
-----------------------------------------------------------------------------
                  0.15    0.00    0.00   clock w_clk (rise edge)
                          0.00    0.00   clock network delay (ideal)
                  0.15    0.00    0.00 ^ _1060_/CLK (sky130_fd_sc_hd__dfrtp_2)
                  0.04    0.43    0.43 v _1060_/Q (sky130_fd_sc_hd__dfrtp_2)
     1    0.00                           w_ptr_b[0] (net)
                  0.04    0.00    0.43 v _0453_/A (sky130_fd_sc_hd__buf_1)
                  0.22    0.25    0.68 v _0453_/X (sky130_fd_sc_hd__buf_1)
    13    0.04                           _0155_ (net)
                  0.22    0.00    0.68 v _0456_/A (sky130_fd_sc_hd__and3_2)
                  0.04    0.26    0.94 v _0456_/X (sky130_fd_sc_hd__and3_2)
     1    0.00                           _0158_ (net)
                  0.04    0.00    0.94 v _0457_/A (sky130_fd_sc_hd__buf_1)
                  0.12    0.17    1.11 v _0457_/X (sky130_fd_sc_hd__buf_1)
     5    0.02                           _0159_ (net)
                  0.12    0.00    1.11 v _0465_/A (sky130_fd_sc_hd__or3_2)
                  0.11    0.56    1.67 v _0465_/X (sky130_fd_sc_hd__or3_2)
     3    0.01                           _0167_ (net)
                  0.11    0.00    1.67 v _0466_/A2 (sky130_fd_sc_hd__a21bo_2)
                  0.03    0.24    1.91 v _0466_/X (sky130_fd_sc_hd__a21bo_2)
     1    0.00                           _0168_ (net)
                  0.03    0.00    1.91 v _0473_/A1 (sky130_fd_sc_hd__a2111o_2)
                  0.08    0.45    2.36 v _0473_/X (sky130_fd_sc_hd__a2111o_2)
     4    0.01                           _0175_ (net)
                  0.08    0.00    2.36 v _0474_/A (sky130_fd_sc_hd__buf_1)
                  0.21    0.26    2.62 v _0474_/X (sky130_fd_sc_hd__buf_1)
    16    0.04                           _0176_ (net)
                  0.21    0.00    2.62 v _0606_/A2 (sky130_fd_sc_hd__o211a_2)
                  0.09    0.39    3.01 v _0606_/X (sky130_fd_sc_hd__o211a_2)
     8    0.02                           _0282_ (net)
                  0.09    0.00    3.01 v _0609_/S (sky130_fd_sc_hd__mux2_2)
                  0.05    0.29    3.30 v _0609_/X (sky130_fd_sc_hd__mux2_2)
     1    0.00                           _0284_ (net)
                  0.05    0.00    3.30 v _0610_/A (sky130_fd_sc_hd__buf_1)
                  0.02    0.09    3.38 v _0610_/X (sky130_fd_sc_hd__buf_1)
     1    0.00                           _0025_ (net)
                  0.02    0.00    3.38 v _0931_/D (sky130_fd_sc_hd__dfxtp_2)
                                  3.38   data arrival time

                  0.15   10.00   10.00   clock w_clk (rise edge)
                          0.00   10.00   clock network delay (ideal)
                         -0.25    9.75   clock uncertainty
                          0.00    9.75   clock reconvergence pessimism
                                  9.75 ^ _0931_/CLK (sky130_fd_sc_hd__dfxtp_2)
                         -0.08    9.67   library setup time
                                  9.67   data required time
-----------------------------------------------------------------------------
                                  9.67   data required time
                                 -3.38   data arrival time
-----------------------------------------------------------------------------
                                  6.29   slack (MET)


Startpoint: _1060_ (rising edge-triggered flip-flop clocked by w_clk)
Endpoint: _0932_ (rising edge-triggered flip-flop clocked by w_clk)
Path Group: w_clk
Path Type: max

Fanout     Cap    Slew   Delay    Time   Description
-----------------------------------------------------------------------------
                  0.15    0.00    0.00   clock w_clk (rise edge)
                          0.00    0.00   clock network delay (ideal)
                  0.15    0.00    0.00 ^ _1060_/CLK (sky130_fd_sc_hd__dfrtp_2)
                  0.04    0.43    0.43 v _1060_/Q (sky130_fd_sc_hd__dfrtp_2)
     1    0.00                           w_ptr_b[0] (net)
                  0.04    0.00    0.43 v _0453_/A (sky130_fd_sc_hd__buf_1)
                  0.22    0.25    0.68 v _0453_/X (sky130_fd_sc_hd__buf_1)
    13    0.04                           _0155_ (net)
                  0.22    0.00    0.68 v _0456_/A (sky130_fd_sc_hd__and3_2)
                  0.04    0.26    0.94 v _0456_/X (sky130_fd_sc_hd__and3_2)
     1    0.00                           _0158_ (net)
                  0.04    0.00    0.94 v _0457_/A (sky130_fd_sc_hd__buf_1)
                  0.12    0.17    1.11 v _0457_/X (sky130_fd_sc_hd__buf_1)
     5    0.02                           _0159_ (net)
                  0.12    0.00    1.11 v _0465_/A (sky130_fd_sc_hd__or3_2)
                  0.11    0.56    1.67 v _0465_/X (sky130_fd_sc_hd__or3_2)
     3    0.01                           _0167_ (net)
                  0.11    0.00    1.67 v _0466_/A2 (sky130_fd_sc_hd__a21bo_2)
                  0.03    0.24    1.91 v _0466_/X (sky130_fd_sc_hd__a21bo_2)
     1    0.00                           _0168_ (net)
                  0.03    0.00    1.91 v _0473_/A1 (sky130_fd_sc_hd__a2111o_2)
                  0.08    0.45    2.36 v _0473_/X (sky130_fd_sc_hd__a2111o_2)
     4    0.01                           _0175_ (net)
                  0.08    0.00    2.36 v _0474_/A (sky130_fd_sc_hd__buf_1)
                  0.21    0.26    2.62 v _0474_/X (sky130_fd_sc_hd__buf_1)
    16    0.04                           _0176_ (net)
                  0.21    0.00    2.62 v _0606_/A2 (sky130_fd_sc_hd__o211a_2)
                  0.09    0.39    3.01 v _0606_/X (sky130_fd_sc_hd__o211a_2)
     8    0.02                           _0282_ (net)
                  0.09    0.00    3.01 v _0611_/S (sky130_fd_sc_hd__mux2_2)
                  0.05    0.29    3.30 v _0611_/X (sky130_fd_sc_hd__mux2_2)
     1    0.00                           _0285_ (net)
                  0.05    0.00    3.30 v _0612_/A (sky130_fd_sc_hd__buf_1)
                  0.02    0.09    3.38 v _0612_/X (sky130_fd_sc_hd__buf_1)
     1    0.00                           _0026_ (net)
                  0.02    0.00    3.38 v _0932_/D (sky130_fd_sc_hd__dfxtp_2)
                                  3.38   data arrival time

                  0.15   10.00   10.00   clock w_clk (rise edge)
                          0.00   10.00   clock network delay (ideal)
                         -0.25    9.75   clock uncertainty
                          0.00    9.75   clock reconvergence pessimism
                                  9.75 ^ _0932_/CLK (sky130_fd_sc_hd__dfxtp_2)
                         -0.08    9.67   library setup time
                                  9.67   data required time
-----------------------------------------------------------------------------
                                  9.67   data required time
                                 -3.38   data arrival time
-----------------------------------------------------------------------------
                                  6.29   slack (MET)


Startpoint: _1060_ (rising edge-triggered flip-flop clocked by w_clk)
Endpoint: _0933_ (rising edge-triggered flip-flop clocked by w_clk)
Path Group: w_clk
Path Type: max

Fanout     Cap    Slew   Delay    Time   Description
-----------------------------------------------------------------------------
                  0.15    0.00    0.00   clock w_clk (rise edge)
                          0.00    0.00   clock network delay (ideal)
                  0.15    0.00    0.00 ^ _1060_/CLK (sky130_fd_sc_hd__dfrtp_2)
                  0.04    0.43    0.43 v _1060_/Q (sky130_fd_sc_hd__dfrtp_2)
     1    0.00                           w_ptr_b[0] (net)
                  0.04    0.00    0.43 v _0453_/A (sky130_fd_sc_hd__buf_1)
                  0.22    0.25    0.68 v _0453_/X (sky130_fd_sc_hd__buf_1)
    13    0.04                           _0155_ (net)
                  0.22    0.00    0.68 v _0456_/A (sky130_fd_sc_hd__and3_2)
                  0.04    0.26    0.94 v _0456_/X (sky130_fd_sc_hd__and3_2)
     1    0.00                           _0158_ (net)
                  0.04    0.00    0.94 v _0457_/A (sky130_fd_sc_hd__buf_1)
                  0.12    0.17    1.11 v _0457_/X (sky130_fd_sc_hd__buf_1)
     5    0.02                           _0159_ (net)
                  0.12    0.00    1.11 v _0465_/A (sky130_fd_sc_hd__or3_2)
                  0.11    0.56    1.67 v _0465_/X (sky130_fd_sc_hd__or3_2)
     3    0.01                           _0167_ (net)
                  0.11    0.00    1.67 v _0466_/A2 (sky130_fd_sc_hd__a21bo_2)
                  0.03    0.24    1.91 v _0466_/X (sky130_fd_sc_hd__a21bo_2)
     1    0.00                           _0168_ (net)
                  0.03    0.00    1.91 v _0473_/A1 (sky130_fd_sc_hd__a2111o_2)
                  0.08    0.45    2.36 v _0473_/X (sky130_fd_sc_hd__a2111o_2)
     4    0.01                           _0175_ (net)
                  0.08    0.00    2.36 v _0474_/A (sky130_fd_sc_hd__buf_1)
                  0.21    0.26    2.62 v _0474_/X (sky130_fd_sc_hd__buf_1)
    16    0.04                           _0176_ (net)
                  0.21    0.00    2.62 v _0606_/A2 (sky130_fd_sc_hd__o211a_2)
                  0.09    0.39    3.01 v _0606_/X (sky130_fd_sc_hd__o211a_2)
     8    0.02                           _0282_ (net)
                  0.09    0.00    3.01 v _0613_/S (sky130_fd_sc_hd__mux2_2)
                  0.05    0.29    3.30 v _0613_/X (sky130_fd_sc_hd__mux2_2)
     1    0.00                           _0286_ (net)
                  0.05    0.00    3.30 v _0614_/A (sky130_fd_sc_hd__buf_1)
                  0.02    0.09    3.38 v _0614_/X (sky130_fd_sc_hd__buf_1)
     1    0.00                           _0027_ (net)
                  0.02    0.00    3.38 v _0933_/D (sky130_fd_sc_hd__dfxtp_2)
                                  3.38   data arrival time

                  0.15   10.00   10.00   clock w_clk (rise edge)
                          0.00   10.00   clock network delay (ideal)
                         -0.25    9.75   clock uncertainty
                          0.00    9.75   clock reconvergence pessimism
                                  9.75 ^ _0933_/CLK (sky130_fd_sc_hd__dfxtp_2)
                         -0.08    9.67   library setup time
                                  9.67   data required time
-----------------------------------------------------------------------------
                                  9.67   data required time
                                 -3.38   data arrival time
-----------------------------------------------------------------------------
                                  6.29   slack (MET)


Startpoint: _1060_ (rising edge-triggered flip-flop clocked by w_clk)
Endpoint: _0934_ (rising edge-triggered flip-flop clocked by w_clk)
Path Group: w_clk
Path Type: max

Fanout     Cap    Slew   Delay    Time   Description
-----------------------------------------------------------------------------
                  0.15    0.00    0.00   clock w_clk (rise edge)
                          0.00    0.00   clock network delay (ideal)
                  0.15    0.00    0.00 ^ _1060_/CLK (sky130_fd_sc_hd__dfrtp_2)
                  0.04    0.43    0.43 v _1060_/Q (sky130_fd_sc_hd__dfrtp_2)
     1    0.00                           w_ptr_b[0] (net)
                  0.04    0.00    0.43 v _0453_/A (sky130_fd_sc_hd__buf_1)
                  0.22    0.25    0.68 v _0453_/X (sky130_fd_sc_hd__buf_1)
    13    0.04                           _0155_ (net)
                  0.22    0.00    0.68 v _0456_/A (sky130_fd_sc_hd__and3_2)
                  0.04    0.26    0.94 v _0456_/X (sky130_fd_sc_hd__and3_2)
     1    0.00                           _0158_ (net)
                  0.04    0.00    0.94 v _0457_/A (sky130_fd_sc_hd__buf_1)
                  0.12    0.17    1.11 v _0457_/X (sky130_fd_sc_hd__buf_1)
     5    0.02                           _0159_ (net)
                  0.12    0.00    1.11 v _0465_/A (sky130_fd_sc_hd__or3_2)
                  0.11    0.56    1.67 v _0465_/X (sky130_fd_sc_hd__or3_2)
     3    0.01                           _0167_ (net)
                  0.11    0.00    1.67 v _0466_/A2 (sky130_fd_sc_hd__a21bo_2)
                  0.03    0.24    1.91 v _0466_/X (sky130_fd_sc_hd__a21bo_2)
     1    0.00                           _0168_ (net)
                  0.03    0.00    1.91 v _0473_/A1 (sky130_fd_sc_hd__a2111o_2)
                  0.08    0.45    2.36 v _0473_/X (sky130_fd_sc_hd__a2111o_2)
     4    0.01                           _0175_ (net)
                  0.08    0.00    2.36 v _0474_/A (sky130_fd_sc_hd__buf_1)
                  0.21    0.26    2.62 v _0474_/X (sky130_fd_sc_hd__buf_1)
    16    0.04                           _0176_ (net)
                  0.21    0.00    2.62 v _0606_/A2 (sky130_fd_sc_hd__o211a_2)
                  0.09    0.39    3.01 v _0606_/X (sky130_fd_sc_hd__o211a_2)
     8    0.02                           _0282_ (net)
                  0.09    0.00    3.01 v _0615_/S (sky130_fd_sc_hd__mux2_2)
                  0.05    0.29    3.30 v _0615_/X (sky130_fd_sc_hd__mux2_2)
     1    0.00                           _0287_ (net)
                  0.05    0.00    3.30 v _0616_/A (sky130_fd_sc_hd__buf_1)
                  0.02    0.09    3.38 v _0616_/X (sky130_fd_sc_hd__buf_1)
     1    0.00                           _0028_ (net)
                  0.02    0.00    3.38 v _0934_/D (sky130_fd_sc_hd__dfxtp_2)
                                  3.38   data arrival time

                  0.15   10.00   10.00   clock w_clk (rise edge)
                          0.00   10.00   clock network delay (ideal)
                         -0.25    9.75   clock uncertainty
                          0.00    9.75   clock reconvergence pessimism
                                  9.75 ^ _0934_/CLK (sky130_fd_sc_hd__dfxtp_2)
                         -0.08    9.67   library setup time
                                  9.67   data required time
-----------------------------------------------------------------------------
                                  9.67   data required time
                                 -3.38   data arrival time
-----------------------------------------------------------------------------
                                  6.29   slack (MET)


Startpoint: _1060_ (rising edge-triggered flip-flop clocked by w_clk)
Endpoint: _0935_ (rising edge-triggered flip-flop clocked by w_clk)
Path Group: w_clk
Path Type: max

Fanout     Cap    Slew   Delay    Time   Description
-----------------------------------------------------------------------------
                  0.15    0.00    0.00   clock w_clk (rise edge)
                          0.00    0.00   clock network delay (ideal)
                  0.15    0.00    0.00 ^ _1060_/CLK (sky130_fd_sc_hd__dfrtp_2)
                  0.04    0.43    0.43 v _1060_/Q (sky130_fd_sc_hd__dfrtp_2)
     1    0.00                           w_ptr_b[0] (net)
                  0.04    0.00    0.43 v _0453_/A (sky130_fd_sc_hd__buf_1)
                  0.22    0.25    0.68 v _0453_/X (sky130_fd_sc_hd__buf_1)
    13    0.04                           _0155_ (net)
                  0.22    0.00    0.68 v _0456_/A (sky130_fd_sc_hd__and3_2)
                  0.04    0.26    0.94 v _0456_/X (sky130_fd_sc_hd__and3_2)
     1    0.00                           _0158_ (net)
                  0.04    0.00    0.94 v _0457_/A (sky130_fd_sc_hd__buf_1)
                  0.12    0.17    1.11 v _0457_/X (sky130_fd_sc_hd__buf_1)
     5    0.02                           _0159_ (net)
                  0.12    0.00    1.11 v _0465_/A (sky130_fd_sc_hd__or3_2)
                  0.11    0.56    1.67 v _0465_/X (sky130_fd_sc_hd__or3_2)
     3    0.01                           _0167_ (net)
                  0.11    0.00    1.67 v _0466_/A2 (sky130_fd_sc_hd__a21bo_2)
                  0.03    0.24    1.91 v _0466_/X (sky130_fd_sc_hd__a21bo_2)
     1    0.00                           _0168_ (net)
                  0.03    0.00    1.91 v _0473_/A1 (sky130_fd_sc_hd__a2111o_2)
                  0.08    0.45    2.36 v _0473_/X (sky130_fd_sc_hd__a2111o_2)
     4    0.01                           _0175_ (net)
                  0.08    0.00    2.36 v _0474_/A (sky130_fd_sc_hd__buf_1)
                  0.21    0.26    2.62 v _0474_/X (sky130_fd_sc_hd__buf_1)
    16    0.04                           _0176_ (net)
                  0.21    0.00    2.62 v _0606_/A2 (sky130_fd_sc_hd__o211a_2)
                  0.09    0.39    3.01 v _0606_/X (sky130_fd_sc_hd__o211a_2)
     8    0.02                           _0282_ (net)
                  0.09    0.00    3.01 v _0617_/S (sky130_fd_sc_hd__mux2_2)
                  0.05    0.29    3.30 v _0617_/X (sky130_fd_sc_hd__mux2_2)
     1    0.00                           _0288_ (net)
                  0.05    0.00    3.30 v _0618_/A (sky130_fd_sc_hd__buf_1)
                  0.02    0.09    3.38 v _0618_/X (sky130_fd_sc_hd__buf_1)
     1    0.00                           _0029_ (net)
                  0.02    0.00    3.38 v _0935_/D (sky130_fd_sc_hd__dfxtp_2)
                                  3.38   data arrival time

                  0.15   10.00   10.00   clock w_clk (rise edge)
                          0.00   10.00   clock network delay (ideal)
                         -0.25    9.75   clock uncertainty
                          0.00    9.75   clock reconvergence pessimism
                                  9.75 ^ _0935_/CLK (sky130_fd_sc_hd__dfxtp_2)
                         -0.08    9.67   library setup time
                                  9.67   data required time
-----------------------------------------------------------------------------
                                  9.67   data required time
                                 -3.38   data arrival time
-----------------------------------------------------------------------------
                                  6.29   slack (MET)


Startpoint: _1060_ (rising edge-triggered flip-flop clocked by w_clk)
Endpoint: _0936_ (rising edge-triggered flip-flop clocked by w_clk)
Path Group: w_clk
Path Type: max

Fanout     Cap    Slew   Delay    Time   Description
-----------------------------------------------------------------------------
                  0.15    0.00    0.00   clock w_clk (rise edge)
                          0.00    0.00   clock network delay (ideal)
                  0.15    0.00    0.00 ^ _1060_/CLK (sky130_fd_sc_hd__dfrtp_2)
                  0.04    0.43    0.43 v _1060_/Q (sky130_fd_sc_hd__dfrtp_2)
     1    0.00                           w_ptr_b[0] (net)
                  0.04    0.00    0.43 v _0453_/A (sky130_fd_sc_hd__buf_1)
                  0.22    0.25    0.68 v _0453_/X (sky130_fd_sc_hd__buf_1)
    13    0.04                           _0155_ (net)
                  0.22    0.00    0.68 v _0456_/A (sky130_fd_sc_hd__and3_2)
                  0.04    0.26    0.94 v _0456_/X (sky130_fd_sc_hd__and3_2)
     1    0.00                           _0158_ (net)
                  0.04    0.00    0.94 v _0457_/A (sky130_fd_sc_hd__buf_1)
                  0.12    0.17    1.11 v _0457_/X (sky130_fd_sc_hd__buf_1)
     5    0.02                           _0159_ (net)
                  0.12    0.00    1.11 v _0465_/A (sky130_fd_sc_hd__or3_2)
                  0.11    0.56    1.67 v _0465_/X (sky130_fd_sc_hd__or3_2)
     3    0.01                           _0167_ (net)
                  0.11    0.00    1.67 v _0466_/A2 (sky130_fd_sc_hd__a21bo_2)
                  0.03    0.24    1.91 v _0466_/X (sky130_fd_sc_hd__a21bo_2)
     1    0.00                           _0168_ (net)
                  0.03    0.00    1.91 v _0473_/A1 (sky130_fd_sc_hd__a2111o_2)
                  0.08    0.45    2.36 v _0473_/X (sky130_fd_sc_hd__a2111o_2)
     4    0.01                           _0175_ (net)
                  0.08    0.00    2.36 v _0474_/A (sky130_fd_sc_hd__buf_1)
                  0.21    0.26    2.62 v _0474_/X (sky130_fd_sc_hd__buf_1)
    16    0.04                           _0176_ (net)
                  0.21    0.00    2.62 v _0606_/A2 (sky130_fd_sc_hd__o211a_2)
                  0.09    0.39    3.01 v _0606_/X (sky130_fd_sc_hd__o211a_2)
     8    0.02                           _0282_ (net)
                  0.09    0.00    3.01 v _0619_/S (sky130_fd_sc_hd__mux2_2)
                  0.05    0.29    3.30 v _0619_/X (sky130_fd_sc_hd__mux2_2)
     1    0.00                           _0289_ (net)
                  0.05    0.00    3.30 v _0620_/A (sky130_fd_sc_hd__buf_1)
                  0.02    0.09    3.38 v _0620_/X (sky130_fd_sc_hd__buf_1)
     1    0.00                           _0030_ (net)
                  0.02    0.00    3.38 v _0936_/D (sky130_fd_sc_hd__dfxtp_2)
                                  3.38   data arrival time

                  0.15   10.00   10.00   clock w_clk (rise edge)
                          0.00   10.00   clock network delay (ideal)
                         -0.25    9.75   clock uncertainty
                          0.00    9.75   clock reconvergence pessimism
                                  9.75 ^ _0936_/CLK (sky130_fd_sc_hd__dfxtp_2)
                         -0.08    9.67   library setup time
                                  9.67   data required time
-----------------------------------------------------------------------------
                                  9.67   data required time
                                 -3.38   data arrival time
-----------------------------------------------------------------------------
                                  6.29   slack (MET)


Startpoint: _1060_ (rising edge-triggered flip-flop clocked by w_clk)
Endpoint: _0937_ (rising edge-triggered flip-flop clocked by w_clk)
Path Group: w_clk
Path Type: max

Fanout     Cap    Slew   Delay    Time   Description
-----------------------------------------------------------------------------
                  0.15    0.00    0.00   clock w_clk (rise edge)
                          0.00    0.00   clock network delay (ideal)
                  0.15    0.00    0.00 ^ _1060_/CLK (sky130_fd_sc_hd__dfrtp_2)
                  0.04    0.43    0.43 v _1060_/Q (sky130_fd_sc_hd__dfrtp_2)
     1    0.00                           w_ptr_b[0] (net)
                  0.04    0.00    0.43 v _0453_/A (sky130_fd_sc_hd__buf_1)
                  0.22    0.25    0.68 v _0453_/X (sky130_fd_sc_hd__buf_1)
    13    0.04                           _0155_ (net)
                  0.22    0.00    0.68 v _0456_/A (sky130_fd_sc_hd__and3_2)
                  0.04    0.26    0.94 v _0456_/X (sky130_fd_sc_hd__and3_2)
     1    0.00                           _0158_ (net)
                  0.04    0.00    0.94 v _0457_/A (sky130_fd_sc_hd__buf_1)
                  0.12    0.17    1.11 v _0457_/X (sky130_fd_sc_hd__buf_1)
     5    0.02                           _0159_ (net)
                  0.12    0.00    1.11 v _0465_/A (sky130_fd_sc_hd__or3_2)
                  0.11    0.56    1.67 v _0465_/X (sky130_fd_sc_hd__or3_2)
     3    0.01                           _0167_ (net)
                  0.11    0.00    1.67 v _0466_/A2 (sky130_fd_sc_hd__a21bo_2)
                  0.03    0.24    1.91 v _0466_/X (sky130_fd_sc_hd__a21bo_2)
     1    0.00                           _0168_ (net)
                  0.03    0.00    1.91 v _0473_/A1 (sky130_fd_sc_hd__a2111o_2)
                  0.08    0.45    2.36 v _0473_/X (sky130_fd_sc_hd__a2111o_2)
     4    0.01                           _0175_ (net)
                  0.08    0.00    2.36 v _0474_/A (sky130_fd_sc_hd__buf_1)
                  0.21    0.26    2.62 v _0474_/X (sky130_fd_sc_hd__buf_1)
    16    0.04                           _0176_ (net)
                  0.21    0.00    2.62 v _0606_/A2 (sky130_fd_sc_hd__o211a_2)
                  0.09    0.39    3.01 v _0606_/X (sky130_fd_sc_hd__o211a_2)
     8    0.02                           _0282_ (net)
                  0.09    0.00    3.01 v _0621_/S (sky130_fd_sc_hd__mux2_2)
                  0.05    0.29    3.30 v _0621_/X (sky130_fd_sc_hd__mux2_2)
     1    0.00                           _0290_ (net)
                  0.05    0.00    3.30 v _0622_/A (sky130_fd_sc_hd__buf_1)
                  0.02    0.09    3.38 v _0622_/X (sky130_fd_sc_hd__buf_1)
     1    0.00                           _0031_ (net)
                  0.02    0.00    3.38 v _0937_/D (sky130_fd_sc_hd__dfxtp_2)
                                  3.38   data arrival time

                  0.15   10.00   10.00   clock w_clk (rise edge)
                          0.00   10.00   clock network delay (ideal)
                         -0.25    9.75   clock uncertainty
                          0.00    9.75   clock reconvergence pessimism
                                  9.75 ^ _0937_/CLK (sky130_fd_sc_hd__dfxtp_2)
                         -0.08    9.67   library setup time
                                  9.67   data required time
-----------------------------------------------------------------------------
                                  9.67   data required time
                                 -3.38   data arrival time
-----------------------------------------------------------------------------
                                  6.29   slack (MET)


Startpoint: _1060_ (rising edge-triggered flip-flop clocked by w_clk)
Endpoint: _0938_ (rising edge-triggered flip-flop clocked by w_clk)
Path Group: w_clk
Path Type: max

Fanout     Cap    Slew   Delay    Time   Description
-----------------------------------------------------------------------------
                  0.15    0.00    0.00   clock w_clk (rise edge)
                          0.00    0.00   clock network delay (ideal)
                  0.15    0.00    0.00 ^ _1060_/CLK (sky130_fd_sc_hd__dfrtp_2)
                  0.04    0.43    0.43 v _1060_/Q (sky130_fd_sc_hd__dfrtp_2)
     1    0.00                           w_ptr_b[0] (net)
                  0.04    0.00    0.43 v _0453_/A (sky130_fd_sc_hd__buf_1)
                  0.22    0.25    0.68 v _0453_/X (sky130_fd_sc_hd__buf_1)
    13    0.04                           _0155_ (net)
                  0.22    0.00    0.68 v _0456_/A (sky130_fd_sc_hd__and3_2)
                  0.04    0.26    0.94 v _0456_/X (sky130_fd_sc_hd__and3_2)
     1    0.00                           _0158_ (net)
                  0.04    0.00    0.94 v _0457_/A (sky130_fd_sc_hd__buf_1)
                  0.12    0.17    1.11 v _0457_/X (sky130_fd_sc_hd__buf_1)
     5    0.02                           _0159_ (net)
                  0.12    0.00    1.11 v _0465_/A (sky130_fd_sc_hd__or3_2)
                  0.11    0.56    1.67 v _0465_/X (sky130_fd_sc_hd__or3_2)
     3    0.01                           _0167_ (net)
                  0.11    0.00    1.67 v _0466_/A2 (sky130_fd_sc_hd__a21bo_2)
                  0.03    0.24    1.91 v _0466_/X (sky130_fd_sc_hd__a21bo_2)
     1    0.00                           _0168_ (net)
                  0.03    0.00    1.91 v _0473_/A1 (sky130_fd_sc_hd__a2111o_2)
                  0.08    0.45    2.36 v _0473_/X (sky130_fd_sc_hd__a2111o_2)
     4    0.01                           _0175_ (net)
                  0.08    0.00    2.36 v _0474_/A (sky130_fd_sc_hd__buf_1)
                  0.21    0.26    2.62 v _0474_/X (sky130_fd_sc_hd__buf_1)
    16    0.04                           _0176_ (net)
                  0.21    0.00    2.62 v _0624_/A2 (sky130_fd_sc_hd__o211a_2)
                  0.09    0.39    3.01 v _0624_/X (sky130_fd_sc_hd__o211a_2)
     8    0.02                           _0292_ (net)
                  0.09    0.00    3.01 v _0625_/S (sky130_fd_sc_hd__mux2_2)
                  0.05    0.29    3.30 v _0625_/X (sky130_fd_sc_hd__mux2_2)
     1    0.00                           _0293_ (net)
                  0.05    0.00    3.30 v _0626_/A (sky130_fd_sc_hd__buf_1)
                  0.02    0.09    3.38 v _0626_/X (sky130_fd_sc_hd__buf_1)
     1    0.00                           _0032_ (net)
                  0.02    0.00    3.38 v _0938_/D (sky130_fd_sc_hd__dfxtp_2)
                                  3.38   data arrival time

                  0.15   10.00   10.00   clock w_clk (rise edge)
                          0.00   10.00   clock network delay (ideal)
                         -0.25    9.75   clock uncertainty
                          0.00    9.75   clock reconvergence pessimism
                                  9.75 ^ _0938_/CLK (sky130_fd_sc_hd__dfxtp_2)
                         -0.08    9.67   library setup time
                                  9.67   data required time
-----------------------------------------------------------------------------
                                  9.67   data required time
                                 -3.38   data arrival time
-----------------------------------------------------------------------------
                                  6.29   slack (MET)


Startpoint: _1060_ (rising edge-triggered flip-flop clocked by w_clk)
Endpoint: _0939_ (rising edge-triggered flip-flop clocked by w_clk)
Path Group: w_clk
Path Type: max

Fanout     Cap    Slew   Delay    Time   Description
-----------------------------------------------------------------------------
                  0.15    0.00    0.00   clock w_clk (rise edge)
                          0.00    0.00   clock network delay (ideal)
                  0.15    0.00    0.00 ^ _1060_/CLK (sky130_fd_sc_hd__dfrtp_2)
                  0.04    0.43    0.43 v _1060_/Q (sky130_fd_sc_hd__dfrtp_2)
     1    0.00                           w_ptr_b[0] (net)
                  0.04    0.00    0.43 v _0453_/A (sky130_fd_sc_hd__buf_1)
                  0.22    0.25    0.68 v _0453_/X (sky130_fd_sc_hd__buf_1)
    13    0.04                           _0155_ (net)
                  0.22    0.00    0.68 v _0456_/A (sky130_fd_sc_hd__and3_2)
                  0.04    0.26    0.94 v _0456_/X (sky130_fd_sc_hd__and3_2)
     1    0.00                           _0158_ (net)
                  0.04    0.00    0.94 v _0457_/A (sky130_fd_sc_hd__buf_1)
                  0.12    0.17    1.11 v _0457_/X (sky130_fd_sc_hd__buf_1)
     5    0.02                           _0159_ (net)
                  0.12    0.00    1.11 v _0465_/A (sky130_fd_sc_hd__or3_2)
                  0.11    0.56    1.67 v _0465_/X (sky130_fd_sc_hd__or3_2)
     3    0.01                           _0167_ (net)
                  0.11    0.00    1.67 v _0466_/A2 (sky130_fd_sc_hd__a21bo_2)
                  0.03    0.24    1.91 v _0466_/X (sky130_fd_sc_hd__a21bo_2)
     1    0.00                           _0168_ (net)
                  0.03    0.00    1.91 v _0473_/A1 (sky130_fd_sc_hd__a2111o_2)
                  0.08    0.45    2.36 v _0473_/X (sky130_fd_sc_hd__a2111o_2)
     4    0.01                           _0175_ (net)
                  0.08    0.00    2.36 v _0474_/A (sky130_fd_sc_hd__buf_1)
                  0.21    0.26    2.62 v _0474_/X (sky130_fd_sc_hd__buf_1)
    16    0.04                           _0176_ (net)
                  0.21    0.00    2.62 v _0624_/A2 (sky130_fd_sc_hd__o211a_2)
                  0.09    0.39    3.01 v _0624_/X (sky130_fd_sc_hd__o211a_2)
     8    0.02                           _0292_ (net)
                  0.09    0.00    3.01 v _0627_/S (sky130_fd_sc_hd__mux2_2)
                  0.05    0.29    3.30 v _0627_/X (sky130_fd_sc_hd__mux2_2)
     1    0.00                           _0294_ (net)
                  0.05    0.00    3.30 v _0628_/A (sky130_fd_sc_hd__buf_1)
                  0.02    0.09    3.38 v _0628_/X (sky130_fd_sc_hd__buf_1)
     1    0.00                           _0033_ (net)
                  0.02    0.00    3.38 v _0939_/D (sky130_fd_sc_hd__dfxtp_2)
                                  3.38   data arrival time

                  0.15   10.00   10.00   clock w_clk (rise edge)
                          0.00   10.00   clock network delay (ideal)
                         -0.25    9.75   clock uncertainty
                          0.00    9.75   clock reconvergence pessimism
                                  9.75 ^ _0939_/CLK (sky130_fd_sc_hd__dfxtp_2)
                         -0.08    9.67   library setup time
                                  9.67   data required time
-----------------------------------------------------------------------------
                                  9.67   data required time
                                 -3.38   data arrival time
-----------------------------------------------------------------------------
                                  6.29   slack (MET)


Startpoint: _1060_ (rising edge-triggered flip-flop clocked by w_clk)
Endpoint: _0940_ (rising edge-triggered flip-flop clocked by w_clk)
Path Group: w_clk
Path Type: max

Fanout     Cap    Slew   Delay    Time   Description
-----------------------------------------------------------------------------
                  0.15    0.00    0.00   clock w_clk (rise edge)
                          0.00    0.00   clock network delay (ideal)
                  0.15    0.00    0.00 ^ _1060_/CLK (sky130_fd_sc_hd__dfrtp_2)
                  0.04    0.43    0.43 v _1060_/Q (sky130_fd_sc_hd__dfrtp_2)
     1    0.00                           w_ptr_b[0] (net)
                  0.04    0.00    0.43 v _0453_/A (sky130_fd_sc_hd__buf_1)
                  0.22    0.25    0.68 v _0453_/X (sky130_fd_sc_hd__buf_1)
    13    0.04                           _0155_ (net)
                  0.22    0.00    0.68 v _0456_/A (sky130_fd_sc_hd__and3_2)
                  0.04    0.26    0.94 v _0456_/X (sky130_fd_sc_hd__and3_2)
     1    0.00                           _0158_ (net)
                  0.04    0.00    0.94 v _0457_/A (sky130_fd_sc_hd__buf_1)
                  0.12    0.17    1.11 v _0457_/X (sky130_fd_sc_hd__buf_1)
     5    0.02                           _0159_ (net)
                  0.12    0.00    1.11 v _0465_/A (sky130_fd_sc_hd__or3_2)
                  0.11    0.56    1.67 v _0465_/X (sky130_fd_sc_hd__or3_2)
     3    0.01                           _0167_ (net)
                  0.11    0.00    1.67 v _0466_/A2 (sky130_fd_sc_hd__a21bo_2)
                  0.03    0.24    1.91 v _0466_/X (sky130_fd_sc_hd__a21bo_2)
     1    0.00                           _0168_ (net)
                  0.03    0.00    1.91 v _0473_/A1 (sky130_fd_sc_hd__a2111o_2)
                  0.08    0.45    2.36 v _0473_/X (sky130_fd_sc_hd__a2111o_2)
     4    0.01                           _0175_ (net)
                  0.08    0.00    2.36 v _0474_/A (sky130_fd_sc_hd__buf_1)
                  0.21    0.26    2.62 v _0474_/X (sky130_fd_sc_hd__buf_1)
    16    0.04                           _0176_ (net)
                  0.21    0.00    2.62 v _0624_/A2 (sky130_fd_sc_hd__o211a_2)
                  0.09    0.39    3.01 v _0624_/X (sky130_fd_sc_hd__o211a_2)
     8    0.02                           _0292_ (net)
                  0.09    0.00    3.01 v _0629_/S (sky130_fd_sc_hd__mux2_2)
                  0.05    0.29    3.30 v _0629_/X (sky130_fd_sc_hd__mux2_2)
     1    0.00                           _0295_ (net)
                  0.05    0.00    3.30 v _0630_/A (sky130_fd_sc_hd__buf_1)
                  0.02    0.09    3.38 v _0630_/X (sky130_fd_sc_hd__buf_1)
     1    0.00                           _0034_ (net)
                  0.02    0.00    3.38 v _0940_/D (sky130_fd_sc_hd__dfxtp_2)
                                  3.38   data arrival time

                  0.15   10.00   10.00   clock w_clk (rise edge)
                          0.00   10.00   clock network delay (ideal)
                         -0.25    9.75   clock uncertainty
                          0.00    9.75   clock reconvergence pessimism
                                  9.75 ^ _0940_/CLK (sky130_fd_sc_hd__dfxtp_2)
                         -0.08    9.67   library setup time
                                  9.67   data required time
-----------------------------------------------------------------------------
                                  9.67   data required time
                                 -3.38   data arrival time
-----------------------------------------------------------------------------
                                  6.29   slack (MET)


Startpoint: _1060_ (rising edge-triggered flip-flop clocked by w_clk)
Endpoint: _0941_ (rising edge-triggered flip-flop clocked by w_clk)
Path Group: w_clk
Path Type: max

Fanout     Cap    Slew   Delay    Time   Description
-----------------------------------------------------------------------------
                  0.15    0.00    0.00   clock w_clk (rise edge)
                          0.00    0.00   clock network delay (ideal)
                  0.15    0.00    0.00 ^ _1060_/CLK (sky130_fd_sc_hd__dfrtp_2)
                  0.04    0.43    0.43 v _1060_/Q (sky130_fd_sc_hd__dfrtp_2)
     1    0.00                           w_ptr_b[0] (net)
                  0.04    0.00    0.43 v _0453_/A (sky130_fd_sc_hd__buf_1)
                  0.22    0.25    0.68 v _0453_/X (sky130_fd_sc_hd__buf_1)
    13    0.04                           _0155_ (net)
                  0.22    0.00    0.68 v _0456_/A (sky130_fd_sc_hd__and3_2)
                  0.04    0.26    0.94 v _0456_/X (sky130_fd_sc_hd__and3_2)
     1    0.00                           _0158_ (net)
                  0.04    0.00    0.94 v _0457_/A (sky130_fd_sc_hd__buf_1)
                  0.12    0.17    1.11 v _0457_/X (sky130_fd_sc_hd__buf_1)
     5    0.02                           _0159_ (net)
                  0.12    0.00    1.11 v _0465_/A (sky130_fd_sc_hd__or3_2)
                  0.11    0.56    1.67 v _0465_/X (sky130_fd_sc_hd__or3_2)
     3    0.01                           _0167_ (net)
                  0.11    0.00    1.67 v _0466_/A2 (sky130_fd_sc_hd__a21bo_2)
                  0.03    0.24    1.91 v _0466_/X (sky130_fd_sc_hd__a21bo_2)
     1    0.00                           _0168_ (net)
                  0.03    0.00    1.91 v _0473_/A1 (sky130_fd_sc_hd__a2111o_2)
                  0.08    0.45    2.36 v _0473_/X (sky130_fd_sc_hd__a2111o_2)
     4    0.01                           _0175_ (net)
                  0.08    0.00    2.36 v _0474_/A (sky130_fd_sc_hd__buf_1)
                  0.21    0.26    2.62 v _0474_/X (sky130_fd_sc_hd__buf_1)
    16    0.04                           _0176_ (net)
                  0.21    0.00    2.62 v _0624_/A2 (sky130_fd_sc_hd__o211a_2)
                  0.09    0.39    3.01 v _0624_/X (sky130_fd_sc_hd__o211a_2)
     8    0.02                           _0292_ (net)
                  0.09    0.00    3.01 v _0631_/S (sky130_fd_sc_hd__mux2_2)
                  0.05    0.29    3.30 v _0631_/X (sky130_fd_sc_hd__mux2_2)
     1    0.00                           _0296_ (net)
                  0.05    0.00    3.30 v _0632_/A (sky130_fd_sc_hd__buf_1)
                  0.02    0.09    3.38 v _0632_/X (sky130_fd_sc_hd__buf_1)
     1    0.00                           _0035_ (net)
                  0.02    0.00    3.38 v _0941_/D (sky130_fd_sc_hd__dfxtp_2)
                                  3.38   data arrival time

                  0.15   10.00   10.00   clock w_clk (rise edge)
                          0.00   10.00   clock network delay (ideal)
                         -0.25    9.75   clock uncertainty
                          0.00    9.75   clock reconvergence pessimism
                                  9.75 ^ _0941_/CLK (sky130_fd_sc_hd__dfxtp_2)
                         -0.08    9.67   library setup time
                                  9.67   data required time
-----------------------------------------------------------------------------
                                  9.67   data required time
                                 -3.38   data arrival time
-----------------------------------------------------------------------------
                                  6.29   slack (MET)


Startpoint: _1060_ (rising edge-triggered flip-flop clocked by w_clk)
Endpoint: _0942_ (rising edge-triggered flip-flop clocked by w_clk)
Path Group: w_clk
Path Type: max

Fanout     Cap    Slew   Delay    Time   Description
-----------------------------------------------------------------------------
                  0.15    0.00    0.00   clock w_clk (rise edge)
                          0.00    0.00   clock network delay (ideal)
                  0.15    0.00    0.00 ^ _1060_/CLK (sky130_fd_sc_hd__dfrtp_2)
                  0.04    0.43    0.43 v _1060_/Q (sky130_fd_sc_hd__dfrtp_2)
     1    0.00                           w_ptr_b[0] (net)
                  0.04    0.00    0.43 v _0453_/A (sky130_fd_sc_hd__buf_1)
                  0.22    0.25    0.68 v _0453_/X (sky130_fd_sc_hd__buf_1)
    13    0.04                           _0155_ (net)
                  0.22    0.00    0.68 v _0456_/A (sky130_fd_sc_hd__and3_2)
                  0.04    0.26    0.94 v _0456_/X (sky130_fd_sc_hd__and3_2)
     1    0.00                           _0158_ (net)
                  0.04    0.00    0.94 v _0457_/A (sky130_fd_sc_hd__buf_1)
                  0.12    0.17    1.11 v _0457_/X (sky130_fd_sc_hd__buf_1)
     5    0.02                           _0159_ (net)
                  0.12    0.00    1.11 v _0465_/A (sky130_fd_sc_hd__or3_2)
                  0.11    0.56    1.67 v _0465_/X (sky130_fd_sc_hd__or3_2)
     3    0.01                           _0167_ (net)
                  0.11    0.00    1.67 v _0466_/A2 (sky130_fd_sc_hd__a21bo_2)
                  0.03    0.24    1.91 v _0466_/X (sky130_fd_sc_hd__a21bo_2)
     1    0.00                           _0168_ (net)
                  0.03    0.00    1.91 v _0473_/A1 (sky130_fd_sc_hd__a2111o_2)
                  0.08    0.45    2.36 v _0473_/X (sky130_fd_sc_hd__a2111o_2)
     4    0.01                           _0175_ (net)
                  0.08    0.00    2.36 v _0474_/A (sky130_fd_sc_hd__buf_1)
                  0.21    0.26    2.62 v _0474_/X (sky130_fd_sc_hd__buf_1)
    16    0.04                           _0176_ (net)
                  0.21    0.00    2.62 v _0624_/A2 (sky130_fd_sc_hd__o211a_2)
                  0.09    0.39    3.01 v _0624_/X (sky130_fd_sc_hd__o211a_2)
     8    0.02                           _0292_ (net)
                  0.09    0.00    3.01 v _0633_/S (sky130_fd_sc_hd__mux2_2)
                  0.05    0.29    3.30 v _0633_/X (sky130_fd_sc_hd__mux2_2)
     1    0.00                           _0297_ (net)
                  0.05    0.00    3.30 v _0634_/A (sky130_fd_sc_hd__buf_1)
                  0.02    0.09    3.38 v _0634_/X (sky130_fd_sc_hd__buf_1)
     1    0.00                           _0036_ (net)
                  0.02    0.00    3.38 v _0942_/D (sky130_fd_sc_hd__dfxtp_2)
                                  3.38   data arrival time

                  0.15   10.00   10.00   clock w_clk (rise edge)
                          0.00   10.00   clock network delay (ideal)
                         -0.25    9.75   clock uncertainty
                          0.00    9.75   clock reconvergence pessimism
                                  9.75 ^ _0942_/CLK (sky130_fd_sc_hd__dfxtp_2)
                         -0.08    9.67   library setup time
                                  9.67   data required time
-----------------------------------------------------------------------------
                                  9.67   data required time
                                 -3.38   data arrival time
-----------------------------------------------------------------------------
                                  6.29   slack (MET)


Startpoint: _1060_ (rising edge-triggered flip-flop clocked by w_clk)
Endpoint: _0943_ (rising edge-triggered flip-flop clocked by w_clk)
Path Group: w_clk
Path Type: max

Fanout     Cap    Slew   Delay    Time   Description
-----------------------------------------------------------------------------
                  0.15    0.00    0.00   clock w_clk (rise edge)
                          0.00    0.00   clock network delay (ideal)
                  0.15    0.00    0.00 ^ _1060_/CLK (sky130_fd_sc_hd__dfrtp_2)
                  0.04    0.43    0.43 v _1060_/Q (sky130_fd_sc_hd__dfrtp_2)
     1    0.00                           w_ptr_b[0] (net)
                  0.04    0.00    0.43 v _0453_/A (sky130_fd_sc_hd__buf_1)
                  0.22    0.25    0.68 v _0453_/X (sky130_fd_sc_hd__buf_1)
    13    0.04                           _0155_ (net)
                  0.22    0.00    0.68 v _0456_/A (sky130_fd_sc_hd__and3_2)
                  0.04    0.26    0.94 v _0456_/X (sky130_fd_sc_hd__and3_2)
     1    0.00                           _0158_ (net)
                  0.04    0.00    0.94 v _0457_/A (sky130_fd_sc_hd__buf_1)
                  0.12    0.17    1.11 v _0457_/X (sky130_fd_sc_hd__buf_1)
     5    0.02                           _0159_ (net)
                  0.12    0.00    1.11 v _0465_/A (sky130_fd_sc_hd__or3_2)
                  0.11    0.56    1.67 v _0465_/X (sky130_fd_sc_hd__or3_2)
     3    0.01                           _0167_ (net)
                  0.11    0.00    1.67 v _0466_/A2 (sky130_fd_sc_hd__a21bo_2)
                  0.03    0.24    1.91 v _0466_/X (sky130_fd_sc_hd__a21bo_2)
     1    0.00                           _0168_ (net)
                  0.03    0.00    1.91 v _0473_/A1 (sky130_fd_sc_hd__a2111o_2)
                  0.08    0.45    2.36 v _0473_/X (sky130_fd_sc_hd__a2111o_2)
     4    0.01                           _0175_ (net)
                  0.08    0.00    2.36 v _0474_/A (sky130_fd_sc_hd__buf_1)
                  0.21    0.26    2.62 v _0474_/X (sky130_fd_sc_hd__buf_1)
    16    0.04                           _0176_ (net)
                  0.21    0.00    2.62 v _0624_/A2 (sky130_fd_sc_hd__o211a_2)
                  0.09    0.39    3.01 v _0624_/X (sky130_fd_sc_hd__o211a_2)
     8    0.02                           _0292_ (net)
                  0.09    0.00    3.01 v _0635_/S (sky130_fd_sc_hd__mux2_2)
                  0.05    0.29    3.30 v _0635_/X (sky130_fd_sc_hd__mux2_2)
     1    0.00                           _0298_ (net)
                  0.05    0.00    3.30 v _0636_/A (sky130_fd_sc_hd__buf_1)
                  0.02    0.09    3.38 v _0636_/X (sky130_fd_sc_hd__buf_1)
     1    0.00                           _0037_ (net)
                  0.02    0.00    3.38 v _0943_/D (sky130_fd_sc_hd__dfxtp_2)
                                  3.38   data arrival time

                  0.15   10.00   10.00   clock w_clk (rise edge)
                          0.00   10.00   clock network delay (ideal)
                         -0.25    9.75   clock uncertainty
                          0.00    9.75   clock reconvergence pessimism
                                  9.75 ^ _0943_/CLK (sky130_fd_sc_hd__dfxtp_2)
                         -0.08    9.67   library setup time
                                  9.67   data required time
-----------------------------------------------------------------------------
                                  9.67   data required time
                                 -3.38   data arrival time
-----------------------------------------------------------------------------
                                  6.29   slack (MET)


Startpoint: _1060_ (rising edge-triggered flip-flop clocked by w_clk)
Endpoint: _0944_ (rising edge-triggered flip-flop clocked by w_clk)
Path Group: w_clk
Path Type: max

Fanout     Cap    Slew   Delay    Time   Description
-----------------------------------------------------------------------------
                  0.15    0.00    0.00   clock w_clk (rise edge)
                          0.00    0.00   clock network delay (ideal)
                  0.15    0.00    0.00 ^ _1060_/CLK (sky130_fd_sc_hd__dfrtp_2)
                  0.04    0.43    0.43 v _1060_/Q (sky130_fd_sc_hd__dfrtp_2)
     1    0.00                           w_ptr_b[0] (net)
                  0.04    0.00    0.43 v _0453_/A (sky130_fd_sc_hd__buf_1)
                  0.22    0.25    0.68 v _0453_/X (sky130_fd_sc_hd__buf_1)
    13    0.04                           _0155_ (net)
                  0.22    0.00    0.68 v _0456_/A (sky130_fd_sc_hd__and3_2)
                  0.04    0.26    0.94 v _0456_/X (sky130_fd_sc_hd__and3_2)
     1    0.00                           _0158_ (net)
                  0.04    0.00    0.94 v _0457_/A (sky130_fd_sc_hd__buf_1)
                  0.12    0.17    1.11 v _0457_/X (sky130_fd_sc_hd__buf_1)
     5    0.02                           _0159_ (net)
                  0.12    0.00    1.11 v _0465_/A (sky130_fd_sc_hd__or3_2)
                  0.11    0.56    1.67 v _0465_/X (sky130_fd_sc_hd__or3_2)
     3    0.01                           _0167_ (net)
                  0.11    0.00    1.67 v _0466_/A2 (sky130_fd_sc_hd__a21bo_2)
                  0.03    0.24    1.91 v _0466_/X (sky130_fd_sc_hd__a21bo_2)
     1    0.00                           _0168_ (net)
                  0.03    0.00    1.91 v _0473_/A1 (sky130_fd_sc_hd__a2111o_2)
                  0.08    0.45    2.36 v _0473_/X (sky130_fd_sc_hd__a2111o_2)
     4    0.01                           _0175_ (net)
                  0.08    0.00    2.36 v _0474_/A (sky130_fd_sc_hd__buf_1)
                  0.21    0.26    2.62 v _0474_/X (sky130_fd_sc_hd__buf_1)
    16    0.04                           _0176_ (net)
                  0.21    0.00    2.62 v _0624_/A2 (sky130_fd_sc_hd__o211a_2)
                  0.09    0.39    3.01 v _0624_/X (sky130_fd_sc_hd__o211a_2)
     8    0.02                           _0292_ (net)
                  0.09    0.00    3.01 v _0637_/S (sky130_fd_sc_hd__mux2_2)
                  0.05    0.29    3.30 v _0637_/X (sky130_fd_sc_hd__mux2_2)
     1    0.00                           _0299_ (net)
                  0.05    0.00    3.30 v _0638_/A (sky130_fd_sc_hd__buf_1)
                  0.02    0.09    3.38 v _0638_/X (sky130_fd_sc_hd__buf_1)
     1    0.00                           _0038_ (net)
                  0.02    0.00    3.38 v _0944_/D (sky130_fd_sc_hd__dfxtp_2)
                                  3.38   data arrival time

                  0.15   10.00   10.00   clock w_clk (rise edge)
                          0.00   10.00   clock network delay (ideal)
                         -0.25    9.75   clock uncertainty
                          0.00    9.75   clock reconvergence pessimism
                                  9.75 ^ _0944_/CLK (sky130_fd_sc_hd__dfxtp_2)
                         -0.08    9.67   library setup time
                                  9.67   data required time
-----------------------------------------------------------------------------
                                  9.67   data required time
                                 -3.38   data arrival time
-----------------------------------------------------------------------------
                                  6.29   slack (MET)


Startpoint: _1060_ (rising edge-triggered flip-flop clocked by w_clk)
Endpoint: _0945_ (rising edge-triggered flip-flop clocked by w_clk)
Path Group: w_clk
Path Type: max

Fanout     Cap    Slew   Delay    Time   Description
-----------------------------------------------------------------------------
                  0.15    0.00    0.00   clock w_clk (rise edge)
                          0.00    0.00   clock network delay (ideal)
                  0.15    0.00    0.00 ^ _1060_/CLK (sky130_fd_sc_hd__dfrtp_2)
                  0.04    0.43    0.43 v _1060_/Q (sky130_fd_sc_hd__dfrtp_2)
     1    0.00                           w_ptr_b[0] (net)
                  0.04    0.00    0.43 v _0453_/A (sky130_fd_sc_hd__buf_1)
                  0.22    0.25    0.68 v _0453_/X (sky130_fd_sc_hd__buf_1)
    13    0.04                           _0155_ (net)
                  0.22    0.00    0.68 v _0456_/A (sky130_fd_sc_hd__and3_2)
                  0.04    0.26    0.94 v _0456_/X (sky130_fd_sc_hd__and3_2)
     1    0.00                           _0158_ (net)
                  0.04    0.00    0.94 v _0457_/A (sky130_fd_sc_hd__buf_1)
                  0.12    0.17    1.11 v _0457_/X (sky130_fd_sc_hd__buf_1)
     5    0.02                           _0159_ (net)
                  0.12    0.00    1.11 v _0465_/A (sky130_fd_sc_hd__or3_2)
                  0.11    0.56    1.67 v _0465_/X (sky130_fd_sc_hd__or3_2)
     3    0.01                           _0167_ (net)
                  0.11    0.00    1.67 v _0466_/A2 (sky130_fd_sc_hd__a21bo_2)
                  0.03    0.24    1.91 v _0466_/X (sky130_fd_sc_hd__a21bo_2)
     1    0.00                           _0168_ (net)
                  0.03    0.00    1.91 v _0473_/A1 (sky130_fd_sc_hd__a2111o_2)
                  0.08    0.45    2.36 v _0473_/X (sky130_fd_sc_hd__a2111o_2)
     4    0.01                           _0175_ (net)
                  0.08    0.00    2.36 v _0474_/A (sky130_fd_sc_hd__buf_1)
                  0.21    0.26    2.62 v _0474_/X (sky130_fd_sc_hd__buf_1)
    16    0.04                           _0176_ (net)
                  0.21    0.00    2.62 v _0624_/A2 (sky130_fd_sc_hd__o211a_2)
                  0.09    0.39    3.01 v _0624_/X (sky130_fd_sc_hd__o211a_2)
     8    0.02                           _0292_ (net)
                  0.09    0.00    3.01 v _0639_/S (sky130_fd_sc_hd__mux2_2)
                  0.05    0.29    3.30 v _0639_/X (sky130_fd_sc_hd__mux2_2)
     1    0.00                           _0300_ (net)
                  0.05    0.00    3.30 v _0640_/A (sky130_fd_sc_hd__buf_1)
                  0.02    0.09    3.38 v _0640_/X (sky130_fd_sc_hd__buf_1)
     1    0.00                           _0039_ (net)
                  0.02    0.00    3.38 v _0945_/D (sky130_fd_sc_hd__dfxtp_2)
                                  3.38   data arrival time

                  0.15   10.00   10.00   clock w_clk (rise edge)
                          0.00   10.00   clock network delay (ideal)
                         -0.25    9.75   clock uncertainty
                          0.00    9.75   clock reconvergence pessimism
                                  9.75 ^ _0945_/CLK (sky130_fd_sc_hd__dfxtp_2)
                         -0.08    9.67   library setup time
                                  9.67   data required time
-----------------------------------------------------------------------------
                                  9.67   data required time
                                 -3.38   data arrival time
-----------------------------------------------------------------------------
                                  6.29   slack (MET)


Startpoint: _1060_ (rising edge-triggered flip-flop clocked by w_clk)
Endpoint: _0946_ (rising edge-triggered flip-flop clocked by w_clk)
Path Group: w_clk
Path Type: max

Fanout     Cap    Slew   Delay    Time   Description
-----------------------------------------------------------------------------
                  0.15    0.00    0.00   clock w_clk (rise edge)
                          0.00    0.00   clock network delay (ideal)
                  0.15    0.00    0.00 ^ _1060_/CLK (sky130_fd_sc_hd__dfrtp_2)
                  0.04    0.43    0.43 v _1060_/Q (sky130_fd_sc_hd__dfrtp_2)
     1    0.00                           w_ptr_b[0] (net)
                  0.04    0.00    0.43 v _0453_/A (sky130_fd_sc_hd__buf_1)
                  0.22    0.25    0.68 v _0453_/X (sky130_fd_sc_hd__buf_1)
    13    0.04                           _0155_ (net)
                  0.22    0.00    0.68 v _0456_/A (sky130_fd_sc_hd__and3_2)
                  0.04    0.26    0.94 v _0456_/X (sky130_fd_sc_hd__and3_2)
     1    0.00                           _0158_ (net)
                  0.04    0.00    0.94 v _0457_/A (sky130_fd_sc_hd__buf_1)
                  0.12    0.17    1.11 v _0457_/X (sky130_fd_sc_hd__buf_1)
     5    0.02                           _0159_ (net)
                  0.12    0.00    1.11 v _0465_/A (sky130_fd_sc_hd__or3_2)
                  0.11    0.56    1.67 v _0465_/X (sky130_fd_sc_hd__or3_2)
     3    0.01                           _0167_ (net)
                  0.11    0.00    1.67 v _0466_/A2 (sky130_fd_sc_hd__a21bo_2)
                  0.03    0.24    1.91 v _0466_/X (sky130_fd_sc_hd__a21bo_2)
     1    0.00                           _0168_ (net)
                  0.03    0.00    1.91 v _0473_/A1 (sky130_fd_sc_hd__a2111o_2)
                  0.08    0.45    2.36 v _0473_/X (sky130_fd_sc_hd__a2111o_2)
     4    0.01                           _0175_ (net)
                  0.08    0.00    2.36 v _0474_/A (sky130_fd_sc_hd__buf_1)
                  0.21    0.26    2.62 v _0474_/X (sky130_fd_sc_hd__buf_1)
    16    0.04                           _0176_ (net)
                  0.21    0.00    2.62 v _0642_/A2 (sky130_fd_sc_hd__o211a_2)
                  0.09    0.39    3.01 v _0642_/X (sky130_fd_sc_hd__o211a_2)
     8    0.02                           _0302_ (net)
                  0.09    0.00    3.01 v _0643_/S (sky130_fd_sc_hd__mux2_2)
                  0.05    0.29    3.30 v _0643_/X (sky130_fd_sc_hd__mux2_2)
     1    0.00                           _0303_ (net)
                  0.05    0.00    3.30 v _0644_/A (sky130_fd_sc_hd__buf_1)
                  0.02    0.09    3.38 v _0644_/X (sky130_fd_sc_hd__buf_1)
     1    0.00                           _0040_ (net)
                  0.02    0.00    3.38 v _0946_/D (sky130_fd_sc_hd__dfxtp_2)
                                  3.38   data arrival time

                  0.15   10.00   10.00   clock w_clk (rise edge)
                          0.00   10.00   clock network delay (ideal)
                         -0.25    9.75   clock uncertainty
                          0.00    9.75   clock reconvergence pessimism
                                  9.75 ^ _0946_/CLK (sky130_fd_sc_hd__dfxtp_2)
                         -0.08    9.67   library setup time
                                  9.67   data required time
-----------------------------------------------------------------------------
                                  9.67   data required time
                                 -3.38   data arrival time
-----------------------------------------------------------------------------
                                  6.29   slack (MET)


Startpoint: _1060_ (rising edge-triggered flip-flop clocked by w_clk)
Endpoint: _0947_ (rising edge-triggered flip-flop clocked by w_clk)
Path Group: w_clk
Path Type: max

Fanout     Cap    Slew   Delay    Time   Description
-----------------------------------------------------------------------------
                  0.15    0.00    0.00   clock w_clk (rise edge)
                          0.00    0.00   clock network delay (ideal)
                  0.15    0.00    0.00 ^ _1060_/CLK (sky130_fd_sc_hd__dfrtp_2)
                  0.04    0.43    0.43 v _1060_/Q (sky130_fd_sc_hd__dfrtp_2)
     1    0.00                           w_ptr_b[0] (net)
                  0.04    0.00    0.43 v _0453_/A (sky130_fd_sc_hd__buf_1)
                  0.22    0.25    0.68 v _0453_/X (sky130_fd_sc_hd__buf_1)
    13    0.04                           _0155_ (net)
                  0.22    0.00    0.68 v _0456_/A (sky130_fd_sc_hd__and3_2)
                  0.04    0.26    0.94 v _0456_/X (sky130_fd_sc_hd__and3_2)
     1    0.00                           _0158_ (net)
                  0.04    0.00    0.94 v _0457_/A (sky130_fd_sc_hd__buf_1)
                  0.12    0.17    1.11 v _0457_/X (sky130_fd_sc_hd__buf_1)
     5    0.02                           _0159_ (net)
                  0.12    0.00    1.11 v _0465_/A (sky130_fd_sc_hd__or3_2)
                  0.11    0.56    1.67 v _0465_/X (sky130_fd_sc_hd__or3_2)
     3    0.01                           _0167_ (net)
                  0.11    0.00    1.67 v _0466_/A2 (sky130_fd_sc_hd__a21bo_2)
                  0.03    0.24    1.91 v _0466_/X (sky130_fd_sc_hd__a21bo_2)
     1    0.00                           _0168_ (net)
                  0.03    0.00    1.91 v _0473_/A1 (sky130_fd_sc_hd__a2111o_2)
                  0.08    0.45    2.36 v _0473_/X (sky130_fd_sc_hd__a2111o_2)
     4    0.01                           _0175_ (net)
                  0.08    0.00    2.36 v _0474_/A (sky130_fd_sc_hd__buf_1)
                  0.21    0.26    2.62 v _0474_/X (sky130_fd_sc_hd__buf_1)
    16    0.04                           _0176_ (net)
                  0.21    0.00    2.62 v _0642_/A2 (sky130_fd_sc_hd__o211a_2)
                  0.09    0.39    3.01 v _0642_/X (sky130_fd_sc_hd__o211a_2)
     8    0.02                           _0302_ (net)
                  0.09    0.00    3.01 v _0645_/S (sky130_fd_sc_hd__mux2_2)
                  0.05    0.29    3.30 v _0645_/X (sky130_fd_sc_hd__mux2_2)
     1    0.00                           _0304_ (net)
                  0.05    0.00    3.30 v _0646_/A (sky130_fd_sc_hd__buf_1)
                  0.02    0.09    3.38 v _0646_/X (sky130_fd_sc_hd__buf_1)
     1    0.00                           _0041_ (net)
                  0.02    0.00    3.38 v _0947_/D (sky130_fd_sc_hd__dfxtp_2)
                                  3.38   data arrival time

                  0.15   10.00   10.00   clock w_clk (rise edge)
                          0.00   10.00   clock network delay (ideal)
                         -0.25    9.75   clock uncertainty
                          0.00    9.75   clock reconvergence pessimism
                                  9.75 ^ _0947_/CLK (sky130_fd_sc_hd__dfxtp_2)
                         -0.08    9.67   library setup time
                                  9.67   data required time
-----------------------------------------------------------------------------
                                  9.67   data required time
                                 -3.38   data arrival time
-----------------------------------------------------------------------------
                                  6.29   slack (MET)


Startpoint: _1060_ (rising edge-triggered flip-flop clocked by w_clk)
Endpoint: _0948_ (rising edge-triggered flip-flop clocked by w_clk)
Path Group: w_clk
Path Type: max

Fanout     Cap    Slew   Delay    Time   Description
-----------------------------------------------------------------------------
                  0.15    0.00    0.00   clock w_clk (rise edge)
                          0.00    0.00   clock network delay (ideal)
                  0.15    0.00    0.00 ^ _1060_/CLK (sky130_fd_sc_hd__dfrtp_2)
                  0.04    0.43    0.43 v _1060_/Q (sky130_fd_sc_hd__dfrtp_2)
     1    0.00                           w_ptr_b[0] (net)
                  0.04    0.00    0.43 v _0453_/A (sky130_fd_sc_hd__buf_1)
                  0.22    0.25    0.68 v _0453_/X (sky130_fd_sc_hd__buf_1)
    13    0.04                           _0155_ (net)
                  0.22    0.00    0.68 v _0456_/A (sky130_fd_sc_hd__and3_2)
                  0.04    0.26    0.94 v _0456_/X (sky130_fd_sc_hd__and3_2)
     1    0.00                           _0158_ (net)
                  0.04    0.00    0.94 v _0457_/A (sky130_fd_sc_hd__buf_1)
                  0.12    0.17    1.11 v _0457_/X (sky130_fd_sc_hd__buf_1)
     5    0.02                           _0159_ (net)
                  0.12    0.00    1.11 v _0465_/A (sky130_fd_sc_hd__or3_2)
                  0.11    0.56    1.67 v _0465_/X (sky130_fd_sc_hd__or3_2)
     3    0.01                           _0167_ (net)
                  0.11    0.00    1.67 v _0466_/A2 (sky130_fd_sc_hd__a21bo_2)
                  0.03    0.24    1.91 v _0466_/X (sky130_fd_sc_hd__a21bo_2)
     1    0.00                           _0168_ (net)
                  0.03    0.00    1.91 v _0473_/A1 (sky130_fd_sc_hd__a2111o_2)
                  0.08    0.45    2.36 v _0473_/X (sky130_fd_sc_hd__a2111o_2)
     4    0.01                           _0175_ (net)
                  0.08    0.00    2.36 v _0474_/A (sky130_fd_sc_hd__buf_1)
                  0.21    0.26    2.62 v _0474_/X (sky130_fd_sc_hd__buf_1)
    16    0.04                           _0176_ (net)
                  0.21    0.00    2.62 v _0642_/A2 (sky130_fd_sc_hd__o211a_2)
                  0.09    0.39    3.01 v _0642_/X (sky130_fd_sc_hd__o211a_2)
     8    0.02                           _0302_ (net)
                  0.09    0.00    3.01 v _0647_/S (sky130_fd_sc_hd__mux2_2)
                  0.05    0.29    3.30 v _0647_/X (sky130_fd_sc_hd__mux2_2)
     1    0.00                           _0305_ (net)
                  0.05    0.00    3.30 v _0648_/A (sky130_fd_sc_hd__buf_1)
                  0.02    0.09    3.38 v _0648_/X (sky130_fd_sc_hd__buf_1)
     1    0.00                           _0042_ (net)
                  0.02    0.00    3.38 v _0948_/D (sky130_fd_sc_hd__dfxtp_2)
                                  3.38   data arrival time

                  0.15   10.00   10.00   clock w_clk (rise edge)
                          0.00   10.00   clock network delay (ideal)
                         -0.25    9.75   clock uncertainty
                          0.00    9.75   clock reconvergence pessimism
                                  9.75 ^ _0948_/CLK (sky130_fd_sc_hd__dfxtp_2)
                         -0.08    9.67   library setup time
                                  9.67   data required time
-----------------------------------------------------------------------------
                                  9.67   data required time
                                 -3.38   data arrival time
-----------------------------------------------------------------------------
                                  6.29   slack (MET)


Startpoint: _1060_ (rising edge-triggered flip-flop clocked by w_clk)
Endpoint: _0949_ (rising edge-triggered flip-flop clocked by w_clk)
Path Group: w_clk
Path Type: max

Fanout     Cap    Slew   Delay    Time   Description
-----------------------------------------------------------------------------
                  0.15    0.00    0.00   clock w_clk (rise edge)
                          0.00    0.00   clock network delay (ideal)
                  0.15    0.00    0.00 ^ _1060_/CLK (sky130_fd_sc_hd__dfrtp_2)
                  0.04    0.43    0.43 v _1060_/Q (sky130_fd_sc_hd__dfrtp_2)
     1    0.00                           w_ptr_b[0] (net)
                  0.04    0.00    0.43 v _0453_/A (sky130_fd_sc_hd__buf_1)
                  0.22    0.25    0.68 v _0453_/X (sky130_fd_sc_hd__buf_1)
    13    0.04                           _0155_ (net)
                  0.22    0.00    0.68 v _0456_/A (sky130_fd_sc_hd__and3_2)
                  0.04    0.26    0.94 v _0456_/X (sky130_fd_sc_hd__and3_2)
     1    0.00                           _0158_ (net)
                  0.04    0.00    0.94 v _0457_/A (sky130_fd_sc_hd__buf_1)
                  0.12    0.17    1.11 v _0457_/X (sky130_fd_sc_hd__buf_1)
     5    0.02                           _0159_ (net)
                  0.12    0.00    1.11 v _0465_/A (sky130_fd_sc_hd__or3_2)
                  0.11    0.56    1.67 v _0465_/X (sky130_fd_sc_hd__or3_2)
     3    0.01                           _0167_ (net)
                  0.11    0.00    1.67 v _0466_/A2 (sky130_fd_sc_hd__a21bo_2)
                  0.03    0.24    1.91 v _0466_/X (sky130_fd_sc_hd__a21bo_2)
     1    0.00                           _0168_ (net)
                  0.03    0.00    1.91 v _0473_/A1 (sky130_fd_sc_hd__a2111o_2)
                  0.08    0.45    2.36 v _0473_/X (sky130_fd_sc_hd__a2111o_2)
     4    0.01                           _0175_ (net)
                  0.08    0.00    2.36 v _0474_/A (sky130_fd_sc_hd__buf_1)
                  0.21    0.26    2.62 v _0474_/X (sky130_fd_sc_hd__buf_1)
    16    0.04                           _0176_ (net)
                  0.21    0.00    2.62 v _0642_/A2 (sky130_fd_sc_hd__o211a_2)
                  0.09    0.39    3.01 v _0642_/X (sky130_fd_sc_hd__o211a_2)
     8    0.02                           _0302_ (net)
                  0.09    0.00    3.01 v _0649_/S (sky130_fd_sc_hd__mux2_2)
                  0.05    0.29    3.30 v _0649_/X (sky130_fd_sc_hd__mux2_2)
     1    0.00                           _0306_ (net)
                  0.05    0.00    3.30 v _0650_/A (sky130_fd_sc_hd__buf_1)
                  0.02    0.09    3.38 v _0650_/X (sky130_fd_sc_hd__buf_1)
     1    0.00                           _0043_ (net)
                  0.02    0.00    3.38 v _0949_/D (sky130_fd_sc_hd__dfxtp_2)
                                  3.38   data arrival time

                  0.15   10.00   10.00   clock w_clk (rise edge)
                          0.00   10.00   clock network delay (ideal)
                         -0.25    9.75   clock uncertainty
                          0.00    9.75   clock reconvergence pessimism
                                  9.75 ^ _0949_/CLK (sky130_fd_sc_hd__dfxtp_2)
                         -0.08    9.67   library setup time
                                  9.67   data required time
-----------------------------------------------------------------------------
                                  9.67   data required time
                                 -3.38   data arrival time
-----------------------------------------------------------------------------
                                  6.29   slack (MET)


Startpoint: _1060_ (rising edge-triggered flip-flop clocked by w_clk)
Endpoint: _0950_ (rising edge-triggered flip-flop clocked by w_clk)
Path Group: w_clk
Path Type: max

Fanout     Cap    Slew   Delay    Time   Description
-----------------------------------------------------------------------------
                  0.15    0.00    0.00   clock w_clk (rise edge)
                          0.00    0.00   clock network delay (ideal)
                  0.15    0.00    0.00 ^ _1060_/CLK (sky130_fd_sc_hd__dfrtp_2)
                  0.04    0.43    0.43 v _1060_/Q (sky130_fd_sc_hd__dfrtp_2)
     1    0.00                           w_ptr_b[0] (net)
                  0.04    0.00    0.43 v _0453_/A (sky130_fd_sc_hd__buf_1)
                  0.22    0.25    0.68 v _0453_/X (sky130_fd_sc_hd__buf_1)
    13    0.04                           _0155_ (net)
                  0.22    0.00    0.68 v _0456_/A (sky130_fd_sc_hd__and3_2)
                  0.04    0.26    0.94 v _0456_/X (sky130_fd_sc_hd__and3_2)
     1    0.00                           _0158_ (net)
                  0.04    0.00    0.94 v _0457_/A (sky130_fd_sc_hd__buf_1)
                  0.12    0.17    1.11 v _0457_/X (sky130_fd_sc_hd__buf_1)
     5    0.02                           _0159_ (net)
                  0.12    0.00    1.11 v _0465_/A (sky130_fd_sc_hd__or3_2)
                  0.11    0.56    1.67 v _0465_/X (sky130_fd_sc_hd__or3_2)
     3    0.01                           _0167_ (net)
                  0.11    0.00    1.67 v _0466_/A2 (sky130_fd_sc_hd__a21bo_2)
                  0.03    0.24    1.91 v _0466_/X (sky130_fd_sc_hd__a21bo_2)
     1    0.00                           _0168_ (net)
                  0.03    0.00    1.91 v _0473_/A1 (sky130_fd_sc_hd__a2111o_2)
                  0.08    0.45    2.36 v _0473_/X (sky130_fd_sc_hd__a2111o_2)
     4    0.01                           _0175_ (net)
                  0.08    0.00    2.36 v _0474_/A (sky130_fd_sc_hd__buf_1)
                  0.21    0.26    2.62 v _0474_/X (sky130_fd_sc_hd__buf_1)
    16    0.04                           _0176_ (net)
                  0.21    0.00    2.62 v _0642_/A2 (sky130_fd_sc_hd__o211a_2)
                  0.09    0.39    3.01 v _0642_/X (sky130_fd_sc_hd__o211a_2)
     8    0.02                           _0302_ (net)
                  0.09    0.00    3.01 v _0651_/S (sky130_fd_sc_hd__mux2_2)
                  0.05    0.29    3.30 v _0651_/X (sky130_fd_sc_hd__mux2_2)
     1    0.00                           _0307_ (net)
                  0.05    0.00    3.30 v _0652_/A (sky130_fd_sc_hd__buf_1)
                  0.02    0.09    3.38 v _0652_/X (sky130_fd_sc_hd__buf_1)
     1    0.00                           _0044_ (net)
                  0.02    0.00    3.38 v _0950_/D (sky130_fd_sc_hd__dfxtp_2)
                                  3.38   data arrival time

                  0.15   10.00   10.00   clock w_clk (rise edge)
                          0.00   10.00   clock network delay (ideal)
                         -0.25    9.75   clock uncertainty
                          0.00    9.75   clock reconvergence pessimism
                                  9.75 ^ _0950_/CLK (sky130_fd_sc_hd__dfxtp_2)
                         -0.08    9.67   library setup time
                                  9.67   data required time
-----------------------------------------------------------------------------
                                  9.67   data required time
                                 -3.38   data arrival time
-----------------------------------------------------------------------------
                                  6.29   slack (MET)


Startpoint: _1060_ (rising edge-triggered flip-flop clocked by w_clk)
Endpoint: _0951_ (rising edge-triggered flip-flop clocked by w_clk)
Path Group: w_clk
Path Type: max

Fanout     Cap    Slew   Delay    Time   Description
-----------------------------------------------------------------------------
                  0.15    0.00    0.00   clock w_clk (rise edge)
                          0.00    0.00   clock network delay (ideal)
                  0.15    0.00    0.00 ^ _1060_/CLK (sky130_fd_sc_hd__dfrtp_2)
                  0.04    0.43    0.43 v _1060_/Q (sky130_fd_sc_hd__dfrtp_2)
     1    0.00                           w_ptr_b[0] (net)
                  0.04    0.00    0.43 v _0453_/A (sky130_fd_sc_hd__buf_1)
                  0.22    0.25    0.68 v _0453_/X (sky130_fd_sc_hd__buf_1)
    13    0.04                           _0155_ (net)
                  0.22    0.00    0.68 v _0456_/A (sky130_fd_sc_hd__and3_2)
                  0.04    0.26    0.94 v _0456_/X (sky130_fd_sc_hd__and3_2)
     1    0.00                           _0158_ (net)
                  0.04    0.00    0.94 v _0457_/A (sky130_fd_sc_hd__buf_1)
                  0.12    0.17    1.11 v _0457_/X (sky130_fd_sc_hd__buf_1)
     5    0.02                           _0159_ (net)
                  0.12    0.00    1.11 v _0465_/A (sky130_fd_sc_hd__or3_2)
                  0.11    0.56    1.67 v _0465_/X (sky130_fd_sc_hd__or3_2)
     3    0.01                           _0167_ (net)
                  0.11    0.00    1.67 v _0466_/A2 (sky130_fd_sc_hd__a21bo_2)
                  0.03    0.24    1.91 v _0466_/X (sky130_fd_sc_hd__a21bo_2)
     1    0.00                           _0168_ (net)
                  0.03    0.00    1.91 v _0473_/A1 (sky130_fd_sc_hd__a2111o_2)
                  0.08    0.45    2.36 v _0473_/X (sky130_fd_sc_hd__a2111o_2)
     4    0.01                           _0175_ (net)
                  0.08    0.00    2.36 v _0474_/A (sky130_fd_sc_hd__buf_1)
                  0.21    0.26    2.62 v _0474_/X (sky130_fd_sc_hd__buf_1)
    16    0.04                           _0176_ (net)
                  0.21    0.00    2.62 v _0642_/A2 (sky130_fd_sc_hd__o211a_2)
                  0.09    0.39    3.01 v _0642_/X (sky130_fd_sc_hd__o211a_2)
     8    0.02                           _0302_ (net)
                  0.09    0.00    3.01 v _0653_/S (sky130_fd_sc_hd__mux2_2)
                  0.05    0.29    3.30 v _0653_/X (sky130_fd_sc_hd__mux2_2)
     1    0.00                           _0308_ (net)
                  0.05    0.00    3.30 v _0654_/A (sky130_fd_sc_hd__buf_1)
                  0.02    0.09    3.38 v _0654_/X (sky130_fd_sc_hd__buf_1)
     1    0.00                           _0045_ (net)
                  0.02    0.00    3.38 v _0951_/D (sky130_fd_sc_hd__dfxtp_2)
                                  3.38   data arrival time

                  0.15   10.00   10.00   clock w_clk (rise edge)
                          0.00   10.00   clock network delay (ideal)
                         -0.25    9.75   clock uncertainty
                          0.00    9.75   clock reconvergence pessimism
                                  9.75 ^ _0951_/CLK (sky130_fd_sc_hd__dfxtp_2)
                         -0.08    9.67   library setup time
                                  9.67   data required time
-----------------------------------------------------------------------------
                                  9.67   data required time
                                 -3.38   data arrival time
-----------------------------------------------------------------------------
                                  6.29   slack (MET)


Startpoint: _1060_ (rising edge-triggered flip-flop clocked by w_clk)
Endpoint: _0952_ (rising edge-triggered flip-flop clocked by w_clk)
Path Group: w_clk
Path Type: max

Fanout     Cap    Slew   Delay    Time   Description
-----------------------------------------------------------------------------
                  0.15    0.00    0.00   clock w_clk (rise edge)
                          0.00    0.00   clock network delay (ideal)
                  0.15    0.00    0.00 ^ _1060_/CLK (sky130_fd_sc_hd__dfrtp_2)
                  0.04    0.43    0.43 v _1060_/Q (sky130_fd_sc_hd__dfrtp_2)
     1    0.00                           w_ptr_b[0] (net)
                  0.04    0.00    0.43 v _0453_/A (sky130_fd_sc_hd__buf_1)
                  0.22    0.25    0.68 v _0453_/X (sky130_fd_sc_hd__buf_1)
    13    0.04                           _0155_ (net)
                  0.22    0.00    0.68 v _0456_/A (sky130_fd_sc_hd__and3_2)
                  0.04    0.26    0.94 v _0456_/X (sky130_fd_sc_hd__and3_2)
     1    0.00                           _0158_ (net)
                  0.04    0.00    0.94 v _0457_/A (sky130_fd_sc_hd__buf_1)
                  0.12    0.17    1.11 v _0457_/X (sky130_fd_sc_hd__buf_1)
     5    0.02                           _0159_ (net)
                  0.12    0.00    1.11 v _0465_/A (sky130_fd_sc_hd__or3_2)
                  0.11    0.56    1.67 v _0465_/X (sky130_fd_sc_hd__or3_2)
     3    0.01                           _0167_ (net)
                  0.11    0.00    1.67 v _0466_/A2 (sky130_fd_sc_hd__a21bo_2)
                  0.03    0.24    1.91 v _0466_/X (sky130_fd_sc_hd__a21bo_2)
     1    0.00                           _0168_ (net)
                  0.03    0.00    1.91 v _0473_/A1 (sky130_fd_sc_hd__a2111o_2)
                  0.08    0.45    2.36 v _0473_/X (sky130_fd_sc_hd__a2111o_2)
     4    0.01                           _0175_ (net)
                  0.08    0.00    2.36 v _0474_/A (sky130_fd_sc_hd__buf_1)
                  0.21    0.26    2.62 v _0474_/X (sky130_fd_sc_hd__buf_1)
    16    0.04                           _0176_ (net)
                  0.21    0.00    2.62 v _0642_/A2 (sky130_fd_sc_hd__o211a_2)
                  0.09    0.39    3.01 v _0642_/X (sky130_fd_sc_hd__o211a_2)
     8    0.02                           _0302_ (net)
                  0.09    0.00    3.01 v _0655_/S (sky130_fd_sc_hd__mux2_2)
                  0.05    0.29    3.30 v _0655_/X (sky130_fd_sc_hd__mux2_2)
     1    0.00                           _0309_ (net)
                  0.05    0.00    3.30 v _0656_/A (sky130_fd_sc_hd__buf_1)
                  0.02    0.09    3.38 v _0656_/X (sky130_fd_sc_hd__buf_1)
     1    0.00                           _0046_ (net)
                  0.02    0.00    3.38 v _0952_/D (sky130_fd_sc_hd__dfxtp_2)
                                  3.38   data arrival time

                  0.15   10.00   10.00   clock w_clk (rise edge)
                          0.00   10.00   clock network delay (ideal)
                         -0.25    9.75   clock uncertainty
                          0.00    9.75   clock reconvergence pessimism
                                  9.75 ^ _0952_/CLK (sky130_fd_sc_hd__dfxtp_2)
                         -0.08    9.67   library setup time
                                  9.67   data required time
-----------------------------------------------------------------------------
                                  9.67   data required time
                                 -3.38   data arrival time
-----------------------------------------------------------------------------
                                  6.29   slack (MET)


Startpoint: _1060_ (rising edge-triggered flip-flop clocked by w_clk)
Endpoint: _0953_ (rising edge-triggered flip-flop clocked by w_clk)
Path Group: w_clk
Path Type: max

Fanout     Cap    Slew   Delay    Time   Description
-----------------------------------------------------------------------------
                  0.15    0.00    0.00   clock w_clk (rise edge)
                          0.00    0.00   clock network delay (ideal)
                  0.15    0.00    0.00 ^ _1060_/CLK (sky130_fd_sc_hd__dfrtp_2)
                  0.04    0.43    0.43 v _1060_/Q (sky130_fd_sc_hd__dfrtp_2)
     1    0.00                           w_ptr_b[0] (net)
                  0.04    0.00    0.43 v _0453_/A (sky130_fd_sc_hd__buf_1)
                  0.22    0.25    0.68 v _0453_/X (sky130_fd_sc_hd__buf_1)
    13    0.04                           _0155_ (net)
                  0.22    0.00    0.68 v _0456_/A (sky130_fd_sc_hd__and3_2)
                  0.04    0.26    0.94 v _0456_/X (sky130_fd_sc_hd__and3_2)
     1    0.00                           _0158_ (net)
                  0.04    0.00    0.94 v _0457_/A (sky130_fd_sc_hd__buf_1)
                  0.12    0.17    1.11 v _0457_/X (sky130_fd_sc_hd__buf_1)
     5    0.02                           _0159_ (net)
                  0.12    0.00    1.11 v _0465_/A (sky130_fd_sc_hd__or3_2)
                  0.11    0.56    1.67 v _0465_/X (sky130_fd_sc_hd__or3_2)
     3    0.01                           _0167_ (net)
                  0.11    0.00    1.67 v _0466_/A2 (sky130_fd_sc_hd__a21bo_2)
                  0.03    0.24    1.91 v _0466_/X (sky130_fd_sc_hd__a21bo_2)
     1    0.00                           _0168_ (net)
                  0.03    0.00    1.91 v _0473_/A1 (sky130_fd_sc_hd__a2111o_2)
                  0.08    0.45    2.36 v _0473_/X (sky130_fd_sc_hd__a2111o_2)
     4    0.01                           _0175_ (net)
                  0.08    0.00    2.36 v _0474_/A (sky130_fd_sc_hd__buf_1)
                  0.21    0.26    2.62 v _0474_/X (sky130_fd_sc_hd__buf_1)
    16    0.04                           _0176_ (net)
                  0.21    0.00    2.62 v _0642_/A2 (sky130_fd_sc_hd__o211a_2)
                  0.09    0.39    3.01 v _0642_/X (sky130_fd_sc_hd__o211a_2)
     8    0.02                           _0302_ (net)
                  0.09    0.00    3.01 v _0657_/S (sky130_fd_sc_hd__mux2_2)
                  0.05    0.29    3.30 v _0657_/X (sky130_fd_sc_hd__mux2_2)
     1    0.00                           _0310_ (net)
                  0.05    0.00    3.30 v _0658_/A (sky130_fd_sc_hd__buf_1)
                  0.02    0.09    3.38 v _0658_/X (sky130_fd_sc_hd__buf_1)
     1    0.00                           _0047_ (net)
                  0.02    0.00    3.38 v _0953_/D (sky130_fd_sc_hd__dfxtp_2)
                                  3.38   data arrival time

                  0.15   10.00   10.00   clock w_clk (rise edge)
                          0.00   10.00   clock network delay (ideal)
                         -0.25    9.75   clock uncertainty
                          0.00    9.75   clock reconvergence pessimism
                                  9.75 ^ _0953_/CLK (sky130_fd_sc_hd__dfxtp_2)
                         -0.08    9.67   library setup time
                                  9.67   data required time
-----------------------------------------------------------------------------
                                  9.67   data required time
                                 -3.38   data arrival time
-----------------------------------------------------------------------------
                                  6.29   slack (MET)


Startpoint: _1060_ (rising edge-triggered flip-flop clocked by w_clk)
Endpoint: _0954_ (rising edge-triggered flip-flop clocked by w_clk)
Path Group: w_clk
Path Type: max

Fanout     Cap    Slew   Delay    Time   Description
-----------------------------------------------------------------------------
                  0.15    0.00    0.00   clock w_clk (rise edge)
                          0.00    0.00   clock network delay (ideal)
                  0.15    0.00    0.00 ^ _1060_/CLK (sky130_fd_sc_hd__dfrtp_2)
                  0.04    0.43    0.43 v _1060_/Q (sky130_fd_sc_hd__dfrtp_2)
     1    0.00                           w_ptr_b[0] (net)
                  0.04    0.00    0.43 v _0453_/A (sky130_fd_sc_hd__buf_1)
                  0.22    0.25    0.68 v _0453_/X (sky130_fd_sc_hd__buf_1)
    13    0.04                           _0155_ (net)
                  0.22    0.00    0.68 v _0456_/A (sky130_fd_sc_hd__and3_2)
                  0.04    0.26    0.94 v _0456_/X (sky130_fd_sc_hd__and3_2)
     1    0.00                           _0158_ (net)
                  0.04    0.00    0.94 v _0457_/A (sky130_fd_sc_hd__buf_1)
                  0.12    0.17    1.11 v _0457_/X (sky130_fd_sc_hd__buf_1)
     5    0.02                           _0159_ (net)
                  0.12    0.00    1.11 v _0465_/A (sky130_fd_sc_hd__or3_2)
                  0.11    0.56    1.67 v _0465_/X (sky130_fd_sc_hd__or3_2)
     3    0.01                           _0167_ (net)
                  0.11    0.00    1.67 v _0466_/A2 (sky130_fd_sc_hd__a21bo_2)
                  0.03    0.24    1.91 v _0466_/X (sky130_fd_sc_hd__a21bo_2)
     1    0.00                           _0168_ (net)
                  0.03    0.00    1.91 v _0473_/A1 (sky130_fd_sc_hd__a2111o_2)
                  0.08    0.45    2.36 v _0473_/X (sky130_fd_sc_hd__a2111o_2)
     4    0.01                           _0175_ (net)
                  0.08    0.00    2.36 v _0474_/A (sky130_fd_sc_hd__buf_1)
                  0.21    0.26    2.62 v _0474_/X (sky130_fd_sc_hd__buf_1)
    16    0.04                           _0176_ (net)
                  0.21    0.00    2.62 v _0660_/A2 (sky130_fd_sc_hd__o211a_2)
                  0.09    0.39    3.01 v _0660_/X (sky130_fd_sc_hd__o211a_2)
     8    0.02                           _0312_ (net)
                  0.09    0.00    3.01 v _0661_/S (sky130_fd_sc_hd__mux2_2)
                  0.05    0.29    3.30 v _0661_/X (sky130_fd_sc_hd__mux2_2)
     1    0.00                           _0313_ (net)
                  0.05    0.00    3.30 v _0662_/A (sky130_fd_sc_hd__buf_1)
                  0.02    0.09    3.38 v _0662_/X (sky130_fd_sc_hd__buf_1)
     1    0.00                           _0048_ (net)
                  0.02    0.00    3.38 v _0954_/D (sky130_fd_sc_hd__dfxtp_2)
                                  3.38   data arrival time

                  0.15   10.00   10.00   clock w_clk (rise edge)
                          0.00   10.00   clock network delay (ideal)
                         -0.25    9.75   clock uncertainty
                          0.00    9.75   clock reconvergence pessimism
                                  9.75 ^ _0954_/CLK (sky130_fd_sc_hd__dfxtp_2)
                         -0.08    9.67   library setup time
                                  9.67   data required time
-----------------------------------------------------------------------------
                                  9.67   data required time
                                 -3.38   data arrival time
-----------------------------------------------------------------------------
                                  6.29   slack (MET)


Startpoint: _1060_ (rising edge-triggered flip-flop clocked by w_clk)
Endpoint: _0955_ (rising edge-triggered flip-flop clocked by w_clk)
Path Group: w_clk
Path Type: max

Fanout     Cap    Slew   Delay    Time   Description
-----------------------------------------------------------------------------
                  0.15    0.00    0.00   clock w_clk (rise edge)
                          0.00    0.00   clock network delay (ideal)
                  0.15    0.00    0.00 ^ _1060_/CLK (sky130_fd_sc_hd__dfrtp_2)
                  0.04    0.43    0.43 v _1060_/Q (sky130_fd_sc_hd__dfrtp_2)
     1    0.00                           w_ptr_b[0] (net)
                  0.04    0.00    0.43 v _0453_/A (sky130_fd_sc_hd__buf_1)
                  0.22    0.25    0.68 v _0453_/X (sky130_fd_sc_hd__buf_1)
    13    0.04                           _0155_ (net)
                  0.22    0.00    0.68 v _0456_/A (sky130_fd_sc_hd__and3_2)
                  0.04    0.26    0.94 v _0456_/X (sky130_fd_sc_hd__and3_2)
     1    0.00                           _0158_ (net)
                  0.04    0.00    0.94 v _0457_/A (sky130_fd_sc_hd__buf_1)
                  0.12    0.17    1.11 v _0457_/X (sky130_fd_sc_hd__buf_1)
     5    0.02                           _0159_ (net)
                  0.12    0.00    1.11 v _0465_/A (sky130_fd_sc_hd__or3_2)
                  0.11    0.56    1.67 v _0465_/X (sky130_fd_sc_hd__or3_2)
     3    0.01                           _0167_ (net)
                  0.11    0.00    1.67 v _0466_/A2 (sky130_fd_sc_hd__a21bo_2)
                  0.03    0.24    1.91 v _0466_/X (sky130_fd_sc_hd__a21bo_2)
     1    0.00                           _0168_ (net)
                  0.03    0.00    1.91 v _0473_/A1 (sky130_fd_sc_hd__a2111o_2)
                  0.08    0.45    2.36 v _0473_/X (sky130_fd_sc_hd__a2111o_2)
     4    0.01                           _0175_ (net)
                  0.08    0.00    2.36 v _0474_/A (sky130_fd_sc_hd__buf_1)
                  0.21    0.26    2.62 v _0474_/X (sky130_fd_sc_hd__buf_1)
    16    0.04                           _0176_ (net)
                  0.21    0.00    2.62 v _0660_/A2 (sky130_fd_sc_hd__o211a_2)
                  0.09    0.39    3.01 v _0660_/X (sky130_fd_sc_hd__o211a_2)
     8    0.02                           _0312_ (net)
                  0.09    0.00    3.01 v _0663_/S (sky130_fd_sc_hd__mux2_2)
                  0.05    0.29    3.30 v _0663_/X (sky130_fd_sc_hd__mux2_2)
     1    0.00                           _0314_ (net)
                  0.05    0.00    3.30 v _0664_/A (sky130_fd_sc_hd__buf_1)
                  0.02    0.09    3.38 v _0664_/X (sky130_fd_sc_hd__buf_1)
     1    0.00                           _0049_ (net)
                  0.02    0.00    3.38 v _0955_/D (sky130_fd_sc_hd__dfxtp_2)
                                  3.38   data arrival time

                  0.15   10.00   10.00   clock w_clk (rise edge)
                          0.00   10.00   clock network delay (ideal)
                         -0.25    9.75   clock uncertainty
                          0.00    9.75   clock reconvergence pessimism
                                  9.75 ^ _0955_/CLK (sky130_fd_sc_hd__dfxtp_2)
                         -0.08    9.67   library setup time
                                  9.67   data required time
-----------------------------------------------------------------------------
                                  9.67   data required time
                                 -3.38   data arrival time
-----------------------------------------------------------------------------
                                  6.29   slack (MET)


Startpoint: _1060_ (rising edge-triggered flip-flop clocked by w_clk)
Endpoint: _0956_ (rising edge-triggered flip-flop clocked by w_clk)
Path Group: w_clk
Path Type: max

Fanout     Cap    Slew   Delay    Time   Description
-----------------------------------------------------------------------------
                  0.15    0.00    0.00   clock w_clk (rise edge)
                          0.00    0.00   clock network delay (ideal)
                  0.15    0.00    0.00 ^ _1060_/CLK (sky130_fd_sc_hd__dfrtp_2)
                  0.04    0.43    0.43 v _1060_/Q (sky130_fd_sc_hd__dfrtp_2)
     1    0.00                           w_ptr_b[0] (net)
                  0.04    0.00    0.43 v _0453_/A (sky130_fd_sc_hd__buf_1)
                  0.22    0.25    0.68 v _0453_/X (sky130_fd_sc_hd__buf_1)
    13    0.04                           _0155_ (net)
                  0.22    0.00    0.68 v _0456_/A (sky130_fd_sc_hd__and3_2)
                  0.04    0.26    0.94 v _0456_/X (sky130_fd_sc_hd__and3_2)
     1    0.00                           _0158_ (net)
                  0.04    0.00    0.94 v _0457_/A (sky130_fd_sc_hd__buf_1)
                  0.12    0.17    1.11 v _0457_/X (sky130_fd_sc_hd__buf_1)
     5    0.02                           _0159_ (net)
                  0.12    0.00    1.11 v _0465_/A (sky130_fd_sc_hd__or3_2)
                  0.11    0.56    1.67 v _0465_/X (sky130_fd_sc_hd__or3_2)
     3    0.01                           _0167_ (net)
                  0.11    0.00    1.67 v _0466_/A2 (sky130_fd_sc_hd__a21bo_2)
                  0.03    0.24    1.91 v _0466_/X (sky130_fd_sc_hd__a21bo_2)
     1    0.00                           _0168_ (net)
                  0.03    0.00    1.91 v _0473_/A1 (sky130_fd_sc_hd__a2111o_2)
                  0.08    0.45    2.36 v _0473_/X (sky130_fd_sc_hd__a2111o_2)
     4    0.01                           _0175_ (net)
                  0.08    0.00    2.36 v _0474_/A (sky130_fd_sc_hd__buf_1)
                  0.21    0.26    2.62 v _0474_/X (sky130_fd_sc_hd__buf_1)
    16    0.04                           _0176_ (net)
                  0.21    0.00    2.62 v _0660_/A2 (sky130_fd_sc_hd__o211a_2)
                  0.09    0.39    3.01 v _0660_/X (sky130_fd_sc_hd__o211a_2)
     8    0.02                           _0312_ (net)
                  0.09    0.00    3.01 v _0665_/S (sky130_fd_sc_hd__mux2_2)
                  0.05    0.29    3.30 v _0665_/X (sky130_fd_sc_hd__mux2_2)
     1    0.00                           _0315_ (net)
                  0.05    0.00    3.30 v _0666_/A (sky130_fd_sc_hd__buf_1)
                  0.02    0.09    3.38 v _0666_/X (sky130_fd_sc_hd__buf_1)
     1    0.00                           _0050_ (net)
                  0.02    0.00    3.38 v _0956_/D (sky130_fd_sc_hd__dfxtp_2)
                                  3.38   data arrival time

                  0.15   10.00   10.00   clock w_clk (rise edge)
                          0.00   10.00   clock network delay (ideal)
                         -0.25    9.75   clock uncertainty
                          0.00    9.75   clock reconvergence pessimism
                                  9.75 ^ _0956_/CLK (sky130_fd_sc_hd__dfxtp_2)
                         -0.08    9.67   library setup time
                                  9.67   data required time
-----------------------------------------------------------------------------
                                  9.67   data required time
                                 -3.38   data arrival time
-----------------------------------------------------------------------------
                                  6.29   slack (MET)


Startpoint: _1060_ (rising edge-triggered flip-flop clocked by w_clk)
Endpoint: _0957_ (rising edge-triggered flip-flop clocked by w_clk)
Path Group: w_clk
Path Type: max

Fanout     Cap    Slew   Delay    Time   Description
-----------------------------------------------------------------------------
                  0.15    0.00    0.00   clock w_clk (rise edge)
                          0.00    0.00   clock network delay (ideal)
                  0.15    0.00    0.00 ^ _1060_/CLK (sky130_fd_sc_hd__dfrtp_2)
                  0.04    0.43    0.43 v _1060_/Q (sky130_fd_sc_hd__dfrtp_2)
     1    0.00                           w_ptr_b[0] (net)
                  0.04    0.00    0.43 v _0453_/A (sky130_fd_sc_hd__buf_1)
                  0.22    0.25    0.68 v _0453_/X (sky130_fd_sc_hd__buf_1)
    13    0.04                           _0155_ (net)
                  0.22    0.00    0.68 v _0456_/A (sky130_fd_sc_hd__and3_2)
                  0.04    0.26    0.94 v _0456_/X (sky130_fd_sc_hd__and3_2)
     1    0.00                           _0158_ (net)
                  0.04    0.00    0.94 v _0457_/A (sky130_fd_sc_hd__buf_1)
                  0.12    0.17    1.11 v _0457_/X (sky130_fd_sc_hd__buf_1)
     5    0.02                           _0159_ (net)
                  0.12    0.00    1.11 v _0465_/A (sky130_fd_sc_hd__or3_2)
                  0.11    0.56    1.67 v _0465_/X (sky130_fd_sc_hd__or3_2)
     3    0.01                           _0167_ (net)
                  0.11    0.00    1.67 v _0466_/A2 (sky130_fd_sc_hd__a21bo_2)
                  0.03    0.24    1.91 v _0466_/X (sky130_fd_sc_hd__a21bo_2)
     1    0.00                           _0168_ (net)
                  0.03    0.00    1.91 v _0473_/A1 (sky130_fd_sc_hd__a2111o_2)
                  0.08    0.45    2.36 v _0473_/X (sky130_fd_sc_hd__a2111o_2)
     4    0.01                           _0175_ (net)
                  0.08    0.00    2.36 v _0474_/A (sky130_fd_sc_hd__buf_1)
                  0.21    0.26    2.62 v _0474_/X (sky130_fd_sc_hd__buf_1)
    16    0.04                           _0176_ (net)
                  0.21    0.00    2.62 v _0660_/A2 (sky130_fd_sc_hd__o211a_2)
                  0.09    0.39    3.01 v _0660_/X (sky130_fd_sc_hd__o211a_2)
     8    0.02                           _0312_ (net)
                  0.09    0.00    3.01 v _0667_/S (sky130_fd_sc_hd__mux2_2)
                  0.05    0.29    3.30 v _0667_/X (sky130_fd_sc_hd__mux2_2)
     1    0.00                           _0316_ (net)
                  0.05    0.00    3.30 v _0668_/A (sky130_fd_sc_hd__buf_1)
                  0.02    0.09    3.38 v _0668_/X (sky130_fd_sc_hd__buf_1)
     1    0.00                           _0051_ (net)
                  0.02    0.00    3.38 v _0957_/D (sky130_fd_sc_hd__dfxtp_2)
                                  3.38   data arrival time

                  0.15   10.00   10.00   clock w_clk (rise edge)
                          0.00   10.00   clock network delay (ideal)
                         -0.25    9.75   clock uncertainty
                          0.00    9.75   clock reconvergence pessimism
                                  9.75 ^ _0957_/CLK (sky130_fd_sc_hd__dfxtp_2)
                         -0.08    9.67   library setup time
                                  9.67   data required time
-----------------------------------------------------------------------------
                                  9.67   data required time
                                 -3.38   data arrival time
-----------------------------------------------------------------------------
                                  6.29   slack (MET)


Startpoint: _1060_ (rising edge-triggered flip-flop clocked by w_clk)
Endpoint: _0958_ (rising edge-triggered flip-flop clocked by w_clk)
Path Group: w_clk
Path Type: max

Fanout     Cap    Slew   Delay    Time   Description
-----------------------------------------------------------------------------
                  0.15    0.00    0.00   clock w_clk (rise edge)
                          0.00    0.00   clock network delay (ideal)
                  0.15    0.00    0.00 ^ _1060_/CLK (sky130_fd_sc_hd__dfrtp_2)
                  0.04    0.43    0.43 v _1060_/Q (sky130_fd_sc_hd__dfrtp_2)
     1    0.00                           w_ptr_b[0] (net)
                  0.04    0.00    0.43 v _0453_/A (sky130_fd_sc_hd__buf_1)
                  0.22    0.25    0.68 v _0453_/X (sky130_fd_sc_hd__buf_1)
    13    0.04                           _0155_ (net)
                  0.22    0.00    0.68 v _0456_/A (sky130_fd_sc_hd__and3_2)
                  0.04    0.26    0.94 v _0456_/X (sky130_fd_sc_hd__and3_2)
     1    0.00                           _0158_ (net)
                  0.04    0.00    0.94 v _0457_/A (sky130_fd_sc_hd__buf_1)
                  0.12    0.17    1.11 v _0457_/X (sky130_fd_sc_hd__buf_1)
     5    0.02                           _0159_ (net)
                  0.12    0.00    1.11 v _0465_/A (sky130_fd_sc_hd__or3_2)
                  0.11    0.56    1.67 v _0465_/X (sky130_fd_sc_hd__or3_2)
     3    0.01                           _0167_ (net)
                  0.11    0.00    1.67 v _0466_/A2 (sky130_fd_sc_hd__a21bo_2)
                  0.03    0.24    1.91 v _0466_/X (sky130_fd_sc_hd__a21bo_2)
     1    0.00                           _0168_ (net)
                  0.03    0.00    1.91 v _0473_/A1 (sky130_fd_sc_hd__a2111o_2)
                  0.08    0.45    2.36 v _0473_/X (sky130_fd_sc_hd__a2111o_2)
     4    0.01                           _0175_ (net)
                  0.08    0.00    2.36 v _0474_/A (sky130_fd_sc_hd__buf_1)
                  0.21    0.26    2.62 v _0474_/X (sky130_fd_sc_hd__buf_1)
    16    0.04                           _0176_ (net)
                  0.21    0.00    2.62 v _0660_/A2 (sky130_fd_sc_hd__o211a_2)
                  0.09    0.39    3.01 v _0660_/X (sky130_fd_sc_hd__o211a_2)
     8    0.02                           _0312_ (net)
                  0.09    0.00    3.01 v _0669_/S (sky130_fd_sc_hd__mux2_2)
                  0.05    0.29    3.30 v _0669_/X (sky130_fd_sc_hd__mux2_2)
     1    0.00                           _0317_ (net)
                  0.05    0.00    3.30 v _0670_/A (sky130_fd_sc_hd__buf_1)
                  0.02    0.09    3.38 v _0670_/X (sky130_fd_sc_hd__buf_1)
     1    0.00                           _0052_ (net)
                  0.02    0.00    3.38 v _0958_/D (sky130_fd_sc_hd__dfxtp_2)
                                  3.38   data arrival time

                  0.15   10.00   10.00   clock w_clk (rise edge)
                          0.00   10.00   clock network delay (ideal)
                         -0.25    9.75   clock uncertainty
                          0.00    9.75   clock reconvergence pessimism
                                  9.75 ^ _0958_/CLK (sky130_fd_sc_hd__dfxtp_2)
                         -0.08    9.67   library setup time
                                  9.67   data required time
-----------------------------------------------------------------------------
                                  9.67   data required time
                                 -3.38   data arrival time
-----------------------------------------------------------------------------
                                  6.29   slack (MET)


Startpoint: _1060_ (rising edge-triggered flip-flop clocked by w_clk)
Endpoint: _0959_ (rising edge-triggered flip-flop clocked by w_clk)
Path Group: w_clk
Path Type: max

Fanout     Cap    Slew   Delay    Time   Description
-----------------------------------------------------------------------------
                  0.15    0.00    0.00   clock w_clk (rise edge)
                          0.00    0.00   clock network delay (ideal)
                  0.15    0.00    0.00 ^ _1060_/CLK (sky130_fd_sc_hd__dfrtp_2)
                  0.04    0.43    0.43 v _1060_/Q (sky130_fd_sc_hd__dfrtp_2)
     1    0.00                           w_ptr_b[0] (net)
                  0.04    0.00    0.43 v _0453_/A (sky130_fd_sc_hd__buf_1)
                  0.22    0.25    0.68 v _0453_/X (sky130_fd_sc_hd__buf_1)
    13    0.04                           _0155_ (net)
                  0.22    0.00    0.68 v _0456_/A (sky130_fd_sc_hd__and3_2)
                  0.04    0.26    0.94 v _0456_/X (sky130_fd_sc_hd__and3_2)
     1    0.00                           _0158_ (net)
                  0.04    0.00    0.94 v _0457_/A (sky130_fd_sc_hd__buf_1)
                  0.12    0.17    1.11 v _0457_/X (sky130_fd_sc_hd__buf_1)
     5    0.02                           _0159_ (net)
                  0.12    0.00    1.11 v _0465_/A (sky130_fd_sc_hd__or3_2)
                  0.11    0.56    1.67 v _0465_/X (sky130_fd_sc_hd__or3_2)
     3    0.01                           _0167_ (net)
                  0.11    0.00    1.67 v _0466_/A2 (sky130_fd_sc_hd__a21bo_2)
                  0.03    0.24    1.91 v _0466_/X (sky130_fd_sc_hd__a21bo_2)
     1    0.00                           _0168_ (net)
                  0.03    0.00    1.91 v _0473_/A1 (sky130_fd_sc_hd__a2111o_2)
                  0.08    0.45    2.36 v _0473_/X (sky130_fd_sc_hd__a2111o_2)
     4    0.01                           _0175_ (net)
                  0.08    0.00    2.36 v _0474_/A (sky130_fd_sc_hd__buf_1)
                  0.21    0.26    2.62 v _0474_/X (sky130_fd_sc_hd__buf_1)
    16    0.04                           _0176_ (net)
                  0.21    0.00    2.62 v _0660_/A2 (sky130_fd_sc_hd__o211a_2)
                  0.09    0.39    3.01 v _0660_/X (sky130_fd_sc_hd__o211a_2)
     8    0.02                           _0312_ (net)
                  0.09    0.00    3.01 v _0671_/S (sky130_fd_sc_hd__mux2_2)
                  0.05    0.29    3.30 v _0671_/X (sky130_fd_sc_hd__mux2_2)
     1    0.00                           _0318_ (net)
                  0.05    0.00    3.30 v _0672_/A (sky130_fd_sc_hd__buf_1)
                  0.02    0.09    3.38 v _0672_/X (sky130_fd_sc_hd__buf_1)
     1    0.00                           _0053_ (net)
                  0.02    0.00    3.38 v _0959_/D (sky130_fd_sc_hd__dfxtp_2)
                                  3.38   data arrival time

                  0.15   10.00   10.00   clock w_clk (rise edge)
                          0.00   10.00   clock network delay (ideal)
                         -0.25    9.75   clock uncertainty
                          0.00    9.75   clock reconvergence pessimism
                                  9.75 ^ _0959_/CLK (sky130_fd_sc_hd__dfxtp_2)
                         -0.08    9.67   library setup time
                                  9.67   data required time
-----------------------------------------------------------------------------
                                  9.67   data required time
                                 -3.38   data arrival time
-----------------------------------------------------------------------------
                                  6.29   slack (MET)


Startpoint: _1060_ (rising edge-triggered flip-flop clocked by w_clk)
Endpoint: _0960_ (rising edge-triggered flip-flop clocked by w_clk)
Path Group: w_clk
Path Type: max

Fanout     Cap    Slew   Delay    Time   Description
-----------------------------------------------------------------------------
                  0.15    0.00    0.00   clock w_clk (rise edge)
                          0.00    0.00   clock network delay (ideal)
                  0.15    0.00    0.00 ^ _1060_/CLK (sky130_fd_sc_hd__dfrtp_2)
                  0.04    0.43    0.43 v _1060_/Q (sky130_fd_sc_hd__dfrtp_2)
     1    0.00                           w_ptr_b[0] (net)
                  0.04    0.00    0.43 v _0453_/A (sky130_fd_sc_hd__buf_1)
                  0.22    0.25    0.68 v _0453_/X (sky130_fd_sc_hd__buf_1)
    13    0.04                           _0155_ (net)
                  0.22    0.00    0.68 v _0456_/A (sky130_fd_sc_hd__and3_2)
                  0.04    0.26    0.94 v _0456_/X (sky130_fd_sc_hd__and3_2)
     1    0.00                           _0158_ (net)
                  0.04    0.00    0.94 v _0457_/A (sky130_fd_sc_hd__buf_1)
                  0.12    0.17    1.11 v _0457_/X (sky130_fd_sc_hd__buf_1)
     5    0.02                           _0159_ (net)
                  0.12    0.00    1.11 v _0465_/A (sky130_fd_sc_hd__or3_2)
                  0.11    0.56    1.67 v _0465_/X (sky130_fd_sc_hd__or3_2)
     3    0.01                           _0167_ (net)
                  0.11    0.00    1.67 v _0466_/A2 (sky130_fd_sc_hd__a21bo_2)
                  0.03    0.24    1.91 v _0466_/X (sky130_fd_sc_hd__a21bo_2)
     1    0.00                           _0168_ (net)
                  0.03    0.00    1.91 v _0473_/A1 (sky130_fd_sc_hd__a2111o_2)
                  0.08    0.45    2.36 v _0473_/X (sky130_fd_sc_hd__a2111o_2)
     4    0.01                           _0175_ (net)
                  0.08    0.00    2.36 v _0474_/A (sky130_fd_sc_hd__buf_1)
                  0.21    0.26    2.62 v _0474_/X (sky130_fd_sc_hd__buf_1)
    16    0.04                           _0176_ (net)
                  0.21    0.00    2.62 v _0660_/A2 (sky130_fd_sc_hd__o211a_2)
                  0.09    0.39    3.01 v _0660_/X (sky130_fd_sc_hd__o211a_2)
     8    0.02                           _0312_ (net)
                  0.09    0.00    3.01 v _0673_/S (sky130_fd_sc_hd__mux2_2)
                  0.05    0.29    3.30 v _0673_/X (sky130_fd_sc_hd__mux2_2)
     1    0.00                           _0319_ (net)
                  0.05    0.00    3.30 v _0674_/A (sky130_fd_sc_hd__buf_1)
                  0.02    0.09    3.38 v _0674_/X (sky130_fd_sc_hd__buf_1)
     1    0.00                           _0054_ (net)
                  0.02    0.00    3.38 v _0960_/D (sky130_fd_sc_hd__dfxtp_2)
                                  3.38   data arrival time

                  0.15   10.00   10.00   clock w_clk (rise edge)
                          0.00   10.00   clock network delay (ideal)
                         -0.25    9.75   clock uncertainty
                          0.00    9.75   clock reconvergence pessimism
                                  9.75 ^ _0960_/CLK (sky130_fd_sc_hd__dfxtp_2)
                         -0.08    9.67   library setup time
                                  9.67   data required time
-----------------------------------------------------------------------------
                                  9.67   data required time
                                 -3.38   data arrival time
-----------------------------------------------------------------------------
                                  6.29   slack (MET)


Startpoint: _1060_ (rising edge-triggered flip-flop clocked by w_clk)
Endpoint: _0961_ (rising edge-triggered flip-flop clocked by w_clk)
Path Group: w_clk
Path Type: max

Fanout     Cap    Slew   Delay    Time   Description
-----------------------------------------------------------------------------
                  0.15    0.00    0.00   clock w_clk (rise edge)
                          0.00    0.00   clock network delay (ideal)
                  0.15    0.00    0.00 ^ _1060_/CLK (sky130_fd_sc_hd__dfrtp_2)
                  0.04    0.43    0.43 v _1060_/Q (sky130_fd_sc_hd__dfrtp_2)
     1    0.00                           w_ptr_b[0] (net)
                  0.04    0.00    0.43 v _0453_/A (sky130_fd_sc_hd__buf_1)
                  0.22    0.25    0.68 v _0453_/X (sky130_fd_sc_hd__buf_1)
    13    0.04                           _0155_ (net)
                  0.22    0.00    0.68 v _0456_/A (sky130_fd_sc_hd__and3_2)
                  0.04    0.26    0.94 v _0456_/X (sky130_fd_sc_hd__and3_2)
     1    0.00                           _0158_ (net)
                  0.04    0.00    0.94 v _0457_/A (sky130_fd_sc_hd__buf_1)
                  0.12    0.17    1.11 v _0457_/X (sky130_fd_sc_hd__buf_1)
     5    0.02                           _0159_ (net)
                  0.12    0.00    1.11 v _0465_/A (sky130_fd_sc_hd__or3_2)
                  0.11    0.56    1.67 v _0465_/X (sky130_fd_sc_hd__or3_2)
     3    0.01                           _0167_ (net)
                  0.11    0.00    1.67 v _0466_/A2 (sky130_fd_sc_hd__a21bo_2)
                  0.03    0.24    1.91 v _0466_/X (sky130_fd_sc_hd__a21bo_2)
     1    0.00                           _0168_ (net)
                  0.03    0.00    1.91 v _0473_/A1 (sky130_fd_sc_hd__a2111o_2)
                  0.08    0.45    2.36 v _0473_/X (sky130_fd_sc_hd__a2111o_2)
     4    0.01                           _0175_ (net)
                  0.08    0.00    2.36 v _0474_/A (sky130_fd_sc_hd__buf_1)
                  0.21    0.26    2.62 v _0474_/X (sky130_fd_sc_hd__buf_1)
    16    0.04                           _0176_ (net)
                  0.21    0.00    2.62 v _0660_/A2 (sky130_fd_sc_hd__o211a_2)
                  0.09    0.39    3.01 v _0660_/X (sky130_fd_sc_hd__o211a_2)
     8    0.02                           _0312_ (net)
                  0.09    0.00    3.01 v _0675_/S (sky130_fd_sc_hd__mux2_2)
                  0.05    0.29    3.30 v _0675_/X (sky130_fd_sc_hd__mux2_2)
     1    0.00                           _0320_ (net)
                  0.05    0.00    3.30 v _0676_/A (sky130_fd_sc_hd__buf_1)
                  0.02    0.09    3.38 v _0676_/X (sky130_fd_sc_hd__buf_1)
     1    0.00                           _0055_ (net)
                  0.02    0.00    3.38 v _0961_/D (sky130_fd_sc_hd__dfxtp_2)
                                  3.38   data arrival time

                  0.15   10.00   10.00   clock w_clk (rise edge)
                          0.00   10.00   clock network delay (ideal)
                         -0.25    9.75   clock uncertainty
                          0.00    9.75   clock reconvergence pessimism
                                  9.75 ^ _0961_/CLK (sky130_fd_sc_hd__dfxtp_2)
                         -0.08    9.67   library setup time
                                  9.67   data required time
-----------------------------------------------------------------------------
                                  9.67   data required time
                                 -3.38   data arrival time
-----------------------------------------------------------------------------
                                  6.29   slack (MET)


Startpoint: _1060_ (rising edge-triggered flip-flop clocked by w_clk)
Endpoint: _0962_ (rising edge-triggered flip-flop clocked by w_clk)
Path Group: w_clk
Path Type: max

Fanout     Cap    Slew   Delay    Time   Description
-----------------------------------------------------------------------------
                  0.15    0.00    0.00   clock w_clk (rise edge)
                          0.00    0.00   clock network delay (ideal)
                  0.15    0.00    0.00 ^ _1060_/CLK (sky130_fd_sc_hd__dfrtp_2)
                  0.04    0.43    0.43 v _1060_/Q (sky130_fd_sc_hd__dfrtp_2)
     1    0.00                           w_ptr_b[0] (net)
                  0.04    0.00    0.43 v _0453_/A (sky130_fd_sc_hd__buf_1)
                  0.22    0.25    0.68 v _0453_/X (sky130_fd_sc_hd__buf_1)
    13    0.04                           _0155_ (net)
                  0.22    0.00    0.68 v _0456_/A (sky130_fd_sc_hd__and3_2)
                  0.04    0.26    0.94 v _0456_/X (sky130_fd_sc_hd__and3_2)
     1    0.00                           _0158_ (net)
                  0.04    0.00    0.94 v _0457_/A (sky130_fd_sc_hd__buf_1)
                  0.12    0.17    1.11 v _0457_/X (sky130_fd_sc_hd__buf_1)
     5    0.02                           _0159_ (net)
                  0.12    0.00    1.11 v _0465_/A (sky130_fd_sc_hd__or3_2)
                  0.11    0.56    1.67 v _0465_/X (sky130_fd_sc_hd__or3_2)
     3    0.01                           _0167_ (net)
                  0.11    0.00    1.67 v _0466_/A2 (sky130_fd_sc_hd__a21bo_2)
                  0.03    0.24    1.91 v _0466_/X (sky130_fd_sc_hd__a21bo_2)
     1    0.00                           _0168_ (net)
                  0.03    0.00    1.91 v _0473_/A1 (sky130_fd_sc_hd__a2111o_2)
                  0.08    0.45    2.36 v _0473_/X (sky130_fd_sc_hd__a2111o_2)
     4    0.01                           _0175_ (net)
                  0.08    0.00    2.36 v _0474_/A (sky130_fd_sc_hd__buf_1)
                  0.21    0.26    2.62 v _0474_/X (sky130_fd_sc_hd__buf_1)
    16    0.04                           _0176_ (net)
                  0.21    0.00    2.62 v _0680_/A2 (sky130_fd_sc_hd__o211a_2)
                  0.09    0.39    3.01 v _0680_/X (sky130_fd_sc_hd__o211a_2)
     8    0.02                           _0324_ (net)
                  0.09    0.00    3.01 v _0681_/S (sky130_fd_sc_hd__mux2_2)
                  0.05    0.29    3.30 v _0681_/X (sky130_fd_sc_hd__mux2_2)
     1    0.00                           _0325_ (net)
                  0.05    0.00    3.30 v _0682_/A (sky130_fd_sc_hd__buf_1)
                  0.02    0.09    3.38 v _0682_/X (sky130_fd_sc_hd__buf_1)
     1    0.00                           _0056_ (net)
                  0.02    0.00    3.38 v _0962_/D (sky130_fd_sc_hd__dfxtp_2)
                                  3.38   data arrival time

                  0.15   10.00   10.00   clock w_clk (rise edge)
                          0.00   10.00   clock network delay (ideal)
                         -0.25    9.75   clock uncertainty
                          0.00    9.75   clock reconvergence pessimism
                                  9.75 ^ _0962_/CLK (sky130_fd_sc_hd__dfxtp_2)
                         -0.08    9.67   library setup time
                                  9.67   data required time
-----------------------------------------------------------------------------
                                  9.67   data required time
                                 -3.38   data arrival time
-----------------------------------------------------------------------------
                                  6.29   slack (MET)


Startpoint: _1060_ (rising edge-triggered flip-flop clocked by w_clk)
Endpoint: _0963_ (rising edge-triggered flip-flop clocked by w_clk)
Path Group: w_clk
Path Type: max

Fanout     Cap    Slew   Delay    Time   Description
-----------------------------------------------------------------------------
                  0.15    0.00    0.00   clock w_clk (rise edge)
                          0.00    0.00   clock network delay (ideal)
                  0.15    0.00    0.00 ^ _1060_/CLK (sky130_fd_sc_hd__dfrtp_2)
                  0.04    0.43    0.43 v _1060_/Q (sky130_fd_sc_hd__dfrtp_2)
     1    0.00                           w_ptr_b[0] (net)
                  0.04    0.00    0.43 v _0453_/A (sky130_fd_sc_hd__buf_1)
                  0.22    0.25    0.68 v _0453_/X (sky130_fd_sc_hd__buf_1)
    13    0.04                           _0155_ (net)
                  0.22    0.00    0.68 v _0456_/A (sky130_fd_sc_hd__and3_2)
                  0.04    0.26    0.94 v _0456_/X (sky130_fd_sc_hd__and3_2)
     1    0.00                           _0158_ (net)
                  0.04    0.00    0.94 v _0457_/A (sky130_fd_sc_hd__buf_1)
                  0.12    0.17    1.11 v _0457_/X (sky130_fd_sc_hd__buf_1)
     5    0.02                           _0159_ (net)
                  0.12    0.00    1.11 v _0465_/A (sky130_fd_sc_hd__or3_2)
                  0.11    0.56    1.67 v _0465_/X (sky130_fd_sc_hd__or3_2)
     3    0.01                           _0167_ (net)
                  0.11    0.00    1.67 v _0466_/A2 (sky130_fd_sc_hd__a21bo_2)
                  0.03    0.24    1.91 v _0466_/X (sky130_fd_sc_hd__a21bo_2)
     1    0.00                           _0168_ (net)
                  0.03    0.00    1.91 v _0473_/A1 (sky130_fd_sc_hd__a2111o_2)
                  0.08    0.45    2.36 v _0473_/X (sky130_fd_sc_hd__a2111o_2)
     4    0.01                           _0175_ (net)
                  0.08    0.00    2.36 v _0474_/A (sky130_fd_sc_hd__buf_1)
                  0.21    0.26    2.62 v _0474_/X (sky130_fd_sc_hd__buf_1)
    16    0.04                           _0176_ (net)
                  0.21    0.00    2.62 v _0680_/A2 (sky130_fd_sc_hd__o211a_2)
                  0.09    0.39    3.01 v _0680_/X (sky130_fd_sc_hd__o211a_2)
     8    0.02                           _0324_ (net)
                  0.09    0.00    3.01 v _0683_/S (sky130_fd_sc_hd__mux2_2)
                  0.05    0.29    3.30 v _0683_/X (sky130_fd_sc_hd__mux2_2)
     1    0.00                           _0326_ (net)
                  0.05    0.00    3.30 v _0684_/A (sky130_fd_sc_hd__buf_1)
                  0.02    0.09    3.38 v _0684_/X (sky130_fd_sc_hd__buf_1)
     1    0.00                           _0057_ (net)
                  0.02    0.00    3.38 v _0963_/D (sky130_fd_sc_hd__dfxtp_2)
                                  3.38   data arrival time

                  0.15   10.00   10.00   clock w_clk (rise edge)
                          0.00   10.00   clock network delay (ideal)
                         -0.25    9.75   clock uncertainty
                          0.00    9.75   clock reconvergence pessimism
                                  9.75 ^ _0963_/CLK (sky130_fd_sc_hd__dfxtp_2)
                         -0.08    9.67   library setup time
                                  9.67   data required time
-----------------------------------------------------------------------------
                                  9.67   data required time
                                 -3.38   data arrival time
-----------------------------------------------------------------------------
                                  6.29   slack (MET)


Startpoint: _1060_ (rising edge-triggered flip-flop clocked by w_clk)
Endpoint: _0964_ (rising edge-triggered flip-flop clocked by w_clk)
Path Group: w_clk
Path Type: max

Fanout     Cap    Slew   Delay    Time   Description
-----------------------------------------------------------------------------
                  0.15    0.00    0.00   clock w_clk (rise edge)
                          0.00    0.00   clock network delay (ideal)
                  0.15    0.00    0.00 ^ _1060_/CLK (sky130_fd_sc_hd__dfrtp_2)
                  0.04    0.43    0.43 v _1060_/Q (sky130_fd_sc_hd__dfrtp_2)
     1    0.00                           w_ptr_b[0] (net)
                  0.04    0.00    0.43 v _0453_/A (sky130_fd_sc_hd__buf_1)
                  0.22    0.25    0.68 v _0453_/X (sky130_fd_sc_hd__buf_1)
    13    0.04                           _0155_ (net)
                  0.22    0.00    0.68 v _0456_/A (sky130_fd_sc_hd__and3_2)
                  0.04    0.26    0.94 v _0456_/X (sky130_fd_sc_hd__and3_2)
     1    0.00                           _0158_ (net)
                  0.04    0.00    0.94 v _0457_/A (sky130_fd_sc_hd__buf_1)
                  0.12    0.17    1.11 v _0457_/X (sky130_fd_sc_hd__buf_1)
     5    0.02                           _0159_ (net)
                  0.12    0.00    1.11 v _0465_/A (sky130_fd_sc_hd__or3_2)
                  0.11    0.56    1.67 v _0465_/X (sky130_fd_sc_hd__or3_2)
     3    0.01                           _0167_ (net)
                  0.11    0.00    1.67 v _0466_/A2 (sky130_fd_sc_hd__a21bo_2)
                  0.03    0.24    1.91 v _0466_/X (sky130_fd_sc_hd__a21bo_2)
     1    0.00                           _0168_ (net)
                  0.03    0.00    1.91 v _0473_/A1 (sky130_fd_sc_hd__a2111o_2)
                  0.08    0.45    2.36 v _0473_/X (sky130_fd_sc_hd__a2111o_2)
     4    0.01                           _0175_ (net)
                  0.08    0.00    2.36 v _0474_/A (sky130_fd_sc_hd__buf_1)
                  0.21    0.26    2.62 v _0474_/X (sky130_fd_sc_hd__buf_1)
    16    0.04                           _0176_ (net)
                  0.21    0.00    2.62 v _0680_/A2 (sky130_fd_sc_hd__o211a_2)
                  0.09    0.39    3.01 v _0680_/X (sky130_fd_sc_hd__o211a_2)
     8    0.02                           _0324_ (net)
                  0.09    0.00    3.01 v _0685_/S (sky130_fd_sc_hd__mux2_2)
                  0.05    0.29    3.30 v _0685_/X (sky130_fd_sc_hd__mux2_2)
     1    0.00                           _0327_ (net)
                  0.05    0.00    3.30 v _0686_/A (sky130_fd_sc_hd__buf_1)
                  0.02    0.09    3.38 v _0686_/X (sky130_fd_sc_hd__buf_1)
     1    0.00                           _0058_ (net)
                  0.02    0.00    3.38 v _0964_/D (sky130_fd_sc_hd__dfxtp_2)
                                  3.38   data arrival time

                  0.15   10.00   10.00   clock w_clk (rise edge)
                          0.00   10.00   clock network delay (ideal)
                         -0.25    9.75   clock uncertainty
                          0.00    9.75   clock reconvergence pessimism
                                  9.75 ^ _0964_/CLK (sky130_fd_sc_hd__dfxtp_2)
                         -0.08    9.67   library setup time
                                  9.67   data required time
-----------------------------------------------------------------------------
                                  9.67   data required time
                                 -3.38   data arrival time
-----------------------------------------------------------------------------
                                  6.29   slack (MET)


Startpoint: _1060_ (rising edge-triggered flip-flop clocked by w_clk)
Endpoint: _0965_ (rising edge-triggered flip-flop clocked by w_clk)
Path Group: w_clk
Path Type: max

Fanout     Cap    Slew   Delay    Time   Description
-----------------------------------------------------------------------------
                  0.15    0.00    0.00   clock w_clk (rise edge)
                          0.00    0.00   clock network delay (ideal)
                  0.15    0.00    0.00 ^ _1060_/CLK (sky130_fd_sc_hd__dfrtp_2)
                  0.04    0.43    0.43 v _1060_/Q (sky130_fd_sc_hd__dfrtp_2)
     1    0.00                           w_ptr_b[0] (net)
                  0.04    0.00    0.43 v _0453_/A (sky130_fd_sc_hd__buf_1)
                  0.22    0.25    0.68 v _0453_/X (sky130_fd_sc_hd__buf_1)
    13    0.04                           _0155_ (net)
                  0.22    0.00    0.68 v _0456_/A (sky130_fd_sc_hd__and3_2)
                  0.04    0.26    0.94 v _0456_/X (sky130_fd_sc_hd__and3_2)
     1    0.00                           _0158_ (net)
                  0.04    0.00    0.94 v _0457_/A (sky130_fd_sc_hd__buf_1)
                  0.12    0.17    1.11 v _0457_/X (sky130_fd_sc_hd__buf_1)
     5    0.02                           _0159_ (net)
                  0.12    0.00    1.11 v _0465_/A (sky130_fd_sc_hd__or3_2)
                  0.11    0.56    1.67 v _0465_/X (sky130_fd_sc_hd__or3_2)
     3    0.01                           _0167_ (net)
                  0.11    0.00    1.67 v _0466_/A2 (sky130_fd_sc_hd__a21bo_2)
                  0.03    0.24    1.91 v _0466_/X (sky130_fd_sc_hd__a21bo_2)
     1    0.00                           _0168_ (net)
                  0.03    0.00    1.91 v _0473_/A1 (sky130_fd_sc_hd__a2111o_2)
                  0.08    0.45    2.36 v _0473_/X (sky130_fd_sc_hd__a2111o_2)
     4    0.01                           _0175_ (net)
                  0.08    0.00    2.36 v _0474_/A (sky130_fd_sc_hd__buf_1)
                  0.21    0.26    2.62 v _0474_/X (sky130_fd_sc_hd__buf_1)
    16    0.04                           _0176_ (net)
                  0.21    0.00    2.62 v _0680_/A2 (sky130_fd_sc_hd__o211a_2)
                  0.09    0.39    3.01 v _0680_/X (sky130_fd_sc_hd__o211a_2)
     8    0.02                           _0324_ (net)
                  0.09    0.00    3.01 v _0687_/S (sky130_fd_sc_hd__mux2_2)
                  0.05    0.29    3.30 v _0687_/X (sky130_fd_sc_hd__mux2_2)
     1    0.00                           _0328_ (net)
                  0.05    0.00    3.30 v _0688_/A (sky130_fd_sc_hd__buf_1)
                  0.02    0.09    3.38 v _0688_/X (sky130_fd_sc_hd__buf_1)
     1    0.00                           _0059_ (net)
                  0.02    0.00    3.38 v _0965_/D (sky130_fd_sc_hd__dfxtp_2)
                                  3.38   data arrival time

                  0.15   10.00   10.00   clock w_clk (rise edge)
                          0.00   10.00   clock network delay (ideal)
                         -0.25    9.75   clock uncertainty
                          0.00    9.75   clock reconvergence pessimism
                                  9.75 ^ _0965_/CLK (sky130_fd_sc_hd__dfxtp_2)
                         -0.08    9.67   library setup time
                                  9.67   data required time
-----------------------------------------------------------------------------
                                  9.67   data required time
                                 -3.38   data arrival time
-----------------------------------------------------------------------------
                                  6.29   slack (MET)


Startpoint: _1060_ (rising edge-triggered flip-flop clocked by w_clk)
Endpoint: _0966_ (rising edge-triggered flip-flop clocked by w_clk)
Path Group: w_clk
Path Type: max

Fanout     Cap    Slew   Delay    Time   Description
-----------------------------------------------------------------------------
                  0.15    0.00    0.00   clock w_clk (rise edge)
                          0.00    0.00   clock network delay (ideal)
                  0.15    0.00    0.00 ^ _1060_/CLK (sky130_fd_sc_hd__dfrtp_2)
                  0.04    0.43    0.43 v _1060_/Q (sky130_fd_sc_hd__dfrtp_2)
     1    0.00                           w_ptr_b[0] (net)
                  0.04    0.00    0.43 v _0453_/A (sky130_fd_sc_hd__buf_1)
                  0.22    0.25    0.68 v _0453_/X (sky130_fd_sc_hd__buf_1)
    13    0.04                           _0155_ (net)
                  0.22    0.00    0.68 v _0456_/A (sky130_fd_sc_hd__and3_2)
                  0.04    0.26    0.94 v _0456_/X (sky130_fd_sc_hd__and3_2)
     1    0.00                           _0158_ (net)
                  0.04    0.00    0.94 v _0457_/A (sky130_fd_sc_hd__buf_1)
                  0.12    0.17    1.11 v _0457_/X (sky130_fd_sc_hd__buf_1)
     5    0.02                           _0159_ (net)
                  0.12    0.00    1.11 v _0465_/A (sky130_fd_sc_hd__or3_2)
                  0.11    0.56    1.67 v _0465_/X (sky130_fd_sc_hd__or3_2)
     3    0.01                           _0167_ (net)
                  0.11    0.00    1.67 v _0466_/A2 (sky130_fd_sc_hd__a21bo_2)
                  0.03    0.24    1.91 v _0466_/X (sky130_fd_sc_hd__a21bo_2)
     1    0.00                           _0168_ (net)
                  0.03    0.00    1.91 v _0473_/A1 (sky130_fd_sc_hd__a2111o_2)
                  0.08    0.45    2.36 v _0473_/X (sky130_fd_sc_hd__a2111o_2)
     4    0.01                           _0175_ (net)
                  0.08    0.00    2.36 v _0474_/A (sky130_fd_sc_hd__buf_1)
                  0.21    0.26    2.62 v _0474_/X (sky130_fd_sc_hd__buf_1)
    16    0.04                           _0176_ (net)
                  0.21    0.00    2.62 v _0680_/A2 (sky130_fd_sc_hd__o211a_2)
                  0.09    0.39    3.01 v _0680_/X (sky130_fd_sc_hd__o211a_2)
     8    0.02                           _0324_ (net)
                  0.09    0.00    3.01 v _0689_/S (sky130_fd_sc_hd__mux2_2)
                  0.05    0.29    3.30 v _0689_/X (sky130_fd_sc_hd__mux2_2)
     1    0.00                           _0329_ (net)
                  0.05    0.00    3.30 v _0690_/A (sky130_fd_sc_hd__buf_1)
                  0.02    0.09    3.38 v _0690_/X (sky130_fd_sc_hd__buf_1)
     1    0.00                           _0060_ (net)
                  0.02    0.00    3.38 v _0966_/D (sky130_fd_sc_hd__dfxtp_2)
                                  3.38   data arrival time

                  0.15   10.00   10.00   clock w_clk (rise edge)
                          0.00   10.00   clock network delay (ideal)
                         -0.25    9.75   clock uncertainty
                          0.00    9.75   clock reconvergence pessimism
                                  9.75 ^ _0966_/CLK (sky130_fd_sc_hd__dfxtp_2)
                         -0.08    9.67   library setup time
                                  9.67   data required time
-----------------------------------------------------------------------------
                                  9.67   data required time
                                 -3.38   data arrival time
-----------------------------------------------------------------------------
                                  6.29   slack (MET)


Startpoint: _1060_ (rising edge-triggered flip-flop clocked by w_clk)
Endpoint: _0967_ (rising edge-triggered flip-flop clocked by w_clk)
Path Group: w_clk
Path Type: max

Fanout     Cap    Slew   Delay    Time   Description
-----------------------------------------------------------------------------
                  0.15    0.00    0.00   clock w_clk (rise edge)
                          0.00    0.00   clock network delay (ideal)
                  0.15    0.00    0.00 ^ _1060_/CLK (sky130_fd_sc_hd__dfrtp_2)
                  0.04    0.43    0.43 v _1060_/Q (sky130_fd_sc_hd__dfrtp_2)
     1    0.00                           w_ptr_b[0] (net)
                  0.04    0.00    0.43 v _0453_/A (sky130_fd_sc_hd__buf_1)
                  0.22    0.25    0.68 v _0453_/X (sky130_fd_sc_hd__buf_1)
    13    0.04                           _0155_ (net)
                  0.22    0.00    0.68 v _0456_/A (sky130_fd_sc_hd__and3_2)
                  0.04    0.26    0.94 v _0456_/X (sky130_fd_sc_hd__and3_2)
     1    0.00                           _0158_ (net)
                  0.04    0.00    0.94 v _0457_/A (sky130_fd_sc_hd__buf_1)
                  0.12    0.17    1.11 v _0457_/X (sky130_fd_sc_hd__buf_1)
     5    0.02                           _0159_ (net)
                  0.12    0.00    1.11 v _0465_/A (sky130_fd_sc_hd__or3_2)
                  0.11    0.56    1.67 v _0465_/X (sky130_fd_sc_hd__or3_2)
     3    0.01                           _0167_ (net)
                  0.11    0.00    1.67 v _0466_/A2 (sky130_fd_sc_hd__a21bo_2)
                  0.03    0.24    1.91 v _0466_/X (sky130_fd_sc_hd__a21bo_2)
     1    0.00                           _0168_ (net)
                  0.03    0.00    1.91 v _0473_/A1 (sky130_fd_sc_hd__a2111o_2)
                  0.08    0.45    2.36 v _0473_/X (sky130_fd_sc_hd__a2111o_2)
     4    0.01                           _0175_ (net)
                  0.08    0.00    2.36 v _0474_/A (sky130_fd_sc_hd__buf_1)
                  0.21    0.26    2.62 v _0474_/X (sky130_fd_sc_hd__buf_1)
    16    0.04                           _0176_ (net)
                  0.21    0.00    2.62 v _0680_/A2 (sky130_fd_sc_hd__o211a_2)
                  0.09    0.39    3.01 v _0680_/X (sky130_fd_sc_hd__o211a_2)
     8    0.02                           _0324_ (net)
                  0.09    0.00    3.01 v _0691_/S (sky130_fd_sc_hd__mux2_2)
                  0.05    0.29    3.30 v _0691_/X (sky130_fd_sc_hd__mux2_2)
     1    0.00                           _0330_ (net)
                  0.05    0.00    3.30 v _0692_/A (sky130_fd_sc_hd__buf_1)
                  0.02    0.09    3.38 v _0692_/X (sky130_fd_sc_hd__buf_1)
     1    0.00                           _0061_ (net)
                  0.02    0.00    3.38 v _0967_/D (sky130_fd_sc_hd__dfxtp_2)
                                  3.38   data arrival time

                  0.15   10.00   10.00   clock w_clk (rise edge)
                          0.00   10.00   clock network delay (ideal)
                         -0.25    9.75   clock uncertainty
                          0.00    9.75   clock reconvergence pessimism
                                  9.75 ^ _0967_/CLK (sky130_fd_sc_hd__dfxtp_2)
                         -0.08    9.67   library setup time
                                  9.67   data required time
-----------------------------------------------------------------------------
                                  9.67   data required time
                                 -3.38   data arrival time
-----------------------------------------------------------------------------
                                  6.29   slack (MET)


Startpoint: _1060_ (rising edge-triggered flip-flop clocked by w_clk)
Endpoint: _0968_ (rising edge-triggered flip-flop clocked by w_clk)
Path Group: w_clk
Path Type: max

Fanout     Cap    Slew   Delay    Time   Description
-----------------------------------------------------------------------------
                  0.15    0.00    0.00   clock w_clk (rise edge)
                          0.00    0.00   clock network delay (ideal)
                  0.15    0.00    0.00 ^ _1060_/CLK (sky130_fd_sc_hd__dfrtp_2)
                  0.04    0.43    0.43 v _1060_/Q (sky130_fd_sc_hd__dfrtp_2)
     1    0.00                           w_ptr_b[0] (net)
                  0.04    0.00    0.43 v _0453_/A (sky130_fd_sc_hd__buf_1)
                  0.22    0.25    0.68 v _0453_/X (sky130_fd_sc_hd__buf_1)
    13    0.04                           _0155_ (net)
                  0.22    0.00    0.68 v _0456_/A (sky130_fd_sc_hd__and3_2)
                  0.04    0.26    0.94 v _0456_/X (sky130_fd_sc_hd__and3_2)
     1    0.00                           _0158_ (net)
                  0.04    0.00    0.94 v _0457_/A (sky130_fd_sc_hd__buf_1)
                  0.12    0.17    1.11 v _0457_/X (sky130_fd_sc_hd__buf_1)
     5    0.02                           _0159_ (net)
                  0.12    0.00    1.11 v _0465_/A (sky130_fd_sc_hd__or3_2)
                  0.11    0.56    1.67 v _0465_/X (sky130_fd_sc_hd__or3_2)
     3    0.01                           _0167_ (net)
                  0.11    0.00    1.67 v _0466_/A2 (sky130_fd_sc_hd__a21bo_2)
                  0.03    0.24    1.91 v _0466_/X (sky130_fd_sc_hd__a21bo_2)
     1    0.00                           _0168_ (net)
                  0.03    0.00    1.91 v _0473_/A1 (sky130_fd_sc_hd__a2111o_2)
                  0.08    0.45    2.36 v _0473_/X (sky130_fd_sc_hd__a2111o_2)
     4    0.01                           _0175_ (net)
                  0.08    0.00    2.36 v _0474_/A (sky130_fd_sc_hd__buf_1)
                  0.21    0.26    2.62 v _0474_/X (sky130_fd_sc_hd__buf_1)
    16    0.04                           _0176_ (net)
                  0.21    0.00    2.62 v _0680_/A2 (sky130_fd_sc_hd__o211a_2)
                  0.09    0.39    3.01 v _0680_/X (sky130_fd_sc_hd__o211a_2)
     8    0.02                           _0324_ (net)
                  0.09    0.00    3.01 v _0693_/S (sky130_fd_sc_hd__mux2_2)
                  0.05    0.29    3.30 v _0693_/X (sky130_fd_sc_hd__mux2_2)
     1    0.00                           _0331_ (net)
                  0.05    0.00    3.30 v _0694_/A (sky130_fd_sc_hd__buf_1)
                  0.02    0.09    3.38 v _0694_/X (sky130_fd_sc_hd__buf_1)
     1    0.00                           _0062_ (net)
                  0.02    0.00    3.38 v _0968_/D (sky130_fd_sc_hd__dfxtp_2)
                                  3.38   data arrival time

                  0.15   10.00   10.00   clock w_clk (rise edge)
                          0.00   10.00   clock network delay (ideal)
                         -0.25    9.75   clock uncertainty
                          0.00    9.75   clock reconvergence pessimism
                                  9.75 ^ _0968_/CLK (sky130_fd_sc_hd__dfxtp_2)
                         -0.08    9.67   library setup time
                                  9.67   data required time
-----------------------------------------------------------------------------
                                  9.67   data required time
                                 -3.38   data arrival time
-----------------------------------------------------------------------------
                                  6.29   slack (MET)


Startpoint: _1060_ (rising edge-triggered flip-flop clocked by w_clk)
Endpoint: _0969_ (rising edge-triggered flip-flop clocked by w_clk)
Path Group: w_clk
Path Type: max

Fanout     Cap    Slew   Delay    Time   Description
-----------------------------------------------------------------------------
                  0.15    0.00    0.00   clock w_clk (rise edge)
                          0.00    0.00   clock network delay (ideal)
                  0.15    0.00    0.00 ^ _1060_/CLK (sky130_fd_sc_hd__dfrtp_2)
                  0.04    0.43    0.43 v _1060_/Q (sky130_fd_sc_hd__dfrtp_2)
     1    0.00                           w_ptr_b[0] (net)
                  0.04    0.00    0.43 v _0453_/A (sky130_fd_sc_hd__buf_1)
                  0.22    0.25    0.68 v _0453_/X (sky130_fd_sc_hd__buf_1)
    13    0.04                           _0155_ (net)
                  0.22    0.00    0.68 v _0456_/A (sky130_fd_sc_hd__and3_2)
                  0.04    0.26    0.94 v _0456_/X (sky130_fd_sc_hd__and3_2)
     1    0.00                           _0158_ (net)
                  0.04    0.00    0.94 v _0457_/A (sky130_fd_sc_hd__buf_1)
                  0.12    0.17    1.11 v _0457_/X (sky130_fd_sc_hd__buf_1)
     5    0.02                           _0159_ (net)
                  0.12    0.00    1.11 v _0465_/A (sky130_fd_sc_hd__or3_2)
                  0.11    0.56    1.67 v _0465_/X (sky130_fd_sc_hd__or3_2)
     3    0.01                           _0167_ (net)
                  0.11    0.00    1.67 v _0466_/A2 (sky130_fd_sc_hd__a21bo_2)
                  0.03    0.24    1.91 v _0466_/X (sky130_fd_sc_hd__a21bo_2)
     1    0.00                           _0168_ (net)
                  0.03    0.00    1.91 v _0473_/A1 (sky130_fd_sc_hd__a2111o_2)
                  0.08    0.45    2.36 v _0473_/X (sky130_fd_sc_hd__a2111o_2)
     4    0.01                           _0175_ (net)
                  0.08    0.00    2.36 v _0474_/A (sky130_fd_sc_hd__buf_1)
                  0.21    0.26    2.62 v _0474_/X (sky130_fd_sc_hd__buf_1)
    16    0.04                           _0176_ (net)
                  0.21    0.00    2.62 v _0680_/A2 (sky130_fd_sc_hd__o211a_2)
                  0.09    0.39    3.01 v _0680_/X (sky130_fd_sc_hd__o211a_2)
     8    0.02                           _0324_ (net)
                  0.09    0.00    3.01 v _0695_/S (sky130_fd_sc_hd__mux2_2)
                  0.05    0.29    3.30 v _0695_/X (sky130_fd_sc_hd__mux2_2)
     1    0.00                           _0332_ (net)
                  0.05    0.00    3.30 v _0696_/A (sky130_fd_sc_hd__buf_1)
                  0.02    0.09    3.38 v _0696_/X (sky130_fd_sc_hd__buf_1)
     1    0.00                           _0063_ (net)
                  0.02    0.00    3.38 v _0969_/D (sky130_fd_sc_hd__dfxtp_2)
                                  3.38   data arrival time

                  0.15   10.00   10.00   clock w_clk (rise edge)
                          0.00   10.00   clock network delay (ideal)
                         -0.25    9.75   clock uncertainty
                          0.00    9.75   clock reconvergence pessimism
                                  9.75 ^ _0969_/CLK (sky130_fd_sc_hd__dfxtp_2)
                         -0.08    9.67   library setup time
                                  9.67   data required time
-----------------------------------------------------------------------------
                                  9.67   data required time
                                 -3.38   data arrival time
-----------------------------------------------------------------------------
                                  6.29   slack (MET)


Startpoint: _1060_ (rising edge-triggered flip-flop clocked by w_clk)
Endpoint: _0970_ (rising edge-triggered flip-flop clocked by w_clk)
Path Group: w_clk
Path Type: max

Fanout     Cap    Slew   Delay    Time   Description
-----------------------------------------------------------------------------
                  0.15    0.00    0.00   clock w_clk (rise edge)
                          0.00    0.00   clock network delay (ideal)
                  0.15    0.00    0.00 ^ _1060_/CLK (sky130_fd_sc_hd__dfrtp_2)
                  0.04    0.43    0.43 v _1060_/Q (sky130_fd_sc_hd__dfrtp_2)
     1    0.00                           w_ptr_b[0] (net)
                  0.04    0.00    0.43 v _0453_/A (sky130_fd_sc_hd__buf_1)
                  0.22    0.25    0.68 v _0453_/X (sky130_fd_sc_hd__buf_1)
    13    0.04                           _0155_ (net)
                  0.22    0.00    0.68 v _0456_/A (sky130_fd_sc_hd__and3_2)
                  0.04    0.26    0.94 v _0456_/X (sky130_fd_sc_hd__and3_2)
     1    0.00                           _0158_ (net)
                  0.04    0.00    0.94 v _0457_/A (sky130_fd_sc_hd__buf_1)
                  0.12    0.17    1.11 v _0457_/X (sky130_fd_sc_hd__buf_1)
     5    0.02                           _0159_ (net)
                  0.12    0.00    1.11 v _0465_/A (sky130_fd_sc_hd__or3_2)
                  0.11    0.56    1.67 v _0465_/X (sky130_fd_sc_hd__or3_2)
     3    0.01                           _0167_ (net)
                  0.11    0.00    1.67 v _0466_/A2 (sky130_fd_sc_hd__a21bo_2)
                  0.03    0.24    1.91 v _0466_/X (sky130_fd_sc_hd__a21bo_2)
     1    0.00                           _0168_ (net)
                  0.03    0.00    1.91 v _0473_/A1 (sky130_fd_sc_hd__a2111o_2)
                  0.08    0.45    2.36 v _0473_/X (sky130_fd_sc_hd__a2111o_2)
     4    0.01                           _0175_ (net)
                  0.08    0.00    2.36 v _0474_/A (sky130_fd_sc_hd__buf_1)
                  0.21    0.26    2.62 v _0474_/X (sky130_fd_sc_hd__buf_1)
    16    0.04                           _0176_ (net)
                  0.21    0.00    2.62 v _0699_/A2 (sky130_fd_sc_hd__o211a_2)
                  0.09    0.39    3.01 v _0699_/X (sky130_fd_sc_hd__o211a_2)
     8    0.02                           _0335_ (net)
                  0.09    0.00    3.01 v _0700_/S (sky130_fd_sc_hd__mux2_2)
                  0.05    0.29    3.30 v _0700_/X (sky130_fd_sc_hd__mux2_2)
     1    0.00                           _0336_ (net)
                  0.05    0.00    3.30 v _0701_/A (sky130_fd_sc_hd__buf_1)
                  0.02    0.09    3.38 v _0701_/X (sky130_fd_sc_hd__buf_1)
     1    0.00                           _0064_ (net)
                  0.02    0.00    3.38 v _0970_/D (sky130_fd_sc_hd__dfxtp_2)
                                  3.38   data arrival time

                  0.15   10.00   10.00   clock w_clk (rise edge)
                          0.00   10.00   clock network delay (ideal)
                         -0.25    9.75   clock uncertainty
                          0.00    9.75   clock reconvergence pessimism
                                  9.75 ^ _0970_/CLK (sky130_fd_sc_hd__dfxtp_2)
                         -0.08    9.67   library setup time
                                  9.67   data required time
-----------------------------------------------------------------------------
                                  9.67   data required time
                                 -3.38   data arrival time
-----------------------------------------------------------------------------
                                  6.29   slack (MET)


Startpoint: _1060_ (rising edge-triggered flip-flop clocked by w_clk)
Endpoint: _0971_ (rising edge-triggered flip-flop clocked by w_clk)
Path Group: w_clk
Path Type: max

Fanout     Cap    Slew   Delay    Time   Description
-----------------------------------------------------------------------------
                  0.15    0.00    0.00   clock w_clk (rise edge)
                          0.00    0.00   clock network delay (ideal)
                  0.15    0.00    0.00 ^ _1060_/CLK (sky130_fd_sc_hd__dfrtp_2)
                  0.04    0.43    0.43 v _1060_/Q (sky130_fd_sc_hd__dfrtp_2)
     1    0.00                           w_ptr_b[0] (net)
                  0.04    0.00    0.43 v _0453_/A (sky130_fd_sc_hd__buf_1)
                  0.22    0.25    0.68 v _0453_/X (sky130_fd_sc_hd__buf_1)
    13    0.04                           _0155_ (net)
                  0.22    0.00    0.68 v _0456_/A (sky130_fd_sc_hd__and3_2)
                  0.04    0.26    0.94 v _0456_/X (sky130_fd_sc_hd__and3_2)
     1    0.00                           _0158_ (net)
                  0.04    0.00    0.94 v _0457_/A (sky130_fd_sc_hd__buf_1)
                  0.12    0.17    1.11 v _0457_/X (sky130_fd_sc_hd__buf_1)
     5    0.02                           _0159_ (net)
                  0.12    0.00    1.11 v _0465_/A (sky130_fd_sc_hd__or3_2)
                  0.11    0.56    1.67 v _0465_/X (sky130_fd_sc_hd__or3_2)
     3    0.01                           _0167_ (net)
                  0.11    0.00    1.67 v _0466_/A2 (sky130_fd_sc_hd__a21bo_2)
                  0.03    0.24    1.91 v _0466_/X (sky130_fd_sc_hd__a21bo_2)
     1    0.00                           _0168_ (net)
                  0.03    0.00    1.91 v _0473_/A1 (sky130_fd_sc_hd__a2111o_2)
                  0.08    0.45    2.36 v _0473_/X (sky130_fd_sc_hd__a2111o_2)
     4    0.01                           _0175_ (net)
                  0.08    0.00    2.36 v _0474_/A (sky130_fd_sc_hd__buf_1)
                  0.21    0.26    2.62 v _0474_/X (sky130_fd_sc_hd__buf_1)
    16    0.04                           _0176_ (net)
                  0.21    0.00    2.62 v _0699_/A2 (sky130_fd_sc_hd__o211a_2)
                  0.09    0.39    3.01 v _0699_/X (sky130_fd_sc_hd__o211a_2)
     8    0.02                           _0335_ (net)
                  0.09    0.00    3.01 v _0702_/S (sky130_fd_sc_hd__mux2_2)
                  0.05    0.29    3.30 v _0702_/X (sky130_fd_sc_hd__mux2_2)
     1    0.00                           _0337_ (net)
                  0.05    0.00    3.30 v _0703_/A (sky130_fd_sc_hd__buf_1)
                  0.02    0.09    3.38 v _0703_/X (sky130_fd_sc_hd__buf_1)
     1    0.00                           _0065_ (net)
                  0.02    0.00    3.38 v _0971_/D (sky130_fd_sc_hd__dfxtp_2)
                                  3.38   data arrival time

                  0.15   10.00   10.00   clock w_clk (rise edge)
                          0.00   10.00   clock network delay (ideal)
                         -0.25    9.75   clock uncertainty
                          0.00    9.75   clock reconvergence pessimism
                                  9.75 ^ _0971_/CLK (sky130_fd_sc_hd__dfxtp_2)
                         -0.08    9.67   library setup time
                                  9.67   data required time
-----------------------------------------------------------------------------
                                  9.67   data required time
                                 -3.38   data arrival time
-----------------------------------------------------------------------------
                                  6.29   slack (MET)


Startpoint: _1060_ (rising edge-triggered flip-flop clocked by w_clk)
Endpoint: _0972_ (rising edge-triggered flip-flop clocked by w_clk)
Path Group: w_clk
Path Type: max

Fanout     Cap    Slew   Delay    Time   Description
-----------------------------------------------------------------------------
                  0.15    0.00    0.00   clock w_clk (rise edge)
                          0.00    0.00   clock network delay (ideal)
                  0.15    0.00    0.00 ^ _1060_/CLK (sky130_fd_sc_hd__dfrtp_2)
                  0.04    0.43    0.43 v _1060_/Q (sky130_fd_sc_hd__dfrtp_2)
     1    0.00                           w_ptr_b[0] (net)
                  0.04    0.00    0.43 v _0453_/A (sky130_fd_sc_hd__buf_1)
                  0.22    0.25    0.68 v _0453_/X (sky130_fd_sc_hd__buf_1)
    13    0.04                           _0155_ (net)
                  0.22    0.00    0.68 v _0456_/A (sky130_fd_sc_hd__and3_2)
                  0.04    0.26    0.94 v _0456_/X (sky130_fd_sc_hd__and3_2)
     1    0.00                           _0158_ (net)
                  0.04    0.00    0.94 v _0457_/A (sky130_fd_sc_hd__buf_1)
                  0.12    0.17    1.11 v _0457_/X (sky130_fd_sc_hd__buf_1)
     5    0.02                           _0159_ (net)
                  0.12    0.00    1.11 v _0465_/A (sky130_fd_sc_hd__or3_2)
                  0.11    0.56    1.67 v _0465_/X (sky130_fd_sc_hd__or3_2)
     3    0.01                           _0167_ (net)
                  0.11    0.00    1.67 v _0466_/A2 (sky130_fd_sc_hd__a21bo_2)
                  0.03    0.24    1.91 v _0466_/X (sky130_fd_sc_hd__a21bo_2)
     1    0.00                           _0168_ (net)
                  0.03    0.00    1.91 v _0473_/A1 (sky130_fd_sc_hd__a2111o_2)
                  0.08    0.45    2.36 v _0473_/X (sky130_fd_sc_hd__a2111o_2)
     4    0.01                           _0175_ (net)
                  0.08    0.00    2.36 v _0474_/A (sky130_fd_sc_hd__buf_1)
                  0.21    0.26    2.62 v _0474_/X (sky130_fd_sc_hd__buf_1)
    16    0.04                           _0176_ (net)
                  0.21    0.00    2.62 v _0699_/A2 (sky130_fd_sc_hd__o211a_2)
                  0.09    0.39    3.01 v _0699_/X (sky130_fd_sc_hd__o211a_2)
     8    0.02                           _0335_ (net)
                  0.09    0.00    3.01 v _0704_/S (sky130_fd_sc_hd__mux2_2)
                  0.05    0.29    3.30 v _0704_/X (sky130_fd_sc_hd__mux2_2)
     1    0.00                           _0338_ (net)
                  0.05    0.00    3.30 v _0705_/A (sky130_fd_sc_hd__buf_1)
                  0.02    0.09    3.38 v _0705_/X (sky130_fd_sc_hd__buf_1)
     1    0.00                           _0066_ (net)
                  0.02    0.00    3.38 v _0972_/D (sky130_fd_sc_hd__dfxtp_2)
                                  3.38   data arrival time

                  0.15   10.00   10.00   clock w_clk (rise edge)
                          0.00   10.00   clock network delay (ideal)
                         -0.25    9.75   clock uncertainty
                          0.00    9.75   clock reconvergence pessimism
                                  9.75 ^ _0972_/CLK (sky130_fd_sc_hd__dfxtp_2)
                         -0.08    9.67   library setup time
                                  9.67   data required time
-----------------------------------------------------------------------------
                                  9.67   data required time
                                 -3.38   data arrival time
-----------------------------------------------------------------------------
                                  6.29   slack (MET)


Startpoint: _1060_ (rising edge-triggered flip-flop clocked by w_clk)
Endpoint: _0973_ (rising edge-triggered flip-flop clocked by w_clk)
Path Group: w_clk
Path Type: max

Fanout     Cap    Slew   Delay    Time   Description
-----------------------------------------------------------------------------
                  0.15    0.00    0.00   clock w_clk (rise edge)
                          0.00    0.00   clock network delay (ideal)
                  0.15    0.00    0.00 ^ _1060_/CLK (sky130_fd_sc_hd__dfrtp_2)
                  0.04    0.43    0.43 v _1060_/Q (sky130_fd_sc_hd__dfrtp_2)
     1    0.00                           w_ptr_b[0] (net)
                  0.04    0.00    0.43 v _0453_/A (sky130_fd_sc_hd__buf_1)
                  0.22    0.25    0.68 v _0453_/X (sky130_fd_sc_hd__buf_1)
    13    0.04                           _0155_ (net)
                  0.22    0.00    0.68 v _0456_/A (sky130_fd_sc_hd__and3_2)
                  0.04    0.26    0.94 v _0456_/X (sky130_fd_sc_hd__and3_2)
     1    0.00                           _0158_ (net)
                  0.04    0.00    0.94 v _0457_/A (sky130_fd_sc_hd__buf_1)
                  0.12    0.17    1.11 v _0457_/X (sky130_fd_sc_hd__buf_1)
     5    0.02                           _0159_ (net)
                  0.12    0.00    1.11 v _0465_/A (sky130_fd_sc_hd__or3_2)
                  0.11    0.56    1.67 v _0465_/X (sky130_fd_sc_hd__or3_2)
     3    0.01                           _0167_ (net)
                  0.11    0.00    1.67 v _0466_/A2 (sky130_fd_sc_hd__a21bo_2)
                  0.03    0.24    1.91 v _0466_/X (sky130_fd_sc_hd__a21bo_2)
     1    0.00                           _0168_ (net)
                  0.03    0.00    1.91 v _0473_/A1 (sky130_fd_sc_hd__a2111o_2)
                  0.08    0.45    2.36 v _0473_/X (sky130_fd_sc_hd__a2111o_2)
     4    0.01                           _0175_ (net)
                  0.08    0.00    2.36 v _0474_/A (sky130_fd_sc_hd__buf_1)
                  0.21    0.26    2.62 v _0474_/X (sky130_fd_sc_hd__buf_1)
    16    0.04                           _0176_ (net)
                  0.21    0.00    2.62 v _0699_/A2 (sky130_fd_sc_hd__o211a_2)
                  0.09    0.39    3.01 v _0699_/X (sky130_fd_sc_hd__o211a_2)
     8    0.02                           _0335_ (net)
                  0.09    0.00    3.01 v _0706_/S (sky130_fd_sc_hd__mux2_2)
                  0.05    0.29    3.30 v _0706_/X (sky130_fd_sc_hd__mux2_2)
     1    0.00                           _0339_ (net)
                  0.05    0.00    3.30 v _0707_/A (sky130_fd_sc_hd__buf_1)
                  0.02    0.09    3.38 v _0707_/X (sky130_fd_sc_hd__buf_1)
     1    0.00                           _0067_ (net)
                  0.02    0.00    3.38 v _0973_/D (sky130_fd_sc_hd__dfxtp_2)
                                  3.38   data arrival time

                  0.15   10.00   10.00   clock w_clk (rise edge)
                          0.00   10.00   clock network delay (ideal)
                         -0.25    9.75   clock uncertainty
                          0.00    9.75   clock reconvergence pessimism
                                  9.75 ^ _0973_/CLK (sky130_fd_sc_hd__dfxtp_2)
                         -0.08    9.67   library setup time
                                  9.67   data required time
-----------------------------------------------------------------------------
                                  9.67   data required time
                                 -3.38   data arrival time
-----------------------------------------------------------------------------
                                  6.29   slack (MET)


Startpoint: _1060_ (rising edge-triggered flip-flop clocked by w_clk)
Endpoint: _0974_ (rising edge-triggered flip-flop clocked by w_clk)
Path Group: w_clk
Path Type: max

Fanout     Cap    Slew   Delay    Time   Description
-----------------------------------------------------------------------------
                  0.15    0.00    0.00   clock w_clk (rise edge)
                          0.00    0.00   clock network delay (ideal)
                  0.15    0.00    0.00 ^ _1060_/CLK (sky130_fd_sc_hd__dfrtp_2)
                  0.04    0.43    0.43 v _1060_/Q (sky130_fd_sc_hd__dfrtp_2)
     1    0.00                           w_ptr_b[0] (net)
                  0.04    0.00    0.43 v _0453_/A (sky130_fd_sc_hd__buf_1)
                  0.22    0.25    0.68 v _0453_/X (sky130_fd_sc_hd__buf_1)
    13    0.04                           _0155_ (net)
                  0.22    0.00    0.68 v _0456_/A (sky130_fd_sc_hd__and3_2)
                  0.04    0.26    0.94 v _0456_/X (sky130_fd_sc_hd__and3_2)
     1    0.00                           _0158_ (net)
                  0.04    0.00    0.94 v _0457_/A (sky130_fd_sc_hd__buf_1)
                  0.12    0.17    1.11 v _0457_/X (sky130_fd_sc_hd__buf_1)
     5    0.02                           _0159_ (net)
                  0.12    0.00    1.11 v _0465_/A (sky130_fd_sc_hd__or3_2)
                  0.11    0.56    1.67 v _0465_/X (sky130_fd_sc_hd__or3_2)
     3    0.01                           _0167_ (net)
                  0.11    0.00    1.67 v _0466_/A2 (sky130_fd_sc_hd__a21bo_2)
                  0.03    0.24    1.91 v _0466_/X (sky130_fd_sc_hd__a21bo_2)
     1    0.00                           _0168_ (net)
                  0.03    0.00    1.91 v _0473_/A1 (sky130_fd_sc_hd__a2111o_2)
                  0.08    0.45    2.36 v _0473_/X (sky130_fd_sc_hd__a2111o_2)
     4    0.01                           _0175_ (net)
                  0.08    0.00    2.36 v _0474_/A (sky130_fd_sc_hd__buf_1)
                  0.21    0.26    2.62 v _0474_/X (sky130_fd_sc_hd__buf_1)
    16    0.04                           _0176_ (net)
                  0.21    0.00    2.62 v _0699_/A2 (sky130_fd_sc_hd__o211a_2)
                  0.09    0.39    3.01 v _0699_/X (sky130_fd_sc_hd__o211a_2)
     8    0.02                           _0335_ (net)
                  0.09    0.00    3.01 v _0708_/S (sky130_fd_sc_hd__mux2_2)
                  0.05    0.29    3.30 v _0708_/X (sky130_fd_sc_hd__mux2_2)
     1    0.00                           _0340_ (net)
                  0.05    0.00    3.30 v _0709_/A (sky130_fd_sc_hd__buf_1)
                  0.02    0.09    3.38 v _0709_/X (sky130_fd_sc_hd__buf_1)
     1    0.00                           _0068_ (net)
                  0.02    0.00    3.38 v _0974_/D (sky130_fd_sc_hd__dfxtp_2)
                                  3.38   data arrival time

                  0.15   10.00   10.00   clock w_clk (rise edge)
                          0.00   10.00   clock network delay (ideal)
                         -0.25    9.75   clock uncertainty
                          0.00    9.75   clock reconvergence pessimism
                                  9.75 ^ _0974_/CLK (sky130_fd_sc_hd__dfxtp_2)
                         -0.08    9.67   library setup time
                                  9.67   data required time
-----------------------------------------------------------------------------
                                  9.67   data required time
                                 -3.38   data arrival time
-----------------------------------------------------------------------------
                                  6.29   slack (MET)


Startpoint: _1060_ (rising edge-triggered flip-flop clocked by w_clk)
Endpoint: _0975_ (rising edge-triggered flip-flop clocked by w_clk)
Path Group: w_clk
Path Type: max

Fanout     Cap    Slew   Delay    Time   Description
-----------------------------------------------------------------------------
                  0.15    0.00    0.00   clock w_clk (rise edge)
                          0.00    0.00   clock network delay (ideal)
                  0.15    0.00    0.00 ^ _1060_/CLK (sky130_fd_sc_hd__dfrtp_2)
                  0.04    0.43    0.43 v _1060_/Q (sky130_fd_sc_hd__dfrtp_2)
     1    0.00                           w_ptr_b[0] (net)
                  0.04    0.00    0.43 v _0453_/A (sky130_fd_sc_hd__buf_1)
                  0.22    0.25    0.68 v _0453_/X (sky130_fd_sc_hd__buf_1)
    13    0.04                           _0155_ (net)
                  0.22    0.00    0.68 v _0456_/A (sky130_fd_sc_hd__and3_2)
                  0.04    0.26    0.94 v _0456_/X (sky130_fd_sc_hd__and3_2)
     1    0.00                           _0158_ (net)
                  0.04    0.00    0.94 v _0457_/A (sky130_fd_sc_hd__buf_1)
                  0.12    0.17    1.11 v _0457_/X (sky130_fd_sc_hd__buf_1)
     5    0.02                           _0159_ (net)
                  0.12    0.00    1.11 v _0465_/A (sky130_fd_sc_hd__or3_2)
                  0.11    0.56    1.67 v _0465_/X (sky130_fd_sc_hd__or3_2)
     3    0.01                           _0167_ (net)
                  0.11    0.00    1.67 v _0466_/A2 (sky130_fd_sc_hd__a21bo_2)
                  0.03    0.24    1.91 v _0466_/X (sky130_fd_sc_hd__a21bo_2)
     1    0.00                           _0168_ (net)
                  0.03    0.00    1.91 v _0473_/A1 (sky130_fd_sc_hd__a2111o_2)
                  0.08    0.45    2.36 v _0473_/X (sky130_fd_sc_hd__a2111o_2)
     4    0.01                           _0175_ (net)
                  0.08    0.00    2.36 v _0474_/A (sky130_fd_sc_hd__buf_1)
                  0.21    0.26    2.62 v _0474_/X (sky130_fd_sc_hd__buf_1)
    16    0.04                           _0176_ (net)
                  0.21    0.00    2.62 v _0699_/A2 (sky130_fd_sc_hd__o211a_2)
                  0.09    0.39    3.01 v _0699_/X (sky130_fd_sc_hd__o211a_2)
     8    0.02                           _0335_ (net)
                  0.09    0.00    3.01 v _0710_/S (sky130_fd_sc_hd__mux2_2)
                  0.05    0.29    3.30 v _0710_/X (sky130_fd_sc_hd__mux2_2)
     1    0.00                           _0341_ (net)
                  0.05    0.00    3.30 v _0711_/A (sky130_fd_sc_hd__buf_1)
                  0.02    0.09    3.38 v _0711_/X (sky130_fd_sc_hd__buf_1)
     1    0.00                           _0069_ (net)
                  0.02    0.00    3.38 v _0975_/D (sky130_fd_sc_hd__dfxtp_2)
                                  3.38   data arrival time

                  0.15   10.00   10.00   clock w_clk (rise edge)
                          0.00   10.00   clock network delay (ideal)
                         -0.25    9.75   clock uncertainty
                          0.00    9.75   clock reconvergence pessimism
                                  9.75 ^ _0975_/CLK (sky130_fd_sc_hd__dfxtp_2)
                         -0.08    9.67   library setup time
                                  9.67   data required time
-----------------------------------------------------------------------------
                                  9.67   data required time
                                 -3.38   data arrival time
-----------------------------------------------------------------------------
                                  6.29   slack (MET)


Startpoint: _1060_ (rising edge-triggered flip-flop clocked by w_clk)
Endpoint: _0976_ (rising edge-triggered flip-flop clocked by w_clk)
Path Group: w_clk
Path Type: max

Fanout     Cap    Slew   Delay    Time   Description
-----------------------------------------------------------------------------
                  0.15    0.00    0.00   clock w_clk (rise edge)
                          0.00    0.00   clock network delay (ideal)
                  0.15    0.00    0.00 ^ _1060_/CLK (sky130_fd_sc_hd__dfrtp_2)
                  0.04    0.43    0.43 v _1060_/Q (sky130_fd_sc_hd__dfrtp_2)
     1    0.00                           w_ptr_b[0] (net)
                  0.04    0.00    0.43 v _0453_/A (sky130_fd_sc_hd__buf_1)
                  0.22    0.25    0.68 v _0453_/X (sky130_fd_sc_hd__buf_1)
    13    0.04                           _0155_ (net)
                  0.22    0.00    0.68 v _0456_/A (sky130_fd_sc_hd__and3_2)
                  0.04    0.26    0.94 v _0456_/X (sky130_fd_sc_hd__and3_2)
     1    0.00                           _0158_ (net)
                  0.04    0.00    0.94 v _0457_/A (sky130_fd_sc_hd__buf_1)
                  0.12    0.17    1.11 v _0457_/X (sky130_fd_sc_hd__buf_1)
     5    0.02                           _0159_ (net)
                  0.12    0.00    1.11 v _0465_/A (sky130_fd_sc_hd__or3_2)
                  0.11    0.56    1.67 v _0465_/X (sky130_fd_sc_hd__or3_2)
     3    0.01                           _0167_ (net)
                  0.11    0.00    1.67 v _0466_/A2 (sky130_fd_sc_hd__a21bo_2)
                  0.03    0.24    1.91 v _0466_/X (sky130_fd_sc_hd__a21bo_2)
     1    0.00                           _0168_ (net)
                  0.03    0.00    1.91 v _0473_/A1 (sky130_fd_sc_hd__a2111o_2)
                  0.08    0.45    2.36 v _0473_/X (sky130_fd_sc_hd__a2111o_2)
     4    0.01                           _0175_ (net)
                  0.08    0.00    2.36 v _0474_/A (sky130_fd_sc_hd__buf_1)
                  0.21    0.26    2.62 v _0474_/X (sky130_fd_sc_hd__buf_1)
    16    0.04                           _0176_ (net)
                  0.21    0.00    2.62 v _0699_/A2 (sky130_fd_sc_hd__o211a_2)
                  0.09    0.39    3.01 v _0699_/X (sky130_fd_sc_hd__o211a_2)
     8    0.02                           _0335_ (net)
                  0.09    0.00    3.01 v _0712_/S (sky130_fd_sc_hd__mux2_2)
                  0.05    0.29    3.30 v _0712_/X (sky130_fd_sc_hd__mux2_2)
     1    0.00                           _0342_ (net)
                  0.05    0.00    3.30 v _0713_/A (sky130_fd_sc_hd__buf_1)
                  0.02    0.09    3.38 v _0713_/X (sky130_fd_sc_hd__buf_1)
     1    0.00                           _0070_ (net)
                  0.02    0.00    3.38 v _0976_/D (sky130_fd_sc_hd__dfxtp_2)
                                  3.38   data arrival time

                  0.15   10.00   10.00   clock w_clk (rise edge)
                          0.00   10.00   clock network delay (ideal)
                         -0.25    9.75   clock uncertainty
                          0.00    9.75   clock reconvergence pessimism
                                  9.75 ^ _0976_/CLK (sky130_fd_sc_hd__dfxtp_2)
                         -0.08    9.67   library setup time
                                  9.67   data required time
-----------------------------------------------------------------------------
                                  9.67   data required time
                                 -3.38   data arrival time
-----------------------------------------------------------------------------
                                  6.29   slack (MET)


Startpoint: _1060_ (rising edge-triggered flip-flop clocked by w_clk)
Endpoint: _0977_ (rising edge-triggered flip-flop clocked by w_clk)
Path Group: w_clk
Path Type: max

Fanout     Cap    Slew   Delay    Time   Description
-----------------------------------------------------------------------------
                  0.15    0.00    0.00   clock w_clk (rise edge)
                          0.00    0.00   clock network delay (ideal)
                  0.15    0.00    0.00 ^ _1060_/CLK (sky130_fd_sc_hd__dfrtp_2)
                  0.04    0.43    0.43 v _1060_/Q (sky130_fd_sc_hd__dfrtp_2)
     1    0.00                           w_ptr_b[0] (net)
                  0.04    0.00    0.43 v _0453_/A (sky130_fd_sc_hd__buf_1)
                  0.22    0.25    0.68 v _0453_/X (sky130_fd_sc_hd__buf_1)
    13    0.04                           _0155_ (net)
                  0.22    0.00    0.68 v _0456_/A (sky130_fd_sc_hd__and3_2)
                  0.04    0.26    0.94 v _0456_/X (sky130_fd_sc_hd__and3_2)
     1    0.00                           _0158_ (net)
                  0.04    0.00    0.94 v _0457_/A (sky130_fd_sc_hd__buf_1)
                  0.12    0.17    1.11 v _0457_/X (sky130_fd_sc_hd__buf_1)
     5    0.02                           _0159_ (net)
                  0.12    0.00    1.11 v _0465_/A (sky130_fd_sc_hd__or3_2)
                  0.11    0.56    1.67 v _0465_/X (sky130_fd_sc_hd__or3_2)
     3    0.01                           _0167_ (net)
                  0.11    0.00    1.67 v _0466_/A2 (sky130_fd_sc_hd__a21bo_2)
                  0.03    0.24    1.91 v _0466_/X (sky130_fd_sc_hd__a21bo_2)
     1    0.00                           _0168_ (net)
                  0.03    0.00    1.91 v _0473_/A1 (sky130_fd_sc_hd__a2111o_2)
                  0.08    0.45    2.36 v _0473_/X (sky130_fd_sc_hd__a2111o_2)
     4    0.01                           _0175_ (net)
                  0.08    0.00    2.36 v _0474_/A (sky130_fd_sc_hd__buf_1)
                  0.21    0.26    2.62 v _0474_/X (sky130_fd_sc_hd__buf_1)
    16    0.04                           _0176_ (net)
                  0.21    0.00    2.62 v _0699_/A2 (sky130_fd_sc_hd__o211a_2)
                  0.09    0.39    3.01 v _0699_/X (sky130_fd_sc_hd__o211a_2)
     8    0.02                           _0335_ (net)
                  0.09    0.00    3.01 v _0714_/S (sky130_fd_sc_hd__mux2_2)
                  0.05    0.29    3.30 v _0714_/X (sky130_fd_sc_hd__mux2_2)
     1    0.00                           _0343_ (net)
                  0.05    0.00    3.30 v _0715_/A (sky130_fd_sc_hd__buf_1)
                  0.02    0.09    3.38 v _0715_/X (sky130_fd_sc_hd__buf_1)
     1    0.00                           _0071_ (net)
                  0.02    0.00    3.38 v _0977_/D (sky130_fd_sc_hd__dfxtp_2)
                                  3.38   data arrival time

                  0.15   10.00   10.00   clock w_clk (rise edge)
                          0.00   10.00   clock network delay (ideal)
                         -0.25    9.75   clock uncertainty
                          0.00    9.75   clock reconvergence pessimism
                                  9.75 ^ _0977_/CLK (sky130_fd_sc_hd__dfxtp_2)
                         -0.08    9.67   library setup time
                                  9.67   data required time
-----------------------------------------------------------------------------
                                  9.67   data required time
                                 -3.38   data arrival time
-----------------------------------------------------------------------------
                                  6.29   slack (MET)


Startpoint: _1060_ (rising edge-triggered flip-flop clocked by w_clk)
Endpoint: _0978_ (rising edge-triggered flip-flop clocked by w_clk)
Path Group: w_clk
Path Type: max

Fanout     Cap    Slew   Delay    Time   Description
-----------------------------------------------------------------------------
                  0.15    0.00    0.00   clock w_clk (rise edge)
                          0.00    0.00   clock network delay (ideal)
                  0.15    0.00    0.00 ^ _1060_/CLK (sky130_fd_sc_hd__dfrtp_2)
                  0.04    0.43    0.43 v _1060_/Q (sky130_fd_sc_hd__dfrtp_2)
     1    0.00                           w_ptr_b[0] (net)
                  0.04    0.00    0.43 v _0453_/A (sky130_fd_sc_hd__buf_1)
                  0.22    0.25    0.68 v _0453_/X (sky130_fd_sc_hd__buf_1)
    13    0.04                           _0155_ (net)
                  0.22    0.00    0.68 v _0456_/A (sky130_fd_sc_hd__and3_2)
                  0.04    0.26    0.94 v _0456_/X (sky130_fd_sc_hd__and3_2)
     1    0.00                           _0158_ (net)
                  0.04    0.00    0.94 v _0457_/A (sky130_fd_sc_hd__buf_1)
                  0.12    0.17    1.11 v _0457_/X (sky130_fd_sc_hd__buf_1)
     5    0.02                           _0159_ (net)
                  0.12    0.00    1.11 v _0465_/A (sky130_fd_sc_hd__or3_2)
                  0.11    0.56    1.67 v _0465_/X (sky130_fd_sc_hd__or3_2)
     3    0.01                           _0167_ (net)
                  0.11    0.00    1.67 v _0466_/A2 (sky130_fd_sc_hd__a21bo_2)
                  0.03    0.24    1.91 v _0466_/X (sky130_fd_sc_hd__a21bo_2)
     1    0.00                           _0168_ (net)
                  0.03    0.00    1.91 v _0473_/A1 (sky130_fd_sc_hd__a2111o_2)
                  0.08    0.45    2.36 v _0473_/X (sky130_fd_sc_hd__a2111o_2)
     4    0.01                           _0175_ (net)
                  0.08    0.00    2.36 v _0474_/A (sky130_fd_sc_hd__buf_1)
                  0.21    0.26    2.62 v _0474_/X (sky130_fd_sc_hd__buf_1)
    16    0.04                           _0176_ (net)
                  0.21    0.00    2.62 v _0717_/A2 (sky130_fd_sc_hd__o211a_2)
                  0.09    0.39    3.01 v _0717_/X (sky130_fd_sc_hd__o211a_2)
     8    0.02                           _0345_ (net)
                  0.09    0.00    3.01 v _0718_/S (sky130_fd_sc_hd__mux2_2)
                  0.05    0.29    3.30 v _0718_/X (sky130_fd_sc_hd__mux2_2)
     1    0.00                           _0346_ (net)
                  0.05    0.00    3.30 v _0719_/A (sky130_fd_sc_hd__buf_1)
                  0.02    0.09    3.38 v _0719_/X (sky130_fd_sc_hd__buf_1)
     1    0.00                           _0072_ (net)
                  0.02    0.00    3.38 v _0978_/D (sky130_fd_sc_hd__dfxtp_2)
                                  3.38   data arrival time

                  0.15   10.00   10.00   clock w_clk (rise edge)
                          0.00   10.00   clock network delay (ideal)
                         -0.25    9.75   clock uncertainty
                          0.00    9.75   clock reconvergence pessimism
                                  9.75 ^ _0978_/CLK (sky130_fd_sc_hd__dfxtp_2)
                         -0.08    9.67   library setup time
                                  9.67   data required time
-----------------------------------------------------------------------------
                                  9.67   data required time
                                 -3.38   data arrival time
-----------------------------------------------------------------------------
                                  6.29   slack (MET)


Startpoint: _1060_ (rising edge-triggered flip-flop clocked by w_clk)
Endpoint: _0979_ (rising edge-triggered flip-flop clocked by w_clk)
Path Group: w_clk
Path Type: max

Fanout     Cap    Slew   Delay    Time   Description
-----------------------------------------------------------------------------
                  0.15    0.00    0.00   clock w_clk (rise edge)
                          0.00    0.00   clock network delay (ideal)
                  0.15    0.00    0.00 ^ _1060_/CLK (sky130_fd_sc_hd__dfrtp_2)
                  0.04    0.43    0.43 v _1060_/Q (sky130_fd_sc_hd__dfrtp_2)
     1    0.00                           w_ptr_b[0] (net)
                  0.04    0.00    0.43 v _0453_/A (sky130_fd_sc_hd__buf_1)
                  0.22    0.25    0.68 v _0453_/X (sky130_fd_sc_hd__buf_1)
    13    0.04                           _0155_ (net)
                  0.22    0.00    0.68 v _0456_/A (sky130_fd_sc_hd__and3_2)
                  0.04    0.26    0.94 v _0456_/X (sky130_fd_sc_hd__and3_2)
     1    0.00                           _0158_ (net)
                  0.04    0.00    0.94 v _0457_/A (sky130_fd_sc_hd__buf_1)
                  0.12    0.17    1.11 v _0457_/X (sky130_fd_sc_hd__buf_1)
     5    0.02                           _0159_ (net)
                  0.12    0.00    1.11 v _0465_/A (sky130_fd_sc_hd__or3_2)
                  0.11    0.56    1.67 v _0465_/X (sky130_fd_sc_hd__or3_2)
     3    0.01                           _0167_ (net)
                  0.11    0.00    1.67 v _0466_/A2 (sky130_fd_sc_hd__a21bo_2)
                  0.03    0.24    1.91 v _0466_/X (sky130_fd_sc_hd__a21bo_2)
     1    0.00                           _0168_ (net)
                  0.03    0.00    1.91 v _0473_/A1 (sky130_fd_sc_hd__a2111o_2)
                  0.08    0.45    2.36 v _0473_/X (sky130_fd_sc_hd__a2111o_2)
     4    0.01                           _0175_ (net)
                  0.08    0.00    2.36 v _0474_/A (sky130_fd_sc_hd__buf_1)
                  0.21    0.26    2.62 v _0474_/X (sky130_fd_sc_hd__buf_1)
    16    0.04                           _0176_ (net)
                  0.21    0.00    2.62 v _0717_/A2 (sky130_fd_sc_hd__o211a_2)
                  0.09    0.39    3.01 v _0717_/X (sky130_fd_sc_hd__o211a_2)
     8    0.02                           _0345_ (net)
                  0.09    0.00    3.01 v _0720_/S (sky130_fd_sc_hd__mux2_2)
                  0.05    0.29    3.30 v _0720_/X (sky130_fd_sc_hd__mux2_2)
     1    0.00                           _0347_ (net)
                  0.05    0.00    3.30 v _0721_/A (sky130_fd_sc_hd__buf_1)
                  0.02    0.09    3.38 v _0721_/X (sky130_fd_sc_hd__buf_1)
     1    0.00                           _0073_ (net)
                  0.02    0.00    3.38 v _0979_/D (sky130_fd_sc_hd__dfxtp_2)
                                  3.38   data arrival time

                  0.15   10.00   10.00   clock w_clk (rise edge)
                          0.00   10.00   clock network delay (ideal)
                         -0.25    9.75   clock uncertainty
                          0.00    9.75   clock reconvergence pessimism
                                  9.75 ^ _0979_/CLK (sky130_fd_sc_hd__dfxtp_2)
                         -0.08    9.67   library setup time
                                  9.67   data required time
-----------------------------------------------------------------------------
                                  9.67   data required time
                                 -3.38   data arrival time
-----------------------------------------------------------------------------
                                  6.29   slack (MET)


Startpoint: _1060_ (rising edge-triggered flip-flop clocked by w_clk)
Endpoint: _0980_ (rising edge-triggered flip-flop clocked by w_clk)
Path Group: w_clk
Path Type: max

Fanout     Cap    Slew   Delay    Time   Description
-----------------------------------------------------------------------------
                  0.15    0.00    0.00   clock w_clk (rise edge)
                          0.00    0.00   clock network delay (ideal)
                  0.15    0.00    0.00 ^ _1060_/CLK (sky130_fd_sc_hd__dfrtp_2)
                  0.04    0.43    0.43 v _1060_/Q (sky130_fd_sc_hd__dfrtp_2)
     1    0.00                           w_ptr_b[0] (net)
                  0.04    0.00    0.43 v _0453_/A (sky130_fd_sc_hd__buf_1)
                  0.22    0.25    0.68 v _0453_/X (sky130_fd_sc_hd__buf_1)
    13    0.04                           _0155_ (net)
                  0.22    0.00    0.68 v _0456_/A (sky130_fd_sc_hd__and3_2)
                  0.04    0.26    0.94 v _0456_/X (sky130_fd_sc_hd__and3_2)
     1    0.00                           _0158_ (net)
                  0.04    0.00    0.94 v _0457_/A (sky130_fd_sc_hd__buf_1)
                  0.12    0.17    1.11 v _0457_/X (sky130_fd_sc_hd__buf_1)
     5    0.02                           _0159_ (net)
                  0.12    0.00    1.11 v _0465_/A (sky130_fd_sc_hd__or3_2)
                  0.11    0.56    1.67 v _0465_/X (sky130_fd_sc_hd__or3_2)
     3    0.01                           _0167_ (net)
                  0.11    0.00    1.67 v _0466_/A2 (sky130_fd_sc_hd__a21bo_2)
                  0.03    0.24    1.91 v _0466_/X (sky130_fd_sc_hd__a21bo_2)
     1    0.00                           _0168_ (net)
                  0.03    0.00    1.91 v _0473_/A1 (sky130_fd_sc_hd__a2111o_2)
                  0.08    0.45    2.36 v _0473_/X (sky130_fd_sc_hd__a2111o_2)
     4    0.01                           _0175_ (net)
                  0.08    0.00    2.36 v _0474_/A (sky130_fd_sc_hd__buf_1)
                  0.21    0.26    2.62 v _0474_/X (sky130_fd_sc_hd__buf_1)
    16    0.04                           _0176_ (net)
                  0.21    0.00    2.62 v _0717_/A2 (sky130_fd_sc_hd__o211a_2)
                  0.09    0.39    3.01 v _0717_/X (sky130_fd_sc_hd__o211a_2)
     8    0.02                           _0345_ (net)
                  0.09    0.00    3.01 v _0722_/S (sky130_fd_sc_hd__mux2_2)
                  0.05    0.29    3.30 v _0722_/X (sky130_fd_sc_hd__mux2_2)
     1    0.00                           _0348_ (net)
                  0.05    0.00    3.30 v _0723_/A (sky130_fd_sc_hd__buf_1)
                  0.02    0.09    3.38 v _0723_/X (sky130_fd_sc_hd__buf_1)
     1    0.00                           _0074_ (net)
                  0.02    0.00    3.38 v _0980_/D (sky130_fd_sc_hd__dfxtp_2)
                                  3.38   data arrival time

                  0.15   10.00   10.00   clock w_clk (rise edge)
                          0.00   10.00   clock network delay (ideal)
                         -0.25    9.75   clock uncertainty
                          0.00    9.75   clock reconvergence pessimism
                                  9.75 ^ _0980_/CLK (sky130_fd_sc_hd__dfxtp_2)
                         -0.08    9.67   library setup time
                                  9.67   data required time
-----------------------------------------------------------------------------
                                  9.67   data required time
                                 -3.38   data arrival time
-----------------------------------------------------------------------------
                                  6.29   slack (MET)


Startpoint: _1060_ (rising edge-triggered flip-flop clocked by w_clk)
Endpoint: _0981_ (rising edge-triggered flip-flop clocked by w_clk)
Path Group: w_clk
Path Type: max

Fanout     Cap    Slew   Delay    Time   Description
-----------------------------------------------------------------------------
                  0.15    0.00    0.00   clock w_clk (rise edge)
                          0.00    0.00   clock network delay (ideal)
                  0.15    0.00    0.00 ^ _1060_/CLK (sky130_fd_sc_hd__dfrtp_2)
                  0.04    0.43    0.43 v _1060_/Q (sky130_fd_sc_hd__dfrtp_2)
     1    0.00                           w_ptr_b[0] (net)
                  0.04    0.00    0.43 v _0453_/A (sky130_fd_sc_hd__buf_1)
                  0.22    0.25    0.68 v _0453_/X (sky130_fd_sc_hd__buf_1)
    13    0.04                           _0155_ (net)
                  0.22    0.00    0.68 v _0456_/A (sky130_fd_sc_hd__and3_2)
                  0.04    0.26    0.94 v _0456_/X (sky130_fd_sc_hd__and3_2)
     1    0.00                           _0158_ (net)
                  0.04    0.00    0.94 v _0457_/A (sky130_fd_sc_hd__buf_1)
                  0.12    0.17    1.11 v _0457_/X (sky130_fd_sc_hd__buf_1)
     5    0.02                           _0159_ (net)
                  0.12    0.00    1.11 v _0465_/A (sky130_fd_sc_hd__or3_2)
                  0.11    0.56    1.67 v _0465_/X (sky130_fd_sc_hd__or3_2)
     3    0.01                           _0167_ (net)
                  0.11    0.00    1.67 v _0466_/A2 (sky130_fd_sc_hd__a21bo_2)
                  0.03    0.24    1.91 v _0466_/X (sky130_fd_sc_hd__a21bo_2)
     1    0.00                           _0168_ (net)
                  0.03    0.00    1.91 v _0473_/A1 (sky130_fd_sc_hd__a2111o_2)
                  0.08    0.45    2.36 v _0473_/X (sky130_fd_sc_hd__a2111o_2)
     4    0.01                           _0175_ (net)
                  0.08    0.00    2.36 v _0474_/A (sky130_fd_sc_hd__buf_1)
                  0.21    0.26    2.62 v _0474_/X (sky130_fd_sc_hd__buf_1)
    16    0.04                           _0176_ (net)
                  0.21    0.00    2.62 v _0717_/A2 (sky130_fd_sc_hd__o211a_2)
                  0.09    0.39    3.01 v _0717_/X (sky130_fd_sc_hd__o211a_2)
     8    0.02                           _0345_ (net)
                  0.09    0.00    3.01 v _0724_/S (sky130_fd_sc_hd__mux2_2)
                  0.05    0.29    3.30 v _0724_/X (sky130_fd_sc_hd__mux2_2)
     1    0.00                           _0349_ (net)
                  0.05    0.00    3.30 v _0725_/A (sky130_fd_sc_hd__buf_1)
                  0.02    0.09    3.38 v _0725_/X (sky130_fd_sc_hd__buf_1)
     1    0.00                           _0075_ (net)
                  0.02    0.00    3.38 v _0981_/D (sky130_fd_sc_hd__dfxtp_2)
                                  3.38   data arrival time

                  0.15   10.00   10.00   clock w_clk (rise edge)
                          0.00   10.00   clock network delay (ideal)
                         -0.25    9.75   clock uncertainty
                          0.00    9.75   clock reconvergence pessimism
                                  9.75 ^ _0981_/CLK (sky130_fd_sc_hd__dfxtp_2)
                         -0.08    9.67   library setup time
                                  9.67   data required time
-----------------------------------------------------------------------------
                                  9.67   data required time
                                 -3.38   data arrival time
-----------------------------------------------------------------------------
                                  6.29   slack (MET)


Startpoint: _1060_ (rising edge-triggered flip-flop clocked by w_clk)
Endpoint: _0982_ (rising edge-triggered flip-flop clocked by w_clk)
Path Group: w_clk
Path Type: max

Fanout     Cap    Slew   Delay    Time   Description
-----------------------------------------------------------------------------
                  0.15    0.00    0.00   clock w_clk (rise edge)
                          0.00    0.00   clock network delay (ideal)
                  0.15    0.00    0.00 ^ _1060_/CLK (sky130_fd_sc_hd__dfrtp_2)
                  0.04    0.43    0.43 v _1060_/Q (sky130_fd_sc_hd__dfrtp_2)
     1    0.00                           w_ptr_b[0] (net)
                  0.04    0.00    0.43 v _0453_/A (sky130_fd_sc_hd__buf_1)
                  0.22    0.25    0.68 v _0453_/X (sky130_fd_sc_hd__buf_1)
    13    0.04                           _0155_ (net)
                  0.22    0.00    0.68 v _0456_/A (sky130_fd_sc_hd__and3_2)
                  0.04    0.26    0.94 v _0456_/X (sky130_fd_sc_hd__and3_2)
     1    0.00                           _0158_ (net)
                  0.04    0.00    0.94 v _0457_/A (sky130_fd_sc_hd__buf_1)
                  0.12    0.17    1.11 v _0457_/X (sky130_fd_sc_hd__buf_1)
     5    0.02                           _0159_ (net)
                  0.12    0.00    1.11 v _0465_/A (sky130_fd_sc_hd__or3_2)
                  0.11    0.56    1.67 v _0465_/X (sky130_fd_sc_hd__or3_2)
     3    0.01                           _0167_ (net)
                  0.11    0.00    1.67 v _0466_/A2 (sky130_fd_sc_hd__a21bo_2)
                  0.03    0.24    1.91 v _0466_/X (sky130_fd_sc_hd__a21bo_2)
     1    0.00                           _0168_ (net)
                  0.03    0.00    1.91 v _0473_/A1 (sky130_fd_sc_hd__a2111o_2)
                  0.08    0.45    2.36 v _0473_/X (sky130_fd_sc_hd__a2111o_2)
     4    0.01                           _0175_ (net)
                  0.08    0.00    2.36 v _0474_/A (sky130_fd_sc_hd__buf_1)
                  0.21    0.26    2.62 v _0474_/X (sky130_fd_sc_hd__buf_1)
    16    0.04                           _0176_ (net)
                  0.21    0.00    2.62 v _0717_/A2 (sky130_fd_sc_hd__o211a_2)
                  0.09    0.39    3.01 v _0717_/X (sky130_fd_sc_hd__o211a_2)
     8    0.02                           _0345_ (net)
                  0.09    0.00    3.01 v _0726_/S (sky130_fd_sc_hd__mux2_2)
                  0.05    0.29    3.30 v _0726_/X (sky130_fd_sc_hd__mux2_2)
     1    0.00                           _0350_ (net)
                  0.05    0.00    3.30 v _0727_/A (sky130_fd_sc_hd__buf_1)
                  0.02    0.09    3.38 v _0727_/X (sky130_fd_sc_hd__buf_1)
     1    0.00                           _0076_ (net)
                  0.02    0.00    3.38 v _0982_/D (sky130_fd_sc_hd__dfxtp_2)
                                  3.38   data arrival time

                  0.15   10.00   10.00   clock w_clk (rise edge)
                          0.00   10.00   clock network delay (ideal)
                         -0.25    9.75   clock uncertainty
                          0.00    9.75   clock reconvergence pessimism
                                  9.75 ^ _0982_/CLK (sky130_fd_sc_hd__dfxtp_2)
                         -0.08    9.67   library setup time
                                  9.67   data required time
-----------------------------------------------------------------------------
                                  9.67   data required time
                                 -3.38   data arrival time
-----------------------------------------------------------------------------
                                  6.29   slack (MET)


Startpoint: _1060_ (rising edge-triggered flip-flop clocked by w_clk)
Endpoint: _0983_ (rising edge-triggered flip-flop clocked by w_clk)
Path Group: w_clk
Path Type: max

Fanout     Cap    Slew   Delay    Time   Description
-----------------------------------------------------------------------------
                  0.15    0.00    0.00   clock w_clk (rise edge)
                          0.00    0.00   clock network delay (ideal)
                  0.15    0.00    0.00 ^ _1060_/CLK (sky130_fd_sc_hd__dfrtp_2)
                  0.04    0.43    0.43 v _1060_/Q (sky130_fd_sc_hd__dfrtp_2)
     1    0.00                           w_ptr_b[0] (net)
                  0.04    0.00    0.43 v _0453_/A (sky130_fd_sc_hd__buf_1)
                  0.22    0.25    0.68 v _0453_/X (sky130_fd_sc_hd__buf_1)
    13    0.04                           _0155_ (net)
                  0.22    0.00    0.68 v _0456_/A (sky130_fd_sc_hd__and3_2)
                  0.04    0.26    0.94 v _0456_/X (sky130_fd_sc_hd__and3_2)
     1    0.00                           _0158_ (net)
                  0.04    0.00    0.94 v _0457_/A (sky130_fd_sc_hd__buf_1)
                  0.12    0.17    1.11 v _0457_/X (sky130_fd_sc_hd__buf_1)
     5    0.02                           _0159_ (net)
                  0.12    0.00    1.11 v _0465_/A (sky130_fd_sc_hd__or3_2)
                  0.11    0.56    1.67 v _0465_/X (sky130_fd_sc_hd__or3_2)
     3    0.01                           _0167_ (net)
                  0.11    0.00    1.67 v _0466_/A2 (sky130_fd_sc_hd__a21bo_2)
                  0.03    0.24    1.91 v _0466_/X (sky130_fd_sc_hd__a21bo_2)
     1    0.00                           _0168_ (net)
                  0.03    0.00    1.91 v _0473_/A1 (sky130_fd_sc_hd__a2111o_2)
                  0.08    0.45    2.36 v _0473_/X (sky130_fd_sc_hd__a2111o_2)
     4    0.01                           _0175_ (net)
                  0.08    0.00    2.36 v _0474_/A (sky130_fd_sc_hd__buf_1)
                  0.21    0.26    2.62 v _0474_/X (sky130_fd_sc_hd__buf_1)
    16    0.04                           _0176_ (net)
                  0.21    0.00    2.62 v _0717_/A2 (sky130_fd_sc_hd__o211a_2)
                  0.09    0.39    3.01 v _0717_/X (sky130_fd_sc_hd__o211a_2)
     8    0.02                           _0345_ (net)
                  0.09    0.00    3.01 v _0728_/S (sky130_fd_sc_hd__mux2_2)
                  0.05    0.29    3.30 v _0728_/X (sky130_fd_sc_hd__mux2_2)
     1    0.00                           _0351_ (net)
                  0.05    0.00    3.30 v _0729_/A (sky130_fd_sc_hd__buf_1)
                  0.02    0.09    3.38 v _0729_/X (sky130_fd_sc_hd__buf_1)
     1    0.00                           _0077_ (net)
                  0.02    0.00    3.38 v _0983_/D (sky130_fd_sc_hd__dfxtp_2)
                                  3.38   data arrival time

                  0.15   10.00   10.00   clock w_clk (rise edge)
                          0.00   10.00   clock network delay (ideal)
                         -0.25    9.75   clock uncertainty
                          0.00    9.75   clock reconvergence pessimism
                                  9.75 ^ _0983_/CLK (sky130_fd_sc_hd__dfxtp_2)
                         -0.08    9.67   library setup time
                                  9.67   data required time
-----------------------------------------------------------------------------
                                  9.67   data required time
                                 -3.38   data arrival time
-----------------------------------------------------------------------------
                                  6.29   slack (MET)


Startpoint: _1060_ (rising edge-triggered flip-flop clocked by w_clk)
Endpoint: _0984_ (rising edge-triggered flip-flop clocked by w_clk)
Path Group: w_clk
Path Type: max

Fanout     Cap    Slew   Delay    Time   Description
-----------------------------------------------------------------------------
                  0.15    0.00    0.00   clock w_clk (rise edge)
                          0.00    0.00   clock network delay (ideal)
                  0.15    0.00    0.00 ^ _1060_/CLK (sky130_fd_sc_hd__dfrtp_2)
                  0.04    0.43    0.43 v _1060_/Q (sky130_fd_sc_hd__dfrtp_2)
     1    0.00                           w_ptr_b[0] (net)
                  0.04    0.00    0.43 v _0453_/A (sky130_fd_sc_hd__buf_1)
                  0.22    0.25    0.68 v _0453_/X (sky130_fd_sc_hd__buf_1)
    13    0.04                           _0155_ (net)
                  0.22    0.00    0.68 v _0456_/A (sky130_fd_sc_hd__and3_2)
                  0.04    0.26    0.94 v _0456_/X (sky130_fd_sc_hd__and3_2)
     1    0.00                           _0158_ (net)
                  0.04    0.00    0.94 v _0457_/A (sky130_fd_sc_hd__buf_1)
                  0.12    0.17    1.11 v _0457_/X (sky130_fd_sc_hd__buf_1)
     5    0.02                           _0159_ (net)
                  0.12    0.00    1.11 v _0465_/A (sky130_fd_sc_hd__or3_2)
                  0.11    0.56    1.67 v _0465_/X (sky130_fd_sc_hd__or3_2)
     3    0.01                           _0167_ (net)
                  0.11    0.00    1.67 v _0466_/A2 (sky130_fd_sc_hd__a21bo_2)
                  0.03    0.24    1.91 v _0466_/X (sky130_fd_sc_hd__a21bo_2)
     1    0.00                           _0168_ (net)
                  0.03    0.00    1.91 v _0473_/A1 (sky130_fd_sc_hd__a2111o_2)
                  0.08    0.45    2.36 v _0473_/X (sky130_fd_sc_hd__a2111o_2)
     4    0.01                           _0175_ (net)
                  0.08    0.00    2.36 v _0474_/A (sky130_fd_sc_hd__buf_1)
                  0.21    0.26    2.62 v _0474_/X (sky130_fd_sc_hd__buf_1)
    16    0.04                           _0176_ (net)
                  0.21    0.00    2.62 v _0717_/A2 (sky130_fd_sc_hd__o211a_2)
                  0.09    0.39    3.01 v _0717_/X (sky130_fd_sc_hd__o211a_2)
     8    0.02                           _0345_ (net)
                  0.09    0.00    3.01 v _0730_/S (sky130_fd_sc_hd__mux2_2)
                  0.05    0.29    3.30 v _0730_/X (sky130_fd_sc_hd__mux2_2)
     1    0.00                           _0352_ (net)
                  0.05    0.00    3.30 v _0731_/A (sky130_fd_sc_hd__buf_1)
                  0.02    0.09    3.38 v _0731_/X (sky130_fd_sc_hd__buf_1)
     1    0.00                           _0078_ (net)
                  0.02    0.00    3.38 v _0984_/D (sky130_fd_sc_hd__dfxtp_2)
                                  3.38   data arrival time

                  0.15   10.00   10.00   clock w_clk (rise edge)
                          0.00   10.00   clock network delay (ideal)
                         -0.25    9.75   clock uncertainty
                          0.00    9.75   clock reconvergence pessimism
                                  9.75 ^ _0984_/CLK (sky130_fd_sc_hd__dfxtp_2)
                         -0.08    9.67   library setup time
                                  9.67   data required time
-----------------------------------------------------------------------------
                                  9.67   data required time
                                 -3.38   data arrival time
-----------------------------------------------------------------------------
                                  6.29   slack (MET)


Startpoint: _1060_ (rising edge-triggered flip-flop clocked by w_clk)
Endpoint: _0985_ (rising edge-triggered flip-flop clocked by w_clk)
Path Group: w_clk
Path Type: max

Fanout     Cap    Slew   Delay    Time   Description
-----------------------------------------------------------------------------
                  0.15    0.00    0.00   clock w_clk (rise edge)
                          0.00    0.00   clock network delay (ideal)
                  0.15    0.00    0.00 ^ _1060_/CLK (sky130_fd_sc_hd__dfrtp_2)
                  0.04    0.43    0.43 v _1060_/Q (sky130_fd_sc_hd__dfrtp_2)
     1    0.00                           w_ptr_b[0] (net)
                  0.04    0.00    0.43 v _0453_/A (sky130_fd_sc_hd__buf_1)
                  0.22    0.25    0.68 v _0453_/X (sky130_fd_sc_hd__buf_1)
    13    0.04                           _0155_ (net)
                  0.22    0.00    0.68 v _0456_/A (sky130_fd_sc_hd__and3_2)
                  0.04    0.26    0.94 v _0456_/X (sky130_fd_sc_hd__and3_2)
     1    0.00                           _0158_ (net)
                  0.04    0.00    0.94 v _0457_/A (sky130_fd_sc_hd__buf_1)
                  0.12    0.17    1.11 v _0457_/X (sky130_fd_sc_hd__buf_1)
     5    0.02                           _0159_ (net)
                  0.12    0.00    1.11 v _0465_/A (sky130_fd_sc_hd__or3_2)
                  0.11    0.56    1.67 v _0465_/X (sky130_fd_sc_hd__or3_2)
     3    0.01                           _0167_ (net)
                  0.11    0.00    1.67 v _0466_/A2 (sky130_fd_sc_hd__a21bo_2)
                  0.03    0.24    1.91 v _0466_/X (sky130_fd_sc_hd__a21bo_2)
     1    0.00                           _0168_ (net)
                  0.03    0.00    1.91 v _0473_/A1 (sky130_fd_sc_hd__a2111o_2)
                  0.08    0.45    2.36 v _0473_/X (sky130_fd_sc_hd__a2111o_2)
     4    0.01                           _0175_ (net)
                  0.08    0.00    2.36 v _0474_/A (sky130_fd_sc_hd__buf_1)
                  0.21    0.26    2.62 v _0474_/X (sky130_fd_sc_hd__buf_1)
    16    0.04                           _0176_ (net)
                  0.21    0.00    2.62 v _0717_/A2 (sky130_fd_sc_hd__o211a_2)
                  0.09    0.39    3.01 v _0717_/X (sky130_fd_sc_hd__o211a_2)
     8    0.02                           _0345_ (net)
                  0.09    0.00    3.01 v _0732_/S (sky130_fd_sc_hd__mux2_2)
                  0.05    0.29    3.30 v _0732_/X (sky130_fd_sc_hd__mux2_2)
     1    0.00                           _0353_ (net)
                  0.05    0.00    3.30 v _0733_/A (sky130_fd_sc_hd__buf_1)
                  0.02    0.09    3.38 v _0733_/X (sky130_fd_sc_hd__buf_1)
     1    0.00                           _0079_ (net)
                  0.02    0.00    3.38 v _0985_/D (sky130_fd_sc_hd__dfxtp_2)
                                  3.38   data arrival time

                  0.15   10.00   10.00   clock w_clk (rise edge)
                          0.00   10.00   clock network delay (ideal)
                         -0.25    9.75   clock uncertainty
                          0.00    9.75   clock reconvergence pessimism
                                  9.75 ^ _0985_/CLK (sky130_fd_sc_hd__dfxtp_2)
                         -0.08    9.67   library setup time
                                  9.67   data required time
-----------------------------------------------------------------------------
                                  9.67   data required time
                                 -3.38   data arrival time
-----------------------------------------------------------------------------
                                  6.29   slack (MET)


Startpoint: _1060_ (rising edge-triggered flip-flop clocked by w_clk)
Endpoint: _0986_ (rising edge-triggered flip-flop clocked by w_clk)
Path Group: w_clk
Path Type: max

Fanout     Cap    Slew   Delay    Time   Description
-----------------------------------------------------------------------------
                  0.15    0.00    0.00   clock w_clk (rise edge)
                          0.00    0.00   clock network delay (ideal)
                  0.15    0.00    0.00 ^ _1060_/CLK (sky130_fd_sc_hd__dfrtp_2)
                  0.04    0.43    0.43 v _1060_/Q (sky130_fd_sc_hd__dfrtp_2)
     1    0.00                           w_ptr_b[0] (net)
                  0.04    0.00    0.43 v _0453_/A (sky130_fd_sc_hd__buf_1)
                  0.22    0.25    0.68 v _0453_/X (sky130_fd_sc_hd__buf_1)
    13    0.04                           _0155_ (net)
                  0.22    0.00    0.68 v _0456_/A (sky130_fd_sc_hd__and3_2)
                  0.04    0.26    0.94 v _0456_/X (sky130_fd_sc_hd__and3_2)
     1    0.00                           _0158_ (net)
                  0.04    0.00    0.94 v _0457_/A (sky130_fd_sc_hd__buf_1)
                  0.12    0.17    1.11 v _0457_/X (sky130_fd_sc_hd__buf_1)
     5    0.02                           _0159_ (net)
                  0.12    0.00    1.11 v _0465_/A (sky130_fd_sc_hd__or3_2)
                  0.11    0.56    1.67 v _0465_/X (sky130_fd_sc_hd__or3_2)
     3    0.01                           _0167_ (net)
                  0.11    0.00    1.67 v _0466_/A2 (sky130_fd_sc_hd__a21bo_2)
                  0.03    0.24    1.91 v _0466_/X (sky130_fd_sc_hd__a21bo_2)
     1    0.00                           _0168_ (net)
                  0.03    0.00    1.91 v _0473_/A1 (sky130_fd_sc_hd__a2111o_2)
                  0.08    0.45    2.36 v _0473_/X (sky130_fd_sc_hd__a2111o_2)
     4    0.01                           _0175_ (net)
                  0.08    0.00    2.36 v _0474_/A (sky130_fd_sc_hd__buf_1)
                  0.21    0.26    2.62 v _0474_/X (sky130_fd_sc_hd__buf_1)
    16    0.04                           _0176_ (net)
                  0.21    0.00    2.62 v _0735_/A2 (sky130_fd_sc_hd__o211a_2)
                  0.09    0.39    3.01 v _0735_/X (sky130_fd_sc_hd__o211a_2)
     8    0.02                           _0355_ (net)
                  0.09    0.00    3.01 v _0736_/S (sky130_fd_sc_hd__mux2_2)
                  0.05    0.29    3.30 v _0736_/X (sky130_fd_sc_hd__mux2_2)
     1    0.00                           _0356_ (net)
                  0.05    0.00    3.30 v _0737_/A (sky130_fd_sc_hd__buf_1)
                  0.02    0.09    3.38 v _0737_/X (sky130_fd_sc_hd__buf_1)
     1    0.00                           _0080_ (net)
                  0.02    0.00    3.38 v _0986_/D (sky130_fd_sc_hd__dfxtp_2)
                                  3.38   data arrival time

                  0.15   10.00   10.00   clock w_clk (rise edge)
                          0.00   10.00   clock network delay (ideal)
                         -0.25    9.75   clock uncertainty
                          0.00    9.75   clock reconvergence pessimism
                                  9.75 ^ _0986_/CLK (sky130_fd_sc_hd__dfxtp_2)
                         -0.08    9.67   library setup time
                                  9.67   data required time
-----------------------------------------------------------------------------
                                  9.67   data required time
                                 -3.38   data arrival time
-----------------------------------------------------------------------------
                                  6.29   slack (MET)


Startpoint: _1060_ (rising edge-triggered flip-flop clocked by w_clk)
Endpoint: _0987_ (rising edge-triggered flip-flop clocked by w_clk)
Path Group: w_clk
Path Type: max

Fanout     Cap    Slew   Delay    Time   Description
-----------------------------------------------------------------------------
                  0.15    0.00    0.00   clock w_clk (rise edge)
                          0.00    0.00   clock network delay (ideal)
                  0.15    0.00    0.00 ^ _1060_/CLK (sky130_fd_sc_hd__dfrtp_2)
                  0.04    0.43    0.43 v _1060_/Q (sky130_fd_sc_hd__dfrtp_2)
     1    0.00                           w_ptr_b[0] (net)
                  0.04    0.00    0.43 v _0453_/A (sky130_fd_sc_hd__buf_1)
                  0.22    0.25    0.68 v _0453_/X (sky130_fd_sc_hd__buf_1)
    13    0.04                           _0155_ (net)
                  0.22    0.00    0.68 v _0456_/A (sky130_fd_sc_hd__and3_2)
                  0.04    0.26    0.94 v _0456_/X (sky130_fd_sc_hd__and3_2)
     1    0.00                           _0158_ (net)
                  0.04    0.00    0.94 v _0457_/A (sky130_fd_sc_hd__buf_1)
                  0.12    0.17    1.11 v _0457_/X (sky130_fd_sc_hd__buf_1)
     5    0.02                           _0159_ (net)
                  0.12    0.00    1.11 v _0465_/A (sky130_fd_sc_hd__or3_2)
                  0.11    0.56    1.67 v _0465_/X (sky130_fd_sc_hd__or3_2)
     3    0.01                           _0167_ (net)
                  0.11    0.00    1.67 v _0466_/A2 (sky130_fd_sc_hd__a21bo_2)
                  0.03    0.24    1.91 v _0466_/X (sky130_fd_sc_hd__a21bo_2)
     1    0.00                           _0168_ (net)
                  0.03    0.00    1.91 v _0473_/A1 (sky130_fd_sc_hd__a2111o_2)
                  0.08    0.45    2.36 v _0473_/X (sky130_fd_sc_hd__a2111o_2)
     4    0.01                           _0175_ (net)
                  0.08    0.00    2.36 v _0474_/A (sky130_fd_sc_hd__buf_1)
                  0.21    0.26    2.62 v _0474_/X (sky130_fd_sc_hd__buf_1)
    16    0.04                           _0176_ (net)
                  0.21    0.00    2.62 v _0735_/A2 (sky130_fd_sc_hd__o211a_2)
                  0.09    0.39    3.01 v _0735_/X (sky130_fd_sc_hd__o211a_2)
     8    0.02                           _0355_ (net)
                  0.09    0.00    3.01 v _0738_/S (sky130_fd_sc_hd__mux2_2)
                  0.05    0.29    3.30 v _0738_/X (sky130_fd_sc_hd__mux2_2)
     1    0.00                           _0357_ (net)
                  0.05    0.00    3.30 v _0739_/A (sky130_fd_sc_hd__buf_1)
                  0.02    0.09    3.38 v _0739_/X (sky130_fd_sc_hd__buf_1)
     1    0.00                           _0081_ (net)
                  0.02    0.00    3.38 v _0987_/D (sky130_fd_sc_hd__dfxtp_2)
                                  3.38   data arrival time

                  0.15   10.00   10.00   clock w_clk (rise edge)
                          0.00   10.00   clock network delay (ideal)
                         -0.25    9.75   clock uncertainty
                          0.00    9.75   clock reconvergence pessimism
                                  9.75 ^ _0987_/CLK (sky130_fd_sc_hd__dfxtp_2)
                         -0.08    9.67   library setup time
                                  9.67   data required time
-----------------------------------------------------------------------------
                                  9.67   data required time
                                 -3.38   data arrival time
-----------------------------------------------------------------------------
                                  6.29   slack (MET)


Startpoint: _1060_ (rising edge-triggered flip-flop clocked by w_clk)
Endpoint: _0988_ (rising edge-triggered flip-flop clocked by w_clk)
Path Group: w_clk
Path Type: max

Fanout     Cap    Slew   Delay    Time   Description
-----------------------------------------------------------------------------
                  0.15    0.00    0.00   clock w_clk (rise edge)
                          0.00    0.00   clock network delay (ideal)
                  0.15    0.00    0.00 ^ _1060_/CLK (sky130_fd_sc_hd__dfrtp_2)
                  0.04    0.43    0.43 v _1060_/Q (sky130_fd_sc_hd__dfrtp_2)
     1    0.00                           w_ptr_b[0] (net)
                  0.04    0.00    0.43 v _0453_/A (sky130_fd_sc_hd__buf_1)
                  0.22    0.25    0.68 v _0453_/X (sky130_fd_sc_hd__buf_1)
    13    0.04                           _0155_ (net)
                  0.22    0.00    0.68 v _0456_/A (sky130_fd_sc_hd__and3_2)
                  0.04    0.26    0.94 v _0456_/X (sky130_fd_sc_hd__and3_2)
     1    0.00                           _0158_ (net)
                  0.04    0.00    0.94 v _0457_/A (sky130_fd_sc_hd__buf_1)
                  0.12    0.17    1.11 v _0457_/X (sky130_fd_sc_hd__buf_1)
     5    0.02                           _0159_ (net)
                  0.12    0.00    1.11 v _0465_/A (sky130_fd_sc_hd__or3_2)
                  0.11    0.56    1.67 v _0465_/X (sky130_fd_sc_hd__or3_2)
     3    0.01                           _0167_ (net)
                  0.11    0.00    1.67 v _0466_/A2 (sky130_fd_sc_hd__a21bo_2)
                  0.03    0.24    1.91 v _0466_/X (sky130_fd_sc_hd__a21bo_2)
     1    0.00                           _0168_ (net)
                  0.03    0.00    1.91 v _0473_/A1 (sky130_fd_sc_hd__a2111o_2)
                  0.08    0.45    2.36 v _0473_/X (sky130_fd_sc_hd__a2111o_2)
     4    0.01                           _0175_ (net)
                  0.08    0.00    2.36 v _0474_/A (sky130_fd_sc_hd__buf_1)
                  0.21    0.26    2.62 v _0474_/X (sky130_fd_sc_hd__buf_1)
    16    0.04                           _0176_ (net)
                  0.21    0.00    2.62 v _0735_/A2 (sky130_fd_sc_hd__o211a_2)
                  0.09    0.39    3.01 v _0735_/X (sky130_fd_sc_hd__o211a_2)
     8    0.02                           _0355_ (net)
                  0.09    0.00    3.01 v _0740_/S (sky130_fd_sc_hd__mux2_2)
                  0.05    0.29    3.30 v _0740_/X (sky130_fd_sc_hd__mux2_2)
     1    0.00                           _0358_ (net)
                  0.05    0.00    3.30 v _0741_/A (sky130_fd_sc_hd__buf_1)
                  0.02    0.09    3.38 v _0741_/X (sky130_fd_sc_hd__buf_1)
     1    0.00                           _0082_ (net)
                  0.02    0.00    3.38 v _0988_/D (sky130_fd_sc_hd__dfxtp_2)
                                  3.38   data arrival time

                  0.15   10.00   10.00   clock w_clk (rise edge)
                          0.00   10.00   clock network delay (ideal)
                         -0.25    9.75   clock uncertainty
                          0.00    9.75   clock reconvergence pessimism
                                  9.75 ^ _0988_/CLK (sky130_fd_sc_hd__dfxtp_2)
                         -0.08    9.67   library setup time
                                  9.67   data required time
-----------------------------------------------------------------------------
                                  9.67   data required time
                                 -3.38   data arrival time
-----------------------------------------------------------------------------
                                  6.29   slack (MET)


Startpoint: _1060_ (rising edge-triggered flip-flop clocked by w_clk)
Endpoint: _0989_ (rising edge-triggered flip-flop clocked by w_clk)
Path Group: w_clk
Path Type: max

Fanout     Cap    Slew   Delay    Time   Description
-----------------------------------------------------------------------------
                  0.15    0.00    0.00   clock w_clk (rise edge)
                          0.00    0.00   clock network delay (ideal)
                  0.15    0.00    0.00 ^ _1060_/CLK (sky130_fd_sc_hd__dfrtp_2)
                  0.04    0.43    0.43 v _1060_/Q (sky130_fd_sc_hd__dfrtp_2)
     1    0.00                           w_ptr_b[0] (net)
                  0.04    0.00    0.43 v _0453_/A (sky130_fd_sc_hd__buf_1)
                  0.22    0.25    0.68 v _0453_/X (sky130_fd_sc_hd__buf_1)
    13    0.04                           _0155_ (net)
                  0.22    0.00    0.68 v _0456_/A (sky130_fd_sc_hd__and3_2)
                  0.04    0.26    0.94 v _0456_/X (sky130_fd_sc_hd__and3_2)
     1    0.00                           _0158_ (net)
                  0.04    0.00    0.94 v _0457_/A (sky130_fd_sc_hd__buf_1)
                  0.12    0.17    1.11 v _0457_/X (sky130_fd_sc_hd__buf_1)
     5    0.02                           _0159_ (net)
                  0.12    0.00    1.11 v _0465_/A (sky130_fd_sc_hd__or3_2)
                  0.11    0.56    1.67 v _0465_/X (sky130_fd_sc_hd__or3_2)
     3    0.01                           _0167_ (net)
                  0.11    0.00    1.67 v _0466_/A2 (sky130_fd_sc_hd__a21bo_2)
                  0.03    0.24    1.91 v _0466_/X (sky130_fd_sc_hd__a21bo_2)
     1    0.00                           _0168_ (net)
                  0.03    0.00    1.91 v _0473_/A1 (sky130_fd_sc_hd__a2111o_2)
                  0.08    0.45    2.36 v _0473_/X (sky130_fd_sc_hd__a2111o_2)
     4    0.01                           _0175_ (net)
                  0.08    0.00    2.36 v _0474_/A (sky130_fd_sc_hd__buf_1)
                  0.21    0.26    2.62 v _0474_/X (sky130_fd_sc_hd__buf_1)
    16    0.04                           _0176_ (net)
                  0.21    0.00    2.62 v _0735_/A2 (sky130_fd_sc_hd__o211a_2)
                  0.09    0.39    3.01 v _0735_/X (sky130_fd_sc_hd__o211a_2)
     8    0.02                           _0355_ (net)
                  0.09    0.00    3.01 v _0742_/S (sky130_fd_sc_hd__mux2_2)
                  0.05    0.29    3.30 v _0742_/X (sky130_fd_sc_hd__mux2_2)
     1    0.00                           _0359_ (net)
                  0.05    0.00    3.30 v _0743_/A (sky130_fd_sc_hd__buf_1)
                  0.02    0.09    3.38 v _0743_/X (sky130_fd_sc_hd__buf_1)
     1    0.00                           _0083_ (net)
                  0.02    0.00    3.38 v _0989_/D (sky130_fd_sc_hd__dfxtp_2)
                                  3.38   data arrival time

                  0.15   10.00   10.00   clock w_clk (rise edge)
                          0.00   10.00   clock network delay (ideal)
                         -0.25    9.75   clock uncertainty
                          0.00    9.75   clock reconvergence pessimism
                                  9.75 ^ _0989_/CLK (sky130_fd_sc_hd__dfxtp_2)
                         -0.08    9.67   library setup time
                                  9.67   data required time
-----------------------------------------------------------------------------
                                  9.67   data required time
                                 -3.38   data arrival time
-----------------------------------------------------------------------------
                                  6.29   slack (MET)


Startpoint: _1060_ (rising edge-triggered flip-flop clocked by w_clk)
Endpoint: _0990_ (rising edge-triggered flip-flop clocked by w_clk)
Path Group: w_clk
Path Type: max

Fanout     Cap    Slew   Delay    Time   Description
-----------------------------------------------------------------------------
                  0.15    0.00    0.00   clock w_clk (rise edge)
                          0.00    0.00   clock network delay (ideal)
                  0.15    0.00    0.00 ^ _1060_/CLK (sky130_fd_sc_hd__dfrtp_2)
                  0.04    0.43    0.43 v _1060_/Q (sky130_fd_sc_hd__dfrtp_2)
     1    0.00                           w_ptr_b[0] (net)
                  0.04    0.00    0.43 v _0453_/A (sky130_fd_sc_hd__buf_1)
                  0.22    0.25    0.68 v _0453_/X (sky130_fd_sc_hd__buf_1)
    13    0.04                           _0155_ (net)
                  0.22    0.00    0.68 v _0456_/A (sky130_fd_sc_hd__and3_2)
                  0.04    0.26    0.94 v _0456_/X (sky130_fd_sc_hd__and3_2)
     1    0.00                           _0158_ (net)
                  0.04    0.00    0.94 v _0457_/A (sky130_fd_sc_hd__buf_1)
                  0.12    0.17    1.11 v _0457_/X (sky130_fd_sc_hd__buf_1)
     5    0.02                           _0159_ (net)
                  0.12    0.00    1.11 v _0465_/A (sky130_fd_sc_hd__or3_2)
                  0.11    0.56    1.67 v _0465_/X (sky130_fd_sc_hd__or3_2)
     3    0.01                           _0167_ (net)
                  0.11    0.00    1.67 v _0466_/A2 (sky130_fd_sc_hd__a21bo_2)
                  0.03    0.24    1.91 v _0466_/X (sky130_fd_sc_hd__a21bo_2)
     1    0.00                           _0168_ (net)
                  0.03    0.00    1.91 v _0473_/A1 (sky130_fd_sc_hd__a2111o_2)
                  0.08    0.45    2.36 v _0473_/X (sky130_fd_sc_hd__a2111o_2)
     4    0.01                           _0175_ (net)
                  0.08    0.00    2.36 v _0474_/A (sky130_fd_sc_hd__buf_1)
                  0.21    0.26    2.62 v _0474_/X (sky130_fd_sc_hd__buf_1)
    16    0.04                           _0176_ (net)
                  0.21    0.00    2.62 v _0735_/A2 (sky130_fd_sc_hd__o211a_2)
                  0.09    0.39    3.01 v _0735_/X (sky130_fd_sc_hd__o211a_2)
     8    0.02                           _0355_ (net)
                  0.09    0.00    3.01 v _0744_/S (sky130_fd_sc_hd__mux2_2)
                  0.05    0.29    3.30 v _0744_/X (sky130_fd_sc_hd__mux2_2)
     1    0.00                           _0360_ (net)
                  0.05    0.00    3.30 v _0745_/A (sky130_fd_sc_hd__buf_1)
                  0.02    0.09    3.38 v _0745_/X (sky130_fd_sc_hd__buf_1)
     1    0.00                           _0084_ (net)
                  0.02    0.00    3.38 v _0990_/D (sky130_fd_sc_hd__dfxtp_2)
                                  3.38   data arrival time

                  0.15   10.00   10.00   clock w_clk (rise edge)
                          0.00   10.00   clock network delay (ideal)
                         -0.25    9.75   clock uncertainty
                          0.00    9.75   clock reconvergence pessimism
                                  9.75 ^ _0990_/CLK (sky130_fd_sc_hd__dfxtp_2)
                         -0.08    9.67   library setup time
                                  9.67   data required time
-----------------------------------------------------------------------------
                                  9.67   data required time
                                 -3.38   data arrival time
-----------------------------------------------------------------------------
                                  6.29   slack (MET)


Startpoint: _1060_ (rising edge-triggered flip-flop clocked by w_clk)
Endpoint: _0991_ (rising edge-triggered flip-flop clocked by w_clk)
Path Group: w_clk
Path Type: max

Fanout     Cap    Slew   Delay    Time   Description
-----------------------------------------------------------------------------
                  0.15    0.00    0.00   clock w_clk (rise edge)
                          0.00    0.00   clock network delay (ideal)
                  0.15    0.00    0.00 ^ _1060_/CLK (sky130_fd_sc_hd__dfrtp_2)
                  0.04    0.43    0.43 v _1060_/Q (sky130_fd_sc_hd__dfrtp_2)
     1    0.00                           w_ptr_b[0] (net)
                  0.04    0.00    0.43 v _0453_/A (sky130_fd_sc_hd__buf_1)
                  0.22    0.25    0.68 v _0453_/X (sky130_fd_sc_hd__buf_1)
    13    0.04                           _0155_ (net)
                  0.22    0.00    0.68 v _0456_/A (sky130_fd_sc_hd__and3_2)
                  0.04    0.26    0.94 v _0456_/X (sky130_fd_sc_hd__and3_2)
     1    0.00                           _0158_ (net)
                  0.04    0.00    0.94 v _0457_/A (sky130_fd_sc_hd__buf_1)
                  0.12    0.17    1.11 v _0457_/X (sky130_fd_sc_hd__buf_1)
     5    0.02                           _0159_ (net)
                  0.12    0.00    1.11 v _0465_/A (sky130_fd_sc_hd__or3_2)
                  0.11    0.56    1.67 v _0465_/X (sky130_fd_sc_hd__or3_2)
     3    0.01                           _0167_ (net)
                  0.11    0.00    1.67 v _0466_/A2 (sky130_fd_sc_hd__a21bo_2)
                  0.03    0.24    1.91 v _0466_/X (sky130_fd_sc_hd__a21bo_2)
     1    0.00                           _0168_ (net)
                  0.03    0.00    1.91 v _0473_/A1 (sky130_fd_sc_hd__a2111o_2)
                  0.08    0.45    2.36 v _0473_/X (sky130_fd_sc_hd__a2111o_2)
     4    0.01                           _0175_ (net)
                  0.08    0.00    2.36 v _0474_/A (sky130_fd_sc_hd__buf_1)
                  0.21    0.26    2.62 v _0474_/X (sky130_fd_sc_hd__buf_1)
    16    0.04                           _0176_ (net)
                  0.21    0.00    2.62 v _0735_/A2 (sky130_fd_sc_hd__o211a_2)
                  0.09    0.39    3.01 v _0735_/X (sky130_fd_sc_hd__o211a_2)
     8    0.02                           _0355_ (net)
                  0.09    0.00    3.01 v _0746_/S (sky130_fd_sc_hd__mux2_2)
                  0.05    0.29    3.30 v _0746_/X (sky130_fd_sc_hd__mux2_2)
     1    0.00                           _0361_ (net)
                  0.05    0.00    3.30 v _0747_/A (sky130_fd_sc_hd__buf_1)
                  0.02    0.09    3.38 v _0747_/X (sky130_fd_sc_hd__buf_1)
     1    0.00                           _0085_ (net)
                  0.02    0.00    3.38 v _0991_/D (sky130_fd_sc_hd__dfxtp_2)
                                  3.38   data arrival time

                  0.15   10.00   10.00   clock w_clk (rise edge)
                          0.00   10.00   clock network delay (ideal)
                         -0.25    9.75   clock uncertainty
                          0.00    9.75   clock reconvergence pessimism
                                  9.75 ^ _0991_/CLK (sky130_fd_sc_hd__dfxtp_2)
                         -0.08    9.67   library setup time
                                  9.67   data required time
-----------------------------------------------------------------------------
                                  9.67   data required time
                                 -3.38   data arrival time
-----------------------------------------------------------------------------
                                  6.29   slack (MET)


Startpoint: _1060_ (rising edge-triggered flip-flop clocked by w_clk)
Endpoint: _0992_ (rising edge-triggered flip-flop clocked by w_clk)
Path Group: w_clk
Path Type: max

Fanout     Cap    Slew   Delay    Time   Description
-----------------------------------------------------------------------------
                  0.15    0.00    0.00   clock w_clk (rise edge)
                          0.00    0.00   clock network delay (ideal)
                  0.15    0.00    0.00 ^ _1060_/CLK (sky130_fd_sc_hd__dfrtp_2)
                  0.04    0.43    0.43 v _1060_/Q (sky130_fd_sc_hd__dfrtp_2)
     1    0.00                           w_ptr_b[0] (net)
                  0.04    0.00    0.43 v _0453_/A (sky130_fd_sc_hd__buf_1)
                  0.22    0.25    0.68 v _0453_/X (sky130_fd_sc_hd__buf_1)
    13    0.04                           _0155_ (net)
                  0.22    0.00    0.68 v _0456_/A (sky130_fd_sc_hd__and3_2)
                  0.04    0.26    0.94 v _0456_/X (sky130_fd_sc_hd__and3_2)
     1    0.00                           _0158_ (net)
                  0.04    0.00    0.94 v _0457_/A (sky130_fd_sc_hd__buf_1)
                  0.12    0.17    1.11 v _0457_/X (sky130_fd_sc_hd__buf_1)
     5    0.02                           _0159_ (net)
                  0.12    0.00    1.11 v _0465_/A (sky130_fd_sc_hd__or3_2)
                  0.11    0.56    1.67 v _0465_/X (sky130_fd_sc_hd__or3_2)
     3    0.01                           _0167_ (net)
                  0.11    0.00    1.67 v _0466_/A2 (sky130_fd_sc_hd__a21bo_2)
                  0.03    0.24    1.91 v _0466_/X (sky130_fd_sc_hd__a21bo_2)
     1    0.00                           _0168_ (net)
                  0.03    0.00    1.91 v _0473_/A1 (sky130_fd_sc_hd__a2111o_2)
                  0.08    0.45    2.36 v _0473_/X (sky130_fd_sc_hd__a2111o_2)
     4    0.01                           _0175_ (net)
                  0.08    0.00    2.36 v _0474_/A (sky130_fd_sc_hd__buf_1)
                  0.21    0.26    2.62 v _0474_/X (sky130_fd_sc_hd__buf_1)
    16    0.04                           _0176_ (net)
                  0.21    0.00    2.62 v _0735_/A2 (sky130_fd_sc_hd__o211a_2)
                  0.09    0.39    3.01 v _0735_/X (sky130_fd_sc_hd__o211a_2)
     8    0.02                           _0355_ (net)
                  0.09    0.00    3.01 v _0748_/S (sky130_fd_sc_hd__mux2_2)
                  0.05    0.29    3.30 v _0748_/X (sky130_fd_sc_hd__mux2_2)
     1    0.00                           _0362_ (net)
                  0.05    0.00    3.30 v _0749_/A (sky130_fd_sc_hd__buf_1)
                  0.02    0.09    3.38 v _0749_/X (sky130_fd_sc_hd__buf_1)
     1    0.00                           _0086_ (net)
                  0.02    0.00    3.38 v _0992_/D (sky130_fd_sc_hd__dfxtp_2)
                                  3.38   data arrival time

                  0.15   10.00   10.00   clock w_clk (rise edge)
                          0.00   10.00   clock network delay (ideal)
                         -0.25    9.75   clock uncertainty
                          0.00    9.75   clock reconvergence pessimism
                                  9.75 ^ _0992_/CLK (sky130_fd_sc_hd__dfxtp_2)
                         -0.08    9.67   library setup time
                                  9.67   data required time
-----------------------------------------------------------------------------
                                  9.67   data required time
                                 -3.38   data arrival time
-----------------------------------------------------------------------------
                                  6.29   slack (MET)


Startpoint: _1060_ (rising edge-triggered flip-flop clocked by w_clk)
Endpoint: _0993_ (rising edge-triggered flip-flop clocked by w_clk)
Path Group: w_clk
Path Type: max

Fanout     Cap    Slew   Delay    Time   Description
-----------------------------------------------------------------------------
                  0.15    0.00    0.00   clock w_clk (rise edge)
                          0.00    0.00   clock network delay (ideal)
                  0.15    0.00    0.00 ^ _1060_/CLK (sky130_fd_sc_hd__dfrtp_2)
                  0.04    0.43    0.43 v _1060_/Q (sky130_fd_sc_hd__dfrtp_2)
     1    0.00                           w_ptr_b[0] (net)
                  0.04    0.00    0.43 v _0453_/A (sky130_fd_sc_hd__buf_1)
                  0.22    0.25    0.68 v _0453_/X (sky130_fd_sc_hd__buf_1)
    13    0.04                           _0155_ (net)
                  0.22    0.00    0.68 v _0456_/A (sky130_fd_sc_hd__and3_2)
                  0.04    0.26    0.94 v _0456_/X (sky130_fd_sc_hd__and3_2)
     1    0.00                           _0158_ (net)
                  0.04    0.00    0.94 v _0457_/A (sky130_fd_sc_hd__buf_1)
                  0.12    0.17    1.11 v _0457_/X (sky130_fd_sc_hd__buf_1)
     5    0.02                           _0159_ (net)
                  0.12    0.00    1.11 v _0465_/A (sky130_fd_sc_hd__or3_2)
                  0.11    0.56    1.67 v _0465_/X (sky130_fd_sc_hd__or3_2)
     3    0.01                           _0167_ (net)
                  0.11    0.00    1.67 v _0466_/A2 (sky130_fd_sc_hd__a21bo_2)
                  0.03    0.24    1.91 v _0466_/X (sky130_fd_sc_hd__a21bo_2)
     1    0.00                           _0168_ (net)
                  0.03    0.00    1.91 v _0473_/A1 (sky130_fd_sc_hd__a2111o_2)
                  0.08    0.45    2.36 v _0473_/X (sky130_fd_sc_hd__a2111o_2)
     4    0.01                           _0175_ (net)
                  0.08    0.00    2.36 v _0474_/A (sky130_fd_sc_hd__buf_1)
                  0.21    0.26    2.62 v _0474_/X (sky130_fd_sc_hd__buf_1)
    16    0.04                           _0176_ (net)
                  0.21    0.00    2.62 v _0735_/A2 (sky130_fd_sc_hd__o211a_2)
                  0.09    0.39    3.01 v _0735_/X (sky130_fd_sc_hd__o211a_2)
     8    0.02                           _0355_ (net)
                  0.09    0.00    3.01 v _0750_/S (sky130_fd_sc_hd__mux2_2)
                  0.05    0.29    3.30 v _0750_/X (sky130_fd_sc_hd__mux2_2)
     1    0.00                           _0363_ (net)
                  0.05    0.00    3.30 v _0751_/A (sky130_fd_sc_hd__buf_1)
                  0.02    0.09    3.38 v _0751_/X (sky130_fd_sc_hd__buf_1)
     1    0.00                           _0087_ (net)
                  0.02    0.00    3.38 v _0993_/D (sky130_fd_sc_hd__dfxtp_2)
                                  3.38   data arrival time

                  0.15   10.00   10.00   clock w_clk (rise edge)
                          0.00   10.00   clock network delay (ideal)
                         -0.25    9.75   clock uncertainty
                          0.00    9.75   clock reconvergence pessimism
                                  9.75 ^ _0993_/CLK (sky130_fd_sc_hd__dfxtp_2)
                         -0.08    9.67   library setup time
                                  9.67   data required time
-----------------------------------------------------------------------------
                                  9.67   data required time
                                 -3.38   data arrival time
-----------------------------------------------------------------------------
                                  6.29   slack (MET)


Startpoint: _1060_ (rising edge-triggered flip-flop clocked by w_clk)
Endpoint: _1002_ (rising edge-triggered flip-flop clocked by w_clk)
Path Group: w_clk
Path Type: max

Fanout     Cap    Slew   Delay    Time   Description
-----------------------------------------------------------------------------
                  0.15    0.00    0.00   clock w_clk (rise edge)
                          0.00    0.00   clock network delay (ideal)
                  0.15    0.00    0.00 ^ _1060_/CLK (sky130_fd_sc_hd__dfrtp_2)
                  0.04    0.43    0.43 v _1060_/Q (sky130_fd_sc_hd__dfrtp_2)
     1    0.00                           w_ptr_b[0] (net)
                  0.04    0.00    0.43 v _0453_/A (sky130_fd_sc_hd__buf_1)
                  0.22    0.25    0.68 v _0453_/X (sky130_fd_sc_hd__buf_1)
    13    0.04                           _0155_ (net)
                  0.22    0.00    0.68 v _0456_/A (sky130_fd_sc_hd__and3_2)
                  0.04    0.26    0.94 v _0456_/X (sky130_fd_sc_hd__and3_2)
     1    0.00                           _0158_ (net)
                  0.04    0.00    0.94 v _0457_/A (sky130_fd_sc_hd__buf_1)
                  0.12    0.17    1.11 v _0457_/X (sky130_fd_sc_hd__buf_1)
     5    0.02                           _0159_ (net)
                  0.12    0.00    1.11 v _0465_/A (sky130_fd_sc_hd__or3_2)
                  0.11    0.56    1.67 v _0465_/X (sky130_fd_sc_hd__or3_2)
     3    0.01                           _0167_ (net)
                  0.11    0.00    1.67 v _0466_/A2 (sky130_fd_sc_hd__a21bo_2)
                  0.03    0.24    1.91 v _0466_/X (sky130_fd_sc_hd__a21bo_2)
     1    0.00                           _0168_ (net)
                  0.03    0.00    1.91 v _0473_/A1 (sky130_fd_sc_hd__a2111o_2)
                  0.08    0.45    2.36 v _0473_/X (sky130_fd_sc_hd__a2111o_2)
     4    0.01                           _0175_ (net)
                  0.08    0.00    2.36 v _0474_/A (sky130_fd_sc_hd__buf_1)
                  0.21    0.26    2.62 v _0474_/X (sky130_fd_sc_hd__buf_1)
    16    0.04                           _0176_ (net)
                  0.21    0.00    2.62 v _0770_/A2 (sky130_fd_sc_hd__o211a_2)
                  0.09    0.39    3.01 v _0770_/X (sky130_fd_sc_hd__o211a_2)
     8    0.02                           _0374_ (net)
                  0.09    0.00    3.01 v _0771_/S (sky130_fd_sc_hd__mux2_2)
                  0.05    0.29    3.30 v _0771_/X (sky130_fd_sc_hd__mux2_2)
     1    0.00                           _0375_ (net)
                  0.05    0.00    3.30 v _0772_/A (sky130_fd_sc_hd__buf_1)
                  0.02    0.09    3.38 v _0772_/X (sky130_fd_sc_hd__buf_1)
     1    0.00                           _0096_ (net)
                  0.02    0.00    3.38 v _1002_/D (sky130_fd_sc_hd__dfxtp_2)
                                  3.38   data arrival time

                  0.15   10.00   10.00   clock w_clk (rise edge)
                          0.00   10.00   clock network delay (ideal)
                         -0.25    9.75   clock uncertainty
                          0.00    9.75   clock reconvergence pessimism
                                  9.75 ^ _1002_/CLK (sky130_fd_sc_hd__dfxtp_2)
                         -0.08    9.67   library setup time
                                  9.67   data required time
-----------------------------------------------------------------------------
                                  9.67   data required time
                                 -3.38   data arrival time
-----------------------------------------------------------------------------
                                  6.29   slack (MET)


Startpoint: _1060_ (rising edge-triggered flip-flop clocked by w_clk)
Endpoint: _1003_ (rising edge-triggered flip-flop clocked by w_clk)
Path Group: w_clk
Path Type: max

Fanout     Cap    Slew   Delay    Time   Description
-----------------------------------------------------------------------------
                  0.15    0.00    0.00   clock w_clk (rise edge)
                          0.00    0.00   clock network delay (ideal)
                  0.15    0.00    0.00 ^ _1060_/CLK (sky130_fd_sc_hd__dfrtp_2)
                  0.04    0.43    0.43 v _1060_/Q (sky130_fd_sc_hd__dfrtp_2)
     1    0.00                           w_ptr_b[0] (net)
                  0.04    0.00    0.43 v _0453_/A (sky130_fd_sc_hd__buf_1)
                  0.22    0.25    0.68 v _0453_/X (sky130_fd_sc_hd__buf_1)
    13    0.04                           _0155_ (net)
                  0.22    0.00    0.68 v _0456_/A (sky130_fd_sc_hd__and3_2)
                  0.04    0.26    0.94 v _0456_/X (sky130_fd_sc_hd__and3_2)
     1    0.00                           _0158_ (net)
                  0.04    0.00    0.94 v _0457_/A (sky130_fd_sc_hd__buf_1)
                  0.12    0.17    1.11 v _0457_/X (sky130_fd_sc_hd__buf_1)
     5    0.02                           _0159_ (net)
                  0.12    0.00    1.11 v _0465_/A (sky130_fd_sc_hd__or3_2)
                  0.11    0.56    1.67 v _0465_/X (sky130_fd_sc_hd__or3_2)
     3    0.01                           _0167_ (net)
                  0.11    0.00    1.67 v _0466_/A2 (sky130_fd_sc_hd__a21bo_2)
                  0.03    0.24    1.91 v _0466_/X (sky130_fd_sc_hd__a21bo_2)
     1    0.00                           _0168_ (net)
                  0.03    0.00    1.91 v _0473_/A1 (sky130_fd_sc_hd__a2111o_2)
                  0.08    0.45    2.36 v _0473_/X (sky130_fd_sc_hd__a2111o_2)
     4    0.01                           _0175_ (net)
                  0.08    0.00    2.36 v _0474_/A (sky130_fd_sc_hd__buf_1)
                  0.21    0.26    2.62 v _0474_/X (sky130_fd_sc_hd__buf_1)
    16    0.04                           _0176_ (net)
                  0.21    0.00    2.62 v _0770_/A2 (sky130_fd_sc_hd__o211a_2)
                  0.09    0.39    3.01 v _0770_/X (sky130_fd_sc_hd__o211a_2)
     8    0.02                           _0374_ (net)
                  0.09    0.00    3.01 v _0773_/S (sky130_fd_sc_hd__mux2_2)
                  0.05    0.29    3.30 v _0773_/X (sky130_fd_sc_hd__mux2_2)
     1    0.00                           _0376_ (net)
                  0.05    0.00    3.30 v _0774_/A (sky130_fd_sc_hd__buf_1)
                  0.02    0.09    3.38 v _0774_/X (sky130_fd_sc_hd__buf_1)
     1    0.00                           _0097_ (net)
                  0.02    0.00    3.38 v _1003_/D (sky130_fd_sc_hd__dfxtp_2)
                                  3.38   data arrival time

                  0.15   10.00   10.00   clock w_clk (rise edge)
                          0.00   10.00   clock network delay (ideal)
                         -0.25    9.75   clock uncertainty
                          0.00    9.75   clock reconvergence pessimism
                                  9.75 ^ _1003_/CLK (sky130_fd_sc_hd__dfxtp_2)
                         -0.08    9.67   library setup time
                                  9.67   data required time
-----------------------------------------------------------------------------
                                  9.67   data required time
                                 -3.38   data arrival time
-----------------------------------------------------------------------------
                                  6.29   slack (MET)


Startpoint: _1060_ (rising edge-triggered flip-flop clocked by w_clk)
Endpoint: _1004_ (rising edge-triggered flip-flop clocked by w_clk)
Path Group: w_clk
Path Type: max

Fanout     Cap    Slew   Delay    Time   Description
-----------------------------------------------------------------------------
                  0.15    0.00    0.00   clock w_clk (rise edge)
                          0.00    0.00   clock network delay (ideal)
                  0.15    0.00    0.00 ^ _1060_/CLK (sky130_fd_sc_hd__dfrtp_2)
                  0.04    0.43    0.43 v _1060_/Q (sky130_fd_sc_hd__dfrtp_2)
     1    0.00                           w_ptr_b[0] (net)
                  0.04    0.00    0.43 v _0453_/A (sky130_fd_sc_hd__buf_1)
                  0.22    0.25    0.68 v _0453_/X (sky130_fd_sc_hd__buf_1)
    13    0.04                           _0155_ (net)
                  0.22    0.00    0.68 v _0456_/A (sky130_fd_sc_hd__and3_2)
                  0.04    0.26    0.94 v _0456_/X (sky130_fd_sc_hd__and3_2)
     1    0.00                           _0158_ (net)
                  0.04    0.00    0.94 v _0457_/A (sky130_fd_sc_hd__buf_1)
                  0.12    0.17    1.11 v _0457_/X (sky130_fd_sc_hd__buf_1)
     5    0.02                           _0159_ (net)
                  0.12    0.00    1.11 v _0465_/A (sky130_fd_sc_hd__or3_2)
                  0.11    0.56    1.67 v _0465_/X (sky130_fd_sc_hd__or3_2)
     3    0.01                           _0167_ (net)
                  0.11    0.00    1.67 v _0466_/A2 (sky130_fd_sc_hd__a21bo_2)
                  0.03    0.24    1.91 v _0466_/X (sky130_fd_sc_hd__a21bo_2)
     1    0.00                           _0168_ (net)
                  0.03    0.00    1.91 v _0473_/A1 (sky130_fd_sc_hd__a2111o_2)
                  0.08    0.45    2.36 v _0473_/X (sky130_fd_sc_hd__a2111o_2)
     4    0.01                           _0175_ (net)
                  0.08    0.00    2.36 v _0474_/A (sky130_fd_sc_hd__buf_1)
                  0.21    0.26    2.62 v _0474_/X (sky130_fd_sc_hd__buf_1)
    16    0.04                           _0176_ (net)
                  0.21    0.00    2.62 v _0770_/A2 (sky130_fd_sc_hd__o211a_2)
                  0.09    0.39    3.01 v _0770_/X (sky130_fd_sc_hd__o211a_2)
     8    0.02                           _0374_ (net)
                  0.09    0.00    3.01 v _0775_/S (sky130_fd_sc_hd__mux2_2)
                  0.05    0.29    3.30 v _0775_/X (sky130_fd_sc_hd__mux2_2)
     1    0.00                           _0377_ (net)
                  0.05    0.00    3.30 v _0776_/A (sky130_fd_sc_hd__buf_1)
                  0.02    0.09    3.38 v _0776_/X (sky130_fd_sc_hd__buf_1)
     1    0.00                           _0098_ (net)
                  0.02    0.00    3.38 v _1004_/D (sky130_fd_sc_hd__dfxtp_2)
                                  3.38   data arrival time

                  0.15   10.00   10.00   clock w_clk (rise edge)
                          0.00   10.00   clock network delay (ideal)
                         -0.25    9.75   clock uncertainty
                          0.00    9.75   clock reconvergence pessimism
                                  9.75 ^ _1004_/CLK (sky130_fd_sc_hd__dfxtp_2)
                         -0.08    9.67   library setup time
                                  9.67   data required time
-----------------------------------------------------------------------------
                                  9.67   data required time
                                 -3.38   data arrival time
-----------------------------------------------------------------------------
                                  6.29   slack (MET)


Startpoint: _1060_ (rising edge-triggered flip-flop clocked by w_clk)
Endpoint: _1005_ (rising edge-triggered flip-flop clocked by w_clk)
Path Group: w_clk
Path Type: max

Fanout     Cap    Slew   Delay    Time   Description
-----------------------------------------------------------------------------
                  0.15    0.00    0.00   clock w_clk (rise edge)
                          0.00    0.00   clock network delay (ideal)
                  0.15    0.00    0.00 ^ _1060_/CLK (sky130_fd_sc_hd__dfrtp_2)
                  0.04    0.43    0.43 v _1060_/Q (sky130_fd_sc_hd__dfrtp_2)
     1    0.00                           w_ptr_b[0] (net)
                  0.04    0.00    0.43 v _0453_/A (sky130_fd_sc_hd__buf_1)
                  0.22    0.25    0.68 v _0453_/X (sky130_fd_sc_hd__buf_1)
    13    0.04                           _0155_ (net)
                  0.22    0.00    0.68 v _0456_/A (sky130_fd_sc_hd__and3_2)
                  0.04    0.26    0.94 v _0456_/X (sky130_fd_sc_hd__and3_2)
     1    0.00                           _0158_ (net)
                  0.04    0.00    0.94 v _0457_/A (sky130_fd_sc_hd__buf_1)
                  0.12    0.17    1.11 v _0457_/X (sky130_fd_sc_hd__buf_1)
     5    0.02                           _0159_ (net)
                  0.12    0.00    1.11 v _0465_/A (sky130_fd_sc_hd__or3_2)
                  0.11    0.56    1.67 v _0465_/X (sky130_fd_sc_hd__or3_2)
     3    0.01                           _0167_ (net)
                  0.11    0.00    1.67 v _0466_/A2 (sky130_fd_sc_hd__a21bo_2)
                  0.03    0.24    1.91 v _0466_/X (sky130_fd_sc_hd__a21bo_2)
     1    0.00                           _0168_ (net)
                  0.03    0.00    1.91 v _0473_/A1 (sky130_fd_sc_hd__a2111o_2)
                  0.08    0.45    2.36 v _0473_/X (sky130_fd_sc_hd__a2111o_2)
     4    0.01                           _0175_ (net)
                  0.08    0.00    2.36 v _0474_/A (sky130_fd_sc_hd__buf_1)
                  0.21    0.26    2.62 v _0474_/X (sky130_fd_sc_hd__buf_1)
    16    0.04                           _0176_ (net)
                  0.21    0.00    2.62 v _0770_/A2 (sky130_fd_sc_hd__o211a_2)
                  0.09    0.39    3.01 v _0770_/X (sky130_fd_sc_hd__o211a_2)
     8    0.02                           _0374_ (net)
                  0.09    0.00    3.01 v _0777_/S (sky130_fd_sc_hd__mux2_2)
                  0.05    0.29    3.30 v _0777_/X (sky130_fd_sc_hd__mux2_2)
     1    0.00                           _0378_ (net)
                  0.05    0.00    3.30 v _0778_/A (sky130_fd_sc_hd__buf_1)
                  0.02    0.09    3.38 v _0778_/X (sky130_fd_sc_hd__buf_1)
     1    0.00                           _0099_ (net)
                  0.02    0.00    3.38 v _1005_/D (sky130_fd_sc_hd__dfxtp_2)
                                  3.38   data arrival time

                  0.15   10.00   10.00   clock w_clk (rise edge)
                          0.00   10.00   clock network delay (ideal)
                         -0.25    9.75   clock uncertainty
                          0.00    9.75   clock reconvergence pessimism
                                  9.75 ^ _1005_/CLK (sky130_fd_sc_hd__dfxtp_2)
                         -0.08    9.67   library setup time
                                  9.67   data required time
-----------------------------------------------------------------------------
                                  9.67   data required time
                                 -3.38   data arrival time
-----------------------------------------------------------------------------
                                  6.29   slack (MET)


Startpoint: _1060_ (rising edge-triggered flip-flop clocked by w_clk)
Endpoint: _1006_ (rising edge-triggered flip-flop clocked by w_clk)
Path Group: w_clk
Path Type: max

Fanout     Cap    Slew   Delay    Time   Description
-----------------------------------------------------------------------------
                  0.15    0.00    0.00   clock w_clk (rise edge)
                          0.00    0.00   clock network delay (ideal)
                  0.15    0.00    0.00 ^ _1060_/CLK (sky130_fd_sc_hd__dfrtp_2)
                  0.04    0.43    0.43 v _1060_/Q (sky130_fd_sc_hd__dfrtp_2)
     1    0.00                           w_ptr_b[0] (net)
                  0.04    0.00    0.43 v _0453_/A (sky130_fd_sc_hd__buf_1)
                  0.22    0.25    0.68 v _0453_/X (sky130_fd_sc_hd__buf_1)
    13    0.04                           _0155_ (net)
                  0.22    0.00    0.68 v _0456_/A (sky130_fd_sc_hd__and3_2)
                  0.04    0.26    0.94 v _0456_/X (sky130_fd_sc_hd__and3_2)
     1    0.00                           _0158_ (net)
                  0.04    0.00    0.94 v _0457_/A (sky130_fd_sc_hd__buf_1)
                  0.12    0.17    1.11 v _0457_/X (sky130_fd_sc_hd__buf_1)
     5    0.02                           _0159_ (net)
                  0.12    0.00    1.11 v _0465_/A (sky130_fd_sc_hd__or3_2)
                  0.11    0.56    1.67 v _0465_/X (sky130_fd_sc_hd__or3_2)
     3    0.01                           _0167_ (net)
                  0.11    0.00    1.67 v _0466_/A2 (sky130_fd_sc_hd__a21bo_2)
                  0.03    0.24    1.91 v _0466_/X (sky130_fd_sc_hd__a21bo_2)
     1    0.00                           _0168_ (net)
                  0.03    0.00    1.91 v _0473_/A1 (sky130_fd_sc_hd__a2111o_2)
                  0.08    0.45    2.36 v _0473_/X (sky130_fd_sc_hd__a2111o_2)
     4    0.01                           _0175_ (net)
                  0.08    0.00    2.36 v _0474_/A (sky130_fd_sc_hd__buf_1)
                  0.21    0.26    2.62 v _0474_/X (sky130_fd_sc_hd__buf_1)
    16    0.04                           _0176_ (net)
                  0.21    0.00    2.62 v _0770_/A2 (sky130_fd_sc_hd__o211a_2)
                  0.09    0.39    3.01 v _0770_/X (sky130_fd_sc_hd__o211a_2)
     8    0.02                           _0374_ (net)
                  0.09    0.00    3.01 v _0779_/S (sky130_fd_sc_hd__mux2_2)
                  0.05    0.29    3.30 v _0779_/X (sky130_fd_sc_hd__mux2_2)
     1    0.00                           _0379_ (net)
                  0.05    0.00    3.30 v _0780_/A (sky130_fd_sc_hd__buf_1)
                  0.02    0.09    3.38 v _0780_/X (sky130_fd_sc_hd__buf_1)
     1    0.00                           _0100_ (net)
                  0.02    0.00    3.38 v _1006_/D (sky130_fd_sc_hd__dfxtp_2)
                                  3.38   data arrival time

                  0.15   10.00   10.00   clock w_clk (rise edge)
                          0.00   10.00   clock network delay (ideal)
                         -0.25    9.75   clock uncertainty
                          0.00    9.75   clock reconvergence pessimism
                                  9.75 ^ _1006_/CLK (sky130_fd_sc_hd__dfxtp_2)
                         -0.08    9.67   library setup time
                                  9.67   data required time
-----------------------------------------------------------------------------
                                  9.67   data required time
                                 -3.38   data arrival time
-----------------------------------------------------------------------------
                                  6.29   slack (MET)


Startpoint: _1060_ (rising edge-triggered flip-flop clocked by w_clk)
Endpoint: _1007_ (rising edge-triggered flip-flop clocked by w_clk)
Path Group: w_clk
Path Type: max

Fanout     Cap    Slew   Delay    Time   Description
-----------------------------------------------------------------------------
                  0.15    0.00    0.00   clock w_clk (rise edge)
                          0.00    0.00   clock network delay (ideal)
                  0.15    0.00    0.00 ^ _1060_/CLK (sky130_fd_sc_hd__dfrtp_2)
                  0.04    0.43    0.43 v _1060_/Q (sky130_fd_sc_hd__dfrtp_2)
     1    0.00                           w_ptr_b[0] (net)
                  0.04    0.00    0.43 v _0453_/A (sky130_fd_sc_hd__buf_1)
                  0.22    0.25    0.68 v _0453_/X (sky130_fd_sc_hd__buf_1)
    13    0.04                           _0155_ (net)
                  0.22    0.00    0.68 v _0456_/A (sky130_fd_sc_hd__and3_2)
                  0.04    0.26    0.94 v _0456_/X (sky130_fd_sc_hd__and3_2)
     1    0.00                           _0158_ (net)
                  0.04    0.00    0.94 v _0457_/A (sky130_fd_sc_hd__buf_1)
                  0.12    0.17    1.11 v _0457_/X (sky130_fd_sc_hd__buf_1)
     5    0.02                           _0159_ (net)
                  0.12    0.00    1.11 v _0465_/A (sky130_fd_sc_hd__or3_2)
                  0.11    0.56    1.67 v _0465_/X (sky130_fd_sc_hd__or3_2)
     3    0.01                           _0167_ (net)
                  0.11    0.00    1.67 v _0466_/A2 (sky130_fd_sc_hd__a21bo_2)
                  0.03    0.24    1.91 v _0466_/X (sky130_fd_sc_hd__a21bo_2)
     1    0.00                           _0168_ (net)
                  0.03    0.00    1.91 v _0473_/A1 (sky130_fd_sc_hd__a2111o_2)
                  0.08    0.45    2.36 v _0473_/X (sky130_fd_sc_hd__a2111o_2)
     4    0.01                           _0175_ (net)
                  0.08    0.00    2.36 v _0474_/A (sky130_fd_sc_hd__buf_1)
                  0.21    0.26    2.62 v _0474_/X (sky130_fd_sc_hd__buf_1)
    16    0.04                           _0176_ (net)
                  0.21    0.00    2.62 v _0770_/A2 (sky130_fd_sc_hd__o211a_2)
                  0.09    0.39    3.01 v _0770_/X (sky130_fd_sc_hd__o211a_2)
     8    0.02                           _0374_ (net)
                  0.09    0.00    3.01 v _0781_/S (sky130_fd_sc_hd__mux2_2)
                  0.05    0.29    3.30 v _0781_/X (sky130_fd_sc_hd__mux2_2)
     1    0.00                           _0380_ (net)
                  0.05    0.00    3.30 v _0782_/A (sky130_fd_sc_hd__buf_1)
                  0.02    0.09    3.38 v _0782_/X (sky130_fd_sc_hd__buf_1)
     1    0.00                           _0101_ (net)
                  0.02    0.00    3.38 v _1007_/D (sky130_fd_sc_hd__dfxtp_2)
                                  3.38   data arrival time

                  0.15   10.00   10.00   clock w_clk (rise edge)
                          0.00   10.00   clock network delay (ideal)
                         -0.25    9.75   clock uncertainty
                          0.00    9.75   clock reconvergence pessimism
                                  9.75 ^ _1007_/CLK (sky130_fd_sc_hd__dfxtp_2)
                         -0.08    9.67   library setup time
                                  9.67   data required time
-----------------------------------------------------------------------------
                                  9.67   data required time
                                 -3.38   data arrival time
-----------------------------------------------------------------------------
                                  6.29   slack (MET)


Startpoint: _1060_ (rising edge-triggered flip-flop clocked by w_clk)
Endpoint: _1008_ (rising edge-triggered flip-flop clocked by w_clk)
Path Group: w_clk
Path Type: max

Fanout     Cap    Slew   Delay    Time   Description
-----------------------------------------------------------------------------
                  0.15    0.00    0.00   clock w_clk (rise edge)
                          0.00    0.00   clock network delay (ideal)
                  0.15    0.00    0.00 ^ _1060_/CLK (sky130_fd_sc_hd__dfrtp_2)
                  0.04    0.43    0.43 v _1060_/Q (sky130_fd_sc_hd__dfrtp_2)
     1    0.00                           w_ptr_b[0] (net)
                  0.04    0.00    0.43 v _0453_/A (sky130_fd_sc_hd__buf_1)
                  0.22    0.25    0.68 v _0453_/X (sky130_fd_sc_hd__buf_1)
    13    0.04                           _0155_ (net)
                  0.22    0.00    0.68 v _0456_/A (sky130_fd_sc_hd__and3_2)
                  0.04    0.26    0.94 v _0456_/X (sky130_fd_sc_hd__and3_2)
     1    0.00                           _0158_ (net)
                  0.04    0.00    0.94 v _0457_/A (sky130_fd_sc_hd__buf_1)
                  0.12    0.17    1.11 v _0457_/X (sky130_fd_sc_hd__buf_1)
     5    0.02                           _0159_ (net)
                  0.12    0.00    1.11 v _0465_/A (sky130_fd_sc_hd__or3_2)
                  0.11    0.56    1.67 v _0465_/X (sky130_fd_sc_hd__or3_2)
     3    0.01                           _0167_ (net)
                  0.11    0.00    1.67 v _0466_/A2 (sky130_fd_sc_hd__a21bo_2)
                  0.03    0.24    1.91 v _0466_/X (sky130_fd_sc_hd__a21bo_2)
     1    0.00                           _0168_ (net)
                  0.03    0.00    1.91 v _0473_/A1 (sky130_fd_sc_hd__a2111o_2)
                  0.08    0.45    2.36 v _0473_/X (sky130_fd_sc_hd__a2111o_2)
     4    0.01                           _0175_ (net)
                  0.08    0.00    2.36 v _0474_/A (sky130_fd_sc_hd__buf_1)
                  0.21    0.26    2.62 v _0474_/X (sky130_fd_sc_hd__buf_1)
    16    0.04                           _0176_ (net)
                  0.21    0.00    2.62 v _0770_/A2 (sky130_fd_sc_hd__o211a_2)
                  0.09    0.39    3.01 v _0770_/X (sky130_fd_sc_hd__o211a_2)
     8    0.02                           _0374_ (net)
                  0.09    0.00    3.01 v _0783_/S (sky130_fd_sc_hd__mux2_2)
                  0.05    0.29    3.30 v _0783_/X (sky130_fd_sc_hd__mux2_2)
     1    0.00                           _0381_ (net)
                  0.05    0.00    3.30 v _0784_/A (sky130_fd_sc_hd__buf_1)
                  0.02    0.09    3.38 v _0784_/X (sky130_fd_sc_hd__buf_1)
     1    0.00                           _0102_ (net)
                  0.02    0.00    3.38 v _1008_/D (sky130_fd_sc_hd__dfxtp_2)
                                  3.38   data arrival time

                  0.15   10.00   10.00   clock w_clk (rise edge)
                          0.00   10.00   clock network delay (ideal)
                         -0.25    9.75   clock uncertainty
                          0.00    9.75   clock reconvergence pessimism
                                  9.75 ^ _1008_/CLK (sky130_fd_sc_hd__dfxtp_2)
                         -0.08    9.67   library setup time
                                  9.67   data required time
-----------------------------------------------------------------------------
                                  9.67   data required time
                                 -3.38   data arrival time
-----------------------------------------------------------------------------
                                  6.29   slack (MET)


Startpoint: _1060_ (rising edge-triggered flip-flop clocked by w_clk)
Endpoint: _1009_ (rising edge-triggered flip-flop clocked by w_clk)
Path Group: w_clk
Path Type: max

Fanout     Cap    Slew   Delay    Time   Description
-----------------------------------------------------------------------------
                  0.15    0.00    0.00   clock w_clk (rise edge)
                          0.00    0.00   clock network delay (ideal)
                  0.15    0.00    0.00 ^ _1060_/CLK (sky130_fd_sc_hd__dfrtp_2)
                  0.04    0.43    0.43 v _1060_/Q (sky130_fd_sc_hd__dfrtp_2)
     1    0.00                           w_ptr_b[0] (net)
                  0.04    0.00    0.43 v _0453_/A (sky130_fd_sc_hd__buf_1)
                  0.22    0.25    0.68 v _0453_/X (sky130_fd_sc_hd__buf_1)
    13    0.04                           _0155_ (net)
                  0.22    0.00    0.68 v _0456_/A (sky130_fd_sc_hd__and3_2)
                  0.04    0.26    0.94 v _0456_/X (sky130_fd_sc_hd__and3_2)
     1    0.00                           _0158_ (net)
                  0.04    0.00    0.94 v _0457_/A (sky130_fd_sc_hd__buf_1)
                  0.12    0.17    1.11 v _0457_/X (sky130_fd_sc_hd__buf_1)
     5    0.02                           _0159_ (net)
                  0.12    0.00    1.11 v _0465_/A (sky130_fd_sc_hd__or3_2)
                  0.11    0.56    1.67 v _0465_/X (sky130_fd_sc_hd__or3_2)
     3    0.01                           _0167_ (net)
                  0.11    0.00    1.67 v _0466_/A2 (sky130_fd_sc_hd__a21bo_2)
                  0.03    0.24    1.91 v _0466_/X (sky130_fd_sc_hd__a21bo_2)
     1    0.00                           _0168_ (net)
                  0.03    0.00    1.91 v _0473_/A1 (sky130_fd_sc_hd__a2111o_2)
                  0.08    0.45    2.36 v _0473_/X (sky130_fd_sc_hd__a2111o_2)
     4    0.01                           _0175_ (net)
                  0.08    0.00    2.36 v _0474_/A (sky130_fd_sc_hd__buf_1)
                  0.21    0.26    2.62 v _0474_/X (sky130_fd_sc_hd__buf_1)
    16    0.04                           _0176_ (net)
                  0.21    0.00    2.62 v _0770_/A2 (sky130_fd_sc_hd__o211a_2)
                  0.09    0.39    3.01 v _0770_/X (sky130_fd_sc_hd__o211a_2)
     8    0.02                           _0374_ (net)
                  0.09    0.00    3.01 v _0785_/S (sky130_fd_sc_hd__mux2_2)
                  0.05    0.29    3.30 v _0785_/X (sky130_fd_sc_hd__mux2_2)
     1    0.00                           _0382_ (net)
                  0.05    0.00    3.30 v _0786_/A (sky130_fd_sc_hd__buf_1)
                  0.02    0.09    3.38 v _0786_/X (sky130_fd_sc_hd__buf_1)
     1    0.00                           _0103_ (net)
                  0.02    0.00    3.38 v _1009_/D (sky130_fd_sc_hd__dfxtp_2)
                                  3.38   data arrival time

                  0.15   10.00   10.00   clock w_clk (rise edge)
                          0.00   10.00   clock network delay (ideal)
                         -0.25    9.75   clock uncertainty
                          0.00    9.75   clock reconvergence pessimism
                                  9.75 ^ _1009_/CLK (sky130_fd_sc_hd__dfxtp_2)
                         -0.08    9.67   library setup time
                                  9.67   data required time
-----------------------------------------------------------------------------
                                  9.67   data required time
                                 -3.38   data arrival time
-----------------------------------------------------------------------------
                                  6.29   slack (MET)


Startpoint: _1060_ (rising edge-triggered flip-flop clocked by w_clk)
Endpoint: _1010_ (rising edge-triggered flip-flop clocked by w_clk)
Path Group: w_clk
Path Type: max

Fanout     Cap    Slew   Delay    Time   Description
-----------------------------------------------------------------------------
                  0.15    0.00    0.00   clock w_clk (rise edge)
                          0.00    0.00   clock network delay (ideal)
                  0.15    0.00    0.00 ^ _1060_/CLK (sky130_fd_sc_hd__dfrtp_2)
                  0.04    0.43    0.43 v _1060_/Q (sky130_fd_sc_hd__dfrtp_2)
     1    0.00                           w_ptr_b[0] (net)
                  0.04    0.00    0.43 v _0453_/A (sky130_fd_sc_hd__buf_1)
                  0.22    0.25    0.68 v _0453_/X (sky130_fd_sc_hd__buf_1)
    13    0.04                           _0155_ (net)
                  0.22    0.00    0.68 v _0456_/A (sky130_fd_sc_hd__and3_2)
                  0.04    0.26    0.94 v _0456_/X (sky130_fd_sc_hd__and3_2)
     1    0.00                           _0158_ (net)
                  0.04    0.00    0.94 v _0457_/A (sky130_fd_sc_hd__buf_1)
                  0.12    0.17    1.11 v _0457_/X (sky130_fd_sc_hd__buf_1)
     5    0.02                           _0159_ (net)
                  0.12    0.00    1.11 v _0465_/A (sky130_fd_sc_hd__or3_2)
                  0.11    0.56    1.67 v _0465_/X (sky130_fd_sc_hd__or3_2)
     3    0.01                           _0167_ (net)
                  0.11    0.00    1.67 v _0466_/A2 (sky130_fd_sc_hd__a21bo_2)
                  0.03    0.24    1.91 v _0466_/X (sky130_fd_sc_hd__a21bo_2)
     1    0.00                           _0168_ (net)
                  0.03    0.00    1.91 v _0473_/A1 (sky130_fd_sc_hd__a2111o_2)
                  0.08    0.45    2.36 v _0473_/X (sky130_fd_sc_hd__a2111o_2)
     4    0.01                           _0175_ (net)
                  0.08    0.00    2.36 v _0474_/A (sky130_fd_sc_hd__buf_1)
                  0.21    0.26    2.62 v _0474_/X (sky130_fd_sc_hd__buf_1)
    16    0.04                           _0176_ (net)
                  0.21    0.00    2.62 v _0788_/A2 (sky130_fd_sc_hd__o211a_2)
                  0.09    0.39    3.01 v _0788_/X (sky130_fd_sc_hd__o211a_2)
     8    0.02                           _0384_ (net)
                  0.09    0.00    3.01 v _0789_/S (sky130_fd_sc_hd__mux2_2)
                  0.05    0.29    3.30 v _0789_/X (sky130_fd_sc_hd__mux2_2)
     1    0.00                           _0385_ (net)
                  0.05    0.00    3.30 v _0790_/A (sky130_fd_sc_hd__buf_1)
                  0.02    0.09    3.38 v _0790_/X (sky130_fd_sc_hd__buf_1)
     1    0.00                           _0104_ (net)
                  0.02    0.00    3.38 v _1010_/D (sky130_fd_sc_hd__dfxtp_2)
                                  3.38   data arrival time

                  0.15   10.00   10.00   clock w_clk (rise edge)
                          0.00   10.00   clock network delay (ideal)
                         -0.25    9.75   clock uncertainty
                          0.00    9.75   clock reconvergence pessimism
                                  9.75 ^ _1010_/CLK (sky130_fd_sc_hd__dfxtp_2)
                         -0.08    9.67   library setup time
                                  9.67   data required time
-----------------------------------------------------------------------------
                                  9.67   data required time
                                 -3.38   data arrival time
-----------------------------------------------------------------------------
                                  6.29   slack (MET)


Startpoint: _1060_ (rising edge-triggered flip-flop clocked by w_clk)
Endpoint: _1011_ (rising edge-triggered flip-flop clocked by w_clk)
Path Group: w_clk
Path Type: max

Fanout     Cap    Slew   Delay    Time   Description
-----------------------------------------------------------------------------
                  0.15    0.00    0.00   clock w_clk (rise edge)
                          0.00    0.00   clock network delay (ideal)
                  0.15    0.00    0.00 ^ _1060_/CLK (sky130_fd_sc_hd__dfrtp_2)
                  0.04    0.43    0.43 v _1060_/Q (sky130_fd_sc_hd__dfrtp_2)
     1    0.00                           w_ptr_b[0] (net)
                  0.04    0.00    0.43 v _0453_/A (sky130_fd_sc_hd__buf_1)
                  0.22    0.25    0.68 v _0453_/X (sky130_fd_sc_hd__buf_1)
    13    0.04                           _0155_ (net)
                  0.22    0.00    0.68 v _0456_/A (sky130_fd_sc_hd__and3_2)
                  0.04    0.26    0.94 v _0456_/X (sky130_fd_sc_hd__and3_2)
     1    0.00                           _0158_ (net)
                  0.04    0.00    0.94 v _0457_/A (sky130_fd_sc_hd__buf_1)
                  0.12    0.17    1.11 v _0457_/X (sky130_fd_sc_hd__buf_1)
     5    0.02                           _0159_ (net)
                  0.12    0.00    1.11 v _0465_/A (sky130_fd_sc_hd__or3_2)
                  0.11    0.56    1.67 v _0465_/X (sky130_fd_sc_hd__or3_2)
     3    0.01                           _0167_ (net)
                  0.11    0.00    1.67 v _0466_/A2 (sky130_fd_sc_hd__a21bo_2)
                  0.03    0.24    1.91 v _0466_/X (sky130_fd_sc_hd__a21bo_2)
     1    0.00                           _0168_ (net)
                  0.03    0.00    1.91 v _0473_/A1 (sky130_fd_sc_hd__a2111o_2)
                  0.08    0.45    2.36 v _0473_/X (sky130_fd_sc_hd__a2111o_2)
     4    0.01                           _0175_ (net)
                  0.08    0.00    2.36 v _0474_/A (sky130_fd_sc_hd__buf_1)
                  0.21    0.26    2.62 v _0474_/X (sky130_fd_sc_hd__buf_1)
    16    0.04                           _0176_ (net)
                  0.21    0.00    2.62 v _0788_/A2 (sky130_fd_sc_hd__o211a_2)
                  0.09    0.39    3.01 v _0788_/X (sky130_fd_sc_hd__o211a_2)
     8    0.02                           _0384_ (net)
                  0.09    0.00    3.01 v _0791_/S (sky130_fd_sc_hd__mux2_2)
                  0.05    0.29    3.30 v _0791_/X (sky130_fd_sc_hd__mux2_2)
     1    0.00                           _0386_ (net)
                  0.05    0.00    3.30 v _0792_/A (sky130_fd_sc_hd__buf_1)
                  0.02    0.09    3.38 v _0792_/X (sky130_fd_sc_hd__buf_1)
     1    0.00                           _0105_ (net)
                  0.02    0.00    3.38 v _1011_/D (sky130_fd_sc_hd__dfxtp_2)
                                  3.38   data arrival time

                  0.15   10.00   10.00   clock w_clk (rise edge)
                          0.00   10.00   clock network delay (ideal)
                         -0.25    9.75   clock uncertainty
                          0.00    9.75   clock reconvergence pessimism
                                  9.75 ^ _1011_/CLK (sky130_fd_sc_hd__dfxtp_2)
                         -0.08    9.67   library setup time
                                  9.67   data required time
-----------------------------------------------------------------------------
                                  9.67   data required time
                                 -3.38   data arrival time
-----------------------------------------------------------------------------
                                  6.29   slack (MET)


Startpoint: _1060_ (rising edge-triggered flip-flop clocked by w_clk)
Endpoint: _1012_ (rising edge-triggered flip-flop clocked by w_clk)
Path Group: w_clk
Path Type: max

Fanout     Cap    Slew   Delay    Time   Description
-----------------------------------------------------------------------------
                  0.15    0.00    0.00   clock w_clk (rise edge)
                          0.00    0.00   clock network delay (ideal)
                  0.15    0.00    0.00 ^ _1060_/CLK (sky130_fd_sc_hd__dfrtp_2)
                  0.04    0.43    0.43 v _1060_/Q (sky130_fd_sc_hd__dfrtp_2)
     1    0.00                           w_ptr_b[0] (net)
                  0.04    0.00    0.43 v _0453_/A (sky130_fd_sc_hd__buf_1)
                  0.22    0.25    0.68 v _0453_/X (sky130_fd_sc_hd__buf_1)
    13    0.04                           _0155_ (net)
                  0.22    0.00    0.68 v _0456_/A (sky130_fd_sc_hd__and3_2)
                  0.04    0.26    0.94 v _0456_/X (sky130_fd_sc_hd__and3_2)
     1    0.00                           _0158_ (net)
                  0.04    0.00    0.94 v _0457_/A (sky130_fd_sc_hd__buf_1)
                  0.12    0.17    1.11 v _0457_/X (sky130_fd_sc_hd__buf_1)
     5    0.02                           _0159_ (net)
                  0.12    0.00    1.11 v _0465_/A (sky130_fd_sc_hd__or3_2)
                  0.11    0.56    1.67 v _0465_/X (sky130_fd_sc_hd__or3_2)
     3    0.01                           _0167_ (net)
                  0.11    0.00    1.67 v _0466_/A2 (sky130_fd_sc_hd__a21bo_2)
                  0.03    0.24    1.91 v _0466_/X (sky130_fd_sc_hd__a21bo_2)
     1    0.00                           _0168_ (net)
                  0.03    0.00    1.91 v _0473_/A1 (sky130_fd_sc_hd__a2111o_2)
                  0.08    0.45    2.36 v _0473_/X (sky130_fd_sc_hd__a2111o_2)
     4    0.01                           _0175_ (net)
                  0.08    0.00    2.36 v _0474_/A (sky130_fd_sc_hd__buf_1)
                  0.21    0.26    2.62 v _0474_/X (sky130_fd_sc_hd__buf_1)
    16    0.04                           _0176_ (net)
                  0.21    0.00    2.62 v _0788_/A2 (sky130_fd_sc_hd__o211a_2)
                  0.09    0.39    3.01 v _0788_/X (sky130_fd_sc_hd__o211a_2)
     8    0.02                           _0384_ (net)
                  0.09    0.00    3.01 v _0793_/S (sky130_fd_sc_hd__mux2_2)
                  0.05    0.29    3.30 v _0793_/X (sky130_fd_sc_hd__mux2_2)
     1    0.00                           _0387_ (net)
                  0.05    0.00    3.30 v _0794_/A (sky130_fd_sc_hd__buf_1)
                  0.02    0.09    3.38 v _0794_/X (sky130_fd_sc_hd__buf_1)
     1    0.00                           _0106_ (net)
                  0.02    0.00    3.38 v _1012_/D (sky130_fd_sc_hd__dfxtp_2)
                                  3.38   data arrival time

                  0.15   10.00   10.00   clock w_clk (rise edge)
                          0.00   10.00   clock network delay (ideal)
                         -0.25    9.75   clock uncertainty
                          0.00    9.75   clock reconvergence pessimism
                                  9.75 ^ _1012_/CLK (sky130_fd_sc_hd__dfxtp_2)
                         -0.08    9.67   library setup time
                                  9.67   data required time
-----------------------------------------------------------------------------
                                  9.67   data required time
                                 -3.38   data arrival time
-----------------------------------------------------------------------------
                                  6.29   slack (MET)


Startpoint: _1060_ (rising edge-triggered flip-flop clocked by w_clk)
Endpoint: _1013_ (rising edge-triggered flip-flop clocked by w_clk)
Path Group: w_clk
Path Type: max

Fanout     Cap    Slew   Delay    Time   Description
-----------------------------------------------------------------------------
                  0.15    0.00    0.00   clock w_clk (rise edge)
                          0.00    0.00   clock network delay (ideal)
                  0.15    0.00    0.00 ^ _1060_/CLK (sky130_fd_sc_hd__dfrtp_2)
                  0.04    0.43    0.43 v _1060_/Q (sky130_fd_sc_hd__dfrtp_2)
     1    0.00                           w_ptr_b[0] (net)
                  0.04    0.00    0.43 v _0453_/A (sky130_fd_sc_hd__buf_1)
                  0.22    0.25    0.68 v _0453_/X (sky130_fd_sc_hd__buf_1)
    13    0.04                           _0155_ (net)
                  0.22    0.00    0.68 v _0456_/A (sky130_fd_sc_hd__and3_2)
                  0.04    0.26    0.94 v _0456_/X (sky130_fd_sc_hd__and3_2)
     1    0.00                           _0158_ (net)
                  0.04    0.00    0.94 v _0457_/A (sky130_fd_sc_hd__buf_1)
                  0.12    0.17    1.11 v _0457_/X (sky130_fd_sc_hd__buf_1)
     5    0.02                           _0159_ (net)
                  0.12    0.00    1.11 v _0465_/A (sky130_fd_sc_hd__or3_2)
                  0.11    0.56    1.67 v _0465_/X (sky130_fd_sc_hd__or3_2)
     3    0.01                           _0167_ (net)
                  0.11    0.00    1.67 v _0466_/A2 (sky130_fd_sc_hd__a21bo_2)
                  0.03    0.24    1.91 v _0466_/X (sky130_fd_sc_hd__a21bo_2)
     1    0.00                           _0168_ (net)
                  0.03    0.00    1.91 v _0473_/A1 (sky130_fd_sc_hd__a2111o_2)
                  0.08    0.45    2.36 v _0473_/X (sky130_fd_sc_hd__a2111o_2)
     4    0.01                           _0175_ (net)
                  0.08    0.00    2.36 v _0474_/A (sky130_fd_sc_hd__buf_1)
                  0.21    0.26    2.62 v _0474_/X (sky130_fd_sc_hd__buf_1)
    16    0.04                           _0176_ (net)
                  0.21    0.00    2.62 v _0788_/A2 (sky130_fd_sc_hd__o211a_2)
                  0.09    0.39    3.01 v _0788_/X (sky130_fd_sc_hd__o211a_2)
     8    0.02                           _0384_ (net)
                  0.09    0.00    3.01 v _0795_/S (sky130_fd_sc_hd__mux2_2)
                  0.05    0.29    3.30 v _0795_/X (sky130_fd_sc_hd__mux2_2)
     1    0.00                           _0388_ (net)
                  0.05    0.00    3.30 v _0796_/A (sky130_fd_sc_hd__buf_1)
                  0.02    0.09    3.38 v _0796_/X (sky130_fd_sc_hd__buf_1)
     1    0.00                           _0107_ (net)
                  0.02    0.00    3.38 v _1013_/D (sky130_fd_sc_hd__dfxtp_2)
                                  3.38   data arrival time

                  0.15   10.00   10.00   clock w_clk (rise edge)
                          0.00   10.00   clock network delay (ideal)
                         -0.25    9.75   clock uncertainty
                          0.00    9.75   clock reconvergence pessimism
                                  9.75 ^ _1013_/CLK (sky130_fd_sc_hd__dfxtp_2)
                         -0.08    9.67   library setup time
                                  9.67   data required time
-----------------------------------------------------------------------------
                                  9.67   data required time
                                 -3.38   data arrival time
-----------------------------------------------------------------------------
                                  6.29   slack (MET)


Startpoint: _1060_ (rising edge-triggered flip-flop clocked by w_clk)
Endpoint: _1014_ (rising edge-triggered flip-flop clocked by w_clk)
Path Group: w_clk
Path Type: max

Fanout     Cap    Slew   Delay    Time   Description
-----------------------------------------------------------------------------
                  0.15    0.00    0.00   clock w_clk (rise edge)
                          0.00    0.00   clock network delay (ideal)
                  0.15    0.00    0.00 ^ _1060_/CLK (sky130_fd_sc_hd__dfrtp_2)
                  0.04    0.43    0.43 v _1060_/Q (sky130_fd_sc_hd__dfrtp_2)
     1    0.00                           w_ptr_b[0] (net)
                  0.04    0.00    0.43 v _0453_/A (sky130_fd_sc_hd__buf_1)
                  0.22    0.25    0.68 v _0453_/X (sky130_fd_sc_hd__buf_1)
    13    0.04                           _0155_ (net)
                  0.22    0.00    0.68 v _0456_/A (sky130_fd_sc_hd__and3_2)
                  0.04    0.26    0.94 v _0456_/X (sky130_fd_sc_hd__and3_2)
     1    0.00                           _0158_ (net)
                  0.04    0.00    0.94 v _0457_/A (sky130_fd_sc_hd__buf_1)
                  0.12    0.17    1.11 v _0457_/X (sky130_fd_sc_hd__buf_1)
     5    0.02                           _0159_ (net)
                  0.12    0.00    1.11 v _0465_/A (sky130_fd_sc_hd__or3_2)
                  0.11    0.56    1.67 v _0465_/X (sky130_fd_sc_hd__or3_2)
     3    0.01                           _0167_ (net)
                  0.11    0.00    1.67 v _0466_/A2 (sky130_fd_sc_hd__a21bo_2)
                  0.03    0.24    1.91 v _0466_/X (sky130_fd_sc_hd__a21bo_2)
     1    0.00                           _0168_ (net)
                  0.03    0.00    1.91 v _0473_/A1 (sky130_fd_sc_hd__a2111o_2)
                  0.08    0.45    2.36 v _0473_/X (sky130_fd_sc_hd__a2111o_2)
     4    0.01                           _0175_ (net)
                  0.08    0.00    2.36 v _0474_/A (sky130_fd_sc_hd__buf_1)
                  0.21    0.26    2.62 v _0474_/X (sky130_fd_sc_hd__buf_1)
    16    0.04                           _0176_ (net)
                  0.21    0.00    2.62 v _0788_/A2 (sky130_fd_sc_hd__o211a_2)
                  0.09    0.39    3.01 v _0788_/X (sky130_fd_sc_hd__o211a_2)
     8    0.02                           _0384_ (net)
                  0.09    0.00    3.01 v _0797_/S (sky130_fd_sc_hd__mux2_2)
                  0.05    0.29    3.30 v _0797_/X (sky130_fd_sc_hd__mux2_2)
     1    0.00                           _0389_ (net)
                  0.05    0.00    3.30 v _0798_/A (sky130_fd_sc_hd__buf_1)
                  0.02    0.09    3.38 v _0798_/X (sky130_fd_sc_hd__buf_1)
     1    0.00                           _0108_ (net)
                  0.02    0.00    3.38 v _1014_/D (sky130_fd_sc_hd__dfxtp_2)
                                  3.38   data arrival time

                  0.15   10.00   10.00   clock w_clk (rise edge)
                          0.00   10.00   clock network delay (ideal)
                         -0.25    9.75   clock uncertainty
                          0.00    9.75   clock reconvergence pessimism
                                  9.75 ^ _1014_/CLK (sky130_fd_sc_hd__dfxtp_2)
                         -0.08    9.67   library setup time
                                  9.67   data required time
-----------------------------------------------------------------------------
                                  9.67   data required time
                                 -3.38   data arrival time
-----------------------------------------------------------------------------
                                  6.29   slack (MET)


Startpoint: _1060_ (rising edge-triggered flip-flop clocked by w_clk)
Endpoint: _1015_ (rising edge-triggered flip-flop clocked by w_clk)
Path Group: w_clk
Path Type: max

Fanout     Cap    Slew   Delay    Time   Description
-----------------------------------------------------------------------------
                  0.15    0.00    0.00   clock w_clk (rise edge)
                          0.00    0.00   clock network delay (ideal)
                  0.15    0.00    0.00 ^ _1060_/CLK (sky130_fd_sc_hd__dfrtp_2)
                  0.04    0.43    0.43 v _1060_/Q (sky130_fd_sc_hd__dfrtp_2)
     1    0.00                           w_ptr_b[0] (net)
                  0.04    0.00    0.43 v _0453_/A (sky130_fd_sc_hd__buf_1)
                  0.22    0.25    0.68 v _0453_/X (sky130_fd_sc_hd__buf_1)
    13    0.04                           _0155_ (net)
                  0.22    0.00    0.68 v _0456_/A (sky130_fd_sc_hd__and3_2)
                  0.04    0.26    0.94 v _0456_/X (sky130_fd_sc_hd__and3_2)
     1    0.00                           _0158_ (net)
                  0.04    0.00    0.94 v _0457_/A (sky130_fd_sc_hd__buf_1)
                  0.12    0.17    1.11 v _0457_/X (sky130_fd_sc_hd__buf_1)
     5    0.02                           _0159_ (net)
                  0.12    0.00    1.11 v _0465_/A (sky130_fd_sc_hd__or3_2)
                  0.11    0.56    1.67 v _0465_/X (sky130_fd_sc_hd__or3_2)
     3    0.01                           _0167_ (net)
                  0.11    0.00    1.67 v _0466_/A2 (sky130_fd_sc_hd__a21bo_2)
                  0.03    0.24    1.91 v _0466_/X (sky130_fd_sc_hd__a21bo_2)
     1    0.00                           _0168_ (net)
                  0.03    0.00    1.91 v _0473_/A1 (sky130_fd_sc_hd__a2111o_2)
                  0.08    0.45    2.36 v _0473_/X (sky130_fd_sc_hd__a2111o_2)
     4    0.01                           _0175_ (net)
                  0.08    0.00    2.36 v _0474_/A (sky130_fd_sc_hd__buf_1)
                  0.21    0.26    2.62 v _0474_/X (sky130_fd_sc_hd__buf_1)
    16    0.04                           _0176_ (net)
                  0.21    0.00    2.62 v _0788_/A2 (sky130_fd_sc_hd__o211a_2)
                  0.09    0.39    3.01 v _0788_/X (sky130_fd_sc_hd__o211a_2)
     8    0.02                           _0384_ (net)
                  0.09    0.00    3.01 v _0799_/S (sky130_fd_sc_hd__mux2_2)
                  0.05    0.29    3.30 v _0799_/X (sky130_fd_sc_hd__mux2_2)
     1    0.00                           _0390_ (net)
                  0.05    0.00    3.30 v _0800_/A (sky130_fd_sc_hd__buf_1)
                  0.02    0.09    3.38 v _0800_/X (sky130_fd_sc_hd__buf_1)
     1    0.00                           _0109_ (net)
                  0.02    0.00    3.38 v _1015_/D (sky130_fd_sc_hd__dfxtp_2)
                                  3.38   data arrival time

                  0.15   10.00   10.00   clock w_clk (rise edge)
                          0.00   10.00   clock network delay (ideal)
                         -0.25    9.75   clock uncertainty
                          0.00    9.75   clock reconvergence pessimism
                                  9.75 ^ _1015_/CLK (sky130_fd_sc_hd__dfxtp_2)
                         -0.08    9.67   library setup time
                                  9.67   data required time
-----------------------------------------------------------------------------
                                  9.67   data required time
                                 -3.38   data arrival time
-----------------------------------------------------------------------------
                                  6.29   slack (MET)


Startpoint: _1060_ (rising edge-triggered flip-flop clocked by w_clk)
Endpoint: _1016_ (rising edge-triggered flip-flop clocked by w_clk)
Path Group: w_clk
Path Type: max

Fanout     Cap    Slew   Delay    Time   Description
-----------------------------------------------------------------------------
                  0.15    0.00    0.00   clock w_clk (rise edge)
                          0.00    0.00   clock network delay (ideal)
                  0.15    0.00    0.00 ^ _1060_/CLK (sky130_fd_sc_hd__dfrtp_2)
                  0.04    0.43    0.43 v _1060_/Q (sky130_fd_sc_hd__dfrtp_2)
     1    0.00                           w_ptr_b[0] (net)
                  0.04    0.00    0.43 v _0453_/A (sky130_fd_sc_hd__buf_1)
                  0.22    0.25    0.68 v _0453_/X (sky130_fd_sc_hd__buf_1)
    13    0.04                           _0155_ (net)
                  0.22    0.00    0.68 v _0456_/A (sky130_fd_sc_hd__and3_2)
                  0.04    0.26    0.94 v _0456_/X (sky130_fd_sc_hd__and3_2)
     1    0.00                           _0158_ (net)
                  0.04    0.00    0.94 v _0457_/A (sky130_fd_sc_hd__buf_1)
                  0.12    0.17    1.11 v _0457_/X (sky130_fd_sc_hd__buf_1)
     5    0.02                           _0159_ (net)
                  0.12    0.00    1.11 v _0465_/A (sky130_fd_sc_hd__or3_2)
                  0.11    0.56    1.67 v _0465_/X (sky130_fd_sc_hd__or3_2)
     3    0.01                           _0167_ (net)
                  0.11    0.00    1.67 v _0466_/A2 (sky130_fd_sc_hd__a21bo_2)
                  0.03    0.24    1.91 v _0466_/X (sky130_fd_sc_hd__a21bo_2)
     1    0.00                           _0168_ (net)
                  0.03    0.00    1.91 v _0473_/A1 (sky130_fd_sc_hd__a2111o_2)
                  0.08    0.45    2.36 v _0473_/X (sky130_fd_sc_hd__a2111o_2)
     4    0.01                           _0175_ (net)
                  0.08    0.00    2.36 v _0474_/A (sky130_fd_sc_hd__buf_1)
                  0.21    0.26    2.62 v _0474_/X (sky130_fd_sc_hd__buf_1)
    16    0.04                           _0176_ (net)
                  0.21    0.00    2.62 v _0788_/A2 (sky130_fd_sc_hd__o211a_2)
                  0.09    0.39    3.01 v _0788_/X (sky130_fd_sc_hd__o211a_2)
     8    0.02                           _0384_ (net)
                  0.09    0.00    3.01 v _0801_/S (sky130_fd_sc_hd__mux2_2)
                  0.05    0.29    3.30 v _0801_/X (sky130_fd_sc_hd__mux2_2)
     1    0.00                           _0391_ (net)
                  0.05    0.00    3.30 v _0802_/A (sky130_fd_sc_hd__buf_1)
                  0.02    0.09    3.38 v _0802_/X (sky130_fd_sc_hd__buf_1)
     1    0.00                           _0110_ (net)
                  0.02    0.00    3.38 v _1016_/D (sky130_fd_sc_hd__dfxtp_2)
                                  3.38   data arrival time

                  0.15   10.00   10.00   clock w_clk (rise edge)
                          0.00   10.00   clock network delay (ideal)
                         -0.25    9.75   clock uncertainty
                          0.00    9.75   clock reconvergence pessimism
                                  9.75 ^ _1016_/CLK (sky130_fd_sc_hd__dfxtp_2)
                         -0.08    9.67   library setup time
                                  9.67   data required time
-----------------------------------------------------------------------------
                                  9.67   data required time
                                 -3.38   data arrival time
-----------------------------------------------------------------------------
                                  6.29   slack (MET)


Startpoint: _1060_ (rising edge-triggered flip-flop clocked by w_clk)
Endpoint: _1017_ (rising edge-triggered flip-flop clocked by w_clk)
Path Group: w_clk
Path Type: max

Fanout     Cap    Slew   Delay    Time   Description
-----------------------------------------------------------------------------
                  0.15    0.00    0.00   clock w_clk (rise edge)
                          0.00    0.00   clock network delay (ideal)
                  0.15    0.00    0.00 ^ _1060_/CLK (sky130_fd_sc_hd__dfrtp_2)
                  0.04    0.43    0.43 v _1060_/Q (sky130_fd_sc_hd__dfrtp_2)
     1    0.00                           w_ptr_b[0] (net)
                  0.04    0.00    0.43 v _0453_/A (sky130_fd_sc_hd__buf_1)
                  0.22    0.25    0.68 v _0453_/X (sky130_fd_sc_hd__buf_1)
    13    0.04                           _0155_ (net)
                  0.22    0.00    0.68 v _0456_/A (sky130_fd_sc_hd__and3_2)
                  0.04    0.26    0.94 v _0456_/X (sky130_fd_sc_hd__and3_2)
     1    0.00                           _0158_ (net)
                  0.04    0.00    0.94 v _0457_/A (sky130_fd_sc_hd__buf_1)
                  0.12    0.17    1.11 v _0457_/X (sky130_fd_sc_hd__buf_1)
     5    0.02                           _0159_ (net)
                  0.12    0.00    1.11 v _0465_/A (sky130_fd_sc_hd__or3_2)
                  0.11    0.56    1.67 v _0465_/X (sky130_fd_sc_hd__or3_2)
     3    0.01                           _0167_ (net)
                  0.11    0.00    1.67 v _0466_/A2 (sky130_fd_sc_hd__a21bo_2)
                  0.03    0.24    1.91 v _0466_/X (sky130_fd_sc_hd__a21bo_2)
     1    0.00                           _0168_ (net)
                  0.03    0.00    1.91 v _0473_/A1 (sky130_fd_sc_hd__a2111o_2)
                  0.08    0.45    2.36 v _0473_/X (sky130_fd_sc_hd__a2111o_2)
     4    0.01                           _0175_ (net)
                  0.08    0.00    2.36 v _0474_/A (sky130_fd_sc_hd__buf_1)
                  0.21    0.26    2.62 v _0474_/X (sky130_fd_sc_hd__buf_1)
    16    0.04                           _0176_ (net)
                  0.21    0.00    2.62 v _0788_/A2 (sky130_fd_sc_hd__o211a_2)
                  0.09    0.39    3.01 v _0788_/X (sky130_fd_sc_hd__o211a_2)
     8    0.02                           _0384_ (net)
                  0.09    0.00    3.01 v _0803_/S (sky130_fd_sc_hd__mux2_2)
                  0.05    0.29    3.30 v _0803_/X (sky130_fd_sc_hd__mux2_2)
     1    0.00                           _0392_ (net)
                  0.05    0.00    3.30 v _0804_/A (sky130_fd_sc_hd__buf_1)
                  0.02    0.09    3.38 v _0804_/X (sky130_fd_sc_hd__buf_1)
     1    0.00                           _0111_ (net)
                  0.02    0.00    3.38 v _1017_/D (sky130_fd_sc_hd__dfxtp_2)
                                  3.38   data arrival time

                  0.15   10.00   10.00   clock w_clk (rise edge)
                          0.00   10.00   clock network delay (ideal)
                         -0.25    9.75   clock uncertainty
                          0.00    9.75   clock reconvergence pessimism
                                  9.75 ^ _1017_/CLK (sky130_fd_sc_hd__dfxtp_2)
                         -0.08    9.67   library setup time
                                  9.67   data required time
-----------------------------------------------------------------------------
                                  9.67   data required time
                                 -3.38   data arrival time
-----------------------------------------------------------------------------
                                  6.29   slack (MET)


Startpoint: _1060_ (rising edge-triggered flip-flop clocked by w_clk)
Endpoint: _1023_ (rising edge-triggered flip-flop clocked by w_clk)
Path Group: w_clk
Path Type: max

Fanout     Cap    Slew   Delay    Time   Description
-----------------------------------------------------------------------------
                  0.15    0.00    0.00   clock w_clk (rise edge)
                          0.00    0.00   clock network delay (ideal)
                  0.15    0.00    0.00 ^ _1060_/CLK (sky130_fd_sc_hd__dfrtp_2)
                  0.04    0.43    0.43 v _1060_/Q (sky130_fd_sc_hd__dfrtp_2)
     1    0.00                           w_ptr_b[0] (net)
                  0.04    0.00    0.43 v _0453_/A (sky130_fd_sc_hd__buf_1)
                  0.22    0.25    0.68 v _0453_/X (sky130_fd_sc_hd__buf_1)
    13    0.04                           _0155_ (net)
                  0.22    0.00    0.68 v _0456_/A (sky130_fd_sc_hd__and3_2)
                  0.04    0.26    0.94 v _0456_/X (sky130_fd_sc_hd__and3_2)
     1    0.00                           _0158_ (net)
                  0.04    0.00    0.94 v _0457_/A (sky130_fd_sc_hd__buf_1)
                  0.12    0.17    1.11 v _0457_/X (sky130_fd_sc_hd__buf_1)
     5    0.02                           _0159_ (net)
                  0.12    0.00    1.11 v _0465_/A (sky130_fd_sc_hd__or3_2)
                  0.11    0.56    1.67 v _0465_/X (sky130_fd_sc_hd__or3_2)
     3    0.01                           _0167_ (net)
                  0.11    0.00    1.67 v _0466_/A2 (sky130_fd_sc_hd__a21bo_2)
                  0.03    0.24    1.91 v _0466_/X (sky130_fd_sc_hd__a21bo_2)
     1    0.00                           _0168_ (net)
                  0.03    0.00    1.91 v _0473_/A1 (sky130_fd_sc_hd__a2111o_2)
                  0.08    0.45    2.36 v _0473_/X (sky130_fd_sc_hd__a2111o_2)
     4    0.01                           _0175_ (net)
                  0.08    0.00    2.36 v _0474_/A (sky130_fd_sc_hd__buf_1)
                  0.21    0.26    2.62 v _0474_/X (sky130_fd_sc_hd__buf_1)
    16    0.04                           _0176_ (net)
                  0.21    0.00    2.62 v _0818_/A2 (sky130_fd_sc_hd__o211a_2)
                  0.09    0.39    3.01 v _0818_/X (sky130_fd_sc_hd__o211a_2)
     8    0.02                           _0401_ (net)
                  0.09    0.00    3.01 v _0819_/S (sky130_fd_sc_hd__mux2_2)
                  0.05    0.29    3.30 v _0819_/X (sky130_fd_sc_hd__mux2_2)
     1    0.00                           _0402_ (net)
                  0.05    0.00    3.30 v _0820_/A (sky130_fd_sc_hd__buf_1)
                  0.02    0.09    3.38 v _0820_/X (sky130_fd_sc_hd__buf_1)
     1    0.00                           _0117_ (net)
                  0.02    0.00    3.38 v _1023_/D (sky130_fd_sc_hd__dfxtp_2)
                                  3.38   data arrival time

                  0.15   10.00   10.00   clock w_clk (rise edge)
                          0.00   10.00   clock network delay (ideal)
                         -0.25    9.75   clock uncertainty
                          0.00    9.75   clock reconvergence pessimism
                                  9.75 ^ _1023_/CLK (sky130_fd_sc_hd__dfxtp_2)
                         -0.08    9.67   library setup time
                                  9.67   data required time
-----------------------------------------------------------------------------
                                  9.67   data required time
                                 -3.38   data arrival time
-----------------------------------------------------------------------------
                                  6.29   slack (MET)


Startpoint: _1060_ (rising edge-triggered flip-flop clocked by w_clk)
Endpoint: _1024_ (rising edge-triggered flip-flop clocked by w_clk)
Path Group: w_clk
Path Type: max

Fanout     Cap    Slew   Delay    Time   Description
-----------------------------------------------------------------------------
                  0.15    0.00    0.00   clock w_clk (rise edge)
                          0.00    0.00   clock network delay (ideal)
                  0.15    0.00    0.00 ^ _1060_/CLK (sky130_fd_sc_hd__dfrtp_2)
                  0.04    0.43    0.43 v _1060_/Q (sky130_fd_sc_hd__dfrtp_2)
     1    0.00                           w_ptr_b[0] (net)
                  0.04    0.00    0.43 v _0453_/A (sky130_fd_sc_hd__buf_1)
                  0.22    0.25    0.68 v _0453_/X (sky130_fd_sc_hd__buf_1)
    13    0.04                           _0155_ (net)
                  0.22    0.00    0.68 v _0456_/A (sky130_fd_sc_hd__and3_2)
                  0.04    0.26    0.94 v _0456_/X (sky130_fd_sc_hd__and3_2)
     1    0.00                           _0158_ (net)
                  0.04    0.00    0.94 v _0457_/A (sky130_fd_sc_hd__buf_1)
                  0.12    0.17    1.11 v _0457_/X (sky130_fd_sc_hd__buf_1)
     5    0.02                           _0159_ (net)
                  0.12    0.00    1.11 v _0465_/A (sky130_fd_sc_hd__or3_2)
                  0.11    0.56    1.67 v _0465_/X (sky130_fd_sc_hd__or3_2)
     3    0.01                           _0167_ (net)
                  0.11    0.00    1.67 v _0466_/A2 (sky130_fd_sc_hd__a21bo_2)
                  0.03    0.24    1.91 v _0466_/X (sky130_fd_sc_hd__a21bo_2)
     1    0.00                           _0168_ (net)
                  0.03    0.00    1.91 v _0473_/A1 (sky130_fd_sc_hd__a2111o_2)
                  0.08    0.45    2.36 v _0473_/X (sky130_fd_sc_hd__a2111o_2)
     4    0.01                           _0175_ (net)
                  0.08    0.00    2.36 v _0474_/A (sky130_fd_sc_hd__buf_1)
                  0.21    0.26    2.62 v _0474_/X (sky130_fd_sc_hd__buf_1)
    16    0.04                           _0176_ (net)
                  0.21    0.00    2.62 v _0818_/A2 (sky130_fd_sc_hd__o211a_2)
                  0.09    0.39    3.01 v _0818_/X (sky130_fd_sc_hd__o211a_2)
     8    0.02                           _0401_ (net)
                  0.09    0.00    3.01 v _0821_/S (sky130_fd_sc_hd__mux2_2)
                  0.05    0.29    3.30 v _0821_/X (sky130_fd_sc_hd__mux2_2)
     1    0.00                           _0403_ (net)
                  0.05    0.00    3.30 v _0822_/A (sky130_fd_sc_hd__buf_1)
                  0.02    0.09    3.38 v _0822_/X (sky130_fd_sc_hd__buf_1)
     1    0.00                           _0118_ (net)
                  0.02    0.00    3.38 v _1024_/D (sky130_fd_sc_hd__dfxtp_2)
                                  3.38   data arrival time

                  0.15   10.00   10.00   clock w_clk (rise edge)
                          0.00   10.00   clock network delay (ideal)
                         -0.25    9.75   clock uncertainty
                          0.00    9.75   clock reconvergence pessimism
                                  9.75 ^ _1024_/CLK (sky130_fd_sc_hd__dfxtp_2)
                         -0.08    9.67   library setup time
                                  9.67   data required time
-----------------------------------------------------------------------------
                                  9.67   data required time
                                 -3.38   data arrival time
-----------------------------------------------------------------------------
                                  6.29   slack (MET)


Startpoint: _1060_ (rising edge-triggered flip-flop clocked by w_clk)
Endpoint: _1025_ (rising edge-triggered flip-flop clocked by w_clk)
Path Group: w_clk
Path Type: max

Fanout     Cap    Slew   Delay    Time   Description
-----------------------------------------------------------------------------
                  0.15    0.00    0.00   clock w_clk (rise edge)
                          0.00    0.00   clock network delay (ideal)
                  0.15    0.00    0.00 ^ _1060_/CLK (sky130_fd_sc_hd__dfrtp_2)
                  0.04    0.43    0.43 v _1060_/Q (sky130_fd_sc_hd__dfrtp_2)
     1    0.00                           w_ptr_b[0] (net)
                  0.04    0.00    0.43 v _0453_/A (sky130_fd_sc_hd__buf_1)
                  0.22    0.25    0.68 v _0453_/X (sky130_fd_sc_hd__buf_1)
    13    0.04                           _0155_ (net)
                  0.22    0.00    0.68 v _0456_/A (sky130_fd_sc_hd__and3_2)
                  0.04    0.26    0.94 v _0456_/X (sky130_fd_sc_hd__and3_2)
     1    0.00                           _0158_ (net)
                  0.04    0.00    0.94 v _0457_/A (sky130_fd_sc_hd__buf_1)
                  0.12    0.17    1.11 v _0457_/X (sky130_fd_sc_hd__buf_1)
     5    0.02                           _0159_ (net)
                  0.12    0.00    1.11 v _0465_/A (sky130_fd_sc_hd__or3_2)
                  0.11    0.56    1.67 v _0465_/X (sky130_fd_sc_hd__or3_2)
     3    0.01                           _0167_ (net)
                  0.11    0.00    1.67 v _0466_/A2 (sky130_fd_sc_hd__a21bo_2)
                  0.03    0.24    1.91 v _0466_/X (sky130_fd_sc_hd__a21bo_2)
     1    0.00                           _0168_ (net)
                  0.03    0.00    1.91 v _0473_/A1 (sky130_fd_sc_hd__a2111o_2)
                  0.08    0.45    2.36 v _0473_/X (sky130_fd_sc_hd__a2111o_2)
     4    0.01                           _0175_ (net)
                  0.08    0.00    2.36 v _0474_/A (sky130_fd_sc_hd__buf_1)
                  0.21    0.26    2.62 v _0474_/X (sky130_fd_sc_hd__buf_1)
    16    0.04                           _0176_ (net)
                  0.21    0.00    2.62 v _0818_/A2 (sky130_fd_sc_hd__o211a_2)
                  0.09    0.39    3.01 v _0818_/X (sky130_fd_sc_hd__o211a_2)
     8    0.02                           _0401_ (net)
                  0.09    0.00    3.01 v _0823_/S (sky130_fd_sc_hd__mux2_2)
                  0.05    0.29    3.30 v _0823_/X (sky130_fd_sc_hd__mux2_2)
     1    0.00                           _0404_ (net)
                  0.05    0.00    3.30 v _0824_/A (sky130_fd_sc_hd__buf_1)
                  0.02    0.09    3.38 v _0824_/X (sky130_fd_sc_hd__buf_1)
     1    0.00                           _0119_ (net)
                  0.02    0.00    3.38 v _1025_/D (sky130_fd_sc_hd__dfxtp_2)
                                  3.38   data arrival time

                  0.15   10.00   10.00   clock w_clk (rise edge)
                          0.00   10.00   clock network delay (ideal)
                         -0.25    9.75   clock uncertainty
                          0.00    9.75   clock reconvergence pessimism
                                  9.75 ^ _1025_/CLK (sky130_fd_sc_hd__dfxtp_2)
                         -0.08    9.67   library setup time
                                  9.67   data required time
-----------------------------------------------------------------------------
                                  9.67   data required time
                                 -3.38   data arrival time
-----------------------------------------------------------------------------
                                  6.29   slack (MET)


Startpoint: _1060_ (rising edge-triggered flip-flop clocked by w_clk)
Endpoint: _1026_ (rising edge-triggered flip-flop clocked by w_clk)
Path Group: w_clk
Path Type: max

Fanout     Cap    Slew   Delay    Time   Description
-----------------------------------------------------------------------------
                  0.15    0.00    0.00   clock w_clk (rise edge)
                          0.00    0.00   clock network delay (ideal)
                  0.15    0.00    0.00 ^ _1060_/CLK (sky130_fd_sc_hd__dfrtp_2)
                  0.04    0.43    0.43 v _1060_/Q (sky130_fd_sc_hd__dfrtp_2)
     1    0.00                           w_ptr_b[0] (net)
                  0.04    0.00    0.43 v _0453_/A (sky130_fd_sc_hd__buf_1)
                  0.22    0.25    0.68 v _0453_/X (sky130_fd_sc_hd__buf_1)
    13    0.04                           _0155_ (net)
                  0.22    0.00    0.68 v _0456_/A (sky130_fd_sc_hd__and3_2)
                  0.04    0.26    0.94 v _0456_/X (sky130_fd_sc_hd__and3_2)
     1    0.00                           _0158_ (net)
                  0.04    0.00    0.94 v _0457_/A (sky130_fd_sc_hd__buf_1)
                  0.12    0.17    1.11 v _0457_/X (sky130_fd_sc_hd__buf_1)
     5    0.02                           _0159_ (net)
                  0.12    0.00    1.11 v _0465_/A (sky130_fd_sc_hd__or3_2)
                  0.11    0.56    1.67 v _0465_/X (sky130_fd_sc_hd__or3_2)
     3    0.01                           _0167_ (net)
                  0.11    0.00    1.67 v _0466_/A2 (sky130_fd_sc_hd__a21bo_2)
                  0.03    0.24    1.91 v _0466_/X (sky130_fd_sc_hd__a21bo_2)
     1    0.00                           _0168_ (net)
                  0.03    0.00    1.91 v _0473_/A1 (sky130_fd_sc_hd__a2111o_2)
                  0.08    0.45    2.36 v _0473_/X (sky130_fd_sc_hd__a2111o_2)
     4    0.01                           _0175_ (net)
                  0.08    0.00    2.36 v _0474_/A (sky130_fd_sc_hd__buf_1)
                  0.21    0.26    2.62 v _0474_/X (sky130_fd_sc_hd__buf_1)
    16    0.04                           _0176_ (net)
                  0.21    0.00    2.62 v _0818_/A2 (sky130_fd_sc_hd__o211a_2)
                  0.09    0.39    3.01 v _0818_/X (sky130_fd_sc_hd__o211a_2)
     8    0.02                           _0401_ (net)
                  0.09    0.00    3.01 v _0825_/S (sky130_fd_sc_hd__mux2_2)
                  0.05    0.29    3.30 v _0825_/X (sky130_fd_sc_hd__mux2_2)
     1    0.00                           _0405_ (net)
                  0.05    0.00    3.30 v _0826_/A (sky130_fd_sc_hd__buf_1)
                  0.02    0.09    3.38 v _0826_/X (sky130_fd_sc_hd__buf_1)
     1    0.00                           _0120_ (net)
                  0.02    0.00    3.38 v _1026_/D (sky130_fd_sc_hd__dfxtp_2)
                                  3.38   data arrival time

                  0.15   10.00   10.00   clock w_clk (rise edge)
                          0.00   10.00   clock network delay (ideal)
                         -0.25    9.75   clock uncertainty
                          0.00    9.75   clock reconvergence pessimism
                                  9.75 ^ _1026_/CLK (sky130_fd_sc_hd__dfxtp_2)
                         -0.08    9.67   library setup time
                                  9.67   data required time
-----------------------------------------------------------------------------
                                  9.67   data required time
                                 -3.38   data arrival time
-----------------------------------------------------------------------------
                                  6.29   slack (MET)


Startpoint: _1060_ (rising edge-triggered flip-flop clocked by w_clk)
Endpoint: _1027_ (rising edge-triggered flip-flop clocked by w_clk)
Path Group: w_clk
Path Type: max

Fanout     Cap    Slew   Delay    Time   Description
-----------------------------------------------------------------------------
                  0.15    0.00    0.00   clock w_clk (rise edge)
                          0.00    0.00   clock network delay (ideal)
                  0.15    0.00    0.00 ^ _1060_/CLK (sky130_fd_sc_hd__dfrtp_2)
                  0.04    0.43    0.43 v _1060_/Q (sky130_fd_sc_hd__dfrtp_2)
     1    0.00                           w_ptr_b[0] (net)
                  0.04    0.00    0.43 v _0453_/A (sky130_fd_sc_hd__buf_1)
                  0.22    0.25    0.68 v _0453_/X (sky130_fd_sc_hd__buf_1)
    13    0.04                           _0155_ (net)
                  0.22    0.00    0.68 v _0456_/A (sky130_fd_sc_hd__and3_2)
                  0.04    0.26    0.94 v _0456_/X (sky130_fd_sc_hd__and3_2)
     1    0.00                           _0158_ (net)
                  0.04    0.00    0.94 v _0457_/A (sky130_fd_sc_hd__buf_1)
                  0.12    0.17    1.11 v _0457_/X (sky130_fd_sc_hd__buf_1)
     5    0.02                           _0159_ (net)
                  0.12    0.00    1.11 v _0465_/A (sky130_fd_sc_hd__or3_2)
                  0.11    0.56    1.67 v _0465_/X (sky130_fd_sc_hd__or3_2)
     3    0.01                           _0167_ (net)
                  0.11    0.00    1.67 v _0466_/A2 (sky130_fd_sc_hd__a21bo_2)
                  0.03    0.24    1.91 v _0466_/X (sky130_fd_sc_hd__a21bo_2)
     1    0.00                           _0168_ (net)
                  0.03    0.00    1.91 v _0473_/A1 (sky130_fd_sc_hd__a2111o_2)
                  0.08    0.45    2.36 v _0473_/X (sky130_fd_sc_hd__a2111o_2)
     4    0.01                           _0175_ (net)
                  0.08    0.00    2.36 v _0474_/A (sky130_fd_sc_hd__buf_1)
                  0.21    0.26    2.62 v _0474_/X (sky130_fd_sc_hd__buf_1)
    16    0.04                           _0176_ (net)
                  0.21    0.00    2.62 v _0818_/A2 (sky130_fd_sc_hd__o211a_2)
                  0.09    0.39    3.01 v _0818_/X (sky130_fd_sc_hd__o211a_2)
     8    0.02                           _0401_ (net)
                  0.09    0.00    3.01 v _0827_/S (sky130_fd_sc_hd__mux2_2)
                  0.05    0.29    3.30 v _0827_/X (sky130_fd_sc_hd__mux2_2)
     1    0.00                           _0406_ (net)
                  0.05    0.00    3.30 v _0828_/A (sky130_fd_sc_hd__buf_1)
                  0.02    0.09    3.38 v _0828_/X (sky130_fd_sc_hd__buf_1)
     1    0.00                           _0121_ (net)
                  0.02    0.00    3.38 v _1027_/D (sky130_fd_sc_hd__dfxtp_2)
                                  3.38   data arrival time

                  0.15   10.00   10.00   clock w_clk (rise edge)
                          0.00   10.00   clock network delay (ideal)
                         -0.25    9.75   clock uncertainty
                          0.00    9.75   clock reconvergence pessimism
                                  9.75 ^ _1027_/CLK (sky130_fd_sc_hd__dfxtp_2)
                         -0.08    9.67   library setup time
                                  9.67   data required time
-----------------------------------------------------------------------------
                                  9.67   data required time
                                 -3.38   data arrival time
-----------------------------------------------------------------------------
                                  6.29   slack (MET)


Startpoint: _1060_ (rising edge-triggered flip-flop clocked by w_clk)
Endpoint: _1028_ (rising edge-triggered flip-flop clocked by w_clk)
Path Group: w_clk
Path Type: max

Fanout     Cap    Slew   Delay    Time   Description
-----------------------------------------------------------------------------
                  0.15    0.00    0.00   clock w_clk (rise edge)
                          0.00    0.00   clock network delay (ideal)
                  0.15    0.00    0.00 ^ _1060_/CLK (sky130_fd_sc_hd__dfrtp_2)
                  0.04    0.43    0.43 v _1060_/Q (sky130_fd_sc_hd__dfrtp_2)
     1    0.00                           w_ptr_b[0] (net)
                  0.04    0.00    0.43 v _0453_/A (sky130_fd_sc_hd__buf_1)
                  0.22    0.25    0.68 v _0453_/X (sky130_fd_sc_hd__buf_1)
    13    0.04                           _0155_ (net)
                  0.22    0.00    0.68 v _0456_/A (sky130_fd_sc_hd__and3_2)
                  0.04    0.26    0.94 v _0456_/X (sky130_fd_sc_hd__and3_2)
     1    0.00                           _0158_ (net)
                  0.04    0.00    0.94 v _0457_/A (sky130_fd_sc_hd__buf_1)
                  0.12    0.17    1.11 v _0457_/X (sky130_fd_sc_hd__buf_1)
     5    0.02                           _0159_ (net)
                  0.12    0.00    1.11 v _0465_/A (sky130_fd_sc_hd__or3_2)
                  0.11    0.56    1.67 v _0465_/X (sky130_fd_sc_hd__or3_2)
     3    0.01                           _0167_ (net)
                  0.11    0.00    1.67 v _0466_/A2 (sky130_fd_sc_hd__a21bo_2)
                  0.03    0.24    1.91 v _0466_/X (sky130_fd_sc_hd__a21bo_2)
     1    0.00                           _0168_ (net)
                  0.03    0.00    1.91 v _0473_/A1 (sky130_fd_sc_hd__a2111o_2)
                  0.08    0.45    2.36 v _0473_/X (sky130_fd_sc_hd__a2111o_2)
     4    0.01                           _0175_ (net)
                  0.08    0.00    2.36 v _0474_/A (sky130_fd_sc_hd__buf_1)
                  0.21    0.26    2.62 v _0474_/X (sky130_fd_sc_hd__buf_1)
    16    0.04                           _0176_ (net)
                  0.21    0.00    2.62 v _0818_/A2 (sky130_fd_sc_hd__o211a_2)
                  0.09    0.39    3.01 v _0818_/X (sky130_fd_sc_hd__o211a_2)
     8    0.02                           _0401_ (net)
                  0.09    0.00    3.01 v _0829_/S (sky130_fd_sc_hd__mux2_2)
                  0.05    0.29    3.30 v _0829_/X (sky130_fd_sc_hd__mux2_2)
     1    0.00                           _0407_ (net)
                  0.05    0.00    3.30 v _0830_/A (sky130_fd_sc_hd__buf_1)
                  0.02    0.09    3.38 v _0830_/X (sky130_fd_sc_hd__buf_1)
     1    0.00                           _0122_ (net)
                  0.02    0.00    3.38 v _1028_/D (sky130_fd_sc_hd__dfxtp_2)
                                  3.38   data arrival time

                  0.15   10.00   10.00   clock w_clk (rise edge)
                          0.00   10.00   clock network delay (ideal)
                         -0.25    9.75   clock uncertainty
                          0.00    9.75   clock reconvergence pessimism
                                  9.75 ^ _1028_/CLK (sky130_fd_sc_hd__dfxtp_2)
                         -0.08    9.67   library setup time
                                  9.67   data required time
-----------------------------------------------------------------------------
                                  9.67   data required time
                                 -3.38   data arrival time
-----------------------------------------------------------------------------
                                  6.29   slack (MET)


Startpoint: _1060_ (rising edge-triggered flip-flop clocked by w_clk)
Endpoint: _1029_ (rising edge-triggered flip-flop clocked by w_clk)
Path Group: w_clk
Path Type: max

Fanout     Cap    Slew   Delay    Time   Description
-----------------------------------------------------------------------------
                  0.15    0.00    0.00   clock w_clk (rise edge)
                          0.00    0.00   clock network delay (ideal)
                  0.15    0.00    0.00 ^ _1060_/CLK (sky130_fd_sc_hd__dfrtp_2)
                  0.04    0.43    0.43 v _1060_/Q (sky130_fd_sc_hd__dfrtp_2)
     1    0.00                           w_ptr_b[0] (net)
                  0.04    0.00    0.43 v _0453_/A (sky130_fd_sc_hd__buf_1)
                  0.22    0.25    0.68 v _0453_/X (sky130_fd_sc_hd__buf_1)
    13    0.04                           _0155_ (net)
                  0.22    0.00    0.68 v _0456_/A (sky130_fd_sc_hd__and3_2)
                  0.04    0.26    0.94 v _0456_/X (sky130_fd_sc_hd__and3_2)
     1    0.00                           _0158_ (net)
                  0.04    0.00    0.94 v _0457_/A (sky130_fd_sc_hd__buf_1)
                  0.12    0.17    1.11 v _0457_/X (sky130_fd_sc_hd__buf_1)
     5    0.02                           _0159_ (net)
                  0.12    0.00    1.11 v _0465_/A (sky130_fd_sc_hd__or3_2)
                  0.11    0.56    1.67 v _0465_/X (sky130_fd_sc_hd__or3_2)
     3    0.01                           _0167_ (net)
                  0.11    0.00    1.67 v _0466_/A2 (sky130_fd_sc_hd__a21bo_2)
                  0.03    0.24    1.91 v _0466_/X (sky130_fd_sc_hd__a21bo_2)
     1    0.00                           _0168_ (net)
                  0.03    0.00    1.91 v _0473_/A1 (sky130_fd_sc_hd__a2111o_2)
                  0.08    0.45    2.36 v _0473_/X (sky130_fd_sc_hd__a2111o_2)
     4    0.01                           _0175_ (net)
                  0.08    0.00    2.36 v _0474_/A (sky130_fd_sc_hd__buf_1)
                  0.21    0.26    2.62 v _0474_/X (sky130_fd_sc_hd__buf_1)
    16    0.04                           _0176_ (net)
                  0.21    0.00    2.62 v _0818_/A2 (sky130_fd_sc_hd__o211a_2)
                  0.09    0.39    3.01 v _0818_/X (sky130_fd_sc_hd__o211a_2)
     8    0.02                           _0401_ (net)
                  0.09    0.00    3.01 v _0831_/S (sky130_fd_sc_hd__mux2_2)
                  0.05    0.29    3.30 v _0831_/X (sky130_fd_sc_hd__mux2_2)
     1    0.00                           _0408_ (net)
                  0.05    0.00    3.30 v _0832_/A (sky130_fd_sc_hd__buf_1)
                  0.02    0.09    3.38 v _0832_/X (sky130_fd_sc_hd__buf_1)
     1    0.00                           _0123_ (net)
                  0.02    0.00    3.38 v _1029_/D (sky130_fd_sc_hd__dfxtp_2)
                                  3.38   data arrival time

                  0.15   10.00   10.00   clock w_clk (rise edge)
                          0.00   10.00   clock network delay (ideal)
                         -0.25    9.75   clock uncertainty
                          0.00    9.75   clock reconvergence pessimism
                                  9.75 ^ _1029_/CLK (sky130_fd_sc_hd__dfxtp_2)
                         -0.08    9.67   library setup time
                                  9.67   data required time
-----------------------------------------------------------------------------
                                  9.67   data required time
                                 -3.38   data arrival time
-----------------------------------------------------------------------------
                                  6.29   slack (MET)


Startpoint: _1060_ (rising edge-triggered flip-flop clocked by w_clk)
Endpoint: _1030_ (rising edge-triggered flip-flop clocked by w_clk)
Path Group: w_clk
Path Type: max

Fanout     Cap    Slew   Delay    Time   Description
-----------------------------------------------------------------------------
                  0.15    0.00    0.00   clock w_clk (rise edge)
                          0.00    0.00   clock network delay (ideal)
                  0.15    0.00    0.00 ^ _1060_/CLK (sky130_fd_sc_hd__dfrtp_2)
                  0.04    0.43    0.43 v _1060_/Q (sky130_fd_sc_hd__dfrtp_2)
     1    0.00                           w_ptr_b[0] (net)
                  0.04    0.00    0.43 v _0453_/A (sky130_fd_sc_hd__buf_1)
                  0.22    0.25    0.68 v _0453_/X (sky130_fd_sc_hd__buf_1)
    13    0.04                           _0155_ (net)
                  0.22    0.00    0.68 v _0456_/A (sky130_fd_sc_hd__and3_2)
                  0.04    0.26    0.94 v _0456_/X (sky130_fd_sc_hd__and3_2)
     1    0.00                           _0158_ (net)
                  0.04    0.00    0.94 v _0457_/A (sky130_fd_sc_hd__buf_1)
                  0.12    0.17    1.11 v _0457_/X (sky130_fd_sc_hd__buf_1)
     5    0.02                           _0159_ (net)
                  0.12    0.00    1.11 v _0465_/A (sky130_fd_sc_hd__or3_2)
                  0.11    0.56    1.67 v _0465_/X (sky130_fd_sc_hd__or3_2)
     3    0.01                           _0167_ (net)
                  0.11    0.00    1.67 v _0466_/A2 (sky130_fd_sc_hd__a21bo_2)
                  0.03    0.24    1.91 v _0466_/X (sky130_fd_sc_hd__a21bo_2)
     1    0.00                           _0168_ (net)
                  0.03    0.00    1.91 v _0473_/A1 (sky130_fd_sc_hd__a2111o_2)
                  0.08    0.45    2.36 v _0473_/X (sky130_fd_sc_hd__a2111o_2)
     4    0.01                           _0175_ (net)
                  0.08    0.00    2.36 v _0474_/A (sky130_fd_sc_hd__buf_1)
                  0.21    0.26    2.62 v _0474_/X (sky130_fd_sc_hd__buf_1)
    16    0.04                           _0176_ (net)
                  0.21    0.00    2.62 v _0818_/A2 (sky130_fd_sc_hd__o211a_2)
                  0.09    0.39    3.01 v _0818_/X (sky130_fd_sc_hd__o211a_2)
     8    0.02                           _0401_ (net)
                  0.09    0.00    3.01 v _0833_/S (sky130_fd_sc_hd__mux2_2)
                  0.05    0.29    3.30 v _0833_/X (sky130_fd_sc_hd__mux2_2)
     1    0.00                           _0409_ (net)
                  0.05    0.00    3.30 v _0834_/A (sky130_fd_sc_hd__buf_1)
                  0.02    0.09    3.38 v _0834_/X (sky130_fd_sc_hd__buf_1)
     1    0.00                           _0124_ (net)
                  0.02    0.00    3.38 v _1030_/D (sky130_fd_sc_hd__dfxtp_2)
                                  3.38   data arrival time

                  0.15   10.00   10.00   clock w_clk (rise edge)
                          0.00   10.00   clock network delay (ideal)
                         -0.25    9.75   clock uncertainty
                          0.00    9.75   clock reconvergence pessimism
                                  9.75 ^ _1030_/CLK (sky130_fd_sc_hd__dfxtp_2)
                         -0.08    9.67   library setup time
                                  9.67   data required time
-----------------------------------------------------------------------------
                                  9.67   data required time
                                 -3.38   data arrival time
-----------------------------------------------------------------------------
                                  6.29   slack (MET)


Startpoint: _1060_ (rising edge-triggered flip-flop clocked by w_clk)
Endpoint: _1018_ (rising edge-triggered flip-flop clocked by w_clk)
Path Group: w_clk
Path Type: max

Fanout     Cap    Slew   Delay    Time   Description
-----------------------------------------------------------------------------
                  0.15    0.00    0.00   clock w_clk (rise edge)
                          0.00    0.00   clock network delay (ideal)
                  0.15    0.00    0.00 ^ _1060_/CLK (sky130_fd_sc_hd__dfrtp_2)
                  0.04    0.43    0.43 v _1060_/Q (sky130_fd_sc_hd__dfrtp_2)
     1    0.00                           w_ptr_b[0] (net)
                  0.04    0.00    0.43 v _0453_/A (sky130_fd_sc_hd__buf_1)
                  0.22    0.25    0.68 v _0453_/X (sky130_fd_sc_hd__buf_1)
    13    0.04                           _0155_ (net)
                  0.22    0.00    0.68 v _0456_/A (sky130_fd_sc_hd__and3_2)
                  0.04    0.26    0.94 v _0456_/X (sky130_fd_sc_hd__and3_2)
     1    0.00                           _0158_ (net)
                  0.04    0.00    0.94 v _0457_/A (sky130_fd_sc_hd__buf_1)
                  0.12    0.17    1.11 v _0457_/X (sky130_fd_sc_hd__buf_1)
     5    0.02                           _0159_ (net)
                  0.12    0.00    1.11 v _0465_/A (sky130_fd_sc_hd__or3_2)
                  0.11    0.56    1.67 v _0465_/X (sky130_fd_sc_hd__or3_2)
     3    0.01                           _0167_ (net)
                  0.11    0.00    1.67 v _0466_/A2 (sky130_fd_sc_hd__a21bo_2)
                  0.03    0.24    1.91 v _0466_/X (sky130_fd_sc_hd__a21bo_2)
     1    0.00                           _0168_ (net)
                  0.03    0.00    1.91 v _0473_/A1 (sky130_fd_sc_hd__a2111o_2)
                  0.08    0.45    2.36 v _0473_/X (sky130_fd_sc_hd__a2111o_2)
     4    0.01                           _0175_ (net)
                  0.08    0.00    2.36 v _0474_/A (sky130_fd_sc_hd__buf_1)
                  0.21    0.26    2.62 v _0474_/X (sky130_fd_sc_hd__buf_1)
    16    0.04                           _0176_ (net)
                  0.21    0.00    2.62 v _0805_/A2 (sky130_fd_sc_hd__o21a_2)
                  0.10    0.35    2.97 v _0805_/X (sky130_fd_sc_hd__o21a_2)
     9    0.03                           _0393_ (net)
                  0.10    0.00    2.97 v _0806_/S (sky130_fd_sc_hd__mux2_2)
                  0.05    0.29    3.27 v _0806_/X (sky130_fd_sc_hd__mux2_2)
     1    0.00                           _0394_ (net)
                  0.05    0.00    3.27 v _0807_/A (sky130_fd_sc_hd__buf_1)
                  0.02    0.09    3.35 v _0807_/X (sky130_fd_sc_hd__buf_1)
     1    0.00                           _0112_ (net)
                  0.02    0.00    3.35 v _1018_/D (sky130_fd_sc_hd__dfrtp_2)
                                  3.35   data arrival time

                  0.15   10.00   10.00   clock w_clk (rise edge)
                          0.00   10.00   clock network delay (ideal)
                         -0.25    9.75   clock uncertainty
                          0.00    9.75   clock reconvergence pessimism
                                  9.75 ^ _1018_/CLK (sky130_fd_sc_hd__dfrtp_2)
                         -0.08    9.67   library setup time
                                  9.67   data required time
-----------------------------------------------------------------------------
                                  9.67   data required time
                                 -3.35   data arrival time
-----------------------------------------------------------------------------
                                  6.32   slack (MET)


Startpoint: _1060_ (rising edge-triggered flip-flop clocked by w_clk)
Endpoint: _1019_ (rising edge-triggered flip-flop clocked by w_clk)
Path Group: w_clk
Path Type: max

Fanout     Cap    Slew   Delay    Time   Description
-----------------------------------------------------------------------------
                  0.15    0.00    0.00   clock w_clk (rise edge)
                          0.00    0.00   clock network delay (ideal)
                  0.15    0.00    0.00 ^ _1060_/CLK (sky130_fd_sc_hd__dfrtp_2)
                  0.04    0.43    0.43 v _1060_/Q (sky130_fd_sc_hd__dfrtp_2)
     1    0.00                           w_ptr_b[0] (net)
                  0.04    0.00    0.43 v _0453_/A (sky130_fd_sc_hd__buf_1)
                  0.22    0.25    0.68 v _0453_/X (sky130_fd_sc_hd__buf_1)
    13    0.04                           _0155_ (net)
                  0.22    0.00    0.68 v _0456_/A (sky130_fd_sc_hd__and3_2)
                  0.04    0.26    0.94 v _0456_/X (sky130_fd_sc_hd__and3_2)
     1    0.00                           _0158_ (net)
                  0.04    0.00    0.94 v _0457_/A (sky130_fd_sc_hd__buf_1)
                  0.12    0.17    1.11 v _0457_/X (sky130_fd_sc_hd__buf_1)
     5    0.02                           _0159_ (net)
                  0.12    0.00    1.11 v _0465_/A (sky130_fd_sc_hd__or3_2)
                  0.11    0.56    1.67 v _0465_/X (sky130_fd_sc_hd__or3_2)
     3    0.01                           _0167_ (net)
                  0.11    0.00    1.67 v _0466_/A2 (sky130_fd_sc_hd__a21bo_2)
                  0.03    0.24    1.91 v _0466_/X (sky130_fd_sc_hd__a21bo_2)
     1    0.00                           _0168_ (net)
                  0.03    0.00    1.91 v _0473_/A1 (sky130_fd_sc_hd__a2111o_2)
                  0.08    0.45    2.36 v _0473_/X (sky130_fd_sc_hd__a2111o_2)
     4    0.01                           _0175_ (net)
                  0.08    0.00    2.36 v _0474_/A (sky130_fd_sc_hd__buf_1)
                  0.21    0.26    2.62 v _0474_/X (sky130_fd_sc_hd__buf_1)
    16    0.04                           _0176_ (net)
                  0.21    0.00    2.62 v _0805_/A2 (sky130_fd_sc_hd__o21a_2)
                  0.10    0.35    2.97 v _0805_/X (sky130_fd_sc_hd__o21a_2)
     9    0.03                           _0393_ (net)
                  0.10    0.00    2.97 v _0809_/S (sky130_fd_sc_hd__mux2_2)
                  0.05    0.29    3.27 v _0809_/X (sky130_fd_sc_hd__mux2_2)
     1    0.00                           _0396_ (net)
                  0.05    0.00    3.27 v _0810_/A (sky130_fd_sc_hd__buf_1)
                  0.02    0.09    3.35 v _0810_/X (sky130_fd_sc_hd__buf_1)
     1    0.00                           _0113_ (net)
                  0.02    0.00    3.35 v _1019_/D (sky130_fd_sc_hd__dfrtp_2)
                                  3.35   data arrival time

                  0.15   10.00   10.00   clock w_clk (rise edge)
                          0.00   10.00   clock network delay (ideal)
                         -0.25    9.75   clock uncertainty
                          0.00    9.75   clock reconvergence pessimism
                                  9.75 ^ _1019_/CLK (sky130_fd_sc_hd__dfrtp_2)
                         -0.08    9.67   library setup time
                                  9.67   data required time
-----------------------------------------------------------------------------
                                  9.67   data required time
                                 -3.35   data arrival time
-----------------------------------------------------------------------------
                                  6.32   slack (MET)


Startpoint: _1060_ (rising edge-triggered flip-flop clocked by w_clk)
Endpoint: _1021_ (rising edge-triggered flip-flop clocked by w_clk)
Path Group: w_clk
Path Type: max

Fanout     Cap    Slew   Delay    Time   Description
-----------------------------------------------------------------------------
                  0.15    0.00    0.00   clock w_clk (rise edge)
                          0.00    0.00   clock network delay (ideal)
                  0.15    0.00    0.00 ^ _1060_/CLK (sky130_fd_sc_hd__dfrtp_2)
                  0.04    0.43    0.43 v _1060_/Q (sky130_fd_sc_hd__dfrtp_2)
     1    0.00                           w_ptr_b[0] (net)
                  0.04    0.00    0.43 v _0453_/A (sky130_fd_sc_hd__buf_1)
                  0.22    0.25    0.68 v _0453_/X (sky130_fd_sc_hd__buf_1)
    13    0.04                           _0155_ (net)
                  0.22    0.00    0.68 v _0456_/A (sky130_fd_sc_hd__and3_2)
                  0.04    0.26    0.94 v _0456_/X (sky130_fd_sc_hd__and3_2)
     1    0.00                           _0158_ (net)
                  0.04    0.00    0.94 v _0457_/A (sky130_fd_sc_hd__buf_1)
                  0.12    0.17    1.11 v _0457_/X (sky130_fd_sc_hd__buf_1)
     5    0.02                           _0159_ (net)
                  0.12    0.00    1.11 v _0465_/A (sky130_fd_sc_hd__or3_2)
                  0.11    0.56    1.67 v _0465_/X (sky130_fd_sc_hd__or3_2)
     3    0.01                           _0167_ (net)
                  0.11    0.00    1.67 v _0466_/A2 (sky130_fd_sc_hd__a21bo_2)
                  0.03    0.24    1.91 v _0466_/X (sky130_fd_sc_hd__a21bo_2)
     1    0.00                           _0168_ (net)
                  0.03    0.00    1.91 v _0473_/A1 (sky130_fd_sc_hd__a2111o_2)
                  0.08    0.45    2.36 v _0473_/X (sky130_fd_sc_hd__a2111o_2)
     4    0.01                           _0175_ (net)
                  0.08    0.00    2.36 v _0474_/A (sky130_fd_sc_hd__buf_1)
                  0.21    0.26    2.62 v _0474_/X (sky130_fd_sc_hd__buf_1)
    16    0.04                           _0176_ (net)
                  0.21    0.00    2.62 v _0805_/A2 (sky130_fd_sc_hd__o21a_2)
                  0.10    0.35    2.97 v _0805_/X (sky130_fd_sc_hd__o21a_2)
     9    0.03                           _0393_ (net)
                  0.10    0.00    2.97 v _0813_/S (sky130_fd_sc_hd__mux2_2)
                  0.05    0.29    3.27 v _0813_/X (sky130_fd_sc_hd__mux2_2)
     1    0.00                           _0398_ (net)
                  0.05    0.00    3.27 v _0814_/A (sky130_fd_sc_hd__buf_1)
                  0.02    0.09    3.35 v _0814_/X (sky130_fd_sc_hd__buf_1)
     1    0.00                           _0115_ (net)
                  0.02    0.00    3.35 v _1021_/D (sky130_fd_sc_hd__dfrtp_2)
                                  3.35   data arrival time

                  0.15   10.00   10.00   clock w_clk (rise edge)
                          0.00   10.00   clock network delay (ideal)
                         -0.25    9.75   clock uncertainty
                          0.00    9.75   clock reconvergence pessimism
                                  9.75 ^ _1021_/CLK (sky130_fd_sc_hd__dfrtp_2)
                         -0.08    9.67   library setup time
                                  9.67   data required time
-----------------------------------------------------------------------------
                                  9.67   data required time
                                 -3.35   data arrival time
-----------------------------------------------------------------------------
                                  6.32   slack (MET)


Startpoint: _1060_ (rising edge-triggered flip-flop clocked by w_clk)
Endpoint: _1022_ (rising edge-triggered flip-flop clocked by w_clk)
Path Group: w_clk
Path Type: max

Fanout     Cap    Slew   Delay    Time   Description
-----------------------------------------------------------------------------
                  0.15    0.00    0.00   clock w_clk (rise edge)
                          0.00    0.00   clock network delay (ideal)
                  0.15    0.00    0.00 ^ _1060_/CLK (sky130_fd_sc_hd__dfrtp_2)
                  0.04    0.43    0.43 v _1060_/Q (sky130_fd_sc_hd__dfrtp_2)
     1    0.00                           w_ptr_b[0] (net)
                  0.04    0.00    0.43 v _0453_/A (sky130_fd_sc_hd__buf_1)
                  0.22    0.25    0.68 v _0453_/X (sky130_fd_sc_hd__buf_1)
    13    0.04                           _0155_ (net)
                  0.22    0.00    0.68 v _0456_/A (sky130_fd_sc_hd__and3_2)
                  0.04    0.26    0.94 v _0456_/X (sky130_fd_sc_hd__and3_2)
     1    0.00                           _0158_ (net)
                  0.04    0.00    0.94 v _0457_/A (sky130_fd_sc_hd__buf_1)
                  0.12    0.17    1.11 v _0457_/X (sky130_fd_sc_hd__buf_1)
     5    0.02                           _0159_ (net)
                  0.12    0.00    1.11 v _0465_/A (sky130_fd_sc_hd__or3_2)
                  0.11    0.56    1.67 v _0465_/X (sky130_fd_sc_hd__or3_2)
     3    0.01                           _0167_ (net)
                  0.11    0.00    1.67 v _0466_/A2 (sky130_fd_sc_hd__a21bo_2)
                  0.03    0.24    1.91 v _0466_/X (sky130_fd_sc_hd__a21bo_2)
     1    0.00                           _0168_ (net)
                  0.03    0.00    1.91 v _0473_/A1 (sky130_fd_sc_hd__a2111o_2)
                  0.08    0.45    2.36 v _0473_/X (sky130_fd_sc_hd__a2111o_2)
     4    0.01                           _0175_ (net)
                  0.08    0.00    2.36 v _0474_/A (sky130_fd_sc_hd__buf_1)
                  0.21    0.26    2.62 v _0474_/X (sky130_fd_sc_hd__buf_1)
    16    0.04                           _0176_ (net)
                  0.21    0.00    2.62 v _0805_/A2 (sky130_fd_sc_hd__o21a_2)
                  0.10    0.35    2.97 v _0805_/X (sky130_fd_sc_hd__o21a_2)
     9    0.03                           _0393_ (net)
                  0.10    0.00    2.97 v _0815_/S (sky130_fd_sc_hd__mux2_2)
                  0.05    0.29    3.27 v _0815_/X (sky130_fd_sc_hd__mux2_2)
     1    0.00                           _0399_ (net)
                  0.05    0.00    3.27 v _0816_/A (sky130_fd_sc_hd__buf_1)
                  0.02    0.09    3.35 v _0816_/X (sky130_fd_sc_hd__buf_1)
     1    0.00                           _0116_ (net)
                  0.02    0.00    3.35 v _1022_/D (sky130_fd_sc_hd__dfrtp_2)
                                  3.35   data arrival time

                  0.15   10.00   10.00   clock w_clk (rise edge)
                          0.00   10.00   clock network delay (ideal)
                         -0.25    9.75   clock uncertainty
                          0.00    9.75   clock reconvergence pessimism
                                  9.75 ^ _1022_/CLK (sky130_fd_sc_hd__dfrtp_2)
                         -0.08    9.67   library setup time
                                  9.67   data required time
-----------------------------------------------------------------------------
                                  9.67   data required time
                                 -3.35   data arrival time
-----------------------------------------------------------------------------
                                  6.32   slack (MET)


Startpoint: _1060_ (rising edge-triggered flip-flop clocked by w_clk)
Endpoint: _1061_ (rising edge-triggered flip-flop clocked by w_clk)
Path Group: w_clk
Path Type: max

Fanout     Cap    Slew   Delay    Time   Description
-----------------------------------------------------------------------------
                  0.15    0.00    0.00   clock w_clk (rise edge)
                          0.00    0.00   clock network delay (ideal)
                  0.15    0.00    0.00 ^ _1060_/CLK (sky130_fd_sc_hd__dfrtp_2)
                  0.04    0.43    0.43 v _1060_/Q (sky130_fd_sc_hd__dfrtp_2)
     1    0.00                           w_ptr_b[0] (net)
                  0.04    0.00    0.43 v _0453_/A (sky130_fd_sc_hd__buf_1)
                  0.22    0.25    0.68 v _0453_/X (sky130_fd_sc_hd__buf_1)
    13    0.04                           _0155_ (net)
                  0.22    0.00    0.68 v _0456_/A (sky130_fd_sc_hd__and3_2)
                  0.04    0.26    0.94 v _0456_/X (sky130_fd_sc_hd__and3_2)
     1    0.00                           _0158_ (net)
                  0.04    0.00    0.94 v _0457_/A (sky130_fd_sc_hd__buf_1)
                  0.12    0.17    1.11 v _0457_/X (sky130_fd_sc_hd__buf_1)
     5    0.02                           _0159_ (net)
                  0.12    0.00    1.11 v _0465_/A (sky130_fd_sc_hd__or3_2)
                  0.11    0.56    1.67 v _0465_/X (sky130_fd_sc_hd__or3_2)
     3    0.01                           _0167_ (net)
                  0.11    0.00    1.67 v _0466_/A2 (sky130_fd_sc_hd__a21bo_2)
                  0.03    0.24    1.91 v _0466_/X (sky130_fd_sc_hd__a21bo_2)
     1    0.00                           _0168_ (net)
                  0.03    0.00    1.91 v _0473_/A1 (sky130_fd_sc_hd__a2111o_2)
                  0.08    0.45    2.36 v _0473_/X (sky130_fd_sc_hd__a2111o_2)
     4    0.01                           _0175_ (net)
                  0.08    0.00    2.36 v _0474_/A (sky130_fd_sc_hd__buf_1)
                  0.21    0.26    2.62 v _0474_/X (sky130_fd_sc_hd__buf_1)
    16    0.04                           _0176_ (net)
                  0.21    0.00    2.62 v _0805_/A2 (sky130_fd_sc_hd__o21a_2)
                  0.10    0.35    2.97 v _0805_/X (sky130_fd_sc_hd__o21a_2)
     9    0.03                           _0393_ (net)
                  0.10    0.00    2.97 v _0863_/S (sky130_fd_sc_hd__mux2_2)
                  0.05    0.29    3.27 v _0863_/X (sky130_fd_sc_hd__mux2_2)
     1    0.00                           _0428_ (net)
                  0.05    0.00    3.27 v _0864_/A (sky130_fd_sc_hd__buf_1)
                  0.02    0.09    3.35 v _0864_/X (sky130_fd_sc_hd__buf_1)
     1    0.00                           _0135_ (net)
                  0.02    0.00    3.35 v _1061_/D (sky130_fd_sc_hd__dfrtp_2)
                                  3.35   data arrival time

                  0.15   10.00   10.00   clock w_clk (rise edge)
                          0.00   10.00   clock network delay (ideal)
                         -0.25    9.75   clock uncertainty
                          0.00    9.75   clock reconvergence pessimism
                                  9.75 ^ _1061_/CLK (sky130_fd_sc_hd__dfrtp_2)
                         -0.08    9.67   library setup time
                                  9.67   data required time
-----------------------------------------------------------------------------
                                  9.67   data required time
                                 -3.35   data arrival time
-----------------------------------------------------------------------------
                                  6.32   slack (MET)


Startpoint: _1060_ (rising edge-triggered flip-flop clocked by w_clk)
Endpoint: _1062_ (rising edge-triggered flip-flop clocked by w_clk)
Path Group: w_clk
Path Type: max

Fanout     Cap    Slew   Delay    Time   Description
-----------------------------------------------------------------------------
                  0.15    0.00    0.00   clock w_clk (rise edge)
                          0.00    0.00   clock network delay (ideal)
                  0.15    0.00    0.00 ^ _1060_/CLK (sky130_fd_sc_hd__dfrtp_2)
                  0.04    0.43    0.43 v _1060_/Q (sky130_fd_sc_hd__dfrtp_2)
     1    0.00                           w_ptr_b[0] (net)
                  0.04    0.00    0.43 v _0453_/A (sky130_fd_sc_hd__buf_1)
                  0.22    0.25    0.68 v _0453_/X (sky130_fd_sc_hd__buf_1)
    13    0.04                           _0155_ (net)
                  0.22    0.00    0.68 v _0456_/A (sky130_fd_sc_hd__and3_2)
                  0.04    0.26    0.94 v _0456_/X (sky130_fd_sc_hd__and3_2)
     1    0.00                           _0158_ (net)
                  0.04    0.00    0.94 v _0457_/A (sky130_fd_sc_hd__buf_1)
                  0.12    0.17    1.11 v _0457_/X (sky130_fd_sc_hd__buf_1)
     5    0.02                           _0159_ (net)
                  0.12    0.00    1.11 v _0465_/A (sky130_fd_sc_hd__or3_2)
                  0.11    0.56    1.67 v _0465_/X (sky130_fd_sc_hd__or3_2)
     3    0.01                           _0167_ (net)
                  0.11    0.00    1.67 v _0466_/A2 (sky130_fd_sc_hd__a21bo_2)
                  0.03    0.24    1.91 v _0466_/X (sky130_fd_sc_hd__a21bo_2)
     1    0.00                           _0168_ (net)
                  0.03    0.00    1.91 v _0473_/A1 (sky130_fd_sc_hd__a2111o_2)
                  0.08    0.45    2.36 v _0473_/X (sky130_fd_sc_hd__a2111o_2)
     4    0.01                           _0175_ (net)
                  0.08    0.00    2.36 v _0474_/A (sky130_fd_sc_hd__buf_1)
                  0.21    0.26    2.62 v _0474_/X (sky130_fd_sc_hd__buf_1)
    16    0.04                           _0176_ (net)
                  0.21    0.00    2.62 v _0805_/A2 (sky130_fd_sc_hd__o21a_2)
                  0.10    0.35    2.97 v _0805_/X (sky130_fd_sc_hd__o21a_2)
     9    0.03                           _0393_ (net)
                  0.10    0.00    2.97 v _0866_/S (sky130_fd_sc_hd__mux2_2)
                  0.05    0.29    3.27 v _0866_/X (sky130_fd_sc_hd__mux2_2)
     1    0.00                           _0430_ (net)
                  0.05    0.00    3.27 v _0867_/A (sky130_fd_sc_hd__buf_1)
                  0.02    0.09    3.35 v _0867_/X (sky130_fd_sc_hd__buf_1)
     1    0.00                           _0136_ (net)
                  0.02    0.00    3.35 v _1062_/D (sky130_fd_sc_hd__dfrtp_2)
                                  3.35   data arrival time

                  0.15   10.00   10.00   clock w_clk (rise edge)
                          0.00   10.00   clock network delay (ideal)
                         -0.25    9.75   clock uncertainty
                          0.00    9.75   clock reconvergence pessimism
                                  9.75 ^ _1062_/CLK (sky130_fd_sc_hd__dfrtp_2)
                         -0.08    9.67   library setup time
                                  9.67   data required time
-----------------------------------------------------------------------------
                                  9.67   data required time
                                 -3.35   data arrival time
-----------------------------------------------------------------------------
                                  6.32   slack (MET)


Startpoint: _1060_ (rising edge-triggered flip-flop clocked by w_clk)
Endpoint: _1063_ (rising edge-triggered flip-flop clocked by w_clk)
Path Group: w_clk
Path Type: max

Fanout     Cap    Slew   Delay    Time   Description
-----------------------------------------------------------------------------
                  0.15    0.00    0.00   clock w_clk (rise edge)
                          0.00    0.00   clock network delay (ideal)
                  0.15    0.00    0.00 ^ _1060_/CLK (sky130_fd_sc_hd__dfrtp_2)
                  0.04    0.43    0.43 v _1060_/Q (sky130_fd_sc_hd__dfrtp_2)
     1    0.00                           w_ptr_b[0] (net)
                  0.04    0.00    0.43 v _0453_/A (sky130_fd_sc_hd__buf_1)
                  0.22    0.25    0.68 v _0453_/X (sky130_fd_sc_hd__buf_1)
    13    0.04                           _0155_ (net)
                  0.22    0.00    0.68 v _0456_/A (sky130_fd_sc_hd__and3_2)
                  0.04    0.26    0.94 v _0456_/X (sky130_fd_sc_hd__and3_2)
     1    0.00                           _0158_ (net)
                  0.04    0.00    0.94 v _0457_/A (sky130_fd_sc_hd__buf_1)
                  0.12    0.17    1.11 v _0457_/X (sky130_fd_sc_hd__buf_1)
     5    0.02                           _0159_ (net)
                  0.12    0.00    1.11 v _0465_/A (sky130_fd_sc_hd__or3_2)
                  0.11    0.56    1.67 v _0465_/X (sky130_fd_sc_hd__or3_2)
     3    0.01                           _0167_ (net)
                  0.11    0.00    1.67 v _0466_/A2 (sky130_fd_sc_hd__a21bo_2)
                  0.03    0.24    1.91 v _0466_/X (sky130_fd_sc_hd__a21bo_2)
     1    0.00                           _0168_ (net)
                  0.03    0.00    1.91 v _0473_/A1 (sky130_fd_sc_hd__a2111o_2)
                  0.08    0.45    2.36 v _0473_/X (sky130_fd_sc_hd__a2111o_2)
     4    0.01                           _0175_ (net)
                  0.08    0.00    2.36 v _0474_/A (sky130_fd_sc_hd__buf_1)
                  0.21    0.26    2.62 v _0474_/X (sky130_fd_sc_hd__buf_1)
    16    0.04                           _0176_ (net)
                  0.21    0.00    2.62 v _0805_/A2 (sky130_fd_sc_hd__o21a_2)
                  0.10    0.35    2.97 v _0805_/X (sky130_fd_sc_hd__o21a_2)
     9    0.03                           _0393_ (net)
                  0.10    0.00    2.97 v _0869_/S (sky130_fd_sc_hd__mux2_2)
                  0.05    0.29    3.27 v _0869_/X (sky130_fd_sc_hd__mux2_2)
     1    0.00                           _0432_ (net)
                  0.05    0.00    3.27 v _0870_/A (sky130_fd_sc_hd__buf_1)
                  0.02    0.09    3.35 v _0870_/X (sky130_fd_sc_hd__buf_1)
     1    0.00                           _0137_ (net)
                  0.02    0.00    3.35 v _1063_/D (sky130_fd_sc_hd__dfrtp_2)
                                  3.35   data arrival time

                  0.15   10.00   10.00   clock w_clk (rise edge)
                          0.00   10.00   clock network delay (ideal)
                         -0.25    9.75   clock uncertainty
                          0.00    9.75   clock reconvergence pessimism
                                  9.75 ^ _1063_/CLK (sky130_fd_sc_hd__dfrtp_2)
                         -0.08    9.67   library setup time
                                  9.67   data required time
-----------------------------------------------------------------------------
                                  9.67   data required time
                                 -3.35   data arrival time
-----------------------------------------------------------------------------
                                  6.32   slack (MET)


Startpoint: wr (input port clocked by w_clk)
Endpoint: _1072_ (rising edge-triggered flip-flop clocked by w_clk)
Path Group: w_clk
Path Type: max

Fanout     Cap    Slew   Delay    Time   Description
-----------------------------------------------------------------------------
                  0.15    0.00    0.00   clock w_clk (rise edge)
                          0.00    0.00   clock network delay (ideal)
                          2.00    2.00 ^ input external delay
                  0.04    0.03    2.03 ^ wr (in)
     3    0.01                           wr (net)
                  0.04    0.00    2.03 ^ _0488_/A (sky130_fd_sc_hd__buf_1)
                  0.46    0.38    2.41 ^ _0488_/X (sky130_fd_sc_hd__buf_1)
    16    0.04                           _0188_ (net)
                  0.46    0.00    2.41 ^ _0889_/C1 (sky130_fd_sc_hd__o211a_2)
                  0.17    0.38    2.79 ^ _0889_/X (sky130_fd_sc_hd__o211a_2)
     8    0.03                           _0443_ (net)
                  0.17    0.00    2.79 ^ _0890_/S (sky130_fd_sc_hd__mux2_2)
                  0.05    0.36    3.15 v _0890_/X (sky130_fd_sc_hd__mux2_2)
     1    0.00                           _0444_ (net)
                  0.05    0.00    3.15 v _0891_/A (sky130_fd_sc_hd__buf_1)
                  0.02    0.09    3.24 v _0891_/X (sky130_fd_sc_hd__buf_1)
     1    0.00                           _0146_ (net)
                  0.02    0.00    3.24 v _1072_/D (sky130_fd_sc_hd__dfxtp_2)
                                  3.24   data arrival time

                  0.15   10.00   10.00   clock w_clk (rise edge)
                          0.00   10.00   clock network delay (ideal)
                         -0.25    9.75   clock uncertainty
                          0.00    9.75   clock reconvergence pessimism
                                  9.75 ^ _1072_/CLK (sky130_fd_sc_hd__dfxtp_2)
                         -0.08    9.67   library setup time
                                  9.67   data required time
-----------------------------------------------------------------------------
                                  9.67   data required time
                                 -3.24   data arrival time
-----------------------------------------------------------------------------
                                  6.43   slack (MET)


Startpoint: wr (input port clocked by w_clk)
Endpoint: _1073_ (rising edge-triggered flip-flop clocked by w_clk)
Path Group: w_clk
Path Type: max

Fanout     Cap    Slew   Delay    Time   Description
-----------------------------------------------------------------------------
                  0.15    0.00    0.00   clock w_clk (rise edge)
                          0.00    0.00   clock network delay (ideal)
                          2.00    2.00 ^ input external delay
                  0.04    0.03    2.03 ^ wr (in)
     3    0.01                           wr (net)
                  0.04    0.00    2.03 ^ _0488_/A (sky130_fd_sc_hd__buf_1)
                  0.46    0.38    2.41 ^ _0488_/X (sky130_fd_sc_hd__buf_1)
    16    0.04                           _0188_ (net)
                  0.46    0.00    2.41 ^ _0889_/C1 (sky130_fd_sc_hd__o211a_2)
                  0.17    0.38    2.79 ^ _0889_/X (sky130_fd_sc_hd__o211a_2)
     8    0.03                           _0443_ (net)
                  0.17    0.00    2.79 ^ _0892_/S (sky130_fd_sc_hd__mux2_2)
                  0.05    0.36    3.15 v _0892_/X (sky130_fd_sc_hd__mux2_2)
     1    0.00                           _0445_ (net)
                  0.05    0.00    3.15 v _0893_/A (sky130_fd_sc_hd__buf_1)
                  0.02    0.09    3.24 v _0893_/X (sky130_fd_sc_hd__buf_1)
     1    0.00                           _0147_ (net)
                  0.02    0.00    3.24 v _1073_/D (sky130_fd_sc_hd__dfxtp_2)
                                  3.24   data arrival time

                  0.15   10.00   10.00   clock w_clk (rise edge)
                          0.00   10.00   clock network delay (ideal)
                         -0.25    9.75   clock uncertainty
                          0.00    9.75   clock reconvergence pessimism
                                  9.75 ^ _1073_/CLK (sky130_fd_sc_hd__dfxtp_2)
                         -0.08    9.67   library setup time
                                  9.67   data required time
-----------------------------------------------------------------------------
                                  9.67   data required time
                                 -3.24   data arrival time
-----------------------------------------------------------------------------
                                  6.43   slack (MET)


Startpoint: wr (input port clocked by w_clk)
Endpoint: _1074_ (rising edge-triggered flip-flop clocked by w_clk)
Path Group: w_clk
Path Type: max

Fanout     Cap    Slew   Delay    Time   Description
-----------------------------------------------------------------------------
                  0.15    0.00    0.00   clock w_clk (rise edge)
                          0.00    0.00   clock network delay (ideal)
                          2.00    2.00 ^ input external delay
                  0.04    0.03    2.03 ^ wr (in)
     3    0.01                           wr (net)
                  0.04    0.00    2.03 ^ _0488_/A (sky130_fd_sc_hd__buf_1)
                  0.46    0.38    2.41 ^ _0488_/X (sky130_fd_sc_hd__buf_1)
    16    0.04                           _0188_ (net)
                  0.46    0.00    2.41 ^ _0889_/C1 (sky130_fd_sc_hd__o211a_2)
                  0.17    0.38    2.79 ^ _0889_/X (sky130_fd_sc_hd__o211a_2)
     8    0.03                           _0443_ (net)
                  0.17    0.00    2.79 ^ _0894_/S (sky130_fd_sc_hd__mux2_2)
                  0.05    0.36    3.15 v _0894_/X (sky130_fd_sc_hd__mux2_2)
     1    0.00                           _0446_ (net)
                  0.05    0.00    3.15 v _0895_/A (sky130_fd_sc_hd__buf_1)
                  0.02    0.09    3.24 v _0895_/X (sky130_fd_sc_hd__buf_1)
     1    0.00                           _0148_ (net)
                  0.02    0.00    3.24 v _1074_/D (sky130_fd_sc_hd__dfxtp_2)
                                  3.24   data arrival time

                  0.15   10.00   10.00   clock w_clk (rise edge)
                          0.00   10.00   clock network delay (ideal)
                         -0.25    9.75   clock uncertainty
                          0.00    9.75   clock reconvergence pessimism
                                  9.75 ^ _1074_/CLK (sky130_fd_sc_hd__dfxtp_2)
                         -0.08    9.67   library setup time
                                  9.67   data required time
-----------------------------------------------------------------------------
                                  9.67   data required time
                                 -3.24   data arrival time
-----------------------------------------------------------------------------
                                  6.43   slack (MET)


Startpoint: wr (input port clocked by w_clk)
Endpoint: _1075_ (rising edge-triggered flip-flop clocked by w_clk)
Path Group: w_clk
Path Type: max

Fanout     Cap    Slew   Delay    Time   Description
-----------------------------------------------------------------------------
                  0.15    0.00    0.00   clock w_clk (rise edge)
                          0.00    0.00   clock network delay (ideal)
                          2.00    2.00 ^ input external delay
                  0.04    0.03    2.03 ^ wr (in)
     3    0.01                           wr (net)
                  0.04    0.00    2.03 ^ _0488_/A (sky130_fd_sc_hd__buf_1)
                  0.46    0.38    2.41 ^ _0488_/X (sky130_fd_sc_hd__buf_1)
    16    0.04                           _0188_ (net)
                  0.46    0.00    2.41 ^ _0889_/C1 (sky130_fd_sc_hd__o211a_2)
                  0.17    0.38    2.79 ^ _0889_/X (sky130_fd_sc_hd__o211a_2)
     8    0.03                           _0443_ (net)
                  0.17    0.00    2.79 ^ _0896_/S (sky130_fd_sc_hd__mux2_2)
                  0.05    0.36    3.15 v _0896_/X (sky130_fd_sc_hd__mux2_2)
     1    0.00                           _0447_ (net)
                  0.05    0.00    3.15 v _0897_/A (sky130_fd_sc_hd__buf_1)
                  0.02    0.09    3.24 v _0897_/X (sky130_fd_sc_hd__buf_1)
     1    0.00                           _0149_ (net)
                  0.02    0.00    3.24 v _1075_/D (sky130_fd_sc_hd__dfxtp_2)
                                  3.24   data arrival time

                  0.15   10.00   10.00   clock w_clk (rise edge)
                          0.00   10.00   clock network delay (ideal)
                         -0.25    9.75   clock uncertainty
                          0.00    9.75   clock reconvergence pessimism
                                  9.75 ^ _1075_/CLK (sky130_fd_sc_hd__dfxtp_2)
                         -0.08    9.67   library setup time
                                  9.67   data required time
-----------------------------------------------------------------------------
                                  9.67   data required time
                                 -3.24   data arrival time
-----------------------------------------------------------------------------
                                  6.43   slack (MET)


Startpoint: wr (input port clocked by w_clk)
Endpoint: _1076_ (rising edge-triggered flip-flop clocked by w_clk)
Path Group: w_clk
Path Type: max

Fanout     Cap    Slew   Delay    Time   Description
-----------------------------------------------------------------------------
                  0.15    0.00    0.00   clock w_clk (rise edge)
                          0.00    0.00   clock network delay (ideal)
                          2.00    2.00 ^ input external delay
                  0.04    0.03    2.03 ^ wr (in)
     3    0.01                           wr (net)
                  0.04    0.00    2.03 ^ _0488_/A (sky130_fd_sc_hd__buf_1)
                  0.46    0.38    2.41 ^ _0488_/X (sky130_fd_sc_hd__buf_1)
    16    0.04                           _0188_ (net)
                  0.46    0.00    2.41 ^ _0889_/C1 (sky130_fd_sc_hd__o211a_2)
                  0.17    0.38    2.79 ^ _0889_/X (sky130_fd_sc_hd__o211a_2)
     8    0.03                           _0443_ (net)
                  0.17    0.00    2.79 ^ _0898_/S (sky130_fd_sc_hd__mux2_2)
                  0.05    0.36    3.15 v _0898_/X (sky130_fd_sc_hd__mux2_2)
     1    0.00                           _0448_ (net)
                  0.05    0.00    3.15 v _0899_/A (sky130_fd_sc_hd__buf_1)
                  0.02    0.09    3.24 v _0899_/X (sky130_fd_sc_hd__buf_1)
     1    0.00                           _0150_ (net)
                  0.02    0.00    3.24 v _1076_/D (sky130_fd_sc_hd__dfxtp_2)
                                  3.24   data arrival time

                  0.15   10.00   10.00   clock w_clk (rise edge)
                          0.00   10.00   clock network delay (ideal)
                         -0.25    9.75   clock uncertainty
                          0.00    9.75   clock reconvergence pessimism
                                  9.75 ^ _1076_/CLK (sky130_fd_sc_hd__dfxtp_2)
                         -0.08    9.67   library setup time
                                  9.67   data required time
-----------------------------------------------------------------------------
                                  9.67   data required time
                                 -3.24   data arrival time
-----------------------------------------------------------------------------
                                  6.43   slack (MET)


Startpoint: wr (input port clocked by w_clk)
Endpoint: _1077_ (rising edge-triggered flip-flop clocked by w_clk)
Path Group: w_clk
Path Type: max

Fanout     Cap    Slew   Delay    Time   Description
-----------------------------------------------------------------------------
                  0.15    0.00    0.00   clock w_clk (rise edge)
                          0.00    0.00   clock network delay (ideal)
                          2.00    2.00 ^ input external delay
                  0.04    0.03    2.03 ^ wr (in)
     3    0.01                           wr (net)
                  0.04    0.00    2.03 ^ _0488_/A (sky130_fd_sc_hd__buf_1)
                  0.46    0.38    2.41 ^ _0488_/X (sky130_fd_sc_hd__buf_1)
    16    0.04                           _0188_ (net)
                  0.46    0.00    2.41 ^ _0889_/C1 (sky130_fd_sc_hd__o211a_2)
                  0.17    0.38    2.79 ^ _0889_/X (sky130_fd_sc_hd__o211a_2)
     8    0.03                           _0443_ (net)
                  0.17    0.00    2.79 ^ _0900_/S (sky130_fd_sc_hd__mux2_2)
                  0.05    0.36    3.15 v _0900_/X (sky130_fd_sc_hd__mux2_2)
     1    0.00                           _0449_ (net)
                  0.05    0.00    3.15 v _0901_/A (sky130_fd_sc_hd__buf_1)
                  0.02    0.09    3.24 v _0901_/X (sky130_fd_sc_hd__buf_1)
     1    0.00                           _0151_ (net)
                  0.02    0.00    3.24 v _1077_/D (sky130_fd_sc_hd__dfxtp_2)
                                  3.24   data arrival time

                  0.15   10.00   10.00   clock w_clk (rise edge)
                          0.00   10.00   clock network delay (ideal)
                         -0.25    9.75   clock uncertainty
                          0.00    9.75   clock reconvergence pessimism
                                  9.75 ^ _1077_/CLK (sky130_fd_sc_hd__dfxtp_2)
                         -0.08    9.67   library setup time
                                  9.67   data required time
-----------------------------------------------------------------------------
                                  9.67   data required time
                                 -3.24   data arrival time
-----------------------------------------------------------------------------
                                  6.43   slack (MET)


Startpoint: wr (input port clocked by w_clk)
Endpoint: _1078_ (rising edge-triggered flip-flop clocked by w_clk)
Path Group: w_clk
Path Type: max

Fanout     Cap    Slew   Delay    Time   Description
-----------------------------------------------------------------------------
                  0.15    0.00    0.00   clock w_clk (rise edge)
                          0.00    0.00   clock network delay (ideal)
                          2.00    2.00 ^ input external delay
                  0.04    0.03    2.03 ^ wr (in)
     3    0.01                           wr (net)
                  0.04    0.00    2.03 ^ _0488_/A (sky130_fd_sc_hd__buf_1)
                  0.46    0.38    2.41 ^ _0488_/X (sky130_fd_sc_hd__buf_1)
    16    0.04                           _0188_ (net)
                  0.46    0.00    2.41 ^ _0889_/C1 (sky130_fd_sc_hd__o211a_2)
                  0.17    0.38    2.79 ^ _0889_/X (sky130_fd_sc_hd__o211a_2)
     8    0.03                           _0443_ (net)
                  0.17    0.00    2.79 ^ _0902_/S (sky130_fd_sc_hd__mux2_2)
                  0.05    0.36    3.15 v _0902_/X (sky130_fd_sc_hd__mux2_2)
     1    0.00                           _0450_ (net)
                  0.05    0.00    3.15 v _0903_/A (sky130_fd_sc_hd__buf_1)
                  0.02    0.09    3.24 v _0903_/X (sky130_fd_sc_hd__buf_1)
     1    0.00                           _0152_ (net)
                  0.02    0.00    3.24 v _1078_/D (sky130_fd_sc_hd__dfxtp_2)
                                  3.24   data arrival time

                  0.15   10.00   10.00   clock w_clk (rise edge)
                          0.00   10.00   clock network delay (ideal)
                         -0.25    9.75   clock uncertainty
                          0.00    9.75   clock reconvergence pessimism
                                  9.75 ^ _1078_/CLK (sky130_fd_sc_hd__dfxtp_2)
                         -0.08    9.67   library setup time
                                  9.67   data required time
-----------------------------------------------------------------------------
                                  9.67   data required time
                                 -3.24   data arrival time
-----------------------------------------------------------------------------
                                  6.43   slack (MET)


Startpoint: wr (input port clocked by w_clk)
Endpoint: _1079_ (rising edge-triggered flip-flop clocked by w_clk)
Path Group: w_clk
Path Type: max

Fanout     Cap    Slew   Delay    Time   Description
-----------------------------------------------------------------------------
                  0.15    0.00    0.00   clock w_clk (rise edge)
                          0.00    0.00   clock network delay (ideal)
                          2.00    2.00 ^ input external delay
                  0.04    0.03    2.03 ^ wr (in)
     3    0.01                           wr (net)
                  0.04    0.00    2.03 ^ _0488_/A (sky130_fd_sc_hd__buf_1)
                  0.46    0.38    2.41 ^ _0488_/X (sky130_fd_sc_hd__buf_1)
    16    0.04                           _0188_ (net)
                  0.46    0.00    2.41 ^ _0889_/C1 (sky130_fd_sc_hd__o211a_2)
                  0.17    0.38    2.79 ^ _0889_/X (sky130_fd_sc_hd__o211a_2)
     8    0.03                           _0443_ (net)
                  0.17    0.00    2.79 ^ _0904_/S (sky130_fd_sc_hd__mux2_2)
                  0.05    0.36    3.15 v _0904_/X (sky130_fd_sc_hd__mux2_2)
     1    0.00                           _0451_ (net)
                  0.05    0.00    3.15 v _0905_/A (sky130_fd_sc_hd__buf_1)
                  0.02    0.09    3.24 v _0905_/X (sky130_fd_sc_hd__buf_1)
     1    0.00                           _0153_ (net)
                  0.02    0.00    3.24 v _1079_/D (sky130_fd_sc_hd__dfxtp_2)
                                  3.24   data arrival time

                  0.15   10.00   10.00   clock w_clk (rise edge)
                          0.00   10.00   clock network delay (ideal)
                         -0.25    9.75   clock uncertainty
                          0.00    9.75   clock reconvergence pessimism
                                  9.75 ^ _1079_/CLK (sky130_fd_sc_hd__dfxtp_2)
                         -0.08    9.67   library setup time
                                  9.67   data required time
-----------------------------------------------------------------------------
                                  9.67   data required time
                                 -3.24   data arrival time
-----------------------------------------------------------------------------
                                  6.43   slack (MET)


Startpoint: _1060_ (rising edge-triggered flip-flop clocked by w_clk)
Endpoint: _1020_ (rising edge-triggered flip-flop clocked by w_clk)
Path Group: w_clk
Path Type: max

Fanout     Cap    Slew   Delay    Time   Description
-----------------------------------------------------------------------------
                  0.15    0.00    0.00   clock w_clk (rise edge)
                          0.00    0.00   clock network delay (ideal)
                  0.15    0.00    0.00 ^ _1060_/CLK (sky130_fd_sc_hd__dfrtp_2)
                  0.04    0.43    0.43 v _1060_/Q (sky130_fd_sc_hd__dfrtp_2)
     1    0.00                           w_ptr_b[0] (net)
                  0.04    0.00    0.43 v _0453_/A (sky130_fd_sc_hd__buf_1)
                  0.22    0.25    0.68 v _0453_/X (sky130_fd_sc_hd__buf_1)
    13    0.04                           _0155_ (net)
                  0.22    0.00    0.68 v _0456_/A (sky130_fd_sc_hd__and3_2)
                  0.04    0.26    0.94 v _0456_/X (sky130_fd_sc_hd__and3_2)
     1    0.00                           _0158_ (net)
                  0.04    0.00    0.94 v _0457_/A (sky130_fd_sc_hd__buf_1)
                  0.12    0.17    1.11 v _0457_/X (sky130_fd_sc_hd__buf_1)
     5    0.02                           _0159_ (net)
                  0.12    0.00    1.11 v _0465_/A (sky130_fd_sc_hd__or3_2)
                  0.11    0.56    1.67 v _0465_/X (sky130_fd_sc_hd__or3_2)
     3    0.01                           _0167_ (net)
                  0.11    0.00    1.67 v _0466_/A2 (sky130_fd_sc_hd__a21bo_2)
                  0.03    0.24    1.91 v _0466_/X (sky130_fd_sc_hd__a21bo_2)
     1    0.00                           _0168_ (net)
                  0.03    0.00    1.91 v _0473_/A1 (sky130_fd_sc_hd__a2111o_2)
                  0.08    0.45    2.36 v _0473_/X (sky130_fd_sc_hd__a2111o_2)
     4    0.01                           _0175_ (net)
                  0.08    0.00    2.36 v _0474_/A (sky130_fd_sc_hd__buf_1)
                  0.21    0.26    2.62 v _0474_/X (sky130_fd_sc_hd__buf_1)
    16    0.04                           _0176_ (net)
                  0.21    0.00    2.62 v _0805_/A2 (sky130_fd_sc_hd__o21a_2)
                  0.10    0.35    2.97 v _0805_/X (sky130_fd_sc_hd__o21a_2)
     9    0.03                           _0393_ (net)
                  0.10    0.00    2.97 v _0812_/A2 (sky130_fd_sc_hd__o21ba_2)
                  0.03    0.22    3.19 v _0812_/X (sky130_fd_sc_hd__o21ba_2)
     1    0.00                           _0114_ (net)
                  0.03    0.00    3.19 v _1020_/D (sky130_fd_sc_hd__dfrtp_2)
                                  3.19   data arrival time

                  0.15   10.00   10.00   clock w_clk (rise edge)
                          0.00   10.00   clock network delay (ideal)
                         -0.25    9.75   clock uncertainty
                          0.00    9.75   clock reconvergence pessimism
                                  9.75 ^ _1020_/CLK (sky130_fd_sc_hd__dfrtp_2)
                         -0.09    9.66   library setup time
                                  9.66   data required time
-----------------------------------------------------------------------------
                                  9.66   data required time
                                 -3.19   data arrival time
-----------------------------------------------------------------------------
                                  6.48   slack (MET)


Startpoint: _1060_ (rising edge-triggered flip-flop clocked by w_clk)
Endpoint: _1060_ (rising edge-triggered flip-flop clocked by w_clk)
Path Group: w_clk
Path Type: max

Fanout     Cap    Slew   Delay    Time   Description
-----------------------------------------------------------------------------
                  0.15    0.00    0.00   clock w_clk (rise edge)
                          0.00    0.00   clock network delay (ideal)
                  0.15    0.00    0.00 ^ _1060_/CLK (sky130_fd_sc_hd__dfrtp_2)
                  0.04    0.43    0.43 v _1060_/Q (sky130_fd_sc_hd__dfrtp_2)
     1    0.00                           w_ptr_b[0] (net)
                  0.04    0.00    0.43 v _0453_/A (sky130_fd_sc_hd__buf_1)
                  0.22    0.25    0.68 v _0453_/X (sky130_fd_sc_hd__buf_1)
    13    0.04                           _0155_ (net)
                  0.22    0.00    0.68 v _0456_/A (sky130_fd_sc_hd__and3_2)
                  0.04    0.26    0.94 v _0456_/X (sky130_fd_sc_hd__and3_2)
     1    0.00                           _0158_ (net)
                  0.04    0.00    0.94 v _0457_/A (sky130_fd_sc_hd__buf_1)
                  0.12    0.17    1.11 v _0457_/X (sky130_fd_sc_hd__buf_1)
     5    0.02                           _0159_ (net)
                  0.12    0.00    1.11 v _0465_/A (sky130_fd_sc_hd__or3_2)
                  0.11    0.56    1.67 v _0465_/X (sky130_fd_sc_hd__or3_2)
     3    0.01                           _0167_ (net)
                  0.11    0.00    1.67 v _0466_/A2 (sky130_fd_sc_hd__a21bo_2)
                  0.03    0.24    1.91 v _0466_/X (sky130_fd_sc_hd__a21bo_2)
     1    0.00                           _0168_ (net)
                  0.03    0.00    1.91 v _0473_/A1 (sky130_fd_sc_hd__a2111o_2)
                  0.08    0.45    2.36 v _0473_/X (sky130_fd_sc_hd__a2111o_2)
     4    0.01                           _0175_ (net)
                  0.08    0.00    2.36 v _0474_/A (sky130_fd_sc_hd__buf_1)
                  0.21    0.26    2.62 v _0474_/X (sky130_fd_sc_hd__buf_1)
    16    0.04                           _0176_ (net)
                  0.21    0.00    2.62 v _0805_/A2 (sky130_fd_sc_hd__o21a_2)
                  0.10    0.35    2.97 v _0805_/X (sky130_fd_sc_hd__o21a_2)
     9    0.03                           _0393_ (net)
                  0.10    0.00    2.97 v _0862_/B (sky130_fd_sc_hd__xor2_2)
                  0.08    0.16    3.13 v _0862_/X (sky130_fd_sc_hd__xor2_2)
     1    0.00                           _0134_ (net)
                  0.08    0.00    3.13 v _1060_/D (sky130_fd_sc_hd__dfrtp_2)
                                  3.13   data arrival time

                  0.15   10.00   10.00   clock w_clk (rise edge)
                          0.00   10.00   clock network delay (ideal)
                         -0.25    9.75   clock uncertainty
                          0.00    9.75   clock reconvergence pessimism
                                  9.75 ^ _1060_/CLK (sky130_fd_sc_hd__dfrtp_2)
                         -0.11    9.64   library setup time
                                  9.64   data required time
-----------------------------------------------------------------------------
                                  9.64   data required time
                                 -3.13   data arrival time
-----------------------------------------------------------------------------
                                  6.51   slack (MET)


Startpoint: _1060_ (rising edge-triggered flip-flop clocked by w_clk)
Endpoint: _0994_ (rising edge-triggered flip-flop clocked by w_clk)
Path Group: w_clk
Path Type: max

Fanout     Cap    Slew   Delay    Time   Description
-----------------------------------------------------------------------------
                  0.15    0.00    0.00   clock w_clk (rise edge)
                          0.00    0.00   clock network delay (ideal)
                  0.15    0.00    0.00 ^ _1060_/CLK (sky130_fd_sc_hd__dfrtp_2)
                  0.04    0.43    0.43 v _1060_/Q (sky130_fd_sc_hd__dfrtp_2)
     1    0.00                           w_ptr_b[0] (net)
                  0.04    0.00    0.43 v _0453_/A (sky130_fd_sc_hd__buf_1)
                  0.22    0.25    0.68 v _0453_/X (sky130_fd_sc_hd__buf_1)
    13    0.04                           _0155_ (net)
                  0.22    0.00    0.68 v _0456_/A (sky130_fd_sc_hd__and3_2)
                  0.04    0.26    0.94 v _0456_/X (sky130_fd_sc_hd__and3_2)
     1    0.00                           _0158_ (net)
                  0.04    0.00    0.94 v _0457_/A (sky130_fd_sc_hd__buf_1)
                  0.12    0.17    1.11 v _0457_/X (sky130_fd_sc_hd__buf_1)
     5    0.02                           _0159_ (net)
                  0.12    0.00    1.11 v _0465_/A (sky130_fd_sc_hd__or3_2)
                  0.11    0.56    1.67 v _0465_/X (sky130_fd_sc_hd__or3_2)
     3    0.01                           _0167_ (net)
                  0.11    0.00    1.67 v _0466_/A2 (sky130_fd_sc_hd__a21bo_2)
                  0.03    0.24    1.91 v _0466_/X (sky130_fd_sc_hd__a21bo_2)
     1    0.00                           _0168_ (net)
                  0.03    0.00    1.91 v _0473_/A1 (sky130_fd_sc_hd__a2111o_2)
                  0.08    0.45    2.36 v _0473_/X (sky130_fd_sc_hd__a2111o_2)
     4    0.01                           _0175_ (net)
                  0.08    0.00    2.36 v _0752_/A2 (sky130_fd_sc_hd__o2111a_2)
                  0.09    0.33    2.70 v _0752_/X (sky130_fd_sc_hd__o2111a_2)
     8    0.02                           _0364_ (net)
                  0.09    0.00    2.70 v _0753_/S (sky130_fd_sc_hd__mux2_2)
                  0.05    0.29    2.99 v _0753_/X (sky130_fd_sc_hd__mux2_2)
     1    0.00                           _0365_ (net)
                  0.05    0.00    2.99 v _0754_/A (sky130_fd_sc_hd__buf_1)
                  0.02    0.09    3.07 v _0754_/X (sky130_fd_sc_hd__buf_1)
     1    0.00                           _0088_ (net)
                  0.02    0.00    3.07 v _0994_/D (sky130_fd_sc_hd__dfxtp_2)
                                  3.07   data arrival time

                  0.15   10.00   10.00   clock w_clk (rise edge)
                          0.00   10.00   clock network delay (ideal)
                         -0.25    9.75   clock uncertainty
                          0.00    9.75   clock reconvergence pessimism
                                  9.75 ^ _0994_/CLK (sky130_fd_sc_hd__dfxtp_2)
                         -0.08    9.67   library setup time
                                  9.67   data required time
-----------------------------------------------------------------------------
                                  9.67   data required time
                                 -3.07   data arrival time
-----------------------------------------------------------------------------
                                  6.60   slack (MET)


Startpoint: _1060_ (rising edge-triggered flip-flop clocked by w_clk)
Endpoint: _0995_ (rising edge-triggered flip-flop clocked by w_clk)
Path Group: w_clk
Path Type: max

Fanout     Cap    Slew   Delay    Time   Description
-----------------------------------------------------------------------------
                  0.15    0.00    0.00   clock w_clk (rise edge)
                          0.00    0.00   clock network delay (ideal)
                  0.15    0.00    0.00 ^ _1060_/CLK (sky130_fd_sc_hd__dfrtp_2)
                  0.04    0.43    0.43 v _1060_/Q (sky130_fd_sc_hd__dfrtp_2)
     1    0.00                           w_ptr_b[0] (net)
                  0.04    0.00    0.43 v _0453_/A (sky130_fd_sc_hd__buf_1)
                  0.22    0.25    0.68 v _0453_/X (sky130_fd_sc_hd__buf_1)
    13    0.04                           _0155_ (net)
                  0.22    0.00    0.68 v _0456_/A (sky130_fd_sc_hd__and3_2)
                  0.04    0.26    0.94 v _0456_/X (sky130_fd_sc_hd__and3_2)
     1    0.00                           _0158_ (net)
                  0.04    0.00    0.94 v _0457_/A (sky130_fd_sc_hd__buf_1)
                  0.12    0.17    1.11 v _0457_/X (sky130_fd_sc_hd__buf_1)
     5    0.02                           _0159_ (net)
                  0.12    0.00    1.11 v _0465_/A (sky130_fd_sc_hd__or3_2)
                  0.11    0.56    1.67 v _0465_/X (sky130_fd_sc_hd__or3_2)
     3    0.01                           _0167_ (net)
                  0.11    0.00    1.67 v _0466_/A2 (sky130_fd_sc_hd__a21bo_2)
                  0.03    0.24    1.91 v _0466_/X (sky130_fd_sc_hd__a21bo_2)
     1    0.00                           _0168_ (net)
                  0.03    0.00    1.91 v _0473_/A1 (sky130_fd_sc_hd__a2111o_2)
                  0.08    0.45    2.36 v _0473_/X (sky130_fd_sc_hd__a2111o_2)
     4    0.01                           _0175_ (net)
                  0.08    0.00    2.36 v _0752_/A2 (sky130_fd_sc_hd__o2111a_2)
                  0.09    0.33    2.70 v _0752_/X (sky130_fd_sc_hd__o2111a_2)
     8    0.02                           _0364_ (net)
                  0.09    0.00    2.70 v _0755_/S (sky130_fd_sc_hd__mux2_2)
                  0.05    0.29    2.99 v _0755_/X (sky130_fd_sc_hd__mux2_2)
     1    0.00                           _0366_ (net)
                  0.05    0.00    2.99 v _0756_/A (sky130_fd_sc_hd__buf_1)
                  0.02    0.09    3.07 v _0756_/X (sky130_fd_sc_hd__buf_1)
     1    0.00                           _0089_ (net)
                  0.02    0.00    3.07 v _0995_/D (sky130_fd_sc_hd__dfxtp_2)
                                  3.07   data arrival time

                  0.15   10.00   10.00   clock w_clk (rise edge)
                          0.00   10.00   clock network delay (ideal)
                         -0.25    9.75   clock uncertainty
                          0.00    9.75   clock reconvergence pessimism
                                  9.75 ^ _0995_/CLK (sky130_fd_sc_hd__dfxtp_2)
                         -0.08    9.67   library setup time
                                  9.67   data required time
-----------------------------------------------------------------------------
                                  9.67   data required time
                                 -3.07   data arrival time
-----------------------------------------------------------------------------
                                  6.60   slack (MET)


Startpoint: _1060_ (rising edge-triggered flip-flop clocked by w_clk)
Endpoint: _0996_ (rising edge-triggered flip-flop clocked by w_clk)
Path Group: w_clk
Path Type: max

Fanout     Cap    Slew   Delay    Time   Description
-----------------------------------------------------------------------------
                  0.15    0.00    0.00   clock w_clk (rise edge)
                          0.00    0.00   clock network delay (ideal)
                  0.15    0.00    0.00 ^ _1060_/CLK (sky130_fd_sc_hd__dfrtp_2)
                  0.04    0.43    0.43 v _1060_/Q (sky130_fd_sc_hd__dfrtp_2)
     1    0.00                           w_ptr_b[0] (net)
                  0.04    0.00    0.43 v _0453_/A (sky130_fd_sc_hd__buf_1)
                  0.22    0.25    0.68 v _0453_/X (sky130_fd_sc_hd__buf_1)
    13    0.04                           _0155_ (net)
                  0.22    0.00    0.68 v _0456_/A (sky130_fd_sc_hd__and3_2)
                  0.04    0.26    0.94 v _0456_/X (sky130_fd_sc_hd__and3_2)
     1    0.00                           _0158_ (net)
                  0.04    0.00    0.94 v _0457_/A (sky130_fd_sc_hd__buf_1)
                  0.12    0.17    1.11 v _0457_/X (sky130_fd_sc_hd__buf_1)
     5    0.02                           _0159_ (net)
                  0.12    0.00    1.11 v _0465_/A (sky130_fd_sc_hd__or3_2)
                  0.11    0.56    1.67 v _0465_/X (sky130_fd_sc_hd__or3_2)
     3    0.01                           _0167_ (net)
                  0.11    0.00    1.67 v _0466_/A2 (sky130_fd_sc_hd__a21bo_2)
                  0.03    0.24    1.91 v _0466_/X (sky130_fd_sc_hd__a21bo_2)
     1    0.00                           _0168_ (net)
                  0.03    0.00    1.91 v _0473_/A1 (sky130_fd_sc_hd__a2111o_2)
                  0.08    0.45    2.36 v _0473_/X (sky130_fd_sc_hd__a2111o_2)
     4    0.01                           _0175_ (net)
                  0.08    0.00    2.36 v _0752_/A2 (sky130_fd_sc_hd__o2111a_2)
                  0.09    0.33    2.70 v _0752_/X (sky130_fd_sc_hd__o2111a_2)
     8    0.02                           _0364_ (net)
                  0.09    0.00    2.70 v _0757_/S (sky130_fd_sc_hd__mux2_2)
                  0.05    0.29    2.99 v _0757_/X (sky130_fd_sc_hd__mux2_2)
     1    0.00                           _0367_ (net)
                  0.05    0.00    2.99 v _0758_/A (sky130_fd_sc_hd__buf_1)
                  0.02    0.09    3.07 v _0758_/X (sky130_fd_sc_hd__buf_1)
     1    0.00                           _0090_ (net)
                  0.02    0.00    3.07 v _0996_/D (sky130_fd_sc_hd__dfxtp_2)
                                  3.07   data arrival time

                  0.15   10.00   10.00   clock w_clk (rise edge)
                          0.00   10.00   clock network delay (ideal)
                         -0.25    9.75   clock uncertainty
                          0.00    9.75   clock reconvergence pessimism
                                  9.75 ^ _0996_/CLK (sky130_fd_sc_hd__dfxtp_2)
                         -0.08    9.67   library setup time
                                  9.67   data required time
-----------------------------------------------------------------------------
                                  9.67   data required time
                                 -3.07   data arrival time
-----------------------------------------------------------------------------
                                  6.60   slack (MET)


Startpoint: _1060_ (rising edge-triggered flip-flop clocked by w_clk)
Endpoint: _0997_ (rising edge-triggered flip-flop clocked by w_clk)
Path Group: w_clk
Path Type: max

Fanout     Cap    Slew   Delay    Time   Description
-----------------------------------------------------------------------------
                  0.15    0.00    0.00   clock w_clk (rise edge)
                          0.00    0.00   clock network delay (ideal)
                  0.15    0.00    0.00 ^ _1060_/CLK (sky130_fd_sc_hd__dfrtp_2)
                  0.04    0.43    0.43 v _1060_/Q (sky130_fd_sc_hd__dfrtp_2)
     1    0.00                           w_ptr_b[0] (net)
                  0.04    0.00    0.43 v _0453_/A (sky130_fd_sc_hd__buf_1)
                  0.22    0.25    0.68 v _0453_/X (sky130_fd_sc_hd__buf_1)
    13    0.04                           _0155_ (net)
                  0.22    0.00    0.68 v _0456_/A (sky130_fd_sc_hd__and3_2)
                  0.04    0.26    0.94 v _0456_/X (sky130_fd_sc_hd__and3_2)
     1    0.00                           _0158_ (net)
                  0.04    0.00    0.94 v _0457_/A (sky130_fd_sc_hd__buf_1)
                  0.12    0.17    1.11 v _0457_/X (sky130_fd_sc_hd__buf_1)
     5    0.02                           _0159_ (net)
                  0.12    0.00    1.11 v _0465_/A (sky130_fd_sc_hd__or3_2)
                  0.11    0.56    1.67 v _0465_/X (sky130_fd_sc_hd__or3_2)
     3    0.01                           _0167_ (net)
                  0.11    0.00    1.67 v _0466_/A2 (sky130_fd_sc_hd__a21bo_2)
                  0.03    0.24    1.91 v _0466_/X (sky130_fd_sc_hd__a21bo_2)
     1    0.00                           _0168_ (net)
                  0.03    0.00    1.91 v _0473_/A1 (sky130_fd_sc_hd__a2111o_2)
                  0.08    0.45    2.36 v _0473_/X (sky130_fd_sc_hd__a2111o_2)
     4    0.01                           _0175_ (net)
                  0.08    0.00    2.36 v _0752_/A2 (sky130_fd_sc_hd__o2111a_2)
                  0.09    0.33    2.70 v _0752_/X (sky130_fd_sc_hd__o2111a_2)
     8    0.02                           _0364_ (net)
                  0.09    0.00    2.70 v _0759_/S (sky130_fd_sc_hd__mux2_2)
                  0.05    0.29    2.99 v _0759_/X (sky130_fd_sc_hd__mux2_2)
     1    0.00                           _0368_ (net)
                  0.05    0.00    2.99 v _0760_/A (sky130_fd_sc_hd__buf_1)
                  0.02    0.09    3.07 v _0760_/X (sky130_fd_sc_hd__buf_1)
     1    0.00                           _0091_ (net)
                  0.02    0.00    3.07 v _0997_/D (sky130_fd_sc_hd__dfxtp_2)
                                  3.07   data arrival time

                  0.15   10.00   10.00   clock w_clk (rise edge)
                          0.00   10.00   clock network delay (ideal)
                         -0.25    9.75   clock uncertainty
                          0.00    9.75   clock reconvergence pessimism
                                  9.75 ^ _0997_/CLK (sky130_fd_sc_hd__dfxtp_2)
                         -0.08    9.67   library setup time
                                  9.67   data required time
-----------------------------------------------------------------------------
                                  9.67   data required time
                                 -3.07   data arrival time
-----------------------------------------------------------------------------
                                  6.60   slack (MET)


Startpoint: _1060_ (rising edge-triggered flip-flop clocked by w_clk)
Endpoint: _0998_ (rising edge-triggered flip-flop clocked by w_clk)
Path Group: w_clk
Path Type: max

Fanout     Cap    Slew   Delay    Time   Description
-----------------------------------------------------------------------------
                  0.15    0.00    0.00   clock w_clk (rise edge)
                          0.00    0.00   clock network delay (ideal)
                  0.15    0.00    0.00 ^ _1060_/CLK (sky130_fd_sc_hd__dfrtp_2)
                  0.04    0.43    0.43 v _1060_/Q (sky130_fd_sc_hd__dfrtp_2)
     1    0.00                           w_ptr_b[0] (net)
                  0.04    0.00    0.43 v _0453_/A (sky130_fd_sc_hd__buf_1)
                  0.22    0.25    0.68 v _0453_/X (sky130_fd_sc_hd__buf_1)
    13    0.04                           _0155_ (net)
                  0.22    0.00    0.68 v _0456_/A (sky130_fd_sc_hd__and3_2)
                  0.04    0.26    0.94 v _0456_/X (sky130_fd_sc_hd__and3_2)
     1    0.00                           _0158_ (net)
                  0.04    0.00    0.94 v _0457_/A (sky130_fd_sc_hd__buf_1)
                  0.12    0.17    1.11 v _0457_/X (sky130_fd_sc_hd__buf_1)
     5    0.02                           _0159_ (net)
                  0.12    0.00    1.11 v _0465_/A (sky130_fd_sc_hd__or3_2)
                  0.11    0.56    1.67 v _0465_/X (sky130_fd_sc_hd__or3_2)
     3    0.01                           _0167_ (net)
                  0.11    0.00    1.67 v _0466_/A2 (sky130_fd_sc_hd__a21bo_2)
                  0.03    0.24    1.91 v _0466_/X (sky130_fd_sc_hd__a21bo_2)
     1    0.00                           _0168_ (net)
                  0.03    0.00    1.91 v _0473_/A1 (sky130_fd_sc_hd__a2111o_2)
                  0.08    0.45    2.36 v _0473_/X (sky130_fd_sc_hd__a2111o_2)
     4    0.01                           _0175_ (net)
                  0.08    0.00    2.36 v _0752_/A2 (sky130_fd_sc_hd__o2111a_2)
                  0.09    0.33    2.70 v _0752_/X (sky130_fd_sc_hd__o2111a_2)
     8    0.02                           _0364_ (net)
                  0.09    0.00    2.70 v _0761_/S (sky130_fd_sc_hd__mux2_2)
                  0.05    0.29    2.99 v _0761_/X (sky130_fd_sc_hd__mux2_2)
     1    0.00                           _0369_ (net)
                  0.05    0.00    2.99 v _0762_/A (sky130_fd_sc_hd__buf_1)
                  0.02    0.09    3.07 v _0762_/X (sky130_fd_sc_hd__buf_1)
     1    0.00                           _0092_ (net)
                  0.02    0.00    3.07 v _0998_/D (sky130_fd_sc_hd__dfxtp_2)
                                  3.07   data arrival time

                  0.15   10.00   10.00   clock w_clk (rise edge)
                          0.00   10.00   clock network delay (ideal)
                         -0.25    9.75   clock uncertainty
                          0.00    9.75   clock reconvergence pessimism
                                  9.75 ^ _0998_/CLK (sky130_fd_sc_hd__dfxtp_2)
                         -0.08    9.67   library setup time
                                  9.67   data required time
-----------------------------------------------------------------------------
                                  9.67   data required time
                                 -3.07   data arrival time
-----------------------------------------------------------------------------
                                  6.60   slack (MET)


Startpoint: _1060_ (rising edge-triggered flip-flop clocked by w_clk)
Endpoint: _0999_ (rising edge-triggered flip-flop clocked by w_clk)
Path Group: w_clk
Path Type: max

Fanout     Cap    Slew   Delay    Time   Description
-----------------------------------------------------------------------------
                  0.15    0.00    0.00   clock w_clk (rise edge)
                          0.00    0.00   clock network delay (ideal)
                  0.15    0.00    0.00 ^ _1060_/CLK (sky130_fd_sc_hd__dfrtp_2)
                  0.04    0.43    0.43 v _1060_/Q (sky130_fd_sc_hd__dfrtp_2)
     1    0.00                           w_ptr_b[0] (net)
                  0.04    0.00    0.43 v _0453_/A (sky130_fd_sc_hd__buf_1)
                  0.22    0.25    0.68 v _0453_/X (sky130_fd_sc_hd__buf_1)
    13    0.04                           _0155_ (net)
                  0.22    0.00    0.68 v _0456_/A (sky130_fd_sc_hd__and3_2)
                  0.04    0.26    0.94 v _0456_/X (sky130_fd_sc_hd__and3_2)
     1    0.00                           _0158_ (net)
                  0.04    0.00    0.94 v _0457_/A (sky130_fd_sc_hd__buf_1)
                  0.12    0.17    1.11 v _0457_/X (sky130_fd_sc_hd__buf_1)
     5    0.02                           _0159_ (net)
                  0.12    0.00    1.11 v _0465_/A (sky130_fd_sc_hd__or3_2)
                  0.11    0.56    1.67 v _0465_/X (sky130_fd_sc_hd__or3_2)
     3    0.01                           _0167_ (net)
                  0.11    0.00    1.67 v _0466_/A2 (sky130_fd_sc_hd__a21bo_2)
                  0.03    0.24    1.91 v _0466_/X (sky130_fd_sc_hd__a21bo_2)
     1    0.00                           _0168_ (net)
                  0.03    0.00    1.91 v _0473_/A1 (sky130_fd_sc_hd__a2111o_2)
                  0.08    0.45    2.36 v _0473_/X (sky130_fd_sc_hd__a2111o_2)
     4    0.01                           _0175_ (net)
                  0.08    0.00    2.36 v _0752_/A2 (sky130_fd_sc_hd__o2111a_2)
                  0.09    0.33    2.70 v _0752_/X (sky130_fd_sc_hd__o2111a_2)
     8    0.02                           _0364_ (net)
                  0.09    0.00    2.70 v _0763_/S (sky130_fd_sc_hd__mux2_2)
                  0.05    0.29    2.99 v _0763_/X (sky130_fd_sc_hd__mux2_2)
     1    0.00                           _0370_ (net)
                  0.05    0.00    2.99 v _0764_/A (sky130_fd_sc_hd__buf_1)
                  0.02    0.09    3.07 v _0764_/X (sky130_fd_sc_hd__buf_1)
     1    0.00                           _0093_ (net)
                  0.02    0.00    3.07 v _0999_/D (sky130_fd_sc_hd__dfxtp_2)
                                  3.07   data arrival time

                  0.15   10.00   10.00   clock w_clk (rise edge)
                          0.00   10.00   clock network delay (ideal)
                         -0.25    9.75   clock uncertainty
                          0.00    9.75   clock reconvergence pessimism
                                  9.75 ^ _0999_/CLK (sky130_fd_sc_hd__dfxtp_2)
                         -0.08    9.67   library setup time
                                  9.67   data required time
-----------------------------------------------------------------------------
                                  9.67   data required time
                                 -3.07   data arrival time
-----------------------------------------------------------------------------
                                  6.60   slack (MET)


Startpoint: _1060_ (rising edge-triggered flip-flop clocked by w_clk)
Endpoint: _1000_ (rising edge-triggered flip-flop clocked by w_clk)
Path Group: w_clk
Path Type: max

Fanout     Cap    Slew   Delay    Time   Description
-----------------------------------------------------------------------------
                  0.15    0.00    0.00   clock w_clk (rise edge)
                          0.00    0.00   clock network delay (ideal)
                  0.15    0.00    0.00 ^ _1060_/CLK (sky130_fd_sc_hd__dfrtp_2)
                  0.04    0.43    0.43 v _1060_/Q (sky130_fd_sc_hd__dfrtp_2)
     1    0.00                           w_ptr_b[0] (net)
                  0.04    0.00    0.43 v _0453_/A (sky130_fd_sc_hd__buf_1)
                  0.22    0.25    0.68 v _0453_/X (sky130_fd_sc_hd__buf_1)
    13    0.04                           _0155_ (net)
                  0.22    0.00    0.68 v _0456_/A (sky130_fd_sc_hd__and3_2)
                  0.04    0.26    0.94 v _0456_/X (sky130_fd_sc_hd__and3_2)
     1    0.00                           _0158_ (net)
                  0.04    0.00    0.94 v _0457_/A (sky130_fd_sc_hd__buf_1)
                  0.12    0.17    1.11 v _0457_/X (sky130_fd_sc_hd__buf_1)
     5    0.02                           _0159_ (net)
                  0.12    0.00    1.11 v _0465_/A (sky130_fd_sc_hd__or3_2)
                  0.11    0.56    1.67 v _0465_/X (sky130_fd_sc_hd__or3_2)
     3    0.01                           _0167_ (net)
                  0.11    0.00    1.67 v _0466_/A2 (sky130_fd_sc_hd__a21bo_2)
                  0.03    0.24    1.91 v _0466_/X (sky130_fd_sc_hd__a21bo_2)
     1    0.00                           _0168_ (net)
                  0.03    0.00    1.91 v _0473_/A1 (sky130_fd_sc_hd__a2111o_2)
                  0.08    0.45    2.36 v _0473_/X (sky130_fd_sc_hd__a2111o_2)
     4    0.01                           _0175_ (net)
                  0.08    0.00    2.36 v _0752_/A2 (sky130_fd_sc_hd__o2111a_2)
                  0.09    0.33    2.70 v _0752_/X (sky130_fd_sc_hd__o2111a_2)
     8    0.02                           _0364_ (net)
                  0.09    0.00    2.70 v _0765_/S (sky130_fd_sc_hd__mux2_2)
                  0.05    0.29    2.99 v _0765_/X (sky130_fd_sc_hd__mux2_2)
     1    0.00                           _0371_ (net)
                  0.05    0.00    2.99 v _0766_/A (sky130_fd_sc_hd__buf_1)
                  0.02    0.09    3.07 v _0766_/X (sky130_fd_sc_hd__buf_1)
     1    0.00                           _0094_ (net)
                  0.02    0.00    3.07 v _1000_/D (sky130_fd_sc_hd__dfxtp_2)
                                  3.07   data arrival time

                  0.15   10.00   10.00   clock w_clk (rise edge)
                          0.00   10.00   clock network delay (ideal)
                         -0.25    9.75   clock uncertainty
                          0.00    9.75   clock reconvergence pessimism
                                  9.75 ^ _1000_/CLK (sky130_fd_sc_hd__dfxtp_2)
                         -0.08    9.67   library setup time
                                  9.67   data required time
-----------------------------------------------------------------------------
                                  9.67   data required time
                                 -3.07   data arrival time
-----------------------------------------------------------------------------
                                  6.60   slack (MET)


Startpoint: _1060_ (rising edge-triggered flip-flop clocked by w_clk)
Endpoint: _1001_ (rising edge-triggered flip-flop clocked by w_clk)
Path Group: w_clk
Path Type: max

Fanout     Cap    Slew   Delay    Time   Description
-----------------------------------------------------------------------------
                  0.15    0.00    0.00   clock w_clk (rise edge)
                          0.00    0.00   clock network delay (ideal)
                  0.15    0.00    0.00 ^ _1060_/CLK (sky130_fd_sc_hd__dfrtp_2)
                  0.04    0.43    0.43 v _1060_/Q (sky130_fd_sc_hd__dfrtp_2)
     1    0.00                           w_ptr_b[0] (net)
                  0.04    0.00    0.43 v _0453_/A (sky130_fd_sc_hd__buf_1)
                  0.22    0.25    0.68 v _0453_/X (sky130_fd_sc_hd__buf_1)
    13    0.04                           _0155_ (net)
                  0.22    0.00    0.68 v _0456_/A (sky130_fd_sc_hd__and3_2)
                  0.04    0.26    0.94 v _0456_/X (sky130_fd_sc_hd__and3_2)
     1    0.00                           _0158_ (net)
                  0.04    0.00    0.94 v _0457_/A (sky130_fd_sc_hd__buf_1)
                  0.12    0.17    1.11 v _0457_/X (sky130_fd_sc_hd__buf_1)
     5    0.02                           _0159_ (net)
                  0.12    0.00    1.11 v _0465_/A (sky130_fd_sc_hd__or3_2)
                  0.11    0.56    1.67 v _0465_/X (sky130_fd_sc_hd__or3_2)
     3    0.01                           _0167_ (net)
                  0.11    0.00    1.67 v _0466_/A2 (sky130_fd_sc_hd__a21bo_2)
                  0.03    0.24    1.91 v _0466_/X (sky130_fd_sc_hd__a21bo_2)
     1    0.00                           _0168_ (net)
                  0.03    0.00    1.91 v _0473_/A1 (sky130_fd_sc_hd__a2111o_2)
                  0.08    0.45    2.36 v _0473_/X (sky130_fd_sc_hd__a2111o_2)
     4    0.01                           _0175_ (net)
                  0.08    0.00    2.36 v _0752_/A2 (sky130_fd_sc_hd__o2111a_2)
                  0.09    0.33    2.70 v _0752_/X (sky130_fd_sc_hd__o2111a_2)
     8    0.02                           _0364_ (net)
                  0.09    0.00    2.70 v _0767_/S (sky130_fd_sc_hd__mux2_2)
                  0.05    0.29    2.99 v _0767_/X (sky130_fd_sc_hd__mux2_2)
     1    0.00                           _0372_ (net)
                  0.05    0.00    2.99 v _0768_/A (sky130_fd_sc_hd__buf_1)
                  0.02    0.09    3.07 v _0768_/X (sky130_fd_sc_hd__buf_1)
     1    0.00                           _0095_ (net)
                  0.02    0.00    3.07 v _1001_/D (sky130_fd_sc_hd__dfxtp_2)
                                  3.07   data arrival time

                  0.15   10.00   10.00   clock w_clk (rise edge)
                          0.00   10.00   clock network delay (ideal)
                         -0.25    9.75   clock uncertainty
                          0.00    9.75   clock reconvergence pessimism
                                  9.75 ^ _1001_/CLK (sky130_fd_sc_hd__dfxtp_2)
                         -0.08    9.67   library setup time
                                  9.67   data required time
-----------------------------------------------------------------------------
                                  9.67   data required time
                                 -3.07   data arrival time
-----------------------------------------------------------------------------
                                  6.60   slack (MET)


Startpoint: _1060_ (rising edge-triggered flip-flop clocked by w_clk)
Endpoint: _1064_ (rising edge-triggered flip-flop clocked by w_clk)
Path Group: w_clk
Path Type: max

Fanout     Cap    Slew   Delay    Time   Description
-----------------------------------------------------------------------------
                  0.15    0.00    0.00   clock w_clk (rise edge)
                          0.00    0.00   clock network delay (ideal)
                  0.15    0.00    0.00 ^ _1060_/CLK (sky130_fd_sc_hd__dfrtp_2)
                  0.04    0.43    0.43 v _1060_/Q (sky130_fd_sc_hd__dfrtp_2)
     1    0.00                           w_ptr_b[0] (net)
                  0.04    0.00    0.43 v _0453_/A (sky130_fd_sc_hd__buf_1)
                  0.22    0.25    0.68 v _0453_/X (sky130_fd_sc_hd__buf_1)
    13    0.04                           _0155_ (net)
                  0.22    0.00    0.68 v _0456_/A (sky130_fd_sc_hd__and3_2)
                  0.04    0.26    0.94 v _0456_/X (sky130_fd_sc_hd__and3_2)
     1    0.00                           _0158_ (net)
                  0.04    0.00    0.94 v _0457_/A (sky130_fd_sc_hd__buf_1)
                  0.12    0.17    1.11 v _0457_/X (sky130_fd_sc_hd__buf_1)
     5    0.02                           _0159_ (net)
                  0.12    0.00    1.11 v _0465_/A (sky130_fd_sc_hd__or3_2)
                  0.11    0.56    1.67 v _0465_/X (sky130_fd_sc_hd__or3_2)
     3    0.01                           _0167_ (net)
                  0.11    0.00    1.67 v _0466_/A2 (sky130_fd_sc_hd__a21bo_2)
                  0.03    0.24    1.91 v _0466_/X (sky130_fd_sc_hd__a21bo_2)
     1    0.00                           _0168_ (net)
                  0.03    0.00    1.91 v _0473_/A1 (sky130_fd_sc_hd__a2111o_2)
                  0.08    0.45    2.36 v _0473_/X (sky130_fd_sc_hd__a2111o_2)
     4    0.01                           _0175_ (net)
                  0.08    0.00    2.36 v _0871_/A2 (sky130_fd_sc_hd__o211a_2)
                  0.09    0.33    2.69 v _0871_/X (sky130_fd_sc_hd__o211a_2)
     8    0.02                           _0433_ (net)
                  0.09    0.00    2.69 v _0872_/S (sky130_fd_sc_hd__mux2_2)
                  0.05    0.29    2.98 v _0872_/X (sky130_fd_sc_hd__mux2_2)
     1    0.00                           _0434_ (net)
                  0.05    0.00    2.98 v _0873_/A (sky130_fd_sc_hd__buf_1)
                  0.02    0.09    3.07 v _0873_/X (sky130_fd_sc_hd__buf_1)
     1    0.00                           _0138_ (net)
                  0.02    0.00    3.07 v _1064_/D (sky130_fd_sc_hd__dfxtp_2)
                                  3.07   data arrival time

                  0.15   10.00   10.00   clock w_clk (rise edge)
                          0.00   10.00   clock network delay (ideal)
                         -0.25    9.75   clock uncertainty
                          0.00    9.75   clock reconvergence pessimism
                                  9.75 ^ _1064_/CLK (sky130_fd_sc_hd__dfxtp_2)
                         -0.08    9.67   library setup time
                                  9.67   data required time
-----------------------------------------------------------------------------
                                  9.67   data required time
                                 -3.07   data arrival time
-----------------------------------------------------------------------------
                                  6.61   slack (MET)


Startpoint: _1060_ (rising edge-triggered flip-flop clocked by w_clk)
Endpoint: _1065_ (rising edge-triggered flip-flop clocked by w_clk)
Path Group: w_clk
Path Type: max

Fanout     Cap    Slew   Delay    Time   Description
-----------------------------------------------------------------------------
                  0.15    0.00    0.00   clock w_clk (rise edge)
                          0.00    0.00   clock network delay (ideal)
                  0.15    0.00    0.00 ^ _1060_/CLK (sky130_fd_sc_hd__dfrtp_2)
                  0.04    0.43    0.43 v _1060_/Q (sky130_fd_sc_hd__dfrtp_2)
     1    0.00                           w_ptr_b[0] (net)
                  0.04    0.00    0.43 v _0453_/A (sky130_fd_sc_hd__buf_1)
                  0.22    0.25    0.68 v _0453_/X (sky130_fd_sc_hd__buf_1)
    13    0.04                           _0155_ (net)
                  0.22    0.00    0.68 v _0456_/A (sky130_fd_sc_hd__and3_2)
                  0.04    0.26    0.94 v _0456_/X (sky130_fd_sc_hd__and3_2)
     1    0.00                           _0158_ (net)
                  0.04    0.00    0.94 v _0457_/A (sky130_fd_sc_hd__buf_1)
                  0.12    0.17    1.11 v _0457_/X (sky130_fd_sc_hd__buf_1)
     5    0.02                           _0159_ (net)
                  0.12    0.00    1.11 v _0465_/A (sky130_fd_sc_hd__or3_2)
                  0.11    0.56    1.67 v _0465_/X (sky130_fd_sc_hd__or3_2)
     3    0.01                           _0167_ (net)
                  0.11    0.00    1.67 v _0466_/A2 (sky130_fd_sc_hd__a21bo_2)
                  0.03    0.24    1.91 v _0466_/X (sky130_fd_sc_hd__a21bo_2)
     1    0.00                           _0168_ (net)
                  0.03    0.00    1.91 v _0473_/A1 (sky130_fd_sc_hd__a2111o_2)
                  0.08    0.45    2.36 v _0473_/X (sky130_fd_sc_hd__a2111o_2)
     4    0.01                           _0175_ (net)
                  0.08    0.00    2.36 v _0871_/A2 (sky130_fd_sc_hd__o211a_2)
                  0.09    0.33    2.69 v _0871_/X (sky130_fd_sc_hd__o211a_2)
     8    0.02                           _0433_ (net)
                  0.09    0.00    2.69 v _0874_/S (sky130_fd_sc_hd__mux2_2)
                  0.05    0.29    2.98 v _0874_/X (sky130_fd_sc_hd__mux2_2)
     1    0.00                           _0435_ (net)
                  0.05    0.00    2.98 v _0875_/A (sky130_fd_sc_hd__buf_1)
                  0.02    0.09    3.07 v _0875_/X (sky130_fd_sc_hd__buf_1)
     1    0.00                           _0139_ (net)
                  0.02    0.00    3.07 v _1065_/D (sky130_fd_sc_hd__dfxtp_2)
                                  3.07   data arrival time

                  0.15   10.00   10.00   clock w_clk (rise edge)
                          0.00   10.00   clock network delay (ideal)
                         -0.25    9.75   clock uncertainty
                          0.00    9.75   clock reconvergence pessimism
                                  9.75 ^ _1065_/CLK (sky130_fd_sc_hd__dfxtp_2)
                         -0.08    9.67   library setup time
                                  9.67   data required time
-----------------------------------------------------------------------------
                                  9.67   data required time
                                 -3.07   data arrival time
-----------------------------------------------------------------------------
                                  6.61   slack (MET)


Startpoint: _1060_ (rising edge-triggered flip-flop clocked by w_clk)
Endpoint: _1066_ (rising edge-triggered flip-flop clocked by w_clk)
Path Group: w_clk
Path Type: max

Fanout     Cap    Slew   Delay    Time   Description
-----------------------------------------------------------------------------
                  0.15    0.00    0.00   clock w_clk (rise edge)
                          0.00    0.00   clock network delay (ideal)
                  0.15    0.00    0.00 ^ _1060_/CLK (sky130_fd_sc_hd__dfrtp_2)
                  0.04    0.43    0.43 v _1060_/Q (sky130_fd_sc_hd__dfrtp_2)
     1    0.00                           w_ptr_b[0] (net)
                  0.04    0.00    0.43 v _0453_/A (sky130_fd_sc_hd__buf_1)
                  0.22    0.25    0.68 v _0453_/X (sky130_fd_sc_hd__buf_1)
    13    0.04                           _0155_ (net)
                  0.22    0.00    0.68 v _0456_/A (sky130_fd_sc_hd__and3_2)
                  0.04    0.26    0.94 v _0456_/X (sky130_fd_sc_hd__and3_2)
     1    0.00                           _0158_ (net)
                  0.04    0.00    0.94 v _0457_/A (sky130_fd_sc_hd__buf_1)
                  0.12    0.17    1.11 v _0457_/X (sky130_fd_sc_hd__buf_1)
     5    0.02                           _0159_ (net)
                  0.12    0.00    1.11 v _0465_/A (sky130_fd_sc_hd__or3_2)
                  0.11    0.56    1.67 v _0465_/X (sky130_fd_sc_hd__or3_2)
     3    0.01                           _0167_ (net)
                  0.11    0.00    1.67 v _0466_/A2 (sky130_fd_sc_hd__a21bo_2)
                  0.03    0.24    1.91 v _0466_/X (sky130_fd_sc_hd__a21bo_2)
     1    0.00                           _0168_ (net)
                  0.03    0.00    1.91 v _0473_/A1 (sky130_fd_sc_hd__a2111o_2)
                  0.08    0.45    2.36 v _0473_/X (sky130_fd_sc_hd__a2111o_2)
     4    0.01                           _0175_ (net)
                  0.08    0.00    2.36 v _0871_/A2 (sky130_fd_sc_hd__o211a_2)
                  0.09    0.33    2.69 v _0871_/X (sky130_fd_sc_hd__o211a_2)
     8    0.02                           _0433_ (net)
                  0.09    0.00    2.69 v _0876_/S (sky130_fd_sc_hd__mux2_2)
                  0.05    0.29    2.98 v _0876_/X (sky130_fd_sc_hd__mux2_2)
     1    0.00                           _0436_ (net)
                  0.05    0.00    2.98 v _0877_/A (sky130_fd_sc_hd__buf_1)
                  0.02    0.09    3.07 v _0877_/X (sky130_fd_sc_hd__buf_1)
     1    0.00                           _0140_ (net)
                  0.02    0.00    3.07 v _1066_/D (sky130_fd_sc_hd__dfxtp_2)
                                  3.07   data arrival time

                  0.15   10.00   10.00   clock w_clk (rise edge)
                          0.00   10.00   clock network delay (ideal)
                         -0.25    9.75   clock uncertainty
                          0.00    9.75   clock reconvergence pessimism
                                  9.75 ^ _1066_/CLK (sky130_fd_sc_hd__dfxtp_2)
                         -0.08    9.67   library setup time
                                  9.67   data required time
-----------------------------------------------------------------------------
                                  9.67   data required time
                                 -3.07   data arrival time
-----------------------------------------------------------------------------
                                  6.61   slack (MET)


Startpoint: _1060_ (rising edge-triggered flip-flop clocked by w_clk)
Endpoint: _1067_ (rising edge-triggered flip-flop clocked by w_clk)
Path Group: w_clk
Path Type: max

Fanout     Cap    Slew   Delay    Time   Description
-----------------------------------------------------------------------------
                  0.15    0.00    0.00   clock w_clk (rise edge)
                          0.00    0.00   clock network delay (ideal)
                  0.15    0.00    0.00 ^ _1060_/CLK (sky130_fd_sc_hd__dfrtp_2)
                  0.04    0.43    0.43 v _1060_/Q (sky130_fd_sc_hd__dfrtp_2)
     1    0.00                           w_ptr_b[0] (net)
                  0.04    0.00    0.43 v _0453_/A (sky130_fd_sc_hd__buf_1)
                  0.22    0.25    0.68 v _0453_/X (sky130_fd_sc_hd__buf_1)
    13    0.04                           _0155_ (net)
                  0.22    0.00    0.68 v _0456_/A (sky130_fd_sc_hd__and3_2)
                  0.04    0.26    0.94 v _0456_/X (sky130_fd_sc_hd__and3_2)
     1    0.00                           _0158_ (net)
                  0.04    0.00    0.94 v _0457_/A (sky130_fd_sc_hd__buf_1)
                  0.12    0.17    1.11 v _0457_/X (sky130_fd_sc_hd__buf_1)
     5    0.02                           _0159_ (net)
                  0.12    0.00    1.11 v _0465_/A (sky130_fd_sc_hd__or3_2)
                  0.11    0.56    1.67 v _0465_/X (sky130_fd_sc_hd__or3_2)
     3    0.01                           _0167_ (net)
                  0.11    0.00    1.67 v _0466_/A2 (sky130_fd_sc_hd__a21bo_2)
                  0.03    0.24    1.91 v _0466_/X (sky130_fd_sc_hd__a21bo_2)
     1    0.00                           _0168_ (net)
                  0.03    0.00    1.91 v _0473_/A1 (sky130_fd_sc_hd__a2111o_2)
                  0.08    0.45    2.36 v _0473_/X (sky130_fd_sc_hd__a2111o_2)
     4    0.01                           _0175_ (net)
                  0.08    0.00    2.36 v _0871_/A2 (sky130_fd_sc_hd__o211a_2)
                  0.09    0.33    2.69 v _0871_/X (sky130_fd_sc_hd__o211a_2)
     8    0.02                           _0433_ (net)
                  0.09    0.00    2.69 v _0878_/S (sky130_fd_sc_hd__mux2_2)
                  0.05    0.29    2.98 v _0878_/X (sky130_fd_sc_hd__mux2_2)
     1    0.00                           _0437_ (net)
                  0.05    0.00    2.98 v _0879_/A (sky130_fd_sc_hd__buf_1)
                  0.02    0.09    3.07 v _0879_/X (sky130_fd_sc_hd__buf_1)
     1    0.00                           _0141_ (net)
                  0.02    0.00    3.07 v _1067_/D (sky130_fd_sc_hd__dfxtp_2)
                                  3.07   data arrival time

                  0.15   10.00   10.00   clock w_clk (rise edge)
                          0.00   10.00   clock network delay (ideal)
                         -0.25    9.75   clock uncertainty
                          0.00    9.75   clock reconvergence pessimism
                                  9.75 ^ _1067_/CLK (sky130_fd_sc_hd__dfxtp_2)
                         -0.08    9.67   library setup time
                                  9.67   data required time
-----------------------------------------------------------------------------
                                  9.67   data required time
                                 -3.07   data arrival time
-----------------------------------------------------------------------------
                                  6.61   slack (MET)


Startpoint: _1060_ (rising edge-triggered flip-flop clocked by w_clk)
Endpoint: _1068_ (rising edge-triggered flip-flop clocked by w_clk)
Path Group: w_clk
Path Type: max

Fanout     Cap    Slew   Delay    Time   Description
-----------------------------------------------------------------------------
                  0.15    0.00    0.00   clock w_clk (rise edge)
                          0.00    0.00   clock network delay (ideal)
                  0.15    0.00    0.00 ^ _1060_/CLK (sky130_fd_sc_hd__dfrtp_2)
                  0.04    0.43    0.43 v _1060_/Q (sky130_fd_sc_hd__dfrtp_2)
     1    0.00                           w_ptr_b[0] (net)
                  0.04    0.00    0.43 v _0453_/A (sky130_fd_sc_hd__buf_1)
                  0.22    0.25    0.68 v _0453_/X (sky130_fd_sc_hd__buf_1)
    13    0.04                           _0155_ (net)
                  0.22    0.00    0.68 v _0456_/A (sky130_fd_sc_hd__and3_2)
                  0.04    0.26    0.94 v _0456_/X (sky130_fd_sc_hd__and3_2)
     1    0.00                           _0158_ (net)
                  0.04    0.00    0.94 v _0457_/A (sky130_fd_sc_hd__buf_1)
                  0.12    0.17    1.11 v _0457_/X (sky130_fd_sc_hd__buf_1)
     5    0.02                           _0159_ (net)
                  0.12    0.00    1.11 v _0465_/A (sky130_fd_sc_hd__or3_2)
                  0.11    0.56    1.67 v _0465_/X (sky130_fd_sc_hd__or3_2)
     3    0.01                           _0167_ (net)
                  0.11    0.00    1.67 v _0466_/A2 (sky130_fd_sc_hd__a21bo_2)
                  0.03    0.24    1.91 v _0466_/X (sky130_fd_sc_hd__a21bo_2)
     1    0.00                           _0168_ (net)
                  0.03    0.00    1.91 v _0473_/A1 (sky130_fd_sc_hd__a2111o_2)
                  0.08    0.45    2.36 v _0473_/X (sky130_fd_sc_hd__a2111o_2)
     4    0.01                           _0175_ (net)
                  0.08    0.00    2.36 v _0871_/A2 (sky130_fd_sc_hd__o211a_2)
                  0.09    0.33    2.69 v _0871_/X (sky130_fd_sc_hd__o211a_2)
     8    0.02                           _0433_ (net)
                  0.09    0.00    2.69 v _0880_/S (sky130_fd_sc_hd__mux2_2)
                  0.05    0.29    2.98 v _0880_/X (sky130_fd_sc_hd__mux2_2)
     1    0.00                           _0438_ (net)
                  0.05    0.00    2.98 v _0881_/A (sky130_fd_sc_hd__buf_1)
                  0.02    0.09    3.07 v _0881_/X (sky130_fd_sc_hd__buf_1)
     1    0.00                           _0142_ (net)
                  0.02    0.00    3.07 v _1068_/D (sky130_fd_sc_hd__dfxtp_2)
                                  3.07   data arrival time

                  0.15   10.00   10.00   clock w_clk (rise edge)
                          0.00   10.00   clock network delay (ideal)
                         -0.25    9.75   clock uncertainty
                          0.00    9.75   clock reconvergence pessimism
                                  9.75 ^ _1068_/CLK (sky130_fd_sc_hd__dfxtp_2)
                         -0.08    9.67   library setup time
                                  9.67   data required time
-----------------------------------------------------------------------------
                                  9.67   data required time
                                 -3.07   data arrival time
-----------------------------------------------------------------------------
                                  6.61   slack (MET)


Startpoint: _1060_ (rising edge-triggered flip-flop clocked by w_clk)
Endpoint: _1069_ (rising edge-triggered flip-flop clocked by w_clk)
Path Group: w_clk
Path Type: max

Fanout     Cap    Slew   Delay    Time   Description
-----------------------------------------------------------------------------
                  0.15    0.00    0.00   clock w_clk (rise edge)
                          0.00    0.00   clock network delay (ideal)
                  0.15    0.00    0.00 ^ _1060_/CLK (sky130_fd_sc_hd__dfrtp_2)
                  0.04    0.43    0.43 v _1060_/Q (sky130_fd_sc_hd__dfrtp_2)
     1    0.00                           w_ptr_b[0] (net)
                  0.04    0.00    0.43 v _0453_/A (sky130_fd_sc_hd__buf_1)
                  0.22    0.25    0.68 v _0453_/X (sky130_fd_sc_hd__buf_1)
    13    0.04                           _0155_ (net)
                  0.22    0.00    0.68 v _0456_/A (sky130_fd_sc_hd__and3_2)
                  0.04    0.26    0.94 v _0456_/X (sky130_fd_sc_hd__and3_2)
     1    0.00                           _0158_ (net)
                  0.04    0.00    0.94 v _0457_/A (sky130_fd_sc_hd__buf_1)
                  0.12    0.17    1.11 v _0457_/X (sky130_fd_sc_hd__buf_1)
     5    0.02                           _0159_ (net)
                  0.12    0.00    1.11 v _0465_/A (sky130_fd_sc_hd__or3_2)
                  0.11    0.56    1.67 v _0465_/X (sky130_fd_sc_hd__or3_2)
     3    0.01                           _0167_ (net)
                  0.11    0.00    1.67 v _0466_/A2 (sky130_fd_sc_hd__a21bo_2)
                  0.03    0.24    1.91 v _0466_/X (sky130_fd_sc_hd__a21bo_2)
     1    0.00                           _0168_ (net)
                  0.03    0.00    1.91 v _0473_/A1 (sky130_fd_sc_hd__a2111o_2)
                  0.08    0.45    2.36 v _0473_/X (sky130_fd_sc_hd__a2111o_2)
     4    0.01                           _0175_ (net)
                  0.08    0.00    2.36 v _0871_/A2 (sky130_fd_sc_hd__o211a_2)
                  0.09    0.33    2.69 v _0871_/X (sky130_fd_sc_hd__o211a_2)
     8    0.02                           _0433_ (net)
                  0.09    0.00    2.69 v _0882_/S (sky130_fd_sc_hd__mux2_2)
                  0.05    0.29    2.98 v _0882_/X (sky130_fd_sc_hd__mux2_2)
     1    0.00                           _0439_ (net)
                  0.05    0.00    2.98 v _0883_/A (sky130_fd_sc_hd__buf_1)
                  0.02    0.09    3.07 v _0883_/X (sky130_fd_sc_hd__buf_1)
     1    0.00                           _0143_ (net)
                  0.02    0.00    3.07 v _1069_/D (sky130_fd_sc_hd__dfxtp_2)
                                  3.07   data arrival time

                  0.15   10.00   10.00   clock w_clk (rise edge)
                          0.00   10.00   clock network delay (ideal)
                         -0.25    9.75   clock uncertainty
                          0.00    9.75   clock reconvergence pessimism
                                  9.75 ^ _1069_/CLK (sky130_fd_sc_hd__dfxtp_2)
                         -0.08    9.67   library setup time
                                  9.67   data required time
-----------------------------------------------------------------------------
                                  9.67   data required time
                                 -3.07   data arrival time
-----------------------------------------------------------------------------
                                  6.61   slack (MET)


Startpoint: _1060_ (rising edge-triggered flip-flop clocked by w_clk)
Endpoint: _1070_ (rising edge-triggered flip-flop clocked by w_clk)
Path Group: w_clk
Path Type: max

Fanout     Cap    Slew   Delay    Time   Description
-----------------------------------------------------------------------------
                  0.15    0.00    0.00   clock w_clk (rise edge)
                          0.00    0.00   clock network delay (ideal)
                  0.15    0.00    0.00 ^ _1060_/CLK (sky130_fd_sc_hd__dfrtp_2)
                  0.04    0.43    0.43 v _1060_/Q (sky130_fd_sc_hd__dfrtp_2)
     1    0.00                           w_ptr_b[0] (net)
                  0.04    0.00    0.43 v _0453_/A (sky130_fd_sc_hd__buf_1)
                  0.22    0.25    0.68 v _0453_/X (sky130_fd_sc_hd__buf_1)
    13    0.04                           _0155_ (net)
                  0.22    0.00    0.68 v _0456_/A (sky130_fd_sc_hd__and3_2)
                  0.04    0.26    0.94 v _0456_/X (sky130_fd_sc_hd__and3_2)
     1    0.00                           _0158_ (net)
                  0.04    0.00    0.94 v _0457_/A (sky130_fd_sc_hd__buf_1)
                  0.12    0.17    1.11 v _0457_/X (sky130_fd_sc_hd__buf_1)
     5    0.02                           _0159_ (net)
                  0.12    0.00    1.11 v _0465_/A (sky130_fd_sc_hd__or3_2)
                  0.11    0.56    1.67 v _0465_/X (sky130_fd_sc_hd__or3_2)
     3    0.01                           _0167_ (net)
                  0.11    0.00    1.67 v _0466_/A2 (sky130_fd_sc_hd__a21bo_2)
                  0.03    0.24    1.91 v _0466_/X (sky130_fd_sc_hd__a21bo_2)
     1    0.00                           _0168_ (net)
                  0.03    0.00    1.91 v _0473_/A1 (sky130_fd_sc_hd__a2111o_2)
                  0.08    0.45    2.36 v _0473_/X (sky130_fd_sc_hd__a2111o_2)
     4    0.01                           _0175_ (net)
                  0.08    0.00    2.36 v _0871_/A2 (sky130_fd_sc_hd__o211a_2)
                  0.09    0.33    2.69 v _0871_/X (sky130_fd_sc_hd__o211a_2)
     8    0.02                           _0433_ (net)
                  0.09    0.00    2.69 v _0884_/S (sky130_fd_sc_hd__mux2_2)
                  0.05    0.29    2.98 v _0884_/X (sky130_fd_sc_hd__mux2_2)
     1    0.00                           _0440_ (net)
                  0.05    0.00    2.98 v _0885_/A (sky130_fd_sc_hd__buf_1)
                  0.02    0.09    3.07 v _0885_/X (sky130_fd_sc_hd__buf_1)
     1    0.00                           _0144_ (net)
                  0.02    0.00    3.07 v _1070_/D (sky130_fd_sc_hd__dfxtp_2)
                                  3.07   data arrival time

                  0.15   10.00   10.00   clock w_clk (rise edge)
                          0.00   10.00   clock network delay (ideal)
                         -0.25    9.75   clock uncertainty
                          0.00    9.75   clock reconvergence pessimism
                                  9.75 ^ _1070_/CLK (sky130_fd_sc_hd__dfxtp_2)
                         -0.08    9.67   library setup time
                                  9.67   data required time
-----------------------------------------------------------------------------
                                  9.67   data required time
                                 -3.07   data arrival time
-----------------------------------------------------------------------------
                                  6.61   slack (MET)


Startpoint: _1060_ (rising edge-triggered flip-flop clocked by w_clk)
Endpoint: _1071_ (rising edge-triggered flip-flop clocked by w_clk)
Path Group: w_clk
Path Type: max

Fanout     Cap    Slew   Delay    Time   Description
-----------------------------------------------------------------------------
                  0.15    0.00    0.00   clock w_clk (rise edge)
                          0.00    0.00   clock network delay (ideal)
                  0.15    0.00    0.00 ^ _1060_/CLK (sky130_fd_sc_hd__dfrtp_2)
                  0.04    0.43    0.43 v _1060_/Q (sky130_fd_sc_hd__dfrtp_2)
     1    0.00                           w_ptr_b[0] (net)
                  0.04    0.00    0.43 v _0453_/A (sky130_fd_sc_hd__buf_1)
                  0.22    0.25    0.68 v _0453_/X (sky130_fd_sc_hd__buf_1)
    13    0.04                           _0155_ (net)
                  0.22    0.00    0.68 v _0456_/A (sky130_fd_sc_hd__and3_2)
                  0.04    0.26    0.94 v _0456_/X (sky130_fd_sc_hd__and3_2)
     1    0.00                           _0158_ (net)
                  0.04    0.00    0.94 v _0457_/A (sky130_fd_sc_hd__buf_1)
                  0.12    0.17    1.11 v _0457_/X (sky130_fd_sc_hd__buf_1)
     5    0.02                           _0159_ (net)
                  0.12    0.00    1.11 v _0465_/A (sky130_fd_sc_hd__or3_2)
                  0.11    0.56    1.67 v _0465_/X (sky130_fd_sc_hd__or3_2)
     3    0.01                           _0167_ (net)
                  0.11    0.00    1.67 v _0466_/A2 (sky130_fd_sc_hd__a21bo_2)
                  0.03    0.24    1.91 v _0466_/X (sky130_fd_sc_hd__a21bo_2)
     1    0.00                           _0168_ (net)
                  0.03    0.00    1.91 v _0473_/A1 (sky130_fd_sc_hd__a2111o_2)
                  0.08    0.45    2.36 v _0473_/X (sky130_fd_sc_hd__a2111o_2)
     4    0.01                           _0175_ (net)
                  0.08    0.00    2.36 v _0871_/A2 (sky130_fd_sc_hd__o211a_2)
                  0.09    0.33    2.69 v _0871_/X (sky130_fd_sc_hd__o211a_2)
     8    0.02                           _0433_ (net)
                  0.09    0.00    2.69 v _0886_/S (sky130_fd_sc_hd__mux2_2)
                  0.05    0.29    2.98 v _0886_/X (sky130_fd_sc_hd__mux2_2)
     1    0.00                           _0441_ (net)
                  0.05    0.00    2.98 v _0887_/A (sky130_fd_sc_hd__buf_1)
                  0.02    0.09    3.07 v _0887_/X (sky130_fd_sc_hd__buf_1)
     1    0.00                           _0145_ (net)
                  0.02    0.00    3.07 v _1071_/D (sky130_fd_sc_hd__dfxtp_2)
                                  3.07   data arrival time

                  0.15   10.00   10.00   clock w_clk (rise edge)
                          0.00   10.00   clock network delay (ideal)
                         -0.25    9.75   clock uncertainty
                          0.00    9.75   clock reconvergence pessimism
                                  9.75 ^ _1071_/CLK (sky130_fd_sc_hd__dfxtp_2)
                         -0.08    9.67   library setup time
                                  9.67   data required time
-----------------------------------------------------------------------------
                                  9.67   data required time
                                 -3.07   data arrival time
-----------------------------------------------------------------------------
                                  6.61   slack (MET)


Startpoint: w_rst_n (input port clocked by w_clk)
Endpoint: _1018_ (recovery check against rising-edge clock w_clk)
Path Group: asynchronous
Path Type: max

Fanout     Cap    Slew   Delay    Time   Description
-----------------------------------------------------------------------------
                  0.15    0.00    0.00   clock w_clk (rise edge)
                          0.00    0.00   clock network delay (ideal)
                          2.00    2.00 ^ input external delay
                  0.32    0.23    2.23 ^ w_rst_n (in)
    19    0.07                           w_rst_n (net)
                  0.32    0.00    2.23 ^ _1018_/RESET_B (sky130_fd_sc_hd__dfrtp_2)
                                  2.23   data arrival time

                  0.15   10.00   10.00   clock w_clk (rise edge)
                          0.00   10.00   clock network delay (ideal)
                         -0.25    9.75   clock uncertainty
                          0.00    9.75   clock reconvergence pessimism
                                  9.75 ^ _1018_/CLK (sky130_fd_sc_hd__dfrtp_2)
                          0.17    9.92   library recovery time
                                  9.92   data required time
-----------------------------------------------------------------------------
                                  9.92   data required time
                                 -2.23   data arrival time
-----------------------------------------------------------------------------
                                  7.70   slack (MET)


Startpoint: w_rst_n (input port clocked by w_clk)
Endpoint: _1019_ (recovery check against rising-edge clock w_clk)
Path Group: asynchronous
Path Type: max

Fanout     Cap    Slew   Delay    Time   Description
-----------------------------------------------------------------------------
                  0.15    0.00    0.00   clock w_clk (rise edge)
                          0.00    0.00   clock network delay (ideal)
                          2.00    2.00 ^ input external delay
                  0.32    0.23    2.23 ^ w_rst_n (in)
    19    0.07                           w_rst_n (net)
                  0.32    0.00    2.23 ^ _1019_/RESET_B (sky130_fd_sc_hd__dfrtp_2)
                                  2.23   data arrival time

                  0.15   10.00   10.00   clock w_clk (rise edge)
                          0.00   10.00   clock network delay (ideal)
                         -0.25    9.75   clock uncertainty
                          0.00    9.75   clock reconvergence pessimism
                                  9.75 ^ _1019_/CLK (sky130_fd_sc_hd__dfrtp_2)
                          0.17    9.92   library recovery time
                                  9.92   data required time
-----------------------------------------------------------------------------
                                  9.92   data required time
                                 -2.23   data arrival time
-----------------------------------------------------------------------------
                                  7.70   slack (MET)


Startpoint: w_rst_n (input port clocked by w_clk)
Endpoint: _1020_ (recovery check against rising-edge clock w_clk)
Path Group: asynchronous
Path Type: max

Fanout     Cap    Slew   Delay    Time   Description
-----------------------------------------------------------------------------
                  0.15    0.00    0.00   clock w_clk (rise edge)
                          0.00    0.00   clock network delay (ideal)
                          2.00    2.00 ^ input external delay
                  0.32    0.23    2.23 ^ w_rst_n (in)
    19    0.07                           w_rst_n (net)
                  0.32    0.00    2.23 ^ _1020_/RESET_B (sky130_fd_sc_hd__dfrtp_2)
                                  2.23   data arrival time

                  0.15   10.00   10.00   clock w_clk (rise edge)
                          0.00   10.00   clock network delay (ideal)
                         -0.25    9.75   clock uncertainty
                          0.00    9.75   clock reconvergence pessimism
                                  9.75 ^ _1020_/CLK (sky130_fd_sc_hd__dfrtp_2)
                          0.17    9.92   library recovery time
                                  9.92   data required time
-----------------------------------------------------------------------------
                                  9.92   data required time
                                 -2.23   data arrival time
-----------------------------------------------------------------------------
                                  7.70   slack (MET)


Startpoint: w_rst_n (input port clocked by w_clk)
Endpoint: _1021_ (recovery check against rising-edge clock w_clk)
Path Group: asynchronous
Path Type: max

Fanout     Cap    Slew   Delay    Time   Description
-----------------------------------------------------------------------------
                  0.15    0.00    0.00   clock w_clk (rise edge)
                          0.00    0.00   clock network delay (ideal)
                          2.00    2.00 ^ input external delay
                  0.32    0.23    2.23 ^ w_rst_n (in)
    19    0.07                           w_rst_n (net)
                  0.32    0.00    2.23 ^ _1021_/RESET_B (sky130_fd_sc_hd__dfrtp_2)
                                  2.23   data arrival time

                  0.15   10.00   10.00   clock w_clk (rise edge)
                          0.00   10.00   clock network delay (ideal)
                         -0.25    9.75   clock uncertainty
                          0.00    9.75   clock reconvergence pessimism
                                  9.75 ^ _1021_/CLK (sky130_fd_sc_hd__dfrtp_2)
                          0.17    9.92   library recovery time
                                  9.92   data required time
-----------------------------------------------------------------------------
                                  9.92   data required time
                                 -2.23   data arrival time
-----------------------------------------------------------------------------
                                  7.70   slack (MET)


Startpoint: w_rst_n (input port clocked by w_clk)
Endpoint: _1022_ (recovery check against rising-edge clock w_clk)
Path Group: asynchronous
Path Type: max

Fanout     Cap    Slew   Delay    Time   Description
-----------------------------------------------------------------------------
                  0.15    0.00    0.00   clock w_clk (rise edge)
                          0.00    0.00   clock network delay (ideal)
                          2.00    2.00 ^ input external delay
                  0.32    0.23    2.23 ^ w_rst_n (in)
    19    0.07                           w_rst_n (net)
                  0.32    0.00    2.23 ^ _1022_/RESET_B (sky130_fd_sc_hd__dfrtp_2)
                                  2.23   data arrival time

                  0.15   10.00   10.00   clock w_clk (rise edge)
                          0.00   10.00   clock network delay (ideal)
                         -0.25    9.75   clock uncertainty
                          0.00    9.75   clock reconvergence pessimism
                                  9.75 ^ _1022_/CLK (sky130_fd_sc_hd__dfrtp_2)
                          0.17    9.92   library recovery time
                                  9.92   data required time
-----------------------------------------------------------------------------
                                  9.92   data required time
                                 -2.23   data arrival time
-----------------------------------------------------------------------------
                                  7.70   slack (MET)


Startpoint: w_rst_n (input port clocked by w_clk)
Endpoint: _1041_ (recovery check against rising-edge clock w_clk)
Path Group: asynchronous
Path Type: max

Fanout     Cap    Slew   Delay    Time   Description
-----------------------------------------------------------------------------
                  0.15    0.00    0.00   clock w_clk (rise edge)
                          0.00    0.00   clock network delay (ideal)
                          2.00    2.00 ^ input external delay
                  0.32    0.23    2.23 ^ w_rst_n (in)
    19    0.07                           w_rst_n (net)
                  0.32    0.00    2.23 ^ _1041_/RESET_B (sky130_fd_sc_hd__dfrtp_2)
                                  2.23   data arrival time

                  0.15   10.00   10.00   clock w_clk (rise edge)
                          0.00   10.00   clock network delay (ideal)
                         -0.25    9.75   clock uncertainty
                          0.00    9.75   clock reconvergence pessimism
                                  9.75 ^ _1041_/CLK (sky130_fd_sc_hd__dfrtp_2)
                          0.17    9.92   library recovery time
                                  9.92   data required time
-----------------------------------------------------------------------------
                                  9.92   data required time
                                 -2.23   data arrival time
-----------------------------------------------------------------------------
                                  7.70   slack (MET)


Startpoint: w_rst_n (input port clocked by w_clk)
Endpoint: _1042_ (recovery check against rising-edge clock w_clk)
Path Group: asynchronous
Path Type: max

Fanout     Cap    Slew   Delay    Time   Description
-----------------------------------------------------------------------------
                  0.15    0.00    0.00   clock w_clk (rise edge)
                          0.00    0.00   clock network delay (ideal)
                          2.00    2.00 ^ input external delay
                  0.32    0.23    2.23 ^ w_rst_n (in)
    19    0.07                           w_rst_n (net)
                  0.32    0.00    2.23 ^ _1042_/RESET_B (sky130_fd_sc_hd__dfrtp_2)
                                  2.23   data arrival time

                  0.15   10.00   10.00   clock w_clk (rise edge)
                          0.00   10.00   clock network delay (ideal)
                         -0.25    9.75   clock uncertainty
                          0.00    9.75   clock reconvergence pessimism
                                  9.75 ^ _1042_/CLK (sky130_fd_sc_hd__dfrtp_2)
                          0.17    9.92   library recovery time
                                  9.92   data required time
-----------------------------------------------------------------------------
                                  9.92   data required time
                                 -2.23   data arrival time
-----------------------------------------------------------------------------
                                  7.70   slack (MET)


Startpoint: w_rst_n (input port clocked by w_clk)
Endpoint: _1043_ (recovery check against rising-edge clock w_clk)
Path Group: asynchronous
Path Type: max

Fanout     Cap    Slew   Delay    Time   Description
-----------------------------------------------------------------------------
                  0.15    0.00    0.00   clock w_clk (rise edge)
                          0.00    0.00   clock network delay (ideal)
                          2.00    2.00 ^ input external delay
                  0.32    0.23    2.23 ^ w_rst_n (in)
    19    0.07                           w_rst_n (net)
                  0.32    0.00    2.23 ^ _1043_/RESET_B (sky130_fd_sc_hd__dfrtp_2)
                                  2.23   data arrival time

                  0.15   10.00   10.00   clock w_clk (rise edge)
                          0.00   10.00   clock network delay (ideal)
                         -0.25    9.75   clock uncertainty
                          0.00    9.75   clock reconvergence pessimism
                                  9.75 ^ _1043_/CLK (sky130_fd_sc_hd__dfrtp_2)
                          0.17    9.92   library recovery time
                                  9.92   data required time
-----------------------------------------------------------------------------
                                  9.92   data required time
                                 -2.23   data arrival time
-----------------------------------------------------------------------------
                                  7.70   slack (MET)


Startpoint: w_rst_n (input port clocked by w_clk)
Endpoint: _1044_ (recovery check against rising-edge clock w_clk)
Path Group: asynchronous
Path Type: max

Fanout     Cap    Slew   Delay    Time   Description
-----------------------------------------------------------------------------
                  0.15    0.00    0.00   clock w_clk (rise edge)
                          0.00    0.00   clock network delay (ideal)
                          2.00    2.00 ^ input external delay
                  0.32    0.23    2.23 ^ w_rst_n (in)
    19    0.07                           w_rst_n (net)
                  0.32    0.00    2.23 ^ _1044_/RESET_B (sky130_fd_sc_hd__dfrtp_2)
                                  2.23   data arrival time

                  0.15   10.00   10.00   clock w_clk (rise edge)
                          0.00   10.00   clock network delay (ideal)
                         -0.25    9.75   clock uncertainty
                          0.00    9.75   clock reconvergence pessimism
                                  9.75 ^ _1044_/CLK (sky130_fd_sc_hd__dfrtp_2)
                          0.17    9.92   library recovery time
                                  9.92   data required time
-----------------------------------------------------------------------------
                                  9.92   data required time
                                 -2.23   data arrival time
-----------------------------------------------------------------------------
                                  7.70   slack (MET)


Startpoint: w_rst_n (input port clocked by w_clk)
Endpoint: _1045_ (recovery check against rising-edge clock w_clk)
Path Group: asynchronous
Path Type: max

Fanout     Cap    Slew   Delay    Time   Description
-----------------------------------------------------------------------------
                  0.15    0.00    0.00   clock w_clk (rise edge)
                          0.00    0.00   clock network delay (ideal)
                          2.00    2.00 ^ input external delay
                  0.32    0.23    2.23 ^ w_rst_n (in)
    19    0.07                           w_rst_n (net)
                  0.32    0.00    2.23 ^ _1045_/RESET_B (sky130_fd_sc_hd__dfrtp_2)
                                  2.23   data arrival time

                  0.15   10.00   10.00   clock w_clk (rise edge)
                          0.00   10.00   clock network delay (ideal)
                         -0.25    9.75   clock uncertainty
                          0.00    9.75   clock reconvergence pessimism
                                  9.75 ^ _1045_/CLK (sky130_fd_sc_hd__dfrtp_2)
                          0.17    9.92   library recovery time
                                  9.92   data required time
-----------------------------------------------------------------------------
                                  9.92   data required time
                                 -2.23   data arrival time
-----------------------------------------------------------------------------
                                  7.70   slack (MET)


Startpoint: w_rst_n (input port clocked by w_clk)
Endpoint: _1046_ (recovery check against rising-edge clock w_clk)
Path Group: asynchronous
Path Type: max

Fanout     Cap    Slew   Delay    Time   Description
-----------------------------------------------------------------------------
                  0.15    0.00    0.00   clock w_clk (rise edge)
                          0.00    0.00   clock network delay (ideal)
                          2.00    2.00 ^ input external delay
                  0.32    0.23    2.23 ^ w_rst_n (in)
    19    0.07                           w_rst_n (net)
                  0.32    0.00    2.23 ^ _1046_/RESET_B (sky130_fd_sc_hd__dfrtp_2)
                                  2.23   data arrival time

                  0.15   10.00   10.00   clock w_clk (rise edge)
                          0.00   10.00   clock network delay (ideal)
                         -0.25    9.75   clock uncertainty
                          0.00    9.75   clock reconvergence pessimism
                                  9.75 ^ _1046_/CLK (sky130_fd_sc_hd__dfrtp_2)
                          0.17    9.92   library recovery time
                                  9.92   data required time
-----------------------------------------------------------------------------
                                  9.92   data required time
                                 -2.23   data arrival time
-----------------------------------------------------------------------------
                                  7.70   slack (MET)


Startpoint: w_rst_n (input port clocked by w_clk)
Endpoint: _1047_ (recovery check against rising-edge clock w_clk)
Path Group: asynchronous
Path Type: max

Fanout     Cap    Slew   Delay    Time   Description
-----------------------------------------------------------------------------
                  0.15    0.00    0.00   clock w_clk (rise edge)
                          0.00    0.00   clock network delay (ideal)
                          2.00    2.00 ^ input external delay
                  0.32    0.23    2.23 ^ w_rst_n (in)
    19    0.07                           w_rst_n (net)
                  0.32    0.00    2.23 ^ _1047_/RESET_B (sky130_fd_sc_hd__dfrtp_2)
                                  2.23   data arrival time

                  0.15   10.00   10.00   clock w_clk (rise edge)
                          0.00   10.00   clock network delay (ideal)
                         -0.25    9.75   clock uncertainty
                          0.00    9.75   clock reconvergence pessimism
                                  9.75 ^ _1047_/CLK (sky130_fd_sc_hd__dfrtp_2)
                          0.17    9.92   library recovery time
                                  9.92   data required time
-----------------------------------------------------------------------------
                                  9.92   data required time
                                 -2.23   data arrival time
-----------------------------------------------------------------------------
                                  7.70   slack (MET)


Startpoint: w_rst_n (input port clocked by w_clk)
Endpoint: _1048_ (recovery check against rising-edge clock w_clk)
Path Group: asynchronous
Path Type: max

Fanout     Cap    Slew   Delay    Time   Description
-----------------------------------------------------------------------------
                  0.15    0.00    0.00   clock w_clk (rise edge)
                          0.00    0.00   clock network delay (ideal)
                          2.00    2.00 ^ input external delay
                  0.32    0.23    2.23 ^ w_rst_n (in)
    19    0.07                           w_rst_n (net)
                  0.32    0.00    2.23 ^ _1048_/RESET_B (sky130_fd_sc_hd__dfrtp_2)
                                  2.23   data arrival time

                  0.15   10.00   10.00   clock w_clk (rise edge)
                          0.00   10.00   clock network delay (ideal)
                         -0.25    9.75   clock uncertainty
                          0.00    9.75   clock reconvergence pessimism
                                  9.75 ^ _1048_/CLK (sky130_fd_sc_hd__dfrtp_2)
                          0.17    9.92   library recovery time
                                  9.92   data required time
-----------------------------------------------------------------------------
                                  9.92   data required time
                                 -2.23   data arrival time
-----------------------------------------------------------------------------
                                  7.70   slack (MET)


Startpoint: w_rst_n (input port clocked by w_clk)
Endpoint: _1049_ (recovery check against rising-edge clock w_clk)
Path Group: asynchronous
Path Type: max

Fanout     Cap    Slew   Delay    Time   Description
-----------------------------------------------------------------------------
                  0.15    0.00    0.00   clock w_clk (rise edge)
                          0.00    0.00   clock network delay (ideal)
                          2.00    2.00 ^ input external delay
                  0.32    0.23    2.23 ^ w_rst_n (in)
    19    0.07                           w_rst_n (net)
                  0.32    0.00    2.23 ^ _1049_/RESET_B (sky130_fd_sc_hd__dfrtp_2)
                                  2.23   data arrival time

                  0.15   10.00   10.00   clock w_clk (rise edge)
                          0.00   10.00   clock network delay (ideal)
                         -0.25    9.75   clock uncertainty
                          0.00    9.75   clock reconvergence pessimism
                                  9.75 ^ _1049_/CLK (sky130_fd_sc_hd__dfrtp_2)
                          0.17    9.92   library recovery time
                                  9.92   data required time
-----------------------------------------------------------------------------
                                  9.92   data required time
                                 -2.23   data arrival time
-----------------------------------------------------------------------------
                                  7.70   slack (MET)


Startpoint: w_rst_n (input port clocked by w_clk)
Endpoint: _1050_ (recovery check against rising-edge clock w_clk)
Path Group: asynchronous
Path Type: max

Fanout     Cap    Slew   Delay    Time   Description
-----------------------------------------------------------------------------
                  0.15    0.00    0.00   clock w_clk (rise edge)
                          0.00    0.00   clock network delay (ideal)
                          2.00    2.00 ^ input external delay
                  0.32    0.23    2.23 ^ w_rst_n (in)
    19    0.07                           w_rst_n (net)
                  0.32    0.00    2.23 ^ _1050_/RESET_B (sky130_fd_sc_hd__dfrtp_2)
                                  2.23   data arrival time

                  0.15   10.00   10.00   clock w_clk (rise edge)
                          0.00   10.00   clock network delay (ideal)
                         -0.25    9.75   clock uncertainty
                          0.00    9.75   clock reconvergence pessimism
                                  9.75 ^ _1050_/CLK (sky130_fd_sc_hd__dfrtp_2)
                          0.17    9.92   library recovery time
                                  9.92   data required time
-----------------------------------------------------------------------------
                                  9.92   data required time
                                 -2.23   data arrival time
-----------------------------------------------------------------------------
                                  7.70   slack (MET)


Startpoint: w_rst_n (input port clocked by w_clk)
Endpoint: _1060_ (recovery check against rising-edge clock w_clk)
Path Group: asynchronous
Path Type: max

Fanout     Cap    Slew   Delay    Time   Description
-----------------------------------------------------------------------------
                  0.15    0.00    0.00   clock w_clk (rise edge)
                          0.00    0.00   clock network delay (ideal)
                          2.00    2.00 ^ input external delay
                  0.32    0.23    2.23 ^ w_rst_n (in)
    19    0.07                           w_rst_n (net)
                  0.32    0.00    2.23 ^ _1060_/RESET_B (sky130_fd_sc_hd__dfrtp_2)
                                  2.23   data arrival time

                  0.15   10.00   10.00   clock w_clk (rise edge)
                          0.00   10.00   clock network delay (ideal)
                         -0.25    9.75   clock uncertainty
                          0.00    9.75   clock reconvergence pessimism
                                  9.75 ^ _1060_/CLK (sky130_fd_sc_hd__dfrtp_2)
                          0.17    9.92   library recovery time
                                  9.92   data required time
-----------------------------------------------------------------------------
                                  9.92   data required time
                                 -2.23   data arrival time
-----------------------------------------------------------------------------
                                  7.70   slack (MET)


Startpoint: w_rst_n (input port clocked by w_clk)
Endpoint: _1061_ (recovery check against rising-edge clock w_clk)
Path Group: asynchronous
Path Type: max

Fanout     Cap    Slew   Delay    Time   Description
-----------------------------------------------------------------------------
                  0.15    0.00    0.00   clock w_clk (rise edge)
                          0.00    0.00   clock network delay (ideal)
                          2.00    2.00 ^ input external delay
                  0.32    0.23    2.23 ^ w_rst_n (in)
    19    0.07                           w_rst_n (net)
                  0.32    0.00    2.23 ^ _1061_/RESET_B (sky130_fd_sc_hd__dfrtp_2)
                                  2.23   data arrival time

                  0.15   10.00   10.00   clock w_clk (rise edge)
                          0.00   10.00   clock network delay (ideal)
                         -0.25    9.75   clock uncertainty
                          0.00    9.75   clock reconvergence pessimism
                                  9.75 ^ _1061_/CLK (sky130_fd_sc_hd__dfrtp_2)
                          0.17    9.92   library recovery time
                                  9.92   data required time
-----------------------------------------------------------------------------
                                  9.92   data required time
                                 -2.23   data arrival time
-----------------------------------------------------------------------------
                                  7.70   slack (MET)


Startpoint: w_rst_n (input port clocked by w_clk)
Endpoint: _1062_ (recovery check against rising-edge clock w_clk)
Path Group: asynchronous
Path Type: max

Fanout     Cap    Slew   Delay    Time   Description
-----------------------------------------------------------------------------
                  0.15    0.00    0.00   clock w_clk (rise edge)
                          0.00    0.00   clock network delay (ideal)
                          2.00    2.00 ^ input external delay
                  0.32    0.23    2.23 ^ w_rst_n (in)
    19    0.07                           w_rst_n (net)
                  0.32    0.00    2.23 ^ _1062_/RESET_B (sky130_fd_sc_hd__dfrtp_2)
                                  2.23   data arrival time

                  0.15   10.00   10.00   clock w_clk (rise edge)
                          0.00   10.00   clock network delay (ideal)
                         -0.25    9.75   clock uncertainty
                          0.00    9.75   clock reconvergence pessimism
                                  9.75 ^ _1062_/CLK (sky130_fd_sc_hd__dfrtp_2)
                          0.17    9.92   library recovery time
                                  9.92   data required time
-----------------------------------------------------------------------------
                                  9.92   data required time
                                 -2.23   data arrival time
-----------------------------------------------------------------------------
                                  7.70   slack (MET)


Startpoint: w_rst_n (input port clocked by w_clk)
Endpoint: _1063_ (recovery check against rising-edge clock w_clk)
Path Group: asynchronous
Path Type: max

Fanout     Cap    Slew   Delay    Time   Description
-----------------------------------------------------------------------------
                  0.15    0.00    0.00   clock w_clk (rise edge)
                          0.00    0.00   clock network delay (ideal)
                          2.00    2.00 ^ input external delay
                  0.32    0.23    2.23 ^ w_rst_n (in)
    19    0.07                           w_rst_n (net)
                  0.32    0.00    2.23 ^ _1063_/RESET_B (sky130_fd_sc_hd__dfrtp_2)
                                  2.23   data arrival time

                  0.15   10.00   10.00   clock w_clk (rise edge)
                          0.00   10.00   clock network delay (ideal)
                         -0.25    9.75   clock uncertainty
                          0.00    9.75   clock reconvergence pessimism
                                  9.75 ^ _1063_/CLK (sky130_fd_sc_hd__dfrtp_2)
                          0.17    9.92   library recovery time
                                  9.92   data required time
-----------------------------------------------------------------------------
                                  9.92   data required time
                                 -2.23   data arrival time
-----------------------------------------------------------------------------
                                  7.70   slack (MET)


Startpoint: _1041_ (rising edge-triggered flip-flop clocked by w_clk)
Endpoint: _1046_ (rising edge-triggered flip-flop clocked by w_clk)
Path Group: w_clk
Path Type: max

Fanout     Cap    Slew   Delay    Time   Description
-----------------------------------------------------------------------------
                  0.15    0.00    0.00   clock w_clk (rise edge)
                          0.00    0.00   clock network delay (ideal)
                  0.15    0.00    0.00 ^ _1041_/CLK (sky130_fd_sc_hd__dfrtp_2)
                  0.04    0.43    0.43 v _1041_/Q (sky130_fd_sc_hd__dfrtp_2)
     1    0.00                           r_ptr_g_sync1[0] (net)
                  0.04    0.00    0.43 v _1046_/D (sky130_fd_sc_hd__dfrtp_2)
                                  0.43   data arrival time

                  0.15   10.00   10.00   clock w_clk (rise edge)
                          0.00   10.00   clock network delay (ideal)
                         -0.25    9.75   clock uncertainty
                          0.00    9.75   clock reconvergence pessimism
                                  9.75 ^ _1046_/CLK (sky130_fd_sc_hd__dfrtp_2)
                         -0.09    9.66   library setup time
                                  9.66   data required time
-----------------------------------------------------------------------------
                                  9.66   data required time
                                 -0.43   data arrival time
-----------------------------------------------------------------------------
                                  9.23   slack (MET)


Startpoint: _1042_ (rising edge-triggered flip-flop clocked by w_clk)
Endpoint: _1047_ (rising edge-triggered flip-flop clocked by w_clk)
Path Group: w_clk
Path Type: max

Fanout     Cap    Slew   Delay    Time   Description
-----------------------------------------------------------------------------
                  0.15    0.00    0.00   clock w_clk (rise edge)
                          0.00    0.00   clock network delay (ideal)
                  0.15    0.00    0.00 ^ _1042_/CLK (sky130_fd_sc_hd__dfrtp_2)
                  0.04    0.43    0.43 v _1042_/Q (sky130_fd_sc_hd__dfrtp_2)
     1    0.00                           r_ptr_g_sync1[1] (net)
                  0.04    0.00    0.43 v _1047_/D (sky130_fd_sc_hd__dfrtp_2)
                                  0.43   data arrival time

                  0.15   10.00   10.00   clock w_clk (rise edge)
                          0.00   10.00   clock network delay (ideal)
                         -0.25    9.75   clock uncertainty
                          0.00    9.75   clock reconvergence pessimism
                                  9.75 ^ _1047_/CLK (sky130_fd_sc_hd__dfrtp_2)
                         -0.09    9.66   library setup time
                                  9.66   data required time
-----------------------------------------------------------------------------
                                  9.66   data required time
                                 -0.43   data arrival time
-----------------------------------------------------------------------------
                                  9.23   slack (MET)


Startpoint: _1043_ (rising edge-triggered flip-flop clocked by w_clk)
Endpoint: _1048_ (rising edge-triggered flip-flop clocked by w_clk)
Path Group: w_clk
Path Type: max

Fanout     Cap    Slew   Delay    Time   Description
-----------------------------------------------------------------------------
                  0.15    0.00    0.00   clock w_clk (rise edge)
                          0.00    0.00   clock network delay (ideal)
                  0.15    0.00    0.00 ^ _1043_/CLK (sky130_fd_sc_hd__dfrtp_2)
                  0.04    0.43    0.43 v _1043_/Q (sky130_fd_sc_hd__dfrtp_2)
     1    0.00                           r_ptr_g_sync1[2] (net)
                  0.04    0.00    0.43 v _1048_/D (sky130_fd_sc_hd__dfrtp_2)
                                  0.43   data arrival time

                  0.15   10.00   10.00   clock w_clk (rise edge)
                          0.00   10.00   clock network delay (ideal)
                         -0.25    9.75   clock uncertainty
                          0.00    9.75   clock reconvergence pessimism
                                  9.75 ^ _1048_/CLK (sky130_fd_sc_hd__dfrtp_2)
                         -0.09    9.66   library setup time
                                  9.66   data required time
-----------------------------------------------------------------------------
                                  9.66   data required time
                                 -0.43   data arrival time
-----------------------------------------------------------------------------
                                  9.23   slack (MET)


Startpoint: _1044_ (rising edge-triggered flip-flop clocked by w_clk)
Endpoint: _1049_ (rising edge-triggered flip-flop clocked by w_clk)
Path Group: w_clk
Path Type: max

Fanout     Cap    Slew   Delay    Time   Description
-----------------------------------------------------------------------------
                  0.15    0.00    0.00   clock w_clk (rise edge)
                          0.00    0.00   clock network delay (ideal)
                  0.15    0.00    0.00 ^ _1044_/CLK (sky130_fd_sc_hd__dfrtp_2)
                  0.04    0.43    0.43 v _1044_/Q (sky130_fd_sc_hd__dfrtp_2)
     1    0.00                           r_ptr_g_sync1[3] (net)
                  0.04    0.00    0.43 v _1049_/D (sky130_fd_sc_hd__dfrtp_2)
                                  0.43   data arrival time

                  0.15   10.00   10.00   clock w_clk (rise edge)
                          0.00   10.00   clock network delay (ideal)
                         -0.25    9.75   clock uncertainty
                          0.00    9.75   clock reconvergence pessimism
                                  9.75 ^ _1049_/CLK (sky130_fd_sc_hd__dfrtp_2)
                         -0.09    9.66   library setup time
                                  9.66   data required time
-----------------------------------------------------------------------------
                                  9.66   data required time
                                 -0.43   data arrival time
-----------------------------------------------------------------------------
                                  9.23   slack (MET)


Startpoint: _1045_ (rising edge-triggered flip-flop clocked by w_clk)
Endpoint: _1050_ (rising edge-triggered flip-flop clocked by w_clk)
Path Group: w_clk
Path Type: max

Fanout     Cap    Slew   Delay    Time   Description
-----------------------------------------------------------------------------
                  0.15    0.00    0.00   clock w_clk (rise edge)
                          0.00    0.00   clock network delay (ideal)
                  0.15    0.00    0.00 ^ _1045_/CLK (sky130_fd_sc_hd__dfrtp_2)
                  0.04    0.43    0.43 v _1045_/Q (sky130_fd_sc_hd__dfrtp_2)
     1    0.00                           r_ptr_g_sync1[4] (net)
                  0.04    0.00    0.43 v _1050_/D (sky130_fd_sc_hd__dfrtp_2)
                                  0.43   data arrival time

                  0.15   10.00   10.00   clock w_clk (rise edge)
                          0.00   10.00   clock network delay (ideal)
                         -0.25    9.75   clock uncertainty
                          0.00    9.75   clock reconvergence pessimism
                                  9.75 ^ _1050_/CLK (sky130_fd_sc_hd__dfrtp_2)
                         -0.09    9.66   library setup time
                                  9.66   data required time
-----------------------------------------------------------------------------
                                  9.66   data required time
                                 -0.43   data arrival time
-----------------------------------------------------------------------------
                                  9.23   slack (MET)



max_report_end
checks_report

===========================================================================
report_checks -unconstrained
===========================================================================
======================= Typical Corner ===================================

Startpoint: w_rst_n (input port clocked by w_clk)
Endpoint: _1018_ (recovery check against rising-edge clock w_clk)
Path Group: asynchronous
Path Type: max

Fanout     Cap    Slew   Delay    Time   Description
-----------------------------------------------------------------------------
                  0.15    0.00    0.00   clock w_clk (rise edge)
                          0.00    0.00   clock network delay (ideal)
                          2.00    2.00 ^ input external delay
                  0.32    0.23    2.23 ^ w_rst_n (in)
    19    0.07                           w_rst_n (net)
                  0.32    0.00    2.23 ^ _1018_/RESET_B (sky130_fd_sc_hd__dfrtp_2)
                                  2.23   data arrival time

                  0.15   10.00   10.00   clock w_clk (rise edge)
                          0.00   10.00   clock network delay (ideal)
                         -0.25    9.75   clock uncertainty
                          0.00    9.75   clock reconvergence pessimism
                                  9.75 ^ _1018_/CLK (sky130_fd_sc_hd__dfrtp_2)
                          0.17    9.92   library recovery time
                                  9.92   data required time
-----------------------------------------------------------------------------
                                  9.92   data required time
                                 -2.23   data arrival time
-----------------------------------------------------------------------------
                                  7.70   slack (MET)


Startpoint: _1060_ (rising edge-triggered flip-flop clocked by w_clk)
Endpoint: full (output port clocked by w_clk)
Path Group: w_clk
Path Type: max

Fanout     Cap    Slew   Delay    Time   Description
-----------------------------------------------------------------------------
                  0.15    0.00    0.00   clock w_clk (rise edge)
                          0.00    0.00   clock network delay (ideal)
                  0.15    0.00    0.00 ^ _1060_/CLK (sky130_fd_sc_hd__dfrtp_2)
                  0.04    0.43    0.43 v _1060_/Q (sky130_fd_sc_hd__dfrtp_2)
     1    0.00                           w_ptr_b[0] (net)
                  0.04    0.00    0.43 v _0453_/A (sky130_fd_sc_hd__buf_1)
                  0.22    0.25    0.68 v _0453_/X (sky130_fd_sc_hd__buf_1)
    13    0.04                           _0155_ (net)
                  0.22    0.00    0.68 v _0456_/A (sky130_fd_sc_hd__and3_2)
                  0.04    0.26    0.94 v _0456_/X (sky130_fd_sc_hd__and3_2)
     1    0.00                           _0158_ (net)
                  0.04    0.00    0.94 v _0457_/A (sky130_fd_sc_hd__buf_1)
                  0.12    0.17    1.11 v _0457_/X (sky130_fd_sc_hd__buf_1)
     5    0.02                           _0159_ (net)
                  0.12    0.00    1.11 v _0465_/A (sky130_fd_sc_hd__or3_2)
                  0.11    0.56    1.67 v _0465_/X (sky130_fd_sc_hd__or3_2)
     3    0.01                           _0167_ (net)
                  0.11    0.00    1.67 v _0466_/A2 (sky130_fd_sc_hd__a21bo_2)
                  0.03    0.24    1.91 v _0466_/X (sky130_fd_sc_hd__a21bo_2)
     1    0.00                           _0168_ (net)
                  0.03    0.00    1.91 v _0473_/A1 (sky130_fd_sc_hd__a2111o_2)
                  0.08    0.45    2.36 v _0473_/X (sky130_fd_sc_hd__a2111o_2)
     4    0.01                           _0175_ (net)
                  0.08    0.00    2.36 v _0474_/A (sky130_fd_sc_hd__buf_1)
                  0.21    0.26    2.62 v _0474_/X (sky130_fd_sc_hd__buf_1)
    16    0.04                           _0176_ (net)
                  0.21    0.00    2.62 v _0475_/B (sky130_fd_sc_hd__nor2_2)
                  0.38    0.38    3.01 ^ _0475_/Y (sky130_fd_sc_hd__nor2_2)
     1    0.03                           full (net)
                  0.38    0.00    3.01 ^ full (out)
                                  3.01   data arrival time

                  0.15   10.00   10.00   clock w_clk (rise edge)
                          0.00   10.00   clock network delay (ideal)
                         -0.25    9.75   clock uncertainty
                          0.00    9.75   clock reconvergence pessimism
                         -2.00    7.75   output external delay
                                  7.75   data required time
-----------------------------------------------------------------------------
                                  7.75   data required time
                                 -3.01   data arrival time
-----------------------------------------------------------------------------
                                  4.74   slack (MET)




===========================================================================
report_checks --slack_max -0.01
============================================================================
======================= Typical Corner ===================================

No paths found.


===========================================================================
 report_check_types -max_slew -max_cap -max_fanout -violators
============================================================================
======================= Typical Corner ===================================

max slew

Pin                                    Limit    Slew   Slack
------------------------------------------------------------
_0513_/X                                0.50    1.07   -0.57 (VIOLATED)
_0515_/S0                               0.50    1.07   -0.57 (VIOLATED)
_0516_/S0                               0.50    1.07   -0.57 (VIOLATED)
_0526_/S0                               0.50    1.07   -0.57 (VIOLATED)
_0527_/S0                               0.50    1.07   -0.57 (VIOLATED)
_0535_/S0                               0.50    1.07   -0.57 (VIOLATED)
_0536_/S0                               0.50    1.07   -0.57 (VIOLATED)
_0542_/S0                               0.50    1.07   -0.57 (VIOLATED)
_0544_/S0                               0.50    1.07   -0.57 (VIOLATED)
_0551_/S0                               0.50    1.07   -0.57 (VIOLATED)
_0553_/S0                               0.50    1.07   -0.57 (VIOLATED)
_0560_/S0                               0.50    1.07   -0.57 (VIOLATED)
_0562_/S0                               0.50    1.07   -0.57 (VIOLATED)
_0569_/S0                               0.50    1.07   -0.57 (VIOLATED)
_0571_/S0                               0.50    1.07   -0.57 (VIOLATED)
_0578_/S0                               0.50    1.07   -0.57 (VIOLATED)
_0580_/S0                               0.50    1.07   -0.57 (VIOLATED)
_0506_/X                                0.50    1.00   -0.50 (VIOLATED)
_0508_/S0                               0.50    1.00   -0.50 (VIOLATED)
_0509_/S0                               0.50    1.00   -0.50 (VIOLATED)
_0523_/S0                               0.50    1.00   -0.50 (VIOLATED)
_0524_/S0                               0.50    1.00   -0.50 (VIOLATED)
_0532_/S0                               0.50    1.00   -0.50 (VIOLATED)
_0533_/S0                               0.50    1.00   -0.50 (VIOLATED)
_0541_/S0                               0.50    1.00   -0.50 (VIOLATED)
_0550_/S0                               0.50    1.00   -0.50 (VIOLATED)
_0559_/S0                               0.50    1.00   -0.50 (VIOLATED)
_0568_/S0                               0.50    1.00   -0.50 (VIOLATED)
_0577_/S0                               0.50    1.00   -0.50 (VIOLATED)
_0835_/A                                0.50    1.00   -0.50 (VIOLATED)
_0836_/A                                0.50    1.00   -0.50 (VIOLATED)
_0838_/A1                               0.50    1.00   -0.50 (VIOLATED)
_0847_/A                                0.50    1.00   -0.50 (VIOLATED)
_0855_/A1                               0.50    1.00   -0.50 (VIOLATED)
_0507_/X                                0.50    0.65   -0.15 (VIOLATED)
_0508_/S1                               0.50    0.65   -0.15 (VIOLATED)
_0509_/S1                               0.50    0.65   -0.15 (VIOLATED)
_0523_/S1                               0.50    0.65   -0.15 (VIOLATED)
_0524_/S1                               0.50    0.65   -0.15 (VIOLATED)
_0532_/S1                               0.50    0.65   -0.15 (VIOLATED)
_0533_/S1                               0.50    0.65   -0.15 (VIOLATED)
_0541_/S1                               0.50    0.65   -0.15 (VIOLATED)
_0550_/S1                               0.50    0.65   -0.15 (VIOLATED)
_0559_/S1                               0.50    0.65   -0.15 (VIOLATED)
_0568_/S1                               0.50    0.65   -0.15 (VIOLATED)
_0577_/S1                               0.50    0.65   -0.15 (VIOLATED)
_0836_/B                                0.50    0.65   -0.15 (VIOLATED)
_0838_/B1                               0.50    0.65   -0.15 (VIOLATED)
_0844_/A                                0.50    0.65   -0.15 (VIOLATED)
_0847_/B                                0.50    0.65   -0.15 (VIOLATED)
_0855_/A2                               0.50    0.65   -0.15 (VIOLATED)
_0514_/X                                0.50    0.62   -0.12 (VIOLATED)
_0515_/S1                               0.50    0.62   -0.12 (VIOLATED)
_0516_/S1                               0.50    0.62   -0.12 (VIOLATED)
_0526_/S1                               0.50    0.62   -0.12 (VIOLATED)
_0527_/S1                               0.50    0.62   -0.12 (VIOLATED)
_0535_/S1                               0.50    0.62   -0.12 (VIOLATED)
_0536_/S1                               0.50    0.62   -0.12 (VIOLATED)
_0542_/S1                               0.50    0.62   -0.12 (VIOLATED)
_0544_/S1                               0.50    0.62   -0.12 (VIOLATED)
_0551_/S1                               0.50    0.62   -0.12 (VIOLATED)
_0553_/S1                               0.50    0.62   -0.12 (VIOLATED)
_0560_/S1                               0.50    0.62   -0.12 (VIOLATED)
_0562_/S1                               0.50    0.62   -0.12 (VIOLATED)
_0569_/S1                               0.50    0.62   -0.12 (VIOLATED)
_0571_/S1                               0.50    0.62   -0.12 (VIOLATED)
_0578_/S1                               0.50    0.62   -0.12 (VIOLATED)
_0580_/S1                               0.50    0.62   -0.12 (VIOLATED)
_0518_/X                                0.50    0.61   -0.11 (VIOLATED)
_0519_/S                                0.50    0.61   -0.11 (VIOLATED)
_0529_/S                                0.50    0.61   -0.11 (VIOLATED)
_0538_/S                                0.50    0.61   -0.11 (VIOLATED)
_0547_/S                                0.50    0.61   -0.11 (VIOLATED)
_0556_/S                                0.50    0.61   -0.11 (VIOLATED)
_0565_/S                                0.50    0.61   -0.11 (VIOLATED)
_0574_/S                                0.50    0.61   -0.11 (VIOLATED)
_0583_/S                                0.50    0.61   -0.11 (VIOLATED)
_0843_/A                                0.50    0.61   -0.11 (VIOLATED)
_0852_/A                                0.50    0.61   -0.11 (VIOLATED)
_0855_/B1                               0.50    0.61   -0.11 (VIOLATED)
_0859_/A                                0.50    0.61   -0.11 (VIOLATED)
_0511_/X                                0.50    0.57   -0.07 (VIOLATED)
_0512_/S                                0.50    0.57   -0.07 (VIOLATED)
_0517_/S                                0.50    0.57   -0.07 (VIOLATED)
_0525_/S                                0.50    0.57   -0.07 (VIOLATED)
_0528_/S                                0.50    0.57   -0.07 (VIOLATED)
_0534_/S                                0.50    0.57   -0.07 (VIOLATED)
_0537_/S                                0.50    0.57   -0.07 (VIOLATED)
_0543_/S                                0.50    0.57   -0.07 (VIOLATED)
_0546_/S                                0.50    0.57   -0.07 (VIOLATED)
_0552_/S                                0.50    0.57   -0.07 (VIOLATED)
_0555_/S                                0.50    0.57   -0.07 (VIOLATED)
_0561_/S                                0.50    0.57   -0.07 (VIOLATED)
_0570_/S                                0.50    0.57   -0.07 (VIOLATED)
_0579_/S                                0.50    0.57   -0.07 (VIOLATED)
_0842_/A                                0.50    0.57   -0.07 (VIOLATED)
_0851_/A                                0.50    0.57   -0.07 (VIOLATED)
_0860_/A                                0.50    0.57   -0.07 (VIOLATED)
_0461_/X                                0.50    0.50   -0.00 (VIOLATED)
_0475_/A                                0.50    0.50   -0.00 (VIOLATED)
_0489_/A1                               0.50    0.50   -0.00 (VIOLATED)
_0587_/A1                               0.50    0.50   -0.00 (VIOLATED)
_0606_/A1                               0.50    0.50   -0.00 (VIOLATED)
_0624_/A1                               0.50    0.50   -0.00 (VIOLATED)
_0642_/A1                               0.50    0.50   -0.00 (VIOLATED)
_0660_/A1                               0.50    0.50   -0.00 (VIOLATED)
_0680_/A1                               0.50    0.50   -0.00 (VIOLATED)
_0699_/A1                               0.50    0.50   -0.00 (VIOLATED)
_0717_/A1                               0.50    0.50   -0.00 (VIOLATED)
_0735_/A1                               0.50    0.50   -0.00 (VIOLATED)
_0770_/A1                               0.50    0.50   -0.00 (VIOLATED)
_0788_/A1                               0.50    0.50   -0.00 (VIOLATED)
_0805_/A1                               0.50    0.50   -0.00 (VIOLATED)
_0811_/A1                               0.50    0.50   -0.00 (VIOLATED)
_0818_/A1                               0.50    0.50   -0.00 (VIOLATED)

max fanout

Pin                                   Limit Fanout  Slack
---------------------------------------------------------
r_clk                                    16     27    -11 (VIOLATED)
r_rst_n                                  16     19     -3 (VIOLATED)
w_rst_n                                  16     19     -3 (VIOLATED)



===========================================================================
report_parasitic_annotation -report_unannotated
============================================================================
Found 642 unannotated drivers.
 r_clk
 r_rst_n
 rd
 w_clk
 w_data[0]
 w_data[1]
 w_data[2]
 w_data[3]
 w_data[4]
 w_data[5]
 w_data[6]
 w_data[7]
 w_rst_n
 wr
 _0452_/Y
 _0453_/X
 _0454_/X
 _0455_/Y
 _0456_/X
 _0457_/X
 _0458_/Y
 _0459_/X
 _0460_/Y
 _0461_/X
 _0462_/Y
 _0463_/X
 _0464_/Y
 _0465_/X
 _0466_/X
 _0467_/Y
 _0468_/Y
 _0469_/Y
 _0470_/Y
 _0471_/Y
 _0472_/Y
 _0473_/X
 _0474_/X
 _0475_/Y
 _0476_/X
 _0477_/X
 _0478_/X
 _0479_/X
 _0480_/X
 _0481_/X
 _0482_/X
 _0483_/Y
 _0484_/Y
 _0485_/Y
 _0486_/Y
 _0487_/Y
 _0488_/X
 _0489_/X
 _0490_/X
 _0491_/X
 _0492_/X
 _0493_/X
 _0494_/X
 _0495_/X
 _0496_/X
 _0497_/X
 _0498_/X
 _0499_/X
 _0500_/X
 _0501_/X
 _0502_/X
 _0503_/X
 _0504_/X
 _0505_/X
 _0506_/X
 _0507_/X
 _0508_/X
 _0509_/X
 _0510_/Y
 _0511_/X
 _0512_/X
 _0513_/X
 _0514_/X
 _0515_/X
 _0516_/X
 _0517_/X
 _0518_/X
 _0519_/X
 _0520_/Y
 _0521_/X
 _0522_/X
 _0523_/X
 _0524_/X
 _0525_/X
 _0526_/X
 _0527_/X
 _0528_/X
 _0529_/X
 _0530_/X
 _0531_/X
 _0532_/X
 _0533_/X
 _0534_/X
 _0535_/X
 _0536_/X
 _0537_/X
 _0538_/X
 _0539_/X
 _0540_/X
 _0541_/X
 _0542_/X
 _0543_/X
 _0544_/X
 _0545_/X
 _0546_/X
 _0547_/X
 _0548_/X
 _0549_/X
 _0550_/X
 _0551_/X
 _0552_/X
 _0553_/X
 _0554_/X
 _0555_/X
 _0556_/X
 _0557_/X
 _0558_/X
 _0559_/X
 _0560_/X
 _0561_/X
 _0562_/X
 _0563_/X
 _0564_/X
 _0565_/X
 _0566_/X
 _0567_/X
 _0568_/X
 _0569_/X
 _0570_/X
 _0571_/X
 _0572_/X
 _0573_/X
 _0574_/X
 _0575_/X
 _0576_/X
 _0577_/X
 _0578_/X
 _0579_/X
 _0580_/X
 _0581_/X
 _0582_/X
 _0583_/X
 _0584_/X
 _0585_/X
 _0586_/X
 _0587_/X
 _0588_/X
 _0589_/X
 _0590_/X
 _0591_/X
 _0592_/X
 _0593_/X
 _0594_/X
 _0595_/X
 _0596_/X
 _0597_/X
 _0598_/X
 _0599_/X
 _0600_/X
 _0601_/X
 _0602_/X
 _0603_/X
 _0604_/X
 _0605_/Y
 _0606_/X
 _0607_/X
 _0608_/X
 _0609_/X
 _0610_/X
 _0611_/X
 _0612_/X
 _0613_/X
 _0614_/X
 _0615_/X
 _0616_/X
 _0617_/X
 _0618_/X
 _0619_/X
 _0620_/X
 _0621_/X
 _0622_/X
 _0623_/X
 _0624_/X
 _0625_/X
 _0626_/X
 _0627_/X
 _0628_/X
 _0629_/X
 _0630_/X
 _0631_/X
 _0632_/X
 _0633_/X
 _0634_/X
 _0635_/X
 _0636_/X
 _0637_/X
 _0638_/X
 _0639_/X
 _0640_/X
 _0641_/X
 _0642_/X
 _0643_/X
 _0644_/X
 _0645_/X
 _0646_/X
 _0647_/X
 _0648_/X
 _0649_/X
 _0650_/X
 _0651_/X
 _0652_/X
 _0653_/X
 _0654_/X
 _0655_/X
 _0656_/X
 _0657_/X
 _0658_/X
 _0659_/X
 _0660_/X
 _0661_/X
 _0662_/X
 _0663_/X
 _0664_/X
 _0665_/X
 _0666_/X
 _0667_/X
 _0668_/X
 _0669_/X
 _0670_/X
 _0671_/X
 _0672_/X
 _0673_/X
 _0674_/X
 _0675_/X
 _0676_/X
 _0677_/X
 _0678_/X
 _0679_/Y
 _0680_/X
 _0681_/X
 _0682_/X
 _0683_/X
 _0684_/X
 _0685_/X
 _0686_/X
 _0687_/X
 _0688_/X
 _0689_/X
 _0690_/X
 _0691_/X
 _0692_/X
 _0693_/X
 _0694_/X
 _0695_/X
 _0696_/X
 _0697_/X
 _0698_/Y
 _0699_/X
 _0700_/X
 _0701_/X
 _0702_/X
 _0703_/X
 _0704_/X
 _0705_/X
 _0706_/X
 _0707_/X
 _0708_/X
 _0709_/X
 _0710_/X
 _0711_/X
 _0712_/X
 _0713_/X
 _0714_/X
 _0715_/X
 _0716_/Y
 _0717_/X
 _0718_/X
 _0719_/X
 _0720_/X
 _0721_/X
 _0722_/X
 _0723_/X
 _0724_/X
 _0725_/X
 _0726_/X
 _0727_/X
 _0728_/X
 _0729_/X
 _0730_/X
 _0731_/X
 _0732_/X
 _0733_/X
 _0734_/Y
 _0735_/X
 _0736_/X
 _0737_/X
 _0738_/X
 _0739_/X
 _0740_/X
 _0741_/X
 _0742_/X
 _0743_/X
 _0744_/X
 _0745_/X
 _0746_/X
 _0747_/X
 _0748_/X
 _0749_/X
 _0750_/X
 _0751_/X
 _0752_/X
 _0753_/X
 _0754_/X
 _0755_/X
 _0756_/X
 _0757_/X
 _0758_/X
 _0759_/X
 _0760_/X
 _0761_/X
 _0762_/X
 _0763_/X
 _0764_/X
 _0765_/X
 _0766_/X
 _0767_/X
 _0768_/X
 _0769_/X
 _0770_/X
 _0771_/X
 _0772_/X
 _0773_/X
 _0774_/X
 _0775_/X
 _0776_/X
 _0777_/X
 _0778_/X
 _0779_/X
 _0780_/X
 _0781_/X
 _0782_/X
 _0783_/X
 _0784_/X
 _0785_/X
 _0786_/X
 _0787_/Y
 _0788_/X
 _0789_/X
 _0790_/X
 _0791_/X
 _0792_/X
 _0793_/X
 _0794_/X
 _0795_/X
 _0796_/X
 _0797_/X
 _0798_/X
 _0799_/X
 _0800_/X
 _0801_/X
 _0802_/X
 _0803_/X
 _0804_/X
 _0805_/X
 _0806_/X
 _0807_/X
 _0808_/Y
 _0809_/X
 _0810_/X
 _0811_/X
 _0812_/X
 _0813_/X
 _0814_/X
 _0815_/X
 _0816_/X
 _0817_/Y
 _0818_/X
 _0819_/X
 _0820_/X
 _0821_/X
 _0822_/X
 _0823_/X
 _0824_/X
 _0825_/X
 _0826_/X
 _0827_/X
 _0828_/X
 _0829_/X
 _0830_/X
 _0831_/X
 _0832_/X
 _0833_/X
 _0834_/X
 _0835_/Y
 _0836_/Y
 _0837_/X
 _0838_/X
 _0839_/X
 _0840_/X
 _0841_/Y
 _0842_/X
 _0843_/Y
 _0844_/Y
 _0845_/X
 _0846_/X
 _0847_/Y
 _0848_/Y
 _0849_/X
 _0850_/X
 _0851_/X
 _0852_/Y
 _0853_/X
 _0854_/X
 _0855_/X
 _0856_/X
 _0857_/X
 _0858_/X
 _0859_/Y
 _0860_/X
 _0861_/Y
 _0862_/X
 _0863_/X
 _0864_/X
 _0865_/Y
 _0866_/X
 _0867_/X
 _0868_/Y
 _0869_/X
 _0870_/X
 _0871_/X
 _0872_/X
 _0873_/X
 _0874_/X
 _0875_/X
 _0876_/X
 _0877_/X
 _0878_/X
 _0879_/X
 _0880_/X
 _0881_/X
 _0882_/X
 _0883_/X
 _0884_/X
 _0885_/X
 _0886_/X
 _0887_/X
 _0888_/Y
 _0889_/X
 _0890_/X
 _0891_/X
 _0892_/X
 _0893_/X
 _0894_/X
 _0895_/X
 _0896_/X
 _0897_/X
 _0898_/X
 _0899_/X
 _0900_/X
 _0901_/X
 _0902_/X
 _0903_/X
 _0904_/X
 _0905_/X
 _0906_/Q
 _0907_/Q
 _0908_/Q
 _0909_/Q
 _0910_/Q
 _0911_/Q
 _0912_/Q
 _0913_/Q
 _0914_/Q
 _0915_/Q
 _0916_/Q
 _0917_/Q
 _0918_/Q
 _0919_/Q
 _0920_/Q
 _0921_/Q
 _0922_/Q
 _0923_/Q
 _0924_/Q
 _0925_/Q
 _0926_/Q
 _0927_/Q
 _0928_/Q
 _0929_/Q
 _0930_/Q
 _0931_/Q
 _0932_/Q
 _0933_/Q
 _0934_/Q
 _0935_/Q
 _0936_/Q
 _0937_/Q
 _0938_/Q
 _0939_/Q
 _0940_/Q
 _0941_/Q
 _0942_/Q
 _0943_/Q
 _0944_/Q
 _0945_/Q
 _0946_/Q
 _0947_/Q
 _0948_/Q
 _0949_/Q
 _0950_/Q
 _0951_/Q
 _0952_/Q
 _0953_/Q
 _0954_/Q
 _0955_/Q
 _0956_/Q
 _0957_/Q
 _0958_/Q
 _0959_/Q
 _0960_/Q
 _0961_/Q
 _0962_/Q
 _0963_/Q
 _0964_/Q
 _0965_/Q
 _0966_/Q
 _0967_/Q
 _0968_/Q
 _0969_/Q
 _0970_/Q
 _0971_/Q
 _0972_/Q
 _0973_/Q
 _0974_/Q
 _0975_/Q
 _0976_/Q
 _0977_/Q
 _0978_/Q
 _0979_/Q
 _0980_/Q
 _0981_/Q
 _0982_/Q
 _0983_/Q
 _0984_/Q
 _0985_/Q
 _0986_/Q
 _0987_/Q
 _0988_/Q
 _0989_/Q
 _0990_/Q
 _0991_/Q
 _0992_/Q
 _0993_/Q
 _0994_/Q
 _0995_/Q
 _0996_/Q
 _0997_/Q
 _0998_/Q
 _0999_/Q
 _1000_/Q
 _1001_/Q
 _1002_/Q
 _1003_/Q
 _1004_/Q
 _1005_/Q
 _1006_/Q
 _1007_/Q
 _1008_/Q
 _1009_/Q
 _1010_/Q
 _1011_/Q
 _1012_/Q
 _1013_/Q
 _1014_/Q
 _1015_/Q
 _1016_/Q
 _1017_/Q
 _1018_/Q
 _1019_/Q
 _1020_/Q
 _1021_/Q
 _1022_/Q
 _1023_/Q
 _1024_/Q
 _1025_/Q
 _1026_/Q
 _1027_/Q
 _1028_/Q
 _1029_/Q
 _1030_/Q
 _1031_/Q
 _1032_/Q
 _1033_/Q
 _1034_/Q
 _1035_/Q
 _1036_/Q
 _1037_/Q
 _1038_/Q
 _1039_/Q
 _1040_/Q
 _1041_/Q
 _1042_/Q
 _1043_/Q
 _1044_/Q
 _1045_/Q
 _1046_/Q
 _1047_/Q
 _1048_/Q
 _1049_/Q
 _1050_/Q
 _1051_/Q
 _1052_/Q
 _1053_/Q
 _1054_/Q
 _1055_/Q
 _1056_/Q
 _1057_/Q
 _1058_/Q
 _1059_/Q
 _1060_/Q
 _1061_/Q
 _1062_/Q
 _1063_/Q
 _1064_/Q
 _1065_/Q
 _1066_/Q
 _1067_/Q
 _1068_/Q
 _1069_/Q
 _1070_/Q
 _1071_/Q
 _1072_/Q
 _1073_/Q
 _1074_/Q
 _1075_/Q
 _1076_/Q
 _1077_/Q
 _1078_/Q
 _1079_/Q
Found 0 partially unannotated drivers.

===========================================================================
max slew violation count 115
max fanout violation count 3
max cap violation count 0
============================================================================

===========================================================================
check_setup -verbose -unconstrained_endpoints -multiple_clock -no_clock -no_input_delay -loops -generated_clocks
===========================================================================
Warning: There are 27 unclocked register/latch pins.
  _0914_/CLK
  _0915_/CLK
  _0916_/CLK
  _0917_/CLK
  _0918_/CLK
  _0919_/CLK
  _0920_/CLK
  _0921_/CLK
  _1031_/CLK
  _1032_/CLK
  _1033_/CLK
  _1034_/CLK
  _1035_/CLK
  _1036_/CLK
  _1037_/CLK
  _1038_/CLK
  _1039_/CLK
  _1040_/CLK
  _1051_/CLK
  _1052_/CLK
  _1053_/CLK
  _1054_/CLK
  _1055_/CLK
  _1056_/CLK
  _1057_/CLK
  _1058_/CLK
  _1059_/CLK
Warning: There are 41 unconstrained endpoints.
  empty
  r_data[0]
  r_data[1]
  r_data[2]
  r_data[3]
  r_data[4]
  r_data[5]
  r_data[6]
  r_data[7]
  _0914_/D
  _0915_/D
  _0916_/D
  _0917_/D
  _0918_/D
  _0919_/D
  _0920_/D
  _0921_/D
  _1031_/D
  _1032_/D
  _1033_/D
  _1034_/D
  _1035_/D
  _1036_/D
  _1037_/D
  _1038_/D
  _1039_/D
  _1040_/D
  _1041_/D
  _1042_/D
  _1043_/D
  _1044_/D
  _1045_/D
  _1051_/D
  _1052_/D
  _1053_/D
  _1054_/D
  _1055_/D
  _1056_/D
  _1057_/D
  _1058_/D
  _1059_/D
checks_report_end
power_report

===========================================================================
 report_power
============================================================================
======================= Typical Corner ===================================

Group                  Internal  Switching    Leakage      Total
                          Power      Power      Power      Power (Watts)
----------------------------------------------------------------
Sequential             1.02e-03   1.86e-04   1.55e-09   1.20e-03  50.6%
Combinational          8.80e-04   2.97e-04   1.42e-09   1.18e-03  49.4%
Macro                  0.00e+00   0.00e+00   0.00e+00   0.00e+00   0.0%
Pad                    0.00e+00   0.00e+00   0.00e+00   0.00e+00   0.0%
----------------------------------------------------------------
Total                  1.90e-03   4.84e-04   2.98e-09   2.38e-03 100.0%
                          79.7%      20.3%       0.0%

power_report_end
skew_report

===========================================================================
report_clock_skew
============================================================================
Clock w_clk
Latency      CRPR       Skew
_1055_/CLK ^
   2.17
_1041_/CLK ^
   0.81      0.00       1.36

skew_report_end
summary_report

===========================================================================
report_tns
============================================================================
tns 0.00

===========================================================================
report_wns
============================================================================
wns 0.00

===========================================================================
report_worst_slack -max (Setup)
============================================================================
worst slack 4.74

===========================================================================
report_worst_slack -min (Hold)
============================================================================
worst slack 0.11
summary_report_end
[WARNING] Did not save OpenROAD database!
Writing SDF to '/openlane/designs/AsynFifo/runs/run2/results/synthesis/AsynFifo.sdf'…
