
===========================================================================
report_checks -path_delay min (Hold)
============================================================================
======================= Typical Corner ===================================

Startpoint: _1022_ (rising edge-triggered flip-flop clocked by w_clk)
Endpoint: _1022_ (rising edge-triggered flip-flop clocked by w_clk)
Path Group: w_clk
Path Type: min

Fanout     Cap    Slew   Delay    Time   Description
-----------------------------------------------------------------------------
                          0.00    0.00   clock w_clk (rise edge)
                          0.00    0.00   clock source latency
                  0.26    0.18    0.18 ^ w_clk (in)
     1    0.06                           w_clk (net)
                  0.26    0.00    0.18 ^ clkbuf_0_w_clk/A (sky130_fd_sc_hd__clkbuf_16)
                  0.09    0.22    0.40 ^ clkbuf_0_w_clk/X (sky130_fd_sc_hd__clkbuf_16)
    16    0.07                           clknet_0_w_clk (net)
                  0.09    0.00    0.40 ^ clkbuf_4_5_0_w_clk/A (sky130_fd_sc_hd__clkbuf_8)
                  0.04    0.13    0.53 ^ clkbuf_4_5_0_w_clk/X (sky130_fd_sc_hd__clkbuf_8)
     7    0.01                           clknet_4_5_0_w_clk (net)
                  0.04    0.00    0.53 ^ _1022_/CLK (sky130_fd_sc_hd__dfrtp_1)
                  0.12    0.35    0.88 ^ _1022_/Q (sky130_fd_sc_hd__dfrtp_1)
     3    0.01                           w_ptr_b[4] (net)
                  0.12    0.00    0.88 ^ _0815_/A0 (sky130_fd_sc_hd__mux2_1)
                  0.04    0.13    1.01 ^ _0815_/X (sky130_fd_sc_hd__mux2_1)
     1    0.00                           _0399_ (net)
                  0.04    0.00    1.01 ^ _0816_/A (sky130_fd_sc_hd__clkbuf_1)
                  0.05    0.08    1.09 ^ _0816_/X (sky130_fd_sc_hd__clkbuf_1)
     1    0.00                           _0116_ (net)
                  0.05    0.00    1.09 ^ _1022_/D (sky130_fd_sc_hd__dfrtp_1)
                                  1.09   data arrival time

                          0.00    0.00   clock w_clk (rise edge)
                          0.00    0.00   clock source latency
                  0.26    0.20    0.20 ^ w_clk (in)
     1    0.06                           w_clk (net)
                  0.26    0.00    0.20 ^ clkbuf_0_w_clk/A (sky130_fd_sc_hd__clkbuf_16)
                  0.09    0.24    0.44 ^ clkbuf_0_w_clk/X (sky130_fd_sc_hd__clkbuf_16)
    16    0.07                           clknet_0_w_clk (net)
                  0.09    0.00    0.44 ^ clkbuf_4_5_0_w_clk/A (sky130_fd_sc_hd__clkbuf_8)
                  0.04    0.14    0.58 ^ clkbuf_4_5_0_w_clk/X (sky130_fd_sc_hd__clkbuf_8)
     7    0.01                           clknet_4_5_0_w_clk (net)
                  0.04    0.00    0.58 ^ _1022_/CLK (sky130_fd_sc_hd__dfrtp_1)
                          0.25    0.83   clock uncertainty
                         -0.06    0.78   clock reconvergence pessimism
                         -0.04    0.74   library hold time
                                  0.74   data required time
-----------------------------------------------------------------------------
                                  0.74   data required time
                                 -1.09   data arrival time
-----------------------------------------------------------------------------
                                  0.35   slack (MET)


Startpoint: _1060_ (rising edge-triggered flip-flop clocked by w_clk)
Endpoint: _1060_ (rising edge-triggered flip-flop clocked by w_clk)
Path Group: w_clk
Path Type: min

Fanout     Cap    Slew   Delay    Time   Description
-----------------------------------------------------------------------------
                          0.00    0.00   clock w_clk (rise edge)
                          0.00    0.00   clock source latency
                  0.26    0.18    0.18 ^ w_clk (in)
     1    0.06                           w_clk (net)
                  0.26    0.00    0.18 ^ clkbuf_0_w_clk/A (sky130_fd_sc_hd__clkbuf_16)
                  0.09    0.22    0.40 ^ clkbuf_0_w_clk/X (sky130_fd_sc_hd__clkbuf_16)
    16    0.07                           clknet_0_w_clk (net)
                  0.09    0.00    0.40 ^ clkbuf_4_6_0_w_clk/A (sky130_fd_sc_hd__clkbuf_8)
                  0.05    0.14    0.54 ^ clkbuf_4_6_0_w_clk/X (sky130_fd_sc_hd__clkbuf_8)
     6    0.02                           clknet_4_6_0_w_clk (net)
                  0.05    0.00    0.54 ^ _1060_/CLK (sky130_fd_sc_hd__dfrtp_1)
                  0.05    0.31    0.85 ^ _1060_/Q (sky130_fd_sc_hd__dfrtp_1)
     1    0.00                           w_ptr_b[0] (net)
                  0.05    0.00    0.85 ^ _0453_/A (sky130_fd_sc_hd__clkbuf_4)
                  0.13    0.19    1.03 ^ _0453_/X (sky130_fd_sc_hd__clkbuf_4)
    13    0.04                           _0155_ (net)
                  0.13    0.00    1.04 ^ _0862_/A (sky130_fd_sc_hd__xor2_1)
                  0.04    0.08    1.12 v _0862_/X (sky130_fd_sc_hd__xor2_1)
     1    0.00                           _0134_ (net)
                  0.04    0.00    1.12 v _1060_/D (sky130_fd_sc_hd__dfrtp_1)
                                  1.12   data arrival time

                          0.00    0.00   clock w_clk (rise edge)
                          0.00    0.00   clock source latency
                  0.26    0.20    0.20 ^ w_clk (in)
     1    0.06                           w_clk (net)
                  0.26    0.00    0.20 ^ clkbuf_0_w_clk/A (sky130_fd_sc_hd__clkbuf_16)
                  0.09    0.24    0.44 ^ clkbuf_0_w_clk/X (sky130_fd_sc_hd__clkbuf_16)
    16    0.07                           clknet_0_w_clk (net)
                  0.09    0.00    0.44 ^ clkbuf_4_6_0_w_clk/A (sky130_fd_sc_hd__clkbuf_8)
                  0.05    0.16    0.60 ^ clkbuf_4_6_0_w_clk/X (sky130_fd_sc_hd__clkbuf_8)
     6    0.02                           clknet_4_6_0_w_clk (net)
                  0.05    0.00    0.60 ^ _1060_/CLK (sky130_fd_sc_hd__dfrtp_1)
                          0.25    0.85   clock uncertainty
                         -0.06    0.79   clock reconvergence pessimism
                         -0.04    0.75   library hold time
                                  0.75   data required time
-----------------------------------------------------------------------------
                                  0.75   data required time
                                 -1.12   data arrival time
-----------------------------------------------------------------------------
                                  0.37   slack (MET)


Startpoint: _1063_ (rising edge-triggered flip-flop clocked by w_clk)
Endpoint: _1063_ (rising edge-triggered flip-flop clocked by w_clk)
Path Group: w_clk
Path Type: min

Fanout     Cap    Slew   Delay    Time   Description
-----------------------------------------------------------------------------
                          0.00    0.00   clock w_clk (rise edge)
                          0.00    0.00   clock source latency
                  0.26    0.18    0.18 ^ w_clk (in)
     1    0.06                           w_clk (net)
                  0.26    0.00    0.18 ^ clkbuf_0_w_clk/A (sky130_fd_sc_hd__clkbuf_16)
                  0.09    0.22    0.40 ^ clkbuf_0_w_clk/X (sky130_fd_sc_hd__clkbuf_16)
    16    0.07                           clknet_0_w_clk (net)
                  0.09    0.00    0.40 ^ clkbuf_4_4_0_w_clk/A (sky130_fd_sc_hd__clkbuf_8)
                  0.04    0.13    0.53 ^ clkbuf_4_4_0_w_clk/X (sky130_fd_sc_hd__clkbuf_8)
     7    0.01                           clknet_4_4_0_w_clk (net)
                  0.04    0.00    0.53 ^ _1063_/CLK (sky130_fd_sc_hd__dfrtp_4)
                  0.11    0.43    0.95 ^ _1063_/Q (sky130_fd_sc_hd__dfrtp_4)
     9    0.03                           w_ptr_b[3] (net)
                  0.11    0.00    0.95 ^ _0869_/A0 (sky130_fd_sc_hd__mux2_1)
                  0.04    0.13    1.08 ^ _0869_/X (sky130_fd_sc_hd__mux2_1)
     1    0.00                           _0432_ (net)
                  0.04    0.00    1.08 ^ _0870_/A (sky130_fd_sc_hd__clkbuf_1)
                  0.05    0.08    1.16 ^ _0870_/X (sky130_fd_sc_hd__clkbuf_1)
     1    0.00                           _0137_ (net)
                  0.05    0.00    1.16 ^ _1063_/D (sky130_fd_sc_hd__dfrtp_4)
                                  1.16   data arrival time

                          0.00    0.00   clock w_clk (rise edge)
                          0.00    0.00   clock source latency
                  0.26    0.20    0.20 ^ w_clk (in)
     1    0.06                           w_clk (net)
                  0.26    0.00    0.20 ^ clkbuf_0_w_clk/A (sky130_fd_sc_hd__clkbuf_16)
                  0.09    0.24    0.44 ^ clkbuf_0_w_clk/X (sky130_fd_sc_hd__clkbuf_16)
    16    0.07                           clknet_0_w_clk (net)
                  0.09    0.00    0.44 ^ clkbuf_4_4_0_w_clk/A (sky130_fd_sc_hd__clkbuf_8)
                  0.04    0.14    0.58 ^ clkbuf_4_4_0_w_clk/X (sky130_fd_sc_hd__clkbuf_8)
     7    0.01                           clknet_4_4_0_w_clk (net)
                  0.04    0.00    0.58 ^ _1063_/CLK (sky130_fd_sc_hd__dfrtp_4)
                          0.25    0.83   clock uncertainty
                         -0.06    0.78   clock reconvergence pessimism
                         -0.04    0.74   library hold time
                                  0.74   data required time
-----------------------------------------------------------------------------
                                  0.74   data required time
                                 -1.16   data arrival time
-----------------------------------------------------------------------------
                                  0.42   slack (MET)


Startpoint: _1062_ (rising edge-triggered flip-flop clocked by w_clk)
Endpoint: _1062_ (rising edge-triggered flip-flop clocked by w_clk)
Path Group: w_clk
Path Type: min

Fanout     Cap    Slew   Delay    Time   Description
-----------------------------------------------------------------------------
                          0.00    0.00   clock w_clk (rise edge)
                          0.00    0.00   clock source latency
                  0.26    0.18    0.18 ^ w_clk (in)
     1    0.06                           w_clk (net)
                  0.26    0.00    0.18 ^ clkbuf_0_w_clk/A (sky130_fd_sc_hd__clkbuf_16)
                  0.09    0.22    0.40 ^ clkbuf_0_w_clk/X (sky130_fd_sc_hd__clkbuf_16)
    16    0.07                           clknet_0_w_clk (net)
                  0.09    0.00    0.40 ^ clkbuf_4_6_0_w_clk/A (sky130_fd_sc_hd__clkbuf_8)
                  0.05    0.14    0.54 ^ clkbuf_4_6_0_w_clk/X (sky130_fd_sc_hd__clkbuf_8)
     6    0.02                           clknet_4_6_0_w_clk (net)
                  0.05    0.00    0.54 ^ _1062_/CLK (sky130_fd_sc_hd__dfrtp_4)
                  0.12    0.44    0.98 ^ _1062_/Q (sky130_fd_sc_hd__dfrtp_4)
    12    0.03                           w_ptr_b[2] (net)
                  0.12    0.00    0.98 ^ _0866_/A0 (sky130_fd_sc_hd__mux2_1)
                  0.04    0.13    1.11 ^ _0866_/X (sky130_fd_sc_hd__mux2_1)
     1    0.00                           _0430_ (net)
                  0.04    0.00    1.11 ^ _0867_/A (sky130_fd_sc_hd__clkbuf_1)
                  0.04    0.07    1.18 ^ _0867_/X (sky130_fd_sc_hd__clkbuf_1)
     1    0.00                           _0136_ (net)
                  0.04    0.00    1.18 ^ _1062_/D (sky130_fd_sc_hd__dfrtp_4)
                                  1.18   data arrival time

                          0.00    0.00   clock w_clk (rise edge)
                          0.00    0.00   clock source latency
                  0.26    0.20    0.20 ^ w_clk (in)
     1    0.06                           w_clk (net)
                  0.26    0.00    0.20 ^ clkbuf_0_w_clk/A (sky130_fd_sc_hd__clkbuf_16)
                  0.09    0.24    0.44 ^ clkbuf_0_w_clk/X (sky130_fd_sc_hd__clkbuf_16)
    16    0.07                           clknet_0_w_clk (net)
                  0.09    0.00    0.44 ^ clkbuf_4_6_0_w_clk/A (sky130_fd_sc_hd__clkbuf_8)
                  0.05    0.16    0.60 ^ clkbuf_4_6_0_w_clk/X (sky130_fd_sc_hd__clkbuf_8)
     6    0.02                           clknet_4_6_0_w_clk (net)
                  0.05    0.00    0.60 ^ _1062_/CLK (sky130_fd_sc_hd__dfrtp_4)
                          0.25    0.85   clock uncertainty
                         -0.06    0.79   clock reconvergence pessimism
                         -0.03    0.76   library hold time
                                  0.76   data required time
-----------------------------------------------------------------------------
                                  0.76   data required time
                                 -1.18   data arrival time
-----------------------------------------------------------------------------
                                  0.42   slack (MET)


Startpoint: _1061_ (rising edge-triggered flip-flop clocked by w_clk)
Endpoint: _1061_ (rising edge-triggered flip-flop clocked by w_clk)
Path Group: w_clk
Path Type: min

Fanout     Cap    Slew   Delay    Time   Description
-----------------------------------------------------------------------------
                          0.00    0.00   clock w_clk (rise edge)
                          0.00    0.00   clock source latency
                  0.26    0.18    0.18 ^ w_clk (in)
     1    0.06                           w_clk (net)
                  0.26    0.00    0.18 ^ clkbuf_0_w_clk/A (sky130_fd_sc_hd__clkbuf_16)
                  0.09    0.22    0.40 ^ clkbuf_0_w_clk/X (sky130_fd_sc_hd__clkbuf_16)
    16    0.07                           clknet_0_w_clk (net)
                  0.09    0.00    0.40 ^ clkbuf_4_4_0_w_clk/A (sky130_fd_sc_hd__clkbuf_8)
                  0.04    0.13    0.53 ^ clkbuf_4_4_0_w_clk/X (sky130_fd_sc_hd__clkbuf_8)
     7    0.01                           clknet_4_4_0_w_clk (net)
                  0.04    0.00    0.53 ^ _1061_/CLK (sky130_fd_sc_hd__dfrtp_4)
                  0.14    0.45    0.98 ^ _1061_/Q (sky130_fd_sc_hd__dfrtp_4)
    11    0.04                           w_ptr_b[1] (net)
                  0.14    0.00    0.98 ^ _0863_/A0 (sky130_fd_sc_hd__mux2_1)
                  0.04    0.14    1.12 ^ _0863_/X (sky130_fd_sc_hd__mux2_1)
     1    0.00                           _0428_ (net)
                  0.04    0.00    1.12 ^ _0864_/A (sky130_fd_sc_hd__clkbuf_1)
                  0.06    0.08    1.20 ^ _0864_/X (sky130_fd_sc_hd__clkbuf_1)
     1    0.00                           _0135_ (net)
                  0.06    0.00    1.20 ^ _1061_/D (sky130_fd_sc_hd__dfrtp_4)
                                  1.20   data arrival time

                          0.00    0.00   clock w_clk (rise edge)
                          0.00    0.00   clock source latency
                  0.26    0.20    0.20 ^ w_clk (in)
     1    0.06                           w_clk (net)
                  0.26    0.00    0.20 ^ clkbuf_0_w_clk/A (sky130_fd_sc_hd__clkbuf_16)
                  0.09    0.24    0.44 ^ clkbuf_0_w_clk/X (sky130_fd_sc_hd__clkbuf_16)
    16    0.07                           clknet_0_w_clk (net)
                  0.09    0.00    0.44 ^ clkbuf_4_4_0_w_clk/A (sky130_fd_sc_hd__clkbuf_8)
                  0.04    0.14    0.58 ^ clkbuf_4_4_0_w_clk/X (sky130_fd_sc_hd__clkbuf_8)
     7    0.01                           clknet_4_4_0_w_clk (net)
                  0.04    0.00    0.58 ^ _1061_/CLK (sky130_fd_sc_hd__dfrtp_4)
                          0.25    0.83   clock uncertainty
                         -0.06    0.78   clock reconvergence pessimism
                         -0.04    0.74   library hold time
                                  0.74   data required time
-----------------------------------------------------------------------------
                                  0.74   data required time
                                 -1.20   data arrival time
-----------------------------------------------------------------------------
                                  0.46   slack (MET)


Startpoint: _1043_ (rising edge-triggered flip-flop clocked by w_clk)
Endpoint: _1048_ (rising edge-triggered flip-flop clocked by w_clk)
Path Group: w_clk
Path Type: min

Fanout     Cap    Slew   Delay    Time   Description
-----------------------------------------------------------------------------
                          0.00    0.00   clock w_clk (rise edge)
                          0.00    0.00   clock source latency
                  0.26    0.18    0.18 ^ w_clk (in)
     1    0.06                           w_clk (net)
                  0.26    0.00    0.18 ^ clkbuf_0_w_clk/A (sky130_fd_sc_hd__clkbuf_16)
                  0.09    0.22    0.40 ^ clkbuf_0_w_clk/X (sky130_fd_sc_hd__clkbuf_16)
    16    0.07                           clknet_0_w_clk (net)
                  0.09    0.00    0.40 ^ clkbuf_4_5_0_w_clk/A (sky130_fd_sc_hd__clkbuf_8)
                  0.04    0.13    0.53 ^ clkbuf_4_5_0_w_clk/X (sky130_fd_sc_hd__clkbuf_8)
     7    0.01                           clknet_4_5_0_w_clk (net)
                  0.04    0.00    0.53 ^ _1043_/CLK (sky130_fd_sc_hd__dfrtp_1)
                  0.05    0.30    0.83 ^ _1043_/Q (sky130_fd_sc_hd__dfrtp_1)
     1    0.00                           r_ptr_g_sync1[2] (net)
                  0.05    0.00    0.83 ^ hold2/A (sky130_fd_sc_hd__dlygate4sd3_1)
                  0.06    0.52    1.34 ^ hold2/X (sky130_fd_sc_hd__dlygate4sd3_1)
     1    0.00                           net32 (net)
                  0.06    0.00    1.34 ^ _1048_/D (sky130_fd_sc_hd__dfrtp_1)
                                  1.34   data arrival time

                          0.00    0.00   clock w_clk (rise edge)
                          0.00    0.00   clock source latency
                  0.26    0.20    0.20 ^ w_clk (in)
     1    0.06                           w_clk (net)
                  0.26    0.00    0.20 ^ clkbuf_0_w_clk/A (sky130_fd_sc_hd__clkbuf_16)
                  0.09    0.24    0.44 ^ clkbuf_0_w_clk/X (sky130_fd_sc_hd__clkbuf_16)
    16    0.07                           clknet_0_w_clk (net)
                  0.09    0.00    0.44 ^ clkbuf_4_7_0_w_clk/A (sky130_fd_sc_hd__clkbuf_8)
                  0.05    0.15    0.59 ^ clkbuf_4_7_0_w_clk/X (sky130_fd_sc_hd__clkbuf_8)
     8    0.02                           clknet_4_7_0_w_clk (net)
                  0.05    0.00    0.59 ^ _1048_/CLK (sky130_fd_sc_hd__dfrtp_1)
                          0.25    0.84   clock uncertainty
                         -0.04    0.79   clock reconvergence pessimism
                         -0.04    0.76   library hold time
                                  0.76   data required time
-----------------------------------------------------------------------------
                                  0.76   data required time
                                 -1.34   data arrival time
-----------------------------------------------------------------------------
                                  0.59   slack (MET)


Startpoint: _1042_ (rising edge-triggered flip-flop clocked by w_clk)
Endpoint: _1047_ (rising edge-triggered flip-flop clocked by w_clk)
Path Group: w_clk
Path Type: min

Fanout     Cap    Slew   Delay    Time   Description
-----------------------------------------------------------------------------
                          0.00    0.00   clock w_clk (rise edge)
                          0.00    0.00   clock source latency
                  0.26    0.18    0.18 ^ w_clk (in)
     1    0.06                           w_clk (net)
                  0.26    0.00    0.18 ^ clkbuf_0_w_clk/A (sky130_fd_sc_hd__clkbuf_16)
                  0.09    0.22    0.40 ^ clkbuf_0_w_clk/X (sky130_fd_sc_hd__clkbuf_16)
    16    0.07                           clknet_0_w_clk (net)
                  0.09    0.00    0.40 ^ clkbuf_4_4_0_w_clk/A (sky130_fd_sc_hd__clkbuf_8)
                  0.04    0.13    0.53 ^ clkbuf_4_4_0_w_clk/X (sky130_fd_sc_hd__clkbuf_8)
     7    0.01                           clknet_4_4_0_w_clk (net)
                  0.04    0.00    0.53 ^ _1042_/CLK (sky130_fd_sc_hd__dfrtp_1)
                  0.04    0.30    0.82 ^ _1042_/Q (sky130_fd_sc_hd__dfrtp_1)
     1    0.00                           r_ptr_g_sync1[1] (net)
                  0.04    0.00    0.82 ^ hold3/A (sky130_fd_sc_hd__dlygate4sd3_1)
                  0.05    0.51    1.33 ^ hold3/X (sky130_fd_sc_hd__dlygate4sd3_1)
     1    0.00                           net33 (net)
                  0.05    0.00    1.33 ^ _1047_/D (sky130_fd_sc_hd__dfrtp_1)
                                  1.33   data arrival time

                          0.00    0.00   clock w_clk (rise edge)
                          0.00    0.00   clock source latency
                  0.26    0.20    0.20 ^ w_clk (in)
     1    0.06                           w_clk (net)
                  0.26    0.00    0.20 ^ clkbuf_0_w_clk/A (sky130_fd_sc_hd__clkbuf_16)
                  0.09    0.24    0.44 ^ clkbuf_0_w_clk/X (sky130_fd_sc_hd__clkbuf_16)
    16    0.07                           clknet_0_w_clk (net)
                  0.09    0.00    0.44 ^ clkbuf_4_4_0_w_clk/A (sky130_fd_sc_hd__clkbuf_8)
                  0.04    0.14    0.58 ^ clkbuf_4_4_0_w_clk/X (sky130_fd_sc_hd__clkbuf_8)
     7    0.01                           clknet_4_4_0_w_clk (net)
                  0.04    0.00    0.58 ^ _1047_/CLK (sky130_fd_sc_hd__dfrtp_1)
                          0.25    0.83   clock uncertainty
                         -0.06    0.78   clock reconvergence pessimism
                         -0.04    0.74   library hold time
                                  0.74   data required time
-----------------------------------------------------------------------------
                                  0.74   data required time
                                 -1.33   data arrival time
-----------------------------------------------------------------------------
                                  0.59   slack (MET)


Startpoint: _1044_ (rising edge-triggered flip-flop clocked by w_clk)
Endpoint: _1049_ (rising edge-triggered flip-flop clocked by w_clk)
Path Group: w_clk
Path Type: min

Fanout     Cap    Slew   Delay    Time   Description
-----------------------------------------------------------------------------
                          0.00    0.00   clock w_clk (rise edge)
                          0.00    0.00   clock source latency
                  0.26    0.18    0.18 ^ w_clk (in)
     1    0.06                           w_clk (net)
                  0.26    0.00    0.18 ^ clkbuf_0_w_clk/A (sky130_fd_sc_hd__clkbuf_16)
                  0.09    0.22    0.40 ^ clkbuf_0_w_clk/X (sky130_fd_sc_hd__clkbuf_16)
    16    0.07                           clknet_0_w_clk (net)
                  0.09    0.00    0.40 ^ clkbuf_4_5_0_w_clk/A (sky130_fd_sc_hd__clkbuf_8)
                  0.04    0.13    0.53 ^ clkbuf_4_5_0_w_clk/X (sky130_fd_sc_hd__clkbuf_8)
     7    0.01                           clknet_4_5_0_w_clk (net)
                  0.04    0.00    0.53 ^ _1044_/CLK (sky130_fd_sc_hd__dfrtp_1)
                  0.05    0.30    0.83 ^ _1044_/Q (sky130_fd_sc_hd__dfrtp_1)
     1    0.00                           r_ptr_g_sync1[3] (net)
                  0.05    0.00    0.83 ^ hold4/A (sky130_fd_sc_hd__dlygate4sd3_1)
                  0.05    0.51    1.33 ^ hold4/X (sky130_fd_sc_hd__dlygate4sd3_1)
     1    0.00                           net34 (net)
                  0.05    0.00    1.33 ^ _1049_/D (sky130_fd_sc_hd__dfrtp_2)
                                  1.33   data arrival time

                          0.00    0.00   clock w_clk (rise edge)
                          0.00    0.00   clock source latency
                  0.26    0.20    0.20 ^ w_clk (in)
     1    0.06                           w_clk (net)
                  0.26    0.00    0.20 ^ clkbuf_0_w_clk/A (sky130_fd_sc_hd__clkbuf_16)
                  0.09    0.24    0.44 ^ clkbuf_0_w_clk/X (sky130_fd_sc_hd__clkbuf_16)
    16    0.07                           clknet_0_w_clk (net)
                  0.09    0.00    0.44 ^ clkbuf_4_5_0_w_clk/A (sky130_fd_sc_hd__clkbuf_8)
                  0.04    0.14    0.58 ^ clkbuf_4_5_0_w_clk/X (sky130_fd_sc_hd__clkbuf_8)
     7    0.01                           clknet_4_5_0_w_clk (net)
                  0.04    0.00    0.58 ^ _1049_/CLK (sky130_fd_sc_hd__dfrtp_2)
                          0.25    0.83   clock uncertainty
                         -0.06    0.78   clock reconvergence pessimism
                         -0.04    0.74   library hold time
                                  0.74   data required time
-----------------------------------------------------------------------------
                                  0.74   data required time
                                 -1.33   data arrival time
-----------------------------------------------------------------------------
                                  0.59   slack (MET)


Startpoint: _1045_ (rising edge-triggered flip-flop clocked by w_clk)
Endpoint: _1050_ (rising edge-triggered flip-flop clocked by w_clk)
Path Group: w_clk
Path Type: min

Fanout     Cap    Slew   Delay    Time   Description
-----------------------------------------------------------------------------
                          0.00    0.00   clock w_clk (rise edge)
                          0.00    0.00   clock source latency
                  0.26    0.18    0.18 ^ w_clk (in)
     1    0.06                           w_clk (net)
                  0.26    0.00    0.18 ^ clkbuf_0_w_clk/A (sky130_fd_sc_hd__clkbuf_16)
                  0.09    0.22    0.40 ^ clkbuf_0_w_clk/X (sky130_fd_sc_hd__clkbuf_16)
    16    0.07                           clknet_0_w_clk (net)
                  0.09    0.00    0.40 ^ clkbuf_4_5_0_w_clk/A (sky130_fd_sc_hd__clkbuf_8)
                  0.04    0.13    0.53 ^ clkbuf_4_5_0_w_clk/X (sky130_fd_sc_hd__clkbuf_8)
     7    0.01                           clknet_4_5_0_w_clk (net)
                  0.04    0.00    0.53 ^ _1045_/CLK (sky130_fd_sc_hd__dfrtp_1)
                  0.05    0.30    0.83 ^ _1045_/Q (sky130_fd_sc_hd__dfrtp_1)
     1    0.00                           r_ptr_g_sync1[4] (net)
                  0.05    0.00    0.83 ^ hold5/A (sky130_fd_sc_hd__dlygate4sd3_1)
                  0.05    0.51    1.33 ^ hold5/X (sky130_fd_sc_hd__dlygate4sd3_1)
     1    0.00                           net35 (net)
                  0.05    0.00    1.33 ^ _1050_/D (sky130_fd_sc_hd__dfrtp_1)
                                  1.33   data arrival time

                          0.00    0.00   clock w_clk (rise edge)
                          0.00    0.00   clock source latency
                  0.26    0.20    0.20 ^ w_clk (in)
     1    0.06                           w_clk (net)
                  0.26    0.00    0.20 ^ clkbuf_0_w_clk/A (sky130_fd_sc_hd__clkbuf_16)
                  0.09    0.24    0.44 ^ clkbuf_0_w_clk/X (sky130_fd_sc_hd__clkbuf_16)
    16    0.07                           clknet_0_w_clk (net)
                  0.09    0.00    0.44 ^ clkbuf_4_5_0_w_clk/A (sky130_fd_sc_hd__clkbuf_8)
                  0.04    0.14    0.58 ^ clkbuf_4_5_0_w_clk/X (sky130_fd_sc_hd__clkbuf_8)
     7    0.01                           clknet_4_5_0_w_clk (net)
                  0.04    0.00    0.58 ^ _1050_/CLK (sky130_fd_sc_hd__dfrtp_1)
                          0.25    0.83   clock uncertainty
                         -0.06    0.78   clock reconvergence pessimism
                         -0.04    0.74   library hold time
                                  0.74   data required time
-----------------------------------------------------------------------------
                                  0.74   data required time
                                 -1.33   data arrival time
-----------------------------------------------------------------------------
                                  0.59   slack (MET)


Startpoint: _1041_ (rising edge-triggered flip-flop clocked by w_clk)
Endpoint: _1046_ (rising edge-triggered flip-flop clocked by w_clk)
Path Group: w_clk
Path Type: min

Fanout     Cap    Slew   Delay    Time   Description
-----------------------------------------------------------------------------
                          0.00    0.00   clock w_clk (rise edge)
                          0.00    0.00   clock source latency
                  0.26    0.18    0.18 ^ w_clk (in)
     1    0.06                           w_clk (net)
                  0.26    0.00    0.18 ^ clkbuf_0_w_clk/A (sky130_fd_sc_hd__clkbuf_16)
                  0.09    0.22    0.40 ^ clkbuf_0_w_clk/X (sky130_fd_sc_hd__clkbuf_16)
    16    0.07                           clknet_0_w_clk (net)
                  0.09    0.00    0.40 ^ clkbuf_4_1_0_w_clk/A (sky130_fd_sc_hd__clkbuf_8)
                  0.05    0.14    0.54 ^ clkbuf_4_1_0_w_clk/X (sky130_fd_sc_hd__clkbuf_8)
     7    0.02                           clknet_4_1_0_w_clk (net)
                  0.05    0.00    0.54 ^ _1041_/CLK (sky130_fd_sc_hd__dfrtp_1)
                  0.04    0.30    0.84 ^ _1041_/Q (sky130_fd_sc_hd__dfrtp_1)
     1    0.00                           r_ptr_g_sync1[0] (net)
                  0.04    0.00    0.84 ^ hold1/A (sky130_fd_sc_hd__dlygate4sd3_1)
                  0.06    0.51    1.35 ^ hold1/X (sky130_fd_sc_hd__dlygate4sd3_1)
     1    0.00                           net31 (net)
                  0.06    0.00    1.35 ^ _1046_/D (sky130_fd_sc_hd__dfrtp_1)
                                  1.35   data arrival time

                          0.00    0.00   clock w_clk (rise edge)
                          0.00    0.00   clock source latency
                  0.26    0.20    0.20 ^ w_clk (in)
     1    0.06                           w_clk (net)
                  0.26    0.00    0.20 ^ clkbuf_0_w_clk/A (sky130_fd_sc_hd__clkbuf_16)
                  0.09    0.24    0.44 ^ clkbuf_0_w_clk/X (sky130_fd_sc_hd__clkbuf_16)
    16    0.07                           clknet_0_w_clk (net)
                  0.09    0.00    0.44 ^ clkbuf_4_4_0_w_clk/A (sky130_fd_sc_hd__clkbuf_8)
                  0.04    0.14    0.58 ^ clkbuf_4_4_0_w_clk/X (sky130_fd_sc_hd__clkbuf_8)
     7    0.01                           clknet_4_4_0_w_clk (net)
                  0.04    0.00    0.58 ^ _1046_/CLK (sky130_fd_sc_hd__dfrtp_1)
                          0.25    0.83   clock uncertainty
                         -0.04    0.79   clock reconvergence pessimism
                         -0.04    0.75   library hold time
                                  0.75   data required time
-----------------------------------------------------------------------------
                                  0.75   data required time
                                 -1.35   data arrival time
-----------------------------------------------------------------------------
                                  0.60   slack (MET)


Startpoint: _1061_ (rising edge-triggered flip-flop clocked by w_clk)
Endpoint: _1018_ (rising edge-triggered flip-flop clocked by w_clk)
Path Group: w_clk
Path Type: min

Fanout     Cap    Slew   Delay    Time   Description
-----------------------------------------------------------------------------
                          0.00    0.00   clock w_clk (rise edge)
                          0.00    0.00   clock source latency
                  0.26    0.18    0.18 ^ w_clk (in)
     1    0.06                           w_clk (net)
                  0.26    0.00    0.18 ^ clkbuf_0_w_clk/A (sky130_fd_sc_hd__clkbuf_16)
                  0.09    0.22    0.40 ^ clkbuf_0_w_clk/X (sky130_fd_sc_hd__clkbuf_16)
    16    0.07                           clknet_0_w_clk (net)
                  0.09    0.00    0.40 ^ clkbuf_4_4_0_w_clk/A (sky130_fd_sc_hd__clkbuf_8)
                  0.04    0.13    0.53 ^ clkbuf_4_4_0_w_clk/X (sky130_fd_sc_hd__clkbuf_8)
     7    0.01                           clknet_4_4_0_w_clk (net)
                  0.04    0.00    0.53 ^ _1061_/CLK (sky130_fd_sc_hd__dfrtp_4)
                  0.10    0.50    1.03 v _1061_/Q (sky130_fd_sc_hd__dfrtp_4)
    11    0.04                           w_ptr_b[1] (net)
                  0.10    0.00    1.03 v _0484_/A (sky130_fd_sc_hd__inv_2)
                  0.09    0.11    1.14 ^ _0484_/Y (sky130_fd_sc_hd__inv_2)
     5    0.02                           _0184_ (net)
                  0.09    0.00    1.14 ^ _0806_/A1 (sky130_fd_sc_hd__mux2_1)
                  0.04    0.13    1.26 ^ _0806_/X (sky130_fd_sc_hd__mux2_1)
     1    0.00                           _0394_ (net)
                  0.04    0.00    1.26 ^ _0807_/A (sky130_fd_sc_hd__clkbuf_1)
                  0.05    0.08    1.34 ^ _0807_/X (sky130_fd_sc_hd__clkbuf_1)
     1    0.00                           _0112_ (net)
                  0.05    0.00    1.34 ^ _1018_/D (sky130_fd_sc_hd__dfrtp_1)
                                  1.34   data arrival time

                          0.00    0.00   clock w_clk (rise edge)
                          0.00    0.00   clock source latency
                  0.26    0.20    0.20 ^ w_clk (in)
     1    0.06                           w_clk (net)
                  0.26    0.00    0.20 ^ clkbuf_0_w_clk/A (sky130_fd_sc_hd__clkbuf_16)
                  0.09    0.24    0.44 ^ clkbuf_0_w_clk/X (sky130_fd_sc_hd__clkbuf_16)
    16    0.07                           clknet_0_w_clk (net)
                  0.09    0.00    0.44 ^ clkbuf_4_4_0_w_clk/A (sky130_fd_sc_hd__clkbuf_8)
                  0.04    0.14    0.58 ^ clkbuf_4_4_0_w_clk/X (sky130_fd_sc_hd__clkbuf_8)
     7    0.01                           clknet_4_4_0_w_clk (net)
                  0.04    0.00    0.58 ^ _1018_/CLK (sky130_fd_sc_hd__dfrtp_1)
                          0.25    0.83   clock uncertainty
                         -0.06    0.78   clock reconvergence pessimism
                         -0.04    0.74   library hold time
                                  0.74   data required time
-----------------------------------------------------------------------------
                                  0.74   data required time
                                 -1.34   data arrival time
-----------------------------------------------------------------------------
                                  0.60   slack (MET)


Startpoint: _1049_ (rising edge-triggered flip-flop clocked by w_clk)
Endpoint: _1066_ (rising edge-triggered flip-flop clocked by w_clk)
Path Group: w_clk
Path Type: min

Fanout     Cap    Slew   Delay    Time   Description
-----------------------------------------------------------------------------
                          0.00    0.00   clock w_clk (rise edge)
                          0.00    0.00   clock source latency
                  0.26    0.18    0.18 ^ w_clk (in)
     1    0.06                           w_clk (net)
                  0.26    0.00    0.18 ^ clkbuf_0_w_clk/A (sky130_fd_sc_hd__clkbuf_16)
                  0.09    0.22    0.40 ^ clkbuf_0_w_clk/X (sky130_fd_sc_hd__clkbuf_16)
    16    0.07                           clknet_0_w_clk (net)
                  0.09    0.00    0.40 ^ clkbuf_4_5_0_w_clk/A (sky130_fd_sc_hd__clkbuf_8)
                  0.04    0.13    0.53 ^ clkbuf_4_5_0_w_clk/X (sky130_fd_sc_hd__clkbuf_8)
     7    0.01                           clknet_4_5_0_w_clk (net)
                  0.04    0.00    0.53 ^ _1049_/CLK (sky130_fd_sc_hd__dfrtp_2)
                  0.10    0.37    0.90 ^ _1049_/Q (sky130_fd_sc_hd__dfrtp_2)
     1    0.02                           r_ptr_g_sync2[3] (net)
                  0.10    0.00    0.90 ^ _0460_/A (sky130_fd_sc_hd__xnor2_4)
                  0.08    0.15    1.05 ^ _0460_/Y (sky130_fd_sc_hd__xnor2_4)
     4    0.02                           _0162_ (net)
                  0.08    0.00    1.05 ^ _0871_/A1 (sky130_fd_sc_hd__o211a_4)
                  0.10    0.21    1.26 ^ _0871_/X (sky130_fd_sc_hd__o211a_4)
     8    0.03                           _0433_ (net)
                  0.10    0.00    1.26 ^ _0876_/S (sky130_fd_sc_hd__mux2_1)
                  0.04    0.13    1.39 ^ _0876_/X (sky130_fd_sc_hd__mux2_1)
     1    0.00                           _0436_ (net)
                  0.04    0.00    1.39 ^ _0877_/A (sky130_fd_sc_hd__clkbuf_1)
                  0.03    0.07    1.46 ^ _0877_/X (sky130_fd_sc_hd__clkbuf_1)
     1    0.00                           _0140_ (net)
                  0.03    0.00    1.46 ^ _1066_/D (sky130_fd_sc_hd__dfxtp_1)
                                  1.46   data arrival time

                          0.00    0.00   clock w_clk (rise edge)
                          0.00    0.00   clock source latency
                  0.26    0.20    0.20 ^ w_clk (in)
     1    0.06                           w_clk (net)
                  0.26    0.00    0.20 ^ clkbuf_0_w_clk/A (sky130_fd_sc_hd__clkbuf_16)
                  0.09    0.24    0.44 ^ clkbuf_0_w_clk/X (sky130_fd_sc_hd__clkbuf_16)
    16    0.07                           clknet_0_w_clk (net)
                  0.09    0.00    0.44 ^ clkbuf_4_13_0_w_clk/A (sky130_fd_sc_hd__clkbuf_8)
                  0.10    0.19    0.63 ^ clkbuf_4_13_0_w_clk/X (sky130_fd_sc_hd__clkbuf_8)
    17    0.05                           clknet_4_13_0_w_clk (net)
                  0.10    0.00    0.63 ^ _1066_/CLK (sky130_fd_sc_hd__dfxtp_1)
                          0.25    0.88   clock uncertainty
                         -0.04    0.84   clock reconvergence pessimism
                         -0.02    0.82   library hold time
                                  0.82   data required time
-----------------------------------------------------------------------------
                                  0.82   data required time
                                 -1.46   data arrival time
-----------------------------------------------------------------------------
                                  0.63   slack (MET)


Startpoint: _1022_ (rising edge-triggered flip-flop clocked by w_clk)
Endpoint: _1021_ (rising edge-triggered flip-flop clocked by w_clk)
Path Group: w_clk
Path Type: min

Fanout     Cap    Slew   Delay    Time   Description
-----------------------------------------------------------------------------
                          0.00    0.00   clock w_clk (rise edge)
                          0.00    0.00   clock source latency
                  0.26    0.18    0.18 ^ w_clk (in)
     1    0.06                           w_clk (net)
                  0.26    0.00    0.18 ^ clkbuf_0_w_clk/A (sky130_fd_sc_hd__clkbuf_16)
                  0.09    0.22    0.40 ^ clkbuf_0_w_clk/X (sky130_fd_sc_hd__clkbuf_16)
    16    0.07                           clknet_0_w_clk (net)
                  0.09    0.00    0.40 ^ clkbuf_4_5_0_w_clk/A (sky130_fd_sc_hd__clkbuf_8)
                  0.04    0.13    0.53 ^ clkbuf_4_5_0_w_clk/X (sky130_fd_sc_hd__clkbuf_8)
     7    0.01                           clknet_4_5_0_w_clk (net)
                  0.04    0.00    0.53 ^ _1022_/CLK (sky130_fd_sc_hd__dfrtp_1)
                  0.08    0.38    0.90 v _1022_/Q (sky130_fd_sc_hd__dfrtp_1)
     3    0.01                           w_ptr_b[4] (net)
                  0.08    0.00    0.90 v _0452_/A (sky130_fd_sc_hd__inv_2)
                  0.05    0.07    0.97 ^ _0452_/Y (sky130_fd_sc_hd__inv_2)
     2    0.01                           _0154_ (net)
                  0.05    0.00    0.97 ^ _0459_/A0 (sky130_fd_sc_hd__mux2_2)
                  0.13    0.20    1.17 ^ _0459_/X (sky130_fd_sc_hd__mux2_2)
     2    0.02                           _0161_ (net)
                  0.13    0.00    1.18 ^ _0813_/A1 (sky130_fd_sc_hd__mux2_1)
                  0.05    0.14    1.32 ^ _0813_/X (sky130_fd_sc_hd__mux2_1)
     1    0.00                           _0398_ (net)
                  0.05    0.00    1.32 ^ _0814_/A (sky130_fd_sc_hd__clkbuf_1)
                  0.05    0.08    1.39 ^ _0814_/X (sky130_fd_sc_hd__clkbuf_1)
     1    0.00                           _0115_ (net)
                  0.05    0.00    1.39 ^ _1021_/D (sky130_fd_sc_hd__dfrtp_1)
                                  1.39   data arrival time

                          0.00    0.00   clock w_clk (rise edge)
                          0.00    0.00   clock source latency
                  0.26    0.20    0.20 ^ w_clk (in)
     1    0.06                           w_clk (net)
                  0.26    0.00    0.20 ^ clkbuf_0_w_clk/A (sky130_fd_sc_hd__clkbuf_16)
                  0.09    0.24    0.44 ^ clkbuf_0_w_clk/X (sky130_fd_sc_hd__clkbuf_16)
    16    0.07                           clknet_0_w_clk (net)
                  0.09    0.00    0.44 ^ clkbuf_4_5_0_w_clk/A (sky130_fd_sc_hd__clkbuf_8)
                  0.04    0.14    0.58 ^ clkbuf_4_5_0_w_clk/X (sky130_fd_sc_hd__clkbuf_8)
     7    0.01                           clknet_4_5_0_w_clk (net)
                  0.04    0.00    0.58 ^ _1021_/CLK (sky130_fd_sc_hd__dfrtp_1)
                          0.25    0.83   clock uncertainty
                         -0.06    0.78   clock reconvergence pessimism
                         -0.04    0.74   library hold time
                                  0.74   data required time
-----------------------------------------------------------------------------
                                  0.74   data required time
                                 -1.39   data arrival time
-----------------------------------------------------------------------------
                                  0.65   slack (MET)


Startpoint: _1049_ (rising edge-triggered flip-flop clocked by w_clk)
Endpoint: _1068_ (rising edge-triggered flip-flop clocked by w_clk)
Path Group: w_clk
Path Type: min

Fanout     Cap    Slew   Delay    Time   Description
-----------------------------------------------------------------------------
                          0.00    0.00   clock w_clk (rise edge)
                          0.00    0.00   clock source latency
                  0.26    0.18    0.18 ^ w_clk (in)
     1    0.06                           w_clk (net)
                  0.26    0.00    0.18 ^ clkbuf_0_w_clk/A (sky130_fd_sc_hd__clkbuf_16)
                  0.09    0.22    0.40 ^ clkbuf_0_w_clk/X (sky130_fd_sc_hd__clkbuf_16)
    16    0.07                           clknet_0_w_clk (net)
                  0.09    0.00    0.40 ^ clkbuf_4_5_0_w_clk/A (sky130_fd_sc_hd__clkbuf_8)
                  0.04    0.13    0.53 ^ clkbuf_4_5_0_w_clk/X (sky130_fd_sc_hd__clkbuf_8)
     7    0.01                           clknet_4_5_0_w_clk (net)
                  0.04    0.00    0.53 ^ _1049_/CLK (sky130_fd_sc_hd__dfrtp_2)
                  0.10    0.37    0.90 ^ _1049_/Q (sky130_fd_sc_hd__dfrtp_2)
     1    0.02                           r_ptr_g_sync2[3] (net)
                  0.10    0.00    0.90 ^ _0460_/A (sky130_fd_sc_hd__xnor2_4)
                  0.08    0.15    1.05 ^ _0460_/Y (sky130_fd_sc_hd__xnor2_4)
     4    0.02                           _0162_ (net)
                  0.08    0.00    1.05 ^ _0871_/A1 (sky130_fd_sc_hd__o211a_4)
                  0.10    0.21    1.26 ^ _0871_/X (sky130_fd_sc_hd__o211a_4)
     8    0.03                           _0433_ (net)
                  0.10    0.00    1.26 ^ _0880_/S (sky130_fd_sc_hd__mux2_1)
                  0.04    0.14    1.39 ^ _0880_/X (sky130_fd_sc_hd__mux2_1)
     1    0.00                           _0438_ (net)
                  0.04    0.00    1.39 ^ _0881_/A (sky130_fd_sc_hd__clkbuf_1)
                  0.05    0.08    1.47 ^ _0881_/X (sky130_fd_sc_hd__clkbuf_1)
     1    0.00                           _0142_ (net)
                  0.05    0.00    1.47 ^ _1068_/D (sky130_fd_sc_hd__dfxtp_1)
                                  1.47   data arrival time

                          0.00    0.00   clock w_clk (rise edge)
                          0.00    0.00   clock source latency
                  0.26    0.20    0.20 ^ w_clk (in)
     1    0.06                           w_clk (net)
                  0.26    0.00    0.20 ^ clkbuf_0_w_clk/A (sky130_fd_sc_hd__clkbuf_16)
                  0.09    0.24    0.44 ^ clkbuf_0_w_clk/X (sky130_fd_sc_hd__clkbuf_16)
    16    0.07                           clknet_0_w_clk (net)
                  0.09    0.00    0.44 ^ clkbuf_4_13_0_w_clk/A (sky130_fd_sc_hd__clkbuf_8)
                  0.10    0.19    0.63 ^ clkbuf_4_13_0_w_clk/X (sky130_fd_sc_hd__clkbuf_8)
    17    0.05                           clknet_4_13_0_w_clk (net)
                  0.10    0.00    0.63 ^ _1068_/CLK (sky130_fd_sc_hd__dfxtp_1)
                          0.25    0.88   clock uncertainty
                         -0.04    0.84   clock reconvergence pessimism
                         -0.02    0.82   library hold time
                                  0.82   data required time
-----------------------------------------------------------------------------
                                  0.82   data required time
                                 -1.47   data arrival time
-----------------------------------------------------------------------------
                                  0.65   slack (MET)


Startpoint: _1063_ (rising edge-triggered flip-flop clocked by w_clk)
Endpoint: _1000_ (rising edge-triggered flip-flop clocked by w_clk)
Path Group: w_clk
Path Type: min

Fanout     Cap    Slew   Delay    Time   Description
-----------------------------------------------------------------------------
                          0.00    0.00   clock w_clk (rise edge)
                          0.00    0.00   clock source latency
                  0.26    0.18    0.18 ^ w_clk (in)
     1    0.06                           w_clk (net)
                  0.26    0.00    0.18 ^ clkbuf_0_w_clk/A (sky130_fd_sc_hd__clkbuf_16)
                  0.09    0.22    0.40 ^ clkbuf_0_w_clk/X (sky130_fd_sc_hd__clkbuf_16)
    16    0.07                           clknet_0_w_clk (net)
                  0.09    0.00    0.40 ^ clkbuf_4_4_0_w_clk/A (sky130_fd_sc_hd__clkbuf_8)
                  0.04    0.13    0.53 ^ clkbuf_4_4_0_w_clk/X (sky130_fd_sc_hd__clkbuf_8)
     7    0.01                           clknet_4_4_0_w_clk (net)
                  0.04    0.00    0.53 ^ _1063_/CLK (sky130_fd_sc_hd__dfrtp_4)
                  0.11    0.43    0.95 ^ _1063_/Q (sky130_fd_sc_hd__dfrtp_4)
     9    0.03                           w_ptr_b[3] (net)
                  0.11    0.00    0.96 ^ _0470_/A (sky130_fd_sc_hd__inv_2)
                  0.05    0.06    1.02 v _0470_/Y (sky130_fd_sc_hd__inv_2)
     5    0.01                           _0172_ (net)
                  0.05    0.00    1.02 v _0752_/C1 (sky130_fd_sc_hd__o2111a_4)
                  0.06    0.17    1.19 v _0752_/X (sky130_fd_sc_hd__o2111a_4)
     8    0.03                           _0364_ (net)
                  0.06    0.00    1.19 v _0765_/S (sky130_fd_sc_hd__mux2_1)
                  0.04    0.19    1.37 ^ _0765_/X (sky130_fd_sc_hd__mux2_1)
     1    0.00                           _0371_ (net)
                  0.04    0.00    1.37 ^ _0766_/A (sky130_fd_sc_hd__clkbuf_1)
                  0.04    0.07    1.44 ^ _0766_/X (sky130_fd_sc_hd__clkbuf_1)
     1    0.00                           _0094_ (net)
                  0.04    0.00    1.44 ^ _1000_/D (sky130_fd_sc_hd__dfxtp_1)
                                  1.44   data arrival time

                          0.00    0.00   clock w_clk (rise edge)
                          0.00    0.00   clock source latency
                  0.26    0.20    0.20 ^ w_clk (in)
     1    0.06                           w_clk (net)
                  0.26    0.00    0.20 ^ clkbuf_0_w_clk/A (sky130_fd_sc_hd__clkbuf_16)
                  0.09    0.24    0.44 ^ clkbuf_0_w_clk/X (sky130_fd_sc_hd__clkbuf_16)
    16    0.07                           clknet_0_w_clk (net)
                  0.09    0.00    0.44 ^ clkbuf_4_8_0_w_clk/A (sky130_fd_sc_hd__clkbuf_8)
                  0.06    0.16    0.60 ^ clkbuf_4_8_0_w_clk/X (sky130_fd_sc_hd__clkbuf_8)
    12    0.02                           clknet_4_8_0_w_clk (net)
                  0.06    0.00    0.60 ^ _1000_/CLK (sky130_fd_sc_hd__dfxtp_1)
                          0.25    0.85   clock uncertainty
                         -0.04    0.81   clock reconvergence pessimism
                         -0.03    0.78   library hold time
                                  0.78   data required time
-----------------------------------------------------------------------------
                                  0.78   data required time
                                 -1.44   data arrival time
-----------------------------------------------------------------------------
                                  0.66   slack (MET)


Startpoint: _1063_ (rising edge-triggered flip-flop clocked by w_clk)
Endpoint: _0997_ (rising edge-triggered flip-flop clocked by w_clk)
Path Group: w_clk
Path Type: min

Fanout     Cap    Slew   Delay    Time   Description
-----------------------------------------------------------------------------
                          0.00    0.00   clock w_clk (rise edge)
                          0.00    0.00   clock source latency
                  0.26    0.18    0.18 ^ w_clk (in)
     1    0.06                           w_clk (net)
                  0.26    0.00    0.18 ^ clkbuf_0_w_clk/A (sky130_fd_sc_hd__clkbuf_16)
                  0.09    0.22    0.40 ^ clkbuf_0_w_clk/X (sky130_fd_sc_hd__clkbuf_16)
    16    0.07                           clknet_0_w_clk (net)
                  0.09    0.00    0.40 ^ clkbuf_4_4_0_w_clk/A (sky130_fd_sc_hd__clkbuf_8)
                  0.04    0.13    0.53 ^ clkbuf_4_4_0_w_clk/X (sky130_fd_sc_hd__clkbuf_8)
     7    0.01                           clknet_4_4_0_w_clk (net)
                  0.04    0.00    0.53 ^ _1063_/CLK (sky130_fd_sc_hd__dfrtp_4)
                  0.11    0.43    0.95 ^ _1063_/Q (sky130_fd_sc_hd__dfrtp_4)
     9    0.03                           w_ptr_b[3] (net)
                  0.11    0.00    0.96 ^ _0470_/A (sky130_fd_sc_hd__inv_2)
                  0.05    0.06    1.02 v _0470_/Y (sky130_fd_sc_hd__inv_2)
     5    0.01                           _0172_ (net)
                  0.05    0.00    1.02 v _0752_/C1 (sky130_fd_sc_hd__o2111a_4)
                  0.06    0.17    1.19 v _0752_/X (sky130_fd_sc_hd__o2111a_4)
     8    0.03                           _0364_ (net)
                  0.06    0.00    1.19 v _0759_/S (sky130_fd_sc_hd__mux2_1)
                  0.04    0.18    1.37 ^ _0759_/X (sky130_fd_sc_hd__mux2_1)
     1    0.00                           _0368_ (net)
                  0.04    0.00    1.37 ^ _0760_/A (sky130_fd_sc_hd__clkbuf_1)
                  0.04    0.07    1.44 ^ _0760_/X (sky130_fd_sc_hd__clkbuf_1)
     1    0.00                           _0091_ (net)
                  0.04    0.00    1.44 ^ _0997_/D (sky130_fd_sc_hd__dfxtp_1)
                                  1.44   data arrival time

                          0.00    0.00   clock w_clk (rise edge)
                          0.00    0.00   clock source latency
                  0.26    0.20    0.20 ^ w_clk (in)
     1    0.06                           w_clk (net)
                  0.26    0.00    0.20 ^ clkbuf_0_w_clk/A (sky130_fd_sc_hd__clkbuf_16)
                  0.09    0.24    0.44 ^ clkbuf_0_w_clk/X (sky130_fd_sc_hd__clkbuf_16)
    16    0.07                           clknet_0_w_clk (net)
                  0.09    0.00    0.44 ^ clkbuf_4_9_0_w_clk/A (sky130_fd_sc_hd__clkbuf_8)
                  0.05    0.16    0.60 ^ clkbuf_4_9_0_w_clk/X (sky130_fd_sc_hd__clkbuf_8)
     7    0.02                           clknet_4_9_0_w_clk (net)
                  0.05    0.00    0.60 ^ _0997_/CLK (sky130_fd_sc_hd__dfxtp_1)
                          0.25    0.85   clock uncertainty
                         -0.04    0.81   clock reconvergence pessimism
                         -0.03    0.78   library hold time
                                  0.78   data required time
-----------------------------------------------------------------------------
                                  0.78   data required time
                                 -1.44   data arrival time
-----------------------------------------------------------------------------
                                  0.67   slack (MET)


Startpoint: _1049_ (rising edge-triggered flip-flop clocked by w_clk)
Endpoint: _1069_ (rising edge-triggered flip-flop clocked by w_clk)
Path Group: w_clk
Path Type: min

Fanout     Cap    Slew   Delay    Time   Description
-----------------------------------------------------------------------------
                          0.00    0.00   clock w_clk (rise edge)
                          0.00    0.00   clock source latency
                  0.26    0.18    0.18 ^ w_clk (in)
     1    0.06                           w_clk (net)
                  0.26    0.00    0.18 ^ clkbuf_0_w_clk/A (sky130_fd_sc_hd__clkbuf_16)
                  0.09    0.22    0.40 ^ clkbuf_0_w_clk/X (sky130_fd_sc_hd__clkbuf_16)
    16    0.07                           clknet_0_w_clk (net)
                  0.09    0.00    0.40 ^ clkbuf_4_5_0_w_clk/A (sky130_fd_sc_hd__clkbuf_8)
                  0.04    0.13    0.53 ^ clkbuf_4_5_0_w_clk/X (sky130_fd_sc_hd__clkbuf_8)
     7    0.01                           clknet_4_5_0_w_clk (net)
                  0.04    0.00    0.53 ^ _1049_/CLK (sky130_fd_sc_hd__dfrtp_2)
                  0.10    0.37    0.90 ^ _1049_/Q (sky130_fd_sc_hd__dfrtp_2)
     1    0.02                           r_ptr_g_sync2[3] (net)
                  0.10    0.00    0.90 ^ _0460_/A (sky130_fd_sc_hd__xnor2_4)
                  0.08    0.15    1.05 ^ _0460_/Y (sky130_fd_sc_hd__xnor2_4)
     4    0.02                           _0162_ (net)
                  0.08    0.00    1.05 ^ _0871_/A1 (sky130_fd_sc_hd__o211a_4)
                  0.10    0.21    1.26 ^ _0871_/X (sky130_fd_sc_hd__o211a_4)
     8    0.03                           _0433_ (net)
                  0.10    0.00    1.26 ^ _0882_/S (sky130_fd_sc_hd__mux2_1)
                  0.06    0.15    1.40 ^ _0882_/X (sky130_fd_sc_hd__mux2_1)
     1    0.00                           _0439_ (net)
                  0.06    0.00    1.40 ^ _0883_/A (sky130_fd_sc_hd__clkbuf_1)
                  0.05    0.08    1.49 ^ _0883_/X (sky130_fd_sc_hd__clkbuf_1)
     1    0.00                           _0143_ (net)
                  0.05    0.00    1.49 ^ _1069_/D (sky130_fd_sc_hd__dfxtp_1)
                                  1.49   data arrival time

                          0.00    0.00   clock w_clk (rise edge)
                          0.00    0.00   clock source latency
                  0.26    0.20    0.20 ^ w_clk (in)
     1    0.06                           w_clk (net)
                  0.26    0.00    0.20 ^ clkbuf_0_w_clk/A (sky130_fd_sc_hd__clkbuf_16)
                  0.09    0.24    0.44 ^ clkbuf_0_w_clk/X (sky130_fd_sc_hd__clkbuf_16)
    16    0.07                           clknet_0_w_clk (net)
                  0.09    0.00    0.44 ^ clkbuf_4_13_0_w_clk/A (sky130_fd_sc_hd__clkbuf_8)
                  0.10    0.19    0.63 ^ clkbuf_4_13_0_w_clk/X (sky130_fd_sc_hd__clkbuf_8)
    17    0.05                           clknet_4_13_0_w_clk (net)
                  0.10    0.00    0.63 ^ _1069_/CLK (sky130_fd_sc_hd__dfxtp_1)
                          0.25    0.88   clock uncertainty
                         -0.04    0.84   clock reconvergence pessimism
                         -0.02    0.82   library hold time
                                  0.82   data required time
-----------------------------------------------------------------------------
                                  0.82   data required time
                                 -1.49   data arrival time
-----------------------------------------------------------------------------
                                  0.67   slack (MET)


Startpoint: _1063_ (rising edge-triggered flip-flop clocked by w_clk)
Endpoint: _0994_ (rising edge-triggered flip-flop clocked by w_clk)
Path Group: w_clk
Path Type: min

Fanout     Cap    Slew   Delay    Time   Description
-----------------------------------------------------------------------------
                          0.00    0.00   clock w_clk (rise edge)
                          0.00    0.00   clock source latency
                  0.26    0.18    0.18 ^ w_clk (in)
     1    0.06                           w_clk (net)
                  0.26    0.00    0.18 ^ clkbuf_0_w_clk/A (sky130_fd_sc_hd__clkbuf_16)
                  0.09    0.22    0.40 ^ clkbuf_0_w_clk/X (sky130_fd_sc_hd__clkbuf_16)
    16    0.07                           clknet_0_w_clk (net)
                  0.09    0.00    0.40 ^ clkbuf_4_4_0_w_clk/A (sky130_fd_sc_hd__clkbuf_8)
                  0.04    0.13    0.53 ^ clkbuf_4_4_0_w_clk/X (sky130_fd_sc_hd__clkbuf_8)
     7    0.01                           clknet_4_4_0_w_clk (net)
                  0.04    0.00    0.53 ^ _1063_/CLK (sky130_fd_sc_hd__dfrtp_4)
                  0.11    0.43    0.95 ^ _1063_/Q (sky130_fd_sc_hd__dfrtp_4)
     9    0.03                           w_ptr_b[3] (net)
                  0.11    0.00    0.96 ^ _0470_/A (sky130_fd_sc_hd__inv_2)
                  0.05    0.06    1.02 v _0470_/Y (sky130_fd_sc_hd__inv_2)
     5    0.01                           _0172_ (net)
                  0.05    0.00    1.02 v _0752_/C1 (sky130_fd_sc_hd__o2111a_4)
                  0.06    0.17    1.19 v _0752_/X (sky130_fd_sc_hd__o2111a_4)
     8    0.03                           _0364_ (net)
                  0.06    0.00    1.19 v _0753_/S (sky130_fd_sc_hd__mux2_1)
                  0.04    0.19    1.37 ^ _0753_/X (sky130_fd_sc_hd__mux2_1)
     1    0.00                           _0365_ (net)
                  0.04    0.00    1.37 ^ _0754_/A (sky130_fd_sc_hd__clkbuf_1)
                  0.04    0.07    1.45 ^ _0754_/X (sky130_fd_sc_hd__clkbuf_1)
     1    0.00                           _0088_ (net)
                  0.04    0.00    1.45 ^ _0994_/D (sky130_fd_sc_hd__dfxtp_1)
                                  1.45   data arrival time

                          0.00    0.00   clock w_clk (rise edge)
                          0.00    0.00   clock source latency
                  0.26    0.20    0.20 ^ w_clk (in)
     1    0.06                           w_clk (net)
                  0.26    0.00    0.20 ^ clkbuf_0_w_clk/A (sky130_fd_sc_hd__clkbuf_16)
                  0.09    0.24    0.44 ^ clkbuf_0_w_clk/X (sky130_fd_sc_hd__clkbuf_16)
    16    0.07                           clknet_0_w_clk (net)
                  0.09    0.00    0.44 ^ clkbuf_4_8_0_w_clk/A (sky130_fd_sc_hd__clkbuf_8)
                  0.06    0.16    0.60 ^ clkbuf_4_8_0_w_clk/X (sky130_fd_sc_hd__clkbuf_8)
    12    0.02                           clknet_4_8_0_w_clk (net)
                  0.06    0.00    0.60 ^ _0994_/CLK (sky130_fd_sc_hd__dfxtp_1)
                          0.25    0.85   clock uncertainty
                         -0.04    0.81   clock reconvergence pessimism
                         -0.03    0.78   library hold time
                                  0.78   data required time
-----------------------------------------------------------------------------
                                  0.78   data required time
                                 -1.45   data arrival time
-----------------------------------------------------------------------------
                                  0.67   slack (MET)


Startpoint: _1063_ (rising edge-triggered flip-flop clocked by w_clk)
Endpoint: _1001_ (rising edge-triggered flip-flop clocked by w_clk)
Path Group: w_clk
Path Type: min

Fanout     Cap    Slew   Delay    Time   Description
-----------------------------------------------------------------------------
                          0.00    0.00   clock w_clk (rise edge)
                          0.00    0.00   clock source latency
                  0.26    0.18    0.18 ^ w_clk (in)
     1    0.06                           w_clk (net)
                  0.26    0.00    0.18 ^ clkbuf_0_w_clk/A (sky130_fd_sc_hd__clkbuf_16)
                  0.09    0.22    0.40 ^ clkbuf_0_w_clk/X (sky130_fd_sc_hd__clkbuf_16)
    16    0.07                           clknet_0_w_clk (net)
                  0.09    0.00    0.40 ^ clkbuf_4_4_0_w_clk/A (sky130_fd_sc_hd__clkbuf_8)
                  0.04    0.13    0.53 ^ clkbuf_4_4_0_w_clk/X (sky130_fd_sc_hd__clkbuf_8)
     7    0.01                           clknet_4_4_0_w_clk (net)
                  0.04    0.00    0.53 ^ _1063_/CLK (sky130_fd_sc_hd__dfrtp_4)
                  0.11    0.43    0.95 ^ _1063_/Q (sky130_fd_sc_hd__dfrtp_4)
     9    0.03                           w_ptr_b[3] (net)
                  0.11    0.00    0.96 ^ _0470_/A (sky130_fd_sc_hd__inv_2)
                  0.05    0.06    1.02 v _0470_/Y (sky130_fd_sc_hd__inv_2)
     5    0.01                           _0172_ (net)
                  0.05    0.00    1.02 v _0752_/C1 (sky130_fd_sc_hd__o2111a_4)
                  0.06    0.17    1.19 v _0752_/X (sky130_fd_sc_hd__o2111a_4)
     8    0.03                           _0364_ (net)
                  0.06    0.00    1.19 v _0767_/S (sky130_fd_sc_hd__mux2_1)
                  0.05    0.19    1.37 ^ _0767_/X (sky130_fd_sc_hd__mux2_1)
     1    0.00                           _0372_ (net)
                  0.05    0.00    1.37 ^ _0768_/A (sky130_fd_sc_hd__clkbuf_1)
                  0.04    0.07    1.45 ^ _0768_/X (sky130_fd_sc_hd__clkbuf_1)
     1    0.00                           _0095_ (net)
                  0.04    0.00    1.45 ^ _1001_/D (sky130_fd_sc_hd__dfxtp_1)
                                  1.45   data arrival time

                          0.00    0.00   clock w_clk (rise edge)
                          0.00    0.00   clock source latency
                  0.26    0.20    0.20 ^ w_clk (in)
     1    0.06                           w_clk (net)
                  0.26    0.00    0.20 ^ clkbuf_0_w_clk/A (sky130_fd_sc_hd__clkbuf_16)
                  0.09    0.24    0.44 ^ clkbuf_0_w_clk/X (sky130_fd_sc_hd__clkbuf_16)
    16    0.07                           clknet_0_w_clk (net)
                  0.09    0.00    0.44 ^ clkbuf_4_1_0_w_clk/A (sky130_fd_sc_hd__clkbuf_8)
                  0.05    0.16    0.60 ^ clkbuf_4_1_0_w_clk/X (sky130_fd_sc_hd__clkbuf_8)
     7    0.02                           clknet_4_1_0_w_clk (net)
                  0.05    0.00    0.60 ^ _1001_/CLK (sky130_fd_sc_hd__dfxtp_1)
                          0.25    0.85   clock uncertainty
                         -0.04    0.81   clock reconvergence pessimism
                         -0.03    0.78   library hold time
                                  0.78   data required time
-----------------------------------------------------------------------------
                                  0.78   data required time
                                 -1.45   data arrival time
-----------------------------------------------------------------------------
                                  0.67   slack (MET)


Startpoint: _1063_ (rising edge-triggered flip-flop clocked by w_clk)
Endpoint: _0995_ (rising edge-triggered flip-flop clocked by w_clk)
Path Group: w_clk
Path Type: min

Fanout     Cap    Slew   Delay    Time   Description
-----------------------------------------------------------------------------
                          0.00    0.00   clock w_clk (rise edge)
                          0.00    0.00   clock source latency
                  0.26    0.18    0.18 ^ w_clk (in)
     1    0.06                           w_clk (net)
                  0.26    0.00    0.18 ^ clkbuf_0_w_clk/A (sky130_fd_sc_hd__clkbuf_16)
                  0.09    0.22    0.40 ^ clkbuf_0_w_clk/X (sky130_fd_sc_hd__clkbuf_16)
    16    0.07                           clknet_0_w_clk (net)
                  0.09    0.00    0.40 ^ clkbuf_4_4_0_w_clk/A (sky130_fd_sc_hd__clkbuf_8)
                  0.04    0.13    0.53 ^ clkbuf_4_4_0_w_clk/X (sky130_fd_sc_hd__clkbuf_8)
     7    0.01                           clknet_4_4_0_w_clk (net)
                  0.04    0.00    0.53 ^ _1063_/CLK (sky130_fd_sc_hd__dfrtp_4)
                  0.11    0.43    0.95 ^ _1063_/Q (sky130_fd_sc_hd__dfrtp_4)
     9    0.03                           w_ptr_b[3] (net)
                  0.11    0.00    0.96 ^ _0470_/A (sky130_fd_sc_hd__inv_2)
                  0.05    0.06    1.02 v _0470_/Y (sky130_fd_sc_hd__inv_2)
     5    0.01                           _0172_ (net)
                  0.05    0.00    1.02 v _0752_/C1 (sky130_fd_sc_hd__o2111a_4)
                  0.06    0.17    1.19 v _0752_/X (sky130_fd_sc_hd__o2111a_4)
     8    0.03                           _0364_ (net)
                  0.06    0.00    1.19 v _0755_/S (sky130_fd_sc_hd__mux2_1)
                  0.05    0.19    1.37 ^ _0755_/X (sky130_fd_sc_hd__mux2_1)
     1    0.00                           _0366_ (net)
                  0.05    0.00    1.37 ^ _0756_/A (sky130_fd_sc_hd__clkbuf_1)
                  0.06    0.09    1.46 ^ _0756_/X (sky130_fd_sc_hd__clkbuf_1)
     1    0.00                           _0089_ (net)
                  0.06    0.00    1.46 ^ _0995_/D (sky130_fd_sc_hd__dfxtp_1)
                                  1.46   data arrival time

                          0.00    0.00   clock w_clk (rise edge)
                          0.00    0.00   clock source latency
                  0.26    0.20    0.20 ^ w_clk (in)
     1    0.06                           w_clk (net)
                  0.26    0.00    0.20 ^ clkbuf_0_w_clk/A (sky130_fd_sc_hd__clkbuf_16)
                  0.09    0.24    0.44 ^ clkbuf_0_w_clk/X (sky130_fd_sc_hd__clkbuf_16)
    16    0.07                           clknet_0_w_clk (net)
                  0.09    0.00    0.44 ^ clkbuf_4_2_0_w_clk/A (sky130_fd_sc_hd__clkbuf_8)
                  0.07    0.17    0.61 ^ clkbuf_4_2_0_w_clk/X (sky130_fd_sc_hd__clkbuf_8)
    10    0.03                           clknet_4_2_0_w_clk (net)
                  0.07    0.00    0.61 ^ _0995_/CLK (sky130_fd_sc_hd__dfxtp_1)
                          0.25    0.86   clock uncertainty
                         -0.04    0.82   clock reconvergence pessimism
                         -0.03    0.78   library hold time
                                  0.78   data required time
-----------------------------------------------------------------------------
                                  0.78   data required time
                                 -1.46   data arrival time
-----------------------------------------------------------------------------
                                  0.68   slack (MET)


Startpoint: _1049_ (rising edge-triggered flip-flop clocked by w_clk)
Endpoint: _1064_ (rising edge-triggered flip-flop clocked by w_clk)
Path Group: w_clk
Path Type: min

Fanout     Cap    Slew   Delay    Time   Description
-----------------------------------------------------------------------------
                          0.00    0.00   clock w_clk (rise edge)
                          0.00    0.00   clock source latency
                  0.26    0.18    0.18 ^ w_clk (in)
     1    0.06                           w_clk (net)
                  0.26    0.00    0.18 ^ clkbuf_0_w_clk/A (sky130_fd_sc_hd__clkbuf_16)
                  0.09    0.22    0.40 ^ clkbuf_0_w_clk/X (sky130_fd_sc_hd__clkbuf_16)
    16    0.07                           clknet_0_w_clk (net)
                  0.09    0.00    0.40 ^ clkbuf_4_5_0_w_clk/A (sky130_fd_sc_hd__clkbuf_8)
                  0.04    0.13    0.53 ^ clkbuf_4_5_0_w_clk/X (sky130_fd_sc_hd__clkbuf_8)
     7    0.01                           clknet_4_5_0_w_clk (net)
                  0.04    0.00    0.53 ^ _1049_/CLK (sky130_fd_sc_hd__dfrtp_2)
                  0.10    0.37    0.90 ^ _1049_/Q (sky130_fd_sc_hd__dfrtp_2)
     1    0.02                           r_ptr_g_sync2[3] (net)
                  0.10    0.00    0.90 ^ _0460_/A (sky130_fd_sc_hd__xnor2_4)
                  0.08    0.15    1.05 ^ _0460_/Y (sky130_fd_sc_hd__xnor2_4)
     4    0.02                           _0162_ (net)
                  0.08    0.00    1.05 ^ _0871_/A1 (sky130_fd_sc_hd__o211a_4)
                  0.10    0.21    1.26 ^ _0871_/X (sky130_fd_sc_hd__o211a_4)
     8    0.03                           _0433_ (net)
                  0.10    0.00    1.26 ^ _0872_/S (sky130_fd_sc_hd__mux2_1)
                  0.04    0.14    1.39 ^ _0872_/X (sky130_fd_sc_hd__mux2_1)
     1    0.00                           _0434_ (net)
                  0.04    0.00    1.39 ^ _0873_/A (sky130_fd_sc_hd__clkbuf_1)
                  0.04    0.07    1.47 ^ _0873_/X (sky130_fd_sc_hd__clkbuf_1)
     1    0.00                           _0138_ (net)
                  0.04    0.00    1.47 ^ _1064_/D (sky130_fd_sc_hd__dfxtp_1)
                                  1.47   data arrival time

                          0.00    0.00   clock w_clk (rise edge)
                          0.00    0.00   clock source latency
                  0.26    0.20    0.20 ^ w_clk (in)
     1    0.06                           w_clk (net)
                  0.26    0.00    0.20 ^ clkbuf_0_w_clk/A (sky130_fd_sc_hd__clkbuf_16)
                  0.09    0.24    0.44 ^ clkbuf_0_w_clk/X (sky130_fd_sc_hd__clkbuf_16)
    16    0.07                           clknet_0_w_clk (net)
                  0.09    0.00    0.44 ^ clkbuf_4_11_0_w_clk/A (sky130_fd_sc_hd__clkbuf_8)
                  0.06    0.16    0.60 ^ clkbuf_4_11_0_w_clk/X (sky130_fd_sc_hd__clkbuf_8)
     9    0.03                           clknet_4_11_0_w_clk (net)
                  0.06    0.00    0.60 ^ _1064_/CLK (sky130_fd_sc_hd__dfxtp_1)
                          0.25    0.85   clock uncertainty
                         -0.04    0.81   clock reconvergence pessimism
                         -0.03    0.78   library hold time
                                  0.78   data required time
-----------------------------------------------------------------------------
                                  0.78   data required time
                                 -1.47   data arrival time
-----------------------------------------------------------------------------
                                  0.68   slack (MET)


Startpoint: _1063_ (rising edge-triggered flip-flop clocked by w_clk)
Endpoint: _0999_ (rising edge-triggered flip-flop clocked by w_clk)
Path Group: w_clk
Path Type: min

Fanout     Cap    Slew   Delay    Time   Description
-----------------------------------------------------------------------------
                          0.00    0.00   clock w_clk (rise edge)
                          0.00    0.00   clock source latency
                  0.26    0.18    0.18 ^ w_clk (in)
     1    0.06                           w_clk (net)
                  0.26    0.00    0.18 ^ clkbuf_0_w_clk/A (sky130_fd_sc_hd__clkbuf_16)
                  0.09    0.22    0.40 ^ clkbuf_0_w_clk/X (sky130_fd_sc_hd__clkbuf_16)
    16    0.07                           clknet_0_w_clk (net)
                  0.09    0.00    0.40 ^ clkbuf_4_4_0_w_clk/A (sky130_fd_sc_hd__clkbuf_8)
                  0.04    0.13    0.53 ^ clkbuf_4_4_0_w_clk/X (sky130_fd_sc_hd__clkbuf_8)
     7    0.01                           clknet_4_4_0_w_clk (net)
                  0.04    0.00    0.53 ^ _1063_/CLK (sky130_fd_sc_hd__dfrtp_4)
                  0.11    0.43    0.95 ^ _1063_/Q (sky130_fd_sc_hd__dfrtp_4)
     9    0.03                           w_ptr_b[3] (net)
                  0.11    0.00    0.96 ^ _0470_/A (sky130_fd_sc_hd__inv_2)
                  0.05    0.06    1.02 v _0470_/Y (sky130_fd_sc_hd__inv_2)
     5    0.01                           _0172_ (net)
                  0.05    0.00    1.02 v _0752_/C1 (sky130_fd_sc_hd__o2111a_4)
                  0.06    0.17    1.19 v _0752_/X (sky130_fd_sc_hd__o2111a_4)
     8    0.03                           _0364_ (net)
                  0.06    0.00    1.19 v _0763_/S (sky130_fd_sc_hd__mux2_1)
                  0.05    0.19    1.37 ^ _0763_/X (sky130_fd_sc_hd__mux2_1)
     1    0.00                           _0370_ (net)
                  0.05    0.00    1.37 ^ _0764_/A (sky130_fd_sc_hd__clkbuf_1)
                  0.05    0.08    1.46 ^ _0764_/X (sky130_fd_sc_hd__clkbuf_1)
     1    0.00                           _0093_ (net)
                  0.05    0.00    1.46 ^ _0999_/D (sky130_fd_sc_hd__dfxtp_1)
                                  1.46   data arrival time

                          0.00    0.00   clock w_clk (rise edge)
                          0.00    0.00   clock source latency
                  0.26    0.20    0.20 ^ w_clk (in)
     1    0.06                           w_clk (net)
                  0.26    0.00    0.20 ^ clkbuf_0_w_clk/A (sky130_fd_sc_hd__clkbuf_16)
                  0.09    0.24    0.44 ^ clkbuf_0_w_clk/X (sky130_fd_sc_hd__clkbuf_16)
    16    0.07                           clknet_0_w_clk (net)
                  0.09    0.00    0.44 ^ clkbuf_4_8_0_w_clk/A (sky130_fd_sc_hd__clkbuf_8)
                  0.06    0.16    0.60 ^ clkbuf_4_8_0_w_clk/X (sky130_fd_sc_hd__clkbuf_8)
    12    0.02                           clknet_4_8_0_w_clk (net)
                  0.06    0.00    0.60 ^ _0999_/CLK (sky130_fd_sc_hd__dfxtp_1)
                          0.25    0.85   clock uncertainty
                         -0.04    0.81   clock reconvergence pessimism
                         -0.03    0.78   library hold time
                                  0.78   data required time
-----------------------------------------------------------------------------
                                  0.78   data required time
                                 -1.46   data arrival time
-----------------------------------------------------------------------------
                                  0.68   slack (MET)


Startpoint: _1049_ (rising edge-triggered flip-flop clocked by w_clk)
Endpoint: _1067_ (rising edge-triggered flip-flop clocked by w_clk)
Path Group: w_clk
Path Type: min

Fanout     Cap    Slew   Delay    Time   Description
-----------------------------------------------------------------------------
                          0.00    0.00   clock w_clk (rise edge)
                          0.00    0.00   clock source latency
                  0.26    0.18    0.18 ^ w_clk (in)
     1    0.06                           w_clk (net)
                  0.26    0.00    0.18 ^ clkbuf_0_w_clk/A (sky130_fd_sc_hd__clkbuf_16)
                  0.09    0.22    0.40 ^ clkbuf_0_w_clk/X (sky130_fd_sc_hd__clkbuf_16)
    16    0.07                           clknet_0_w_clk (net)
                  0.09    0.00    0.40 ^ clkbuf_4_5_0_w_clk/A (sky130_fd_sc_hd__clkbuf_8)
                  0.04    0.13    0.53 ^ clkbuf_4_5_0_w_clk/X (sky130_fd_sc_hd__clkbuf_8)
     7    0.01                           clknet_4_5_0_w_clk (net)
                  0.04    0.00    0.53 ^ _1049_/CLK (sky130_fd_sc_hd__dfrtp_2)
                  0.10    0.37    0.90 ^ _1049_/Q (sky130_fd_sc_hd__dfrtp_2)
     1    0.02                           r_ptr_g_sync2[3] (net)
                  0.10    0.00    0.90 ^ _0460_/A (sky130_fd_sc_hd__xnor2_4)
                  0.08    0.15    1.05 ^ _0460_/Y (sky130_fd_sc_hd__xnor2_4)
     4    0.02                           _0162_ (net)
                  0.08    0.00    1.05 ^ _0871_/A1 (sky130_fd_sc_hd__o211a_4)
                  0.10    0.21    1.26 ^ _0871_/X (sky130_fd_sc_hd__o211a_4)
     8    0.03                           _0433_ (net)
                  0.10    0.00    1.26 ^ _0878_/S (sky130_fd_sc_hd__mux2_1)
                  0.05    0.14    1.39 ^ _0878_/X (sky130_fd_sc_hd__mux2_1)
     1    0.00                           _0437_ (net)
                  0.05    0.00    1.39 ^ _0879_/A (sky130_fd_sc_hd__clkbuf_1)
                  0.04    0.08    1.47 ^ _0879_/X (sky130_fd_sc_hd__clkbuf_1)
     1    0.00                           _0141_ (net)
                  0.04    0.00    1.47 ^ _1067_/D (sky130_fd_sc_hd__dfxtp_1)
                                  1.47   data arrival time

                          0.00    0.00   clock w_clk (rise edge)
                          0.00    0.00   clock source latency
                  0.26    0.20    0.20 ^ w_clk (in)
     1    0.06                           w_clk (net)
                  0.26    0.00    0.20 ^ clkbuf_0_w_clk/A (sky130_fd_sc_hd__clkbuf_16)
                  0.09    0.24    0.44 ^ clkbuf_0_w_clk/X (sky130_fd_sc_hd__clkbuf_16)
    16    0.07                           clknet_0_w_clk (net)
                  0.09    0.00    0.44 ^ clkbuf_4_15_0_w_clk/A (sky130_fd_sc_hd__clkbuf_8)
                  0.07    0.17    0.61 ^ clkbuf_4_15_0_w_clk/X (sky130_fd_sc_hd__clkbuf_8)
    10    0.03                           clknet_4_15_0_w_clk (net)
                  0.07    0.00    0.61 ^ _1067_/CLK (sky130_fd_sc_hd__dfxtp_1)
                          0.25    0.86   clock uncertainty
                         -0.04    0.82   clock reconvergence pessimism
                         -0.03    0.79   library hold time
                                  0.79   data required time
-----------------------------------------------------------------------------
                                  0.79   data required time
                                 -1.47   data arrival time
-----------------------------------------------------------------------------
                                  0.68   slack (MET)


Startpoint: _1063_ (rising edge-triggered flip-flop clocked by w_clk)
Endpoint: _0998_ (rising edge-triggered flip-flop clocked by w_clk)
Path Group: w_clk
Path Type: min

Fanout     Cap    Slew   Delay    Time   Description
-----------------------------------------------------------------------------
                          0.00    0.00   clock w_clk (rise edge)
                          0.00    0.00   clock source latency
                  0.26    0.18    0.18 ^ w_clk (in)
     1    0.06                           w_clk (net)
                  0.26    0.00    0.18 ^ clkbuf_0_w_clk/A (sky130_fd_sc_hd__clkbuf_16)
                  0.09    0.22    0.40 ^ clkbuf_0_w_clk/X (sky130_fd_sc_hd__clkbuf_16)
    16    0.07                           clknet_0_w_clk (net)
                  0.09    0.00    0.40 ^ clkbuf_4_4_0_w_clk/A (sky130_fd_sc_hd__clkbuf_8)
                  0.04    0.13    0.53 ^ clkbuf_4_4_0_w_clk/X (sky130_fd_sc_hd__clkbuf_8)
     7    0.01                           clknet_4_4_0_w_clk (net)
                  0.04    0.00    0.53 ^ _1063_/CLK (sky130_fd_sc_hd__dfrtp_4)
                  0.11    0.43    0.95 ^ _1063_/Q (sky130_fd_sc_hd__dfrtp_4)
     9    0.03                           w_ptr_b[3] (net)
                  0.11    0.00    0.96 ^ _0470_/A (sky130_fd_sc_hd__inv_2)
                  0.05    0.06    1.02 v _0470_/Y (sky130_fd_sc_hd__inv_2)
     5    0.01                           _0172_ (net)
                  0.05    0.00    1.02 v _0752_/C1 (sky130_fd_sc_hd__o2111a_4)
                  0.06    0.17    1.19 v _0752_/X (sky130_fd_sc_hd__o2111a_4)
     8    0.03                           _0364_ (net)
                  0.06    0.00    1.19 v _0761_/S (sky130_fd_sc_hd__mux2_1)
                  0.05    0.19    1.37 ^ _0761_/X (sky130_fd_sc_hd__mux2_1)
     1    0.00                           _0369_ (net)
                  0.05    0.00    1.37 ^ _0762_/A (sky130_fd_sc_hd__clkbuf_1)
                  0.04    0.08    1.45 ^ _0762_/X (sky130_fd_sc_hd__clkbuf_1)
     1    0.00                           _0092_ (net)
                  0.04    0.00    1.45 ^ _0998_/D (sky130_fd_sc_hd__dfxtp_1)
                                  1.45   data arrival time

                          0.00    0.00   clock w_clk (rise edge)
                          0.00    0.00   clock source latency
                  0.26    0.20    0.20 ^ w_clk (in)
     1    0.06                           w_clk (net)
                  0.26    0.00    0.20 ^ clkbuf_0_w_clk/A (sky130_fd_sc_hd__clkbuf_16)
                  0.09    0.24    0.44 ^ clkbuf_0_w_clk/X (sky130_fd_sc_hd__clkbuf_16)
    16    0.07                           clknet_0_w_clk (net)
                  0.09    0.00    0.44 ^ clkbuf_4_0_0_w_clk/A (sky130_fd_sc_hd__clkbuf_8)
                  0.04    0.14    0.58 ^ clkbuf_4_0_0_w_clk/X (sky130_fd_sc_hd__clkbuf_8)
     6    0.01                           clknet_4_0_0_w_clk (net)
                  0.04    0.00    0.58 ^ _0998_/CLK (sky130_fd_sc_hd__dfxtp_1)
                          0.25    0.83   clock uncertainty
                         -0.04    0.79   clock reconvergence pessimism
                         -0.03    0.76   library hold time
                                  0.76   data required time
-----------------------------------------------------------------------------
                                  0.76   data required time
                                 -1.45   data arrival time
-----------------------------------------------------------------------------
                                  0.69   slack (MET)


Startpoint: _1063_ (rising edge-triggered flip-flop clocked by w_clk)
Endpoint: _0996_ (rising edge-triggered flip-flop clocked by w_clk)
Path Group: w_clk
Path Type: min

Fanout     Cap    Slew   Delay    Time   Description
-----------------------------------------------------------------------------
                          0.00    0.00   clock w_clk (rise edge)
                          0.00    0.00   clock source latency
                  0.26    0.18    0.18 ^ w_clk (in)
     1    0.06                           w_clk (net)
                  0.26    0.00    0.18 ^ clkbuf_0_w_clk/A (sky130_fd_sc_hd__clkbuf_16)
                  0.09    0.22    0.40 ^ clkbuf_0_w_clk/X (sky130_fd_sc_hd__clkbuf_16)
    16    0.07                           clknet_0_w_clk (net)
                  0.09    0.00    0.40 ^ clkbuf_4_4_0_w_clk/A (sky130_fd_sc_hd__clkbuf_8)
                  0.04    0.13    0.53 ^ clkbuf_4_4_0_w_clk/X (sky130_fd_sc_hd__clkbuf_8)
     7    0.01                           clknet_4_4_0_w_clk (net)
                  0.04    0.00    0.53 ^ _1063_/CLK (sky130_fd_sc_hd__dfrtp_4)
                  0.11    0.43    0.95 ^ _1063_/Q (sky130_fd_sc_hd__dfrtp_4)
     9    0.03                           w_ptr_b[3] (net)
                  0.11    0.00    0.96 ^ _0470_/A (sky130_fd_sc_hd__inv_2)
                  0.05    0.06    1.02 v _0470_/Y (sky130_fd_sc_hd__inv_2)
     5    0.01                           _0172_ (net)
                  0.05    0.00    1.02 v _0752_/C1 (sky130_fd_sc_hd__o2111a_4)
                  0.06    0.17    1.19 v _0752_/X (sky130_fd_sc_hd__o2111a_4)
     8    0.03                           _0364_ (net)
                  0.06    0.00    1.19 v _0757_/S (sky130_fd_sc_hd__mux2_1)
                  0.04    0.19    1.37 ^ _0757_/X (sky130_fd_sc_hd__mux2_1)
     1    0.00                           _0367_ (net)
                  0.04    0.00    1.37 ^ _0758_/A (sky130_fd_sc_hd__clkbuf_1)
                  0.05    0.08    1.45 ^ _0758_/X (sky130_fd_sc_hd__clkbuf_1)
     1    0.00                           _0090_ (net)
                  0.05    0.00    1.45 ^ _0996_/D (sky130_fd_sc_hd__dfxtp_1)
                                  1.45   data arrival time

                          0.00    0.00   clock w_clk (rise edge)
                          0.00    0.00   clock source latency
                  0.26    0.20    0.20 ^ w_clk (in)
     1    0.06                           w_clk (net)
                  0.26    0.00    0.20 ^ clkbuf_0_w_clk/A (sky130_fd_sc_hd__clkbuf_16)
                  0.09    0.24    0.44 ^ clkbuf_0_w_clk/X (sky130_fd_sc_hd__clkbuf_16)
    16    0.07                           clknet_0_w_clk (net)
                  0.09    0.00    0.44 ^ clkbuf_4_0_0_w_clk/A (sky130_fd_sc_hd__clkbuf_8)
                  0.04    0.14    0.58 ^ clkbuf_4_0_0_w_clk/X (sky130_fd_sc_hd__clkbuf_8)
     6    0.01                           clknet_4_0_0_w_clk (net)
                  0.04    0.00    0.58 ^ _0996_/CLK (sky130_fd_sc_hd__dfxtp_1)
                          0.25    0.83   clock uncertainty
                         -0.04    0.79   clock reconvergence pessimism
                         -0.03    0.76   library hold time
                                  0.76   data required time
-----------------------------------------------------------------------------
                                  0.76   data required time
                                 -1.45   data arrival time
-----------------------------------------------------------------------------
                                  0.69   slack (MET)


Startpoint: _1049_ (rising edge-triggered flip-flop clocked by w_clk)
Endpoint: _1070_ (rising edge-triggered flip-flop clocked by w_clk)
Path Group: w_clk
Path Type: min

Fanout     Cap    Slew   Delay    Time   Description
-----------------------------------------------------------------------------
                          0.00    0.00   clock w_clk (rise edge)
                          0.00    0.00   clock source latency
                  0.26    0.18    0.18 ^ w_clk (in)
     1    0.06                           w_clk (net)
                  0.26    0.00    0.18 ^ clkbuf_0_w_clk/A (sky130_fd_sc_hd__clkbuf_16)
                  0.09    0.22    0.40 ^ clkbuf_0_w_clk/X (sky130_fd_sc_hd__clkbuf_16)
    16    0.07                           clknet_0_w_clk (net)
                  0.09    0.00    0.40 ^ clkbuf_4_5_0_w_clk/A (sky130_fd_sc_hd__clkbuf_8)
                  0.04    0.13    0.53 ^ clkbuf_4_5_0_w_clk/X (sky130_fd_sc_hd__clkbuf_8)
     7    0.01                           clknet_4_5_0_w_clk (net)
                  0.04    0.00    0.53 ^ _1049_/CLK (sky130_fd_sc_hd__dfrtp_2)
                  0.10    0.37    0.90 ^ _1049_/Q (sky130_fd_sc_hd__dfrtp_2)
     1    0.02                           r_ptr_g_sync2[3] (net)
                  0.10    0.00    0.90 ^ _0460_/A (sky130_fd_sc_hd__xnor2_4)
                  0.08    0.15    1.05 ^ _0460_/Y (sky130_fd_sc_hd__xnor2_4)
     4    0.02                           _0162_ (net)
                  0.08    0.00    1.05 ^ _0871_/A1 (sky130_fd_sc_hd__o211a_4)
                  0.10    0.21    1.26 ^ _0871_/X (sky130_fd_sc_hd__o211a_4)
     8    0.03                           _0433_ (net)
                  0.10    0.00    1.26 ^ _0884_/S (sky130_fd_sc_hd__mux2_1)
                  0.05    0.14    1.40 ^ _0884_/X (sky130_fd_sc_hd__mux2_1)
     1    0.00                           _0440_ (net)
                  0.05    0.00    1.40 ^ _0885_/A (sky130_fd_sc_hd__clkbuf_1)
                  0.04    0.07    1.47 ^ _0885_/X (sky130_fd_sc_hd__clkbuf_1)
     1    0.00                           _0144_ (net)
                  0.04    0.00    1.47 ^ _1070_/D (sky130_fd_sc_hd__dfxtp_1)
                                  1.47   data arrival time

                          0.00    0.00   clock w_clk (rise edge)
                          0.00    0.00   clock source latency
                  0.26    0.20    0.20 ^ w_clk (in)
     1    0.06                           w_clk (net)
                  0.26    0.00    0.20 ^ clkbuf_0_w_clk/A (sky130_fd_sc_hd__clkbuf_16)
                  0.09    0.24    0.44 ^ clkbuf_0_w_clk/X (sky130_fd_sc_hd__clkbuf_16)
    16    0.07                           clknet_0_w_clk (net)
                  0.09    0.00    0.44 ^ clkbuf_4_14_0_w_clk/A (sky130_fd_sc_hd__clkbuf_8)
                  0.06    0.16    0.60 ^ clkbuf_4_14_0_w_clk/X (sky130_fd_sc_hd__clkbuf_8)
     8    0.02                           clknet_4_14_0_w_clk (net)
                  0.06    0.00    0.60 ^ _1070_/CLK (sky130_fd_sc_hd__dfxtp_1)
                          0.25    0.85   clock uncertainty
                         -0.04    0.81   clock reconvergence pessimism
                         -0.03    0.78   library hold time
                                  0.78   data required time
-----------------------------------------------------------------------------
                                  0.78   data required time
                                 -1.47   data arrival time
-----------------------------------------------------------------------------
                                  0.70   slack (MET)


Startpoint: _1049_ (rising edge-triggered flip-flop clocked by w_clk)
Endpoint: _1065_ (rising edge-triggered flip-flop clocked by w_clk)
Path Group: w_clk
Path Type: min

Fanout     Cap    Slew   Delay    Time   Description
-----------------------------------------------------------------------------
                          0.00    0.00   clock w_clk (rise edge)
                          0.00    0.00   clock source latency
                  0.26    0.18    0.18 ^ w_clk (in)
     1    0.06                           w_clk (net)
                  0.26    0.00    0.18 ^ clkbuf_0_w_clk/A (sky130_fd_sc_hd__clkbuf_16)
                  0.09    0.22    0.40 ^ clkbuf_0_w_clk/X (sky130_fd_sc_hd__clkbuf_16)
    16    0.07                           clknet_0_w_clk (net)
                  0.09    0.00    0.40 ^ clkbuf_4_5_0_w_clk/A (sky130_fd_sc_hd__clkbuf_8)
                  0.04    0.13    0.53 ^ clkbuf_4_5_0_w_clk/X (sky130_fd_sc_hd__clkbuf_8)
     7    0.01                           clknet_4_5_0_w_clk (net)
                  0.04    0.00    0.53 ^ _1049_/CLK (sky130_fd_sc_hd__dfrtp_2)
                  0.10    0.37    0.90 ^ _1049_/Q (sky130_fd_sc_hd__dfrtp_2)
     1    0.02                           r_ptr_g_sync2[3] (net)
                  0.10    0.00    0.90 ^ _0460_/A (sky130_fd_sc_hd__xnor2_4)
                  0.08    0.15    1.05 ^ _0460_/Y (sky130_fd_sc_hd__xnor2_4)
     4    0.02                           _0162_ (net)
                  0.08    0.00    1.05 ^ _0871_/A1 (sky130_fd_sc_hd__o211a_4)
                  0.10    0.21    1.26 ^ _0871_/X (sky130_fd_sc_hd__o211a_4)
     8    0.03                           _0433_ (net)
                  0.10    0.00    1.26 ^ _0874_/S (sky130_fd_sc_hd__mux2_1)
                  0.05    0.14    1.39 ^ _0874_/X (sky130_fd_sc_hd__mux2_1)
     1    0.00                           _0435_ (net)
                  0.05    0.00    1.39 ^ _0875_/A (sky130_fd_sc_hd__clkbuf_1)
                  0.05    0.08    1.48 ^ _0875_/X (sky130_fd_sc_hd__clkbuf_1)
     1    0.00                           _0139_ (net)
                  0.05    0.00    1.48 ^ _1065_/D (sky130_fd_sc_hd__dfxtp_1)
                                  1.48   data arrival time

                          0.00    0.00   clock w_clk (rise edge)
                          0.00    0.00   clock source latency
                  0.26    0.20    0.20 ^ w_clk (in)
     1    0.06                           w_clk (net)
                  0.26    0.00    0.20 ^ clkbuf_0_w_clk/A (sky130_fd_sc_hd__clkbuf_16)
                  0.09    0.24    0.44 ^ clkbuf_0_w_clk/X (sky130_fd_sc_hd__clkbuf_16)
    16    0.07                           clknet_0_w_clk (net)
                  0.09    0.00    0.44 ^ clkbuf_4_12_0_w_clk/A (sky130_fd_sc_hd__clkbuf_8)
                  0.06    0.16    0.60 ^ clkbuf_4_12_0_w_clk/X (sky130_fd_sc_hd__clkbuf_8)
    12    0.02                           clknet_4_12_0_w_clk (net)
                  0.06    0.00    0.60 ^ _1065_/CLK (sky130_fd_sc_hd__dfxtp_1)
                          0.25    0.85   clock uncertainty
                         -0.04    0.81   clock reconvergence pessimism
                         -0.03    0.78   library hold time
                                  0.78   data required time
-----------------------------------------------------------------------------
                                  0.78   data required time
                                 -1.48   data arrival time
-----------------------------------------------------------------------------
                                  0.70   slack (MET)


Startpoint: _1049_ (rising edge-triggered flip-flop clocked by w_clk)
Endpoint: _1074_ (rising edge-triggered flip-flop clocked by w_clk)
Path Group: w_clk
Path Type: min

Fanout     Cap    Slew   Delay    Time   Description
-----------------------------------------------------------------------------
                          0.00    0.00   clock w_clk (rise edge)
                          0.00    0.00   clock source latency
                  0.26    0.18    0.18 ^ w_clk (in)
     1    0.06                           w_clk (net)
                  0.26    0.00    0.18 ^ clkbuf_0_w_clk/A (sky130_fd_sc_hd__clkbuf_16)
                  0.09    0.22    0.40 ^ clkbuf_0_w_clk/X (sky130_fd_sc_hd__clkbuf_16)
    16    0.07                           clknet_0_w_clk (net)
                  0.09    0.00    0.40 ^ clkbuf_4_5_0_w_clk/A (sky130_fd_sc_hd__clkbuf_8)
                  0.04    0.13    0.53 ^ clkbuf_4_5_0_w_clk/X (sky130_fd_sc_hd__clkbuf_8)
     7    0.01                           clknet_4_5_0_w_clk (net)
                  0.04    0.00    0.53 ^ _1049_/CLK (sky130_fd_sc_hd__dfrtp_2)
                  0.10    0.37    0.90 ^ _1049_/Q (sky130_fd_sc_hd__dfrtp_2)
     1    0.02                           r_ptr_g_sync2[3] (net)
                  0.10    0.00    0.90 ^ _0460_/A (sky130_fd_sc_hd__xnor2_4)
                  0.08    0.15    1.05 ^ _0460_/Y (sky130_fd_sc_hd__xnor2_4)
     4    0.02                           _0162_ (net)
                  0.08    0.00    1.05 ^ _0889_/A1 (sky130_fd_sc_hd__o211a_4)
                  0.16    0.25    1.30 ^ _0889_/X (sky130_fd_sc_hd__o211a_4)
     8    0.05                           _0443_ (net)
                  0.16    0.00    1.30 ^ _0894_/S (sky130_fd_sc_hd__mux2_1)
                  0.04    0.14    1.44 ^ _0894_/X (sky130_fd_sc_hd__mux2_1)
     1    0.00                           _0446_ (net)
                  0.04    0.00    1.44 ^ _0895_/A (sky130_fd_sc_hd__clkbuf_1)
                  0.05    0.08    1.52 ^ _0895_/X (sky130_fd_sc_hd__clkbuf_1)
     1    0.00                           _0148_ (net)
                  0.05    0.00    1.52 ^ _1074_/D (sky130_fd_sc_hd__dfxtp_1)
                                  1.52   data arrival time

                          0.00    0.00   clock w_clk (rise edge)
                          0.00    0.00   clock source latency
                  0.26    0.20    0.20 ^ w_clk (in)
     1    0.06                           w_clk (net)
                  0.26    0.00    0.20 ^ clkbuf_0_w_clk/A (sky130_fd_sc_hd__clkbuf_16)
                  0.09    0.24    0.44 ^ clkbuf_0_w_clk/X (sky130_fd_sc_hd__clkbuf_16)
    16    0.07                           clknet_0_w_clk (net)
                  0.09    0.00    0.44 ^ clkbuf_4_13_0_w_clk/A (sky130_fd_sc_hd__clkbuf_8)
                  0.10    0.19    0.63 ^ clkbuf_4_13_0_w_clk/X (sky130_fd_sc_hd__clkbuf_8)
    17    0.05                           clknet_4_13_0_w_clk (net)
                  0.10    0.00    0.63 ^ _1074_/CLK (sky130_fd_sc_hd__dfxtp_1)
                          0.25    0.88   clock uncertainty
                         -0.04    0.84   clock reconvergence pessimism
                         -0.02    0.82   library hold time
                                  0.82   data required time
-----------------------------------------------------------------------------
                                  0.82   data required time
                                 -1.52   data arrival time
-----------------------------------------------------------------------------
                                  0.70   slack (MET)


Startpoint: _1049_ (rising edge-triggered flip-flop clocked by w_clk)
Endpoint: _1071_ (rising edge-triggered flip-flop clocked by w_clk)
Path Group: w_clk
Path Type: min

Fanout     Cap    Slew   Delay    Time   Description
-----------------------------------------------------------------------------
                          0.00    0.00   clock w_clk (rise edge)
                          0.00    0.00   clock source latency
                  0.26    0.18    0.18 ^ w_clk (in)
     1    0.06                           w_clk (net)
                  0.26    0.00    0.18 ^ clkbuf_0_w_clk/A (sky130_fd_sc_hd__clkbuf_16)
                  0.09    0.22    0.40 ^ clkbuf_0_w_clk/X (sky130_fd_sc_hd__clkbuf_16)
    16    0.07                           clknet_0_w_clk (net)
                  0.09    0.00    0.40 ^ clkbuf_4_5_0_w_clk/A (sky130_fd_sc_hd__clkbuf_8)
                  0.04    0.13    0.53 ^ clkbuf_4_5_0_w_clk/X (sky130_fd_sc_hd__clkbuf_8)
     7    0.01                           clknet_4_5_0_w_clk (net)
                  0.04    0.00    0.53 ^ _1049_/CLK (sky130_fd_sc_hd__dfrtp_2)
                  0.10    0.37    0.90 ^ _1049_/Q (sky130_fd_sc_hd__dfrtp_2)
     1    0.02                           r_ptr_g_sync2[3] (net)
                  0.10    0.00    0.90 ^ _0460_/A (sky130_fd_sc_hd__xnor2_4)
                  0.08    0.15    1.05 ^ _0460_/Y (sky130_fd_sc_hd__xnor2_4)
     4    0.02                           _0162_ (net)
                  0.08    0.00    1.05 ^ _0871_/A1 (sky130_fd_sc_hd__o211a_4)
                  0.10    0.21    1.26 ^ _0871_/X (sky130_fd_sc_hd__o211a_4)
     8    0.03                           _0433_ (net)
                  0.10    0.00    1.26 ^ _0886_/S (sky130_fd_sc_hd__mux2_1)
                  0.05    0.14    1.40 ^ _0886_/X (sky130_fd_sc_hd__mux2_1)
     1    0.00                           _0441_ (net)
                  0.05    0.00    1.40 ^ _0887_/A (sky130_fd_sc_hd__clkbuf_1)
                  0.04    0.07    1.47 ^ _0887_/X (sky130_fd_sc_hd__clkbuf_1)
     1    0.00                           _0145_ (net)
                  0.04    0.00    1.47 ^ _1071_/D (sky130_fd_sc_hd__dfxtp_1)
                                  1.47   data arrival time

                          0.00    0.00   clock w_clk (rise edge)
                          0.00    0.00   clock source latency
                  0.26    0.20    0.20 ^ w_clk (in)
     1    0.06                           w_clk (net)
                  0.26    0.00    0.20 ^ clkbuf_0_w_clk/A (sky130_fd_sc_hd__clkbuf_16)
                  0.09    0.24    0.44 ^ clkbuf_0_w_clk/X (sky130_fd_sc_hd__clkbuf_16)
    16    0.07                           clknet_0_w_clk (net)
                  0.09    0.00    0.44 ^ clkbuf_4_7_0_w_clk/A (sky130_fd_sc_hd__clkbuf_8)
                  0.05    0.15    0.59 ^ clkbuf_4_7_0_w_clk/X (sky130_fd_sc_hd__clkbuf_8)
     8    0.02                           clknet_4_7_0_w_clk (net)
                  0.05    0.00    0.59 ^ _1071_/CLK (sky130_fd_sc_hd__dfxtp_1)
                          0.25    0.84   clock uncertainty
                         -0.04    0.79   clock reconvergence pessimism
                         -0.03    0.76   library hold time
                                  0.76   data required time
-----------------------------------------------------------------------------
                                  0.76   data required time
                                 -1.47   data arrival time
-----------------------------------------------------------------------------
                                  0.71   slack (MET)


Startpoint: _1049_ (rising edge-triggered flip-flop clocked by w_clk)
Endpoint: _1076_ (rising edge-triggered flip-flop clocked by w_clk)
Path Group: w_clk
Path Type: min

Fanout     Cap    Slew   Delay    Time   Description
-----------------------------------------------------------------------------
                          0.00    0.00   clock w_clk (rise edge)
                          0.00    0.00   clock source latency
                  0.26    0.18    0.18 ^ w_clk (in)
     1    0.06                           w_clk (net)
                  0.26    0.00    0.18 ^ clkbuf_0_w_clk/A (sky130_fd_sc_hd__clkbuf_16)
                  0.09    0.22    0.40 ^ clkbuf_0_w_clk/X (sky130_fd_sc_hd__clkbuf_16)
    16    0.07                           clknet_0_w_clk (net)
                  0.09    0.00    0.40 ^ clkbuf_4_5_0_w_clk/A (sky130_fd_sc_hd__clkbuf_8)
                  0.04    0.13    0.53 ^ clkbuf_4_5_0_w_clk/X (sky130_fd_sc_hd__clkbuf_8)
     7    0.01                           clknet_4_5_0_w_clk (net)
                  0.04    0.00    0.53 ^ _1049_/CLK (sky130_fd_sc_hd__dfrtp_2)
                  0.10    0.37    0.90 ^ _1049_/Q (sky130_fd_sc_hd__dfrtp_2)
     1    0.02                           r_ptr_g_sync2[3] (net)
                  0.10    0.00    0.90 ^ _0460_/A (sky130_fd_sc_hd__xnor2_4)
                  0.08    0.15    1.05 ^ _0460_/Y (sky130_fd_sc_hd__xnor2_4)
     4    0.02                           _0162_ (net)
                  0.08    0.00    1.05 ^ _0889_/A1 (sky130_fd_sc_hd__o211a_4)
                  0.16    0.25    1.30 ^ _0889_/X (sky130_fd_sc_hd__o211a_4)
     8    0.05                           _0443_ (net)
                  0.16    0.00    1.30 ^ _0898_/S (sky130_fd_sc_hd__mux2_1)
                  0.05    0.15    1.45 ^ _0898_/X (sky130_fd_sc_hd__mux2_1)
     1    0.00                           _0448_ (net)
                  0.05    0.00    1.45 ^ _0899_/A (sky130_fd_sc_hd__clkbuf_1)
                  0.05    0.08    1.53 ^ _0899_/X (sky130_fd_sc_hd__clkbuf_1)
     1    0.00                           _0150_ (net)
                  0.05    0.00    1.53 ^ _1076_/D (sky130_fd_sc_hd__dfxtp_1)
                                  1.53   data arrival time

                          0.00    0.00   clock w_clk (rise edge)
                          0.00    0.00   clock source latency
                  0.26    0.20    0.20 ^ w_clk (in)
     1    0.06                           w_clk (net)
                  0.26    0.00    0.20 ^ clkbuf_0_w_clk/A (sky130_fd_sc_hd__clkbuf_16)
                  0.09    0.24    0.44 ^ clkbuf_0_w_clk/X (sky130_fd_sc_hd__clkbuf_16)
    16    0.07                           clknet_0_w_clk (net)
                  0.09    0.00    0.44 ^ clkbuf_4_13_0_w_clk/A (sky130_fd_sc_hd__clkbuf_8)
                  0.10    0.19    0.63 ^ clkbuf_4_13_0_w_clk/X (sky130_fd_sc_hd__clkbuf_8)
    17    0.05                           clknet_4_13_0_w_clk (net)
                  0.10    0.00    0.63 ^ _1076_/CLK (sky130_fd_sc_hd__dfxtp_1)
                          0.25    0.88   clock uncertainty
                         -0.04    0.84   clock reconvergence pessimism
                         -0.02    0.82   library hold time
                                  0.82   data required time
-----------------------------------------------------------------------------
                                  0.82   data required time
                                 -1.53   data arrival time
-----------------------------------------------------------------------------
                                  0.71   slack (MET)


Startpoint: _1063_ (rising edge-triggered flip-flop clocked by w_clk)
Endpoint: _1020_ (rising edge-triggered flip-flop clocked by w_clk)
Path Group: w_clk
Path Type: min

Fanout     Cap    Slew   Delay    Time   Description
-----------------------------------------------------------------------------
                          0.00    0.00   clock w_clk (rise edge)
                          0.00    0.00   clock source latency
                  0.26    0.18    0.18 ^ w_clk (in)
     1    0.06                           w_clk (net)
                  0.26    0.00    0.18 ^ clkbuf_0_w_clk/A (sky130_fd_sc_hd__clkbuf_16)
                  0.09    0.22    0.40 ^ clkbuf_0_w_clk/X (sky130_fd_sc_hd__clkbuf_16)
    16    0.07                           clknet_0_w_clk (net)
                  0.09    0.00    0.40 ^ clkbuf_4_4_0_w_clk/A (sky130_fd_sc_hd__clkbuf_8)
                  0.04    0.13    0.53 ^ clkbuf_4_4_0_w_clk/X (sky130_fd_sc_hd__clkbuf_8)
     7    0.01                           clknet_4_4_0_w_clk (net)
                  0.04    0.00    0.53 ^ _1063_/CLK (sky130_fd_sc_hd__dfrtp_4)
                  0.11    0.43    0.95 ^ _1063_/Q (sky130_fd_sc_hd__dfrtp_4)
     9    0.03                           w_ptr_b[3] (net)
                  0.11    0.00    0.96 ^ _0470_/A (sky130_fd_sc_hd__inv_2)
                  0.05    0.06    1.02 v _0470_/Y (sky130_fd_sc_hd__inv_2)
     5    0.01                           _0172_ (net)
                  0.05    0.00    1.02 v _0471_/A (sky130_fd_sc_hd__xnor2_1)
                  0.07    0.14    1.16 v _0471_/Y (sky130_fd_sc_hd__xnor2_1)
     2    0.01                           _0173_ (net)
                  0.07    0.00    1.16 v _0811_/B1 (sky130_fd_sc_hd__o211a_1)
                  0.03    0.13    1.29 v _0811_/X (sky130_fd_sc_hd__o211a_1)
     1    0.00                           _0397_ (net)
                  0.03    0.00    1.29 v _0812_/B1_N (sky130_fd_sc_hd__o21ba_1)
                  0.05    0.20    1.49 ^ _0812_/X (sky130_fd_sc_hd__o21ba_1)
     1    0.00                           _0114_ (net)
                  0.05    0.00    1.49 ^ _1020_/D (sky130_fd_sc_hd__dfrtp_1)
                                  1.49   data arrival time

                          0.00    0.00   clock w_clk (rise edge)
                          0.00    0.00   clock source latency
                  0.26    0.20    0.20 ^ w_clk (in)
     1    0.06                           w_clk (net)
                  0.26    0.00    0.20 ^ clkbuf_0_w_clk/A (sky130_fd_sc_hd__clkbuf_16)
                  0.09    0.24    0.44 ^ clkbuf_0_w_clk/X (sky130_fd_sc_hd__clkbuf_16)
    16    0.07                           clknet_0_w_clk (net)
                  0.09    0.00    0.44 ^ clkbuf_4_6_0_w_clk/A (sky130_fd_sc_hd__clkbuf_8)
                  0.05    0.16    0.60 ^ clkbuf_4_6_0_w_clk/X (sky130_fd_sc_hd__clkbuf_8)
     6    0.02                           clknet_4_6_0_w_clk (net)
                  0.05    0.00    0.60 ^ _1020_/CLK (sky130_fd_sc_hd__dfrtp_1)
                          0.25    0.85   clock uncertainty
                         -0.04    0.80   clock reconvergence pessimism
                         -0.03    0.77   library hold time
                                  0.77   data required time
-----------------------------------------------------------------------------
                                  0.77   data required time
                                 -1.49   data arrival time
-----------------------------------------------------------------------------
                                  0.72   slack (MET)


Startpoint: _1049_ (rising edge-triggered flip-flop clocked by w_clk)
Endpoint: _1072_ (rising edge-triggered flip-flop clocked by w_clk)
Path Group: w_clk
Path Type: min

Fanout     Cap    Slew   Delay    Time   Description
-----------------------------------------------------------------------------
                          0.00    0.00   clock w_clk (rise edge)
                          0.00    0.00   clock source latency
                  0.26    0.18    0.18 ^ w_clk (in)
     1    0.06                           w_clk (net)
                  0.26    0.00    0.18 ^ clkbuf_0_w_clk/A (sky130_fd_sc_hd__clkbuf_16)
                  0.09    0.22    0.40 ^ clkbuf_0_w_clk/X (sky130_fd_sc_hd__clkbuf_16)
    16    0.07                           clknet_0_w_clk (net)
                  0.09    0.00    0.40 ^ clkbuf_4_5_0_w_clk/A (sky130_fd_sc_hd__clkbuf_8)
                  0.04    0.13    0.53 ^ clkbuf_4_5_0_w_clk/X (sky130_fd_sc_hd__clkbuf_8)
     7    0.01                           clknet_4_5_0_w_clk (net)
                  0.04    0.00    0.53 ^ _1049_/CLK (sky130_fd_sc_hd__dfrtp_2)
                  0.10    0.37    0.90 ^ _1049_/Q (sky130_fd_sc_hd__dfrtp_2)
     1    0.02                           r_ptr_g_sync2[3] (net)
                  0.10    0.00    0.90 ^ _0460_/A (sky130_fd_sc_hd__xnor2_4)
                  0.08    0.15    1.05 ^ _0460_/Y (sky130_fd_sc_hd__xnor2_4)
     4    0.02                           _0162_ (net)
                  0.08    0.00    1.05 ^ _0889_/A1 (sky130_fd_sc_hd__o211a_4)
                  0.16    0.25    1.30 ^ _0889_/X (sky130_fd_sc_hd__o211a_4)
     8    0.05                           _0443_ (net)
                  0.16    0.00    1.30 ^ _0890_/S (sky130_fd_sc_hd__mux2_1)
                  0.04    0.15    1.45 ^ _0890_/X (sky130_fd_sc_hd__mux2_1)
     1    0.00                           _0444_ (net)
                  0.04    0.00    1.45 ^ _0891_/A (sky130_fd_sc_hd__clkbuf_1)
                  0.04    0.07    1.52 ^ _0891_/X (sky130_fd_sc_hd__clkbuf_1)
     1    0.00                           _0146_ (net)
                  0.04    0.00    1.52 ^ _1072_/D (sky130_fd_sc_hd__dfxtp_1)
                                  1.52   data arrival time

                          0.00    0.00   clock w_clk (rise edge)
                          0.00    0.00   clock source latency
                  0.26    0.20    0.20 ^ w_clk (in)
     1    0.06                           w_clk (net)
                  0.26    0.00    0.20 ^ clkbuf_0_w_clk/A (sky130_fd_sc_hd__clkbuf_16)
                  0.09    0.24    0.44 ^ clkbuf_0_w_clk/X (sky130_fd_sc_hd__clkbuf_16)
    16    0.07                           clknet_0_w_clk (net)
                  0.09    0.00    0.44 ^ clkbuf_4_9_0_w_clk/A (sky130_fd_sc_hd__clkbuf_8)
                  0.05    0.16    0.60 ^ clkbuf_4_9_0_w_clk/X (sky130_fd_sc_hd__clkbuf_8)
     7    0.02                           clknet_4_9_0_w_clk (net)
                  0.05    0.00    0.60 ^ _1072_/CLK (sky130_fd_sc_hd__dfxtp_1)
                          0.25    0.85   clock uncertainty
                         -0.04    0.81   clock reconvergence pessimism
                         -0.03    0.78   library hold time
                                  0.78   data required time
-----------------------------------------------------------------------------
                                  0.78   data required time
                                 -1.52   data arrival time
-----------------------------------------------------------------------------
                                  0.74   slack (MET)


Startpoint: _1049_ (rising edge-triggered flip-flop clocked by w_clk)
Endpoint: _1073_ (rising edge-triggered flip-flop clocked by w_clk)
Path Group: w_clk
Path Type: min

Fanout     Cap    Slew   Delay    Time   Description
-----------------------------------------------------------------------------
                          0.00    0.00   clock w_clk (rise edge)
                          0.00    0.00   clock source latency
                  0.26    0.18    0.18 ^ w_clk (in)
     1    0.06                           w_clk (net)
                  0.26    0.00    0.18 ^ clkbuf_0_w_clk/A (sky130_fd_sc_hd__clkbuf_16)
                  0.09    0.22    0.40 ^ clkbuf_0_w_clk/X (sky130_fd_sc_hd__clkbuf_16)
    16    0.07                           clknet_0_w_clk (net)
                  0.09    0.00    0.40 ^ clkbuf_4_5_0_w_clk/A (sky130_fd_sc_hd__clkbuf_8)
                  0.04    0.13    0.53 ^ clkbuf_4_5_0_w_clk/X (sky130_fd_sc_hd__clkbuf_8)
     7    0.01                           clknet_4_5_0_w_clk (net)
                  0.04    0.00    0.53 ^ _1049_/CLK (sky130_fd_sc_hd__dfrtp_2)
                  0.10    0.37    0.90 ^ _1049_/Q (sky130_fd_sc_hd__dfrtp_2)
     1    0.02                           r_ptr_g_sync2[3] (net)
                  0.10    0.00    0.90 ^ _0460_/A (sky130_fd_sc_hd__xnor2_4)
                  0.08    0.15    1.05 ^ _0460_/Y (sky130_fd_sc_hd__xnor2_4)
     4    0.02                           _0162_ (net)
                  0.08    0.00    1.05 ^ _0889_/A1 (sky130_fd_sc_hd__o211a_4)
                  0.16    0.25    1.30 ^ _0889_/X (sky130_fd_sc_hd__o211a_4)
     8    0.05                           _0443_ (net)
                  0.16    0.00    1.30 ^ _0892_/S (sky130_fd_sc_hd__mux2_1)
                  0.05    0.15    1.45 ^ _0892_/X (sky130_fd_sc_hd__mux2_1)
     1    0.00                           _0445_ (net)
                  0.05    0.00    1.45 ^ _0893_/A (sky130_fd_sc_hd__clkbuf_1)
                  0.04    0.07    1.52 ^ _0893_/X (sky130_fd_sc_hd__clkbuf_1)
     1    0.00                           _0147_ (net)
                  0.04    0.00    1.52 ^ _1073_/D (sky130_fd_sc_hd__dfxtp_1)
                                  1.52   data arrival time

                          0.00    0.00   clock w_clk (rise edge)
                          0.00    0.00   clock source latency
                  0.26    0.20    0.20 ^ w_clk (in)
     1    0.06                           w_clk (net)
                  0.26    0.00    0.20 ^ clkbuf_0_w_clk/A (sky130_fd_sc_hd__clkbuf_16)
                  0.09    0.24    0.44 ^ clkbuf_0_w_clk/X (sky130_fd_sc_hd__clkbuf_16)
    16    0.07                           clknet_0_w_clk (net)
                  0.09    0.00    0.44 ^ clkbuf_4_9_0_w_clk/A (sky130_fd_sc_hd__clkbuf_8)
                  0.05    0.16    0.60 ^ clkbuf_4_9_0_w_clk/X (sky130_fd_sc_hd__clkbuf_8)
     7    0.02                           clknet_4_9_0_w_clk (net)
                  0.05    0.00    0.60 ^ _1073_/CLK (sky130_fd_sc_hd__dfxtp_1)
                          0.25    0.85   clock uncertainty
                         -0.04    0.81   clock reconvergence pessimism
                         -0.03    0.78   library hold time
                                  0.78   data required time
-----------------------------------------------------------------------------
                                  0.78   data required time
                                 -1.52   data arrival time
-----------------------------------------------------------------------------
                                  0.74   slack (MET)


Startpoint: _1049_ (rising edge-triggered flip-flop clocked by w_clk)
Endpoint: _1075_ (rising edge-triggered flip-flop clocked by w_clk)
Path Group: w_clk
Path Type: min

Fanout     Cap    Slew   Delay    Time   Description
-----------------------------------------------------------------------------
                          0.00    0.00   clock w_clk (rise edge)
                          0.00    0.00   clock source latency
                  0.26    0.18    0.18 ^ w_clk (in)
     1    0.06                           w_clk (net)
                  0.26    0.00    0.18 ^ clkbuf_0_w_clk/A (sky130_fd_sc_hd__clkbuf_16)
                  0.09    0.22    0.40 ^ clkbuf_0_w_clk/X (sky130_fd_sc_hd__clkbuf_16)
    16    0.07                           clknet_0_w_clk (net)
                  0.09    0.00    0.40 ^ clkbuf_4_5_0_w_clk/A (sky130_fd_sc_hd__clkbuf_8)
                  0.04    0.13    0.53 ^ clkbuf_4_5_0_w_clk/X (sky130_fd_sc_hd__clkbuf_8)
     7    0.01                           clknet_4_5_0_w_clk (net)
                  0.04    0.00    0.53 ^ _1049_/CLK (sky130_fd_sc_hd__dfrtp_2)
                  0.10    0.37    0.90 ^ _1049_/Q (sky130_fd_sc_hd__dfrtp_2)
     1    0.02                           r_ptr_g_sync2[3] (net)
                  0.10    0.00    0.90 ^ _0460_/A (sky130_fd_sc_hd__xnor2_4)
                  0.08    0.15    1.05 ^ _0460_/Y (sky130_fd_sc_hd__xnor2_4)
     4    0.02                           _0162_ (net)
                  0.08    0.00    1.05 ^ _0889_/A1 (sky130_fd_sc_hd__o211a_4)
                  0.16    0.25    1.30 ^ _0889_/X (sky130_fd_sc_hd__o211a_4)
     8    0.05                           _0443_ (net)
                  0.16    0.00    1.30 ^ _0896_/S (sky130_fd_sc_hd__mux2_1)
                  0.05    0.15    1.45 ^ _0896_/X (sky130_fd_sc_hd__mux2_1)
     1    0.00                           _0447_ (net)
                  0.05    0.00    1.45 ^ _0897_/A (sky130_fd_sc_hd__clkbuf_1)
                  0.05    0.08    1.54 ^ _0897_/X (sky130_fd_sc_hd__clkbuf_1)
     1    0.00                           _0149_ (net)
                  0.05    0.00    1.54 ^ _1075_/D (sky130_fd_sc_hd__dfxtp_1)
                                  1.54   data arrival time

                          0.00    0.00   clock w_clk (rise edge)
                          0.00    0.00   clock source latency
                  0.26    0.20    0.20 ^ w_clk (in)
     1    0.06                           w_clk (net)
                  0.26    0.00    0.20 ^ clkbuf_0_w_clk/A (sky130_fd_sc_hd__clkbuf_16)
                  0.09    0.24    0.44 ^ clkbuf_0_w_clk/X (sky130_fd_sc_hd__clkbuf_16)
    16    0.07                           clknet_0_w_clk (net)
                  0.09    0.00    0.44 ^ clkbuf_4_15_0_w_clk/A (sky130_fd_sc_hd__clkbuf_8)
                  0.07    0.17    0.61 ^ clkbuf_4_15_0_w_clk/X (sky130_fd_sc_hd__clkbuf_8)
    10    0.03                           clknet_4_15_0_w_clk (net)
                  0.07    0.00    0.61 ^ _1075_/CLK (sky130_fd_sc_hd__dfxtp_1)
                          0.25    0.86   clock uncertainty
                         -0.04    0.82   clock reconvergence pessimism
                         -0.03    0.79   library hold time
                                  0.79   data required time
-----------------------------------------------------------------------------
                                  0.79   data required time
                                 -1.54   data arrival time
-----------------------------------------------------------------------------
                                  0.75   slack (MET)


Startpoint: _1049_ (rising edge-triggered flip-flop clocked by w_clk)
Endpoint: _1078_ (rising edge-triggered flip-flop clocked by w_clk)
Path Group: w_clk
Path Type: min

Fanout     Cap    Slew   Delay    Time   Description
-----------------------------------------------------------------------------
                          0.00    0.00   clock w_clk (rise edge)
                          0.00    0.00   clock source latency
                  0.26    0.18    0.18 ^ w_clk (in)
     1    0.06                           w_clk (net)
                  0.26    0.00    0.18 ^ clkbuf_0_w_clk/A (sky130_fd_sc_hd__clkbuf_16)
                  0.09    0.22    0.40 ^ clkbuf_0_w_clk/X (sky130_fd_sc_hd__clkbuf_16)
    16    0.07                           clknet_0_w_clk (net)
                  0.09    0.00    0.40 ^ clkbuf_4_5_0_w_clk/A (sky130_fd_sc_hd__clkbuf_8)
                  0.04    0.13    0.53 ^ clkbuf_4_5_0_w_clk/X (sky130_fd_sc_hd__clkbuf_8)
     7    0.01                           clknet_4_5_0_w_clk (net)
                  0.04    0.00    0.53 ^ _1049_/CLK (sky130_fd_sc_hd__dfrtp_2)
                  0.10    0.37    0.90 ^ _1049_/Q (sky130_fd_sc_hd__dfrtp_2)
     1    0.02                           r_ptr_g_sync2[3] (net)
                  0.10    0.00    0.90 ^ _0460_/A (sky130_fd_sc_hd__xnor2_4)
                  0.08    0.15    1.05 ^ _0460_/Y (sky130_fd_sc_hd__xnor2_4)
     4    0.02                           _0162_ (net)
                  0.08    0.00    1.05 ^ _0889_/A1 (sky130_fd_sc_hd__o211a_4)
                  0.16    0.25    1.30 ^ _0889_/X (sky130_fd_sc_hd__o211a_4)
     8    0.05                           _0443_ (net)
                  0.16    0.00    1.30 ^ _0902_/S (sky130_fd_sc_hd__mux2_1)
                  0.05    0.15    1.45 ^ _0902_/X (sky130_fd_sc_hd__mux2_1)
     1    0.00                           _0450_ (net)
                  0.05    0.00    1.45 ^ _0903_/A (sky130_fd_sc_hd__clkbuf_1)
                  0.04    0.08    1.53 ^ _0903_/X (sky130_fd_sc_hd__clkbuf_1)
     1    0.00                           _0152_ (net)
                  0.04    0.00    1.53 ^ _1078_/D (sky130_fd_sc_hd__dfxtp_1)
                                  1.53   data arrival time

                          0.00    0.00   clock w_clk (rise edge)
                          0.00    0.00   clock source latency
                  0.26    0.20    0.20 ^ w_clk (in)
     1    0.06                           w_clk (net)
                  0.26    0.00    0.20 ^ clkbuf_0_w_clk/A (sky130_fd_sc_hd__clkbuf_16)
                  0.09    0.24    0.44 ^ clkbuf_0_w_clk/X (sky130_fd_sc_hd__clkbuf_16)
    16    0.07                           clknet_0_w_clk (net)
                  0.09    0.00    0.44 ^ clkbuf_4_14_0_w_clk/A (sky130_fd_sc_hd__clkbuf_8)
                  0.06    0.16    0.60 ^ clkbuf_4_14_0_w_clk/X (sky130_fd_sc_hd__clkbuf_8)
     8    0.02                           clknet_4_14_0_w_clk (net)
                  0.06    0.00    0.60 ^ _1078_/CLK (sky130_fd_sc_hd__dfxtp_1)
                          0.25    0.85   clock uncertainty
                         -0.04    0.81   clock reconvergence pessimism
                         -0.03    0.78   library hold time
                                  0.78   data required time
-----------------------------------------------------------------------------
                                  0.78   data required time
                                 -1.53   data arrival time
-----------------------------------------------------------------------------
                                  0.75   slack (MET)


Startpoint: _1049_ (rising edge-triggered flip-flop clocked by w_clk)
Endpoint: _1079_ (rising edge-triggered flip-flop clocked by w_clk)
Path Group: w_clk
Path Type: min

Fanout     Cap    Slew   Delay    Time   Description
-----------------------------------------------------------------------------
                          0.00    0.00   clock w_clk (rise edge)
                          0.00    0.00   clock source latency
                  0.26    0.18    0.18 ^ w_clk (in)
     1    0.06                           w_clk (net)
                  0.26    0.00    0.18 ^ clkbuf_0_w_clk/A (sky130_fd_sc_hd__clkbuf_16)
                  0.09    0.22    0.40 ^ clkbuf_0_w_clk/X (sky130_fd_sc_hd__clkbuf_16)
    16    0.07                           clknet_0_w_clk (net)
                  0.09    0.00    0.40 ^ clkbuf_4_5_0_w_clk/A (sky130_fd_sc_hd__clkbuf_8)
                  0.04    0.13    0.53 ^ clkbuf_4_5_0_w_clk/X (sky130_fd_sc_hd__clkbuf_8)
     7    0.01                           clknet_4_5_0_w_clk (net)
                  0.04    0.00    0.53 ^ _1049_/CLK (sky130_fd_sc_hd__dfrtp_2)
                  0.10    0.37    0.90 ^ _1049_/Q (sky130_fd_sc_hd__dfrtp_2)
     1    0.02                           r_ptr_g_sync2[3] (net)
                  0.10    0.00    0.90 ^ _0460_/A (sky130_fd_sc_hd__xnor2_4)
                  0.08    0.15    1.05 ^ _0460_/Y (sky130_fd_sc_hd__xnor2_4)
     4    0.02                           _0162_ (net)
                  0.08    0.00    1.05 ^ _0889_/A1 (sky130_fd_sc_hd__o211a_4)
                  0.16    0.25    1.30 ^ _0889_/X (sky130_fd_sc_hd__o211a_4)
     8    0.05                           _0443_ (net)
                  0.16    0.00    1.30 ^ _0904_/S (sky130_fd_sc_hd__mux2_1)
                  0.05    0.15    1.45 ^ _0904_/X (sky130_fd_sc_hd__mux2_1)
     1    0.00                           _0451_ (net)
                  0.05    0.00    1.45 ^ _0905_/A (sky130_fd_sc_hd__clkbuf_1)
                  0.04    0.08    1.53 ^ _0905_/X (sky130_fd_sc_hd__clkbuf_1)
     1    0.00                           _0153_ (net)
                  0.04    0.00    1.53 ^ _1079_/D (sky130_fd_sc_hd__dfxtp_1)
                                  1.53   data arrival time

                          0.00    0.00   clock w_clk (rise edge)
                          0.00    0.00   clock source latency
                  0.26    0.20    0.20 ^ w_clk (in)
     1    0.06                           w_clk (net)
                  0.26    0.00    0.20 ^ clkbuf_0_w_clk/A (sky130_fd_sc_hd__clkbuf_16)
                  0.09    0.24    0.44 ^ clkbuf_0_w_clk/X (sky130_fd_sc_hd__clkbuf_16)
    16    0.07                           clknet_0_w_clk (net)
                  0.09    0.00    0.44 ^ clkbuf_4_6_0_w_clk/A (sky130_fd_sc_hd__clkbuf_8)
                  0.05    0.16    0.60 ^ clkbuf_4_6_0_w_clk/X (sky130_fd_sc_hd__clkbuf_8)
     6    0.02                           clknet_4_6_0_w_clk (net)
                  0.05    0.00    0.60 ^ _1079_/CLK (sky130_fd_sc_hd__dfxtp_1)
                          0.25    0.85   clock uncertainty
                         -0.04    0.80   clock reconvergence pessimism
                         -0.03    0.77   library hold time
                                  0.77   data required time
-----------------------------------------------------------------------------
                                  0.77   data required time
                                 -1.53   data arrival time
-----------------------------------------------------------------------------
                                  0.75   slack (MET)


Startpoint: _0945_ (rising edge-triggered flip-flop clocked by w_clk)
Endpoint: _0945_ (rising edge-triggered flip-flop clocked by w_clk)
Path Group: w_clk
Path Type: min

Fanout     Cap    Slew   Delay    Time   Description
-----------------------------------------------------------------------------
                          0.00    0.00   clock w_clk (rise edge)
                          0.00    0.00   clock source latency
                  0.26    0.18    0.18 ^ w_clk (in)
     1    0.06                           w_clk (net)
                  0.26    0.00    0.18 ^ clkbuf_0_w_clk/A (sky130_fd_sc_hd__clkbuf_16)
                  0.09    0.22    0.40 ^ clkbuf_0_w_clk/X (sky130_fd_sc_hd__clkbuf_16)
    16    0.07                           clknet_0_w_clk (net)
                  0.09    0.00    0.40 ^ clkbuf_4_7_0_w_clk/A (sky130_fd_sc_hd__clkbuf_8)
                  0.05    0.13    0.53 ^ clkbuf_4_7_0_w_clk/X (sky130_fd_sc_hd__clkbuf_8)
     8    0.02                           clknet_4_7_0_w_clk (net)
                  0.05    0.00    0.53 ^ _0945_/CLK (sky130_fd_sc_hd__dfxtp_1)
                  0.05    0.29    0.82 ^ _0945_/Q (sky130_fd_sc_hd__dfxtp_1)
     2    0.00                           mem[13][7] (net)
                  0.05    0.00    0.82 ^ hold34/A (sky130_fd_sc_hd__dlygate4sd3_1)
                  0.05    0.51    1.33 ^ hold34/X (sky130_fd_sc_hd__dlygate4sd3_1)
     1    0.00                           net64 (net)
                  0.05    0.00    1.33 ^ _0639_/A0 (sky130_fd_sc_hd__mux2_1)
                  0.04    0.11    1.43 ^ _0639_/X (sky130_fd_sc_hd__mux2_1)
     1    0.00                           _0300_ (net)
                  0.04    0.00    1.43 ^ _0640_/A (sky130_fd_sc_hd__clkbuf_1)
                  0.04    0.07    1.51 ^ _0640_/X (sky130_fd_sc_hd__clkbuf_1)
     1    0.00                           _0039_ (net)
                  0.04    0.00    1.51 ^ _0945_/D (sky130_fd_sc_hd__dfxtp_1)
                                  1.51   data arrival time

                          0.00    0.00   clock w_clk (rise edge)
                          0.00    0.00   clock source latency
                  0.26    0.20    0.20 ^ w_clk (in)
     1    0.06                           w_clk (net)
                  0.26    0.00    0.20 ^ clkbuf_0_w_clk/A (sky130_fd_sc_hd__clkbuf_16)
                  0.09    0.24    0.44 ^ clkbuf_0_w_clk/X (sky130_fd_sc_hd__clkbuf_16)
    16    0.07                           clknet_0_w_clk (net)
                  0.09    0.00    0.44 ^ clkbuf_4_7_0_w_clk/A (sky130_fd_sc_hd__clkbuf_8)
                  0.05    0.15    0.59 ^ clkbuf_4_7_0_w_clk/X (sky130_fd_sc_hd__clkbuf_8)
     8    0.02                           clknet_4_7_0_w_clk (net)
                  0.05    0.00    0.59 ^ _0945_/CLK (sky130_fd_sc_hd__dfxtp_1)
                          0.25    0.84   clock uncertainty
                         -0.06    0.78   clock reconvergence pessimism
                         -0.03    0.75   library hold time
                                  0.75   data required time
-----------------------------------------------------------------------------
                                  0.75   data required time
                                 -1.51   data arrival time
-----------------------------------------------------------------------------
                                  0.76   slack (MET)


Startpoint: _1049_ (rising edge-triggered flip-flop clocked by w_clk)
Endpoint: _1077_ (rising edge-triggered flip-flop clocked by w_clk)
Path Group: w_clk
Path Type: min

Fanout     Cap    Slew   Delay    Time   Description
-----------------------------------------------------------------------------
                          0.00    0.00   clock w_clk (rise edge)
                          0.00    0.00   clock source latency
                  0.26    0.18    0.18 ^ w_clk (in)
     1    0.06                           w_clk (net)
                  0.26    0.00    0.18 ^ clkbuf_0_w_clk/A (sky130_fd_sc_hd__clkbuf_16)
                  0.09    0.22    0.40 ^ clkbuf_0_w_clk/X (sky130_fd_sc_hd__clkbuf_16)
    16    0.07                           clknet_0_w_clk (net)
                  0.09    0.00    0.40 ^ clkbuf_4_5_0_w_clk/A (sky130_fd_sc_hd__clkbuf_8)
                  0.04    0.13    0.53 ^ clkbuf_4_5_0_w_clk/X (sky130_fd_sc_hd__clkbuf_8)
     7    0.01                           clknet_4_5_0_w_clk (net)
                  0.04    0.00    0.53 ^ _1049_/CLK (sky130_fd_sc_hd__dfrtp_2)
                  0.10    0.37    0.90 ^ _1049_/Q (sky130_fd_sc_hd__dfrtp_2)
     1    0.02                           r_ptr_g_sync2[3] (net)
                  0.10    0.00    0.90 ^ _0460_/A (sky130_fd_sc_hd__xnor2_4)
                  0.08    0.15    1.05 ^ _0460_/Y (sky130_fd_sc_hd__xnor2_4)
     4    0.02                           _0162_ (net)
                  0.08    0.00    1.05 ^ _0889_/A1 (sky130_fd_sc_hd__o211a_4)
                  0.16    0.25    1.30 ^ _0889_/X (sky130_fd_sc_hd__o211a_4)
     8    0.05                           _0443_ (net)
                  0.16    0.00    1.30 ^ _0900_/S (sky130_fd_sc_hd__mux2_1)
                  0.05    0.16    1.45 ^ _0900_/X (sky130_fd_sc_hd__mux2_1)
     1    0.00                           _0449_ (net)
                  0.05    0.00    1.46 ^ _0901_/A (sky130_fd_sc_hd__clkbuf_1)
                  0.04    0.08    1.53 ^ _0901_/X (sky130_fd_sc_hd__clkbuf_1)
     1    0.00                           _0151_ (net)
                  0.04    0.00    1.53 ^ _1077_/D (sky130_fd_sc_hd__dfxtp_1)
                                  1.53   data arrival time

                          0.00    0.00   clock w_clk (rise edge)
                          0.00    0.00   clock source latency
                  0.26    0.20    0.20 ^ w_clk (in)
     1    0.06                           w_clk (net)
                  0.26    0.00    0.20 ^ clkbuf_0_w_clk/A (sky130_fd_sc_hd__clkbuf_16)
                  0.09    0.24    0.44 ^ clkbuf_0_w_clk/X (sky130_fd_sc_hd__clkbuf_16)
    16    0.07                           clknet_0_w_clk (net)
                  0.09    0.00    0.44 ^ clkbuf_4_12_0_w_clk/A (sky130_fd_sc_hd__clkbuf_8)
                  0.06    0.16    0.60 ^ clkbuf_4_12_0_w_clk/X (sky130_fd_sc_hd__clkbuf_8)
    12    0.02                           clknet_4_12_0_w_clk (net)
                  0.06    0.00    0.60 ^ _1077_/CLK (sky130_fd_sc_hd__dfxtp_1)
                          0.25    0.85   clock uncertainty
                         -0.04    0.81   clock reconvergence pessimism
                         -0.03    0.78   library hold time
                                  0.78   data required time
-----------------------------------------------------------------------------
                                  0.78   data required time
                                 -1.53   data arrival time
-----------------------------------------------------------------------------
                                  0.76   slack (MET)


Startpoint: _0941_ (rising edge-triggered flip-flop clocked by w_clk)
Endpoint: _0941_ (rising edge-triggered flip-flop clocked by w_clk)
Path Group: w_clk
Path Type: min

Fanout     Cap    Slew   Delay    Time   Description
-----------------------------------------------------------------------------
                          0.00    0.00   clock w_clk (rise edge)
                          0.00    0.00   clock source latency
                  0.26    0.18    0.18 ^ w_clk (in)
     1    0.06                           w_clk (net)
                  0.26    0.00    0.18 ^ clkbuf_0_w_clk/A (sky130_fd_sc_hd__clkbuf_16)
                  0.09    0.22    0.40 ^ clkbuf_0_w_clk/X (sky130_fd_sc_hd__clkbuf_16)
    16    0.07                           clknet_0_w_clk (net)
                  0.09    0.00    0.40 ^ clkbuf_4_15_0_w_clk/A (sky130_fd_sc_hd__clkbuf_8)
                  0.07    0.15    0.55 ^ clkbuf_4_15_0_w_clk/X (sky130_fd_sc_hd__clkbuf_8)
    10    0.03                           clknet_4_15_0_w_clk (net)
                  0.07    0.00    0.55 ^ _0941_/CLK (sky130_fd_sc_hd__dfxtp_1)
                  0.05    0.30    0.85 ^ _0941_/Q (sky130_fd_sc_hd__dfxtp_1)
     2    0.00                           mem[13][3] (net)
                  0.05    0.00    0.85 ^ hold97/A (sky130_fd_sc_hd__dlygate4sd3_1)
                  0.05    0.51    1.35 ^ hold97/X (sky130_fd_sc_hd__dlygate4sd3_1)
     1    0.00                           net127 (net)
                  0.05    0.00    1.35 ^ _0631_/A0 (sky130_fd_sc_hd__mux2_1)
                  0.04    0.11    1.46 ^ _0631_/X (sky130_fd_sc_hd__mux2_1)
     1    0.00                           _0296_ (net)
                  0.04    0.00    1.46 ^ _0632_/A (sky130_fd_sc_hd__clkbuf_1)
                  0.04    0.07    1.53 ^ _0632_/X (sky130_fd_sc_hd__clkbuf_1)
     1    0.00                           _0035_ (net)
                  0.04    0.00    1.53 ^ _0941_/D (sky130_fd_sc_hd__dfxtp_1)
                                  1.53   data arrival time

                          0.00    0.00   clock w_clk (rise edge)
                          0.00    0.00   clock source latency
                  0.26    0.20    0.20 ^ w_clk (in)
     1    0.06                           w_clk (net)
                  0.26    0.00    0.20 ^ clkbuf_0_w_clk/A (sky130_fd_sc_hd__clkbuf_16)
                  0.09    0.24    0.44 ^ clkbuf_0_w_clk/X (sky130_fd_sc_hd__clkbuf_16)
    16    0.07                           clknet_0_w_clk (net)
                  0.09    0.00    0.44 ^ clkbuf_4_15_0_w_clk/A (sky130_fd_sc_hd__clkbuf_8)
                  0.07    0.17    0.61 ^ clkbuf_4_15_0_w_clk/X (sky130_fd_sc_hd__clkbuf_8)
    10    0.03                           clknet_4_15_0_w_clk (net)
                  0.07    0.00    0.61 ^ _0941_/CLK (sky130_fd_sc_hd__dfxtp_1)
                          0.25    0.86   clock uncertainty
                         -0.06    0.80   clock reconvergence pessimism
                         -0.03    0.77   library hold time
                                  0.77   data required time
-----------------------------------------------------------------------------
                                  0.77   data required time
                                 -1.53   data arrival time
-----------------------------------------------------------------------------
                                  0.76   slack (MET)


Startpoint: _1024_ (rising edge-triggered flip-flop clocked by w_clk)
Endpoint: _1024_ (rising edge-triggered flip-flop clocked by w_clk)
Path Group: w_clk
Path Type: min

Fanout     Cap    Slew   Delay    Time   Description
-----------------------------------------------------------------------------
                          0.00    0.00   clock w_clk (rise edge)
                          0.00    0.00   clock source latency
                  0.26    0.18    0.18 ^ w_clk (in)
     1    0.06                           w_clk (net)
                  0.26    0.00    0.18 ^ clkbuf_0_w_clk/A (sky130_fd_sc_hd__clkbuf_16)
                  0.09    0.22    0.40 ^ clkbuf_0_w_clk/X (sky130_fd_sc_hd__clkbuf_16)
    16    0.07                           clknet_0_w_clk (net)
                  0.09    0.00    0.40 ^ clkbuf_4_8_0_w_clk/A (sky130_fd_sc_hd__clkbuf_8)
                  0.06    0.14    0.54 ^ clkbuf_4_8_0_w_clk/X (sky130_fd_sc_hd__clkbuf_8)
    12    0.02                           clknet_4_8_0_w_clk (net)
                  0.06    0.00    0.54 ^ _1024_/CLK (sky130_fd_sc_hd__dfxtp_1)
                  0.06    0.30    0.84 ^ _1024_/Q (sky130_fd_sc_hd__dfxtp_1)
     2    0.00                           mem[4][1] (net)
                  0.06    0.00    0.84 ^ hold36/A (sky130_fd_sc_hd__dlygate4sd3_1)
                  0.05    0.51    1.35 ^ hold36/X (sky130_fd_sc_hd__dlygate4sd3_1)
     1    0.00                           net66 (net)
                  0.05    0.00    1.35 ^ _0821_/A0 (sky130_fd_sc_hd__mux2_1)
                  0.04    0.11    1.46 ^ _0821_/X (sky130_fd_sc_hd__mux2_1)
     1    0.00                           _0403_ (net)
                  0.04    0.00    1.46 ^ _0822_/A (sky130_fd_sc_hd__clkbuf_1)
                  0.04    0.07    1.53 ^ _0822_/X (sky130_fd_sc_hd__clkbuf_1)
     1    0.00                           _0118_ (net)
                  0.04    0.00    1.53 ^ _1024_/D (sky130_fd_sc_hd__dfxtp_1)
                                  1.53   data arrival time

                          0.00    0.00   clock w_clk (rise edge)
                          0.00    0.00   clock source latency
                  0.26    0.20    0.20 ^ w_clk (in)
     1    0.06                           w_clk (net)
                  0.26    0.00    0.20 ^ clkbuf_0_w_clk/A (sky130_fd_sc_hd__clkbuf_16)
                  0.09    0.24    0.44 ^ clkbuf_0_w_clk/X (sky130_fd_sc_hd__clkbuf_16)
    16    0.07                           clknet_0_w_clk (net)
                  0.09    0.00    0.44 ^ clkbuf_4_8_0_w_clk/A (sky130_fd_sc_hd__clkbuf_8)
                  0.06    0.16    0.60 ^ clkbuf_4_8_0_w_clk/X (sky130_fd_sc_hd__clkbuf_8)
    12    0.02                           clknet_4_8_0_w_clk (net)
                  0.06    0.00    0.60 ^ _1024_/CLK (sky130_fd_sc_hd__dfxtp_1)
                          0.25    0.85   clock uncertainty
                         -0.06    0.79   clock reconvergence pessimism
                         -0.03    0.76   library hold time
                                  0.76   data required time
-----------------------------------------------------------------------------
                                  0.76   data required time
                                 -1.53   data arrival time
-----------------------------------------------------------------------------
                                  0.77   slack (MET)


Startpoint: _0913_ (rising edge-triggered flip-flop clocked by w_clk)
Endpoint: _0913_ (rising edge-triggered flip-flop clocked by w_clk)
Path Group: w_clk
Path Type: min

Fanout     Cap    Slew   Delay    Time   Description
-----------------------------------------------------------------------------
                          0.00    0.00   clock w_clk (rise edge)
                          0.00    0.00   clock source latency
                  0.26    0.18    0.18 ^ w_clk (in)
     1    0.06                           w_clk (net)
                  0.26    0.00    0.18 ^ clkbuf_0_w_clk/A (sky130_fd_sc_hd__clkbuf_16)
                  0.09    0.22    0.40 ^ clkbuf_0_w_clk/X (sky130_fd_sc_hd__clkbuf_16)
    16    0.07                           clknet_0_w_clk (net)
                  0.09    0.00    0.40 ^ clkbuf_4_1_0_w_clk/A (sky130_fd_sc_hd__clkbuf_8)
                  0.05    0.14    0.54 ^ clkbuf_4_1_0_w_clk/X (sky130_fd_sc_hd__clkbuf_8)
     7    0.02                           clknet_4_1_0_w_clk (net)
                  0.05    0.00    0.54 ^ _0913_/CLK (sky130_fd_sc_hd__dfxtp_1)
                  0.06    0.30    0.84 ^ _0913_/Q (sky130_fd_sc_hd__dfxtp_1)
     2    0.00                           mem[5][7] (net)
                  0.06    0.00    0.84 ^ hold7/A (sky130_fd_sc_hd__dlygate4sd3_1)
                  0.05    0.50    1.34 ^ hold7/X (sky130_fd_sc_hd__dlygate4sd3_1)
     1    0.00                           net37 (net)
                  0.05    0.00    1.34 ^ _0504_/A0 (sky130_fd_sc_hd__mux2_1)
                  0.05    0.11    1.46 ^ _0504_/X (sky130_fd_sc_hd__mux2_1)
     1    0.00                           _0197_ (net)
                  0.05    0.00    1.46 ^ _0505_/A (sky130_fd_sc_hd__clkbuf_1)
                  0.04    0.07    1.53 ^ _0505_/X (sky130_fd_sc_hd__clkbuf_1)
     1    0.00                           _0007_ (net)
                  0.04    0.00    1.53 ^ _0913_/D (sky130_fd_sc_hd__dfxtp_1)
                                  1.53   data arrival time

                          0.00    0.00   clock w_clk (rise edge)
                          0.00    0.00   clock source latency
                  0.26    0.20    0.20 ^ w_clk (in)
     1    0.06                           w_clk (net)
                  0.26    0.00    0.20 ^ clkbuf_0_w_clk/A (sky130_fd_sc_hd__clkbuf_16)
                  0.09    0.24    0.44 ^ clkbuf_0_w_clk/X (sky130_fd_sc_hd__clkbuf_16)
    16    0.07                           clknet_0_w_clk (net)
                  0.09    0.00    0.44 ^ clkbuf_4_1_0_w_clk/A (sky130_fd_sc_hd__clkbuf_8)
                  0.05    0.16    0.60 ^ clkbuf_4_1_0_w_clk/X (sky130_fd_sc_hd__clkbuf_8)
     7    0.02                           clknet_4_1_0_w_clk (net)
                  0.05    0.00    0.60 ^ _0913_/CLK (sky130_fd_sc_hd__dfxtp_1)
                          0.25    0.85   clock uncertainty
                         -0.06    0.79   clock reconvergence pessimism
                         -0.03    0.76   library hold time
                                  0.76   data required time
-----------------------------------------------------------------------------
                                  0.76   data required time
                                 -1.53   data arrival time
-----------------------------------------------------------------------------
                                  0.77   slack (MET)


Startpoint: _0990_ (rising edge-triggered flip-flop clocked by w_clk)
Endpoint: _0990_ (rising edge-triggered flip-flop clocked by w_clk)
Path Group: w_clk
Path Type: min

Fanout     Cap    Slew   Delay    Time   Description
-----------------------------------------------------------------------------
                          0.00    0.00   clock w_clk (rise edge)
                          0.00    0.00   clock source latency
                  0.26    0.18    0.18 ^ w_clk (in)
     1    0.06                           w_clk (net)
                  0.26    0.00    0.18 ^ clkbuf_0_w_clk/A (sky130_fd_sc_hd__clkbuf_16)
                  0.09    0.22    0.40 ^ clkbuf_0_w_clk/X (sky130_fd_sc_hd__clkbuf_16)
    16    0.07                           clknet_0_w_clk (net)
                  0.09    0.00    0.40 ^ clkbuf_4_12_0_w_clk/A (sky130_fd_sc_hd__clkbuf_8)
                  0.06    0.14    0.54 ^ clkbuf_4_12_0_w_clk/X (sky130_fd_sc_hd__clkbuf_8)
    12    0.02                           clknet_4_12_0_w_clk (net)
                  0.06    0.00    0.54 ^ _0990_/CLK (sky130_fd_sc_hd__dfxtp_1)
                  0.06    0.30    0.84 ^ _0990_/Q (sky130_fd_sc_hd__dfxtp_1)
     2    0.00                           mem[8][4] (net)
                  0.06    0.00    0.84 ^ hold85/A (sky130_fd_sc_hd__dlygate4sd3_1)
                  0.05    0.51    1.35 ^ hold85/X (sky130_fd_sc_hd__dlygate4sd3_1)
     1    0.00                           net115 (net)
                  0.05    0.00    1.35 ^ _0744_/A0 (sky130_fd_sc_hd__mux2_1)
                  0.04    0.11    1.46 ^ _0744_/X (sky130_fd_sc_hd__mux2_1)
     1    0.00                           _0360_ (net)
                  0.04    0.00    1.46 ^ _0745_/A (sky130_fd_sc_hd__clkbuf_1)
                  0.04    0.07    1.53 ^ _0745_/X (sky130_fd_sc_hd__clkbuf_1)
     1    0.00                           _0084_ (net)
                  0.04    0.00    1.53 ^ _0990_/D (sky130_fd_sc_hd__dfxtp_1)
                                  1.53   data arrival time

                          0.00    0.00   clock w_clk (rise edge)
                          0.00    0.00   clock source latency
                  0.26    0.20    0.20 ^ w_clk (in)
     1    0.06                           w_clk (net)
                  0.26    0.00    0.20 ^ clkbuf_0_w_clk/A (sky130_fd_sc_hd__clkbuf_16)
                  0.09    0.24    0.44 ^ clkbuf_0_w_clk/X (sky130_fd_sc_hd__clkbuf_16)
    16    0.07                           clknet_0_w_clk (net)
                  0.09    0.00    0.44 ^ clkbuf_4_12_0_w_clk/A (sky130_fd_sc_hd__clkbuf_8)
                  0.06    0.16    0.60 ^ clkbuf_4_12_0_w_clk/X (sky130_fd_sc_hd__clkbuf_8)
    12    0.02                           clknet_4_12_0_w_clk (net)
                  0.06    0.00    0.60 ^ _0990_/CLK (sky130_fd_sc_hd__dfxtp_1)
                          0.25    0.85   clock uncertainty
                         -0.06    0.79   clock reconvergence pessimism
                         -0.03    0.76   library hold time
                                  0.76   data required time
-----------------------------------------------------------------------------
                                  0.76   data required time
                                 -1.53   data arrival time
-----------------------------------------------------------------------------
                                  0.77   slack (MET)


Startpoint: _0938_ (rising edge-triggered flip-flop clocked by w_clk)
Endpoint: _0938_ (rising edge-triggered flip-flop clocked by w_clk)
Path Group: w_clk
Path Type: min

Fanout     Cap    Slew   Delay    Time   Description
-----------------------------------------------------------------------------
                          0.00    0.00   clock w_clk (rise edge)
                          0.00    0.00   clock source latency
                  0.26    0.18    0.18 ^ w_clk (in)
     1    0.06                           w_clk (net)
                  0.26    0.00    0.18 ^ clkbuf_0_w_clk/A (sky130_fd_sc_hd__clkbuf_16)
                  0.09    0.22    0.40 ^ clkbuf_0_w_clk/X (sky130_fd_sc_hd__clkbuf_16)
    16    0.07                           clknet_0_w_clk (net)
                  0.09    0.00    0.40 ^ clkbuf_4_14_0_w_clk/A (sky130_fd_sc_hd__clkbuf_8)
                  0.06    0.14    0.54 ^ clkbuf_4_14_0_w_clk/X (sky130_fd_sc_hd__clkbuf_8)
     8    0.02                           clknet_4_14_0_w_clk (net)
                  0.06    0.00    0.54 ^ _0938_/CLK (sky130_fd_sc_hd__dfxtp_1)
                  0.06    0.30    0.85 ^ _0938_/Q (sky130_fd_sc_hd__dfxtp_1)
     2    0.01                           mem[13][0] (net)
                  0.06    0.00    0.85 ^ hold41/A (sky130_fd_sc_hd__dlygate4sd3_1)
                  0.05    0.51    1.35 ^ hold41/X (sky130_fd_sc_hd__dlygate4sd3_1)
     1    0.00                           net71 (net)
                  0.05    0.00    1.35 ^ _0625_/A0 (sky130_fd_sc_hd__mux2_1)
                  0.04    0.11    1.46 ^ _0625_/X (sky130_fd_sc_hd__mux2_1)
     1    0.00                           _0293_ (net)
                  0.04    0.00    1.46 ^ _0626_/A (sky130_fd_sc_hd__clkbuf_1)
                  0.04    0.07    1.53 ^ _0626_/X (sky130_fd_sc_hd__clkbuf_1)
     1    0.00                           _0032_ (net)
                  0.04    0.00    1.53 ^ _0938_/D (sky130_fd_sc_hd__dfxtp_1)
                                  1.53   data arrival time

                          0.00    0.00   clock w_clk (rise edge)
                          0.00    0.00   clock source latency
                  0.26    0.20    0.20 ^ w_clk (in)
     1    0.06                           w_clk (net)
                  0.26    0.00    0.20 ^ clkbuf_0_w_clk/A (sky130_fd_sc_hd__clkbuf_16)
                  0.09    0.24    0.44 ^ clkbuf_0_w_clk/X (sky130_fd_sc_hd__clkbuf_16)
    16    0.07                           clknet_0_w_clk (net)
                  0.09    0.00    0.44 ^ clkbuf_4_14_0_w_clk/A (sky130_fd_sc_hd__clkbuf_8)
                  0.06    0.16    0.60 ^ clkbuf_4_14_0_w_clk/X (sky130_fd_sc_hd__clkbuf_8)
     8    0.02                           clknet_4_14_0_w_clk (net)
                  0.06    0.00    0.60 ^ _0938_/CLK (sky130_fd_sc_hd__dfxtp_1)
                          0.25    0.85   clock uncertainty
                         -0.06    0.79   clock reconvergence pessimism
                         -0.03    0.76   library hold time
                                  0.76   data required time
-----------------------------------------------------------------------------
                                  0.76   data required time
                                 -1.53   data arrival time
-----------------------------------------------------------------------------
                                  0.77   slack (MET)


Startpoint: _0968_ (rising edge-triggered flip-flop clocked by w_clk)
Endpoint: _0968_ (rising edge-triggered flip-flop clocked by w_clk)
Path Group: w_clk
Path Type: min

Fanout     Cap    Slew   Delay    Time   Description
-----------------------------------------------------------------------------
                          0.00    0.00   clock w_clk (rise edge)
                          0.00    0.00   clock source latency
                  0.26    0.18    0.18 ^ w_clk (in)
     1    0.06                           w_clk (net)
                  0.26    0.00    0.18 ^ clkbuf_0_w_clk/A (sky130_fd_sc_hd__clkbuf_16)
                  0.09    0.22    0.40 ^ clkbuf_0_w_clk/X (sky130_fd_sc_hd__clkbuf_16)
    16    0.07                           clknet_0_w_clk (net)
                  0.09    0.00    0.40 ^ clkbuf_4_12_0_w_clk/A (sky130_fd_sc_hd__clkbuf_8)
                  0.06    0.14    0.54 ^ clkbuf_4_12_0_w_clk/X (sky130_fd_sc_hd__clkbuf_8)
    12    0.02                           clknet_4_12_0_w_clk (net)
                  0.06    0.00    0.54 ^ _0968_/CLK (sky130_fd_sc_hd__dfxtp_1)
                  0.06    0.30    0.84 ^ _0968_/Q (sky130_fd_sc_hd__dfxtp_1)
     2    0.00                           mem[10][6] (net)
                  0.06    0.00    0.84 ^ hold110/A (sky130_fd_sc_hd__dlygate4sd3_1)
                  0.05    0.50    1.35 ^ hold110/X (sky130_fd_sc_hd__dlygate4sd3_1)
     1    0.00                           net140 (net)
                  0.05    0.00    1.35 ^ _0693_/A0 (sky130_fd_sc_hd__mux2_1)
                  0.04    0.11    1.45 ^ _0693_/X (sky130_fd_sc_hd__mux2_1)
     1    0.00                           _0331_ (net)
                  0.04    0.00    1.45 ^ _0694_/A (sky130_fd_sc_hd__clkbuf_1)
                  0.05    0.08    1.53 ^ _0694_/X (sky130_fd_sc_hd__clkbuf_1)
     1    0.00                           _0062_ (net)
                  0.05    0.00    1.53 ^ _0968_/D (sky130_fd_sc_hd__dfxtp_1)
                                  1.53   data arrival time

                          0.00    0.00   clock w_clk (rise edge)
                          0.00    0.00   clock source latency
                  0.26    0.20    0.20 ^ w_clk (in)
     1    0.06                           w_clk (net)
                  0.26    0.00    0.20 ^ clkbuf_0_w_clk/A (sky130_fd_sc_hd__clkbuf_16)
                  0.09    0.24    0.44 ^ clkbuf_0_w_clk/X (sky130_fd_sc_hd__clkbuf_16)
    16    0.07                           clknet_0_w_clk (net)
                  0.09    0.00    0.44 ^ clkbuf_4_12_0_w_clk/A (sky130_fd_sc_hd__clkbuf_8)
                  0.06    0.16    0.60 ^ clkbuf_4_12_0_w_clk/X (sky130_fd_sc_hd__clkbuf_8)
    12    0.02                           clknet_4_12_0_w_clk (net)
                  0.06    0.00    0.60 ^ _0968_/CLK (sky130_fd_sc_hd__dfxtp_1)
                          0.25    0.85   clock uncertainty
                         -0.06    0.79   clock reconvergence pessimism
                         -0.03    0.76   library hold time
                                  0.76   data required time
-----------------------------------------------------------------------------
                                  0.76   data required time
                                 -1.53   data arrival time
-----------------------------------------------------------------------------
                                  0.77   slack (MET)


Startpoint: _0937_ (rising edge-triggered flip-flop clocked by w_clk)
Endpoint: _0937_ (rising edge-triggered flip-flop clocked by w_clk)
Path Group: w_clk
Path Type: min

Fanout     Cap    Slew   Delay    Time   Description
-----------------------------------------------------------------------------
                          0.00    0.00   clock w_clk (rise edge)
                          0.00    0.00   clock source latency
                  0.26    0.18    0.18 ^ w_clk (in)
     1    0.06                           w_clk (net)
                  0.26    0.00    0.18 ^ clkbuf_0_w_clk/A (sky130_fd_sc_hd__clkbuf_16)
                  0.09    0.22    0.40 ^ clkbuf_0_w_clk/X (sky130_fd_sc_hd__clkbuf_16)
    16    0.07                           clknet_0_w_clk (net)
                  0.09    0.00    0.40 ^ clkbuf_4_3_0_w_clk/A (sky130_fd_sc_hd__clkbuf_8)
                  0.06    0.15    0.54 ^ clkbuf_4_3_0_w_clk/X (sky130_fd_sc_hd__clkbuf_8)
     8    0.02                           clknet_4_3_0_w_clk (net)
                  0.06    0.00    0.54 ^ _0937_/CLK (sky130_fd_sc_hd__dfxtp_1)
                  0.05    0.30    0.84 ^ _0937_/Q (sky130_fd_sc_hd__dfxtp_1)
     2    0.00                           mem[1][7] (net)
                  0.05    0.00    0.84 ^ hold12/A (sky130_fd_sc_hd__dlygate4sd3_1)
                  0.05    0.51    1.35 ^ hold12/X (sky130_fd_sc_hd__dlygate4sd3_1)
     1    0.00                           net42 (net)
                  0.05    0.00    1.35 ^ _0621_/A0 (sky130_fd_sc_hd__mux2_1)
                  0.04    0.11    1.47 ^ _0621_/X (sky130_fd_sc_hd__mux2_1)
     1    0.00                           _0290_ (net)
                  0.04    0.00    1.47 ^ _0622_/A (sky130_fd_sc_hd__clkbuf_1)
                  0.04    0.07    1.54 ^ _0622_/X (sky130_fd_sc_hd__clkbuf_1)
     1    0.00                           _0031_ (net)
                  0.04    0.00    1.54 ^ _0937_/D (sky130_fd_sc_hd__dfxtp_1)
                                  1.54   data arrival time

                          0.00    0.00   clock w_clk (rise edge)
                          0.00    0.00   clock source latency
                  0.26    0.20    0.20 ^ w_clk (in)
     1    0.06                           w_clk (net)
                  0.26    0.00    0.20 ^ clkbuf_0_w_clk/A (sky130_fd_sc_hd__clkbuf_16)
                  0.09    0.24    0.44 ^ clkbuf_0_w_clk/X (sky130_fd_sc_hd__clkbuf_16)
    16    0.07                           clknet_0_w_clk (net)
                  0.09    0.00    0.44 ^ clkbuf_4_3_0_w_clk/A (sky130_fd_sc_hd__clkbuf_8)
                  0.06    0.16    0.60 ^ clkbuf_4_3_0_w_clk/X (sky130_fd_sc_hd__clkbuf_8)
     8    0.02                           clknet_4_3_0_w_clk (net)
                  0.06    0.00    0.60 ^ _0937_/CLK (sky130_fd_sc_hd__dfxtp_1)
                          0.25    0.85   clock uncertainty
                         -0.06    0.79   clock reconvergence pessimism
                         -0.03    0.77   library hold time
                                  0.77   data required time
-----------------------------------------------------------------------------
                                  0.77   data required time
                                 -1.54   data arrival time
-----------------------------------------------------------------------------
                                  0.77   slack (MET)


Startpoint: _1062_ (rising edge-triggered flip-flop clocked by w_clk)
Endpoint: _0967_ (rising edge-triggered flip-flop clocked by w_clk)
Path Group: w_clk
Path Type: min

Fanout     Cap    Slew   Delay    Time   Description
-----------------------------------------------------------------------------
                          0.00    0.00   clock w_clk (rise edge)
                          0.00    0.00   clock source latency
                  0.26    0.18    0.18 ^ w_clk (in)
     1    0.06                           w_clk (net)
                  0.26    0.00    0.18 ^ clkbuf_0_w_clk/A (sky130_fd_sc_hd__clkbuf_16)
                  0.09    0.22    0.40 ^ clkbuf_0_w_clk/X (sky130_fd_sc_hd__clkbuf_16)
    16    0.07                           clknet_0_w_clk (net)
                  0.09    0.00    0.40 ^ clkbuf_4_6_0_w_clk/A (sky130_fd_sc_hd__clkbuf_8)
                  0.05    0.14    0.54 ^ clkbuf_4_6_0_w_clk/X (sky130_fd_sc_hd__clkbuf_8)
     6    0.02                           clknet_4_6_0_w_clk (net)
                  0.05    0.00    0.54 ^ _1062_/CLK (sky130_fd_sc_hd__dfrtp_4)
                  0.12    0.44    0.98 ^ _1062_/Q (sky130_fd_sc_hd__dfrtp_4)
    12    0.03                           w_ptr_b[2] (net)
                  0.12    0.00    0.98 ^ _0678_/B (sky130_fd_sc_hd__or2_1)
                  0.09    0.14    1.12 ^ _0678_/X (sky130_fd_sc_hd__or2_1)
     3    0.01                           _0322_ (net)
                  0.09    0.00    1.12 ^ _0679_/B (sky130_fd_sc_hd__nor2_1)
                  0.04    0.06    1.18 v _0679_/Y (sky130_fd_sc_hd__nor2_1)
     1    0.01                           _0323_ (net)
                  0.04    0.00    1.18 v _0680_/B1 (sky130_fd_sc_hd__o211a_4)
                  0.06    0.16    1.34 v _0680_/X (sky130_fd_sc_hd__o211a_4)
     8    0.03                           _0324_ (net)
                  0.06    0.00    1.34 v _0691_/S (sky130_fd_sc_hd__mux2_1)
                  0.04    0.18    1.52 ^ _0691_/X (sky130_fd_sc_hd__mux2_1)
     1    0.00                           _0330_ (net)
                  0.04    0.00    1.52 ^ _0692_/A (sky130_fd_sc_hd__clkbuf_1)
                  0.04    0.07    1.59 ^ _0692_/X (sky130_fd_sc_hd__clkbuf_1)
     1    0.00                           _0061_ (net)
                  0.04    0.00    1.59 ^ _0967_/D (sky130_fd_sc_hd__dfxtp_1)
                                  1.59   data arrival time

                          0.00    0.00   clock w_clk (rise edge)
                          0.00    0.00   clock source latency
                  0.26    0.20    0.20 ^ w_clk (in)
     1    0.06                           w_clk (net)
                  0.26    0.00    0.20 ^ clkbuf_0_w_clk/A (sky130_fd_sc_hd__clkbuf_16)
                  0.09    0.24    0.44 ^ clkbuf_0_w_clk/X (sky130_fd_sc_hd__clkbuf_16)
    16    0.07                           clknet_0_w_clk (net)
                  0.09    0.00    0.44 ^ clkbuf_4_13_0_w_clk/A (sky130_fd_sc_hd__clkbuf_8)
                  0.10    0.19    0.63 ^ clkbuf_4_13_0_w_clk/X (sky130_fd_sc_hd__clkbuf_8)
    17    0.05                           clknet_4_13_0_w_clk (net)
                  0.10    0.00    0.63 ^ _0967_/CLK (sky130_fd_sc_hd__dfxtp_1)
                          0.25    0.88   clock uncertainty
                         -0.04    0.84   clock reconvergence pessimism
                         -0.02    0.82   library hold time
                                  0.82   data required time
-----------------------------------------------------------------------------
                                  0.82   data required time
                                 -1.59   data arrival time
-----------------------------------------------------------------------------
                                  0.77   slack (MET)


Startpoint: _0939_ (rising edge-triggered flip-flop clocked by w_clk)
Endpoint: _0939_ (rising edge-triggered flip-flop clocked by w_clk)
Path Group: w_clk
Path Type: min

Fanout     Cap    Slew   Delay    Time   Description
-----------------------------------------------------------------------------
                          0.00    0.00   clock w_clk (rise edge)
                          0.00    0.00   clock source latency
                  0.26    0.18    0.18 ^ w_clk (in)
     1    0.06                           w_clk (net)
                  0.26    0.00    0.18 ^ clkbuf_0_w_clk/A (sky130_fd_sc_hd__clkbuf_16)
                  0.09    0.22    0.40 ^ clkbuf_0_w_clk/X (sky130_fd_sc_hd__clkbuf_16)
    16    0.07                           clknet_0_w_clk (net)
                  0.09    0.00    0.40 ^ clkbuf_4_12_0_w_clk/A (sky130_fd_sc_hd__clkbuf_8)
                  0.06    0.14    0.54 ^ clkbuf_4_12_0_w_clk/X (sky130_fd_sc_hd__clkbuf_8)
    12    0.02                           clknet_4_12_0_w_clk (net)
                  0.06    0.00    0.54 ^ _0939_/CLK (sky130_fd_sc_hd__dfxtp_1)
                  0.05    0.30    0.84 ^ _0939_/Q (sky130_fd_sc_hd__dfxtp_1)
     2    0.00                           mem[13][1] (net)
                  0.05    0.00    0.84 ^ hold53/A (sky130_fd_sc_hd__dlygate4sd3_1)
                  0.05    0.51    1.35 ^ hold53/X (sky130_fd_sc_hd__dlygate4sd3_1)
     1    0.00                           net83 (net)
                  0.05    0.00    1.35 ^ _0627_/A0 (sky130_fd_sc_hd__mux2_1)
                  0.04    0.11    1.46 ^ _0627_/X (sky130_fd_sc_hd__mux2_1)
     1    0.00                           _0294_ (net)
                  0.04    0.00    1.46 ^ _0628_/A (sky130_fd_sc_hd__clkbuf_1)
                  0.04    0.07    1.53 ^ _0628_/X (sky130_fd_sc_hd__clkbuf_1)
     1    0.00                           _0033_ (net)
                  0.04    0.00    1.54 ^ _0939_/D (sky130_fd_sc_hd__dfxtp_1)
                                  1.54   data arrival time

                          0.00    0.00   clock w_clk (rise edge)
                          0.00    0.00   clock source latency
                  0.26    0.20    0.20 ^ w_clk (in)
     1    0.06                           w_clk (net)
                  0.26    0.00    0.20 ^ clkbuf_0_w_clk/A (sky130_fd_sc_hd__clkbuf_16)
                  0.09    0.24    0.44 ^ clkbuf_0_w_clk/X (sky130_fd_sc_hd__clkbuf_16)
    16    0.07                           clknet_0_w_clk (net)
                  0.09    0.00    0.44 ^ clkbuf_4_12_0_w_clk/A (sky130_fd_sc_hd__clkbuf_8)
                  0.06    0.16    0.60 ^ clkbuf_4_12_0_w_clk/X (sky130_fd_sc_hd__clkbuf_8)
    12    0.02                           clknet_4_12_0_w_clk (net)
                  0.06    0.00    0.60 ^ _0939_/CLK (sky130_fd_sc_hd__dfxtp_1)
                          0.25    0.85   clock uncertainty
                         -0.06    0.79   clock reconvergence pessimism
                         -0.03    0.76   library hold time
                                  0.76   data required time
-----------------------------------------------------------------------------
                                  0.76   data required time
                                 -1.54   data arrival time
-----------------------------------------------------------------------------
                                  0.77   slack (MET)


Startpoint: _0925_ (rising edge-triggered flip-flop clocked by w_clk)
Endpoint: _0925_ (rising edge-triggered flip-flop clocked by w_clk)
Path Group: w_clk
Path Type: min

Fanout     Cap    Slew   Delay    Time   Description
-----------------------------------------------------------------------------
                          0.00    0.00   clock w_clk (rise edge)
                          0.00    0.00   clock source latency
                  0.26    0.18    0.18 ^ w_clk (in)
     1    0.06                           w_clk (net)
                  0.26    0.00    0.18 ^ clkbuf_0_w_clk/A (sky130_fd_sc_hd__clkbuf_16)
                  0.09    0.22    0.40 ^ clkbuf_0_w_clk/X (sky130_fd_sc_hd__clkbuf_16)
    16    0.07                           clknet_0_w_clk (net)
                  0.09    0.00    0.40 ^ clkbuf_4_15_0_w_clk/A (sky130_fd_sc_hd__clkbuf_8)
                  0.07    0.15    0.55 ^ clkbuf_4_15_0_w_clk/X (sky130_fd_sc_hd__clkbuf_8)
    10    0.03                           clknet_4_15_0_w_clk (net)
                  0.07    0.00    0.55 ^ _0925_/CLK (sky130_fd_sc_hd__dfxtp_1)
                  0.06    0.30    0.86 ^ _0925_/Q (sky130_fd_sc_hd__dfxtp_1)
     2    0.00                           mem[14][3] (net)
                  0.06    0.00    0.86 ^ hold54/A (sky130_fd_sc_hd__dlygate4sd3_1)
                  0.05    0.51    1.36 ^ hold54/X (sky130_fd_sc_hd__dlygate4sd3_1)
     1    0.00                           net84 (net)
                  0.05    0.00    1.36 ^ _0594_/A0 (sky130_fd_sc_hd__mux2_1)
                  0.04    0.11    1.47 ^ _0594_/X (sky130_fd_sc_hd__mux2_1)
     1    0.00                           _0275_ (net)
                  0.04    0.00    1.47 ^ _0595_/A (sky130_fd_sc_hd__clkbuf_1)
                  0.04    0.08    1.55 ^ _0595_/X (sky130_fd_sc_hd__clkbuf_1)
     1    0.00                           _0019_ (net)
                  0.04    0.00    1.55 ^ _0925_/D (sky130_fd_sc_hd__dfxtp_1)
                                  1.55   data arrival time

                          0.00    0.00   clock w_clk (rise edge)
                          0.00    0.00   clock source latency
                  0.26    0.20    0.20 ^ w_clk (in)
     1    0.06                           w_clk (net)
                  0.26    0.00    0.20 ^ clkbuf_0_w_clk/A (sky130_fd_sc_hd__clkbuf_16)
                  0.09    0.24    0.44 ^ clkbuf_0_w_clk/X (sky130_fd_sc_hd__clkbuf_16)
    16    0.07                           clknet_0_w_clk (net)
                  0.09    0.00    0.44 ^ clkbuf_4_15_0_w_clk/A (sky130_fd_sc_hd__clkbuf_8)
                  0.07    0.17    0.61 ^ clkbuf_4_15_0_w_clk/X (sky130_fd_sc_hd__clkbuf_8)
    10    0.03                           clknet_4_15_0_w_clk (net)
                  0.07    0.00    0.61 ^ _0925_/CLK (sky130_fd_sc_hd__dfxtp_1)
                          0.25    0.86   clock uncertainty
                         -0.06    0.80   clock reconvergence pessimism
                         -0.03    0.77   library hold time
                                  0.77   data required time
-----------------------------------------------------------------------------
                                  0.77   data required time
                                 -1.55   data arrival time
-----------------------------------------------------------------------------
                                  0.77   slack (MET)


Startpoint: _0958_ (rising edge-triggered flip-flop clocked by w_clk)
Endpoint: _0958_ (rising edge-triggered flip-flop clocked by w_clk)
Path Group: w_clk
Path Type: min

Fanout     Cap    Slew   Delay    Time   Description
-----------------------------------------------------------------------------
                          0.00    0.00   clock w_clk (rise edge)
                          0.00    0.00   clock source latency
                  0.26    0.18    0.18 ^ w_clk (in)
     1    0.06                           w_clk (net)
                  0.26    0.00    0.18 ^ clkbuf_0_w_clk/A (sky130_fd_sc_hd__clkbuf_16)
                  0.09    0.22    0.40 ^ clkbuf_0_w_clk/X (sky130_fd_sc_hd__clkbuf_16)
    16    0.07                           clknet_0_w_clk (net)
                  0.09    0.00    0.40 ^ clkbuf_4_13_0_w_clk/A (sky130_fd_sc_hd__clkbuf_8)
                  0.10    0.18    0.57 ^ clkbuf_4_13_0_w_clk/X (sky130_fd_sc_hd__clkbuf_8)
    17    0.05                           clknet_4_13_0_w_clk (net)
                  0.10    0.00    0.57 ^ _0958_/CLK (sky130_fd_sc_hd__dfxtp_1)
                  0.05    0.31    0.88 ^ _0958_/Q (sky130_fd_sc_hd__dfxtp_1)
     2    0.00                           mem[11][4] (net)
                  0.05    0.00    0.88 ^ hold134/A (sky130_fd_sc_hd__dlygate4sd3_1)
                  0.05    0.51    1.39 ^ hold134/X (sky130_fd_sc_hd__dlygate4sd3_1)
     1    0.00                           net164 (net)
                  0.05    0.00    1.39 ^ _0669_/A0 (sky130_fd_sc_hd__mux2_1)
                  0.04    0.11    1.50 ^ _0669_/X (sky130_fd_sc_hd__mux2_1)
     1    0.00                           _0317_ (net)
                  0.04    0.00    1.50 ^ _0670_/A (sky130_fd_sc_hd__clkbuf_1)
                  0.04    0.08    1.57 ^ _0670_/X (sky130_fd_sc_hd__clkbuf_1)
     1    0.00                           _0052_ (net)
                  0.04    0.00    1.57 ^ _0958_/D (sky130_fd_sc_hd__dfxtp_1)
                                  1.57   data arrival time

                          0.00    0.00   clock w_clk (rise edge)
                          0.00    0.00   clock source latency
                  0.26    0.20    0.20 ^ w_clk (in)
     1    0.06                           w_clk (net)
                  0.26    0.00    0.20 ^ clkbuf_0_w_clk/A (sky130_fd_sc_hd__clkbuf_16)
                  0.09    0.24    0.44 ^ clkbuf_0_w_clk/X (sky130_fd_sc_hd__clkbuf_16)
    16    0.07                           clknet_0_w_clk (net)
                  0.09    0.00    0.44 ^ clkbuf_4_13_0_w_clk/A (sky130_fd_sc_hd__clkbuf_8)
                  0.10    0.19    0.63 ^ clkbuf_4_13_0_w_clk/X (sky130_fd_sc_hd__clkbuf_8)
    17    0.05                           clknet_4_13_0_w_clk (net)
                  0.10    0.00    0.63 ^ _0958_/CLK (sky130_fd_sc_hd__dfxtp_1)
                          0.25    0.88   clock uncertainty
                         -0.06    0.82   clock reconvergence pessimism
                         -0.02    0.80   library hold time
                                  0.80   data required time
-----------------------------------------------------------------------------
                                  0.80   data required time
                                 -1.57   data arrival time
-----------------------------------------------------------------------------
                                  0.77   slack (MET)


Startpoint: _1063_ (rising edge-triggered flip-flop clocked by w_clk)
Endpoint: _0950_ (rising edge-triggered flip-flop clocked by w_clk)
Path Group: w_clk
Path Type: min

Fanout     Cap    Slew   Delay    Time   Description
-----------------------------------------------------------------------------
                          0.00    0.00   clock w_clk (rise edge)
                          0.00    0.00   clock source latency
                  0.26    0.18    0.18 ^ w_clk (in)
     1    0.06                           w_clk (net)
                  0.26    0.00    0.18 ^ clkbuf_0_w_clk/A (sky130_fd_sc_hd__clkbuf_16)
                  0.09    0.22    0.40 ^ clkbuf_0_w_clk/X (sky130_fd_sc_hd__clkbuf_16)
    16    0.07                           clknet_0_w_clk (net)
                  0.09    0.00    0.40 ^ clkbuf_4_4_0_w_clk/A (sky130_fd_sc_hd__clkbuf_8)
                  0.04    0.13    0.53 ^ clkbuf_4_4_0_w_clk/X (sky130_fd_sc_hd__clkbuf_8)
     7    0.01                           clknet_4_4_0_w_clk (net)
                  0.04    0.00    0.53 ^ _1063_/CLK (sky130_fd_sc_hd__dfrtp_4)
                  0.11    0.43    0.95 ^ _1063_/Q (sky130_fd_sc_hd__dfrtp_4)
     9    0.03                           w_ptr_b[3] (net)
                  0.11    0.00    0.96 ^ _0641_/C (sky130_fd_sc_hd__and4b_1)
                  0.09    0.22    1.17 ^ _0641_/X (sky130_fd_sc_hd__and4b_1)
     1    0.01                           _0301_ (net)
                  0.09    0.00    1.17 ^ _0642_/B1 (sky130_fd_sc_hd__o211a_4)
                  0.10    0.21    1.38 ^ _0642_/X (sky130_fd_sc_hd__o211a_4)
     8    0.03                           _0302_ (net)
                  0.10    0.00    1.38 ^ _0651_/S (sky130_fd_sc_hd__mux2_1)
                  0.05    0.14    1.52 ^ _0651_/X (sky130_fd_sc_hd__mux2_1)
     1    0.00                           _0307_ (net)
                  0.05    0.00    1.52 ^ _0652_/A (sky130_fd_sc_hd__clkbuf_1)
                  0.04    0.07    1.59 ^ _0652_/X (sky130_fd_sc_hd__clkbuf_1)
     1    0.00                           _0044_ (net)
                  0.04    0.00    1.59 ^ _0950_/D (sky130_fd_sc_hd__dfxtp_1)
                                  1.59   data arrival time

                          0.00    0.00   clock w_clk (rise edge)
                          0.00    0.00   clock source latency
                  0.26    0.20    0.20 ^ w_clk (in)
     1    0.06                           w_clk (net)
                  0.26    0.00    0.20 ^ clkbuf_0_w_clk/A (sky130_fd_sc_hd__clkbuf_16)
                  0.09    0.24    0.44 ^ clkbuf_0_w_clk/X (sky130_fd_sc_hd__clkbuf_16)
    16    0.07                           clknet_0_w_clk (net)
                  0.09    0.00    0.44 ^ clkbuf_4_13_0_w_clk/A (sky130_fd_sc_hd__clkbuf_8)
                  0.10    0.19    0.63 ^ clkbuf_4_13_0_w_clk/X (sky130_fd_sc_hd__clkbuf_8)
    17    0.05                           clknet_4_13_0_w_clk (net)
                  0.10    0.00    0.63 ^ _0950_/CLK (sky130_fd_sc_hd__dfxtp_1)
                          0.25    0.88   clock uncertainty
                         -0.04    0.84   clock reconvergence pessimism
                         -0.02    0.82   library hold time
                                  0.82   data required time
-----------------------------------------------------------------------------
                                  0.82   data required time
                                 -1.59   data arrival time
-----------------------------------------------------------------------------
                                  0.78   slack (MET)


Startpoint: _0987_ (rising edge-triggered flip-flop clocked by w_clk)
Endpoint: _0987_ (rising edge-triggered flip-flop clocked by w_clk)
Path Group: w_clk
Path Type: min

Fanout     Cap    Slew   Delay    Time   Description
-----------------------------------------------------------------------------
                          0.00    0.00   clock w_clk (rise edge)
                          0.00    0.00   clock source latency
                  0.26    0.18    0.18 ^ w_clk (in)
     1    0.06                           w_clk (net)
                  0.26    0.00    0.18 ^ clkbuf_0_w_clk/A (sky130_fd_sc_hd__clkbuf_16)
                  0.09    0.22    0.40 ^ clkbuf_0_w_clk/X (sky130_fd_sc_hd__clkbuf_16)
    16    0.07                           clknet_0_w_clk (net)
                  0.09    0.00    0.40 ^ clkbuf_4_9_0_w_clk/A (sky130_fd_sc_hd__clkbuf_8)
                  0.05    0.14    0.54 ^ clkbuf_4_9_0_w_clk/X (sky130_fd_sc_hd__clkbuf_8)
     7    0.02                           clknet_4_9_0_w_clk (net)
                  0.05    0.00    0.54 ^ _0987_/CLK (sky130_fd_sc_hd__dfxtp_1)
                  0.06    0.30    0.84 ^ _0987_/Q (sky130_fd_sc_hd__dfxtp_1)
     2    0.01                           mem[8][1] (net)
                  0.06    0.00    0.84 ^ hold20/A (sky130_fd_sc_hd__dlygate4sd3_1)
                  0.05    0.51    1.35 ^ hold20/X (sky130_fd_sc_hd__dlygate4sd3_1)
     1    0.00                           net50 (net)
                  0.05    0.00    1.35 ^ _0738_/A0 (sky130_fd_sc_hd__mux2_1)
                  0.04    0.11    1.47 ^ _0738_/X (sky130_fd_sc_hd__mux2_1)
     1    0.00                           _0357_ (net)
                  0.04    0.00    1.47 ^ _0739_/A (sky130_fd_sc_hd__clkbuf_1)
                  0.04    0.07    1.54 ^ _0739_/X (sky130_fd_sc_hd__clkbuf_1)
     1    0.00                           _0081_ (net)
                  0.04    0.00    1.54 ^ _0987_/D (sky130_fd_sc_hd__dfxtp_1)
                                  1.54   data arrival time

                          0.00    0.00   clock w_clk (rise edge)
                          0.00    0.00   clock source latency
                  0.26    0.20    0.20 ^ w_clk (in)
     1    0.06                           w_clk (net)
                  0.26    0.00    0.20 ^ clkbuf_0_w_clk/A (sky130_fd_sc_hd__clkbuf_16)
                  0.09    0.24    0.44 ^ clkbuf_0_w_clk/X (sky130_fd_sc_hd__clkbuf_16)
    16    0.07                           clknet_0_w_clk (net)
                  0.09    0.00    0.44 ^ clkbuf_4_9_0_w_clk/A (sky130_fd_sc_hd__clkbuf_8)
                  0.05    0.16    0.60 ^ clkbuf_4_9_0_w_clk/X (sky130_fd_sc_hd__clkbuf_8)
     7    0.02                           clknet_4_9_0_w_clk (net)
                  0.05    0.00    0.60 ^ _0987_/CLK (sky130_fd_sc_hd__dfxtp_1)
                          0.25    0.85   clock uncertainty
                         -0.06    0.79   clock reconvergence pessimism
                         -0.03    0.76   library hold time
                                  0.76   data required time
-----------------------------------------------------------------------------
                                  0.76   data required time
                                 -1.54   data arrival time
-----------------------------------------------------------------------------
                                  0.78   slack (MET)


Startpoint: _0971_ (rising edge-triggered flip-flop clocked by w_clk)
Endpoint: _0971_ (rising edge-triggered flip-flop clocked by w_clk)
Path Group: w_clk
Path Type: min

Fanout     Cap    Slew   Delay    Time   Description
-----------------------------------------------------------------------------
                          0.00    0.00   clock w_clk (rise edge)
                          0.00    0.00   clock source latency
                  0.26    0.18    0.18 ^ w_clk (in)
     1    0.06                           w_clk (net)
                  0.26    0.00    0.18 ^ clkbuf_0_w_clk/A (sky130_fd_sc_hd__clkbuf_16)
                  0.09    0.22    0.40 ^ clkbuf_0_w_clk/X (sky130_fd_sc_hd__clkbuf_16)
    16    0.07                           clknet_0_w_clk (net)
                  0.09    0.00    0.40 ^ clkbuf_4_8_0_w_clk/A (sky130_fd_sc_hd__clkbuf_8)
                  0.06    0.14    0.54 ^ clkbuf_4_8_0_w_clk/X (sky130_fd_sc_hd__clkbuf_8)
    12    0.02                           clknet_4_8_0_w_clk (net)
                  0.06    0.00    0.54 ^ _0971_/CLK (sky130_fd_sc_hd__dfxtp_1)
                  0.06    0.30    0.84 ^ _0971_/Q (sky130_fd_sc_hd__dfxtp_1)
     2    0.00                           mem[0][1] (net)
                  0.06    0.00    0.84 ^ hold81/A (sky130_fd_sc_hd__dlygate4sd3_1)
                  0.05    0.51    1.35 ^ hold81/X (sky130_fd_sc_hd__dlygate4sd3_1)
     1    0.00                           net111 (net)
                  0.05    0.00    1.35 ^ _0702_/A0 (sky130_fd_sc_hd__mux2_1)
                  0.04    0.11    1.46 ^ _0702_/X (sky130_fd_sc_hd__mux2_1)
     1    0.00                           _0337_ (net)
                  0.04    0.00    1.46 ^ _0703_/A (sky130_fd_sc_hd__clkbuf_1)
                  0.04    0.07    1.54 ^ _0703_/X (sky130_fd_sc_hd__clkbuf_1)
     1    0.00                           _0065_ (net)
                  0.04    0.00    1.54 ^ _0971_/D (sky130_fd_sc_hd__dfxtp_1)
                                  1.54   data arrival time

                          0.00    0.00   clock w_clk (rise edge)
                          0.00    0.00   clock source latency
                  0.26    0.20    0.20 ^ w_clk (in)
     1    0.06                           w_clk (net)
                  0.26    0.00    0.20 ^ clkbuf_0_w_clk/A (sky130_fd_sc_hd__clkbuf_16)
                  0.09    0.24    0.44 ^ clkbuf_0_w_clk/X (sky130_fd_sc_hd__clkbuf_16)
    16    0.07                           clknet_0_w_clk (net)
                  0.09    0.00    0.44 ^ clkbuf_4_8_0_w_clk/A (sky130_fd_sc_hd__clkbuf_8)
                  0.06    0.16    0.60 ^ clkbuf_4_8_0_w_clk/X (sky130_fd_sc_hd__clkbuf_8)
    12    0.02                           clknet_4_8_0_w_clk (net)
                  0.06    0.00    0.60 ^ _0971_/CLK (sky130_fd_sc_hd__dfxtp_1)
                          0.25    0.85   clock uncertainty
                         -0.06    0.79   clock reconvergence pessimism
                         -0.03    0.76   library hold time
                                  0.76   data required time
-----------------------------------------------------------------------------
                                  0.76   data required time
                                 -1.54   data arrival time
-----------------------------------------------------------------------------
                                  0.78   slack (MET)


Startpoint: _1015_ (rising edge-triggered flip-flop clocked by w_clk)
Endpoint: _1015_ (rising edge-triggered flip-flop clocked by w_clk)
Path Group: w_clk
Path Type: min

Fanout     Cap    Slew   Delay    Time   Description
-----------------------------------------------------------------------------
                          0.00    0.00   clock w_clk (rise edge)
                          0.00    0.00   clock source latency
                  0.26    0.18    0.18 ^ w_clk (in)
     1    0.06                           w_clk (net)
                  0.26    0.00    0.18 ^ clkbuf_0_w_clk/A (sky130_fd_sc_hd__clkbuf_16)
                  0.09    0.22    0.40 ^ clkbuf_0_w_clk/X (sky130_fd_sc_hd__clkbuf_16)
    16    0.07                           clknet_0_w_clk (net)
                  0.09    0.00    0.40 ^ clkbuf_4_8_0_w_clk/A (sky130_fd_sc_hd__clkbuf_8)
                  0.06    0.14    0.54 ^ clkbuf_4_8_0_w_clk/X (sky130_fd_sc_hd__clkbuf_8)
    12    0.02                           clknet_4_8_0_w_clk (net)
                  0.06    0.00    0.54 ^ _1015_/CLK (sky130_fd_sc_hd__dfxtp_1)
                  0.06    0.30    0.84 ^ _1015_/Q (sky130_fd_sc_hd__dfxtp_1)
     2    0.00                           mem[6][5] (net)
                  0.06    0.00    0.84 ^ hold109/A (sky130_fd_sc_hd__dlygate4sd3_1)
                  0.05    0.50    1.34 ^ hold109/X (sky130_fd_sc_hd__dlygate4sd3_1)
     1    0.00                           net139 (net)
                  0.05    0.00    1.34 ^ _0799_/A0 (sky130_fd_sc_hd__mux2_1)
                  0.04    0.11    1.46 ^ _0799_/X (sky130_fd_sc_hd__mux2_1)
     1    0.00                           _0390_ (net)
                  0.04    0.00    1.46 ^ _0800_/A (sky130_fd_sc_hd__clkbuf_1)
                  0.05    0.08    1.54 ^ _0800_/X (sky130_fd_sc_hd__clkbuf_1)
     1    0.00                           _0109_ (net)
                  0.05    0.00    1.54 ^ _1015_/D (sky130_fd_sc_hd__dfxtp_1)
                                  1.54   data arrival time

                          0.00    0.00   clock w_clk (rise edge)
                          0.00    0.00   clock source latency
                  0.26    0.20    0.20 ^ w_clk (in)
     1    0.06                           w_clk (net)
                  0.26    0.00    0.20 ^ clkbuf_0_w_clk/A (sky130_fd_sc_hd__clkbuf_16)
                  0.09    0.24    0.44 ^ clkbuf_0_w_clk/X (sky130_fd_sc_hd__clkbuf_16)
    16    0.07                           clknet_0_w_clk (net)
                  0.09    0.00    0.44 ^ clkbuf_4_8_0_w_clk/A (sky130_fd_sc_hd__clkbuf_8)
                  0.06    0.16    0.60 ^ clkbuf_4_8_0_w_clk/X (sky130_fd_sc_hd__clkbuf_8)
    12    0.02                           clknet_4_8_0_w_clk (net)
                  0.06    0.00    0.60 ^ _1015_/CLK (sky130_fd_sc_hd__dfxtp_1)
                          0.25    0.85   clock uncertainty
                         -0.06    0.79   clock reconvergence pessimism
                         -0.03    0.76   library hold time
                                  0.76   data required time
-----------------------------------------------------------------------------
                                  0.76   data required time
                                 -1.54   data arrival time
-----------------------------------------------------------------------------
                                  0.78   slack (MET)


Startpoint: _1029_ (rising edge-triggered flip-flop clocked by w_clk)
Endpoint: _1029_ (rising edge-triggered flip-flop clocked by w_clk)
Path Group: w_clk
Path Type: min

Fanout     Cap    Slew   Delay    Time   Description
-----------------------------------------------------------------------------
                          0.00    0.00   clock w_clk (rise edge)
                          0.00    0.00   clock source latency
                  0.26    0.18    0.18 ^ w_clk (in)
     1    0.06                           w_clk (net)
                  0.26    0.00    0.18 ^ clkbuf_0_w_clk/A (sky130_fd_sc_hd__clkbuf_16)
                  0.09    0.22    0.40 ^ clkbuf_0_w_clk/X (sky130_fd_sc_hd__clkbuf_16)
    16    0.07                           clknet_0_w_clk (net)
                  0.09    0.00    0.40 ^ clkbuf_4_8_0_w_clk/A (sky130_fd_sc_hd__clkbuf_8)
                  0.06    0.14    0.54 ^ clkbuf_4_8_0_w_clk/X (sky130_fd_sc_hd__clkbuf_8)
    12    0.02                           clknet_4_8_0_w_clk (net)
                  0.06    0.00    0.54 ^ _1029_/CLK (sky130_fd_sc_hd__dfxtp_1)
                  0.06    0.30    0.84 ^ _1029_/Q (sky130_fd_sc_hd__dfxtp_1)
     2    0.01                           mem[4][6] (net)
                  0.06    0.00    0.84 ^ hold60/A (sky130_fd_sc_hd__dlygate4sd3_1)
                  0.05    0.51    1.35 ^ hold60/X (sky130_fd_sc_hd__dlygate4sd3_1)
     1    0.00                           net90 (net)
                  0.05    0.00    1.35 ^ _0831_/A0 (sky130_fd_sc_hd__mux2_1)
                  0.04    0.11    1.46 ^ _0831_/X (sky130_fd_sc_hd__mux2_1)
     1    0.00                           _0408_ (net)
                  0.04    0.00    1.46 ^ _0832_/A (sky130_fd_sc_hd__clkbuf_1)
                  0.04    0.07    1.54 ^ _0832_/X (sky130_fd_sc_hd__clkbuf_1)
     1    0.00                           _0123_ (net)
                  0.04    0.00    1.54 ^ _1029_/D (sky130_fd_sc_hd__dfxtp_1)
                                  1.54   data arrival time

                          0.00    0.00   clock w_clk (rise edge)
                          0.00    0.00   clock source latency
                  0.26    0.20    0.20 ^ w_clk (in)
     1    0.06                           w_clk (net)
                  0.26    0.00    0.20 ^ clkbuf_0_w_clk/A (sky130_fd_sc_hd__clkbuf_16)
                  0.09    0.24    0.44 ^ clkbuf_0_w_clk/X (sky130_fd_sc_hd__clkbuf_16)
    16    0.07                           clknet_0_w_clk (net)
                  0.09    0.00    0.44 ^ clkbuf_4_8_0_w_clk/A (sky130_fd_sc_hd__clkbuf_8)
                  0.06    0.16    0.60 ^ clkbuf_4_8_0_w_clk/X (sky130_fd_sc_hd__clkbuf_8)
    12    0.02                           clknet_4_8_0_w_clk (net)
                  0.06    0.00    0.60 ^ _1029_/CLK (sky130_fd_sc_hd__dfxtp_1)
                          0.25    0.85   clock uncertainty
                         -0.06    0.79   clock reconvergence pessimism
                         -0.03    0.76   library hold time
                                  0.76   data required time
-----------------------------------------------------------------------------
                                  0.76   data required time
                                 -1.54   data arrival time
-----------------------------------------------------------------------------
                                  0.78   slack (MET)


Startpoint: _0980_ (rising edge-triggered flip-flop clocked by w_clk)
Endpoint: _0980_ (rising edge-triggered flip-flop clocked by w_clk)
Path Group: w_clk
Path Type: min

Fanout     Cap    Slew   Delay    Time   Description
-----------------------------------------------------------------------------
                          0.00    0.00   clock w_clk (rise edge)
                          0.00    0.00   clock source latency
                  0.26    0.18    0.18 ^ w_clk (in)
     1    0.06                           w_clk (net)
                  0.26    0.00    0.18 ^ clkbuf_0_w_clk/A (sky130_fd_sc_hd__clkbuf_16)
                  0.09    0.22    0.40 ^ clkbuf_0_w_clk/X (sky130_fd_sc_hd__clkbuf_16)
    16    0.07                           clknet_0_w_clk (net)
                  0.09    0.00    0.40 ^ clkbuf_4_2_0_w_clk/A (sky130_fd_sc_hd__clkbuf_8)
                  0.07    0.15    0.55 ^ clkbuf_4_2_0_w_clk/X (sky130_fd_sc_hd__clkbuf_8)
    10    0.03                           clknet_4_2_0_w_clk (net)
                  0.07    0.00    0.55 ^ _0980_/CLK (sky130_fd_sc_hd__dfxtp_1)
                  0.06    0.31    0.86 ^ _0980_/Q (sky130_fd_sc_hd__dfxtp_1)
     2    0.01                           mem[2][2] (net)
                  0.06    0.00    0.86 ^ hold50/A (sky130_fd_sc_hd__dlygate4sd3_1)
                  0.05    0.51    1.37 ^ hold50/X (sky130_fd_sc_hd__dlygate4sd3_1)
     1    0.00                           net80 (net)
                  0.05    0.00    1.37 ^ _0722_/A0 (sky130_fd_sc_hd__mux2_1)
                  0.04    0.11    1.48 ^ _0722_/X (sky130_fd_sc_hd__mux2_1)
     1    0.00                           _0348_ (net)
                  0.04    0.00    1.48 ^ _0723_/A (sky130_fd_sc_hd__clkbuf_1)
                  0.03    0.07    1.55 ^ _0723_/X (sky130_fd_sc_hd__clkbuf_1)
     1    0.00                           _0074_ (net)
                  0.03    0.00    1.55 ^ _0980_/D (sky130_fd_sc_hd__dfxtp_1)
                                  1.55   data arrival time

                          0.00    0.00   clock w_clk (rise edge)
                          0.00    0.00   clock source latency
                  0.26    0.20    0.20 ^ w_clk (in)
     1    0.06                           w_clk (net)
                  0.26    0.00    0.20 ^ clkbuf_0_w_clk/A (sky130_fd_sc_hd__clkbuf_16)
                  0.09    0.24    0.44 ^ clkbuf_0_w_clk/X (sky130_fd_sc_hd__clkbuf_16)
    16    0.07                           clknet_0_w_clk (net)
                  0.09    0.00    0.44 ^ clkbuf_4_2_0_w_clk/A (sky130_fd_sc_hd__clkbuf_8)
                  0.07    0.17    0.61 ^ clkbuf_4_2_0_w_clk/X (sky130_fd_sc_hd__clkbuf_8)
    10    0.03                           clknet_4_2_0_w_clk (net)
                  0.07    0.00    0.61 ^ _0980_/CLK (sky130_fd_sc_hd__dfxtp_1)
                          0.25    0.86   clock uncertainty
                         -0.06    0.80   clock reconvergence pessimism
                         -0.03    0.77   library hold time
                                  0.77   data required time
-----------------------------------------------------------------------------
                                  0.77   data required time
                                 -1.55   data arrival time
-----------------------------------------------------------------------------
                                  0.78   slack (MET)


Startpoint: _0993_ (rising edge-triggered flip-flop clocked by w_clk)
Endpoint: _0993_ (rising edge-triggered flip-flop clocked by w_clk)
Path Group: w_clk
Path Type: min

Fanout     Cap    Slew   Delay    Time   Description
-----------------------------------------------------------------------------
                          0.00    0.00   clock w_clk (rise edge)
                          0.00    0.00   clock source latency
                  0.26    0.18    0.18 ^ w_clk (in)
     1    0.06                           w_clk (net)
                  0.26    0.00    0.18 ^ clkbuf_0_w_clk/A (sky130_fd_sc_hd__clkbuf_16)
                  0.09    0.22    0.40 ^ clkbuf_0_w_clk/X (sky130_fd_sc_hd__clkbuf_16)
    16    0.07                           clknet_0_w_clk (net)
                  0.09    0.00    0.40 ^ clkbuf_4_12_0_w_clk/A (sky130_fd_sc_hd__clkbuf_8)
                  0.06    0.14    0.54 ^ clkbuf_4_12_0_w_clk/X (sky130_fd_sc_hd__clkbuf_8)
    12    0.02                           clknet_4_12_0_w_clk (net)
                  0.06    0.00    0.54 ^ _0993_/CLK (sky130_fd_sc_hd__dfxtp_1)
                  0.06    0.30    0.84 ^ _0993_/Q (sky130_fd_sc_hd__dfxtp_1)
     2    0.00                           mem[8][7] (net)
                  0.06    0.00    0.84 ^ hold79/A (sky130_fd_sc_hd__dlygate4sd3_1)
                  0.05    0.51    1.35 ^ hold79/X (sky130_fd_sc_hd__dlygate4sd3_1)
     1    0.00                           net109 (net)
                  0.05    0.00    1.35 ^ _0750_/A0 (sky130_fd_sc_hd__mux2_1)
                  0.04    0.11    1.46 ^ _0750_/X (sky130_fd_sc_hd__mux2_1)
     1    0.00                           _0363_ (net)
                  0.04    0.00    1.46 ^ _0751_/A (sky130_fd_sc_hd__clkbuf_1)
                  0.05    0.08    1.54 ^ _0751_/X (sky130_fd_sc_hd__clkbuf_1)
     1    0.00                           _0087_ (net)
                  0.05    0.00    1.54 ^ _0993_/D (sky130_fd_sc_hd__dfxtp_1)
                                  1.54   data arrival time

                          0.00    0.00   clock w_clk (rise edge)
                          0.00    0.00   clock source latency
                  0.26    0.20    0.20 ^ w_clk (in)
     1    0.06                           w_clk (net)
                  0.26    0.00    0.20 ^ clkbuf_0_w_clk/A (sky130_fd_sc_hd__clkbuf_16)
                  0.09    0.24    0.44 ^ clkbuf_0_w_clk/X (sky130_fd_sc_hd__clkbuf_16)
    16    0.07                           clknet_0_w_clk (net)
                  0.09    0.00    0.44 ^ clkbuf_4_12_0_w_clk/A (sky130_fd_sc_hd__clkbuf_8)
                  0.06    0.16    0.60 ^ clkbuf_4_12_0_w_clk/X (sky130_fd_sc_hd__clkbuf_8)
    12    0.02                           clknet_4_12_0_w_clk (net)
                  0.06    0.00    0.60 ^ _0993_/CLK (sky130_fd_sc_hd__dfxtp_1)
                          0.25    0.85   clock uncertainty
                         -0.06    0.79   clock reconvergence pessimism
                         -0.03    0.76   library hold time
                                  0.76   data required time
-----------------------------------------------------------------------------
                                  0.76   data required time
                                 -1.54   data arrival time
-----------------------------------------------------------------------------
                                  0.78   slack (MET)


Startpoint: _0959_ (rising edge-triggered flip-flop clocked by w_clk)
Endpoint: _0959_ (rising edge-triggered flip-flop clocked by w_clk)
Path Group: w_clk
Path Type: min

Fanout     Cap    Slew   Delay    Time   Description
-----------------------------------------------------------------------------
                          0.00    0.00   clock w_clk (rise edge)
                          0.00    0.00   clock source latency
                  0.26    0.18    0.18 ^ w_clk (in)
     1    0.06                           w_clk (net)
                  0.26    0.00    0.18 ^ clkbuf_0_w_clk/A (sky130_fd_sc_hd__clkbuf_16)
                  0.09    0.22    0.40 ^ clkbuf_0_w_clk/X (sky130_fd_sc_hd__clkbuf_16)
    16    0.07                           clknet_0_w_clk (net)
                  0.09    0.00    0.40 ^ clkbuf_4_13_0_w_clk/A (sky130_fd_sc_hd__clkbuf_8)
                  0.10    0.18    0.57 ^ clkbuf_4_13_0_w_clk/X (sky130_fd_sc_hd__clkbuf_8)
    17    0.05                           clknet_4_13_0_w_clk (net)
                  0.10    0.00    0.57 ^ _0959_/CLK (sky130_fd_sc_hd__dfxtp_1)
                  0.05    0.31    0.88 ^ _0959_/Q (sky130_fd_sc_hd__dfxtp_1)
     2    0.00                           mem[11][5] (net)
                  0.05    0.00    0.88 ^ hold132/A (sky130_fd_sc_hd__dlygate4sd3_1)
                  0.05    0.51    1.39 ^ hold132/X (sky130_fd_sc_hd__dlygate4sd3_1)
     1    0.00                           net162 (net)
                  0.05    0.00    1.39 ^ _0671_/A0 (sky130_fd_sc_hd__mux2_1)
                  0.04    0.11    1.50 ^ _0671_/X (sky130_fd_sc_hd__mux2_1)
     1    0.00                           _0318_ (net)
                  0.04    0.00    1.50 ^ _0672_/A (sky130_fd_sc_hd__clkbuf_1)
                  0.05    0.08    1.58 ^ _0672_/X (sky130_fd_sc_hd__clkbuf_1)
     1    0.00                           _0053_ (net)
                  0.05    0.00    1.58 ^ _0959_/D (sky130_fd_sc_hd__dfxtp_1)
                                  1.58   data arrival time

                          0.00    0.00   clock w_clk (rise edge)
                          0.00    0.00   clock source latency
                  0.26    0.20    0.20 ^ w_clk (in)
     1    0.06                           w_clk (net)
                  0.26    0.00    0.20 ^ clkbuf_0_w_clk/A (sky130_fd_sc_hd__clkbuf_16)
                  0.09    0.24    0.44 ^ clkbuf_0_w_clk/X (sky130_fd_sc_hd__clkbuf_16)
    16    0.07                           clknet_0_w_clk (net)
                  0.09    0.00    0.44 ^ clkbuf_4_13_0_w_clk/A (sky130_fd_sc_hd__clkbuf_8)
                  0.10    0.19    0.63 ^ clkbuf_4_13_0_w_clk/X (sky130_fd_sc_hd__clkbuf_8)
    17    0.05                           clknet_4_13_0_w_clk (net)
                  0.10    0.00    0.63 ^ _0959_/CLK (sky130_fd_sc_hd__dfxtp_1)
                          0.25    0.88   clock uncertainty
                         -0.06    0.82   clock reconvergence pessimism
                         -0.02    0.80   library hold time
                                  0.80   data required time
-----------------------------------------------------------------------------
                                  0.80   data required time
                                 -1.58   data arrival time
-----------------------------------------------------------------------------
                                  0.78   slack (MET)


Startpoint: _0908_ (rising edge-triggered flip-flop clocked by w_clk)
Endpoint: _0908_ (rising edge-triggered flip-flop clocked by w_clk)
Path Group: w_clk
Path Type: min

Fanout     Cap    Slew   Delay    Time   Description
-----------------------------------------------------------------------------
                          0.00    0.00   clock w_clk (rise edge)
                          0.00    0.00   clock source latency
                  0.26    0.18    0.18 ^ w_clk (in)
     1    0.06                           w_clk (net)
                  0.26    0.00    0.18 ^ clkbuf_0_w_clk/A (sky130_fd_sc_hd__clkbuf_16)
                  0.09    0.22    0.40 ^ clkbuf_0_w_clk/X (sky130_fd_sc_hd__clkbuf_16)
    16    0.07                           clknet_0_w_clk (net)
                  0.09    0.00    0.40 ^ clkbuf_4_0_0_w_clk/A (sky130_fd_sc_hd__clkbuf_8)
                  0.04    0.13    0.53 ^ clkbuf_4_0_0_w_clk/X (sky130_fd_sc_hd__clkbuf_8)
     6    0.01                           clknet_4_0_0_w_clk (net)
                  0.04    0.00    0.53 ^ _0908_/CLK (sky130_fd_sc_hd__dfxtp_1)
                  0.06    0.29    0.82 ^ _0908_/Q (sky130_fd_sc_hd__dfxtp_1)
     2    0.00                           mem[5][2] (net)
                  0.06    0.00    0.82 ^ hold28/A (sky130_fd_sc_hd__dlygate4sd3_1)
                  0.05    0.51    1.33 ^ hold28/X (sky130_fd_sc_hd__dlygate4sd3_1)
     1    0.00                           net58 (net)
                  0.05    0.00    1.33 ^ _0494_/A0 (sky130_fd_sc_hd__mux2_1)
                  0.04    0.11    1.45 ^ _0494_/X (sky130_fd_sc_hd__mux2_1)
     1    0.00                           _0192_ (net)
                  0.04    0.00    1.45 ^ _0495_/A (sky130_fd_sc_hd__clkbuf_1)
                  0.04    0.08    1.52 ^ _0495_/X (sky130_fd_sc_hd__clkbuf_1)
     1    0.00                           _0002_ (net)
                  0.04    0.00    1.52 ^ _0908_/D (sky130_fd_sc_hd__dfxtp_1)
                                  1.52   data arrival time

                          0.00    0.00   clock w_clk (rise edge)
                          0.00    0.00   clock source latency
                  0.26    0.20    0.20 ^ w_clk (in)
     1    0.06                           w_clk (net)
                  0.26    0.00    0.20 ^ clkbuf_0_w_clk/A (sky130_fd_sc_hd__clkbuf_16)
                  0.09    0.24    0.44 ^ clkbuf_0_w_clk/X (sky130_fd_sc_hd__clkbuf_16)
    16    0.07                           clknet_0_w_clk (net)
                  0.09    0.00    0.44 ^ clkbuf_4_0_0_w_clk/A (sky130_fd_sc_hd__clkbuf_8)
                  0.04    0.14    0.58 ^ clkbuf_4_0_0_w_clk/X (sky130_fd_sc_hd__clkbuf_8)
     6    0.01                           clknet_4_0_0_w_clk (net)
                  0.04    0.00    0.58 ^ _0908_/CLK (sky130_fd_sc_hd__dfxtp_1)
                          0.25    0.83   clock uncertainty
                         -0.06    0.78   clock reconvergence pessimism
                         -0.03    0.74   library hold time
                                  0.74   data required time
-----------------------------------------------------------------------------
                                  0.74   data required time
                                 -1.52   data arrival time
-----------------------------------------------------------------------------
                                  0.78   slack (MET)


Startpoint: _1004_ (rising edge-triggered flip-flop clocked by w_clk)
Endpoint: _1004_ (rising edge-triggered flip-flop clocked by w_clk)
Path Group: w_clk
Path Type: min

Fanout     Cap    Slew   Delay    Time   Description
-----------------------------------------------------------------------------
                          0.00    0.00   clock w_clk (rise edge)
                          0.00    0.00   clock source latency
                  0.26    0.18    0.18 ^ w_clk (in)
     1    0.06                           w_clk (net)
                  0.26    0.00    0.18 ^ clkbuf_0_w_clk/A (sky130_fd_sc_hd__clkbuf_16)
                  0.09    0.22    0.40 ^ clkbuf_0_w_clk/X (sky130_fd_sc_hd__clkbuf_16)
    16    0.07                           clknet_0_w_clk (net)
                  0.09    0.00    0.40 ^ clkbuf_4_0_0_w_clk/A (sky130_fd_sc_hd__clkbuf_8)
                  0.04    0.13    0.53 ^ clkbuf_4_0_0_w_clk/X (sky130_fd_sc_hd__clkbuf_8)
     6    0.01                           clknet_4_0_0_w_clk (net)
                  0.04    0.00    0.53 ^ _1004_/CLK (sky130_fd_sc_hd__dfxtp_1)
                  0.06    0.29    0.82 ^ _1004_/Q (sky130_fd_sc_hd__dfxtp_1)
     2    0.00                           mem[3][2] (net)
                  0.06    0.00    0.82 ^ hold44/A (sky130_fd_sc_hd__dlygate4sd3_1)
                  0.05    0.51    1.33 ^ hold44/X (sky130_fd_sc_hd__dlygate4sd3_1)
     1    0.00                           net74 (net)
                  0.05    0.00    1.33 ^ _0775_/A0 (sky130_fd_sc_hd__mux2_1)
                  0.05    0.12    1.44 ^ _0775_/X (sky130_fd_sc_hd__mux2_1)
     1    0.00                           _0377_ (net)
                  0.05    0.00    1.44 ^ _0776_/A (sky130_fd_sc_hd__clkbuf_1)
                  0.04    0.08    1.52 ^ _0776_/X (sky130_fd_sc_hd__clkbuf_1)
     1    0.00                           _0098_ (net)
                  0.04    0.00    1.52 ^ _1004_/D (sky130_fd_sc_hd__dfxtp_1)
                                  1.52   data arrival time

                          0.00    0.00   clock w_clk (rise edge)
                          0.00    0.00   clock source latency
                  0.26    0.20    0.20 ^ w_clk (in)
     1    0.06                           w_clk (net)
                  0.26    0.00    0.20 ^ clkbuf_0_w_clk/A (sky130_fd_sc_hd__clkbuf_16)
                  0.09    0.24    0.44 ^ clkbuf_0_w_clk/X (sky130_fd_sc_hd__clkbuf_16)
    16    0.07                           clknet_0_w_clk (net)
                  0.09    0.00    0.44 ^ clkbuf_4_0_0_w_clk/A (sky130_fd_sc_hd__clkbuf_8)
                  0.04    0.14    0.58 ^ clkbuf_4_0_0_w_clk/X (sky130_fd_sc_hd__clkbuf_8)
     6    0.01                           clknet_4_0_0_w_clk (net)
                  0.04    0.00    0.58 ^ _1004_/CLK (sky130_fd_sc_hd__dfxtp_1)
                          0.25    0.83   clock uncertainty
                         -0.06    0.78   clock reconvergence pessimism
                         -0.03    0.74   library hold time
                                  0.74   data required time
-----------------------------------------------------------------------------
                                  0.74   data required time
                                 -1.52   data arrival time
-----------------------------------------------------------------------------
                                  0.78   slack (MET)


Startpoint: _0974_ (rising edge-triggered flip-flop clocked by w_clk)
Endpoint: _0974_ (rising edge-triggered flip-flop clocked by w_clk)
Path Group: w_clk
Path Type: min

Fanout     Cap    Slew   Delay    Time   Description
-----------------------------------------------------------------------------
                          0.00    0.00   clock w_clk (rise edge)
                          0.00    0.00   clock source latency
                  0.26    0.18    0.18 ^ w_clk (in)
     1    0.06                           w_clk (net)
                  0.26    0.00    0.18 ^ clkbuf_0_w_clk/A (sky130_fd_sc_hd__clkbuf_16)
                  0.09    0.22    0.40 ^ clkbuf_0_w_clk/X (sky130_fd_sc_hd__clkbuf_16)
    16    0.07                           clknet_0_w_clk (net)
                  0.09    0.00    0.40 ^ clkbuf_4_3_0_w_clk/A (sky130_fd_sc_hd__clkbuf_8)
                  0.06    0.15    0.54 ^ clkbuf_4_3_0_w_clk/X (sky130_fd_sc_hd__clkbuf_8)
     8    0.02                           clknet_4_3_0_w_clk (net)
                  0.06    0.00    0.54 ^ _0974_/CLK (sky130_fd_sc_hd__dfxtp_1)
                  0.06    0.30    0.84 ^ _0974_/Q (sky130_fd_sc_hd__dfxtp_1)
     2    0.00                           mem[0][4] (net)
                  0.06    0.00    0.84 ^ hold27/A (sky130_fd_sc_hd__dlygate4sd3_1)
                  0.06    0.51    1.36 ^ hold27/X (sky130_fd_sc_hd__dlygate4sd3_1)
     1    0.00                           net57 (net)
                  0.06    0.00    1.36 ^ _0708_/A0 (sky130_fd_sc_hd__mux2_1)
                  0.04    0.11    1.47 ^ _0708_/X (sky130_fd_sc_hd__mux2_1)
     1    0.00                           _0340_ (net)
                  0.04    0.00    1.47 ^ _0709_/A (sky130_fd_sc_hd__clkbuf_1)
                  0.04    0.07    1.54 ^ _0709_/X (sky130_fd_sc_hd__clkbuf_1)
     1    0.00                           _0068_ (net)
                  0.04    0.00    1.54 ^ _0974_/D (sky130_fd_sc_hd__dfxtp_1)
                                  1.54   data arrival time

                          0.00    0.00   clock w_clk (rise edge)
                          0.00    0.00   clock source latency
                  0.26    0.20    0.20 ^ w_clk (in)
     1    0.06                           w_clk (net)
                  0.26    0.00    0.20 ^ clkbuf_0_w_clk/A (sky130_fd_sc_hd__clkbuf_16)
                  0.09    0.24    0.44 ^ clkbuf_0_w_clk/X (sky130_fd_sc_hd__clkbuf_16)
    16    0.07                           clknet_0_w_clk (net)
                  0.09    0.00    0.44 ^ clkbuf_4_3_0_w_clk/A (sky130_fd_sc_hd__clkbuf_8)
                  0.06    0.16    0.60 ^ clkbuf_4_3_0_w_clk/X (sky130_fd_sc_hd__clkbuf_8)
     8    0.02                           clknet_4_3_0_w_clk (net)
                  0.06    0.00    0.60 ^ _0974_/CLK (sky130_fd_sc_hd__dfxtp_1)
                          0.25    0.85   clock uncertainty
                         -0.06    0.79   clock reconvergence pessimism
                         -0.03    0.76   library hold time
                                  0.76   data required time
-----------------------------------------------------------------------------
                                  0.76   data required time
                                 -1.54   data arrival time
-----------------------------------------------------------------------------
                                  0.78   slack (MET)


Startpoint: _1063_ (rising edge-triggered flip-flop clocked by w_clk)
Endpoint: _0948_ (rising edge-triggered flip-flop clocked by w_clk)
Path Group: w_clk
Path Type: min

Fanout     Cap    Slew   Delay    Time   Description
-----------------------------------------------------------------------------
                          0.00    0.00   clock w_clk (rise edge)
                          0.00    0.00   clock source latency
                  0.26    0.18    0.18 ^ w_clk (in)
     1    0.06                           w_clk (net)
                  0.26    0.00    0.18 ^ clkbuf_0_w_clk/A (sky130_fd_sc_hd__clkbuf_16)
                  0.09    0.22    0.40 ^ clkbuf_0_w_clk/X (sky130_fd_sc_hd__clkbuf_16)
    16    0.07                           clknet_0_w_clk (net)
                  0.09    0.00    0.40 ^ clkbuf_4_4_0_w_clk/A (sky130_fd_sc_hd__clkbuf_8)
                  0.04    0.13    0.53 ^ clkbuf_4_4_0_w_clk/X (sky130_fd_sc_hd__clkbuf_8)
     7    0.01                           clknet_4_4_0_w_clk (net)
                  0.04    0.00    0.53 ^ _1063_/CLK (sky130_fd_sc_hd__dfrtp_4)
                  0.11    0.43    0.95 ^ _1063_/Q (sky130_fd_sc_hd__dfrtp_4)
     9    0.03                           w_ptr_b[3] (net)
                  0.11    0.00    0.96 ^ _0641_/C (sky130_fd_sc_hd__and4b_1)
                  0.09    0.22    1.17 ^ _0641_/X (sky130_fd_sc_hd__and4b_1)
     1    0.01                           _0301_ (net)
                  0.09    0.00    1.17 ^ _0642_/B1 (sky130_fd_sc_hd__o211a_4)
                  0.10    0.21    1.38 ^ _0642_/X (sky130_fd_sc_hd__o211a_4)
     8    0.03                           _0302_ (net)
                  0.10    0.00    1.38 ^ _0647_/S (sky130_fd_sc_hd__mux2_1)
                  0.05    0.14    1.52 ^ _0647_/X (sky130_fd_sc_hd__mux2_1)
     1    0.00                           _0305_ (net)
                  0.05    0.00    1.52 ^ _0648_/A (sky130_fd_sc_hd__clkbuf_1)
                  0.05    0.08    1.60 ^ _0648_/X (sky130_fd_sc_hd__clkbuf_1)
     1    0.00                           _0042_ (net)
                  0.05    0.00    1.60 ^ _0948_/D (sky130_fd_sc_hd__dfxtp_1)
                                  1.60   data arrival time

                          0.00    0.00   clock w_clk (rise edge)
                          0.00    0.00   clock source latency
                  0.26    0.20    0.20 ^ w_clk (in)
     1    0.06                           w_clk (net)
                  0.26    0.00    0.20 ^ clkbuf_0_w_clk/A (sky130_fd_sc_hd__clkbuf_16)
                  0.09    0.24    0.44 ^ clkbuf_0_w_clk/X (sky130_fd_sc_hd__clkbuf_16)
    16    0.07                           clknet_0_w_clk (net)
                  0.09    0.00    0.44 ^ clkbuf_4_13_0_w_clk/A (sky130_fd_sc_hd__clkbuf_8)
                  0.10    0.19    0.63 ^ clkbuf_4_13_0_w_clk/X (sky130_fd_sc_hd__clkbuf_8)
    17    0.05                           clknet_4_13_0_w_clk (net)
                  0.10    0.00    0.63 ^ _0948_/CLK (sky130_fd_sc_hd__dfxtp_1)
                          0.25    0.88   clock uncertainty
                         -0.04    0.84   clock reconvergence pessimism
                         -0.02    0.82   library hold time
                                  0.82   data required time
-----------------------------------------------------------------------------
                                  0.82   data required time
                                 -1.60   data arrival time
-----------------------------------------------------------------------------
                                  0.78   slack (MET)


Startpoint: _0977_ (rising edge-triggered flip-flop clocked by w_clk)
Endpoint: _0977_ (rising edge-triggered flip-flop clocked by w_clk)
Path Group: w_clk
Path Type: min

Fanout     Cap    Slew   Delay    Time   Description
-----------------------------------------------------------------------------
                          0.00    0.00   clock w_clk (rise edge)
                          0.00    0.00   clock source latency
                  0.26    0.18    0.18 ^ w_clk (in)
     1    0.06                           w_clk (net)
                  0.26    0.00    0.18 ^ clkbuf_0_w_clk/A (sky130_fd_sc_hd__clkbuf_16)
                  0.09    0.22    0.40 ^ clkbuf_0_w_clk/X (sky130_fd_sc_hd__clkbuf_16)
    16    0.07                           clknet_0_w_clk (net)
                  0.09    0.00    0.40 ^ clkbuf_4_3_0_w_clk/A (sky130_fd_sc_hd__clkbuf_8)
                  0.06    0.15    0.54 ^ clkbuf_4_3_0_w_clk/X (sky130_fd_sc_hd__clkbuf_8)
     8    0.02                           clknet_4_3_0_w_clk (net)
                  0.06    0.00    0.54 ^ _0977_/CLK (sky130_fd_sc_hd__dfxtp_1)
                  0.06    0.30    0.84 ^ _0977_/Q (sky130_fd_sc_hd__dfxtp_1)
     2    0.00                           mem[0][7] (net)
                  0.06    0.00    0.84 ^ hold61/A (sky130_fd_sc_hd__dlygate4sd3_1)
                  0.05    0.51    1.35 ^ hold61/X (sky130_fd_sc_hd__dlygate4sd3_1)
     1    0.00                           net91 (net)
                  0.05    0.00    1.35 ^ _0714_/A0 (sky130_fd_sc_hd__mux2_1)
                  0.04    0.11    1.46 ^ _0714_/X (sky130_fd_sc_hd__mux2_1)
     1    0.00                           _0343_ (net)
                  0.04    0.00    1.46 ^ _0715_/A (sky130_fd_sc_hd__clkbuf_1)
                  0.05    0.08    1.54 ^ _0715_/X (sky130_fd_sc_hd__clkbuf_1)
     1    0.00                           _0071_ (net)
                  0.05    0.00    1.54 ^ _0977_/D (sky130_fd_sc_hd__dfxtp_1)
                                  1.54   data arrival time

                          0.00    0.00   clock w_clk (rise edge)
                          0.00    0.00   clock source latency
                  0.26    0.20    0.20 ^ w_clk (in)
     1    0.06                           w_clk (net)
                  0.26    0.00    0.20 ^ clkbuf_0_w_clk/A (sky130_fd_sc_hd__clkbuf_16)
                  0.09    0.24    0.44 ^ clkbuf_0_w_clk/X (sky130_fd_sc_hd__clkbuf_16)
    16    0.07                           clknet_0_w_clk (net)
                  0.09    0.00    0.44 ^ clkbuf_4_3_0_w_clk/A (sky130_fd_sc_hd__clkbuf_8)
                  0.06    0.16    0.60 ^ clkbuf_4_3_0_w_clk/X (sky130_fd_sc_hd__clkbuf_8)
     8    0.02                           clknet_4_3_0_w_clk (net)
                  0.06    0.00    0.60 ^ _0977_/CLK (sky130_fd_sc_hd__dfxtp_1)
                          0.25    0.85   clock uncertainty
                         -0.06    0.79   clock reconvergence pessimism
                         -0.03    0.76   library hold time
                                  0.76   data required time
-----------------------------------------------------------------------------
                                  0.76   data required time
                                 -1.54   data arrival time
-----------------------------------------------------------------------------
                                  0.78   slack (MET)


Startpoint: _0964_ (rising edge-triggered flip-flop clocked by w_clk)
Endpoint: _0964_ (rising edge-triggered flip-flop clocked by w_clk)
Path Group: w_clk
Path Type: min

Fanout     Cap    Slew   Delay    Time   Description
-----------------------------------------------------------------------------
                          0.00    0.00   clock w_clk (rise edge)
                          0.00    0.00   clock source latency
                  0.26    0.18    0.18 ^ w_clk (in)
     1    0.06                           w_clk (net)
                  0.26    0.00    0.18 ^ clkbuf_0_w_clk/A (sky130_fd_sc_hd__clkbuf_16)
                  0.09    0.22    0.40 ^ clkbuf_0_w_clk/X (sky130_fd_sc_hd__clkbuf_16)
    16    0.07                           clknet_0_w_clk (net)
                  0.09    0.00    0.40 ^ clkbuf_4_7_0_w_clk/A (sky130_fd_sc_hd__clkbuf_8)
                  0.05    0.13    0.53 ^ clkbuf_4_7_0_w_clk/X (sky130_fd_sc_hd__clkbuf_8)
     8    0.02                           clknet_4_7_0_w_clk (net)
                  0.05    0.00    0.53 ^ _0964_/CLK (sky130_fd_sc_hd__dfxtp_1)
                  0.06    0.30    0.83 ^ _0964_/Q (sky130_fd_sc_hd__dfxtp_1)
     2    0.01                           mem[10][2] (net)
                  0.06    0.00    0.83 ^ hold42/A (sky130_fd_sc_hd__dlygate4sd3_1)
                  0.05    0.51    1.34 ^ hold42/X (sky130_fd_sc_hd__dlygate4sd3_1)
     1    0.00                           net72 (net)
                  0.05    0.00    1.34 ^ _0685_/A0 (sky130_fd_sc_hd__mux2_1)
                  0.04    0.11    1.45 ^ _0685_/X (sky130_fd_sc_hd__mux2_1)
     1    0.00                           _0327_ (net)
                  0.04    0.00    1.45 ^ _0686_/A (sky130_fd_sc_hd__clkbuf_1)
                  0.04    0.07    1.53 ^ _0686_/X (sky130_fd_sc_hd__clkbuf_1)
     1    0.00                           _0058_ (net)
                  0.04    0.00    1.53 ^ _0964_/D (sky130_fd_sc_hd__dfxtp_1)
                                  1.53   data arrival time

                          0.00    0.00   clock w_clk (rise edge)
                          0.00    0.00   clock source latency
                  0.26    0.20    0.20 ^ w_clk (in)
     1    0.06                           w_clk (net)
                  0.26    0.00    0.20 ^ clkbuf_0_w_clk/A (sky130_fd_sc_hd__clkbuf_16)
                  0.09    0.24    0.44 ^ clkbuf_0_w_clk/X (sky130_fd_sc_hd__clkbuf_16)
    16    0.07                           clknet_0_w_clk (net)
                  0.09    0.00    0.44 ^ clkbuf_4_7_0_w_clk/A (sky130_fd_sc_hd__clkbuf_8)
                  0.05    0.15    0.59 ^ clkbuf_4_7_0_w_clk/X (sky130_fd_sc_hd__clkbuf_8)
     8    0.02                           clknet_4_7_0_w_clk (net)
                  0.05    0.00    0.59 ^ _0964_/CLK (sky130_fd_sc_hd__dfxtp_1)
                          0.25    0.84   clock uncertainty
                         -0.06    0.78   clock reconvergence pessimism
                         -0.03    0.75   library hold time
                                  0.75   data required time
-----------------------------------------------------------------------------
                                  0.75   data required time
                                 -1.53   data arrival time
-----------------------------------------------------------------------------
                                  0.78   slack (MET)


Startpoint: _0966_ (rising edge-triggered flip-flop clocked by w_clk)
Endpoint: _0966_ (rising edge-triggered flip-flop clocked by w_clk)
Path Group: w_clk
Path Type: min

Fanout     Cap    Slew   Delay    Time   Description
-----------------------------------------------------------------------------
                          0.00    0.00   clock w_clk (rise edge)
                          0.00    0.00   clock source latency
                  0.26    0.18    0.18 ^ w_clk (in)
     1    0.06                           w_clk (net)
                  0.26    0.00    0.18 ^ clkbuf_0_w_clk/A (sky130_fd_sc_hd__clkbuf_16)
                  0.09    0.22    0.40 ^ clkbuf_0_w_clk/X (sky130_fd_sc_hd__clkbuf_16)
    16    0.07                           clknet_0_w_clk (net)
                  0.09    0.00    0.40 ^ clkbuf_4_12_0_w_clk/A (sky130_fd_sc_hd__clkbuf_8)
                  0.06    0.14    0.54 ^ clkbuf_4_12_0_w_clk/X (sky130_fd_sc_hd__clkbuf_8)
    12    0.02                           clknet_4_12_0_w_clk (net)
                  0.06    0.00    0.54 ^ _0966_/CLK (sky130_fd_sc_hd__dfxtp_1)
                  0.05    0.30    0.84 ^ _0966_/Q (sky130_fd_sc_hd__dfxtp_1)
     2    0.00                           mem[10][4] (net)
                  0.05    0.00    0.84 ^ hold68/A (sky130_fd_sc_hd__dlygate4sd3_1)
                  0.05    0.51    1.35 ^ hold68/X (sky130_fd_sc_hd__dlygate4sd3_1)
     1    0.00                           net98 (net)
                  0.05    0.00    1.35 ^ _0689_/A0 (sky130_fd_sc_hd__mux2_1)
                  0.04    0.11    1.46 ^ _0689_/X (sky130_fd_sc_hd__mux2_1)
     1    0.00                           _0329_ (net)
                  0.04    0.00    1.46 ^ _0690_/A (sky130_fd_sc_hd__clkbuf_1)
                  0.05    0.08    1.54 ^ _0690_/X (sky130_fd_sc_hd__clkbuf_1)
     1    0.00                           _0060_ (net)
                  0.05    0.00    1.54 ^ _0966_/D (sky130_fd_sc_hd__dfxtp_1)
                                  1.54   data arrival time

                          0.00    0.00   clock w_clk (rise edge)
                          0.00    0.00   clock source latency
                  0.26    0.20    0.20 ^ w_clk (in)
     1    0.06                           w_clk (net)
                  0.26    0.00    0.20 ^ clkbuf_0_w_clk/A (sky130_fd_sc_hd__clkbuf_16)
                  0.09    0.24    0.44 ^ clkbuf_0_w_clk/X (sky130_fd_sc_hd__clkbuf_16)
    16    0.07                           clknet_0_w_clk (net)
                  0.09    0.00    0.44 ^ clkbuf_4_12_0_w_clk/A (sky130_fd_sc_hd__clkbuf_8)
                  0.06    0.16    0.60 ^ clkbuf_4_12_0_w_clk/X (sky130_fd_sc_hd__clkbuf_8)
    12    0.02                           clknet_4_12_0_w_clk (net)
                  0.06    0.00    0.60 ^ _0966_/CLK (sky130_fd_sc_hd__dfxtp_1)
                          0.25    0.85   clock uncertainty
                         -0.06    0.79   clock reconvergence pessimism
                         -0.03    0.76   library hold time
                                  0.76   data required time
-----------------------------------------------------------------------------
                                  0.76   data required time
                                 -1.54   data arrival time
-----------------------------------------------------------------------------
                                  0.78   slack (MET)


Startpoint: _0991_ (rising edge-triggered flip-flop clocked by w_clk)
Endpoint: _0991_ (rising edge-triggered flip-flop clocked by w_clk)
Path Group: w_clk
Path Type: min

Fanout     Cap    Slew   Delay    Time   Description
-----------------------------------------------------------------------------
                          0.00    0.00   clock w_clk (rise edge)
                          0.00    0.00   clock source latency
                  0.26    0.18    0.18 ^ w_clk (in)
     1    0.06                           w_clk (net)
                  0.26    0.00    0.18 ^ clkbuf_0_w_clk/A (sky130_fd_sc_hd__clkbuf_16)
                  0.09    0.22    0.40 ^ clkbuf_0_w_clk/X (sky130_fd_sc_hd__clkbuf_16)
    16    0.07                           clknet_0_w_clk (net)
                  0.09    0.00    0.40 ^ clkbuf_4_15_0_w_clk/A (sky130_fd_sc_hd__clkbuf_8)
                  0.07    0.15    0.55 ^ clkbuf_4_15_0_w_clk/X (sky130_fd_sc_hd__clkbuf_8)
    10    0.03                           clknet_4_15_0_w_clk (net)
                  0.07    0.00    0.55 ^ _0991_/CLK (sky130_fd_sc_hd__dfxtp_1)
                  0.06    0.30    0.85 ^ _0991_/Q (sky130_fd_sc_hd__dfxtp_1)
     2    0.00                           mem[8][5] (net)
                  0.06    0.00    0.86 ^ hold31/A (sky130_fd_sc_hd__dlygate4sd3_1)
                  0.04    0.50    1.36 ^ hold31/X (sky130_fd_sc_hd__dlygate4sd3_1)
     1    0.00                           net61 (net)
                  0.04    0.00    1.36 ^ _0746_/A0 (sky130_fd_sc_hd__mux2_1)
                  0.04    0.11    1.47 ^ _0746_/X (sky130_fd_sc_hd__mux2_1)
     1    0.00                           _0361_ (net)
                  0.04    0.00    1.47 ^ _0747_/A (sky130_fd_sc_hd__clkbuf_1)
                  0.05    0.08    1.55 ^ _0747_/X (sky130_fd_sc_hd__clkbuf_1)
     1    0.00                           _0085_ (net)
                  0.05    0.00    1.55 ^ _0991_/D (sky130_fd_sc_hd__dfxtp_1)
                                  1.55   data arrival time

                          0.00    0.00   clock w_clk (rise edge)
                          0.00    0.00   clock source latency
                  0.26    0.20    0.20 ^ w_clk (in)
     1    0.06                           w_clk (net)
                  0.26    0.00    0.20 ^ clkbuf_0_w_clk/A (sky130_fd_sc_hd__clkbuf_16)
                  0.09    0.24    0.44 ^ clkbuf_0_w_clk/X (sky130_fd_sc_hd__clkbuf_16)
    16    0.07                           clknet_0_w_clk (net)
                  0.09    0.00    0.44 ^ clkbuf_4_15_0_w_clk/A (sky130_fd_sc_hd__clkbuf_8)
                  0.07    0.17    0.61 ^ clkbuf_4_15_0_w_clk/X (sky130_fd_sc_hd__clkbuf_8)
    10    0.03                           clknet_4_15_0_w_clk (net)
                  0.07    0.00    0.61 ^ _0991_/CLK (sky130_fd_sc_hd__dfxtp_1)
                          0.25    0.86   clock uncertainty
                         -0.06    0.80   clock reconvergence pessimism
                         -0.03    0.77   library hold time
                                  0.77   data required time
-----------------------------------------------------------------------------
                                  0.77   data required time
                                 -1.55   data arrival time
-----------------------------------------------------------------------------
                                  0.78   slack (MET)


Startpoint: _0931_ (rising edge-triggered flip-flop clocked by w_clk)
Endpoint: _0931_ (rising edge-triggered flip-flop clocked by w_clk)
Path Group: w_clk
Path Type: min

Fanout     Cap    Slew   Delay    Time   Description
-----------------------------------------------------------------------------
                          0.00    0.00   clock w_clk (rise edge)
                          0.00    0.00   clock source latency
                  0.26    0.18    0.18 ^ w_clk (in)
     1    0.06                           w_clk (net)
                  0.26    0.00    0.18 ^ clkbuf_0_w_clk/A (sky130_fd_sc_hd__clkbuf_16)
                  0.09    0.22    0.40 ^ clkbuf_0_w_clk/X (sky130_fd_sc_hd__clkbuf_16)
    16    0.07                           clknet_0_w_clk (net)
                  0.09    0.00    0.40 ^ clkbuf_4_3_0_w_clk/A (sky130_fd_sc_hd__clkbuf_8)
                  0.06    0.15    0.54 ^ clkbuf_4_3_0_w_clk/X (sky130_fd_sc_hd__clkbuf_8)
     8    0.02                           clknet_4_3_0_w_clk (net)
                  0.06    0.00    0.54 ^ _0931_/CLK (sky130_fd_sc_hd__dfxtp_1)
                  0.05    0.29    0.83 ^ _0931_/Q (sky130_fd_sc_hd__dfxtp_1)
     2    0.00                           mem[1][1] (net)
                  0.05    0.00    0.83 ^ hold39/A (sky130_fd_sc_hd__dlygate4sd3_1)
                  0.06    0.52    1.35 ^ hold39/X (sky130_fd_sc_hd__dlygate4sd3_1)
     1    0.00                           net69 (net)
                  0.06    0.00    1.35 ^ _0609_/A0 (sky130_fd_sc_hd__mux2_1)
                  0.04    0.11    1.47 ^ _0609_/X (sky130_fd_sc_hd__mux2_1)
     1    0.00                           _0284_ (net)
                  0.04    0.00    1.47 ^ _0610_/A (sky130_fd_sc_hd__clkbuf_1)
                  0.05    0.08    1.54 ^ _0610_/X (sky130_fd_sc_hd__clkbuf_1)
     1    0.00                           _0025_ (net)
                  0.05    0.00    1.54 ^ _0931_/D (sky130_fd_sc_hd__dfxtp_1)
                                  1.54   data arrival time

                          0.00    0.00   clock w_clk (rise edge)
                          0.00    0.00   clock source latency
                  0.26    0.20    0.20 ^ w_clk (in)
     1    0.06                           w_clk (net)
                  0.26    0.00    0.20 ^ clkbuf_0_w_clk/A (sky130_fd_sc_hd__clkbuf_16)
                  0.09    0.24    0.44 ^ clkbuf_0_w_clk/X (sky130_fd_sc_hd__clkbuf_16)
    16    0.07                           clknet_0_w_clk (net)
                  0.09    0.00    0.44 ^ clkbuf_4_3_0_w_clk/A (sky130_fd_sc_hd__clkbuf_8)
                  0.06    0.16    0.60 ^ clkbuf_4_3_0_w_clk/X (sky130_fd_sc_hd__clkbuf_8)
     8    0.02                           clknet_4_3_0_w_clk (net)
                  0.06    0.00    0.60 ^ _0931_/CLK (sky130_fd_sc_hd__dfxtp_1)
                          0.25    0.85   clock uncertainty
                         -0.06    0.79   clock reconvergence pessimism
                         -0.03    0.76   library hold time
                                  0.76   data required time
-----------------------------------------------------------------------------
                                  0.76   data required time
                                 -1.54   data arrival time
-----------------------------------------------------------------------------
                                  0.78   slack (MET)


Startpoint: _0956_ (rising edge-triggered flip-flop clocked by w_clk)
Endpoint: _0956_ (rising edge-triggered flip-flop clocked by w_clk)
Path Group: w_clk
Path Type: min

Fanout     Cap    Slew   Delay    Time   Description
-----------------------------------------------------------------------------
                          0.00    0.00   clock w_clk (rise edge)
                          0.00    0.00   clock source latency
                  0.26    0.18    0.18 ^ w_clk (in)
     1    0.06                           w_clk (net)
                  0.26    0.00    0.18 ^ clkbuf_0_w_clk/A (sky130_fd_sc_hd__clkbuf_16)
                  0.09    0.22    0.40 ^ clkbuf_0_w_clk/X (sky130_fd_sc_hd__clkbuf_16)
    16    0.07                           clknet_0_w_clk (net)
                  0.09    0.00    0.40 ^ clkbuf_4_7_0_w_clk/A (sky130_fd_sc_hd__clkbuf_8)
                  0.05    0.13    0.53 ^ clkbuf_4_7_0_w_clk/X (sky130_fd_sc_hd__clkbuf_8)
     8    0.02                           clknet_4_7_0_w_clk (net)
                  0.05    0.00    0.53 ^ _0956_/CLK (sky130_fd_sc_hd__dfxtp_1)
                  0.05    0.30    0.83 ^ _0956_/Q (sky130_fd_sc_hd__dfxtp_1)
     2    0.00                           mem[11][2] (net)
                  0.05    0.00    0.83 ^ hold104/A (sky130_fd_sc_hd__dlygate4sd3_1)
                  0.05    0.51    1.34 ^ hold104/X (sky130_fd_sc_hd__dlygate4sd3_1)
     1    0.00                           net134 (net)
                  0.05    0.00    1.34 ^ _0665_/A0 (sky130_fd_sc_hd__mux2_1)
                  0.05    0.12    1.45 ^ _0665_/X (sky130_fd_sc_hd__mux2_1)
     1    0.00                           _0315_ (net)
                  0.05    0.00    1.45 ^ _0666_/A (sky130_fd_sc_hd__clkbuf_1)
                  0.04    0.08    1.53 ^ _0666_/X (sky130_fd_sc_hd__clkbuf_1)
     1    0.00                           _0050_ (net)
                  0.04    0.00    1.53 ^ _0956_/D (sky130_fd_sc_hd__dfxtp_1)
                                  1.53   data arrival time

                          0.00    0.00   clock w_clk (rise edge)
                          0.00    0.00   clock source latency
                  0.26    0.20    0.20 ^ w_clk (in)
     1    0.06                           w_clk (net)
                  0.26    0.00    0.20 ^ clkbuf_0_w_clk/A (sky130_fd_sc_hd__clkbuf_16)
                  0.09    0.24    0.44 ^ clkbuf_0_w_clk/X (sky130_fd_sc_hd__clkbuf_16)
    16    0.07                           clknet_0_w_clk (net)
                  0.09    0.00    0.44 ^ clkbuf_4_7_0_w_clk/A (sky130_fd_sc_hd__clkbuf_8)
                  0.05    0.15    0.59 ^ clkbuf_4_7_0_w_clk/X (sky130_fd_sc_hd__clkbuf_8)
     8    0.02                           clknet_4_7_0_w_clk (net)
                  0.05    0.00    0.59 ^ _0956_/CLK (sky130_fd_sc_hd__dfxtp_1)
                          0.25    0.84   clock uncertainty
                         -0.06    0.78   clock reconvergence pessimism
                         -0.03    0.75   library hold time
                                  0.75   data required time
-----------------------------------------------------------------------------
                                  0.75   data required time
                                 -1.53   data arrival time
-----------------------------------------------------------------------------
                                  0.78   slack (MET)


Startpoint: _0992_ (rising edge-triggered flip-flop clocked by w_clk)
Endpoint: _0992_ (rising edge-triggered flip-flop clocked by w_clk)
Path Group: w_clk
Path Type: min

Fanout     Cap    Slew   Delay    Time   Description
-----------------------------------------------------------------------------
                          0.00    0.00   clock w_clk (rise edge)
                          0.00    0.00   clock source latency
                  0.26    0.18    0.18 ^ w_clk (in)
     1    0.06                           w_clk (net)
                  0.26    0.00    0.18 ^ clkbuf_0_w_clk/A (sky130_fd_sc_hd__clkbuf_16)
                  0.09    0.22    0.40 ^ clkbuf_0_w_clk/X (sky130_fd_sc_hd__clkbuf_16)
    16    0.07                           clknet_0_w_clk (net)
                  0.09    0.00    0.40 ^ clkbuf_4_14_0_w_clk/A (sky130_fd_sc_hd__clkbuf_8)
                  0.06    0.14    0.54 ^ clkbuf_4_14_0_w_clk/X (sky130_fd_sc_hd__clkbuf_8)
     8    0.02                           clknet_4_14_0_w_clk (net)
                  0.06    0.00    0.54 ^ _0992_/CLK (sky130_fd_sc_hd__dfxtp_1)
                  0.06    0.30    0.84 ^ _0992_/Q (sky130_fd_sc_hd__dfxtp_1)
     2    0.00                           mem[8][6] (net)
                  0.06    0.00    0.84 ^ hold19/A (sky130_fd_sc_hd__dlygate4sd3_1)
                  0.05    0.51    1.35 ^ hold19/X (sky130_fd_sc_hd__dlygate4sd3_1)
     1    0.00                           net49 (net)
                  0.05    0.00    1.35 ^ _0748_/A0 (sky130_fd_sc_hd__mux2_1)
                  0.04    0.11    1.47 ^ _0748_/X (sky130_fd_sc_hd__mux2_1)
     1    0.00                           _0362_ (net)
                  0.04    0.00    1.47 ^ _0749_/A (sky130_fd_sc_hd__clkbuf_1)
                  0.04    0.08    1.54 ^ _0749_/X (sky130_fd_sc_hd__clkbuf_1)
     1    0.00                           _0086_ (net)
                  0.04    0.00    1.54 ^ _0992_/D (sky130_fd_sc_hd__dfxtp_1)
                                  1.54   data arrival time

                          0.00    0.00   clock w_clk (rise edge)
                          0.00    0.00   clock source latency
                  0.26    0.20    0.20 ^ w_clk (in)
     1    0.06                           w_clk (net)
                  0.26    0.00    0.20 ^ clkbuf_0_w_clk/A (sky130_fd_sc_hd__clkbuf_16)
                  0.09    0.24    0.44 ^ clkbuf_0_w_clk/X (sky130_fd_sc_hd__clkbuf_16)
    16    0.07                           clknet_0_w_clk (net)
                  0.09    0.00    0.44 ^ clkbuf_4_14_0_w_clk/A (sky130_fd_sc_hd__clkbuf_8)
                  0.06    0.16    0.60 ^ clkbuf_4_14_0_w_clk/X (sky130_fd_sc_hd__clkbuf_8)
     8    0.02                           clknet_4_14_0_w_clk (net)
                  0.06    0.00    0.60 ^ _0992_/CLK (sky130_fd_sc_hd__dfxtp_1)
                          0.25    0.85   clock uncertainty
                         -0.06    0.79   clock reconvergence pessimism
                         -0.03    0.76   library hold time
                                  0.76   data required time
-----------------------------------------------------------------------------
                                  0.76   data required time
                                 -1.54   data arrival time
-----------------------------------------------------------------------------
                                  0.78   slack (MET)


Startpoint: _0961_ (rising edge-triggered flip-flop clocked by w_clk)
Endpoint: _0961_ (rising edge-triggered flip-flop clocked by w_clk)
Path Group: w_clk
Path Type: min

Fanout     Cap    Slew   Delay    Time   Description
-----------------------------------------------------------------------------
                          0.00    0.00   clock w_clk (rise edge)
                          0.00    0.00   clock source latency
                  0.26    0.18    0.18 ^ w_clk (in)
     1    0.06                           w_clk (net)
                  0.26    0.00    0.18 ^ clkbuf_0_w_clk/A (sky130_fd_sc_hd__clkbuf_16)
                  0.09    0.22    0.40 ^ clkbuf_0_w_clk/X (sky130_fd_sc_hd__clkbuf_16)
    16    0.07                           clknet_0_w_clk (net)
                  0.09    0.00    0.40 ^ clkbuf_4_7_0_w_clk/A (sky130_fd_sc_hd__clkbuf_8)
                  0.05    0.13    0.53 ^ clkbuf_4_7_0_w_clk/X (sky130_fd_sc_hd__clkbuf_8)
     8    0.02                           clknet_4_7_0_w_clk (net)
                  0.05    0.00    0.53 ^ _0961_/CLK (sky130_fd_sc_hd__dfxtp_1)
                  0.05    0.29    0.82 ^ _0961_/Q (sky130_fd_sc_hd__dfxtp_1)
     2    0.00                           mem[11][7] (net)
                  0.05    0.00    0.82 ^ hold35/A (sky130_fd_sc_hd__dlygate4sd3_1)
                  0.05    0.51    1.34 ^ hold35/X (sky130_fd_sc_hd__dlygate4sd3_1)
     1    0.00                           net65 (net)
                  0.05    0.00    1.34 ^ _0675_/A0 (sky130_fd_sc_hd__mux2_1)
                  0.05    0.12    1.45 ^ _0675_/X (sky130_fd_sc_hd__mux2_1)
     1    0.00                           _0320_ (net)
                  0.05    0.00    1.45 ^ _0676_/A (sky130_fd_sc_hd__clkbuf_1)
                  0.04    0.08    1.53 ^ _0676_/X (sky130_fd_sc_hd__clkbuf_1)
     1    0.00                           _0055_ (net)
                  0.04    0.00    1.53 ^ _0961_/D (sky130_fd_sc_hd__dfxtp_1)
                                  1.53   data arrival time

                          0.00    0.00   clock w_clk (rise edge)
                          0.00    0.00   clock source latency
                  0.26    0.20    0.20 ^ w_clk (in)
     1    0.06                           w_clk (net)
                  0.26    0.00    0.20 ^ clkbuf_0_w_clk/A (sky130_fd_sc_hd__clkbuf_16)
                  0.09    0.24    0.44 ^ clkbuf_0_w_clk/X (sky130_fd_sc_hd__clkbuf_16)
    16    0.07                           clknet_0_w_clk (net)
                  0.09    0.00    0.44 ^ clkbuf_4_7_0_w_clk/A (sky130_fd_sc_hd__clkbuf_8)
                  0.05    0.15    0.59 ^ clkbuf_4_7_0_w_clk/X (sky130_fd_sc_hd__clkbuf_8)
     8    0.02                           clknet_4_7_0_w_clk (net)
                  0.05    0.00    0.59 ^ _0961_/CLK (sky130_fd_sc_hd__dfxtp_1)
                          0.25    0.84   clock uncertainty
                         -0.06    0.78   clock reconvergence pessimism
                         -0.03    0.75   library hold time
                                  0.75   data required time
-----------------------------------------------------------------------------
                                  0.75   data required time
                                 -1.53   data arrival time
-----------------------------------------------------------------------------
                                  0.78   slack (MET)


Startpoint: _0940_ (rising edge-triggered flip-flop clocked by w_clk)
Endpoint: _0940_ (rising edge-triggered flip-flop clocked by w_clk)
Path Group: w_clk
Path Type: min

Fanout     Cap    Slew   Delay    Time   Description
-----------------------------------------------------------------------------
                          0.00    0.00   clock w_clk (rise edge)
                          0.00    0.00   clock source latency
                  0.26    0.18    0.18 ^ w_clk (in)
     1    0.06                           w_clk (net)
                  0.26    0.00    0.18 ^ clkbuf_0_w_clk/A (sky130_fd_sc_hd__clkbuf_16)
                  0.09    0.22    0.40 ^ clkbuf_0_w_clk/X (sky130_fd_sc_hd__clkbuf_16)
    16    0.07                           clknet_0_w_clk (net)
                  0.09    0.00    0.40 ^ clkbuf_4_13_0_w_clk/A (sky130_fd_sc_hd__clkbuf_8)
                  0.10    0.18    0.57 ^ clkbuf_4_13_0_w_clk/X (sky130_fd_sc_hd__clkbuf_8)
    17    0.05                           clknet_4_13_0_w_clk (net)
                  0.10    0.00    0.57 ^ _0940_/CLK (sky130_fd_sc_hd__dfxtp_1)
                  0.05    0.31    0.88 ^ _0940_/Q (sky130_fd_sc_hd__dfxtp_1)
     2    0.00                           mem[13][2] (net)
                  0.05    0.00    0.88 ^ hold127/A (sky130_fd_sc_hd__dlygate4sd3_1)
                  0.05    0.51    1.39 ^ hold127/X (sky130_fd_sc_hd__dlygate4sd3_1)
     1    0.00                           net157 (net)
                  0.05    0.00    1.39 ^ _0629_/A0 (sky130_fd_sc_hd__mux2_1)
                  0.04    0.11    1.50 ^ _0629_/X (sky130_fd_sc_hd__mux2_1)
     1    0.00                           _0295_ (net)
                  0.04    0.00    1.50 ^ _0630_/A (sky130_fd_sc_hd__clkbuf_1)
                  0.05    0.08    1.58 ^ _0630_/X (sky130_fd_sc_hd__clkbuf_1)
     1    0.00                           _0034_ (net)
                  0.05    0.00    1.58 ^ _0940_/D (sky130_fd_sc_hd__dfxtp_1)
                                  1.58   data arrival time

                          0.00    0.00   clock w_clk (rise edge)
                          0.00    0.00   clock source latency
                  0.26    0.20    0.20 ^ w_clk (in)
     1    0.06                           w_clk (net)
                  0.26    0.00    0.20 ^ clkbuf_0_w_clk/A (sky130_fd_sc_hd__clkbuf_16)
                  0.09    0.24    0.44 ^ clkbuf_0_w_clk/X (sky130_fd_sc_hd__clkbuf_16)
    16    0.07                           clknet_0_w_clk (net)
                  0.09    0.00    0.44 ^ clkbuf_4_13_0_w_clk/A (sky130_fd_sc_hd__clkbuf_8)
                  0.10    0.19    0.63 ^ clkbuf_4_13_0_w_clk/X (sky130_fd_sc_hd__clkbuf_8)
    17    0.05                           clknet_4_13_0_w_clk (net)
                  0.10    0.00    0.63 ^ _0940_/CLK (sky130_fd_sc_hd__dfxtp_1)
                          0.25    0.88   clock uncertainty
                         -0.06    0.82   clock reconvergence pessimism
                         -0.03    0.80   library hold time
                                  0.80   data required time
-----------------------------------------------------------------------------
                                  0.80   data required time
                                 -1.58   data arrival time
-----------------------------------------------------------------------------
                                  0.78   slack (MET)


Startpoint: _1025_ (rising edge-triggered flip-flop clocked by w_clk)
Endpoint: _1025_ (rising edge-triggered flip-flop clocked by w_clk)
Path Group: w_clk
Path Type: min

Fanout     Cap    Slew   Delay    Time   Description
-----------------------------------------------------------------------------
                          0.00    0.00   clock w_clk (rise edge)
                          0.00    0.00   clock source latency
                  0.26    0.18    0.18 ^ w_clk (in)
     1    0.06                           w_clk (net)
                  0.26    0.00    0.18 ^ clkbuf_0_w_clk/A (sky130_fd_sc_hd__clkbuf_16)
                  0.09    0.22    0.40 ^ clkbuf_0_w_clk/X (sky130_fd_sc_hd__clkbuf_16)
    16    0.07                           clknet_0_w_clk (net)
                  0.09    0.00    0.40 ^ clkbuf_4_0_0_w_clk/A (sky130_fd_sc_hd__clkbuf_8)
                  0.04    0.13    0.53 ^ clkbuf_4_0_0_w_clk/X (sky130_fd_sc_hd__clkbuf_8)
     6    0.01                           clknet_4_0_0_w_clk (net)
                  0.04    0.00    0.53 ^ _1025_/CLK (sky130_fd_sc_hd__dfxtp_1)
                  0.06    0.30    0.82 ^ _1025_/Q (sky130_fd_sc_hd__dfxtp_1)
     2    0.01                           mem[4][2] (net)
                  0.06    0.00    0.82 ^ hold9/A (sky130_fd_sc_hd__dlygate4sd3_1)
                  0.06    0.52    1.34 ^ hold9/X (sky130_fd_sc_hd__dlygate4sd3_1)
     1    0.00                           net39 (net)
                  0.06    0.00    1.34 ^ _0823_/A0 (sky130_fd_sc_hd__mux2_1)
                  0.04    0.11    1.45 ^ _0823_/X (sky130_fd_sc_hd__mux2_1)
     1    0.00                           _0404_ (net)
                  0.04    0.00    1.45 ^ _0824_/A (sky130_fd_sc_hd__clkbuf_1)
                  0.04    0.07    1.52 ^ _0824_/X (sky130_fd_sc_hd__clkbuf_1)
     1    0.00                           _0119_ (net)
                  0.04    0.00    1.52 ^ _1025_/D (sky130_fd_sc_hd__dfxtp_1)
                                  1.52   data arrival time

                          0.00    0.00   clock w_clk (rise edge)
                          0.00    0.00   clock source latency
                  0.26    0.20    0.20 ^ w_clk (in)
     1    0.06                           w_clk (net)
                  0.26    0.00    0.20 ^ clkbuf_0_w_clk/A (sky130_fd_sc_hd__clkbuf_16)
                  0.09    0.24    0.44 ^ clkbuf_0_w_clk/X (sky130_fd_sc_hd__clkbuf_16)
    16    0.07                           clknet_0_w_clk (net)
                  0.09    0.00    0.44 ^ clkbuf_4_0_0_w_clk/A (sky130_fd_sc_hd__clkbuf_8)
                  0.04    0.14    0.58 ^ clkbuf_4_0_0_w_clk/X (sky130_fd_sc_hd__clkbuf_8)
     6    0.01                           clknet_4_0_0_w_clk (net)
                  0.04    0.00    0.58 ^ _1025_/CLK (sky130_fd_sc_hd__dfxtp_1)
                          0.25    0.83   clock uncertainty
                         -0.06    0.78   clock reconvergence pessimism
                         -0.03    0.74   library hold time
                                  0.74   data required time
-----------------------------------------------------------------------------
                                  0.74   data required time
                                 -1.52   data arrival time
-----------------------------------------------------------------------------
                                  0.78   slack (MET)


Startpoint: _0953_ (rising edge-triggered flip-flop clocked by w_clk)
Endpoint: _0953_ (rising edge-triggered flip-flop clocked by w_clk)
Path Group: w_clk
Path Type: min

Fanout     Cap    Slew   Delay    Time   Description
-----------------------------------------------------------------------------
                          0.00    0.00   clock w_clk (rise edge)
                          0.00    0.00   clock source latency
                  0.26    0.18    0.18 ^ w_clk (in)
     1    0.06                           w_clk (net)
                  0.26    0.00    0.18 ^ clkbuf_0_w_clk/A (sky130_fd_sc_hd__clkbuf_16)
                  0.09    0.22    0.40 ^ clkbuf_0_w_clk/X (sky130_fd_sc_hd__clkbuf_16)
    16    0.07                           clknet_0_w_clk (net)
                  0.09    0.00    0.40 ^ clkbuf_4_7_0_w_clk/A (sky130_fd_sc_hd__clkbuf_8)
                  0.05    0.13    0.53 ^ clkbuf_4_7_0_w_clk/X (sky130_fd_sc_hd__clkbuf_8)
     8    0.02                           clknet_4_7_0_w_clk (net)
                  0.05    0.00    0.53 ^ _0953_/CLK (sky130_fd_sc_hd__dfxtp_1)
                  0.06    0.30    0.83 ^ _0953_/Q (sky130_fd_sc_hd__dfxtp_1)
     2    0.01                           mem[12][7] (net)
                  0.06    0.00    0.83 ^ hold8/A (sky130_fd_sc_hd__dlygate4sd3_1)
                  0.05    0.51    1.34 ^ hold8/X (sky130_fd_sc_hd__dlygate4sd3_1)
     1    0.00                           net38 (net)
                  0.05    0.00    1.34 ^ _0657_/A0 (sky130_fd_sc_hd__mux2_1)
                  0.04    0.11    1.45 ^ _0657_/X (sky130_fd_sc_hd__mux2_1)
     1    0.00                           _0310_ (net)
                  0.04    0.00    1.45 ^ _0658_/A (sky130_fd_sc_hd__clkbuf_1)
                  0.05    0.08    1.53 ^ _0658_/X (sky130_fd_sc_hd__clkbuf_1)
     1    0.00                           _0047_ (net)
                  0.05    0.00    1.53 ^ _0953_/D (sky130_fd_sc_hd__dfxtp_1)
                                  1.53   data arrival time

                          0.00    0.00   clock w_clk (rise edge)
                          0.00    0.00   clock source latency
                  0.26    0.20    0.20 ^ w_clk (in)
     1    0.06                           w_clk (net)
                  0.26    0.00    0.20 ^ clkbuf_0_w_clk/A (sky130_fd_sc_hd__clkbuf_16)
                  0.09    0.24    0.44 ^ clkbuf_0_w_clk/X (sky130_fd_sc_hd__clkbuf_16)
    16    0.07                           clknet_0_w_clk (net)
                  0.09    0.00    0.44 ^ clkbuf_4_7_0_w_clk/A (sky130_fd_sc_hd__clkbuf_8)
                  0.05    0.15    0.59 ^ clkbuf_4_7_0_w_clk/X (sky130_fd_sc_hd__clkbuf_8)
     8    0.02                           clknet_4_7_0_w_clk (net)
                  0.05    0.00    0.59 ^ _0953_/CLK (sky130_fd_sc_hd__dfxtp_1)
                          0.25    0.84   clock uncertainty
                         -0.06    0.78   clock reconvergence pessimism
                         -0.03    0.75   library hold time
                                  0.75   data required time
-----------------------------------------------------------------------------
                                  0.75   data required time
                                 -1.53   data arrival time
-----------------------------------------------------------------------------
                                  0.78   slack (MET)


Startpoint: _0960_ (rising edge-triggered flip-flop clocked by w_clk)
Endpoint: _0960_ (rising edge-triggered flip-flop clocked by w_clk)
Path Group: w_clk
Path Type: min

Fanout     Cap    Slew   Delay    Time   Description
-----------------------------------------------------------------------------
                          0.00    0.00   clock w_clk (rise edge)
                          0.00    0.00   clock source latency
                  0.26    0.18    0.18 ^ w_clk (in)
     1    0.06                           w_clk (net)
                  0.26    0.00    0.18 ^ clkbuf_0_w_clk/A (sky130_fd_sc_hd__clkbuf_16)
                  0.09    0.22    0.40 ^ clkbuf_0_w_clk/X (sky130_fd_sc_hd__clkbuf_16)
    16    0.07                           clknet_0_w_clk (net)
                  0.09    0.00    0.40 ^ clkbuf_4_12_0_w_clk/A (sky130_fd_sc_hd__clkbuf_8)
                  0.06    0.14    0.54 ^ clkbuf_4_12_0_w_clk/X (sky130_fd_sc_hd__clkbuf_8)
    12    0.02                           clknet_4_12_0_w_clk (net)
                  0.06    0.00    0.54 ^ _0960_/CLK (sky130_fd_sc_hd__dfxtp_1)
                  0.06    0.30    0.85 ^ _0960_/Q (sky130_fd_sc_hd__dfxtp_1)
     2    0.01                           mem[11][6] (net)
                  0.06    0.00    0.85 ^ hold75/A (sky130_fd_sc_hd__dlygate4sd3_1)
                  0.05    0.51    1.35 ^ hold75/X (sky130_fd_sc_hd__dlygate4sd3_1)
     1    0.00                           net105 (net)
                  0.05    0.00    1.35 ^ _0673_/A0 (sky130_fd_sc_hd__mux2_1)
                  0.05    0.11    1.47 ^ _0673_/X (sky130_fd_sc_hd__mux2_1)
     1    0.00                           _0319_ (net)
                  0.05    0.00    1.47 ^ _0674_/A (sky130_fd_sc_hd__clkbuf_1)
                  0.04    0.08    1.54 ^ _0674_/X (sky130_fd_sc_hd__clkbuf_1)
     1    0.00                           _0054_ (net)
                  0.04    0.00    1.54 ^ _0960_/D (sky130_fd_sc_hd__dfxtp_1)
                                  1.54   data arrival time

                          0.00    0.00   clock w_clk (rise edge)
                          0.00    0.00   clock source latency
                  0.26    0.20    0.20 ^ w_clk (in)
     1    0.06                           w_clk (net)
                  0.26    0.00    0.20 ^ clkbuf_0_w_clk/A (sky130_fd_sc_hd__clkbuf_16)
                  0.09    0.24    0.44 ^ clkbuf_0_w_clk/X (sky130_fd_sc_hd__clkbuf_16)
    16    0.07                           clknet_0_w_clk (net)
                  0.09    0.00    0.44 ^ clkbuf_4_12_0_w_clk/A (sky130_fd_sc_hd__clkbuf_8)
                  0.06    0.16    0.60 ^ clkbuf_4_12_0_w_clk/X (sky130_fd_sc_hd__clkbuf_8)
    12    0.02                           clknet_4_12_0_w_clk (net)
                  0.06    0.00    0.60 ^ _0960_/CLK (sky130_fd_sc_hd__dfxtp_1)
                          0.25    0.85   clock uncertainty
                         -0.06    0.79   clock reconvergence pessimism
                         -0.03    0.76   library hold time
                                  0.76   data required time
-----------------------------------------------------------------------------
                                  0.76   data required time
                                 -1.54   data arrival time
-----------------------------------------------------------------------------
                                  0.78   slack (MET)


Startpoint: _0906_ (rising edge-triggered flip-flop clocked by w_clk)
Endpoint: _0906_ (rising edge-triggered flip-flop clocked by w_clk)
Path Group: w_clk
Path Type: min

Fanout     Cap    Slew   Delay    Time   Description
-----------------------------------------------------------------------------
                          0.00    0.00   clock w_clk (rise edge)
                          0.00    0.00   clock source latency
                  0.26    0.18    0.18 ^ w_clk (in)
     1    0.06                           w_clk (net)
                  0.26    0.00    0.18 ^ clkbuf_0_w_clk/A (sky130_fd_sc_hd__clkbuf_16)
                  0.09    0.22    0.40 ^ clkbuf_0_w_clk/X (sky130_fd_sc_hd__clkbuf_16)
    16    0.07                           clknet_0_w_clk (net)
                  0.09    0.00    0.40 ^ clkbuf_4_8_0_w_clk/A (sky130_fd_sc_hd__clkbuf_8)
                  0.06    0.14    0.54 ^ clkbuf_4_8_0_w_clk/X (sky130_fd_sc_hd__clkbuf_8)
    12    0.02                           clknet_4_8_0_w_clk (net)
                  0.06    0.00    0.54 ^ _0906_/CLK (sky130_fd_sc_hd__dfxtp_1)
                  0.06    0.30    0.84 ^ _0906_/Q (sky130_fd_sc_hd__dfxtp_1)
     2    0.01                           mem[5][0] (net)
                  0.06    0.00    0.84 ^ hold24/A (sky130_fd_sc_hd__dlygate4sd3_1)
                  0.05    0.51    1.35 ^ hold24/X (sky130_fd_sc_hd__dlygate4sd3_1)
     1    0.00                           net54 (net)
                  0.05    0.00    1.35 ^ _0490_/A0 (sky130_fd_sc_hd__mux2_1)
                  0.05    0.12    1.47 ^ _0490_/X (sky130_fd_sc_hd__mux2_1)
     1    0.00                           _0190_ (net)
                  0.05    0.00    1.47 ^ _0491_/A (sky130_fd_sc_hd__clkbuf_1)
                  0.04    0.07    1.55 ^ _0491_/X (sky130_fd_sc_hd__clkbuf_1)
     1    0.00                           _0000_ (net)
                  0.04    0.00    1.55 ^ _0906_/D (sky130_fd_sc_hd__dfxtp_1)
                                  1.55   data arrival time

                          0.00    0.00   clock w_clk (rise edge)
                          0.00    0.00   clock source latency
                  0.26    0.20    0.20 ^ w_clk (in)
     1    0.06                           w_clk (net)
                  0.26    0.00    0.20 ^ clkbuf_0_w_clk/A (sky130_fd_sc_hd__clkbuf_16)
                  0.09    0.24    0.44 ^ clkbuf_0_w_clk/X (sky130_fd_sc_hd__clkbuf_16)
    16    0.07                           clknet_0_w_clk (net)
                  0.09    0.00    0.44 ^ clkbuf_4_8_0_w_clk/A (sky130_fd_sc_hd__clkbuf_8)
                  0.06    0.16    0.60 ^ clkbuf_4_8_0_w_clk/X (sky130_fd_sc_hd__clkbuf_8)
    12    0.02                           clknet_4_8_0_w_clk (net)
                  0.06    0.00    0.60 ^ _0906_/CLK (sky130_fd_sc_hd__dfxtp_1)
                          0.25    0.85   clock uncertainty
                         -0.06    0.79   clock reconvergence pessimism
                         -0.03    0.76   library hold time
                                  0.76   data required time
-----------------------------------------------------------------------------
                                  0.76   data required time
                                 -1.55   data arrival time
-----------------------------------------------------------------------------
                                  0.78   slack (MET)


Startpoint: _0949_ (rising edge-triggered flip-flop clocked by w_clk)
Endpoint: _0949_ (rising edge-triggered flip-flop clocked by w_clk)
Path Group: w_clk
Path Type: min

Fanout     Cap    Slew   Delay    Time   Description
-----------------------------------------------------------------------------
                          0.00    0.00   clock w_clk (rise edge)
                          0.00    0.00   clock source latency
                  0.26    0.18    0.18 ^ w_clk (in)
     1    0.06                           w_clk (net)
                  0.26    0.00    0.18 ^ clkbuf_0_w_clk/A (sky130_fd_sc_hd__clkbuf_16)
                  0.09    0.22    0.40 ^ clkbuf_0_w_clk/X (sky130_fd_sc_hd__clkbuf_16)
    16    0.07                           clknet_0_w_clk (net)
                  0.09    0.00    0.40 ^ clkbuf_4_15_0_w_clk/A (sky130_fd_sc_hd__clkbuf_8)
                  0.07    0.15    0.55 ^ clkbuf_4_15_0_w_clk/X (sky130_fd_sc_hd__clkbuf_8)
    10    0.03                           clknet_4_15_0_w_clk (net)
                  0.07    0.00    0.55 ^ _0949_/CLK (sky130_fd_sc_hd__dfxtp_1)
                  0.06    0.31    0.86 ^ _0949_/Q (sky130_fd_sc_hd__dfxtp_1)
     2    0.01                           mem[12][3] (net)
                  0.06    0.00    0.86 ^ hold91/A (sky130_fd_sc_hd__dlygate4sd3_1)
                  0.05    0.51    1.37 ^ hold91/X (sky130_fd_sc_hd__dlygate4sd3_1)
     1    0.00                           net121 (net)
                  0.05    0.00    1.37 ^ _0649_/A0 (sky130_fd_sc_hd__mux2_1)
                  0.04    0.11    1.48 ^ _0649_/X (sky130_fd_sc_hd__mux2_1)
     1    0.00                           _0306_ (net)
                  0.04    0.00    1.48 ^ _0650_/A (sky130_fd_sc_hd__clkbuf_1)
                  0.04    0.07    1.56 ^ _0650_/X (sky130_fd_sc_hd__clkbuf_1)
     1    0.00                           _0043_ (net)
                  0.04    0.00    1.56 ^ _0949_/D (sky130_fd_sc_hd__dfxtp_1)
                                  1.56   data arrival time

                          0.00    0.00   clock w_clk (rise edge)
                          0.00    0.00   clock source latency
                  0.26    0.20    0.20 ^ w_clk (in)
     1    0.06                           w_clk (net)
                  0.26    0.00    0.20 ^ clkbuf_0_w_clk/A (sky130_fd_sc_hd__clkbuf_16)
                  0.09    0.24    0.44 ^ clkbuf_0_w_clk/X (sky130_fd_sc_hd__clkbuf_16)
    16    0.07                           clknet_0_w_clk (net)
                  0.09    0.00    0.44 ^ clkbuf_4_15_0_w_clk/A (sky130_fd_sc_hd__clkbuf_8)
                  0.07    0.17    0.61 ^ clkbuf_4_15_0_w_clk/X (sky130_fd_sc_hd__clkbuf_8)
    10    0.03                           clknet_4_15_0_w_clk (net)
                  0.07    0.00    0.61 ^ _0949_/CLK (sky130_fd_sc_hd__dfxtp_1)
                          0.25    0.86   clock uncertainty
                         -0.06    0.80   clock reconvergence pessimism
                         -0.03    0.77   library hold time
                                  0.77   data required time
-----------------------------------------------------------------------------
                                  0.77   data required time
                                 -1.56   data arrival time
-----------------------------------------------------------------------------
                                  0.78   slack (MET)


Startpoint: _0985_ (rising edge-triggered flip-flop clocked by w_clk)
Endpoint: _0985_ (rising edge-triggered flip-flop clocked by w_clk)
Path Group: w_clk
Path Type: min

Fanout     Cap    Slew   Delay    Time   Description
-----------------------------------------------------------------------------
                          0.00    0.00   clock w_clk (rise edge)
                          0.00    0.00   clock source latency
                  0.26    0.18    0.18 ^ w_clk (in)
     1    0.06                           w_clk (net)
                  0.26    0.00    0.18 ^ clkbuf_0_w_clk/A (sky130_fd_sc_hd__clkbuf_16)
                  0.09    0.22    0.40 ^ clkbuf_0_w_clk/X (sky130_fd_sc_hd__clkbuf_16)
    16    0.07                           clknet_0_w_clk (net)
                  0.09    0.00    0.40 ^ clkbuf_4_1_0_w_clk/A (sky130_fd_sc_hd__clkbuf_8)
                  0.05    0.14    0.54 ^ clkbuf_4_1_0_w_clk/X (sky130_fd_sc_hd__clkbuf_8)
     7    0.02                           clknet_4_1_0_w_clk (net)
                  0.05    0.00    0.54 ^ _0985_/CLK (sky130_fd_sc_hd__dfxtp_1)
                  0.06    0.30    0.84 ^ _0985_/Q (sky130_fd_sc_hd__dfxtp_1)
     2    0.01                           mem[2][7] (net)
                  0.06    0.00    0.84 ^ hold30/A (sky130_fd_sc_hd__dlygate4sd3_1)
                  0.05    0.51    1.35 ^ hold30/X (sky130_fd_sc_hd__dlygate4sd3_1)
     1    0.00                           net60 (net)
                  0.05    0.00    1.35 ^ _0732_/A0 (sky130_fd_sc_hd__mux2_1)
                  0.04    0.11    1.46 ^ _0732_/X (sky130_fd_sc_hd__mux2_1)
     1    0.00                           _0353_ (net)
                  0.04    0.00    1.46 ^ _0733_/A (sky130_fd_sc_hd__clkbuf_1)
                  0.05    0.08    1.54 ^ _0733_/X (sky130_fd_sc_hd__clkbuf_1)
     1    0.00                           _0079_ (net)
                  0.05    0.00    1.54 ^ _0985_/D (sky130_fd_sc_hd__dfxtp_1)
                                  1.54   data arrival time

                          0.00    0.00   clock w_clk (rise edge)
                          0.00    0.00   clock source latency
                  0.26    0.20    0.20 ^ w_clk (in)
     1    0.06                           w_clk (net)
                  0.26    0.00    0.20 ^ clkbuf_0_w_clk/A (sky130_fd_sc_hd__clkbuf_16)
                  0.09    0.24    0.44 ^ clkbuf_0_w_clk/X (sky130_fd_sc_hd__clkbuf_16)
    16    0.07                           clknet_0_w_clk (net)
                  0.09    0.00    0.44 ^ clkbuf_4_1_0_w_clk/A (sky130_fd_sc_hd__clkbuf_8)
                  0.05    0.16    0.60 ^ clkbuf_4_1_0_w_clk/X (sky130_fd_sc_hd__clkbuf_8)
     7    0.02                           clknet_4_1_0_w_clk (net)
                  0.05    0.00    0.60 ^ _0985_/CLK (sky130_fd_sc_hd__dfxtp_1)
                          0.25    0.85   clock uncertainty
                         -0.06    0.79   clock reconvergence pessimism
                         -0.03    0.76   library hold time
                                  0.76   data required time
-----------------------------------------------------------------------------
                                  0.76   data required time
                                 -1.54   data arrival time
-----------------------------------------------------------------------------
                                  0.78   slack (MET)


Startpoint: _0907_ (rising edge-triggered flip-flop clocked by w_clk)
Endpoint: _0907_ (rising edge-triggered flip-flop clocked by w_clk)
Path Group: w_clk
Path Type: min

Fanout     Cap    Slew   Delay    Time   Description
-----------------------------------------------------------------------------
                          0.00    0.00   clock w_clk (rise edge)
                          0.00    0.00   clock source latency
                  0.26    0.18    0.18 ^ w_clk (in)
     1    0.06                           w_clk (net)
                  0.26    0.00    0.18 ^ clkbuf_0_w_clk/A (sky130_fd_sc_hd__clkbuf_16)
                  0.09    0.22    0.40 ^ clkbuf_0_w_clk/X (sky130_fd_sc_hd__clkbuf_16)
    16    0.07                           clknet_0_w_clk (net)
                  0.09    0.00    0.40 ^ clkbuf_4_2_0_w_clk/A (sky130_fd_sc_hd__clkbuf_8)
                  0.07    0.15    0.55 ^ clkbuf_4_2_0_w_clk/X (sky130_fd_sc_hd__clkbuf_8)
    10    0.03                           clknet_4_2_0_w_clk (net)
                  0.07    0.00    0.55 ^ _0907_/CLK (sky130_fd_sc_hd__dfxtp_1)
                  0.06    0.31    0.86 ^ _0907_/Q (sky130_fd_sc_hd__dfxtp_1)
     2    0.00                           mem[5][1] (net)
                  0.06    0.00    0.86 ^ hold64/A (sky130_fd_sc_hd__dlygate4sd3_1)
                  0.05    0.51    1.36 ^ hold64/X (sky130_fd_sc_hd__dlygate4sd3_1)
     1    0.00                           net94 (net)
                  0.05    0.00    1.36 ^ _0492_/A0 (sky130_fd_sc_hd__mux2_1)
                  0.04    0.11    1.47 ^ _0492_/X (sky130_fd_sc_hd__mux2_1)
     1    0.00                           _0191_ (net)
                  0.04    0.00    1.47 ^ _0493_/A (sky130_fd_sc_hd__clkbuf_1)
                  0.05    0.08    1.55 ^ _0493_/X (sky130_fd_sc_hd__clkbuf_1)
     1    0.00                           _0001_ (net)
                  0.05    0.00    1.55 ^ _0907_/D (sky130_fd_sc_hd__dfxtp_1)
                                  1.55   data arrival time

                          0.00    0.00   clock w_clk (rise edge)
                          0.00    0.00   clock source latency
                  0.26    0.20    0.20 ^ w_clk (in)
     1    0.06                           w_clk (net)
                  0.26    0.00    0.20 ^ clkbuf_0_w_clk/A (sky130_fd_sc_hd__clkbuf_16)
                  0.09    0.24    0.44 ^ clkbuf_0_w_clk/X (sky130_fd_sc_hd__clkbuf_16)
    16    0.07                           clknet_0_w_clk (net)
                  0.09    0.00    0.44 ^ clkbuf_4_2_0_w_clk/A (sky130_fd_sc_hd__clkbuf_8)
                  0.07    0.17    0.61 ^ clkbuf_4_2_0_w_clk/X (sky130_fd_sc_hd__clkbuf_8)
    10    0.03                           clknet_4_2_0_w_clk (net)
                  0.07    0.00    0.61 ^ _0907_/CLK (sky130_fd_sc_hd__dfxtp_1)
                          0.25    0.86   clock uncertainty
                         -0.06    0.80   clock reconvergence pessimism
                         -0.03    0.77   library hold time
                                  0.77   data required time
-----------------------------------------------------------------------------
                                  0.77   data required time
                                 -1.55   data arrival time
-----------------------------------------------------------------------------
                                  0.78   slack (MET)


Startpoint: _0929_ (rising edge-triggered flip-flop clocked by w_clk)
Endpoint: _0929_ (rising edge-triggered flip-flop clocked by w_clk)
Path Group: w_clk
Path Type: min

Fanout     Cap    Slew   Delay    Time   Description
-----------------------------------------------------------------------------
                          0.00    0.00   clock w_clk (rise edge)
                          0.00    0.00   clock source latency
                  0.26    0.18    0.18 ^ w_clk (in)
     1    0.06                           w_clk (net)
                  0.26    0.00    0.18 ^ clkbuf_0_w_clk/A (sky130_fd_sc_hd__clkbuf_16)
                  0.09    0.22    0.40 ^ clkbuf_0_w_clk/X (sky130_fd_sc_hd__clkbuf_16)
    16    0.07                           clknet_0_w_clk (net)
                  0.09    0.00    0.40 ^ clkbuf_4_7_0_w_clk/A (sky130_fd_sc_hd__clkbuf_8)
                  0.05    0.13    0.53 ^ clkbuf_4_7_0_w_clk/X (sky130_fd_sc_hd__clkbuf_8)
     8    0.02                           clknet_4_7_0_w_clk (net)
                  0.05    0.00    0.53 ^ _0929_/CLK (sky130_fd_sc_hd__dfxtp_1)
                  0.06    0.30    0.83 ^ _0929_/Q (sky130_fd_sc_hd__dfxtp_1)
     2    0.01                           mem[14][7] (net)
                  0.06    0.00    0.83 ^ hold40/A (sky130_fd_sc_hd__dlygate4sd3_1)
                  0.05    0.51    1.34 ^ hold40/X (sky130_fd_sc_hd__dlygate4sd3_1)
     1    0.00                           net70 (net)
                  0.05    0.00    1.34 ^ _0602_/A0 (sky130_fd_sc_hd__mux2_1)
                  0.05    0.11    1.45 ^ _0602_/X (sky130_fd_sc_hd__mux2_1)
     1    0.00                           _0279_ (net)
                  0.05    0.00    1.45 ^ _0603_/A (sky130_fd_sc_hd__clkbuf_1)
                  0.05    0.08    1.53 ^ _0603_/X (sky130_fd_sc_hd__clkbuf_1)
     1    0.00                           _0023_ (net)
                  0.05    0.00    1.53 ^ _0929_/D (sky130_fd_sc_hd__dfxtp_1)
                                  1.53   data arrival time

                          0.00    0.00   clock w_clk (rise edge)
                          0.00    0.00   clock source latency
                  0.26    0.20    0.20 ^ w_clk (in)
     1    0.06                           w_clk (net)
                  0.26    0.00    0.20 ^ clkbuf_0_w_clk/A (sky130_fd_sc_hd__clkbuf_16)
                  0.09    0.24    0.44 ^ clkbuf_0_w_clk/X (sky130_fd_sc_hd__clkbuf_16)
    16    0.07                           clknet_0_w_clk (net)
                  0.09    0.00    0.44 ^ clkbuf_4_7_0_w_clk/A (sky130_fd_sc_hd__clkbuf_8)
                  0.05    0.15    0.59 ^ clkbuf_4_7_0_w_clk/X (sky130_fd_sc_hd__clkbuf_8)
     8    0.02                           clknet_4_7_0_w_clk (net)
                  0.05    0.00    0.59 ^ _0929_/CLK (sky130_fd_sc_hd__dfxtp_1)
                          0.25    0.84   clock uncertainty
                         -0.06    0.78   clock reconvergence pessimism
                         -0.03    0.75   library hold time
                                  0.75   data required time
-----------------------------------------------------------------------------
                                  0.75   data required time
                                 -1.53   data arrival time
-----------------------------------------------------------------------------
                                  0.78   slack (MET)


Startpoint: _0944_ (rising edge-triggered flip-flop clocked by w_clk)
Endpoint: _0944_ (rising edge-triggered flip-flop clocked by w_clk)
Path Group: w_clk
Path Type: min

Fanout     Cap    Slew   Delay    Time   Description
-----------------------------------------------------------------------------
                          0.00    0.00   clock w_clk (rise edge)
                          0.00    0.00   clock source latency
                  0.26    0.18    0.18 ^ w_clk (in)
     1    0.06                           w_clk (net)
                  0.26    0.00    0.18 ^ clkbuf_0_w_clk/A (sky130_fd_sc_hd__clkbuf_16)
                  0.09    0.22    0.40 ^ clkbuf_0_w_clk/X (sky130_fd_sc_hd__clkbuf_16)
    16    0.07                           clknet_0_w_clk (net)
                  0.09    0.00    0.40 ^ clkbuf_4_14_0_w_clk/A (sky130_fd_sc_hd__clkbuf_8)
                  0.06    0.14    0.54 ^ clkbuf_4_14_0_w_clk/X (sky130_fd_sc_hd__clkbuf_8)
     8    0.02                           clknet_4_14_0_w_clk (net)
                  0.06    0.00    0.54 ^ _0944_/CLK (sky130_fd_sc_hd__dfxtp_1)
                  0.06    0.30    0.84 ^ _0944_/Q (sky130_fd_sc_hd__dfxtp_1)
     2    0.00                           mem[13][6] (net)
                  0.06    0.00    0.84 ^ hold14/A (sky130_fd_sc_hd__dlygate4sd3_1)
                  0.05    0.51    1.35 ^ hold14/X (sky130_fd_sc_hd__dlygate4sd3_1)
     1    0.00                           net44 (net)
                  0.05    0.00    1.35 ^ _0637_/A0 (sky130_fd_sc_hd__mux2_1)
                  0.05    0.12    1.47 ^ _0637_/X (sky130_fd_sc_hd__mux2_1)
     1    0.00                           _0299_ (net)
                  0.05    0.00    1.47 ^ _0638_/A (sky130_fd_sc_hd__clkbuf_1)
                  0.05    0.08    1.55 ^ _0638_/X (sky130_fd_sc_hd__clkbuf_1)
     1    0.00                           _0038_ (net)
                  0.05    0.00    1.55 ^ _0944_/D (sky130_fd_sc_hd__dfxtp_1)
                                  1.55   data arrival time

                          0.00    0.00   clock w_clk (rise edge)
                          0.00    0.00   clock source latency
                  0.26    0.20    0.20 ^ w_clk (in)
     1    0.06                           w_clk (net)
                  0.26    0.00    0.20 ^ clkbuf_0_w_clk/A (sky130_fd_sc_hd__clkbuf_16)
                  0.09    0.24    0.44 ^ clkbuf_0_w_clk/X (sky130_fd_sc_hd__clkbuf_16)
    16    0.07                           clknet_0_w_clk (net)
                  0.09    0.00    0.44 ^ clkbuf_4_14_0_w_clk/A (sky130_fd_sc_hd__clkbuf_8)
                  0.06    0.16    0.60 ^ clkbuf_4_14_0_w_clk/X (sky130_fd_sc_hd__clkbuf_8)
     8    0.02                           clknet_4_14_0_w_clk (net)
                  0.06    0.00    0.60 ^ _0944_/CLK (sky130_fd_sc_hd__dfxtp_1)
                          0.25    0.85   clock uncertainty
                         -0.06    0.79   clock reconvergence pessimism
                         -0.03    0.76   library hold time
                                  0.76   data required time
-----------------------------------------------------------------------------
                                  0.76   data required time
                                 -1.55   data arrival time
-----------------------------------------------------------------------------
                                  0.78   slack (MET)


Startpoint: _0911_ (rising edge-triggered flip-flop clocked by w_clk)
Endpoint: _0911_ (rising edge-triggered flip-flop clocked by w_clk)
Path Group: w_clk
Path Type: min

Fanout     Cap    Slew   Delay    Time   Description
-----------------------------------------------------------------------------
                          0.00    0.00   clock w_clk (rise edge)
                          0.00    0.00   clock source latency
                  0.26    0.18    0.18 ^ w_clk (in)
     1    0.06                           w_clk (net)
                  0.26    0.00    0.18 ^ clkbuf_0_w_clk/A (sky130_fd_sc_hd__clkbuf_16)
                  0.09    0.22    0.40 ^ clkbuf_0_w_clk/X (sky130_fd_sc_hd__clkbuf_16)
    16    0.07                           clknet_0_w_clk (net)
                  0.09    0.00    0.40 ^ clkbuf_4_8_0_w_clk/A (sky130_fd_sc_hd__clkbuf_8)
                  0.06    0.14    0.54 ^ clkbuf_4_8_0_w_clk/X (sky130_fd_sc_hd__clkbuf_8)
    12    0.02                           clknet_4_8_0_w_clk (net)
                  0.06    0.00    0.54 ^ _0911_/CLK (sky130_fd_sc_hd__dfxtp_1)
                  0.06    0.30    0.85 ^ _0911_/Q (sky130_fd_sc_hd__dfxtp_1)
     2    0.01                           mem[5][5] (net)
                  0.06    0.00    0.85 ^ hold102/A (sky130_fd_sc_hd__dlygate4sd3_1)
                  0.05    0.50    1.35 ^ hold102/X (sky130_fd_sc_hd__dlygate4sd3_1)
     1    0.00                           net132 (net)
                  0.05    0.00    1.35 ^ _0500_/A0 (sky130_fd_sc_hd__mux2_1)
                  0.04    0.11    1.46 ^ _0500_/X (sky130_fd_sc_hd__mux2_1)
     1    0.00                           _0195_ (net)
                  0.04    0.00    1.46 ^ _0501_/A (sky130_fd_sc_hd__clkbuf_1)
                  0.05    0.08    1.54 ^ _0501_/X (sky130_fd_sc_hd__clkbuf_1)
     1    0.00                           _0005_ (net)
                  0.05    0.00    1.54 ^ _0911_/D (sky130_fd_sc_hd__dfxtp_1)
                                  1.54   data arrival time

                          0.00    0.00   clock w_clk (rise edge)
                          0.00    0.00   clock source latency
                  0.26    0.20    0.20 ^ w_clk (in)
     1    0.06                           w_clk (net)
                  0.26    0.00    0.20 ^ clkbuf_0_w_clk/A (sky130_fd_sc_hd__clkbuf_16)
                  0.09    0.24    0.44 ^ clkbuf_0_w_clk/X (sky130_fd_sc_hd__clkbuf_16)
    16    0.07                           clknet_0_w_clk (net)
                  0.09    0.00    0.44 ^ clkbuf_4_8_0_w_clk/A (sky130_fd_sc_hd__clkbuf_8)
                  0.06    0.16    0.60 ^ clkbuf_4_8_0_w_clk/X (sky130_fd_sc_hd__clkbuf_8)
    12    0.02                           clknet_4_8_0_w_clk (net)
                  0.06    0.00    0.60 ^ _0911_/CLK (sky130_fd_sc_hd__dfxtp_1)
                          0.25    0.85   clock uncertainty
                         -0.06    0.79   clock reconvergence pessimism
                         -0.03    0.76   library hold time
                                  0.76   data required time
-----------------------------------------------------------------------------
                                  0.76   data required time
                                 -1.54   data arrival time
-----------------------------------------------------------------------------
                                  0.78   slack (MET)


Startpoint: _1010_ (rising edge-triggered flip-flop clocked by w_clk)
Endpoint: _1010_ (rising edge-triggered flip-flop clocked by w_clk)
Path Group: w_clk
Path Type: min

Fanout     Cap    Slew   Delay    Time   Description
-----------------------------------------------------------------------------
                          0.00    0.00   clock w_clk (rise edge)
                          0.00    0.00   clock source latency
                  0.26    0.18    0.18 ^ w_clk (in)
     1    0.06                           w_clk (net)
                  0.26    0.00    0.18 ^ clkbuf_0_w_clk/A (sky130_fd_sc_hd__clkbuf_16)
                  0.09    0.22    0.40 ^ clkbuf_0_w_clk/X (sky130_fd_sc_hd__clkbuf_16)
    16    0.07                           clknet_0_w_clk (net)
                  0.09    0.00    0.40 ^ clkbuf_4_8_0_w_clk/A (sky130_fd_sc_hd__clkbuf_8)
                  0.06    0.14    0.54 ^ clkbuf_4_8_0_w_clk/X (sky130_fd_sc_hd__clkbuf_8)
    12    0.02                           clknet_4_8_0_w_clk (net)
                  0.06    0.00    0.54 ^ _1010_/CLK (sky130_fd_sc_hd__dfxtp_1)
                  0.06    0.31    0.85 ^ _1010_/Q (sky130_fd_sc_hd__dfxtp_1)
     2    0.01                           mem[6][0] (net)
                  0.06    0.00    0.85 ^ hold120/A (sky130_fd_sc_hd__dlygate4sd3_1)
                  0.05    0.51    1.35 ^ hold120/X (sky130_fd_sc_hd__dlygate4sd3_1)
     1    0.00                           net150 (net)
                  0.05    0.00    1.35 ^ _0789_/A0 (sky130_fd_sc_hd__mux2_1)
                  0.04    0.11    1.46 ^ _0789_/X (sky130_fd_sc_hd__mux2_1)
     1    0.00                           _0385_ (net)
                  0.04    0.00    1.46 ^ _0790_/A (sky130_fd_sc_hd__clkbuf_1)
                  0.05    0.08    1.54 ^ _0790_/X (sky130_fd_sc_hd__clkbuf_1)
     1    0.00                           _0104_ (net)
                  0.05    0.00    1.54 ^ _1010_/D (sky130_fd_sc_hd__dfxtp_1)
                                  1.54   data arrival time

                          0.00    0.00   clock w_clk (rise edge)
                          0.00    0.00   clock source latency
                  0.26    0.20    0.20 ^ w_clk (in)
     1    0.06                           w_clk (net)
                  0.26    0.00    0.20 ^ clkbuf_0_w_clk/A (sky130_fd_sc_hd__clkbuf_16)
                  0.09    0.24    0.44 ^ clkbuf_0_w_clk/X (sky130_fd_sc_hd__clkbuf_16)
    16    0.07                           clknet_0_w_clk (net)
                  0.09    0.00    0.44 ^ clkbuf_4_8_0_w_clk/A (sky130_fd_sc_hd__clkbuf_8)
                  0.06    0.16    0.60 ^ clkbuf_4_8_0_w_clk/X (sky130_fd_sc_hd__clkbuf_8)
    12    0.02                           clknet_4_8_0_w_clk (net)
                  0.06    0.00    0.60 ^ _1010_/CLK (sky130_fd_sc_hd__dfxtp_1)
                          0.25    0.85   clock uncertainty
                         -0.06    0.79   clock reconvergence pessimism
                         -0.03    0.76   library hold time
                                  0.76   data required time
-----------------------------------------------------------------------------
                                  0.76   data required time
                                 -1.54   data arrival time
-----------------------------------------------------------------------------
                                  0.78   slack (MET)


Startpoint: _0982_ (rising edge-triggered flip-flop clocked by w_clk)
Endpoint: _0982_ (rising edge-triggered flip-flop clocked by w_clk)
Path Group: w_clk
Path Type: min

Fanout     Cap    Slew   Delay    Time   Description
-----------------------------------------------------------------------------
                          0.00    0.00   clock w_clk (rise edge)
                          0.00    0.00   clock source latency
                  0.26    0.18    0.18 ^ w_clk (in)
     1    0.06                           w_clk (net)
                  0.26    0.00    0.18 ^ clkbuf_0_w_clk/A (sky130_fd_sc_hd__clkbuf_16)
                  0.09    0.22    0.40 ^ clkbuf_0_w_clk/X (sky130_fd_sc_hd__clkbuf_16)
    16    0.07                           clknet_0_w_clk (net)
                  0.09    0.00    0.40 ^ clkbuf_4_3_0_w_clk/A (sky130_fd_sc_hd__clkbuf_8)
                  0.06    0.15    0.54 ^ clkbuf_4_3_0_w_clk/X (sky130_fd_sc_hd__clkbuf_8)
     8    0.02                           clknet_4_3_0_w_clk (net)
                  0.06    0.00    0.54 ^ _0982_/CLK (sky130_fd_sc_hd__dfxtp_1)
                  0.06    0.30    0.85 ^ _0982_/Q (sky130_fd_sc_hd__dfxtp_1)
     2    0.00                           mem[2][4] (net)
                  0.06    0.00    0.85 ^ hold78/A (sky130_fd_sc_hd__dlygate4sd3_1)
                  0.05    0.51    1.36 ^ hold78/X (sky130_fd_sc_hd__dlygate4sd3_1)
     1    0.00                           net108 (net)
                  0.05    0.00    1.36 ^ _0726_/A0 (sky130_fd_sc_hd__mux2_1)
                  0.04    0.11    1.47 ^ _0726_/X (sky130_fd_sc_hd__mux2_1)
     1    0.00                           _0350_ (net)
                  0.04    0.00    1.47 ^ _0727_/A (sky130_fd_sc_hd__clkbuf_1)
                  0.04    0.08    1.55 ^ _0727_/X (sky130_fd_sc_hd__clkbuf_1)
     1    0.00                           _0076_ (net)
                  0.04    0.00    1.55 ^ _0982_/D (sky130_fd_sc_hd__dfxtp_1)
                                  1.55   data arrival time

                          0.00    0.00   clock w_clk (rise edge)
                          0.00    0.00   clock source latency
                  0.26    0.20    0.20 ^ w_clk (in)
     1    0.06                           w_clk (net)
                  0.26    0.00    0.20 ^ clkbuf_0_w_clk/A (sky130_fd_sc_hd__clkbuf_16)
                  0.09    0.24    0.44 ^ clkbuf_0_w_clk/X (sky130_fd_sc_hd__clkbuf_16)
    16    0.07                           clknet_0_w_clk (net)
                  0.09    0.00    0.44 ^ clkbuf_4_3_0_w_clk/A (sky130_fd_sc_hd__clkbuf_8)
                  0.06    0.16    0.60 ^ clkbuf_4_3_0_w_clk/X (sky130_fd_sc_hd__clkbuf_8)
     8    0.02                           clknet_4_3_0_w_clk (net)
                  0.06    0.00    0.60 ^ _0982_/CLK (sky130_fd_sc_hd__dfxtp_1)
                          0.25    0.85   clock uncertainty
                         -0.06    0.79   clock reconvergence pessimism
                         -0.03    0.76   library hold time
                                  0.76   data required time
-----------------------------------------------------------------------------
                                  0.76   data required time
                                 -1.55   data arrival time
-----------------------------------------------------------------------------
                                  0.78   slack (MET)


Startpoint: _1002_ (rising edge-triggered flip-flop clocked by w_clk)
Endpoint: _1002_ (rising edge-triggered flip-flop clocked by w_clk)
Path Group: w_clk
Path Type: min

Fanout     Cap    Slew   Delay    Time   Description
-----------------------------------------------------------------------------
                          0.00    0.00   clock w_clk (rise edge)
                          0.00    0.00   clock source latency
                  0.26    0.18    0.18 ^ w_clk (in)
     1    0.06                           w_clk (net)
                  0.26    0.00    0.18 ^ clkbuf_0_w_clk/A (sky130_fd_sc_hd__clkbuf_16)
                  0.09    0.22    0.40 ^ clkbuf_0_w_clk/X (sky130_fd_sc_hd__clkbuf_16)
    16    0.07                           clknet_0_w_clk (net)
                  0.09    0.00    0.40 ^ clkbuf_4_10_0_w_clk/A (sky130_fd_sc_hd__clkbuf_8)
                  0.06    0.15    0.54 ^ clkbuf_4_10_0_w_clk/X (sky130_fd_sc_hd__clkbuf_8)
    13    0.02                           clknet_4_10_0_w_clk (net)
                  0.06    0.00    0.54 ^ _1002_/CLK (sky130_fd_sc_hd__dfxtp_1)
                  0.06    0.31    0.85 ^ _1002_/Q (sky130_fd_sc_hd__dfxtp_1)
     2    0.01                           mem[3][0] (net)
                  0.06    0.00    0.85 ^ hold48/A (sky130_fd_sc_hd__dlygate4sd3_1)
                  0.05    0.51    1.35 ^ hold48/X (sky130_fd_sc_hd__dlygate4sd3_1)
     1    0.00                           net78 (net)
                  0.05    0.00    1.35 ^ _0771_/A0 (sky130_fd_sc_hd__mux2_1)
                  0.05    0.12    1.47 ^ _0771_/X (sky130_fd_sc_hd__mux2_1)
     1    0.00                           _0375_ (net)
                  0.05    0.00    1.47 ^ _0772_/A (sky130_fd_sc_hd__clkbuf_1)
                  0.05    0.08    1.55 ^ _0772_/X (sky130_fd_sc_hd__clkbuf_1)
     1    0.00                           _0096_ (net)
                  0.05    0.00    1.55 ^ _1002_/D (sky130_fd_sc_hd__dfxtp_1)
                                  1.55   data arrival time

                          0.00    0.00   clock w_clk (rise edge)
                          0.00    0.00   clock source latency
                  0.26    0.20    0.20 ^ w_clk (in)
     1    0.06                           w_clk (net)
                  0.26    0.00    0.20 ^ clkbuf_0_w_clk/A (sky130_fd_sc_hd__clkbuf_16)
                  0.09    0.24    0.44 ^ clkbuf_0_w_clk/X (sky130_fd_sc_hd__clkbuf_16)
    16    0.07                           clknet_0_w_clk (net)
                  0.09    0.00    0.44 ^ clkbuf_4_10_0_w_clk/A (sky130_fd_sc_hd__clkbuf_8)
                  0.06    0.16    0.60 ^ clkbuf_4_10_0_w_clk/X (sky130_fd_sc_hd__clkbuf_8)
    13    0.02                           clknet_4_10_0_w_clk (net)
                  0.06    0.00    0.60 ^ _1002_/CLK (sky130_fd_sc_hd__dfxtp_1)
                          0.25    0.85   clock uncertainty
                         -0.06    0.79   clock reconvergence pessimism
                         -0.03    0.76   library hold time
                                  0.76   data required time
-----------------------------------------------------------------------------
                                  0.76   data required time
                                 -1.55   data arrival time
-----------------------------------------------------------------------------
                                  0.78   slack (MET)


Startpoint: _1008_ (rising edge-triggered flip-flop clocked by w_clk)
Endpoint: _1008_ (rising edge-triggered flip-flop clocked by w_clk)
Path Group: w_clk
Path Type: min

Fanout     Cap    Slew   Delay    Time   Description
-----------------------------------------------------------------------------
                          0.00    0.00   clock w_clk (rise edge)
                          0.00    0.00   clock source latency
                  0.26    0.18    0.18 ^ w_clk (in)
     1    0.06                           w_clk (net)
                  0.26    0.00    0.18 ^ clkbuf_0_w_clk/A (sky130_fd_sc_hd__clkbuf_16)
                  0.09    0.22    0.40 ^ clkbuf_0_w_clk/X (sky130_fd_sc_hd__clkbuf_16)
    16    0.07                           clknet_0_w_clk (net)
                  0.09    0.00    0.40 ^ clkbuf_4_10_0_w_clk/A (sky130_fd_sc_hd__clkbuf_8)
                  0.06    0.15    0.54 ^ clkbuf_4_10_0_w_clk/X (sky130_fd_sc_hd__clkbuf_8)
    13    0.02                           clknet_4_10_0_w_clk (net)
                  0.06    0.00    0.54 ^ _1008_/CLK (sky130_fd_sc_hd__dfxtp_1)
                  0.06    0.31    0.85 ^ _1008_/Q (sky130_fd_sc_hd__dfxtp_1)
     2    0.01                           mem[3][6] (net)
                  0.06    0.00    0.85 ^ hold65/A (sky130_fd_sc_hd__dlygate4sd3_1)
                  0.05    0.51    1.36 ^ hold65/X (sky130_fd_sc_hd__dlygate4sd3_1)
     1    0.00                           net95 (net)
                  0.05    0.00    1.36 ^ _0783_/A0 (sky130_fd_sc_hd__mux2_1)
                  0.05    0.11    1.47 ^ _0783_/X (sky130_fd_sc_hd__mux2_1)
     1    0.00                           _0381_ (net)
                  0.05    0.00    1.47 ^ _0784_/A (sky130_fd_sc_hd__clkbuf_1)
                  0.05    0.08    1.55 ^ _0784_/X (sky130_fd_sc_hd__clkbuf_1)
     1    0.00                           _0102_ (net)
                  0.05    0.00    1.55 ^ _1008_/D (sky130_fd_sc_hd__dfxtp_1)
                                  1.55   data arrival time

                          0.00    0.00   clock w_clk (rise edge)
                          0.00    0.00   clock source latency
                  0.26    0.20    0.20 ^ w_clk (in)
     1    0.06                           w_clk (net)
                  0.26    0.00    0.20 ^ clkbuf_0_w_clk/A (sky130_fd_sc_hd__clkbuf_16)
                  0.09    0.24    0.44 ^ clkbuf_0_w_clk/X (sky130_fd_sc_hd__clkbuf_16)
    16    0.07                           clknet_0_w_clk (net)
                  0.09    0.00    0.44 ^ clkbuf_4_10_0_w_clk/A (sky130_fd_sc_hd__clkbuf_8)
                  0.06    0.16    0.60 ^ clkbuf_4_10_0_w_clk/X (sky130_fd_sc_hd__clkbuf_8)
    13    0.02                           clknet_4_10_0_w_clk (net)
                  0.06    0.00    0.60 ^ _1008_/CLK (sky130_fd_sc_hd__dfxtp_1)
                          0.25    0.85   clock uncertainty
                         -0.06    0.79   clock reconvergence pessimism
                         -0.03    0.76   library hold time
                                  0.76   data required time
-----------------------------------------------------------------------------
                                  0.76   data required time
                                 -1.55   data arrival time
-----------------------------------------------------------------------------
                                  0.79   slack (MET)


Startpoint: _1013_ (rising edge-triggered flip-flop clocked by w_clk)
Endpoint: _1013_ (rising edge-triggered flip-flop clocked by w_clk)
Path Group: w_clk
Path Type: min

Fanout     Cap    Slew   Delay    Time   Description
-----------------------------------------------------------------------------
                          0.00    0.00   clock w_clk (rise edge)
                          0.00    0.00   clock source latency
                  0.26    0.18    0.18 ^ w_clk (in)
     1    0.06                           w_clk (net)
                  0.26    0.00    0.18 ^ clkbuf_0_w_clk/A (sky130_fd_sc_hd__clkbuf_16)
                  0.09    0.22    0.40 ^ clkbuf_0_w_clk/X (sky130_fd_sc_hd__clkbuf_16)
    16    0.07                           clknet_0_w_clk (net)
                  0.09    0.00    0.40 ^ clkbuf_4_9_0_w_clk/A (sky130_fd_sc_hd__clkbuf_8)
                  0.05    0.14    0.54 ^ clkbuf_4_9_0_w_clk/X (sky130_fd_sc_hd__clkbuf_8)
     7    0.02                           clknet_4_9_0_w_clk (net)
                  0.05    0.00    0.54 ^ _1013_/CLK (sky130_fd_sc_hd__dfxtp_1)
                  0.07    0.31    0.85 ^ _1013_/Q (sky130_fd_sc_hd__dfxtp_1)
     2    0.01                           mem[6][3] (net)
                  0.07    0.00    0.85 ^ hold52/A (sky130_fd_sc_hd__dlygate4sd3_1)
                  0.05    0.51    1.36 ^ hold52/X (sky130_fd_sc_hd__dlygate4sd3_1)
     1    0.00                           net82 (net)
                  0.05    0.00    1.36 ^ _0795_/A0 (sky130_fd_sc_hd__mux2_1)
                  0.04    0.11    1.48 ^ _0795_/X (sky130_fd_sc_hd__mux2_1)
     1    0.00                           _0388_ (net)
                  0.04    0.00    1.48 ^ _0796_/A (sky130_fd_sc_hd__clkbuf_1)
                  0.04    0.07    1.55 ^ _0796_/X (sky130_fd_sc_hd__clkbuf_1)
     1    0.00                           _0107_ (net)
                  0.04    0.00    1.55 ^ _1013_/D (sky130_fd_sc_hd__dfxtp_1)
                                  1.55   data arrival time

                          0.00    0.00   clock w_clk (rise edge)
                          0.00    0.00   clock source latency
                  0.26    0.20    0.20 ^ w_clk (in)
     1    0.06                           w_clk (net)
                  0.26    0.00    0.20 ^ clkbuf_0_w_clk/A (sky130_fd_sc_hd__clkbuf_16)
                  0.09    0.24    0.44 ^ clkbuf_0_w_clk/X (sky130_fd_sc_hd__clkbuf_16)
    16    0.07                           clknet_0_w_clk (net)
                  0.09    0.00    0.44 ^ clkbuf_4_9_0_w_clk/A (sky130_fd_sc_hd__clkbuf_8)
                  0.05    0.16    0.60 ^ clkbuf_4_9_0_w_clk/X (sky130_fd_sc_hd__clkbuf_8)
     7    0.02                           clknet_4_9_0_w_clk (net)
                  0.05    0.00    0.60 ^ _1013_/CLK (sky130_fd_sc_hd__dfxtp_1)
                          0.25    0.85   clock uncertainty
                         -0.06    0.79   clock reconvergence pessimism
                         -0.03    0.76   library hold time
                                  0.76   data required time
-----------------------------------------------------------------------------
                                  0.76   data required time
                                 -1.55   data arrival time
-----------------------------------------------------------------------------
                                  0.79   slack (MET)


Startpoint: _0957_ (rising edge-triggered flip-flop clocked by w_clk)
Endpoint: _0957_ (rising edge-triggered flip-flop clocked by w_clk)
Path Group: w_clk
Path Type: min

Fanout     Cap    Slew   Delay    Time   Description
-----------------------------------------------------------------------------
                          0.00    0.00   clock w_clk (rise edge)
                          0.00    0.00   clock source latency
                  0.26    0.18    0.18 ^ w_clk (in)
     1    0.06                           w_clk (net)
                  0.26    0.00    0.18 ^ clkbuf_0_w_clk/A (sky130_fd_sc_hd__clkbuf_16)
                  0.09    0.22    0.40 ^ clkbuf_0_w_clk/X (sky130_fd_sc_hd__clkbuf_16)
    16    0.07                           clknet_0_w_clk (net)
                  0.09    0.00    0.40 ^ clkbuf_4_15_0_w_clk/A (sky130_fd_sc_hd__clkbuf_8)
                  0.07    0.15    0.55 ^ clkbuf_4_15_0_w_clk/X (sky130_fd_sc_hd__clkbuf_8)
    10    0.03                           clknet_4_15_0_w_clk (net)
                  0.07    0.00    0.55 ^ _0957_/CLK (sky130_fd_sc_hd__dfxtp_1)
                  0.06    0.31    0.86 ^ _0957_/Q (sky130_fd_sc_hd__dfxtp_1)
     2    0.01                           mem[11][3] (net)
                  0.06    0.00    0.86 ^ hold72/A (sky130_fd_sc_hd__dlygate4sd3_1)
                  0.05    0.51    1.36 ^ hold72/X (sky130_fd_sc_hd__dlygate4sd3_1)
     1    0.00                           net102 (net)
                  0.05    0.00    1.36 ^ _0667_/A0 (sky130_fd_sc_hd__mux2_1)
                  0.05    0.12    1.48 ^ _0667_/X (sky130_fd_sc_hd__mux2_1)
     1    0.00                           _0316_ (net)
                  0.05    0.00    1.48 ^ _0668_/A (sky130_fd_sc_hd__clkbuf_1)
                  0.04    0.08    1.56 ^ _0668_/X (sky130_fd_sc_hd__clkbuf_1)
     1    0.00                           _0051_ (net)
                  0.04    0.00    1.56 ^ _0957_/D (sky130_fd_sc_hd__dfxtp_1)
                                  1.56   data arrival time

                          0.00    0.00   clock w_clk (rise edge)
                          0.00    0.00   clock source latency
                  0.26    0.20    0.20 ^ w_clk (in)
     1    0.06                           w_clk (net)
                  0.26    0.00    0.20 ^ clkbuf_0_w_clk/A (sky130_fd_sc_hd__clkbuf_16)
                  0.09    0.24    0.44 ^ clkbuf_0_w_clk/X (sky130_fd_sc_hd__clkbuf_16)
    16    0.07                           clknet_0_w_clk (net)
                  0.09    0.00    0.44 ^ clkbuf_4_15_0_w_clk/A (sky130_fd_sc_hd__clkbuf_8)
                  0.07    0.17    0.61 ^ clkbuf_4_15_0_w_clk/X (sky130_fd_sc_hd__clkbuf_8)
    10    0.03                           clknet_4_15_0_w_clk (net)
                  0.07    0.00    0.61 ^ _0957_/CLK (sky130_fd_sc_hd__dfxtp_1)
                          0.25    0.86   clock uncertainty
                         -0.06    0.80   clock reconvergence pessimism
                         -0.03    0.77   library hold time
                                  0.77   data required time
-----------------------------------------------------------------------------
                                  0.77   data required time
                                 -1.56   data arrival time
-----------------------------------------------------------------------------
                                  0.79   slack (MET)


Startpoint: _0969_ (rising edge-triggered flip-flop clocked by w_clk)
Endpoint: _0969_ (rising edge-triggered flip-flop clocked by w_clk)
Path Group: w_clk
Path Type: min

Fanout     Cap    Slew   Delay    Time   Description
-----------------------------------------------------------------------------
                          0.00    0.00   clock w_clk (rise edge)
                          0.00    0.00   clock source latency
                  0.26    0.18    0.18 ^ w_clk (in)
     1    0.06                           w_clk (net)
                  0.26    0.00    0.18 ^ clkbuf_0_w_clk/A (sky130_fd_sc_hd__clkbuf_16)
                  0.09    0.22    0.40 ^ clkbuf_0_w_clk/X (sky130_fd_sc_hd__clkbuf_16)
    16    0.07                           clknet_0_w_clk (net)
                  0.09    0.00    0.40 ^ clkbuf_4_6_0_w_clk/A (sky130_fd_sc_hd__clkbuf_8)
                  0.05    0.14    0.54 ^ clkbuf_4_6_0_w_clk/X (sky130_fd_sc_hd__clkbuf_8)
     6    0.02                           clknet_4_6_0_w_clk (net)
                  0.05    0.00    0.54 ^ _0969_/CLK (sky130_fd_sc_hd__dfxtp_1)
                  0.06    0.30    0.84 ^ _0969_/Q (sky130_fd_sc_hd__dfxtp_1)
     2    0.01                           mem[10][7] (net)
                  0.06    0.00    0.84 ^ hold13/A (sky130_fd_sc_hd__dlygate4sd3_1)
                  0.05    0.51    1.35 ^ hold13/X (sky130_fd_sc_hd__dlygate4sd3_1)
     1    0.00                           net43 (net)
                  0.05    0.00    1.35 ^ _0695_/A0 (sky130_fd_sc_hd__mux2_1)
                  0.05    0.12    1.47 ^ _0695_/X (sky130_fd_sc_hd__mux2_1)
     1    0.00                           _0332_ (net)
                  0.05    0.00    1.47 ^ _0696_/A (sky130_fd_sc_hd__clkbuf_1)
                  0.04    0.08    1.55 ^ _0696_/X (sky130_fd_sc_hd__clkbuf_1)
     1    0.00                           _0063_ (net)
                  0.04    0.00    1.55 ^ _0969_/D (sky130_fd_sc_hd__dfxtp_1)
                                  1.55   data arrival time

                          0.00    0.00   clock w_clk (rise edge)
                          0.00    0.00   clock source latency
                  0.26    0.20    0.20 ^ w_clk (in)
     1    0.06                           w_clk (net)
                  0.26    0.00    0.20 ^ clkbuf_0_w_clk/A (sky130_fd_sc_hd__clkbuf_16)
                  0.09    0.24    0.44 ^ clkbuf_0_w_clk/X (sky130_fd_sc_hd__clkbuf_16)
    16    0.07                           clknet_0_w_clk (net)
                  0.09    0.00    0.44 ^ clkbuf_4_6_0_w_clk/A (sky130_fd_sc_hd__clkbuf_8)
                  0.05    0.16    0.60 ^ clkbuf_4_6_0_w_clk/X (sky130_fd_sc_hd__clkbuf_8)
     6    0.02                           clknet_4_6_0_w_clk (net)
                  0.05    0.00    0.60 ^ _0969_/CLK (sky130_fd_sc_hd__dfxtp_1)
                          0.25    0.85   clock uncertainty
                         -0.06    0.79   clock reconvergence pessimism
                         -0.03    0.76   library hold time
                                  0.76   data required time
-----------------------------------------------------------------------------
                                  0.76   data required time
                                 -1.55   data arrival time
-----------------------------------------------------------------------------
                                  0.79   slack (MET)


Startpoint: _0912_ (rising edge-triggered flip-flop clocked by w_clk)
Endpoint: _0912_ (rising edge-triggered flip-flop clocked by w_clk)
Path Group: w_clk
Path Type: min

Fanout     Cap    Slew   Delay    Time   Description
-----------------------------------------------------------------------------
                          0.00    0.00   clock w_clk (rise edge)
                          0.00    0.00   clock source latency
                  0.26    0.18    0.18 ^ w_clk (in)
     1    0.06                           w_clk (net)
                  0.26    0.00    0.18 ^ clkbuf_0_w_clk/A (sky130_fd_sc_hd__clkbuf_16)
                  0.09    0.22    0.40 ^ clkbuf_0_w_clk/X (sky130_fd_sc_hd__clkbuf_16)
    16    0.07                           clknet_0_w_clk (net)
                  0.09    0.00    0.40 ^ clkbuf_4_8_0_w_clk/A (sky130_fd_sc_hd__clkbuf_8)
                  0.06    0.14    0.54 ^ clkbuf_4_8_0_w_clk/X (sky130_fd_sc_hd__clkbuf_8)
    12    0.02                           clknet_4_8_0_w_clk (net)
                  0.06    0.00    0.54 ^ _0912_/CLK (sky130_fd_sc_hd__dfxtp_1)
                  0.06    0.31    0.85 ^ _0912_/Q (sky130_fd_sc_hd__dfxtp_1)
     2    0.01                           mem[5][6] (net)
                  0.06    0.00    0.85 ^ hold89/A (sky130_fd_sc_hd__dlygate4sd3_1)
                  0.05    0.51    1.35 ^ hold89/X (sky130_fd_sc_hd__dlygate4sd3_1)
     1    0.00                           net119 (net)
                  0.05    0.00    1.35 ^ _0502_/A0 (sky130_fd_sc_hd__mux2_1)
                  0.05    0.12    1.47 ^ _0502_/X (sky130_fd_sc_hd__mux2_1)
     1    0.00                           _0196_ (net)
                  0.05    0.00    1.47 ^ _0503_/A (sky130_fd_sc_hd__clkbuf_1)
                  0.04    0.07    1.55 ^ _0503_/X (sky130_fd_sc_hd__clkbuf_1)
     1    0.00                           _0006_ (net)
                  0.04    0.00    1.55 ^ _0912_/D (sky130_fd_sc_hd__dfxtp_1)
                                  1.55   data arrival time

                          0.00    0.00   clock w_clk (rise edge)
                          0.00    0.00   clock source latency
                  0.26    0.20    0.20 ^ w_clk (in)
     1    0.06                           w_clk (net)
                  0.26    0.00    0.20 ^ clkbuf_0_w_clk/A (sky130_fd_sc_hd__clkbuf_16)
                  0.09    0.24    0.44 ^ clkbuf_0_w_clk/X (sky130_fd_sc_hd__clkbuf_16)
    16    0.07                           clknet_0_w_clk (net)
                  0.09    0.00    0.44 ^ clkbuf_4_8_0_w_clk/A (sky130_fd_sc_hd__clkbuf_8)
                  0.06    0.16    0.60 ^ clkbuf_4_8_0_w_clk/X (sky130_fd_sc_hd__clkbuf_8)
    12    0.02                           clknet_4_8_0_w_clk (net)
                  0.06    0.00    0.60 ^ _0912_/CLK (sky130_fd_sc_hd__dfxtp_1)
                          0.25    0.85   clock uncertainty
                         -0.06    0.79   clock reconvergence pessimism
                         -0.03    0.76   library hold time
                                  0.76   data required time
-----------------------------------------------------------------------------
                                  0.76   data required time
                                 -1.55   data arrival time
-----------------------------------------------------------------------------
                                  0.79   slack (MET)


Startpoint: _0942_ (rising edge-triggered flip-flop clocked by w_clk)
Endpoint: _0942_ (rising edge-triggered flip-flop clocked by w_clk)
Path Group: w_clk
Path Type: min

Fanout     Cap    Slew   Delay    Time   Description
-----------------------------------------------------------------------------
                          0.00    0.00   clock w_clk (rise edge)
                          0.00    0.00   clock source latency
                  0.26    0.18    0.18 ^ w_clk (in)
     1    0.06                           w_clk (net)
                  0.26    0.00    0.18 ^ clkbuf_0_w_clk/A (sky130_fd_sc_hd__clkbuf_16)
                  0.09    0.22    0.40 ^ clkbuf_0_w_clk/X (sky130_fd_sc_hd__clkbuf_16)
    16    0.07                           clknet_0_w_clk (net)
                  0.09    0.00    0.40 ^ clkbuf_4_13_0_w_clk/A (sky130_fd_sc_hd__clkbuf_8)
                  0.10    0.18    0.57 ^ clkbuf_4_13_0_w_clk/X (sky130_fd_sc_hd__clkbuf_8)
    17    0.05                           clknet_4_13_0_w_clk (net)
                  0.10    0.00    0.57 ^ _0942_/CLK (sky130_fd_sc_hd__dfxtp_1)
                  0.05    0.31    0.88 ^ _0942_/Q (sky130_fd_sc_hd__dfxtp_1)
     2    0.00                           mem[13][4] (net)
                  0.05    0.00    0.88 ^ hold125/A (sky130_fd_sc_hd__dlygate4sd3_1)
                  0.05    0.51    1.39 ^ hold125/X (sky130_fd_sc_hd__dlygate4sd3_1)
     1    0.00                           net155 (net)
                  0.05    0.00    1.39 ^ _0633_/A0 (sky130_fd_sc_hd__mux2_1)
                  0.05    0.12    1.50 ^ _0633_/X (sky130_fd_sc_hd__mux2_1)
     1    0.00                           _0297_ (net)
                  0.05    0.00    1.50 ^ _0634_/A (sky130_fd_sc_hd__clkbuf_1)
                  0.05    0.08    1.58 ^ _0634_/X (sky130_fd_sc_hd__clkbuf_1)
     1    0.00                           _0036_ (net)
                  0.05    0.00    1.58 ^ _0942_/D (sky130_fd_sc_hd__dfxtp_1)
                                  1.58   data arrival time

                          0.00    0.00   clock w_clk (rise edge)
                          0.00    0.00   clock source latency
                  0.26    0.20    0.20 ^ w_clk (in)
     1    0.06                           w_clk (net)
                  0.26    0.00    0.20 ^ clkbuf_0_w_clk/A (sky130_fd_sc_hd__clkbuf_16)
                  0.09    0.24    0.44 ^ clkbuf_0_w_clk/X (sky130_fd_sc_hd__clkbuf_16)
    16    0.07                           clknet_0_w_clk (net)
                  0.09    0.00    0.44 ^ clkbuf_4_13_0_w_clk/A (sky130_fd_sc_hd__clkbuf_8)
                  0.10    0.19    0.63 ^ clkbuf_4_13_0_w_clk/X (sky130_fd_sc_hd__clkbuf_8)
    17    0.05                           clknet_4_13_0_w_clk (net)
                  0.10    0.00    0.63 ^ _0942_/CLK (sky130_fd_sc_hd__dfxtp_1)
                          0.25    0.88   clock uncertainty
                         -0.06    0.82   clock reconvergence pessimism
                         -0.03    0.80   library hold time
                                  0.80   data required time
-----------------------------------------------------------------------------
                                  0.80   data required time
                                 -1.58   data arrival time
-----------------------------------------------------------------------------
                                  0.79   slack (MET)


Startpoint: _1062_ (rising edge-triggered flip-flop clocked by w_clk)
Endpoint: _0965_ (rising edge-triggered flip-flop clocked by w_clk)
Path Group: w_clk
Path Type: min

Fanout     Cap    Slew   Delay    Time   Description
-----------------------------------------------------------------------------
                          0.00    0.00   clock w_clk (rise edge)
                          0.00    0.00   clock source latency
                  0.26    0.18    0.18 ^ w_clk (in)
     1    0.06                           w_clk (net)
                  0.26    0.00    0.18 ^ clkbuf_0_w_clk/A (sky130_fd_sc_hd__clkbuf_16)
                  0.09    0.22    0.40 ^ clkbuf_0_w_clk/X (sky130_fd_sc_hd__clkbuf_16)
    16    0.07                           clknet_0_w_clk (net)
                  0.09    0.00    0.40 ^ clkbuf_4_6_0_w_clk/A (sky130_fd_sc_hd__clkbuf_8)
                  0.05    0.14    0.54 ^ clkbuf_4_6_0_w_clk/X (sky130_fd_sc_hd__clkbuf_8)
     6    0.02                           clknet_4_6_0_w_clk (net)
                  0.05    0.00    0.54 ^ _1062_/CLK (sky130_fd_sc_hd__dfrtp_4)
                  0.12    0.44    0.98 ^ _1062_/Q (sky130_fd_sc_hd__dfrtp_4)
    12    0.03                           w_ptr_b[2] (net)
                  0.12    0.00    0.98 ^ _0678_/B (sky130_fd_sc_hd__or2_1)
                  0.09    0.14    1.12 ^ _0678_/X (sky130_fd_sc_hd__or2_1)
     3    0.01                           _0322_ (net)
                  0.09    0.00    1.12 ^ _0679_/B (sky130_fd_sc_hd__nor2_1)
                  0.04    0.06    1.18 v _0679_/Y (sky130_fd_sc_hd__nor2_1)
     1    0.01                           _0323_ (net)
                  0.04    0.00    1.18 v _0680_/B1 (sky130_fd_sc_hd__o211a_4)
                  0.06    0.16    1.34 v _0680_/X (sky130_fd_sc_hd__o211a_4)
     8    0.03                           _0324_ (net)
                  0.06    0.00    1.34 v _0687_/S (sky130_fd_sc_hd__mux2_1)
                  0.05    0.19    1.53 ^ _0687_/X (sky130_fd_sc_hd__mux2_1)
     1    0.00                           _0328_ (net)
                  0.05    0.00    1.53 ^ _0688_/A (sky130_fd_sc_hd__clkbuf_1)
                  0.04    0.08    1.60 ^ _0688_/X (sky130_fd_sc_hd__clkbuf_1)
     1    0.00                           _0059_ (net)
                  0.04    0.00    1.60 ^ _0965_/D (sky130_fd_sc_hd__dfxtp_1)
                                  1.60   data arrival time

                          0.00    0.00   clock w_clk (rise edge)
                          0.00    0.00   clock source latency
                  0.26    0.20    0.20 ^ w_clk (in)
     1    0.06                           w_clk (net)
                  0.26    0.00    0.20 ^ clkbuf_0_w_clk/A (sky130_fd_sc_hd__clkbuf_16)
                  0.09    0.24    0.44 ^ clkbuf_0_w_clk/X (sky130_fd_sc_hd__clkbuf_16)
    16    0.07                           clknet_0_w_clk (net)
                  0.09    0.00    0.44 ^ clkbuf_4_13_0_w_clk/A (sky130_fd_sc_hd__clkbuf_8)
                  0.10    0.19    0.63 ^ clkbuf_4_13_0_w_clk/X (sky130_fd_sc_hd__clkbuf_8)
    17    0.05                           clknet_4_13_0_w_clk (net)
                  0.10    0.00    0.63 ^ _0965_/CLK (sky130_fd_sc_hd__dfxtp_1)
                          0.25    0.88   clock uncertainty
                         -0.04    0.84   clock reconvergence pessimism
                         -0.02    0.82   library hold time
                                  0.82   data required time
-----------------------------------------------------------------------------
                                  0.82   data required time
                                 -1.60   data arrival time
-----------------------------------------------------------------------------
                                  0.79   slack (MET)


Startpoint: _0909_ (rising edge-triggered flip-flop clocked by w_clk)
Endpoint: _0909_ (rising edge-triggered flip-flop clocked by w_clk)
Path Group: w_clk
Path Type: min

Fanout     Cap    Slew   Delay    Time   Description
-----------------------------------------------------------------------------
                          0.00    0.00   clock w_clk (rise edge)
                          0.00    0.00   clock source latency
                  0.26    0.18    0.18 ^ w_clk (in)
     1    0.06                           w_clk (net)
                  0.26    0.00    0.18 ^ clkbuf_0_w_clk/A (sky130_fd_sc_hd__clkbuf_16)
                  0.09    0.22    0.40 ^ clkbuf_0_w_clk/X (sky130_fd_sc_hd__clkbuf_16)
    16    0.07                           clknet_0_w_clk (net)
                  0.09    0.00    0.40 ^ clkbuf_4_9_0_w_clk/A (sky130_fd_sc_hd__clkbuf_8)
                  0.05    0.14    0.54 ^ clkbuf_4_9_0_w_clk/X (sky130_fd_sc_hd__clkbuf_8)
     7    0.02                           clknet_4_9_0_w_clk (net)
                  0.05    0.00    0.54 ^ _0909_/CLK (sky130_fd_sc_hd__dfxtp_1)
                  0.06    0.30    0.84 ^ _0909_/Q (sky130_fd_sc_hd__dfxtp_1)
     2    0.01                           mem[5][3] (net)
                  0.06    0.00    0.84 ^ hold11/A (sky130_fd_sc_hd__dlygate4sd3_1)
                  0.06    0.52    1.36 ^ hold11/X (sky130_fd_sc_hd__dlygate4sd3_1)
     1    0.00                           net41 (net)
                  0.06    0.00    1.36 ^ _0496_/A0 (sky130_fd_sc_hd__mux2_1)
                  0.04    0.11    1.47 ^ _0496_/X (sky130_fd_sc_hd__mux2_1)
     1    0.00                           _0193_ (net)
                  0.04    0.00    1.47 ^ _0497_/A (sky130_fd_sc_hd__clkbuf_1)
                  0.04    0.08    1.55 ^ _0497_/X (sky130_fd_sc_hd__clkbuf_1)
     1    0.00                           _0003_ (net)
                  0.04    0.00    1.55 ^ _0909_/D (sky130_fd_sc_hd__dfxtp_1)
                                  1.55   data arrival time

                          0.00    0.00   clock w_clk (rise edge)
                          0.00    0.00   clock source latency
                  0.26    0.20    0.20 ^ w_clk (in)
     1    0.06                           w_clk (net)
                  0.26    0.00    0.20 ^ clkbuf_0_w_clk/A (sky130_fd_sc_hd__clkbuf_16)
                  0.09    0.24    0.44 ^ clkbuf_0_w_clk/X (sky130_fd_sc_hd__clkbuf_16)
    16    0.07                           clknet_0_w_clk (net)
                  0.09    0.00    0.44 ^ clkbuf_4_9_0_w_clk/A (sky130_fd_sc_hd__clkbuf_8)
                  0.05    0.16    0.60 ^ clkbuf_4_9_0_w_clk/X (sky130_fd_sc_hd__clkbuf_8)
     7    0.02                           clknet_4_9_0_w_clk (net)
                  0.05    0.00    0.60 ^ _0909_/CLK (sky130_fd_sc_hd__dfxtp_1)
                          0.25    0.85   clock uncertainty
                         -0.06    0.79   clock reconvergence pessimism
                         -0.03    0.76   library hold time
                                  0.76   data required time
-----------------------------------------------------------------------------
                                  0.76   data required time
                                 -1.55   data arrival time
-----------------------------------------------------------------------------
                                  0.79   slack (MET)


Startpoint: _0928_ (rising edge-triggered flip-flop clocked by w_clk)
Endpoint: _0928_ (rising edge-triggered flip-flop clocked by w_clk)
Path Group: w_clk
Path Type: min

Fanout     Cap    Slew   Delay    Time   Description
-----------------------------------------------------------------------------
                          0.00    0.00   clock w_clk (rise edge)
                          0.00    0.00   clock source latency
                  0.26    0.18    0.18 ^ w_clk (in)
     1    0.06                           w_clk (net)
                  0.26    0.00    0.18 ^ clkbuf_0_w_clk/A (sky130_fd_sc_hd__clkbuf_16)
                  0.09    0.22    0.40 ^ clkbuf_0_w_clk/X (sky130_fd_sc_hd__clkbuf_16)
    16    0.07                           clknet_0_w_clk (net)
                  0.09    0.00    0.40 ^ clkbuf_4_14_0_w_clk/A (sky130_fd_sc_hd__clkbuf_8)
                  0.06    0.14    0.54 ^ clkbuf_4_14_0_w_clk/X (sky130_fd_sc_hd__clkbuf_8)
     8    0.02                           clknet_4_14_0_w_clk (net)
                  0.06    0.00    0.54 ^ _0928_/CLK (sky130_fd_sc_hd__dfxtp_1)
                  0.06    0.30    0.84 ^ _0928_/Q (sky130_fd_sc_hd__dfxtp_1)
     2    0.00                           mem[14][6] (net)
                  0.06    0.00    0.84 ^ hold16/A (sky130_fd_sc_hd__dlygate4sd3_1)
                  0.05    0.51    1.35 ^ hold16/X (sky130_fd_sc_hd__dlygate4sd3_1)
     1    0.00                           net46 (net)
                  0.05    0.00    1.35 ^ _0600_/A0 (sky130_fd_sc_hd__mux2_1)
                  0.05    0.12    1.47 ^ _0600_/X (sky130_fd_sc_hd__mux2_1)
     1    0.00                           _0278_ (net)
                  0.05    0.00    1.47 ^ _0601_/A (sky130_fd_sc_hd__clkbuf_1)
                  0.05    0.08    1.55 ^ _0601_/X (sky130_fd_sc_hd__clkbuf_1)
     1    0.00                           _0022_ (net)
                  0.05    0.00    1.55 ^ _0928_/D (sky130_fd_sc_hd__dfxtp_1)
                                  1.55   data arrival time

                          0.00    0.00   clock w_clk (rise edge)
                          0.00    0.00   clock source latency
                  0.26    0.20    0.20 ^ w_clk (in)
     1    0.06                           w_clk (net)
                  0.26    0.00    0.20 ^ clkbuf_0_w_clk/A (sky130_fd_sc_hd__clkbuf_16)
                  0.09    0.24    0.44 ^ clkbuf_0_w_clk/X (sky130_fd_sc_hd__clkbuf_16)
    16    0.07                           clknet_0_w_clk (net)
                  0.09    0.00    0.44 ^ clkbuf_4_14_0_w_clk/A (sky130_fd_sc_hd__clkbuf_8)
                  0.06    0.16    0.60 ^ clkbuf_4_14_0_w_clk/X (sky130_fd_sc_hd__clkbuf_8)
     8    0.02                           clknet_4_14_0_w_clk (net)
                  0.06    0.00    0.60 ^ _0928_/CLK (sky130_fd_sc_hd__dfxtp_1)
                          0.25    0.85   clock uncertainty
                         -0.06    0.79   clock reconvergence pessimism
                         -0.03    0.76   library hold time
                                  0.76   data required time
-----------------------------------------------------------------------------
                                  0.76   data required time
                                 -1.55   data arrival time
-----------------------------------------------------------------------------
                                  0.79   slack (MET)


Startpoint: _0922_ (rising edge-triggered flip-flop clocked by w_clk)
Endpoint: _0922_ (rising edge-triggered flip-flop clocked by w_clk)
Path Group: w_clk
Path Type: min

Fanout     Cap    Slew   Delay    Time   Description
-----------------------------------------------------------------------------
                          0.00    0.00   clock w_clk (rise edge)
                          0.00    0.00   clock source latency
                  0.26    0.18    0.18 ^ w_clk (in)
     1    0.06                           w_clk (net)
                  0.26    0.00    0.18 ^ clkbuf_0_w_clk/A (sky130_fd_sc_hd__clkbuf_16)
                  0.09    0.22    0.40 ^ clkbuf_0_w_clk/X (sky130_fd_sc_hd__clkbuf_16)
    16    0.07                           clknet_0_w_clk (net)
                  0.09    0.00    0.40 ^ clkbuf_4_14_0_w_clk/A (sky130_fd_sc_hd__clkbuf_8)
                  0.06    0.14    0.54 ^ clkbuf_4_14_0_w_clk/X (sky130_fd_sc_hd__clkbuf_8)
     8    0.02                           clknet_4_14_0_w_clk (net)
                  0.06    0.00    0.54 ^ _0922_/CLK (sky130_fd_sc_hd__dfxtp_1)
                  0.07    0.31    0.85 ^ _0922_/Q (sky130_fd_sc_hd__dfxtp_1)
     2    0.01                           mem[14][0] (net)
                  0.07    0.00    0.85 ^ hold71/A (sky130_fd_sc_hd__dlygate4sd3_1)
                  0.05    0.51    1.37 ^ hold71/X (sky130_fd_sc_hd__dlygate4sd3_1)
     1    0.00                           net101 (net)
                  0.05    0.00    1.37 ^ _0588_/A0 (sky130_fd_sc_hd__mux2_1)
                  0.04    0.11    1.48 ^ _0588_/X (sky130_fd_sc_hd__mux2_1)
     1    0.00                           _0272_ (net)
                  0.04    0.00    1.48 ^ _0589_/A (sky130_fd_sc_hd__clkbuf_1)
                  0.04    0.07    1.55 ^ _0589_/X (sky130_fd_sc_hd__clkbuf_1)
     1    0.00                           _0016_ (net)
                  0.04    0.00    1.55 ^ _0922_/D (sky130_fd_sc_hd__dfxtp_1)
                                  1.55   data arrival time

                          0.00    0.00   clock w_clk (rise edge)
                          0.00    0.00   clock source latency
                  0.26    0.20    0.20 ^ w_clk (in)
     1    0.06                           w_clk (net)
                  0.26    0.00    0.20 ^ clkbuf_0_w_clk/A (sky130_fd_sc_hd__clkbuf_16)
                  0.09    0.24    0.44 ^ clkbuf_0_w_clk/X (sky130_fd_sc_hd__clkbuf_16)
    16    0.07                           clknet_0_w_clk (net)
                  0.09    0.00    0.44 ^ clkbuf_4_14_0_w_clk/A (sky130_fd_sc_hd__clkbuf_8)
                  0.06    0.16    0.60 ^ clkbuf_4_14_0_w_clk/X (sky130_fd_sc_hd__clkbuf_8)
     8    0.02                           clknet_4_14_0_w_clk (net)
                  0.06    0.00    0.60 ^ _0922_/CLK (sky130_fd_sc_hd__dfxtp_1)
                          0.25    0.85   clock uncertainty
                         -0.06    0.79   clock reconvergence pessimism
                         -0.03    0.76   library hold time
                                  0.76   data required time
-----------------------------------------------------------------------------
                                  0.76   data required time
                                 -1.55   data arrival time
-----------------------------------------------------------------------------
                                  0.79   slack (MET)


Startpoint: _1012_ (rising edge-triggered flip-flop clocked by w_clk)
Endpoint: _1012_ (rising edge-triggered flip-flop clocked by w_clk)
Path Group: w_clk
Path Type: min

Fanout     Cap    Slew   Delay    Time   Description
-----------------------------------------------------------------------------
                          0.00    0.00   clock w_clk (rise edge)
                          0.00    0.00   clock source latency
                  0.26    0.18    0.18 ^ w_clk (in)
     1    0.06                           w_clk (net)
                  0.26    0.00    0.18 ^ clkbuf_0_w_clk/A (sky130_fd_sc_hd__clkbuf_16)
                  0.09    0.22    0.40 ^ clkbuf_0_w_clk/X (sky130_fd_sc_hd__clkbuf_16)
    16    0.07                           clknet_0_w_clk (net)
                  0.09    0.00    0.40 ^ clkbuf_4_0_0_w_clk/A (sky130_fd_sc_hd__clkbuf_8)
                  0.04    0.13    0.53 ^ clkbuf_4_0_0_w_clk/X (sky130_fd_sc_hd__clkbuf_8)
     6    0.01                           clknet_4_0_0_w_clk (net)
                  0.04    0.00    0.53 ^ _1012_/CLK (sky130_fd_sc_hd__dfxtp_1)
                  0.07    0.30    0.83 ^ _1012_/Q (sky130_fd_sc_hd__dfxtp_1)
     2    0.01                           mem[6][2] (net)
                  0.07    0.00    0.83 ^ hold56/A (sky130_fd_sc_hd__dlygate4sd3_1)
                  0.05    0.51    1.34 ^ hold56/X (sky130_fd_sc_hd__dlygate4sd3_1)
     1    0.00                           net86 (net)
                  0.05    0.00    1.34 ^ _0793_/A0 (sky130_fd_sc_hd__mux2_1)
                  0.04    0.11    1.45 ^ _0793_/X (sky130_fd_sc_hd__mux2_1)
     1    0.00                           _0387_ (net)
                  0.04    0.00    1.45 ^ _0794_/A (sky130_fd_sc_hd__clkbuf_1)
                  0.05    0.08    1.53 ^ _0794_/X (sky130_fd_sc_hd__clkbuf_1)
     1    0.00                           _0106_ (net)
                  0.05    0.00    1.53 ^ _1012_/D (sky130_fd_sc_hd__dfxtp_1)
                                  1.53   data arrival time

                          0.00    0.00   clock w_clk (rise edge)
                          0.00    0.00   clock source latency
                  0.26    0.20    0.20 ^ w_clk (in)
     1    0.06                           w_clk (net)
                  0.26    0.00    0.20 ^ clkbuf_0_w_clk/A (sky130_fd_sc_hd__clkbuf_16)
                  0.09    0.24    0.44 ^ clkbuf_0_w_clk/X (sky130_fd_sc_hd__clkbuf_16)
    16    0.07                           clknet_0_w_clk (net)
                  0.09    0.00    0.44 ^ clkbuf_4_0_0_w_clk/A (sky130_fd_sc_hd__clkbuf_8)
                  0.04    0.14    0.58 ^ clkbuf_4_0_0_w_clk/X (sky130_fd_sc_hd__clkbuf_8)
     6    0.01                           clknet_4_0_0_w_clk (net)
                  0.04    0.00    0.58 ^ _1012_/CLK (sky130_fd_sc_hd__dfxtp_1)
                          0.25    0.83   clock uncertainty
                         -0.06    0.78   clock reconvergence pessimism
                         -0.03    0.74   library hold time
                                  0.74   data required time
-----------------------------------------------------------------------------
                                  0.74   data required time
                                 -1.53   data arrival time
-----------------------------------------------------------------------------
                                  0.79   slack (MET)


Startpoint: _0910_ (rising edge-triggered flip-flop clocked by w_clk)
Endpoint: _0910_ (rising edge-triggered flip-flop clocked by w_clk)
Path Group: w_clk
Path Type: min

Fanout     Cap    Slew   Delay    Time   Description
-----------------------------------------------------------------------------
                          0.00    0.00   clock w_clk (rise edge)
                          0.00    0.00   clock source latency
                  0.26    0.18    0.18 ^ w_clk (in)
     1    0.06                           w_clk (net)
                  0.26    0.00    0.18 ^ clkbuf_0_w_clk/A (sky130_fd_sc_hd__clkbuf_16)
                  0.09    0.22    0.40 ^ clkbuf_0_w_clk/X (sky130_fd_sc_hd__clkbuf_16)
    16    0.07                           clknet_0_w_clk (net)
                  0.09    0.00    0.40 ^ clkbuf_4_2_0_w_clk/A (sky130_fd_sc_hd__clkbuf_8)
                  0.07    0.15    0.55 ^ clkbuf_4_2_0_w_clk/X (sky130_fd_sc_hd__clkbuf_8)
    10    0.03                           clknet_4_2_0_w_clk (net)
                  0.07    0.00    0.55 ^ _0910_/CLK (sky130_fd_sc_hd__dfxtp_1)
                  0.06    0.31    0.86 ^ _0910_/Q (sky130_fd_sc_hd__dfxtp_1)
     2    0.01                           mem[5][4] (net)
                  0.06    0.00    0.86 ^ hold15/A (sky130_fd_sc_hd__dlygate4sd3_1)
                  0.05    0.51    1.37 ^ hold15/X (sky130_fd_sc_hd__dlygate4sd3_1)
     1    0.00                           net45 (net)
                  0.05    0.00    1.37 ^ _0498_/A0 (sky130_fd_sc_hd__mux2_1)
                  0.05    0.12    1.49 ^ _0498_/X (sky130_fd_sc_hd__mux2_1)
     1    0.00                           _0194_ (net)
                  0.05    0.00    1.49 ^ _0499_/A (sky130_fd_sc_hd__clkbuf_1)
                  0.04    0.07    1.56 ^ _0499_/X (sky130_fd_sc_hd__clkbuf_1)
     1    0.00                           _0004_ (net)
                  0.04    0.00    1.56 ^ _0910_/D (sky130_fd_sc_hd__dfxtp_1)
                                  1.56   data arrival time

                          0.00    0.00   clock w_clk (rise edge)
                          0.00    0.00   clock source latency
                  0.26    0.20    0.20 ^ w_clk (in)
     1    0.06                           w_clk (net)
                  0.26    0.00    0.20 ^ clkbuf_0_w_clk/A (sky130_fd_sc_hd__clkbuf_16)
                  0.09    0.24    0.44 ^ clkbuf_0_w_clk/X (sky130_fd_sc_hd__clkbuf_16)
    16    0.07                           clknet_0_w_clk (net)
                  0.09    0.00    0.44 ^ clkbuf_4_2_0_w_clk/A (sky130_fd_sc_hd__clkbuf_8)
                  0.07    0.17    0.61 ^ clkbuf_4_2_0_w_clk/X (sky130_fd_sc_hd__clkbuf_8)
    10    0.03                           clknet_4_2_0_w_clk (net)
                  0.07    0.00    0.61 ^ _0910_/CLK (sky130_fd_sc_hd__dfxtp_1)
                          0.25    0.86   clock uncertainty
                         -0.06    0.80   clock reconvergence pessimism
                         -0.03    0.77   library hold time
                                  0.77   data required time
-----------------------------------------------------------------------------
                                  0.77   data required time
                                 -1.56   data arrival time
-----------------------------------------------------------------------------
                                  0.79   slack (MET)


Startpoint: _0970_ (rising edge-triggered flip-flop clocked by w_clk)
Endpoint: _0970_ (rising edge-triggered flip-flop clocked by w_clk)
Path Group: w_clk
Path Type: min

Fanout     Cap    Slew   Delay    Time   Description
-----------------------------------------------------------------------------
                          0.00    0.00   clock w_clk (rise edge)
                          0.00    0.00   clock source latency
                  0.26    0.18    0.18 ^ w_clk (in)
     1    0.06                           w_clk (net)
                  0.26    0.00    0.18 ^ clkbuf_0_w_clk/A (sky130_fd_sc_hd__clkbuf_16)
                  0.09    0.22    0.40 ^ clkbuf_0_w_clk/X (sky130_fd_sc_hd__clkbuf_16)
    16    0.07                           clknet_0_w_clk (net)
                  0.09    0.00    0.40 ^ clkbuf_4_10_0_w_clk/A (sky130_fd_sc_hd__clkbuf_8)
                  0.06    0.15    0.54 ^ clkbuf_4_10_0_w_clk/X (sky130_fd_sc_hd__clkbuf_8)
    13    0.02                           clknet_4_10_0_w_clk (net)
                  0.06    0.00    0.54 ^ _0970_/CLK (sky130_fd_sc_hd__dfxtp_1)
                  0.07    0.31    0.85 ^ _0970_/Q (sky130_fd_sc_hd__dfxtp_1)
     2    0.01                           mem[0][0] (net)
                  0.07    0.00    0.85 ^ hold43/A (sky130_fd_sc_hd__dlygate4sd3_1)
                  0.05    0.51    1.37 ^ hold43/X (sky130_fd_sc_hd__dlygate4sd3_1)
     1    0.00                           net73 (net)
                  0.05    0.00    1.37 ^ _0700_/A0 (sky130_fd_sc_hd__mux2_1)
                  0.05    0.12    1.48 ^ _0700_/X (sky130_fd_sc_hd__mux2_1)
     1    0.00                           _0336_ (net)
                  0.05    0.00    1.48 ^ _0701_/A (sky130_fd_sc_hd__clkbuf_1)
                  0.04    0.07    1.55 ^ _0701_/X (sky130_fd_sc_hd__clkbuf_1)
     1    0.00                           _0064_ (net)
                  0.04    0.00    1.55 ^ _0970_/D (sky130_fd_sc_hd__dfxtp_1)
                                  1.55   data arrival time

                          0.00    0.00   clock w_clk (rise edge)
                          0.00    0.00   clock source latency
                  0.26    0.20    0.20 ^ w_clk (in)
     1    0.06                           w_clk (net)
                  0.26    0.00    0.20 ^ clkbuf_0_w_clk/A (sky130_fd_sc_hd__clkbuf_16)
                  0.09    0.24    0.44 ^ clkbuf_0_w_clk/X (sky130_fd_sc_hd__clkbuf_16)
    16    0.07                           clknet_0_w_clk (net)
                  0.09    0.00    0.44 ^ clkbuf_4_10_0_w_clk/A (sky130_fd_sc_hd__clkbuf_8)
                  0.06    0.16    0.60 ^ clkbuf_4_10_0_w_clk/X (sky130_fd_sc_hd__clkbuf_8)
    13    0.02                           clknet_4_10_0_w_clk (net)
                  0.06    0.00    0.60 ^ _0970_/CLK (sky130_fd_sc_hd__dfxtp_1)
                          0.25    0.85   clock uncertainty
                         -0.06    0.79   clock reconvergence pessimism
                         -0.03    0.77   library hold time
                                  0.77   data required time
-----------------------------------------------------------------------------
                                  0.77   data required time
                                 -1.55   data arrival time
-----------------------------------------------------------------------------
                                  0.79   slack (MET)


Startpoint: _0932_ (rising edge-triggered flip-flop clocked by w_clk)
Endpoint: _0932_ (rising edge-triggered flip-flop clocked by w_clk)
Path Group: w_clk
Path Type: min

Fanout     Cap    Slew   Delay    Time   Description
-----------------------------------------------------------------------------
                          0.00    0.00   clock w_clk (rise edge)
                          0.00    0.00   clock source latency
                  0.26    0.18    0.18 ^ w_clk (in)
     1    0.06                           w_clk (net)
                  0.26    0.00    0.18 ^ clkbuf_0_w_clk/A (sky130_fd_sc_hd__clkbuf_16)
                  0.09    0.22    0.40 ^ clkbuf_0_w_clk/X (sky130_fd_sc_hd__clkbuf_16)
    16    0.07                           clknet_0_w_clk (net)
                  0.09    0.00    0.40 ^ clkbuf_4_2_0_w_clk/A (sky130_fd_sc_hd__clkbuf_8)
                  0.07    0.15    0.55 ^ clkbuf_4_2_0_w_clk/X (sky130_fd_sc_hd__clkbuf_8)
    10    0.03                           clknet_4_2_0_w_clk (net)
                  0.07    0.00    0.55 ^ _0932_/CLK (sky130_fd_sc_hd__dfxtp_1)
                  0.06    0.31    0.86 ^ _0932_/Q (sky130_fd_sc_hd__dfxtp_1)
     2    0.00                           mem[1][2] (net)
                  0.06    0.00    0.86 ^ hold88/A (sky130_fd_sc_hd__dlygate4sd3_1)
                  0.05    0.51    1.36 ^ hold88/X (sky130_fd_sc_hd__dlygate4sd3_1)
     1    0.00                           net118 (net)
                  0.05    0.00    1.36 ^ _0611_/A0 (sky130_fd_sc_hd__mux2_1)
                  0.05    0.12    1.48 ^ _0611_/X (sky130_fd_sc_hd__mux2_1)
     1    0.00                           _0285_ (net)
                  0.05    0.00    1.48 ^ _0612_/A (sky130_fd_sc_hd__clkbuf_1)
                  0.05    0.08    1.56 ^ _0612_/X (sky130_fd_sc_hd__clkbuf_1)
     1    0.00                           _0026_ (net)
                  0.05    0.00    1.56 ^ _0932_/D (sky130_fd_sc_hd__dfxtp_1)
                                  1.56   data arrival time

                          0.00    0.00   clock w_clk (rise edge)
                          0.00    0.00   clock source latency
                  0.26    0.20    0.20 ^ w_clk (in)
     1    0.06                           w_clk (net)
                  0.26    0.00    0.20 ^ clkbuf_0_w_clk/A (sky130_fd_sc_hd__clkbuf_16)
                  0.09    0.24    0.44 ^ clkbuf_0_w_clk/X (sky130_fd_sc_hd__clkbuf_16)
    16    0.07                           clknet_0_w_clk (net)
                  0.09    0.00    0.44 ^ clkbuf_4_2_0_w_clk/A (sky130_fd_sc_hd__clkbuf_8)
                  0.07    0.17    0.61 ^ clkbuf_4_2_0_w_clk/X (sky130_fd_sc_hd__clkbuf_8)
    10    0.03                           clknet_4_2_0_w_clk (net)
                  0.07    0.00    0.61 ^ _0932_/CLK (sky130_fd_sc_hd__dfxtp_1)
                          0.25    0.86   clock uncertainty
                         -0.06    0.80   clock reconvergence pessimism
                         -0.03    0.77   library hold time
                                  0.77   data required time
-----------------------------------------------------------------------------
                                  0.77   data required time
                                 -1.56   data arrival time
-----------------------------------------------------------------------------
                                  0.79   slack (MET)


Startpoint: _1017_ (rising edge-triggered flip-flop clocked by w_clk)
Endpoint: _1017_ (rising edge-triggered flip-flop clocked by w_clk)
Path Group: w_clk
Path Type: min

Fanout     Cap    Slew   Delay    Time   Description
-----------------------------------------------------------------------------
                          0.00    0.00   clock w_clk (rise edge)
                          0.00    0.00   clock source latency
                  0.26    0.18    0.18 ^ w_clk (in)
     1    0.06                           w_clk (net)
                  0.26    0.00    0.18 ^ clkbuf_0_w_clk/A (sky130_fd_sc_hd__clkbuf_16)
                  0.09    0.22    0.40 ^ clkbuf_0_w_clk/X (sky130_fd_sc_hd__clkbuf_16)
    16    0.07                           clknet_0_w_clk (net)
                  0.09    0.00    0.40 ^ clkbuf_4_1_0_w_clk/A (sky130_fd_sc_hd__clkbuf_8)
                  0.05    0.14    0.54 ^ clkbuf_4_1_0_w_clk/X (sky130_fd_sc_hd__clkbuf_8)
     7    0.02                           clknet_4_1_0_w_clk (net)
                  0.05    0.00    0.54 ^ _1017_/CLK (sky130_fd_sc_hd__dfxtp_1)
                  0.06    0.30    0.84 ^ _1017_/Q (sky130_fd_sc_hd__dfxtp_1)
     2    0.01                           mem[6][7] (net)
                  0.06    0.00    0.84 ^ hold107/A (sky130_fd_sc_hd__dlygate4sd3_1)
                  0.05    0.51    1.35 ^ hold107/X (sky130_fd_sc_hd__dlygate4sd3_1)
     1    0.00                           net137 (net)
                  0.05    0.00    1.35 ^ _0803_/A0 (sky130_fd_sc_hd__mux2_1)
                  0.05    0.12    1.47 ^ _0803_/X (sky130_fd_sc_hd__mux2_1)
     1    0.00                           _0392_ (net)
                  0.05    0.00    1.47 ^ _0804_/A (sky130_fd_sc_hd__clkbuf_1)
                  0.04    0.08    1.55 ^ _0804_/X (sky130_fd_sc_hd__clkbuf_1)
     1    0.00                           _0111_ (net)
                  0.04    0.00    1.55 ^ _1017_/D (sky130_fd_sc_hd__dfxtp_1)
                                  1.55   data arrival time

                          0.00    0.00   clock w_clk (rise edge)
                          0.00    0.00   clock source latency
                  0.26    0.20    0.20 ^ w_clk (in)
     1    0.06                           w_clk (net)
                  0.26    0.00    0.20 ^ clkbuf_0_w_clk/A (sky130_fd_sc_hd__clkbuf_16)
                  0.09    0.24    0.44 ^ clkbuf_0_w_clk/X (sky130_fd_sc_hd__clkbuf_16)
    16    0.07                           clknet_0_w_clk (net)
                  0.09    0.00    0.44 ^ clkbuf_4_1_0_w_clk/A (sky130_fd_sc_hd__clkbuf_8)
                  0.05    0.16    0.60 ^ clkbuf_4_1_0_w_clk/X (sky130_fd_sc_hd__clkbuf_8)
     7    0.02                           clknet_4_1_0_w_clk (net)
                  0.05    0.00    0.60 ^ _1017_/CLK (sky130_fd_sc_hd__dfxtp_1)
                          0.25    0.85   clock uncertainty
                         -0.06    0.79   clock reconvergence pessimism
                         -0.03    0.76   library hold time
                                  0.76   data required time
-----------------------------------------------------------------------------
                                  0.76   data required time
                                 -1.55   data arrival time
-----------------------------------------------------------------------------
                                  0.79   slack (MET)


Startpoint: _1027_ (rising edge-triggered flip-flop clocked by w_clk)
Endpoint: _1027_ (rising edge-triggered flip-flop clocked by w_clk)
Path Group: w_clk
Path Type: min

Fanout     Cap    Slew   Delay    Time   Description
-----------------------------------------------------------------------------
                          0.00    0.00   clock w_clk (rise edge)
                          0.00    0.00   clock source latency
                  0.26    0.18    0.18 ^ w_clk (in)
     1    0.06                           w_clk (net)
                  0.26    0.00    0.18 ^ clkbuf_0_w_clk/A (sky130_fd_sc_hd__clkbuf_16)
                  0.09    0.22    0.40 ^ clkbuf_0_w_clk/X (sky130_fd_sc_hd__clkbuf_16)
    16    0.07                           clknet_0_w_clk (net)
                  0.09    0.00    0.40 ^ clkbuf_4_2_0_w_clk/A (sky130_fd_sc_hd__clkbuf_8)
                  0.07    0.15    0.55 ^ clkbuf_4_2_0_w_clk/X (sky130_fd_sc_hd__clkbuf_8)
    10    0.03                           clknet_4_2_0_w_clk (net)
                  0.07    0.00    0.55 ^ _1027_/CLK (sky130_fd_sc_hd__dfxtp_1)
                  0.06    0.31    0.86 ^ _1027_/Q (sky130_fd_sc_hd__dfxtp_1)
     2    0.01                           mem[4][4] (net)
                  0.06    0.00    0.86 ^ hold33/A (sky130_fd_sc_hd__dlygate4sd3_1)
                  0.05    0.51    1.37 ^ hold33/X (sky130_fd_sc_hd__dlygate4sd3_1)
     1    0.00                           net63 (net)
                  0.05    0.00    1.37 ^ _0827_/A0 (sky130_fd_sc_hd__mux2_1)
                  0.05    0.11    1.48 ^ _0827_/X (sky130_fd_sc_hd__mux2_1)
     1    0.00                           _0406_ (net)
                  0.05    0.00    1.48 ^ _0828_/A (sky130_fd_sc_hd__clkbuf_1)
                  0.04    0.08    1.56 ^ _0828_/X (sky130_fd_sc_hd__clkbuf_1)
     1    0.00                           _0121_ (net)
                  0.04    0.00    1.56 ^ _1027_/D (sky130_fd_sc_hd__dfxtp_1)
                                  1.56   data arrival time

                          0.00    0.00   clock w_clk (rise edge)
                          0.00    0.00   clock source latency
                  0.26    0.20    0.20 ^ w_clk (in)
     1    0.06                           w_clk (net)
                  0.26    0.00    0.20 ^ clkbuf_0_w_clk/A (sky130_fd_sc_hd__clkbuf_16)
                  0.09    0.24    0.44 ^ clkbuf_0_w_clk/X (sky130_fd_sc_hd__clkbuf_16)
    16    0.07                           clknet_0_w_clk (net)
                  0.09    0.00    0.44 ^ clkbuf_4_2_0_w_clk/A (sky130_fd_sc_hd__clkbuf_8)
                  0.07    0.17    0.61 ^ clkbuf_4_2_0_w_clk/X (sky130_fd_sc_hd__clkbuf_8)
    10    0.03                           clknet_4_2_0_w_clk (net)
                  0.07    0.00    0.61 ^ _1027_/CLK (sky130_fd_sc_hd__dfxtp_1)
                          0.25    0.86   clock uncertainty
                         -0.06    0.80   clock reconvergence pessimism
                         -0.03    0.77   library hold time
                                  0.77   data required time
-----------------------------------------------------------------------------
                                  0.77   data required time
                                 -1.56   data arrival time
-----------------------------------------------------------------------------
                                  0.79   slack (MET)


Startpoint: _0984_ (rising edge-triggered flip-flop clocked by w_clk)
Endpoint: _0984_ (rising edge-triggered flip-flop clocked by w_clk)
Path Group: w_clk
Path Type: min

Fanout     Cap    Slew   Delay    Time   Description
-----------------------------------------------------------------------------
                          0.00    0.00   clock w_clk (rise edge)
                          0.00    0.00   clock source latency
                  0.26    0.18    0.18 ^ w_clk (in)
     1    0.06                           w_clk (net)
                  0.26    0.00    0.18 ^ clkbuf_0_w_clk/A (sky130_fd_sc_hd__clkbuf_16)
                  0.09    0.22    0.40 ^ clkbuf_0_w_clk/X (sky130_fd_sc_hd__clkbuf_16)
    16    0.07                           clknet_0_w_clk (net)
                  0.09    0.00    0.40 ^ clkbuf_4_10_0_w_clk/A (sky130_fd_sc_hd__clkbuf_8)
                  0.06    0.15    0.54 ^ clkbuf_4_10_0_w_clk/X (sky130_fd_sc_hd__clkbuf_8)
    13    0.02                           clknet_4_10_0_w_clk (net)
                  0.06    0.00    0.54 ^ _0984_/CLK (sky130_fd_sc_hd__dfxtp_1)
                  0.07    0.31    0.86 ^ _0984_/Q (sky130_fd_sc_hd__dfxtp_1)
     2    0.01                           mem[2][6] (net)
                  0.07    0.00    0.86 ^ hold129/A (sky130_fd_sc_hd__dlygate4sd3_1)
                  0.05    0.51    1.37 ^ hold129/X (sky130_fd_sc_hd__dlygate4sd3_1)
     1    0.00                           net159 (net)
                  0.05    0.00    1.37 ^ _0730_/A0 (sky130_fd_sc_hd__mux2_1)
                  0.05    0.12    1.48 ^ _0730_/X (sky130_fd_sc_hd__mux2_1)
     1    0.00                           _0352_ (net)
                  0.05    0.00    1.48 ^ _0731_/A (sky130_fd_sc_hd__clkbuf_1)
                  0.03    0.07    1.55 ^ _0731_/X (sky130_fd_sc_hd__clkbuf_1)
     1    0.00                           _0078_ (net)
                  0.03    0.00    1.55 ^ _0984_/D (sky130_fd_sc_hd__dfxtp_1)
                                  1.55   data arrival time

                          0.00    0.00   clock w_clk (rise edge)
                          0.00    0.00   clock source latency
                  0.26    0.20    0.20 ^ w_clk (in)
     1    0.06                           w_clk (net)
                  0.26    0.00    0.20 ^ clkbuf_0_w_clk/A (sky130_fd_sc_hd__clkbuf_16)
                  0.09    0.24    0.44 ^ clkbuf_0_w_clk/X (sky130_fd_sc_hd__clkbuf_16)
    16    0.07                           clknet_0_w_clk (net)
                  0.09    0.00    0.44 ^ clkbuf_4_10_0_w_clk/A (sky130_fd_sc_hd__clkbuf_8)
                  0.06    0.16    0.60 ^ clkbuf_4_10_0_w_clk/X (sky130_fd_sc_hd__clkbuf_8)
    13    0.02                           clknet_4_10_0_w_clk (net)
                  0.06    0.00    0.60 ^ _0984_/CLK (sky130_fd_sc_hd__dfxtp_1)
                          0.25    0.85   clock uncertainty
                         -0.06    0.79   clock reconvergence pessimism
                         -0.03    0.77   library hold time
                                  0.77   data required time
-----------------------------------------------------------------------------
                                  0.77   data required time
                                 -1.55   data arrival time
-----------------------------------------------------------------------------
                                  0.79   slack (MET)


Startpoint: _0943_ (rising edge-triggered flip-flop clocked by w_clk)
Endpoint: _0943_ (rising edge-triggered flip-flop clocked by w_clk)
Path Group: w_clk
Path Type: min

Fanout     Cap    Slew   Delay    Time   Description
-----------------------------------------------------------------------------
                          0.00    0.00   clock w_clk (rise edge)
                          0.00    0.00   clock source latency
                  0.26    0.18    0.18 ^ w_clk (in)
     1    0.06                           w_clk (net)
                  0.26    0.00    0.18 ^ clkbuf_0_w_clk/A (sky130_fd_sc_hd__clkbuf_16)
                  0.09    0.22    0.40 ^ clkbuf_0_w_clk/X (sky130_fd_sc_hd__clkbuf_16)
    16    0.07                           clknet_0_w_clk (net)
                  0.09    0.00    0.40 ^ clkbuf_4_15_0_w_clk/A (sky130_fd_sc_hd__clkbuf_8)
                  0.07    0.15    0.55 ^ clkbuf_4_15_0_w_clk/X (sky130_fd_sc_hd__clkbuf_8)
    10    0.03                           clknet_4_15_0_w_clk (net)
                  0.07    0.00    0.55 ^ _0943_/CLK (sky130_fd_sc_hd__dfxtp_1)
                  0.06    0.31    0.86 ^ _0943_/Q (sky130_fd_sc_hd__dfxtp_1)
     2    0.00                           mem[13][5] (net)
                  0.06    0.00    0.86 ^ hold17/A (sky130_fd_sc_hd__dlygate4sd3_1)
                  0.06    0.52    1.37 ^ hold17/X (sky130_fd_sc_hd__dlygate4sd3_1)
     1    0.00                           net47 (net)
                  0.06    0.00    1.37 ^ _0635_/A0 (sky130_fd_sc_hd__mux2_1)
                  0.04    0.12    1.49 ^ _0635_/X (sky130_fd_sc_hd__mux2_1)
     1    0.00                           _0298_ (net)
                  0.04    0.00    1.49 ^ _0636_/A (sky130_fd_sc_hd__clkbuf_1)
                  0.04    0.07    1.56 ^ _0636_/X (sky130_fd_sc_hd__clkbuf_1)
     1    0.00                           _0037_ (net)
                  0.04    0.00    1.56 ^ _0943_/D (sky130_fd_sc_hd__dfxtp_1)
                                  1.56   data arrival time

                          0.00    0.00   clock w_clk (rise edge)
                          0.00    0.00   clock source latency
                  0.26    0.20    0.20 ^ w_clk (in)
     1    0.06                           w_clk (net)
                  0.26    0.00    0.20 ^ clkbuf_0_w_clk/A (sky130_fd_sc_hd__clkbuf_16)
                  0.09    0.24    0.44 ^ clkbuf_0_w_clk/X (sky130_fd_sc_hd__clkbuf_16)
    16    0.07                           clknet_0_w_clk (net)
                  0.09    0.00    0.44 ^ clkbuf_4_15_0_w_clk/A (sky130_fd_sc_hd__clkbuf_8)
                  0.07    0.17    0.61 ^ clkbuf_4_15_0_w_clk/X (sky130_fd_sc_hd__clkbuf_8)
    10    0.03                           clknet_4_15_0_w_clk (net)
                  0.07    0.00    0.61 ^ _0943_/CLK (sky130_fd_sc_hd__dfxtp_1)
                          0.25    0.86   clock uncertainty
                         -0.06    0.80   clock reconvergence pessimism
                         -0.03    0.77   library hold time
                                  0.77   data required time
-----------------------------------------------------------------------------
                                  0.77   data required time
                                 -1.56   data arrival time
-----------------------------------------------------------------------------
                                  0.79   slack (MET)


Startpoint: _0973_ (rising edge-triggered flip-flop clocked by w_clk)
Endpoint: _0973_ (rising edge-triggered flip-flop clocked by w_clk)
Path Group: w_clk
Path Type: min

Fanout     Cap    Slew   Delay    Time   Description
-----------------------------------------------------------------------------
                          0.00    0.00   clock w_clk (rise edge)
                          0.00    0.00   clock source latency
                  0.26    0.18    0.18 ^ w_clk (in)
     1    0.06                           w_clk (net)
                  0.26    0.00    0.18 ^ clkbuf_0_w_clk/A (sky130_fd_sc_hd__clkbuf_16)
                  0.09    0.22    0.40 ^ clkbuf_0_w_clk/X (sky130_fd_sc_hd__clkbuf_16)
    16    0.07                           clknet_0_w_clk (net)
                  0.09    0.00    0.40 ^ clkbuf_4_11_0_w_clk/A (sky130_fd_sc_hd__clkbuf_8)
                  0.06    0.15    0.55 ^ clkbuf_4_11_0_w_clk/X (sky130_fd_sc_hd__clkbuf_8)
     9    0.03                           clknet_4_11_0_w_clk (net)
                  0.06    0.00    0.55 ^ _0973_/CLK (sky130_fd_sc_hd__dfxtp_1)
                  0.06    0.31    0.85 ^ _0973_/Q (sky130_fd_sc_hd__dfxtp_1)
     2    0.01                           mem[0][3] (net)
                  0.06    0.00    0.85 ^ hold83/A (sky130_fd_sc_hd__dlygate4sd3_1)
                  0.05    0.51    1.36 ^ hold83/X (sky130_fd_sc_hd__dlygate4sd3_1)
     1    0.00                           net113 (net)
                  0.05    0.00    1.36 ^ _0706_/A0 (sky130_fd_sc_hd__mux2_1)
                  0.05    0.12    1.48 ^ _0706_/X (sky130_fd_sc_hd__mux2_1)
     1    0.00                           _0339_ (net)
                  0.05    0.00    1.48 ^ _0707_/A (sky130_fd_sc_hd__clkbuf_1)
                  0.04    0.08    1.56 ^ _0707_/X (sky130_fd_sc_hd__clkbuf_1)
     1    0.00                           _0067_ (net)
                  0.04    0.00    1.56 ^ _0973_/D (sky130_fd_sc_hd__dfxtp_1)
                                  1.56   data arrival time

                          0.00    0.00   clock w_clk (rise edge)
                          0.00    0.00   clock source latency
                  0.26    0.20    0.20 ^ w_clk (in)
     1    0.06                           w_clk (net)
                  0.26    0.00    0.20 ^ clkbuf_0_w_clk/A (sky130_fd_sc_hd__clkbuf_16)
                  0.09    0.24    0.44 ^ clkbuf_0_w_clk/X (sky130_fd_sc_hd__clkbuf_16)
    16    0.07                           clknet_0_w_clk (net)
                  0.09    0.00    0.44 ^ clkbuf_4_11_0_w_clk/A (sky130_fd_sc_hd__clkbuf_8)
                  0.06    0.16    0.60 ^ clkbuf_4_11_0_w_clk/X (sky130_fd_sc_hd__clkbuf_8)
     9    0.03                           clknet_4_11_0_w_clk (net)
                  0.06    0.00    0.60 ^ _0973_/CLK (sky130_fd_sc_hd__dfxtp_1)
                          0.25    0.85   clock uncertainty
                         -0.06    0.80   clock reconvergence pessimism
                         -0.03    0.77   library hold time
                                  0.77   data required time
-----------------------------------------------------------------------------
                                  0.77   data required time
                                 -1.56   data arrival time
-----------------------------------------------------------------------------
                                  0.79   slack (MET)


Startpoint: _0962_ (rising edge-triggered flip-flop clocked by w_clk)
Endpoint: _0962_ (rising edge-triggered flip-flop clocked by w_clk)
Path Group: w_clk
Path Type: min

Fanout     Cap    Slew   Delay    Time   Description
-----------------------------------------------------------------------------
                          0.00    0.00   clock w_clk (rise edge)
                          0.00    0.00   clock source latency
                  0.26    0.18    0.18 ^ w_clk (in)
     1    0.06                           w_clk (net)
                  0.26    0.00    0.18 ^ clkbuf_0_w_clk/A (sky130_fd_sc_hd__clkbuf_16)
                  0.09    0.22    0.40 ^ clkbuf_0_w_clk/X (sky130_fd_sc_hd__clkbuf_16)
    16    0.07                           clknet_0_w_clk (net)
                  0.09    0.00    0.40 ^ clkbuf_4_12_0_w_clk/A (sky130_fd_sc_hd__clkbuf_8)
                  0.06    0.14    0.54 ^ clkbuf_4_12_0_w_clk/X (sky130_fd_sc_hd__clkbuf_8)
    12    0.02                           clknet_4_12_0_w_clk (net)
                  0.06    0.00    0.54 ^ _0962_/CLK (sky130_fd_sc_hd__dfxtp_1)
                  0.07    0.31    0.85 ^ _0962_/Q (sky130_fd_sc_hd__dfxtp_1)
     2    0.01                           mem[10][0] (net)
                  0.07    0.00    0.85 ^ hold92/A (sky130_fd_sc_hd__dlygate4sd3_1)
                  0.05    0.51    1.36 ^ hold92/X (sky130_fd_sc_hd__dlygate4sd3_1)
     1    0.00                           net122 (net)
                  0.05    0.00    1.36 ^ _0681_/A0 (sky130_fd_sc_hd__mux2_1)
                  0.04    0.11    1.47 ^ _0681_/X (sky130_fd_sc_hd__mux2_1)
     1    0.00                           _0325_ (net)
                  0.04    0.00    1.47 ^ _0682_/A (sky130_fd_sc_hd__clkbuf_1)
                  0.05    0.08    1.55 ^ _0682_/X (sky130_fd_sc_hd__clkbuf_1)
     1    0.00                           _0056_ (net)
                  0.05    0.00    1.55 ^ _0962_/D (sky130_fd_sc_hd__dfxtp_1)
                                  1.55   data arrival time

                          0.00    0.00   clock w_clk (rise edge)
                          0.00    0.00   clock source latency
                  0.26    0.20    0.20 ^ w_clk (in)
     1    0.06                           w_clk (net)
                  0.26    0.00    0.20 ^ clkbuf_0_w_clk/A (sky130_fd_sc_hd__clkbuf_16)
                  0.09    0.24    0.44 ^ clkbuf_0_w_clk/X (sky130_fd_sc_hd__clkbuf_16)
    16    0.07                           clknet_0_w_clk (net)
                  0.09    0.00    0.44 ^ clkbuf_4_12_0_w_clk/A (sky130_fd_sc_hd__clkbuf_8)
                  0.06    0.16    0.60 ^ clkbuf_4_12_0_w_clk/X (sky130_fd_sc_hd__clkbuf_8)
    12    0.02                           clknet_4_12_0_w_clk (net)
                  0.06    0.00    0.60 ^ _0962_/CLK (sky130_fd_sc_hd__dfxtp_1)
                          0.25    0.85   clock uncertainty
                         -0.06    0.79   clock reconvergence pessimism
                         -0.03    0.76   library hold time
                                  0.76   data required time
-----------------------------------------------------------------------------
                                  0.76   data required time
                                 -1.55   data arrival time
-----------------------------------------------------------------------------
                                  0.79   slack (MET)


Startpoint: _1007_ (rising edge-triggered flip-flop clocked by w_clk)
Endpoint: _1007_ (rising edge-triggered flip-flop clocked by w_clk)
Path Group: w_clk
Path Type: min

Fanout     Cap    Slew   Delay    Time   Description
-----------------------------------------------------------------------------
                          0.00    0.00   clock w_clk (rise edge)
                          0.00    0.00   clock source latency
                  0.26    0.18    0.18 ^ w_clk (in)
     1    0.06                           w_clk (net)
                  0.26    0.00    0.18 ^ clkbuf_0_w_clk/A (sky130_fd_sc_hd__clkbuf_16)
                  0.09    0.22    0.40 ^ clkbuf_0_w_clk/X (sky130_fd_sc_hd__clkbuf_16)
    16    0.07                           clknet_0_w_clk (net)
                  0.09    0.00    0.40 ^ clkbuf_4_10_0_w_clk/A (sky130_fd_sc_hd__clkbuf_8)
                  0.06    0.15    0.54 ^ clkbuf_4_10_0_w_clk/X (sky130_fd_sc_hd__clkbuf_8)
    13    0.02                           clknet_4_10_0_w_clk (net)
                  0.06    0.00    0.54 ^ _1007_/CLK (sky130_fd_sc_hd__dfxtp_1)
                  0.05    0.30    0.84 ^ _1007_/Q (sky130_fd_sc_hd__dfxtp_1)
     2    0.00                           mem[3][5] (net)
                  0.05    0.00    0.84 ^ hold123/A (sky130_fd_sc_hd__dlygate4sd3_1)
                  0.05    0.50    1.35 ^ hold123/X (sky130_fd_sc_hd__dlygate4sd3_1)
     1    0.00                           net153 (net)
                  0.05    0.00    1.35 ^ _0781_/A0 (sky130_fd_sc_hd__mux2_1)
                  0.05    0.12    1.46 ^ _0781_/X (sky130_fd_sc_hd__mux2_1)
     1    0.00                           _0380_ (net)
                  0.05    0.00    1.46 ^ _0782_/A (sky130_fd_sc_hd__clkbuf_1)
                  0.06    0.09    1.55 ^ _0782_/X (sky130_fd_sc_hd__clkbuf_1)
     1    0.00                           _0101_ (net)
                  0.06    0.00    1.55 ^ _1007_/D (sky130_fd_sc_hd__dfxtp_1)
                                  1.55   data arrival time

                          0.00    0.00   clock w_clk (rise edge)
                          0.00    0.00   clock source latency
                  0.26    0.20    0.20 ^ w_clk (in)
     1    0.06                           w_clk (net)
                  0.26    0.00    0.20 ^ clkbuf_0_w_clk/A (sky130_fd_sc_hd__clkbuf_16)
                  0.09    0.24    0.44 ^ clkbuf_0_w_clk/X (sky130_fd_sc_hd__clkbuf_16)
    16    0.07                           clknet_0_w_clk (net)
                  0.09    0.00    0.44 ^ clkbuf_4_10_0_w_clk/A (sky130_fd_sc_hd__clkbuf_8)
                  0.06    0.16    0.60 ^ clkbuf_4_10_0_w_clk/X (sky130_fd_sc_hd__clkbuf_8)
    13    0.02                           clknet_4_10_0_w_clk (net)
                  0.06    0.00    0.60 ^ _1007_/CLK (sky130_fd_sc_hd__dfxtp_1)
                          0.25    0.85   clock uncertainty
                         -0.06    0.79   clock reconvergence pessimism
                         -0.03    0.76   library hold time
                                  0.76   data required time
-----------------------------------------------------------------------------
                                  0.76   data required time
                                 -1.55   data arrival time
-----------------------------------------------------------------------------
                                  0.79   slack (MET)


Startpoint: _0951_ (rising edge-triggered flip-flop clocked by w_clk)
Endpoint: _0951_ (rising edge-triggered flip-flop clocked by w_clk)
Path Group: w_clk
Path Type: min

Fanout     Cap    Slew   Delay    Time   Description
-----------------------------------------------------------------------------
                          0.00    0.00   clock w_clk (rise edge)
                          0.00    0.00   clock source latency
                  0.26    0.18    0.18 ^ w_clk (in)
     1    0.06                           w_clk (net)
                  0.26    0.00    0.18 ^ clkbuf_0_w_clk/A (sky130_fd_sc_hd__clkbuf_16)
                  0.09    0.22    0.40 ^ clkbuf_0_w_clk/X (sky130_fd_sc_hd__clkbuf_16)
    16    0.07                           clknet_0_w_clk (net)
                  0.09    0.00    0.40 ^ clkbuf_4_15_0_w_clk/A (sky130_fd_sc_hd__clkbuf_8)
                  0.07    0.15    0.55 ^ clkbuf_4_15_0_w_clk/X (sky130_fd_sc_hd__clkbuf_8)
    10    0.03                           clknet_4_15_0_w_clk (net)
                  0.07    0.00    0.55 ^ _0951_/CLK (sky130_fd_sc_hd__dfxtp_1)
                  0.06    0.30    0.86 ^ _0951_/Q (sky130_fd_sc_hd__dfxtp_1)
     2    0.00                           mem[12][5] (net)
                  0.06    0.00    0.86 ^ hold77/A (sky130_fd_sc_hd__dlygate4sd3_1)
                  0.05    0.51    1.37 ^ hold77/X (sky130_fd_sc_hd__dlygate4sd3_1)
     1    0.00                           net107 (net)
                  0.05    0.00    1.37 ^ _0653_/A0 (sky130_fd_sc_hd__mux2_1)
                  0.05    0.12    1.48 ^ _0653_/X (sky130_fd_sc_hd__mux2_1)
     1    0.00                           _0308_ (net)
                  0.05    0.00    1.48 ^ _0654_/A (sky130_fd_sc_hd__clkbuf_1)
                  0.05    0.08    1.56 ^ _0654_/X (sky130_fd_sc_hd__clkbuf_1)
     1    0.00                           _0045_ (net)
                  0.05    0.00    1.56 ^ _0951_/D (sky130_fd_sc_hd__dfxtp_1)
                                  1.56   data arrival time

                          0.00    0.00   clock w_clk (rise edge)
                          0.00    0.00   clock source latency
                  0.26    0.20    0.20 ^ w_clk (in)
     1    0.06                           w_clk (net)
                  0.26    0.00    0.20 ^ clkbuf_0_w_clk/A (sky130_fd_sc_hd__clkbuf_16)
                  0.09    0.24    0.44 ^ clkbuf_0_w_clk/X (sky130_fd_sc_hd__clkbuf_16)
    16    0.07                           clknet_0_w_clk (net)
                  0.09    0.00    0.44 ^ clkbuf_4_15_0_w_clk/A (sky130_fd_sc_hd__clkbuf_8)
                  0.07    0.17    0.61 ^ clkbuf_4_15_0_w_clk/X (sky130_fd_sc_hd__clkbuf_8)
    10    0.03                           clknet_4_15_0_w_clk (net)
                  0.07    0.00    0.61 ^ _0951_/CLK (sky130_fd_sc_hd__dfxtp_1)
                          0.25    0.86   clock uncertainty
                         -0.06    0.80   clock reconvergence pessimism
                         -0.03    0.77   library hold time
                                  0.77   data required time
-----------------------------------------------------------------------------
                                  0.77   data required time
                                 -1.56   data arrival time
-----------------------------------------------------------------------------
                                  0.79   slack (MET)


Startpoint: _0934_ (rising edge-triggered flip-flop clocked by w_clk)
Endpoint: _0934_ (rising edge-triggered flip-flop clocked by w_clk)
Path Group: w_clk
Path Type: min

Fanout     Cap    Slew   Delay    Time   Description
-----------------------------------------------------------------------------
                          0.00    0.00   clock w_clk (rise edge)
                          0.00    0.00   clock source latency
                  0.26    0.18    0.18 ^ w_clk (in)
     1    0.06                           w_clk (net)
                  0.26    0.00    0.18 ^ clkbuf_0_w_clk/A (sky130_fd_sc_hd__clkbuf_16)
                  0.09    0.22    0.40 ^ clkbuf_0_w_clk/X (sky130_fd_sc_hd__clkbuf_16)
    16    0.07                           clknet_0_w_clk (net)
                  0.09    0.00    0.40 ^ clkbuf_4_3_0_w_clk/A (sky130_fd_sc_hd__clkbuf_8)
                  0.06    0.15    0.54 ^ clkbuf_4_3_0_w_clk/X (sky130_fd_sc_hd__clkbuf_8)
     8    0.02                           clknet_4_3_0_w_clk (net)
                  0.06    0.00    0.54 ^ _0934_/CLK (sky130_fd_sc_hd__dfxtp_1)
                  0.07    0.31    0.85 ^ _0934_/Q (sky130_fd_sc_hd__dfxtp_1)
     2    0.01                           mem[1][4] (net)
                  0.07    0.00    0.85 ^ hold37/A (sky130_fd_sc_hd__dlygate4sd3_1)
                  0.05    0.52    1.37 ^ hold37/X (sky130_fd_sc_hd__dlygate4sd3_1)
     1    0.00                           net67 (net)
                  0.05    0.00    1.37 ^ _0615_/A0 (sky130_fd_sc_hd__mux2_1)
                  0.04    0.11    1.48 ^ _0615_/X (sky130_fd_sc_hd__mux2_1)
     1    0.00                           _0287_ (net)
                  0.04    0.00    1.48 ^ _0616_/A (sky130_fd_sc_hd__clkbuf_1)
                  0.04    0.07    1.55 ^ _0616_/X (sky130_fd_sc_hd__clkbuf_1)
     1    0.00                           _0028_ (net)
                  0.04    0.00    1.56 ^ _0934_/D (sky130_fd_sc_hd__dfxtp_1)
                                  1.56   data arrival time

                          0.00    0.00   clock w_clk (rise edge)
                          0.00    0.00   clock source latency
                  0.26    0.20    0.20 ^ w_clk (in)
     1    0.06                           w_clk (net)
                  0.26    0.00    0.20 ^ clkbuf_0_w_clk/A (sky130_fd_sc_hd__clkbuf_16)
                  0.09    0.24    0.44 ^ clkbuf_0_w_clk/X (sky130_fd_sc_hd__clkbuf_16)
    16    0.07                           clknet_0_w_clk (net)
                  0.09    0.00    0.44 ^ clkbuf_4_3_0_w_clk/A (sky130_fd_sc_hd__clkbuf_8)
                  0.06    0.16    0.60 ^ clkbuf_4_3_0_w_clk/X (sky130_fd_sc_hd__clkbuf_8)
     8    0.02                           clknet_4_3_0_w_clk (net)
                  0.06    0.00    0.60 ^ _0934_/CLK (sky130_fd_sc_hd__dfxtp_1)
                          0.25    0.85   clock uncertainty
                         -0.06    0.79   clock reconvergence pessimism
                         -0.03    0.77   library hold time
                                  0.77   data required time
-----------------------------------------------------------------------------
                                  0.77   data required time
                                 -1.56   data arrival time
-----------------------------------------------------------------------------
                                  0.79   slack (MET)


Startpoint: _0986_ (rising edge-triggered flip-flop clocked by w_clk)
Endpoint: _0986_ (rising edge-triggered flip-flop clocked by w_clk)
Path Group: w_clk
Path Type: min

Fanout     Cap    Slew   Delay    Time   Description
-----------------------------------------------------------------------------
                          0.00    0.00   clock w_clk (rise edge)
                          0.00    0.00   clock source latency
                  0.26    0.18    0.18 ^ w_clk (in)
     1    0.06                           w_clk (net)
                  0.26    0.00    0.18 ^ clkbuf_0_w_clk/A (sky130_fd_sc_hd__clkbuf_16)
                  0.09    0.22    0.40 ^ clkbuf_0_w_clk/X (sky130_fd_sc_hd__clkbuf_16)
    16    0.07                           clknet_0_w_clk (net)
                  0.09    0.00    0.40 ^ clkbuf_4_11_0_w_clk/A (sky130_fd_sc_hd__clkbuf_8)
                  0.06    0.15    0.55 ^ clkbuf_4_11_0_w_clk/X (sky130_fd_sc_hd__clkbuf_8)
     9    0.03                           clknet_4_11_0_w_clk (net)
                  0.06    0.00    0.55 ^ _0986_/CLK (sky130_fd_sc_hd__dfxtp_1)
                  0.07    0.31    0.86 ^ _0986_/Q (sky130_fd_sc_hd__dfxtp_1)
     2    0.01                           mem[8][0] (net)
                  0.07    0.00    0.86 ^ hold46/A (sky130_fd_sc_hd__dlygate4sd3_1)
                  0.05    0.51    1.37 ^ hold46/X (sky130_fd_sc_hd__dlygate4sd3_1)
     1    0.00                           net76 (net)
                  0.05    0.00    1.37 ^ _0736_/A0 (sky130_fd_sc_hd__mux2_1)
                  0.04    0.11    1.48 ^ _0736_/X (sky130_fd_sc_hd__mux2_1)
     1    0.00                           _0356_ (net)
                  0.04    0.00    1.48 ^ _0737_/A (sky130_fd_sc_hd__clkbuf_1)
                  0.04    0.07    1.56 ^ _0737_/X (sky130_fd_sc_hd__clkbuf_1)
     1    0.00                           _0080_ (net)
                  0.04    0.00    1.56 ^ _0986_/D (sky130_fd_sc_hd__dfxtp_1)
                                  1.56   data arrival time

                          0.00    0.00   clock w_clk (rise edge)
                          0.00    0.00   clock source latency
                  0.26    0.20    0.20 ^ w_clk (in)
     1    0.06                           w_clk (net)
                  0.26    0.00    0.20 ^ clkbuf_0_w_clk/A (sky130_fd_sc_hd__clkbuf_16)
                  0.09    0.24    0.44 ^ clkbuf_0_w_clk/X (sky130_fd_sc_hd__clkbuf_16)
    16    0.07                           clknet_0_w_clk (net)
                  0.09    0.00    0.44 ^ clkbuf_4_11_0_w_clk/A (sky130_fd_sc_hd__clkbuf_8)
                  0.06    0.16    0.60 ^ clkbuf_4_11_0_w_clk/X (sky130_fd_sc_hd__clkbuf_8)
     9    0.03                           clknet_4_11_0_w_clk (net)
                  0.06    0.00    0.60 ^ _0986_/CLK (sky130_fd_sc_hd__dfxtp_1)
                          0.25    0.85   clock uncertainty
                         -0.06    0.80   clock reconvergence pessimism
                         -0.03    0.77   library hold time
                                  0.77   data required time
-----------------------------------------------------------------------------
                                  0.77   data required time
                                 -1.56   data arrival time
-----------------------------------------------------------------------------
                                  0.79   slack (MET)


Startpoint: _0933_ (rising edge-triggered flip-flop clocked by w_clk)
Endpoint: _0933_ (rising edge-triggered flip-flop clocked by w_clk)
Path Group: w_clk
Path Type: min

Fanout     Cap    Slew   Delay    Time   Description
-----------------------------------------------------------------------------
                          0.00    0.00   clock w_clk (rise edge)
                          0.00    0.00   clock source latency
                  0.26    0.18    0.18 ^ w_clk (in)
     1    0.06                           w_clk (net)
                  0.26    0.00    0.18 ^ clkbuf_0_w_clk/A (sky130_fd_sc_hd__clkbuf_16)
                  0.09    0.22    0.40 ^ clkbuf_0_w_clk/X (sky130_fd_sc_hd__clkbuf_16)
    16    0.07                           clknet_0_w_clk (net)
                  0.09    0.00    0.40 ^ clkbuf_4_11_0_w_clk/A (sky130_fd_sc_hd__clkbuf_8)
                  0.06    0.15    0.55 ^ clkbuf_4_11_0_w_clk/X (sky130_fd_sc_hd__clkbuf_8)
     9    0.03                           clknet_4_11_0_w_clk (net)
                  0.06    0.00    0.55 ^ _0933_/CLK (sky130_fd_sc_hd__dfxtp_1)
                  0.06    0.30    0.85 ^ _0933_/Q (sky130_fd_sc_hd__dfxtp_1)
     2    0.00                           mem[1][3] (net)
                  0.06    0.00    0.85 ^ hold108/A (sky130_fd_sc_hd__dlygate4sd3_1)
                  0.05    0.51    1.36 ^ hold108/X (sky130_fd_sc_hd__dlygate4sd3_1)
     1    0.00                           net138 (net)
                  0.05    0.00    1.36 ^ _0613_/A0 (sky130_fd_sc_hd__mux2_1)
                  0.05    0.12    1.48 ^ _0613_/X (sky130_fd_sc_hd__mux2_1)
     1    0.00                           _0286_ (net)
                  0.05    0.00    1.48 ^ _0614_/A (sky130_fd_sc_hd__clkbuf_1)
                  0.05    0.08    1.56 ^ _0614_/X (sky130_fd_sc_hd__clkbuf_1)
     1    0.00                           _0027_ (net)
                  0.05    0.00    1.56 ^ _0933_/D (sky130_fd_sc_hd__dfxtp_1)
                                  1.56   data arrival time

                          0.00    0.00   clock w_clk (rise edge)
                          0.00    0.00   clock source latency
                  0.26    0.20    0.20 ^ w_clk (in)
     1    0.06                           w_clk (net)
                  0.26    0.00    0.20 ^ clkbuf_0_w_clk/A (sky130_fd_sc_hd__clkbuf_16)
                  0.09    0.24    0.44 ^ clkbuf_0_w_clk/X (sky130_fd_sc_hd__clkbuf_16)
    16    0.07                           clknet_0_w_clk (net)
                  0.09    0.00    0.44 ^ clkbuf_4_11_0_w_clk/A (sky130_fd_sc_hd__clkbuf_8)
                  0.06    0.16    0.60 ^ clkbuf_4_11_0_w_clk/X (sky130_fd_sc_hd__clkbuf_8)
     9    0.03                           clknet_4_11_0_w_clk (net)
                  0.06    0.00    0.60 ^ _0933_/CLK (sky130_fd_sc_hd__dfxtp_1)
                          0.25    0.85   clock uncertainty
                         -0.06    0.80   clock reconvergence pessimism
                         -0.03    0.77   library hold time
                                  0.77   data required time
-----------------------------------------------------------------------------
                                  0.77   data required time
                                 -1.56   data arrival time
-----------------------------------------------------------------------------
                                  0.79   slack (MET)


Startpoint: _1019_ (rising edge-triggered flip-flop clocked by w_clk)
Endpoint: _1019_ (rising edge-triggered flip-flop clocked by w_clk)
Path Group: w_clk
Path Type: min

Fanout     Cap    Slew   Delay    Time   Description
-----------------------------------------------------------------------------
                          0.00    0.00   clock w_clk (rise edge)
                          0.00    0.00   clock source latency
                  0.26    0.18    0.18 ^ w_clk (in)
     1    0.06                           w_clk (net)
                  0.26    0.00    0.18 ^ clkbuf_0_w_clk/A (sky130_fd_sc_hd__clkbuf_16)
                  0.09    0.22    0.40 ^ clkbuf_0_w_clk/X (sky130_fd_sc_hd__clkbuf_16)
    16    0.07                           clknet_0_w_clk (net)
                  0.09    0.00    0.40 ^ clkbuf_4_4_0_w_clk/A (sky130_fd_sc_hd__clkbuf_8)
                  0.04    0.13    0.53 ^ clkbuf_4_4_0_w_clk/X (sky130_fd_sc_hd__clkbuf_8)
     7    0.01                           clknet_4_4_0_w_clk (net)
                  0.04    0.00    0.53 ^ _1019_/CLK (sky130_fd_sc_hd__dfrtp_1)
                  0.07    0.32    0.84 ^ _1019_/Q (sky130_fd_sc_hd__dfrtp_1)
     2    0.01                           w_ptr_g[1] (net)
                  0.07    0.00    0.84 ^ hold137/A (sky130_fd_sc_hd__dlygate4sd3_1)
                  0.05    0.51    1.35 ^ hold137/X (sky130_fd_sc_hd__dlygate4sd3_1)
     1    0.00                           net167 (net)
                  0.05    0.00    1.35 ^ _0809_/A0 (sky130_fd_sc_hd__mux2_1)
                  0.04    0.11    1.46 ^ _0809_/X (sky130_fd_sc_hd__mux2_1)
     1    0.00                           _0396_ (net)
                  0.04    0.00    1.46 ^ _0810_/A (sky130_fd_sc_hd__clkbuf_1)
                  0.04    0.07    1.53 ^ _0810_/X (sky130_fd_sc_hd__clkbuf_1)
     1    0.00                           _0113_ (net)
                  0.04    0.00    1.53 ^ _1019_/D (sky130_fd_sc_hd__dfrtp_1)
                                  1.53   data arrival time

                          0.00    0.00   clock w_clk (rise edge)
                          0.00    0.00   clock source latency
                  0.26    0.20    0.20 ^ w_clk (in)
     1    0.06                           w_clk (net)
                  0.26    0.00    0.20 ^ clkbuf_0_w_clk/A (sky130_fd_sc_hd__clkbuf_16)
                  0.09    0.24    0.44 ^ clkbuf_0_w_clk/X (sky130_fd_sc_hd__clkbuf_16)
    16    0.07                           clknet_0_w_clk (net)
                  0.09    0.00    0.44 ^ clkbuf_4_4_0_w_clk/A (sky130_fd_sc_hd__clkbuf_8)
                  0.04    0.14    0.58 ^ clkbuf_4_4_0_w_clk/X (sky130_fd_sc_hd__clkbuf_8)
     7    0.01                           clknet_4_4_0_w_clk (net)
                  0.04    0.00    0.58 ^ _1019_/CLK (sky130_fd_sc_hd__dfrtp_1)
                          0.25    0.83   clock uncertainty
                         -0.06    0.78   clock reconvergence pessimism
                         -0.03    0.74   library hold time
                                  0.74   data required time
-----------------------------------------------------------------------------
                                  0.74   data required time
                                 -1.53   data arrival time
-----------------------------------------------------------------------------
                                  0.79   slack (MET)


Startpoint: _0975_ (rising edge-triggered flip-flop clocked by w_clk)
Endpoint: _0975_ (rising edge-triggered flip-flop clocked by w_clk)
Path Group: w_clk
Path Type: min

Fanout     Cap    Slew   Delay    Time   Description
-----------------------------------------------------------------------------
                          0.00    0.00   clock w_clk (rise edge)
                          0.00    0.00   clock source latency
                  0.26    0.18    0.18 ^ w_clk (in)
     1    0.06                           w_clk (net)
                  0.26    0.00    0.18 ^ clkbuf_0_w_clk/A (sky130_fd_sc_hd__clkbuf_16)
                  0.09    0.22    0.40 ^ clkbuf_0_w_clk/X (sky130_fd_sc_hd__clkbuf_16)
    16    0.07                           clknet_0_w_clk (net)
                  0.09    0.00    0.40 ^ clkbuf_4_10_0_w_clk/A (sky130_fd_sc_hd__clkbuf_8)
                  0.06    0.15    0.54 ^ clkbuf_4_10_0_w_clk/X (sky130_fd_sc_hd__clkbuf_8)
    13    0.02                           clknet_4_10_0_w_clk (net)
                  0.06    0.00    0.54 ^ _0975_/CLK (sky130_fd_sc_hd__dfxtp_1)
                  0.06    0.30    0.85 ^ _0975_/Q (sky130_fd_sc_hd__dfxtp_1)
     2    0.01                           mem[0][5] (net)
                  0.06    0.00    0.85 ^ hold87/A (sky130_fd_sc_hd__dlygate4sd3_1)
                  0.06    0.52    1.36 ^ hold87/X (sky130_fd_sc_hd__dlygate4sd3_1)
     1    0.00                           net117 (net)
                  0.06    0.00    1.36 ^ _0710_/A0 (sky130_fd_sc_hd__mux2_1)
                  0.05    0.12    1.48 ^ _0710_/X (sky130_fd_sc_hd__mux2_1)
     1    0.00                           _0341_ (net)
                  0.05    0.00    1.48 ^ _0711_/A (sky130_fd_sc_hd__clkbuf_1)
                  0.04    0.08    1.56 ^ _0711_/X (sky130_fd_sc_hd__clkbuf_1)
     1    0.00                           _0069_ (net)
                  0.04    0.00    1.56 ^ _0975_/D (sky130_fd_sc_hd__dfxtp_1)
                                  1.56   data arrival time

                          0.00    0.00   clock w_clk (rise edge)
                          0.00    0.00   clock source latency
                  0.26    0.20    0.20 ^ w_clk (in)
     1    0.06                           w_clk (net)
                  0.26    0.00    0.20 ^ clkbuf_0_w_clk/A (sky130_fd_sc_hd__clkbuf_16)
                  0.09    0.24    0.44 ^ clkbuf_0_w_clk/X (sky130_fd_sc_hd__clkbuf_16)
    16    0.07                           clknet_0_w_clk (net)
                  0.09    0.00    0.44 ^ clkbuf_4_10_0_w_clk/A (sky130_fd_sc_hd__clkbuf_8)
                  0.06    0.16    0.60 ^ clkbuf_4_10_0_w_clk/X (sky130_fd_sc_hd__clkbuf_8)
    13    0.02                           clknet_4_10_0_w_clk (net)
                  0.06    0.00    0.60 ^ _0975_/CLK (sky130_fd_sc_hd__dfxtp_1)
                          0.25    0.85   clock uncertainty
                         -0.06    0.79   clock reconvergence pessimism
                         -0.03    0.76   library hold time
                                  0.76   data required time
-----------------------------------------------------------------------------
                                  0.76   data required time
                                 -1.56   data arrival time
-----------------------------------------------------------------------------
                                  0.79   slack (MET)


Startpoint: _1026_ (rising edge-triggered flip-flop clocked by w_clk)
Endpoint: _1026_ (rising edge-triggered flip-flop clocked by w_clk)
Path Group: w_clk
Path Type: min

Fanout     Cap    Slew   Delay    Time   Description
-----------------------------------------------------------------------------
                          0.00    0.00   clock w_clk (rise edge)
                          0.00    0.00   clock source latency
                  0.26    0.18    0.18 ^ w_clk (in)
     1    0.06                           w_clk (net)
                  0.26    0.00    0.18 ^ clkbuf_0_w_clk/A (sky130_fd_sc_hd__clkbuf_16)
                  0.09    0.22    0.40 ^ clkbuf_0_w_clk/X (sky130_fd_sc_hd__clkbuf_16)
    16    0.07                           clknet_0_w_clk (net)
                  0.09    0.00    0.40 ^ clkbuf_4_11_0_w_clk/A (sky130_fd_sc_hd__clkbuf_8)
                  0.06    0.15    0.55 ^ clkbuf_4_11_0_w_clk/X (sky130_fd_sc_hd__clkbuf_8)
     9    0.03                           clknet_4_11_0_w_clk (net)
                  0.06    0.00    0.55 ^ _1026_/CLK (sky130_fd_sc_hd__dfxtp_1)
                  0.06    0.30    0.85 ^ _1026_/Q (sky130_fd_sc_hd__dfxtp_1)
     2    0.00                           mem[4][3] (net)
                  0.06    0.00    0.85 ^ hold58/A (sky130_fd_sc_hd__dlygate4sd3_1)
                  0.05    0.51    1.36 ^ hold58/X (sky130_fd_sc_hd__dlygate4sd3_1)
     1    0.00                           net88 (net)
                  0.05    0.00    1.36 ^ _0825_/A0 (sky130_fd_sc_hd__mux2_1)
                  0.05    0.12    1.48 ^ _0825_/X (sky130_fd_sc_hd__mux2_1)
     1    0.00                           _0405_ (net)
                  0.05    0.00    1.48 ^ _0826_/A (sky130_fd_sc_hd__clkbuf_1)
                  0.04    0.08    1.56 ^ _0826_/X (sky130_fd_sc_hd__clkbuf_1)
     1    0.00                           _0120_ (net)
                  0.04    0.00    1.56 ^ _1026_/D (sky130_fd_sc_hd__dfxtp_1)
                                  1.56   data arrival time

                          0.00    0.00   clock w_clk (rise edge)
                          0.00    0.00   clock source latency
                  0.26    0.20    0.20 ^ w_clk (in)
     1    0.06                           w_clk (net)
                  0.26    0.00    0.20 ^ clkbuf_0_w_clk/A (sky130_fd_sc_hd__clkbuf_16)
                  0.09    0.24    0.44 ^ clkbuf_0_w_clk/X (sky130_fd_sc_hd__clkbuf_16)
    16    0.07                           clknet_0_w_clk (net)
                  0.09    0.00    0.44 ^ clkbuf_4_11_0_w_clk/A (sky130_fd_sc_hd__clkbuf_8)
                  0.06    0.16    0.60 ^ clkbuf_4_11_0_w_clk/X (sky130_fd_sc_hd__clkbuf_8)
     9    0.03                           clknet_4_11_0_w_clk (net)
                  0.06    0.00    0.60 ^ _1026_/CLK (sky130_fd_sc_hd__dfxtp_1)
                          0.25    0.85   clock uncertainty
                         -0.06    0.80   clock reconvergence pessimism
                         -0.03    0.77   library hold time
                                  0.77   data required time
-----------------------------------------------------------------------------
                                  0.77   data required time
                                 -1.56   data arrival time
-----------------------------------------------------------------------------
                                  0.79   slack (MET)


Startpoint: _1006_ (rising edge-triggered flip-flop clocked by w_clk)
Endpoint: _1006_ (rising edge-triggered flip-flop clocked by w_clk)
Path Group: w_clk
Path Type: min

Fanout     Cap    Slew   Delay    Time   Description
-----------------------------------------------------------------------------
                          0.00    0.00   clock w_clk (rise edge)
                          0.00    0.00   clock source latency
                  0.26    0.18    0.18 ^ w_clk (in)
     1    0.06                           w_clk (net)
                  0.26    0.00    0.18 ^ clkbuf_0_w_clk/A (sky130_fd_sc_hd__clkbuf_16)
                  0.09    0.22    0.40 ^ clkbuf_0_w_clk/X (sky130_fd_sc_hd__clkbuf_16)
    16    0.07                           clknet_0_w_clk (net)
                  0.09    0.00    0.40 ^ clkbuf_4_3_0_w_clk/A (sky130_fd_sc_hd__clkbuf_8)
                  0.06    0.15    0.54 ^ clkbuf_4_3_0_w_clk/X (sky130_fd_sc_hd__clkbuf_8)
     8    0.02                           clknet_4_3_0_w_clk (net)
                  0.06    0.00    0.54 ^ _1006_/CLK (sky130_fd_sc_hd__dfxtp_1)
                  0.06    0.31    0.85 ^ _1006_/Q (sky130_fd_sc_hd__dfxtp_1)
     2    0.01                           mem[3][4] (net)
                  0.06    0.00    0.85 ^ hold70/A (sky130_fd_sc_hd__dlygate4sd3_1)
                  0.05    0.51    1.36 ^ hold70/X (sky130_fd_sc_hd__dlygate4sd3_1)
     1    0.00                           net100 (net)
                  0.05    0.00    1.36 ^ _0779_/A0 (sky130_fd_sc_hd__mux2_1)
                  0.05    0.12    1.48 ^ _0779_/X (sky130_fd_sc_hd__mux2_1)
     1    0.00                           _0379_ (net)
                  0.05    0.00    1.48 ^ _0780_/A (sky130_fd_sc_hd__clkbuf_1)
                  0.05    0.08    1.56 ^ _0780_/X (sky130_fd_sc_hd__clkbuf_1)
     1    0.00                           _0100_ (net)
                  0.05    0.00    1.56 ^ _1006_/D (sky130_fd_sc_hd__dfxtp_1)
                                  1.56   data arrival time

                          0.00    0.00   clock w_clk (rise edge)
                          0.00    0.00   clock source latency
                  0.26    0.20    0.20 ^ w_clk (in)
     1    0.06                           w_clk (net)
                  0.26    0.00    0.20 ^ clkbuf_0_w_clk/A (sky130_fd_sc_hd__clkbuf_16)
                  0.09    0.24    0.44 ^ clkbuf_0_w_clk/X (sky130_fd_sc_hd__clkbuf_16)
    16    0.07                           clknet_0_w_clk (net)
                  0.09    0.00    0.44 ^ clkbuf_4_3_0_w_clk/A (sky130_fd_sc_hd__clkbuf_8)
                  0.06    0.16    0.60 ^ clkbuf_4_3_0_w_clk/X (sky130_fd_sc_hd__clkbuf_8)
     8    0.02                           clknet_4_3_0_w_clk (net)
                  0.06    0.00    0.60 ^ _1006_/CLK (sky130_fd_sc_hd__dfxtp_1)
                          0.25    0.85   clock uncertainty
                         -0.06    0.79   clock reconvergence pessimism
                         -0.03    0.76   library hold time
                                  0.76   data required time
-----------------------------------------------------------------------------
                                  0.76   data required time
                                 -1.56   data arrival time
-----------------------------------------------------------------------------
                                  0.79   slack (MET)


Startpoint: _0923_ (rising edge-triggered flip-flop clocked by w_clk)
Endpoint: _0923_ (rising edge-triggered flip-flop clocked by w_clk)
Path Group: w_clk
Path Type: min

Fanout     Cap    Slew   Delay    Time   Description
-----------------------------------------------------------------------------
                          0.00    0.00   clock w_clk (rise edge)
                          0.00    0.00   clock source latency
                  0.26    0.18    0.18 ^ w_clk (in)
     1    0.06                           w_clk (net)
                  0.26    0.00    0.18 ^ clkbuf_0_w_clk/A (sky130_fd_sc_hd__clkbuf_16)
                  0.09    0.22    0.40 ^ clkbuf_0_w_clk/X (sky130_fd_sc_hd__clkbuf_16)
    16    0.07                           clknet_0_w_clk (net)
                  0.09    0.00    0.40 ^ clkbuf_4_12_0_w_clk/A (sky130_fd_sc_hd__clkbuf_8)
                  0.06    0.14    0.54 ^ clkbuf_4_12_0_w_clk/X (sky130_fd_sc_hd__clkbuf_8)
    12    0.02                           clknet_4_12_0_w_clk (net)
                  0.06    0.00    0.54 ^ _0923_/CLK (sky130_fd_sc_hd__dfxtp_1)
                  0.06    0.30    0.84 ^ _0923_/Q (sky130_fd_sc_hd__dfxtp_1)
     2    0.01                           mem[14][1] (net)
                  0.06    0.00    0.84 ^ hold67/A (sky130_fd_sc_hd__dlygate4sd3_1)
                  0.05    0.51    1.36 ^ hold67/X (sky130_fd_sc_hd__dlygate4sd3_1)
     1    0.00                           net97 (net)
                  0.05    0.00    1.36 ^ _0590_/A0 (sky130_fd_sc_hd__mux2_1)
                  0.05    0.12    1.48 ^ _0590_/X (sky130_fd_sc_hd__mux2_1)
     1    0.00                           _0273_ (net)
                  0.05    0.00    1.48 ^ _0591_/A (sky130_fd_sc_hd__clkbuf_1)
                  0.05    0.08    1.55 ^ _0591_/X (sky130_fd_sc_hd__clkbuf_1)
     1    0.00                           _0017_ (net)
                  0.05    0.00    1.55 ^ _0923_/D (sky130_fd_sc_hd__dfxtp_1)
                                  1.55   data arrival time

                          0.00    0.00   clock w_clk (rise edge)
                          0.00    0.00   clock source latency
                  0.26    0.20    0.20 ^ w_clk (in)
     1    0.06                           w_clk (net)
                  0.26    0.00    0.20 ^ clkbuf_0_w_clk/A (sky130_fd_sc_hd__clkbuf_16)
                  0.09    0.24    0.44 ^ clkbuf_0_w_clk/X (sky130_fd_sc_hd__clkbuf_16)
    16    0.07                           clknet_0_w_clk (net)
                  0.09    0.00    0.44 ^ clkbuf_4_12_0_w_clk/A (sky130_fd_sc_hd__clkbuf_8)
                  0.06    0.16    0.60 ^ clkbuf_4_12_0_w_clk/X (sky130_fd_sc_hd__clkbuf_8)
    12    0.02                           clknet_4_12_0_w_clk (net)
                  0.06    0.00    0.60 ^ _0923_/CLK (sky130_fd_sc_hd__dfxtp_1)
                          0.25    0.85   clock uncertainty
                         -0.06    0.79   clock reconvergence pessimism
                         -0.03    0.76   library hold time
                                  0.76   data required time
-----------------------------------------------------------------------------
                                  0.76   data required time
                                 -1.55   data arrival time
-----------------------------------------------------------------------------
                                  0.79   slack (MET)


Startpoint: _0972_ (rising edge-triggered flip-flop clocked by w_clk)
Endpoint: _0972_ (rising edge-triggered flip-flop clocked by w_clk)
Path Group: w_clk
Path Type: min

Fanout     Cap    Slew   Delay    Time   Description
-----------------------------------------------------------------------------
                          0.00    0.00   clock w_clk (rise edge)
                          0.00    0.00   clock source latency
                  0.26    0.18    0.18 ^ w_clk (in)
     1    0.06                           w_clk (net)
                  0.26    0.00    0.18 ^ clkbuf_0_w_clk/A (sky130_fd_sc_hd__clkbuf_16)
                  0.09    0.22    0.40 ^ clkbuf_0_w_clk/X (sky130_fd_sc_hd__clkbuf_16)
    16    0.07                           clknet_0_w_clk (net)
                  0.09    0.00    0.40 ^ clkbuf_4_2_0_w_clk/A (sky130_fd_sc_hd__clkbuf_8)
                  0.07    0.15    0.55 ^ clkbuf_4_2_0_w_clk/X (sky130_fd_sc_hd__clkbuf_8)
    10    0.03                           clknet_4_2_0_w_clk (net)
                  0.07    0.00    0.55 ^ _0972_/CLK (sky130_fd_sc_hd__dfxtp_1)
                  0.06    0.31    0.86 ^ _0972_/Q (sky130_fd_sc_hd__dfxtp_1)
     2    0.01                           mem[0][2] (net)
                  0.06    0.00    0.86 ^ hold57/A (sky130_fd_sc_hd__dlygate4sd3_1)
                  0.05    0.50    1.36 ^ hold57/X (sky130_fd_sc_hd__dlygate4sd3_1)
     1    0.00                           net87 (net)
                  0.05    0.00    1.36 ^ _0704_/A0 (sky130_fd_sc_hd__mux2_1)
                  0.05    0.12    1.48 ^ _0704_/X (sky130_fd_sc_hd__mux2_1)
     1    0.00                           _0338_ (net)
                  0.05    0.00    1.48 ^ _0705_/A (sky130_fd_sc_hd__clkbuf_1)
                  0.05    0.08    1.56 ^ _0705_/X (sky130_fd_sc_hd__clkbuf_1)
     1    0.00                           _0066_ (net)
                  0.05    0.00    1.56 ^ _0972_/D (sky130_fd_sc_hd__dfxtp_1)
                                  1.56   data arrival time

                          0.00    0.00   clock w_clk (rise edge)
                          0.00    0.00   clock source latency
                  0.26    0.20    0.20 ^ w_clk (in)
     1    0.06                           w_clk (net)
                  0.26    0.00    0.20 ^ clkbuf_0_w_clk/A (sky130_fd_sc_hd__clkbuf_16)
                  0.09    0.24    0.44 ^ clkbuf_0_w_clk/X (sky130_fd_sc_hd__clkbuf_16)
    16    0.07                           clknet_0_w_clk (net)
                  0.09    0.00    0.44 ^ clkbuf_4_2_0_w_clk/A (sky130_fd_sc_hd__clkbuf_8)
                  0.07    0.17    0.61 ^ clkbuf_4_2_0_w_clk/X (sky130_fd_sc_hd__clkbuf_8)
    10    0.03                           clknet_4_2_0_w_clk (net)
                  0.07    0.00    0.61 ^ _0972_/CLK (sky130_fd_sc_hd__dfxtp_1)
                          0.25    0.86   clock uncertainty
                         -0.06    0.80   clock reconvergence pessimism
                         -0.03    0.77   library hold time
                                  0.77   data required time
-----------------------------------------------------------------------------
                                  0.77   data required time
                                 -1.56   data arrival time
-----------------------------------------------------------------------------
                                  0.79   slack (MET)


Startpoint: _0926_ (rising edge-triggered flip-flop clocked by w_clk)
Endpoint: _0926_ (rising edge-triggered flip-flop clocked by w_clk)
Path Group: w_clk
Path Type: min

Fanout     Cap    Slew   Delay    Time   Description
-----------------------------------------------------------------------------
                          0.00    0.00   clock w_clk (rise edge)
                          0.00    0.00   clock source latency
                  0.26    0.18    0.18 ^ w_clk (in)
     1    0.06                           w_clk (net)
                  0.26    0.00    0.18 ^ clkbuf_0_w_clk/A (sky130_fd_sc_hd__clkbuf_16)
                  0.09    0.22    0.40 ^ clkbuf_0_w_clk/X (sky130_fd_sc_hd__clkbuf_16)
    16    0.07                           clknet_0_w_clk (net)
                  0.09    0.00    0.40 ^ clkbuf_4_13_0_w_clk/A (sky130_fd_sc_hd__clkbuf_8)
                  0.10    0.18    0.57 ^ clkbuf_4_13_0_w_clk/X (sky130_fd_sc_hd__clkbuf_8)
    17    0.05                           clknet_4_13_0_w_clk (net)
                  0.10    0.00    0.57 ^ _0926_/CLK (sky130_fd_sc_hd__dfxtp_1)
                  0.06    0.32    0.89 ^ _0926_/Q (sky130_fd_sc_hd__dfxtp_1)
     2    0.01                           mem[14][4] (net)
                  0.06    0.00    0.89 ^ hold126/A (sky130_fd_sc_hd__dlygate4sd3_1)
                  0.05    0.51    1.40 ^ hold126/X (sky130_fd_sc_hd__dlygate4sd3_1)
     1    0.00                           net156 (net)
                  0.05    0.00    1.40 ^ _0596_/A0 (sky130_fd_sc_hd__mux2_1)
                  0.04    0.11    1.52 ^ _0596_/X (sky130_fd_sc_hd__mux2_1)
     1    0.00                           _0276_ (net)
                  0.04    0.00    1.52 ^ _0597_/A (sky130_fd_sc_hd__clkbuf_1)
                  0.04    0.08    1.59 ^ _0597_/X (sky130_fd_sc_hd__clkbuf_1)
     1    0.00                           _0020_ (net)
                  0.04    0.00    1.59 ^ _0926_/D (sky130_fd_sc_hd__dfxtp_1)
                                  1.59   data arrival time

                          0.00    0.00   clock w_clk (rise edge)
                          0.00    0.00   clock source latency
                  0.26    0.20    0.20 ^ w_clk (in)
     1    0.06                           w_clk (net)
                  0.26    0.00    0.20 ^ clkbuf_0_w_clk/A (sky130_fd_sc_hd__clkbuf_16)
                  0.09    0.24    0.44 ^ clkbuf_0_w_clk/X (sky130_fd_sc_hd__clkbuf_16)
    16    0.07                           clknet_0_w_clk (net)
                  0.09    0.00    0.44 ^ clkbuf_4_13_0_w_clk/A (sky130_fd_sc_hd__clkbuf_8)
                  0.10    0.19    0.63 ^ clkbuf_4_13_0_w_clk/X (sky130_fd_sc_hd__clkbuf_8)
    17    0.05                           clknet_4_13_0_w_clk (net)
                  0.10    0.00    0.63 ^ _0926_/CLK (sky130_fd_sc_hd__dfxtp_1)
                          0.25    0.88   clock uncertainty
                         -0.06    0.82   clock reconvergence pessimism
                         -0.02    0.80   library hold time
                                  0.80   data required time
-----------------------------------------------------------------------------
                                  0.80   data required time
                                 -1.59   data arrival time
-----------------------------------------------------------------------------
                                  0.79   slack (MET)


Startpoint: _1028_ (rising edge-triggered flip-flop clocked by w_clk)
Endpoint: _1028_ (rising edge-triggered flip-flop clocked by w_clk)
Path Group: w_clk
Path Type: min

Fanout     Cap    Slew   Delay    Time   Description
-----------------------------------------------------------------------------
                          0.00    0.00   clock w_clk (rise edge)
                          0.00    0.00   clock source latency
                  0.26    0.18    0.18 ^ w_clk (in)
     1    0.06                           w_clk (net)
                  0.26    0.00    0.18 ^ clkbuf_0_w_clk/A (sky130_fd_sc_hd__clkbuf_16)
                  0.09    0.22    0.40 ^ clkbuf_0_w_clk/X (sky130_fd_sc_hd__clkbuf_16)
    16    0.07                           clknet_0_w_clk (net)
                  0.09    0.00    0.40 ^ clkbuf_4_10_0_w_clk/A (sky130_fd_sc_hd__clkbuf_8)
                  0.06    0.15    0.54 ^ clkbuf_4_10_0_w_clk/X (sky130_fd_sc_hd__clkbuf_8)
    13    0.02                           clknet_4_10_0_w_clk (net)
                  0.06    0.00    0.54 ^ _1028_/CLK (sky130_fd_sc_hd__dfxtp_1)
                  0.06    0.31    0.85 ^ _1028_/Q (sky130_fd_sc_hd__dfxtp_1)
     2    0.01                           mem[4][5] (net)
                  0.06    0.00    0.85 ^ hold45/A (sky130_fd_sc_hd__dlygate4sd3_1)
                  0.06    0.52    1.37 ^ hold45/X (sky130_fd_sc_hd__dlygate4sd3_1)
     1    0.00                           net75 (net)
                  0.06    0.00    1.37 ^ _0829_/A0 (sky130_fd_sc_hd__mux2_1)
                  0.05    0.12    1.49 ^ _0829_/X (sky130_fd_sc_hd__mux2_1)
     1    0.00                           _0407_ (net)
                  0.05    0.00    1.49 ^ _0830_/A (sky130_fd_sc_hd__clkbuf_1)
                  0.04    0.07    1.56 ^ _0830_/X (sky130_fd_sc_hd__clkbuf_1)
     1    0.00                           _0122_ (net)
                  0.04    0.00    1.56 ^ _1028_/D (sky130_fd_sc_hd__dfxtp_1)
                                  1.56   data arrival time

                          0.00    0.00   clock w_clk (rise edge)
                          0.00    0.00   clock source latency
                  0.26    0.20    0.20 ^ w_clk (in)
     1    0.06                           w_clk (net)
                  0.26    0.00    0.20 ^ clkbuf_0_w_clk/A (sky130_fd_sc_hd__clkbuf_16)
                  0.09    0.24    0.44 ^ clkbuf_0_w_clk/X (sky130_fd_sc_hd__clkbuf_16)
    16    0.07                           clknet_0_w_clk (net)
                  0.09    0.00    0.44 ^ clkbuf_4_10_0_w_clk/A (sky130_fd_sc_hd__clkbuf_8)
                  0.06    0.16    0.60 ^ clkbuf_4_10_0_w_clk/X (sky130_fd_sc_hd__clkbuf_8)
    13    0.02                           clknet_4_10_0_w_clk (net)
                  0.06    0.00    0.60 ^ _1028_/CLK (sky130_fd_sc_hd__dfxtp_1)
                          0.25    0.85   clock uncertainty
                         -0.06    0.79   clock reconvergence pessimism
                         -0.03    0.76   library hold time
                                  0.76   data required time
-----------------------------------------------------------------------------
                                  0.76   data required time
                                 -1.56   data arrival time
-----------------------------------------------------------------------------
                                  0.79   slack (MET)


Startpoint: _0924_ (rising edge-triggered flip-flop clocked by w_clk)
Endpoint: _0924_ (rising edge-triggered flip-flop clocked by w_clk)
Path Group: w_clk
Path Type: min

Fanout     Cap    Slew   Delay    Time   Description
-----------------------------------------------------------------------------
                          0.00    0.00   clock w_clk (rise edge)
                          0.00    0.00   clock source latency
                  0.26    0.18    0.18 ^ w_clk (in)
     1    0.06                           w_clk (net)
                  0.26    0.00    0.18 ^ clkbuf_0_w_clk/A (sky130_fd_sc_hd__clkbuf_16)
                  0.09    0.22    0.40 ^ clkbuf_0_w_clk/X (sky130_fd_sc_hd__clkbuf_16)
    16    0.07                           clknet_0_w_clk (net)
                  0.09    0.00    0.40 ^ clkbuf_4_13_0_w_clk/A (sky130_fd_sc_hd__clkbuf_8)
                  0.10    0.18    0.57 ^ clkbuf_4_13_0_w_clk/X (sky130_fd_sc_hd__clkbuf_8)
    17    0.05                           clknet_4_13_0_w_clk (net)
                  0.10    0.00    0.57 ^ _0924_/CLK (sky130_fd_sc_hd__dfxtp_1)
                  0.06    0.32    0.89 ^ _0924_/Q (sky130_fd_sc_hd__dfxtp_1)
     2    0.01                           mem[14][2] (net)
                  0.06    0.00    0.89 ^ hold117/A (sky130_fd_sc_hd__dlygate4sd3_1)
                  0.05    0.51    1.41 ^ hold117/X (sky130_fd_sc_hd__dlygate4sd3_1)
     1    0.00                           net147 (net)
                  0.05    0.00    1.41 ^ _0592_/A0 (sky130_fd_sc_hd__mux2_1)
                  0.05    0.12    1.52 ^ _0592_/X (sky130_fd_sc_hd__mux2_1)
     1    0.00                           _0274_ (net)
                  0.05    0.00    1.52 ^ _0593_/A (sky130_fd_sc_hd__clkbuf_1)
                  0.04    0.07    1.60 ^ _0593_/X (sky130_fd_sc_hd__clkbuf_1)
     1    0.00                           _0018_ (net)
                  0.04    0.00    1.60 ^ _0924_/D (sky130_fd_sc_hd__dfxtp_1)
                                  1.60   data arrival time

                          0.00    0.00   clock w_clk (rise edge)
                          0.00    0.00   clock source latency
                  0.26    0.20    0.20 ^ w_clk (in)
     1    0.06                           w_clk (net)
                  0.26    0.00    0.20 ^ clkbuf_0_w_clk/A (sky130_fd_sc_hd__clkbuf_16)
                  0.09    0.24    0.44 ^ clkbuf_0_w_clk/X (sky130_fd_sc_hd__clkbuf_16)
    16    0.07                           clknet_0_w_clk (net)
                  0.09    0.00    0.44 ^ clkbuf_4_13_0_w_clk/A (sky130_fd_sc_hd__clkbuf_8)
                  0.10    0.19    0.63 ^ clkbuf_4_13_0_w_clk/X (sky130_fd_sc_hd__clkbuf_8)
    17    0.05                           clknet_4_13_0_w_clk (net)
                  0.10    0.00    0.63 ^ _0924_/CLK (sky130_fd_sc_hd__dfxtp_1)
                          0.25    0.88   clock uncertainty
                         -0.06    0.82   clock reconvergence pessimism
                         -0.02    0.80   library hold time
                                  0.80   data required time
-----------------------------------------------------------------------------
                                  0.80   data required time
                                 -1.60   data arrival time
-----------------------------------------------------------------------------
                                  0.79   slack (MET)


Startpoint: _0979_ (rising edge-triggered flip-flop clocked by w_clk)
Endpoint: _0979_ (rising edge-triggered flip-flop clocked by w_clk)
Path Group: w_clk
Path Type: min

Fanout     Cap    Slew   Delay    Time   Description
-----------------------------------------------------------------------------
                          0.00    0.00   clock w_clk (rise edge)
                          0.00    0.00   clock source latency
                  0.26    0.18    0.18 ^ w_clk (in)
     1    0.06                           w_clk (net)
                  0.26    0.00    0.18 ^ clkbuf_0_w_clk/A (sky130_fd_sc_hd__clkbuf_16)
                  0.09    0.22    0.40 ^ clkbuf_0_w_clk/X (sky130_fd_sc_hd__clkbuf_16)
    16    0.07                           clknet_0_w_clk (net)
                  0.09    0.00    0.40 ^ clkbuf_4_2_0_w_clk/A (sky130_fd_sc_hd__clkbuf_8)
                  0.07    0.15    0.55 ^ clkbuf_4_2_0_w_clk/X (sky130_fd_sc_hd__clkbuf_8)
    10    0.03                           clknet_4_2_0_w_clk (net)
                  0.07    0.00    0.55 ^ _0979_/CLK (sky130_fd_sc_hd__dfxtp_1)
                  0.06    0.30    0.85 ^ _0979_/Q (sky130_fd_sc_hd__dfxtp_1)
     2    0.00                           mem[2][1] (net)
                  0.06    0.00    0.85 ^ hold115/A (sky130_fd_sc_hd__dlygate4sd3_1)
                  0.06    0.51    1.37 ^ hold115/X (sky130_fd_sc_hd__dlygate4sd3_1)
     1    0.00                           net145 (net)
                  0.06    0.00    1.37 ^ _0720_/A0 (sky130_fd_sc_hd__mux2_1)
                  0.05    0.12    1.49 ^ _0720_/X (sky130_fd_sc_hd__mux2_1)
     1    0.00                           _0347_ (net)
                  0.05    0.00    1.49 ^ _0721_/A (sky130_fd_sc_hd__clkbuf_1)
                  0.05    0.08    1.57 ^ _0721_/X (sky130_fd_sc_hd__clkbuf_1)
     1    0.00                           _0073_ (net)
                  0.05    0.00    1.57 ^ _0979_/D (sky130_fd_sc_hd__dfxtp_1)
                                  1.57   data arrival time

                          0.00    0.00   clock w_clk (rise edge)
                          0.00    0.00   clock source latency
                  0.26    0.20    0.20 ^ w_clk (in)
     1    0.06                           w_clk (net)
                  0.26    0.00    0.20 ^ clkbuf_0_w_clk/A (sky130_fd_sc_hd__clkbuf_16)
                  0.09    0.24    0.44 ^ clkbuf_0_w_clk/X (sky130_fd_sc_hd__clkbuf_16)
    16    0.07                           clknet_0_w_clk (net)
                  0.09    0.00    0.44 ^ clkbuf_4_2_0_w_clk/A (sky130_fd_sc_hd__clkbuf_8)
                  0.07    0.17    0.61 ^ clkbuf_4_2_0_w_clk/X (sky130_fd_sc_hd__clkbuf_8)
    10    0.03                           clknet_4_2_0_w_clk (net)
                  0.07    0.00    0.61 ^ _0979_/CLK (sky130_fd_sc_hd__dfxtp_1)
                          0.25    0.86   clock uncertainty
                         -0.06    0.80   clock reconvergence pessimism
                         -0.03    0.77   library hold time
                                  0.77   data required time
-----------------------------------------------------------------------------
                                  0.77   data required time
                                 -1.57   data arrival time
-----------------------------------------------------------------------------
                                  0.80   slack (MET)


Startpoint: _0978_ (rising edge-triggered flip-flop clocked by w_clk)
Endpoint: _0978_ (rising edge-triggered flip-flop clocked by w_clk)
Path Group: w_clk
Path Type: min

Fanout     Cap    Slew   Delay    Time   Description
-----------------------------------------------------------------------------
                          0.00    0.00   clock w_clk (rise edge)
                          0.00    0.00   clock source latency
                  0.26    0.18    0.18 ^ w_clk (in)
     1    0.06                           w_clk (net)
                  0.26    0.00    0.18 ^ clkbuf_0_w_clk/A (sky130_fd_sc_hd__clkbuf_16)
                  0.09    0.22    0.40 ^ clkbuf_0_w_clk/X (sky130_fd_sc_hd__clkbuf_16)
    16    0.07                           clknet_0_w_clk (net)
                  0.09    0.00    0.40 ^ clkbuf_4_10_0_w_clk/A (sky130_fd_sc_hd__clkbuf_8)
                  0.06    0.15    0.54 ^ clkbuf_4_10_0_w_clk/X (sky130_fd_sc_hd__clkbuf_8)
    13    0.02                           clknet_4_10_0_w_clk (net)
                  0.06    0.00    0.54 ^ _0978_/CLK (sky130_fd_sc_hd__dfxtp_1)
                  0.06    0.31    0.85 ^ _0978_/Q (sky130_fd_sc_hd__dfxtp_1)
     2    0.01                           mem[2][0] (net)
                  0.06    0.00    0.85 ^ hold95/A (sky130_fd_sc_hd__dlygate4sd3_1)
                  0.05    0.51    1.36 ^ hold95/X (sky130_fd_sc_hd__dlygate4sd3_1)
     1    0.00                           net125 (net)
                  0.05    0.00    1.36 ^ _0718_/A0 (sky130_fd_sc_hd__mux2_1)
                  0.06    0.12    1.48 ^ _0718_/X (sky130_fd_sc_hd__mux2_1)
     1    0.00                           _0346_ (net)
                  0.06    0.00    1.48 ^ _0719_/A (sky130_fd_sc_hd__clkbuf_1)
                  0.04    0.08    1.56 ^ _0719_/X (sky130_fd_sc_hd__clkbuf_1)
     1    0.00                           _0072_ (net)
                  0.04    0.00    1.56 ^ _0978_/D (sky130_fd_sc_hd__dfxtp_1)
                                  1.56   data arrival time

                          0.00    0.00   clock w_clk (rise edge)
                          0.00    0.00   clock source latency
                  0.26    0.20    0.20 ^ w_clk (in)
     1    0.06                           w_clk (net)
                  0.26    0.00    0.20 ^ clkbuf_0_w_clk/A (sky130_fd_sc_hd__clkbuf_16)
                  0.09    0.24    0.44 ^ clkbuf_0_w_clk/X (sky130_fd_sc_hd__clkbuf_16)
    16    0.07                           clknet_0_w_clk (net)
                  0.09    0.00    0.44 ^ clkbuf_4_10_0_w_clk/A (sky130_fd_sc_hd__clkbuf_8)
                  0.06    0.16    0.60 ^ clkbuf_4_10_0_w_clk/X (sky130_fd_sc_hd__clkbuf_8)
    13    0.02                           clknet_4_10_0_w_clk (net)
                  0.06    0.00    0.60 ^ _0978_/CLK (sky130_fd_sc_hd__dfxtp_1)
                          0.25    0.85   clock uncertainty
                         -0.06    0.79   clock reconvergence pessimism
                         -0.03    0.76   library hold time
                                  0.76   data required time
-----------------------------------------------------------------------------
                                  0.76   data required time
                                 -1.56   data arrival time
-----------------------------------------------------------------------------
                                  0.80   slack (MET)


Startpoint: _0963_ (rising edge-triggered flip-flop clocked by w_clk)
Endpoint: _0963_ (rising edge-triggered flip-flop clocked by w_clk)
Path Group: w_clk
Path Type: min

Fanout     Cap    Slew   Delay    Time   Description
-----------------------------------------------------------------------------
                          0.00    0.00   clock w_clk (rise edge)
                          0.00    0.00   clock source latency
                  0.26    0.18    0.18 ^ w_clk (in)
     1    0.06                           w_clk (net)
                  0.26    0.00    0.18 ^ clkbuf_0_w_clk/A (sky130_fd_sc_hd__clkbuf_16)
                  0.09    0.22    0.40 ^ clkbuf_0_w_clk/X (sky130_fd_sc_hd__clkbuf_16)
    16    0.07                           clknet_0_w_clk (net)
                  0.09    0.00    0.40 ^ clkbuf_4_6_0_w_clk/A (sky130_fd_sc_hd__clkbuf_8)
                  0.05    0.14    0.54 ^ clkbuf_4_6_0_w_clk/X (sky130_fd_sc_hd__clkbuf_8)
     6    0.02                           clknet_4_6_0_w_clk (net)
                  0.05    0.00    0.54 ^ _0963_/CLK (sky130_fd_sc_hd__dfxtp_1)
                  0.06    0.30    0.84 ^ _0963_/Q (sky130_fd_sc_hd__dfxtp_1)
     2    0.01                           mem[10][1] (net)
                  0.06    0.00    0.84 ^ hold113/A (sky130_fd_sc_hd__dlygate4sd3_1)
                  0.05    0.51    1.36 ^ hold113/X (sky130_fd_sc_hd__dlygate4sd3_1)
     1    0.00                           net143 (net)
                  0.05    0.00    1.36 ^ _0683_/A0 (sky130_fd_sc_hd__mux2_1)
                  0.06    0.12    1.48 ^ _0683_/X (sky130_fd_sc_hd__mux2_1)
     1    0.00                           _0326_ (net)
                  0.06    0.00    1.48 ^ _0684_/A (sky130_fd_sc_hd__clkbuf_1)
                  0.04    0.08    1.56 ^ _0684_/X (sky130_fd_sc_hd__clkbuf_1)
     1    0.00                           _0057_ (net)
                  0.04    0.00    1.56 ^ _0963_/D (sky130_fd_sc_hd__dfxtp_1)
                                  1.56   data arrival time

                          0.00    0.00   clock w_clk (rise edge)
                          0.00    0.00   clock source latency
                  0.26    0.20    0.20 ^ w_clk (in)
     1    0.06                           w_clk (net)
                  0.26    0.00    0.20 ^ clkbuf_0_w_clk/A (sky130_fd_sc_hd__clkbuf_16)
                  0.09    0.24    0.44 ^ clkbuf_0_w_clk/X (sky130_fd_sc_hd__clkbuf_16)
    16    0.07                           clknet_0_w_clk (net)
                  0.09    0.00    0.44 ^ clkbuf_4_6_0_w_clk/A (sky130_fd_sc_hd__clkbuf_8)
                  0.05    0.16    0.60 ^ clkbuf_4_6_0_w_clk/X (sky130_fd_sc_hd__clkbuf_8)
     6    0.02                           clknet_4_6_0_w_clk (net)
                  0.05    0.00    0.60 ^ _0963_/CLK (sky130_fd_sc_hd__dfxtp_1)
                          0.25    0.85   clock uncertainty
                         -0.06    0.79   clock reconvergence pessimism
                         -0.03    0.76   library hold time
                                  0.76   data required time
-----------------------------------------------------------------------------
                                  0.76   data required time
                                 -1.56   data arrival time
-----------------------------------------------------------------------------
                                  0.80   slack (MET)


Startpoint: _1011_ (rising edge-triggered flip-flop clocked by w_clk)
Endpoint: _1011_ (rising edge-triggered flip-flop clocked by w_clk)
Path Group: w_clk
Path Type: min

Fanout     Cap    Slew   Delay    Time   Description
-----------------------------------------------------------------------------
                          0.00    0.00   clock w_clk (rise edge)
                          0.00    0.00   clock source latency
                  0.26    0.18    0.18 ^ w_clk (in)
     1    0.06                           w_clk (net)
                  0.26    0.00    0.18 ^ clkbuf_0_w_clk/A (sky130_fd_sc_hd__clkbuf_16)
                  0.09    0.22    0.40 ^ clkbuf_0_w_clk/X (sky130_fd_sc_hd__clkbuf_16)
    16    0.07                           clknet_0_w_clk (net)
                  0.09    0.00    0.40 ^ clkbuf_4_2_0_w_clk/A (sky130_fd_sc_hd__clkbuf_8)
                  0.07    0.15    0.55 ^ clkbuf_4_2_0_w_clk/X (sky130_fd_sc_hd__clkbuf_8)
    10    0.03                           clknet_4_2_0_w_clk (net)
                  0.07    0.00    0.55 ^ _1011_/CLK (sky130_fd_sc_hd__dfxtp_1)
                  0.07    0.31    0.86 ^ _1011_/Q (sky130_fd_sc_hd__dfxtp_1)
     2    0.01                           mem[6][1] (net)
                  0.07    0.00    0.86 ^ hold55/A (sky130_fd_sc_hd__dlygate4sd3_1)
                  0.05    0.51    1.37 ^ hold55/X (sky130_fd_sc_hd__dlygate4sd3_1)
     1    0.00                           net85 (net)
                  0.05    0.00    1.37 ^ _0791_/A0 (sky130_fd_sc_hd__mux2_1)
                  0.05    0.12    1.49 ^ _0791_/X (sky130_fd_sc_hd__mux2_1)
     1    0.00                           _0386_ (net)
                  0.05    0.00    1.49 ^ _0792_/A (sky130_fd_sc_hd__clkbuf_1)
                  0.05    0.08    1.57 ^ _0792_/X (sky130_fd_sc_hd__clkbuf_1)
     1    0.00                           _0105_ (net)
                  0.05    0.00    1.57 ^ _1011_/D (sky130_fd_sc_hd__dfxtp_1)
                                  1.57   data arrival time

                          0.00    0.00   clock w_clk (rise edge)
                          0.00    0.00   clock source latency
                  0.26    0.20    0.20 ^ w_clk (in)
     1    0.06                           w_clk (net)
                  0.26    0.00    0.20 ^ clkbuf_0_w_clk/A (sky130_fd_sc_hd__clkbuf_16)
                  0.09    0.24    0.44 ^ clkbuf_0_w_clk/X (sky130_fd_sc_hd__clkbuf_16)
    16    0.07                           clknet_0_w_clk (net)
                  0.09    0.00    0.44 ^ clkbuf_4_2_0_w_clk/A (sky130_fd_sc_hd__clkbuf_8)
                  0.07    0.17    0.61 ^ clkbuf_4_2_0_w_clk/X (sky130_fd_sc_hd__clkbuf_8)
    10    0.03                           clknet_4_2_0_w_clk (net)
                  0.07    0.00    0.61 ^ _1011_/CLK (sky130_fd_sc_hd__dfxtp_1)
                          0.25    0.86   clock uncertainty
                         -0.06    0.80   clock reconvergence pessimism
                         -0.03    0.77   library hold time
                                  0.77   data required time
-----------------------------------------------------------------------------
                                  0.77   data required time
                                 -1.57   data arrival time
-----------------------------------------------------------------------------
                                  0.80   slack (MET)


Startpoint: _1016_ (rising edge-triggered flip-flop clocked by w_clk)
Endpoint: _1016_ (rising edge-triggered flip-flop clocked by w_clk)
Path Group: w_clk
Path Type: min

Fanout     Cap    Slew   Delay    Time   Description
-----------------------------------------------------------------------------
                          0.00    0.00   clock w_clk (rise edge)
                          0.00    0.00   clock source latency
                  0.26    0.18    0.18 ^ w_clk (in)
     1    0.06                           w_clk (net)
                  0.26    0.00    0.18 ^ clkbuf_0_w_clk/A (sky130_fd_sc_hd__clkbuf_16)
                  0.09    0.22    0.40 ^ clkbuf_0_w_clk/X (sky130_fd_sc_hd__clkbuf_16)
    16    0.07                           clknet_0_w_clk (net)
                  0.09    0.00    0.40 ^ clkbuf_4_8_0_w_clk/A (sky130_fd_sc_hd__clkbuf_8)
                  0.06    0.14    0.54 ^ clkbuf_4_8_0_w_clk/X (sky130_fd_sc_hd__clkbuf_8)
    12    0.02                           clknet_4_8_0_w_clk (net)
                  0.06    0.00    0.54 ^ _1016_/CLK (sky130_fd_sc_hd__dfxtp_1)
                  0.07    0.31    0.85 ^ _1016_/Q (sky130_fd_sc_hd__dfxtp_1)
     2    0.01                           mem[6][6] (net)
                  0.07    0.00    0.85 ^ hold101/A (sky130_fd_sc_hd__dlygate4sd3_1)
                  0.05    0.51    1.37 ^ hold101/X (sky130_fd_sc_hd__dlygate4sd3_1)
     1    0.00                           net131 (net)
                  0.05    0.00    1.37 ^ _0801_/A0 (sky130_fd_sc_hd__mux2_1)
                  0.04    0.11    1.48 ^ _0801_/X (sky130_fd_sc_hd__mux2_1)
     1    0.00                           _0391_ (net)
                  0.04    0.00    1.48 ^ _0802_/A (sky130_fd_sc_hd__clkbuf_1)
                  0.05    0.08    1.56 ^ _0802_/X (sky130_fd_sc_hd__clkbuf_1)
     1    0.00                           _0110_ (net)
                  0.05    0.00    1.56 ^ _1016_/D (sky130_fd_sc_hd__dfxtp_1)
                                  1.56   data arrival time

                          0.00    0.00   clock w_clk (rise edge)
                          0.00    0.00   clock source latency
                  0.26    0.20    0.20 ^ w_clk (in)
     1    0.06                           w_clk (net)
                  0.26    0.00    0.20 ^ clkbuf_0_w_clk/A (sky130_fd_sc_hd__clkbuf_16)
                  0.09    0.24    0.44 ^ clkbuf_0_w_clk/X (sky130_fd_sc_hd__clkbuf_16)
    16    0.07                           clknet_0_w_clk (net)
                  0.09    0.00    0.44 ^ clkbuf_4_8_0_w_clk/A (sky130_fd_sc_hd__clkbuf_8)
                  0.06    0.16    0.60 ^ clkbuf_4_8_0_w_clk/X (sky130_fd_sc_hd__clkbuf_8)
    12    0.02                           clknet_4_8_0_w_clk (net)
                  0.06    0.00    0.60 ^ _1016_/CLK (sky130_fd_sc_hd__dfxtp_1)
                          0.25    0.85   clock uncertainty
                         -0.06    0.79   clock reconvergence pessimism
                         -0.03    0.76   library hold time
                                  0.76   data required time
-----------------------------------------------------------------------------
                                  0.76   data required time
                                 -1.56   data arrival time
-----------------------------------------------------------------------------
                                  0.80   slack (MET)


Startpoint: _1009_ (rising edge-triggered flip-flop clocked by w_clk)
Endpoint: _1009_ (rising edge-triggered flip-flop clocked by w_clk)
Path Group: w_clk
Path Type: min

Fanout     Cap    Slew   Delay    Time   Description
-----------------------------------------------------------------------------
                          0.00    0.00   clock w_clk (rise edge)
                          0.00    0.00   clock source latency
                  0.26    0.18    0.18 ^ w_clk (in)
     1    0.06                           w_clk (net)
                  0.26    0.00    0.18 ^ clkbuf_0_w_clk/A (sky130_fd_sc_hd__clkbuf_16)
                  0.09    0.22    0.40 ^ clkbuf_0_w_clk/X (sky130_fd_sc_hd__clkbuf_16)
    16    0.07                           clknet_0_w_clk (net)
                  0.09    0.00    0.40 ^ clkbuf_4_1_0_w_clk/A (sky130_fd_sc_hd__clkbuf_8)
                  0.05    0.14    0.54 ^ clkbuf_4_1_0_w_clk/X (sky130_fd_sc_hd__clkbuf_8)
     7    0.02                           clknet_4_1_0_w_clk (net)
                  0.05    0.00    0.54 ^ _1009_/CLK (sky130_fd_sc_hd__dfxtp_1)
                  0.07    0.31    0.85 ^ _1009_/Q (sky130_fd_sc_hd__dfxtp_1)
     2    0.01                           mem[3][7] (net)
                  0.07    0.00    0.85 ^ hold23/A (sky130_fd_sc_hd__dlygate4sd3_1)
                  0.05    0.51    1.36 ^ hold23/X (sky130_fd_sc_hd__dlygate4sd3_1)
     1    0.00                           net53 (net)
                  0.05    0.00    1.36 ^ _0785_/A0 (sky130_fd_sc_hd__mux2_1)
                  0.05    0.12    1.48 ^ _0785_/X (sky130_fd_sc_hd__mux2_1)
     1    0.00                           _0382_ (net)
                  0.05    0.00    1.48 ^ _0786_/A (sky130_fd_sc_hd__clkbuf_1)
                  0.05    0.08    1.56 ^ _0786_/X (sky130_fd_sc_hd__clkbuf_1)
     1    0.00                           _0103_ (net)
                  0.05    0.00    1.56 ^ _1009_/D (sky130_fd_sc_hd__dfxtp_1)
                                  1.56   data arrival time

                          0.00    0.00   clock w_clk (rise edge)
                          0.00    0.00   clock source latency
                  0.26    0.20    0.20 ^ w_clk (in)
     1    0.06                           w_clk (net)
                  0.26    0.00    0.20 ^ clkbuf_0_w_clk/A (sky130_fd_sc_hd__clkbuf_16)
                  0.09    0.24    0.44 ^ clkbuf_0_w_clk/X (sky130_fd_sc_hd__clkbuf_16)
    16    0.07                           clknet_0_w_clk (net)
                  0.09    0.00    0.44 ^ clkbuf_4_1_0_w_clk/A (sky130_fd_sc_hd__clkbuf_8)
                  0.05    0.16    0.60 ^ clkbuf_4_1_0_w_clk/X (sky130_fd_sc_hd__clkbuf_8)
     7    0.02                           clknet_4_1_0_w_clk (net)
                  0.05    0.00    0.60 ^ _1009_/CLK (sky130_fd_sc_hd__dfxtp_1)
                          0.25    0.85   clock uncertainty
                         -0.06    0.79   clock reconvergence pessimism
                         -0.03    0.76   library hold time
                                  0.76   data required time
-----------------------------------------------------------------------------
                                  0.76   data required time
                                 -1.56   data arrival time
-----------------------------------------------------------------------------
                                  0.80   slack (MET)


Startpoint: _0955_ (rising edge-triggered flip-flop clocked by w_clk)
Endpoint: _0955_ (rising edge-triggered flip-flop clocked by w_clk)
Path Group: w_clk
Path Type: min

Fanout     Cap    Slew   Delay    Time   Description
-----------------------------------------------------------------------------
                          0.00    0.00   clock w_clk (rise edge)
                          0.00    0.00   clock source latency
                  0.26    0.18    0.18 ^ w_clk (in)
     1    0.06                           w_clk (net)
                  0.26    0.00    0.18 ^ clkbuf_0_w_clk/A (sky130_fd_sc_hd__clkbuf_16)
                  0.09    0.22    0.40 ^ clkbuf_0_w_clk/X (sky130_fd_sc_hd__clkbuf_16)
    16    0.07                           clknet_0_w_clk (net)
                  0.09    0.00    0.40 ^ clkbuf_4_9_0_w_clk/A (sky130_fd_sc_hd__clkbuf_8)
                  0.05    0.14    0.54 ^ clkbuf_4_9_0_w_clk/X (sky130_fd_sc_hd__clkbuf_8)
     7    0.02                           clknet_4_9_0_w_clk (net)
                  0.05    0.00    0.54 ^ _0955_/CLK (sky130_fd_sc_hd__dfxtp_1)
                  0.07    0.31    0.85 ^ _0955_/Q (sky130_fd_sc_hd__dfxtp_1)
     2    0.01                           mem[11][1] (net)
                  0.07    0.00    0.85 ^ hold103/A (sky130_fd_sc_hd__dlygate4sd3_1)
                  0.05    0.51    1.36 ^ hold103/X (sky130_fd_sc_hd__dlygate4sd3_1)
     1    0.00                           net133 (net)
                  0.05    0.00    1.36 ^ _0663_/A0 (sky130_fd_sc_hd__mux2_1)
                  0.05    0.12    1.48 ^ _0663_/X (sky130_fd_sc_hd__mux2_1)
     1    0.00                           _0314_ (net)
                  0.05    0.00    1.48 ^ _0664_/A (sky130_fd_sc_hd__clkbuf_1)
                  0.04    0.08    1.56 ^ _0664_/X (sky130_fd_sc_hd__clkbuf_1)
     1    0.00                           _0049_ (net)
                  0.04    0.00    1.56 ^ _0955_/D (sky130_fd_sc_hd__dfxtp_1)
                                  1.56   data arrival time

                          0.00    0.00   clock w_clk (rise edge)
                          0.00    0.00   clock source latency
                  0.26    0.20    0.20 ^ w_clk (in)
     1    0.06                           w_clk (net)
                  0.26    0.00    0.20 ^ clkbuf_0_w_clk/A (sky130_fd_sc_hd__clkbuf_16)
                  0.09    0.24    0.44 ^ clkbuf_0_w_clk/X (sky130_fd_sc_hd__clkbuf_16)
    16    0.07                           clknet_0_w_clk (net)
                  0.09    0.00    0.44 ^ clkbuf_4_9_0_w_clk/A (sky130_fd_sc_hd__clkbuf_8)
                  0.05    0.16    0.60 ^ clkbuf_4_9_0_w_clk/X (sky130_fd_sc_hd__clkbuf_8)
     7    0.02                           clknet_4_9_0_w_clk (net)
                  0.05    0.00    0.60 ^ _0955_/CLK (sky130_fd_sc_hd__dfxtp_1)
                          0.25    0.85   clock uncertainty
                         -0.06    0.79   clock reconvergence pessimism
                         -0.03    0.76   library hold time
                                  0.76   data required time
-----------------------------------------------------------------------------
                                  0.76   data required time
                                 -1.56   data arrival time
-----------------------------------------------------------------------------
                                  0.80   slack (MET)


Startpoint: _0927_ (rising edge-triggered flip-flop clocked by w_clk)
Endpoint: _0927_ (rising edge-triggered flip-flop clocked by w_clk)
Path Group: w_clk
Path Type: min

Fanout     Cap    Slew   Delay    Time   Description
-----------------------------------------------------------------------------
                          0.00    0.00   clock w_clk (rise edge)
                          0.00    0.00   clock source latency
                  0.26    0.18    0.18 ^ w_clk (in)
     1    0.06                           w_clk (net)
                  0.26    0.00    0.18 ^ clkbuf_0_w_clk/A (sky130_fd_sc_hd__clkbuf_16)
                  0.09    0.22    0.40 ^ clkbuf_0_w_clk/X (sky130_fd_sc_hd__clkbuf_16)
    16    0.07                           clknet_0_w_clk (net)
                  0.09    0.00    0.40 ^ clkbuf_4_13_0_w_clk/A (sky130_fd_sc_hd__clkbuf_8)
                  0.10    0.18    0.57 ^ clkbuf_4_13_0_w_clk/X (sky130_fd_sc_hd__clkbuf_8)
    17    0.05                           clknet_4_13_0_w_clk (net)
                  0.10    0.00    0.57 ^ _0927_/CLK (sky130_fd_sc_hd__dfxtp_1)
                  0.05    0.31    0.89 ^ _0927_/Q (sky130_fd_sc_hd__dfxtp_1)
     2    0.00                           mem[14][5] (net)
                  0.05    0.00    0.89 ^ hold116/A (sky130_fd_sc_hd__dlygate4sd3_1)
                  0.06    0.52    1.40 ^ hold116/X (sky130_fd_sc_hd__dlygate4sd3_1)
     1    0.00                           net146 (net)
                  0.06    0.00    1.40 ^ _0598_/A0 (sky130_fd_sc_hd__mux2_1)
                  0.05    0.12    1.52 ^ _0598_/X (sky130_fd_sc_hd__mux2_1)
     1    0.00                           _0277_ (net)
                  0.05    0.00    1.52 ^ _0599_/A (sky130_fd_sc_hd__clkbuf_1)
                  0.04    0.08    1.60 ^ _0599_/X (sky130_fd_sc_hd__clkbuf_1)
     1    0.00                           _0021_ (net)
                  0.04    0.00    1.60 ^ _0927_/D (sky130_fd_sc_hd__dfxtp_1)
                                  1.60   data arrival time

                          0.00    0.00   clock w_clk (rise edge)
                          0.00    0.00   clock source latency
                  0.26    0.20    0.20 ^ w_clk (in)
     1    0.06                           w_clk (net)
                  0.26    0.00    0.20 ^ clkbuf_0_w_clk/A (sky130_fd_sc_hd__clkbuf_16)
                  0.09    0.24    0.44 ^ clkbuf_0_w_clk/X (sky130_fd_sc_hd__clkbuf_16)
    16    0.07                           clknet_0_w_clk (net)
                  0.09    0.00    0.44 ^ clkbuf_4_13_0_w_clk/A (sky130_fd_sc_hd__clkbuf_8)
                  0.10    0.19    0.63 ^ clkbuf_4_13_0_w_clk/X (sky130_fd_sc_hd__clkbuf_8)
    17    0.05                           clknet_4_13_0_w_clk (net)
                  0.10    0.00    0.63 ^ _0927_/CLK (sky130_fd_sc_hd__dfxtp_1)
                          0.25    0.88   clock uncertainty
                         -0.06    0.82   clock reconvergence pessimism
                         -0.02    0.80   library hold time
                                  0.80   data required time
-----------------------------------------------------------------------------
                                  0.80   data required time
                                 -1.60   data arrival time
-----------------------------------------------------------------------------
                                  0.80   slack (MET)


Startpoint: _0947_ (rising edge-triggered flip-flop clocked by w_clk)
Endpoint: _0947_ (rising edge-triggered flip-flop clocked by w_clk)
Path Group: w_clk
Path Type: min

Fanout     Cap    Slew   Delay    Time   Description
-----------------------------------------------------------------------------
                          0.00    0.00   clock w_clk (rise edge)
                          0.00    0.00   clock source latency
                  0.26    0.18    0.18 ^ w_clk (in)
     1    0.06                           w_clk (net)
                  0.26    0.00    0.18 ^ clkbuf_0_w_clk/A (sky130_fd_sc_hd__clkbuf_16)
                  0.09    0.22    0.40 ^ clkbuf_0_w_clk/X (sky130_fd_sc_hd__clkbuf_16)
    16    0.07                           clknet_0_w_clk (net)
                  0.09    0.00    0.40 ^ clkbuf_4_12_0_w_clk/A (sky130_fd_sc_hd__clkbuf_8)
                  0.06    0.14    0.54 ^ clkbuf_4_12_0_w_clk/X (sky130_fd_sc_hd__clkbuf_8)
    12    0.02                           clknet_4_12_0_w_clk (net)
                  0.06    0.00    0.54 ^ _0947_/CLK (sky130_fd_sc_hd__dfxtp_1)
                  0.06    0.30    0.84 ^ _0947_/Q (sky130_fd_sc_hd__dfxtp_1)
     2    0.00                           mem[12][1] (net)
                  0.06    0.00    0.84 ^ hold74/A (sky130_fd_sc_hd__dlygate4sd3_1)
                  0.06    0.51    1.36 ^ hold74/X (sky130_fd_sc_hd__dlygate4sd3_1)
     1    0.00                           net104 (net)
                  0.06    0.00    1.36 ^ _0645_/A0 (sky130_fd_sc_hd__mux2_1)
                  0.05    0.12    1.48 ^ _0645_/X (sky130_fd_sc_hd__mux2_1)
     1    0.00                           _0304_ (net)
                  0.05    0.00    1.48 ^ _0646_/A (sky130_fd_sc_hd__clkbuf_1)
                  0.05    0.08    1.56 ^ _0646_/X (sky130_fd_sc_hd__clkbuf_1)
     1    0.00                           _0041_ (net)
                  0.05    0.00    1.56 ^ _0947_/D (sky130_fd_sc_hd__dfxtp_1)
                                  1.56   data arrival time

                          0.00    0.00   clock w_clk (rise edge)
                          0.00    0.00   clock source latency
                  0.26    0.20    0.20 ^ w_clk (in)
     1    0.06                           w_clk (net)
                  0.26    0.00    0.20 ^ clkbuf_0_w_clk/A (sky130_fd_sc_hd__clkbuf_16)
                  0.09    0.24    0.44 ^ clkbuf_0_w_clk/X (sky130_fd_sc_hd__clkbuf_16)
    16    0.07                           clknet_0_w_clk (net)
                  0.09    0.00    0.44 ^ clkbuf_4_12_0_w_clk/A (sky130_fd_sc_hd__clkbuf_8)
                  0.06    0.16    0.60 ^ clkbuf_4_12_0_w_clk/X (sky130_fd_sc_hd__clkbuf_8)
    12    0.02                           clknet_4_12_0_w_clk (net)
                  0.06    0.00    0.60 ^ _0947_/CLK (sky130_fd_sc_hd__dfxtp_1)
                          0.25    0.85   clock uncertainty
                         -0.06    0.79   clock reconvergence pessimism
                         -0.03    0.76   library hold time
                                  0.76   data required time
-----------------------------------------------------------------------------
                                  0.76   data required time
                                 -1.56   data arrival time
-----------------------------------------------------------------------------
                                  0.80   slack (MET)


Startpoint: _0981_ (rising edge-triggered flip-flop clocked by w_clk)
Endpoint: _0981_ (rising edge-triggered flip-flop clocked by w_clk)
Path Group: w_clk
Path Type: min

Fanout     Cap    Slew   Delay    Time   Description
-----------------------------------------------------------------------------
                          0.00    0.00   clock w_clk (rise edge)
                          0.00    0.00   clock source latency
                  0.26    0.18    0.18 ^ w_clk (in)
     1    0.06                           w_clk (net)
                  0.26    0.00    0.18 ^ clkbuf_0_w_clk/A (sky130_fd_sc_hd__clkbuf_16)
                  0.09    0.22    0.40 ^ clkbuf_0_w_clk/X (sky130_fd_sc_hd__clkbuf_16)
    16    0.07                           clknet_0_w_clk (net)
                  0.09    0.00    0.40 ^ clkbuf_4_11_0_w_clk/A (sky130_fd_sc_hd__clkbuf_8)
                  0.06    0.15    0.55 ^ clkbuf_4_11_0_w_clk/X (sky130_fd_sc_hd__clkbuf_8)
     9    0.03                           clknet_4_11_0_w_clk (net)
                  0.06    0.00    0.55 ^ _0981_/CLK (sky130_fd_sc_hd__dfxtp_1)
                  0.06    0.31    0.85 ^ _0981_/Q (sky130_fd_sc_hd__dfxtp_1)
     2    0.01                           mem[2][3] (net)
                  0.06    0.00    0.85 ^ hold73/A (sky130_fd_sc_hd__dlygate4sd3_1)
                  0.06    0.52    1.37 ^ hold73/X (sky130_fd_sc_hd__dlygate4sd3_1)
     1    0.00                           net103 (net)
                  0.06    0.00    1.37 ^ _0724_/A0 (sky130_fd_sc_hd__mux2_1)
                  0.05    0.12    1.49 ^ _0724_/X (sky130_fd_sc_hd__mux2_1)
     1    0.00                           _0349_ (net)
                  0.05    0.00    1.49 ^ _0725_/A (sky130_fd_sc_hd__clkbuf_1)
                  0.04    0.08    1.57 ^ _0725_/X (sky130_fd_sc_hd__clkbuf_1)
     1    0.00                           _0075_ (net)
                  0.04    0.00    1.57 ^ _0981_/D (sky130_fd_sc_hd__dfxtp_1)
                                  1.57   data arrival time

                          0.00    0.00   clock w_clk (rise edge)
                          0.00    0.00   clock source latency
                  0.26    0.20    0.20 ^ w_clk (in)
     1    0.06                           w_clk (net)
                  0.26    0.00    0.20 ^ clkbuf_0_w_clk/A (sky130_fd_sc_hd__clkbuf_16)
                  0.09    0.24    0.44 ^ clkbuf_0_w_clk/X (sky130_fd_sc_hd__clkbuf_16)
    16    0.07                           clknet_0_w_clk (net)
                  0.09    0.00    0.44 ^ clkbuf_4_11_0_w_clk/A (sky130_fd_sc_hd__clkbuf_8)
                  0.06    0.16    0.60 ^ clkbuf_4_11_0_w_clk/X (sky130_fd_sc_hd__clkbuf_8)
     9    0.03                           clknet_4_11_0_w_clk (net)
                  0.06    0.00    0.60 ^ _0981_/CLK (sky130_fd_sc_hd__dfxtp_1)
                          0.25    0.85   clock uncertainty
                         -0.06    0.80   clock reconvergence pessimism
                         -0.03    0.77   library hold time
                                  0.77   data required time
-----------------------------------------------------------------------------
                                  0.77   data required time
                                 -1.57   data arrival time
-----------------------------------------------------------------------------
                                  0.80   slack (MET)


Startpoint: _0976_ (rising edge-triggered flip-flop clocked by w_clk)
Endpoint: _0976_ (rising edge-triggered flip-flop clocked by w_clk)
Path Group: w_clk
Path Type: min

Fanout     Cap    Slew   Delay    Time   Description
-----------------------------------------------------------------------------
                          0.00    0.00   clock w_clk (rise edge)
                          0.00    0.00   clock source latency
                  0.26    0.18    0.18 ^ w_clk (in)
     1    0.06                           w_clk (net)
                  0.26    0.00    0.18 ^ clkbuf_0_w_clk/A (sky130_fd_sc_hd__clkbuf_16)
                  0.09    0.22    0.40 ^ clkbuf_0_w_clk/X (sky130_fd_sc_hd__clkbuf_16)
    16    0.07                           clknet_0_w_clk (net)
                  0.09    0.00    0.40 ^ clkbuf_4_10_0_w_clk/A (sky130_fd_sc_hd__clkbuf_8)
                  0.06    0.15    0.54 ^ clkbuf_4_10_0_w_clk/X (sky130_fd_sc_hd__clkbuf_8)
    13    0.02                           clknet_4_10_0_w_clk (net)
                  0.06    0.00    0.54 ^ _0976_/CLK (sky130_fd_sc_hd__dfxtp_1)
                  0.07    0.31    0.85 ^ _0976_/Q (sky130_fd_sc_hd__dfxtp_1)
     2    0.01                           mem[0][6] (net)
                  0.07    0.00    0.85 ^ hold25/A (sky130_fd_sc_hd__dlygate4sd3_1)
                  0.06    0.52    1.37 ^ hold25/X (sky130_fd_sc_hd__dlygate4sd3_1)
     1    0.00                           net55 (net)
                  0.06    0.00    1.37 ^ _0712_/A0 (sky130_fd_sc_hd__mux2_1)
                  0.04    0.11    1.49 ^ _0712_/X (sky130_fd_sc_hd__mux2_1)
     1    0.00                           _0342_ (net)
                  0.04    0.00    1.49 ^ _0713_/A (sky130_fd_sc_hd__clkbuf_1)
                  0.04    0.08    1.56 ^ _0713_/X (sky130_fd_sc_hd__clkbuf_1)
     1    0.00                           _0070_ (net)
                  0.04    0.00    1.56 ^ _0976_/D (sky130_fd_sc_hd__dfxtp_1)
                                  1.56   data arrival time

                          0.00    0.00   clock w_clk (rise edge)
                          0.00    0.00   clock source latency
                  0.26    0.20    0.20 ^ w_clk (in)
     1    0.06                           w_clk (net)
                  0.26    0.00    0.20 ^ clkbuf_0_w_clk/A (sky130_fd_sc_hd__clkbuf_16)
                  0.09    0.24    0.44 ^ clkbuf_0_w_clk/X (sky130_fd_sc_hd__clkbuf_16)
    16    0.07                           clknet_0_w_clk (net)
                  0.09    0.00    0.44 ^ clkbuf_4_10_0_w_clk/A (sky130_fd_sc_hd__clkbuf_8)
                  0.06    0.16    0.60 ^ clkbuf_4_10_0_w_clk/X (sky130_fd_sc_hd__clkbuf_8)
    13    0.02                           clknet_4_10_0_w_clk (net)
                  0.06    0.00    0.60 ^ _0976_/CLK (sky130_fd_sc_hd__dfxtp_1)
                          0.25    0.85   clock uncertainty
                         -0.06    0.79   clock reconvergence pessimism
                         -0.03    0.76   library hold time
                                  0.76   data required time
-----------------------------------------------------------------------------
                                  0.76   data required time
                                 -1.56   data arrival time
-----------------------------------------------------------------------------
                                  0.80   slack (MET)


Startpoint: _0936_ (rising edge-triggered flip-flop clocked by w_clk)
Endpoint: _0936_ (rising edge-triggered flip-flop clocked by w_clk)
Path Group: w_clk
Path Type: min

Fanout     Cap    Slew   Delay    Time   Description
-----------------------------------------------------------------------------
                          0.00    0.00   clock w_clk (rise edge)
                          0.00    0.00   clock source latency
                  0.26    0.18    0.18 ^ w_clk (in)
     1    0.06                           w_clk (net)
                  0.26    0.00    0.18 ^ clkbuf_0_w_clk/A (sky130_fd_sc_hd__clkbuf_16)
                  0.09    0.22    0.40 ^ clkbuf_0_w_clk/X (sky130_fd_sc_hd__clkbuf_16)
    16    0.07                           clknet_0_w_clk (net)
                  0.09    0.00    0.40 ^ clkbuf_4_10_0_w_clk/A (sky130_fd_sc_hd__clkbuf_8)
                  0.06    0.15    0.54 ^ clkbuf_4_10_0_w_clk/X (sky130_fd_sc_hd__clkbuf_8)
    13    0.02                           clknet_4_10_0_w_clk (net)
                  0.06    0.00    0.54 ^ _0936_/CLK (sky130_fd_sc_hd__dfxtp_1)
                  0.07    0.31    0.85 ^ _0936_/Q (sky130_fd_sc_hd__dfxtp_1)
     2    0.01                           mem[1][6] (net)
                  0.07    0.00    0.85 ^ hold99/A (sky130_fd_sc_hd__dlygate4sd3_1)
                  0.05    0.51    1.37 ^ hold99/X (sky130_fd_sc_hd__dlygate4sd3_1)
     1    0.00                           net129 (net)
                  0.05    0.00    1.37 ^ _0619_/A0 (sky130_fd_sc_hd__mux2_1)
                  0.05    0.12    1.48 ^ _0619_/X (sky130_fd_sc_hd__mux2_1)
     1    0.00                           _0289_ (net)
                  0.05    0.00    1.48 ^ _0620_/A (sky130_fd_sc_hd__clkbuf_1)
                  0.05    0.08    1.56 ^ _0620_/X (sky130_fd_sc_hd__clkbuf_1)
     1    0.00                           _0030_ (net)
                  0.05    0.00    1.56 ^ _0936_/D (sky130_fd_sc_hd__dfxtp_1)
                                  1.56   data arrival time

                          0.00    0.00   clock w_clk (rise edge)
                          0.00    0.00   clock source latency
                  0.26    0.20    0.20 ^ w_clk (in)
     1    0.06                           w_clk (net)
                  0.26    0.00    0.20 ^ clkbuf_0_w_clk/A (sky130_fd_sc_hd__clkbuf_16)
                  0.09    0.24    0.44 ^ clkbuf_0_w_clk/X (sky130_fd_sc_hd__clkbuf_16)
    16    0.07                           clknet_0_w_clk (net)
                  0.09    0.00    0.44 ^ clkbuf_4_10_0_w_clk/A (sky130_fd_sc_hd__clkbuf_8)
                  0.06    0.16    0.60 ^ clkbuf_4_10_0_w_clk/X (sky130_fd_sc_hd__clkbuf_8)
    13    0.02                           clknet_4_10_0_w_clk (net)
                  0.06    0.00    0.60 ^ _0936_/CLK (sky130_fd_sc_hd__dfxtp_1)
                          0.25    0.85   clock uncertainty
                         -0.06    0.79   clock reconvergence pessimism
                         -0.03    0.76   library hold time
                                  0.76   data required time
-----------------------------------------------------------------------------
                                  0.76   data required time
                                 -1.56   data arrival time
-----------------------------------------------------------------------------
                                  0.80   slack (MET)


Startpoint: _1030_ (rising edge-triggered flip-flop clocked by w_clk)
Endpoint: _1030_ (rising edge-triggered flip-flop clocked by w_clk)
Path Group: w_clk
Path Type: min

Fanout     Cap    Slew   Delay    Time   Description
-----------------------------------------------------------------------------
                          0.00    0.00   clock w_clk (rise edge)
                          0.00    0.00   clock source latency
                  0.26    0.18    0.18 ^ w_clk (in)
     1    0.06                           w_clk (net)
                  0.26    0.00    0.18 ^ clkbuf_0_w_clk/A (sky130_fd_sc_hd__clkbuf_16)
                  0.09    0.22    0.40 ^ clkbuf_0_w_clk/X (sky130_fd_sc_hd__clkbuf_16)
    16    0.07                           clknet_0_w_clk (net)
                  0.09    0.00    0.40 ^ clkbuf_4_1_0_w_clk/A (sky130_fd_sc_hd__clkbuf_8)
                  0.05    0.14    0.54 ^ clkbuf_4_1_0_w_clk/X (sky130_fd_sc_hd__clkbuf_8)
     7    0.02                           clknet_4_1_0_w_clk (net)
                  0.05    0.00    0.54 ^ _1030_/CLK (sky130_fd_sc_hd__dfxtp_1)
                  0.06    0.30    0.84 ^ _1030_/Q (sky130_fd_sc_hd__dfxtp_1)
     2    0.01                           mem[4][7] (net)
                  0.06    0.00    0.84 ^ hold84/A (sky130_fd_sc_hd__dlygate4sd3_1)
                  0.05    0.51    1.36 ^ hold84/X (sky130_fd_sc_hd__dlygate4sd3_1)
     1    0.00                           net114 (net)
                  0.05    0.00    1.36 ^ _0833_/A0 (sky130_fd_sc_hd__mux2_1)
                  0.05    0.12    1.48 ^ _0833_/X (sky130_fd_sc_hd__mux2_1)
     1    0.00                           _0409_ (net)
                  0.05    0.00    1.48 ^ _0834_/A (sky130_fd_sc_hd__clkbuf_1)
                  0.05    0.08    1.56 ^ _0834_/X (sky130_fd_sc_hd__clkbuf_1)
     1    0.00                           _0124_ (net)
                  0.05    0.00    1.56 ^ _1030_/D (sky130_fd_sc_hd__dfxtp_1)
                                  1.56   data arrival time

                          0.00    0.00   clock w_clk (rise edge)
                          0.00    0.00   clock source latency
                  0.26    0.20    0.20 ^ w_clk (in)
     1    0.06                           w_clk (net)
                  0.26    0.00    0.20 ^ clkbuf_0_w_clk/A (sky130_fd_sc_hd__clkbuf_16)
                  0.09    0.24    0.44 ^ clkbuf_0_w_clk/X (sky130_fd_sc_hd__clkbuf_16)
    16    0.07                           clknet_0_w_clk (net)
                  0.09    0.00    0.44 ^ clkbuf_4_1_0_w_clk/A (sky130_fd_sc_hd__clkbuf_8)
                  0.05    0.16    0.60 ^ clkbuf_4_1_0_w_clk/X (sky130_fd_sc_hd__clkbuf_8)
     7    0.02                           clknet_4_1_0_w_clk (net)
                  0.05    0.00    0.60 ^ _1030_/CLK (sky130_fd_sc_hd__dfxtp_1)
                          0.25    0.85   clock uncertainty
                         -0.06    0.79   clock reconvergence pessimism
                         -0.03    0.76   library hold time
                                  0.76   data required time
-----------------------------------------------------------------------------
                                  0.76   data required time
                                 -1.56   data arrival time
-----------------------------------------------------------------------------
                                  0.80   slack (MET)


Startpoint: _0946_ (rising edge-triggered flip-flop clocked by w_clk)
Endpoint: _0946_ (rising edge-triggered flip-flop clocked by w_clk)
Path Group: w_clk
Path Type: min

Fanout     Cap    Slew   Delay    Time   Description
-----------------------------------------------------------------------------
                          0.00    0.00   clock w_clk (rise edge)
                          0.00    0.00   clock source latency
                  0.26    0.18    0.18 ^ w_clk (in)
     1    0.06                           w_clk (net)
                  0.26    0.00    0.18 ^ clkbuf_0_w_clk/A (sky130_fd_sc_hd__clkbuf_16)
                  0.09    0.22    0.40 ^ clkbuf_0_w_clk/X (sky130_fd_sc_hd__clkbuf_16)
    16    0.07                           clknet_0_w_clk (net)
                  0.09    0.00    0.40 ^ clkbuf_4_11_0_w_clk/A (sky130_fd_sc_hd__clkbuf_8)
                  0.06    0.15    0.55 ^ clkbuf_4_11_0_w_clk/X (sky130_fd_sc_hd__clkbuf_8)
     9    0.03                           clknet_4_11_0_w_clk (net)
                  0.06    0.00    0.55 ^ _0946_/CLK (sky130_fd_sc_hd__dfxtp_1)
                  0.06    0.31    0.85 ^ _0946_/Q (sky130_fd_sc_hd__dfxtp_1)
     2    0.01                           mem[12][0] (net)
                  0.06    0.00    0.85 ^ hold59/A (sky130_fd_sc_hd__dlygate4sd3_1)
                  0.05    0.51    1.37 ^ hold59/X (sky130_fd_sc_hd__dlygate4sd3_1)
     1    0.00                           net89 (net)
                  0.05    0.00    1.37 ^ _0643_/A0 (sky130_fd_sc_hd__mux2_1)
                  0.05    0.12    1.48 ^ _0643_/X (sky130_fd_sc_hd__mux2_1)
     1    0.00                           _0303_ (net)
                  0.05    0.00    1.48 ^ _0644_/A (sky130_fd_sc_hd__clkbuf_1)
                  0.05    0.08    1.57 ^ _0644_/X (sky130_fd_sc_hd__clkbuf_1)
     1    0.00                           _0040_ (net)
                  0.05    0.00    1.57 ^ _0946_/D (sky130_fd_sc_hd__dfxtp_1)
                                  1.57   data arrival time

                          0.00    0.00   clock w_clk (rise edge)
                          0.00    0.00   clock source latency
                  0.26    0.20    0.20 ^ w_clk (in)
     1    0.06                           w_clk (net)
                  0.26    0.00    0.20 ^ clkbuf_0_w_clk/A (sky130_fd_sc_hd__clkbuf_16)
                  0.09    0.24    0.44 ^ clkbuf_0_w_clk/X (sky130_fd_sc_hd__clkbuf_16)
    16    0.07                           clknet_0_w_clk (net)
                  0.09    0.00    0.44 ^ clkbuf_4_11_0_w_clk/A (sky130_fd_sc_hd__clkbuf_8)
                  0.06    0.16    0.60 ^ clkbuf_4_11_0_w_clk/X (sky130_fd_sc_hd__clkbuf_8)
     9    0.03                           clknet_4_11_0_w_clk (net)
                  0.06    0.00    0.60 ^ _0946_/CLK (sky130_fd_sc_hd__dfxtp_1)
                          0.25    0.85   clock uncertainty
                         -0.06    0.80   clock reconvergence pessimism
                         -0.03    0.77   library hold time
                                  0.77   data required time
-----------------------------------------------------------------------------
                                  0.77   data required time
                                 -1.57   data arrival time
-----------------------------------------------------------------------------
                                  0.80   slack (MET)


Startpoint: _0954_ (rising edge-triggered flip-flop clocked by w_clk)
Endpoint: _0954_ (rising edge-triggered flip-flop clocked by w_clk)
Path Group: w_clk
Path Type: min

Fanout     Cap    Slew   Delay    Time   Description
-----------------------------------------------------------------------------
                          0.00    0.00   clock w_clk (rise edge)
                          0.00    0.00   clock source latency
                  0.26    0.18    0.18 ^ w_clk (in)
     1    0.06                           w_clk (net)
                  0.26    0.00    0.18 ^ clkbuf_0_w_clk/A (sky130_fd_sc_hd__clkbuf_16)
                  0.09    0.22    0.40 ^ clkbuf_0_w_clk/X (sky130_fd_sc_hd__clkbuf_16)
    16    0.07                           clknet_0_w_clk (net)
                  0.09    0.00    0.40 ^ clkbuf_4_12_0_w_clk/A (sky130_fd_sc_hd__clkbuf_8)
                  0.06    0.14    0.54 ^ clkbuf_4_12_0_w_clk/X (sky130_fd_sc_hd__clkbuf_8)
    12    0.02                           clknet_4_12_0_w_clk (net)
                  0.06    0.00    0.54 ^ _0954_/CLK (sky130_fd_sc_hd__dfxtp_1)
                  0.07    0.31    0.85 ^ _0954_/Q (sky130_fd_sc_hd__dfxtp_1)
     2    0.01                           mem[11][0] (net)
                  0.07    0.00    0.85 ^ hold122/A (sky130_fd_sc_hd__dlygate4sd3_1)
                  0.05    0.51    1.36 ^ hold122/X (sky130_fd_sc_hd__dlygate4sd3_1)
     1    0.00                           net152 (net)
                  0.05    0.00    1.36 ^ _0661_/A0 (sky130_fd_sc_hd__mux2_1)
                  0.05    0.12    1.48 ^ _0661_/X (sky130_fd_sc_hd__mux2_1)
     1    0.00                           _0313_ (net)
                  0.05    0.00    1.48 ^ _0662_/A (sky130_fd_sc_hd__clkbuf_1)
                  0.05    0.08    1.56 ^ _0662_/X (sky130_fd_sc_hd__clkbuf_1)
     1    0.00                           _0048_ (net)
                  0.05    0.00    1.56 ^ _0954_/D (sky130_fd_sc_hd__dfxtp_1)
                                  1.56   data arrival time

                          0.00    0.00   clock w_clk (rise edge)
                          0.00    0.00   clock source latency
                  0.26    0.20    0.20 ^ w_clk (in)
     1    0.06                           w_clk (net)
                  0.26    0.00    0.20 ^ clkbuf_0_w_clk/A (sky130_fd_sc_hd__clkbuf_16)
                  0.09    0.24    0.44 ^ clkbuf_0_w_clk/X (sky130_fd_sc_hd__clkbuf_16)
    16    0.07                           clknet_0_w_clk (net)
                  0.09    0.00    0.44 ^ clkbuf_4_12_0_w_clk/A (sky130_fd_sc_hd__clkbuf_8)
                  0.06    0.16    0.60 ^ clkbuf_4_12_0_w_clk/X (sky130_fd_sc_hd__clkbuf_8)
    12    0.02                           clknet_4_12_0_w_clk (net)
                  0.06    0.00    0.60 ^ _0954_/CLK (sky130_fd_sc_hd__dfxtp_1)
                          0.25    0.85   clock uncertainty
                         -0.06    0.79   clock reconvergence pessimism
                         -0.03    0.76   library hold time
                                  0.76   data required time
-----------------------------------------------------------------------------
                                  0.76   data required time
                                 -1.56   data arrival time
-----------------------------------------------------------------------------
                                  0.80   slack (MET)


Startpoint: _0952_ (rising edge-triggered flip-flop clocked by w_clk)
Endpoint: _0952_ (rising edge-triggered flip-flop clocked by w_clk)
Path Group: w_clk
Path Type: min

Fanout     Cap    Slew   Delay    Time   Description
-----------------------------------------------------------------------------
                          0.00    0.00   clock w_clk (rise edge)
                          0.00    0.00   clock source latency
                  0.26    0.18    0.18 ^ w_clk (in)
     1    0.06                           w_clk (net)
                  0.26    0.00    0.18 ^ clkbuf_0_w_clk/A (sky130_fd_sc_hd__clkbuf_16)
                  0.09    0.22    0.40 ^ clkbuf_0_w_clk/X (sky130_fd_sc_hd__clkbuf_16)
    16    0.07                           clknet_0_w_clk (net)
                  0.09    0.00    0.40 ^ clkbuf_4_14_0_w_clk/A (sky130_fd_sc_hd__clkbuf_8)
                  0.06    0.14    0.54 ^ clkbuf_4_14_0_w_clk/X (sky130_fd_sc_hd__clkbuf_8)
     8    0.02                           clknet_4_14_0_w_clk (net)
                  0.06    0.00    0.54 ^ _0952_/CLK (sky130_fd_sc_hd__dfxtp_1)
                  0.06    0.30    0.85 ^ _0952_/Q (sky130_fd_sc_hd__dfxtp_1)
     2    0.01                           mem[12][6] (net)
                  0.06    0.00    0.85 ^ hold63/A (sky130_fd_sc_hd__dlygate4sd3_1)
                  0.06    0.51    1.36 ^ hold63/X (sky130_fd_sc_hd__dlygate4sd3_1)
     1    0.00                           net93 (net)
                  0.06    0.00    1.36 ^ _0655_/A0 (sky130_fd_sc_hd__mux2_1)
                  0.05    0.12    1.48 ^ _0655_/X (sky130_fd_sc_hd__mux2_1)
     1    0.00                           _0309_ (net)
                  0.05    0.00    1.48 ^ _0656_/A (sky130_fd_sc_hd__clkbuf_1)
                  0.05    0.08    1.56 ^ _0656_/X (sky130_fd_sc_hd__clkbuf_1)
     1    0.00                           _0046_ (net)
                  0.05    0.00    1.56 ^ _0952_/D (sky130_fd_sc_hd__dfxtp_1)
                                  1.56   data arrival time

                          0.00    0.00   clock w_clk (rise edge)
                          0.00    0.00   clock source latency
                  0.26    0.20    0.20 ^ w_clk (in)
     1    0.06                           w_clk (net)
                  0.26    0.00    0.20 ^ clkbuf_0_w_clk/A (sky130_fd_sc_hd__clkbuf_16)
                  0.09    0.24    0.44 ^ clkbuf_0_w_clk/X (sky130_fd_sc_hd__clkbuf_16)
    16    0.07                           clknet_0_w_clk (net)
                  0.09    0.00    0.44 ^ clkbuf_4_14_0_w_clk/A (sky130_fd_sc_hd__clkbuf_8)
                  0.06    0.16    0.60 ^ clkbuf_4_14_0_w_clk/X (sky130_fd_sc_hd__clkbuf_8)
     8    0.02                           clknet_4_14_0_w_clk (net)
                  0.06    0.00    0.60 ^ _0952_/CLK (sky130_fd_sc_hd__dfxtp_1)
                          0.25    0.85   clock uncertainty
                         -0.06    0.79   clock reconvergence pessimism
                         -0.03    0.76   library hold time
                                  0.76   data required time
-----------------------------------------------------------------------------
                                  0.76   data required time
                                 -1.56   data arrival time
-----------------------------------------------------------------------------
                                  0.80   slack (MET)


Startpoint: _0935_ (rising edge-triggered flip-flop clocked by w_clk)
Endpoint: _0935_ (rising edge-triggered flip-flop clocked by w_clk)
Path Group: w_clk
Path Type: min

Fanout     Cap    Slew   Delay    Time   Description
-----------------------------------------------------------------------------
                          0.00    0.00   clock w_clk (rise edge)
                          0.00    0.00   clock source latency
                  0.26    0.18    0.18 ^ w_clk (in)
     1    0.06                           w_clk (net)
                  0.26    0.00    0.18 ^ clkbuf_0_w_clk/A (sky130_fd_sc_hd__clkbuf_16)
                  0.09    0.22    0.40 ^ clkbuf_0_w_clk/X (sky130_fd_sc_hd__clkbuf_16)
    16    0.07                           clknet_0_w_clk (net)
                  0.09    0.00    0.40 ^ clkbuf_4_10_0_w_clk/A (sky130_fd_sc_hd__clkbuf_8)
                  0.06    0.15    0.54 ^ clkbuf_4_10_0_w_clk/X (sky130_fd_sc_hd__clkbuf_8)
    13    0.02                           clknet_4_10_0_w_clk (net)
                  0.06    0.00    0.54 ^ _0935_/CLK (sky130_fd_sc_hd__dfxtp_1)
                  0.06    0.31    0.85 ^ _0935_/Q (sky130_fd_sc_hd__dfxtp_1)
     2    0.01                           mem[1][5] (net)
                  0.06    0.00    0.85 ^ hold130/A (sky130_fd_sc_hd__dlygate4sd3_1)
                  0.06    0.52    1.37 ^ hold130/X (sky130_fd_sc_hd__dlygate4sd3_1)
     1    0.00                           net160 (net)
                  0.06    0.00    1.37 ^ _0617_/A0 (sky130_fd_sc_hd__mux2_1)
                  0.05    0.12    1.49 ^ _0617_/X (sky130_fd_sc_hd__mux2_1)
     1    0.00                           _0288_ (net)
                  0.05    0.00    1.49 ^ _0618_/A (sky130_fd_sc_hd__clkbuf_1)
                  0.04    0.08    1.57 ^ _0618_/X (sky130_fd_sc_hd__clkbuf_1)
     1    0.00                           _0029_ (net)
                  0.04    0.00    1.57 ^ _0935_/D (sky130_fd_sc_hd__dfxtp_1)
                                  1.57   data arrival time

                          0.00    0.00   clock w_clk (rise edge)
                          0.00    0.00   clock source latency
                  0.26    0.20    0.20 ^ w_clk (in)
     1    0.06                           w_clk (net)
                  0.26    0.00    0.20 ^ clkbuf_0_w_clk/A (sky130_fd_sc_hd__clkbuf_16)
                  0.09    0.24    0.44 ^ clkbuf_0_w_clk/X (sky130_fd_sc_hd__clkbuf_16)
    16    0.07                           clknet_0_w_clk (net)
                  0.09    0.00    0.44 ^ clkbuf_4_10_0_w_clk/A (sky130_fd_sc_hd__clkbuf_8)
                  0.06    0.16    0.60 ^ clkbuf_4_10_0_w_clk/X (sky130_fd_sc_hd__clkbuf_8)
    13    0.02                           clknet_4_10_0_w_clk (net)
                  0.06    0.00    0.60 ^ _0935_/CLK (sky130_fd_sc_hd__dfxtp_1)
                          0.25    0.85   clock uncertainty
                         -0.06    0.79   clock reconvergence pessimism
                         -0.03    0.76   library hold time
                                  0.76   data required time
-----------------------------------------------------------------------------
                                  0.76   data required time
                                 -1.57   data arrival time
-----------------------------------------------------------------------------
                                  0.80   slack (MET)


Startpoint: _0983_ (rising edge-triggered flip-flop clocked by w_clk)
Endpoint: _0983_ (rising edge-triggered flip-flop clocked by w_clk)
Path Group: w_clk
Path Type: min

Fanout     Cap    Slew   Delay    Time   Description
-----------------------------------------------------------------------------
                          0.00    0.00   clock w_clk (rise edge)
                          0.00    0.00   clock source latency
                  0.26    0.18    0.18 ^ w_clk (in)
     1    0.06                           w_clk (net)
                  0.26    0.00    0.18 ^ clkbuf_0_w_clk/A (sky130_fd_sc_hd__clkbuf_16)
                  0.09    0.22    0.40 ^ clkbuf_0_w_clk/X (sky130_fd_sc_hd__clkbuf_16)
    16    0.07                           clknet_0_w_clk (net)
                  0.09    0.00    0.40 ^ clkbuf_4_11_0_w_clk/A (sky130_fd_sc_hd__clkbuf_8)
                  0.06    0.15    0.55 ^ clkbuf_4_11_0_w_clk/X (sky130_fd_sc_hd__clkbuf_8)
     9    0.03                           clknet_4_11_0_w_clk (net)
                  0.06    0.00    0.55 ^ _0983_/CLK (sky130_fd_sc_hd__dfxtp_1)
                  0.07    0.31    0.85 ^ _0983_/Q (sky130_fd_sc_hd__dfxtp_1)
     2    0.01                           mem[2][5] (net)
                  0.07    0.00    0.85 ^ hold114/A (sky130_fd_sc_hd__dlygate4sd3_1)
                  0.05    0.51    1.37 ^ hold114/X (sky130_fd_sc_hd__dlygate4sd3_1)
     1    0.00                           net144 (net)
                  0.05    0.00    1.37 ^ _0728_/A0 (sky130_fd_sc_hd__mux2_1)
                  0.05    0.12    1.49 ^ _0728_/X (sky130_fd_sc_hd__mux2_1)
     1    0.00                           _0351_ (net)
                  0.05    0.00    1.49 ^ _0729_/A (sky130_fd_sc_hd__clkbuf_1)
                  0.04    0.08    1.57 ^ _0729_/X (sky130_fd_sc_hd__clkbuf_1)
     1    0.00                           _0077_ (net)
                  0.04    0.00    1.57 ^ _0983_/D (sky130_fd_sc_hd__dfxtp_1)
                                  1.57   data arrival time

                          0.00    0.00   clock w_clk (rise edge)
                          0.00    0.00   clock source latency
                  0.26    0.20    0.20 ^ w_clk (in)
     1    0.06                           w_clk (net)
                  0.26    0.00    0.20 ^ clkbuf_0_w_clk/A (sky130_fd_sc_hd__clkbuf_16)
                  0.09    0.24    0.44 ^ clkbuf_0_w_clk/X (sky130_fd_sc_hd__clkbuf_16)
    16    0.07                           clknet_0_w_clk (net)
                  0.09    0.00    0.44 ^ clkbuf_4_11_0_w_clk/A (sky130_fd_sc_hd__clkbuf_8)
                  0.06    0.16    0.60 ^ clkbuf_4_11_0_w_clk/X (sky130_fd_sc_hd__clkbuf_8)
     9    0.03                           clknet_4_11_0_w_clk (net)
                  0.06    0.00    0.60 ^ _0983_/CLK (sky130_fd_sc_hd__dfxtp_1)
                          0.25    0.85   clock uncertainty
                         -0.06    0.80   clock reconvergence pessimism
                         -0.03    0.77   library hold time
                                  0.77   data required time
-----------------------------------------------------------------------------
                                  0.77   data required time
                                 -1.57   data arrival time
-----------------------------------------------------------------------------
                                  0.80   slack (MET)


Startpoint: _0988_ (rising edge-triggered flip-flop clocked by w_clk)
Endpoint: _0988_ (rising edge-triggered flip-flop clocked by w_clk)
Path Group: w_clk
Path Type: min

Fanout     Cap    Slew   Delay    Time   Description
-----------------------------------------------------------------------------
                          0.00    0.00   clock w_clk (rise edge)
                          0.00    0.00   clock source latency
                  0.26    0.18    0.18 ^ w_clk (in)
     1    0.06                           w_clk (net)
                  0.26    0.00    0.18 ^ clkbuf_0_w_clk/A (sky130_fd_sc_hd__clkbuf_16)
                  0.09    0.22    0.40 ^ clkbuf_0_w_clk/X (sky130_fd_sc_hd__clkbuf_16)
    16    0.07                           clknet_0_w_clk (net)
                  0.09    0.00    0.40 ^ clkbuf_4_13_0_w_clk/A (sky130_fd_sc_hd__clkbuf_8)
                  0.10    0.18    0.57 ^ clkbuf_4_13_0_w_clk/X (sky130_fd_sc_hd__clkbuf_8)
    17    0.05                           clknet_4_13_0_w_clk (net)
                  0.10    0.00    0.57 ^ _0988_/CLK (sky130_fd_sc_hd__dfxtp_1)
                  0.06    0.32    0.89 ^ _0988_/Q (sky130_fd_sc_hd__dfxtp_1)
     2    0.01                           mem[8][2] (net)
                  0.06    0.00    0.89 ^ hold128/A (sky130_fd_sc_hd__dlygate4sd3_1)
                  0.06    0.52    1.41 ^ hold128/X (sky130_fd_sc_hd__dlygate4sd3_1)
     1    0.00                           net158 (net)
                  0.06    0.00    1.41 ^ _0740_/A0 (sky130_fd_sc_hd__mux2_1)
                  0.04    0.11    1.52 ^ _0740_/X (sky130_fd_sc_hd__mux2_1)
     1    0.00                           _0358_ (net)
                  0.04    0.00    1.52 ^ _0741_/A (sky130_fd_sc_hd__clkbuf_1)
                  0.05    0.08    1.60 ^ _0741_/X (sky130_fd_sc_hd__clkbuf_1)
     1    0.00                           _0082_ (net)
                  0.05    0.00    1.60 ^ _0988_/D (sky130_fd_sc_hd__dfxtp_1)
                                  1.60   data arrival time

                          0.00    0.00   clock w_clk (rise edge)
                          0.00    0.00   clock source latency
                  0.26    0.20    0.20 ^ w_clk (in)
     1    0.06                           w_clk (net)
                  0.26    0.00    0.20 ^ clkbuf_0_w_clk/A (sky130_fd_sc_hd__clkbuf_16)
                  0.09    0.24    0.44 ^ clkbuf_0_w_clk/X (sky130_fd_sc_hd__clkbuf_16)
    16    0.07                           clknet_0_w_clk (net)
                  0.09    0.00    0.44 ^ clkbuf_4_13_0_w_clk/A (sky130_fd_sc_hd__clkbuf_8)
                  0.10    0.19    0.63 ^ clkbuf_4_13_0_w_clk/X (sky130_fd_sc_hd__clkbuf_8)
    17    0.05                           clknet_4_13_0_w_clk (net)
                  0.10    0.00    0.63 ^ _0988_/CLK (sky130_fd_sc_hd__dfxtp_1)
                          0.25    0.88   clock uncertainty
                         -0.06    0.82   clock reconvergence pessimism
                         -0.02    0.80   library hold time
                                  0.80   data required time
-----------------------------------------------------------------------------
                                  0.80   data required time
                                 -1.60   data arrival time
-----------------------------------------------------------------------------
                                  0.80   slack (MET)


Startpoint: _0989_ (rising edge-triggered flip-flop clocked by w_clk)
Endpoint: _0989_ (rising edge-triggered flip-flop clocked by w_clk)
Path Group: w_clk
Path Type: min

Fanout     Cap    Slew   Delay    Time   Description
-----------------------------------------------------------------------------
                          0.00    0.00   clock w_clk (rise edge)
                          0.00    0.00   clock source latency
                  0.26    0.18    0.18 ^ w_clk (in)
     1    0.06                           w_clk (net)
                  0.26    0.00    0.18 ^ clkbuf_0_w_clk/A (sky130_fd_sc_hd__clkbuf_16)
                  0.09    0.22    0.40 ^ clkbuf_0_w_clk/X (sky130_fd_sc_hd__clkbuf_16)
    16    0.07                           clknet_0_w_clk (net)
                  0.09    0.00    0.40 ^ clkbuf_4_15_0_w_clk/A (sky130_fd_sc_hd__clkbuf_8)
                  0.07    0.15    0.55 ^ clkbuf_4_15_0_w_clk/X (sky130_fd_sc_hd__clkbuf_8)
    10    0.03                           clknet_4_15_0_w_clk (net)
                  0.07    0.00    0.55 ^ _0989_/CLK (sky130_fd_sc_hd__dfxtp_1)
                  0.07    0.31    0.86 ^ _0989_/Q (sky130_fd_sc_hd__dfxtp_1)
     2    0.01                           mem[8][3] (net)
                  0.07    0.00    0.86 ^ hold100/A (sky130_fd_sc_hd__dlygate4sd3_1)
                  0.05    0.51    1.37 ^ hold100/X (sky130_fd_sc_hd__dlygate4sd3_1)
     1    0.00                           net130 (net)
                  0.05    0.00    1.37 ^ _0742_/A0 (sky130_fd_sc_hd__mux2_1)
                  0.05    0.12    1.49 ^ _0742_/X (sky130_fd_sc_hd__mux2_1)
     1    0.00                           _0359_ (net)
                  0.05    0.00    1.49 ^ _0743_/A (sky130_fd_sc_hd__clkbuf_1)
                  0.05    0.08    1.57 ^ _0743_/X (sky130_fd_sc_hd__clkbuf_1)
     1    0.00                           _0083_ (net)
                  0.05    0.00    1.57 ^ _0989_/D (sky130_fd_sc_hd__dfxtp_1)
                                  1.57   data arrival time

                          0.00    0.00   clock w_clk (rise edge)
                          0.00    0.00   clock source latency
                  0.26    0.20    0.20 ^ w_clk (in)
     1    0.06                           w_clk (net)
                  0.26    0.00    0.20 ^ clkbuf_0_w_clk/A (sky130_fd_sc_hd__clkbuf_16)
                  0.09    0.24    0.44 ^ clkbuf_0_w_clk/X (sky130_fd_sc_hd__clkbuf_16)
    16    0.07                           clknet_0_w_clk (net)
                  0.09    0.00    0.44 ^ clkbuf_4_15_0_w_clk/A (sky130_fd_sc_hd__clkbuf_8)
                  0.07    0.17    0.61 ^ clkbuf_4_15_0_w_clk/X (sky130_fd_sc_hd__clkbuf_8)
    10    0.03                           clknet_4_15_0_w_clk (net)
                  0.07    0.00    0.61 ^ _0989_/CLK (sky130_fd_sc_hd__dfxtp_1)
                          0.25    0.86   clock uncertainty
                         -0.06    0.80   clock reconvergence pessimism
                         -0.03    0.77   library hold time
                                  0.77   data required time
-----------------------------------------------------------------------------
                                  0.77   data required time
                                 -1.57   data arrival time
-----------------------------------------------------------------------------
                                  0.80   slack (MET)


Startpoint: _1005_ (rising edge-triggered flip-flop clocked by w_clk)
Endpoint: _1005_ (rising edge-triggered flip-flop clocked by w_clk)
Path Group: w_clk
Path Type: min

Fanout     Cap    Slew   Delay    Time   Description
-----------------------------------------------------------------------------
                          0.00    0.00   clock w_clk (rise edge)
                          0.00    0.00   clock source latency
                  0.26    0.18    0.18 ^ w_clk (in)
     1    0.06                           w_clk (net)
                  0.26    0.00    0.18 ^ clkbuf_0_w_clk/A (sky130_fd_sc_hd__clkbuf_16)
                  0.09    0.22    0.40 ^ clkbuf_0_w_clk/X (sky130_fd_sc_hd__clkbuf_16)
    16    0.07                           clknet_0_w_clk (net)
                  0.09    0.00    0.40 ^ clkbuf_4_11_0_w_clk/A (sky130_fd_sc_hd__clkbuf_8)
                  0.06    0.15    0.55 ^ clkbuf_4_11_0_w_clk/X (sky130_fd_sc_hd__clkbuf_8)
     9    0.03                           clknet_4_11_0_w_clk (net)
                  0.06    0.00    0.55 ^ _1005_/CLK (sky130_fd_sc_hd__dfxtp_1)
                  0.06    0.31    0.85 ^ _1005_/Q (sky130_fd_sc_hd__dfxtp_1)
     2    0.01                           mem[3][3] (net)
                  0.06    0.00    0.85 ^ hold47/A (sky130_fd_sc_hd__dlygate4sd3_1)
                  0.05    0.51    1.36 ^ hold47/X (sky130_fd_sc_hd__dlygate4sd3_1)
     1    0.00                           net77 (net)
                  0.05    0.00    1.36 ^ _0777_/A0 (sky130_fd_sc_hd__mux2_1)
                  0.05    0.12    1.49 ^ _0777_/X (sky130_fd_sc_hd__mux2_1)
     1    0.00                           _0378_ (net)
                  0.05    0.00    1.49 ^ _0778_/A (sky130_fd_sc_hd__clkbuf_1)
                  0.05    0.08    1.57 ^ _0778_/X (sky130_fd_sc_hd__clkbuf_1)
     1    0.00                           _0099_ (net)
                  0.05    0.00    1.57 ^ _1005_/D (sky130_fd_sc_hd__dfxtp_1)
                                  1.57   data arrival time

                          0.00    0.00   clock w_clk (rise edge)
                          0.00    0.00   clock source latency
                  0.26    0.20    0.20 ^ w_clk (in)
     1    0.06                           w_clk (net)
                  0.26    0.00    0.20 ^ clkbuf_0_w_clk/A (sky130_fd_sc_hd__clkbuf_16)
                  0.09    0.24    0.44 ^ clkbuf_0_w_clk/X (sky130_fd_sc_hd__clkbuf_16)
    16    0.07                           clknet_0_w_clk (net)
                  0.09    0.00    0.44 ^ clkbuf_4_11_0_w_clk/A (sky130_fd_sc_hd__clkbuf_8)
                  0.06    0.16    0.60 ^ clkbuf_4_11_0_w_clk/X (sky130_fd_sc_hd__clkbuf_8)
     9    0.03                           clknet_4_11_0_w_clk (net)
                  0.06    0.00    0.60 ^ _1005_/CLK (sky130_fd_sc_hd__dfxtp_1)
                          0.25    0.85   clock uncertainty
                         -0.06    0.80   clock reconvergence pessimism
                         -0.03    0.77   library hold time
                                  0.77   data required time
-----------------------------------------------------------------------------
                                  0.77   data required time
                                 -1.57   data arrival time
-----------------------------------------------------------------------------
                                  0.80   slack (MET)


Startpoint: _1063_ (rising edge-triggered flip-flop clocked by w_clk)
Endpoint: _1014_ (rising edge-triggered flip-flop clocked by w_clk)
Path Group: w_clk
Path Type: min

Fanout     Cap    Slew   Delay    Time   Description
-----------------------------------------------------------------------------
                          0.00    0.00   clock w_clk (rise edge)
                          0.00    0.00   clock source latency
                  0.26    0.18    0.18 ^ w_clk (in)
     1    0.06                           w_clk (net)
                  0.26    0.00    0.18 ^ clkbuf_0_w_clk/A (sky130_fd_sc_hd__clkbuf_16)
                  0.09    0.22    0.40 ^ clkbuf_0_w_clk/X (sky130_fd_sc_hd__clkbuf_16)
    16    0.07                           clknet_0_w_clk (net)
                  0.09    0.00    0.40 ^ clkbuf_4_4_0_w_clk/A (sky130_fd_sc_hd__clkbuf_8)
                  0.04    0.13    0.53 ^ clkbuf_4_4_0_w_clk/X (sky130_fd_sc_hd__clkbuf_8)
     7    0.01                           clknet_4_4_0_w_clk (net)
                  0.04    0.00    0.53 ^ _1063_/CLK (sky130_fd_sc_hd__dfrtp_4)
                  0.11    0.43    0.95 ^ _1063_/Q (sky130_fd_sc_hd__dfrtp_4)
     9    0.03                           w_ptr_b[3] (net)
                  0.11    0.00    0.96 ^ _0470_/A (sky130_fd_sc_hd__inv_2)
                  0.05    0.06    1.02 v _0470_/Y (sky130_fd_sc_hd__inv_2)
     5    0.01                           _0172_ (net)
                  0.05    0.00    1.02 v _0486_/A (sky130_fd_sc_hd__nand2_1)
                  0.10    0.09    1.11 ^ _0486_/Y (sky130_fd_sc_hd__nand2_1)
     3    0.01                           _0186_ (net)
                  0.10    0.00    1.11 ^ _0787_/B (sky130_fd_sc_hd__nor2_1)
                  0.04    0.06    1.17 v _0787_/Y (sky130_fd_sc_hd__nor2_1)
     1    0.01                           _0383_ (net)
                  0.04    0.00    1.17 v _0788_/B1 (sky130_fd_sc_hd__o211a_4)
                  0.06    0.16    1.33 v _0788_/X (sky130_fd_sc_hd__o211a_4)
     8    0.03                           _0384_ (net)
                  0.06    0.00    1.33 v _0797_/S (sky130_fd_sc_hd__mux2_1)
                  0.05    0.19    1.52 ^ _0797_/X (sky130_fd_sc_hd__mux2_1)
     1    0.00                           _0389_ (net)
                  0.05    0.00    1.52 ^ _0798_/A (sky130_fd_sc_hd__clkbuf_1)
                  0.04    0.08    1.59 ^ _0798_/X (sky130_fd_sc_hd__clkbuf_1)
     1    0.00                           _0108_ (net)
                  0.04    0.00    1.59 ^ _1014_/D (sky130_fd_sc_hd__dfxtp_1)
                                  1.59   data arrival time

                          0.00    0.00   clock w_clk (rise edge)
                          0.00    0.00   clock source latency
                  0.26    0.20    0.20 ^ w_clk (in)
     1    0.06                           w_clk (net)
                  0.26    0.00    0.20 ^ clkbuf_0_w_clk/A (sky130_fd_sc_hd__clkbuf_16)
                  0.09    0.24    0.44 ^ clkbuf_0_w_clk/X (sky130_fd_sc_hd__clkbuf_16)
    16    0.07                           clknet_0_w_clk (net)
                  0.09    0.00    0.44 ^ clkbuf_4_2_0_w_clk/A (sky130_fd_sc_hd__clkbuf_8)
                  0.07    0.17    0.61 ^ clkbuf_4_2_0_w_clk/X (sky130_fd_sc_hd__clkbuf_8)
    10    0.03                           clknet_4_2_0_w_clk (net)
                  0.07    0.00    0.61 ^ _1014_/CLK (sky130_fd_sc_hd__dfxtp_1)
                          0.25    0.86   clock uncertainty
                         -0.04    0.82   clock reconvergence pessimism
                         -0.03    0.79   library hold time
                                  0.79   data required time
-----------------------------------------------------------------------------
                                  0.79   data required time
                                 -1.59   data arrival time
-----------------------------------------------------------------------------
                                  0.81   slack (MET)


Startpoint: _1003_ (rising edge-triggered flip-flop clocked by w_clk)
Endpoint: _1003_ (rising edge-triggered flip-flop clocked by w_clk)
Path Group: w_clk
Path Type: min

Fanout     Cap    Slew   Delay    Time   Description
-----------------------------------------------------------------------------
                          0.00    0.00   clock w_clk (rise edge)
                          0.00    0.00   clock source latency
                  0.26    0.18    0.18 ^ w_clk (in)
     1    0.06                           w_clk (net)
                  0.26    0.00    0.18 ^ clkbuf_0_w_clk/A (sky130_fd_sc_hd__clkbuf_16)
                  0.09    0.22    0.40 ^ clkbuf_0_w_clk/X (sky130_fd_sc_hd__clkbuf_16)
    16    0.07                           clknet_0_w_clk (net)
                  0.09    0.00    0.40 ^ clkbuf_4_3_0_w_clk/A (sky130_fd_sc_hd__clkbuf_8)
                  0.06    0.15    0.54 ^ clkbuf_4_3_0_w_clk/X (sky130_fd_sc_hd__clkbuf_8)
     8    0.02                           clknet_4_3_0_w_clk (net)
                  0.06    0.00    0.54 ^ _1003_/CLK (sky130_fd_sc_hd__dfxtp_1)
                  0.07    0.31    0.85 ^ _1003_/Q (sky130_fd_sc_hd__dfxtp_1)
     2    0.01                           mem[3][1] (net)
                  0.07    0.00    0.85 ^ hold69/A (sky130_fd_sc_hd__dlygate4sd3_1)
                  0.05    0.52    1.37 ^ hold69/X (sky130_fd_sc_hd__dlygate4sd3_1)
     1    0.00                           net99 (net)
                  0.05    0.00    1.37 ^ _0773_/A0 (sky130_fd_sc_hd__mux2_1)
                  0.05    0.12    1.49 ^ _0773_/X (sky130_fd_sc_hd__mux2_1)
     1    0.00                           _0376_ (net)
                  0.05    0.00    1.49 ^ _0774_/A (sky130_fd_sc_hd__clkbuf_1)
                  0.05    0.08    1.57 ^ _0774_/X (sky130_fd_sc_hd__clkbuf_1)
     1    0.00                           _0097_ (net)
                  0.05    0.00    1.57 ^ _1003_/D (sky130_fd_sc_hd__dfxtp_1)
                                  1.57   data arrival time

                          0.00    0.00   clock w_clk (rise edge)
                          0.00    0.00   clock source latency
                  0.26    0.20    0.20 ^ w_clk (in)
     1    0.06                           w_clk (net)
                  0.26    0.00    0.20 ^ clkbuf_0_w_clk/A (sky130_fd_sc_hd__clkbuf_16)
                  0.09    0.24    0.44 ^ clkbuf_0_w_clk/X (sky130_fd_sc_hd__clkbuf_16)
    16    0.07                           clknet_0_w_clk (net)
                  0.09    0.00    0.44 ^ clkbuf_4_3_0_w_clk/A (sky130_fd_sc_hd__clkbuf_8)
                  0.06    0.16    0.60 ^ clkbuf_4_3_0_w_clk/X (sky130_fd_sc_hd__clkbuf_8)
     8    0.02                           clknet_4_3_0_w_clk (net)
                  0.06    0.00    0.60 ^ _1003_/CLK (sky130_fd_sc_hd__dfxtp_1)
                          0.25    0.85   clock uncertainty
                         -0.06    0.79   clock reconvergence pessimism
                         -0.03    0.76   library hold time
                                  0.76   data required time
-----------------------------------------------------------------------------
                                  0.76   data required time
                                 -1.57   data arrival time
-----------------------------------------------------------------------------
                                  0.81   slack (MET)


Startpoint: _1023_ (rising edge-triggered flip-flop clocked by w_clk)
Endpoint: _1023_ (rising edge-triggered flip-flop clocked by w_clk)
Path Group: w_clk
Path Type: min

Fanout     Cap    Slew   Delay    Time   Description
-----------------------------------------------------------------------------
                          0.00    0.00   clock w_clk (rise edge)
                          0.00    0.00   clock source latency
                  0.26    0.18    0.18 ^ w_clk (in)
     1    0.06                           w_clk (net)
                  0.26    0.00    0.18 ^ clkbuf_0_w_clk/A (sky130_fd_sc_hd__clkbuf_16)
                  0.09    0.22    0.40 ^ clkbuf_0_w_clk/X (sky130_fd_sc_hd__clkbuf_16)
    16    0.07                           clknet_0_w_clk (net)
                  0.09    0.00    0.40 ^ clkbuf_4_10_0_w_clk/A (sky130_fd_sc_hd__clkbuf_8)
                  0.06    0.15    0.54 ^ clkbuf_4_10_0_w_clk/X (sky130_fd_sc_hd__clkbuf_8)
    13    0.02                           clknet_4_10_0_w_clk (net)
                  0.06    0.00    0.54 ^ _1023_/CLK (sky130_fd_sc_hd__dfxtp_1)
                  0.07    0.31    0.85 ^ _1023_/Q (sky130_fd_sc_hd__dfxtp_1)
     2    0.01                           mem[4][0] (net)
                  0.07    0.00    0.85 ^ hold62/A (sky130_fd_sc_hd__dlygate4sd3_1)
                  0.05    0.51    1.37 ^ hold62/X (sky130_fd_sc_hd__dlygate4sd3_1)
     1    0.00                           net92 (net)
                  0.05    0.00    1.37 ^ _0819_/A0 (sky130_fd_sc_hd__mux2_1)
                  0.05    0.12    1.49 ^ _0819_/X (sky130_fd_sc_hd__mux2_1)
     1    0.00                           _0402_ (net)
                  0.05    0.00    1.49 ^ _0820_/A (sky130_fd_sc_hd__clkbuf_1)
                  0.05    0.08    1.57 ^ _0820_/X (sky130_fd_sc_hd__clkbuf_1)
     1    0.00                           _0117_ (net)
                  0.05    0.00    1.57 ^ _1023_/D (sky130_fd_sc_hd__dfxtp_1)
                                  1.57   data arrival time

                          0.00    0.00   clock w_clk (rise edge)
                          0.00    0.00   clock source latency
                  0.26    0.20    0.20 ^ w_clk (in)
     1    0.06                           w_clk (net)
                  0.26    0.00    0.20 ^ clkbuf_0_w_clk/A (sky130_fd_sc_hd__clkbuf_16)
                  0.09    0.24    0.44 ^ clkbuf_0_w_clk/X (sky130_fd_sc_hd__clkbuf_16)
    16    0.07                           clknet_0_w_clk (net)
                  0.09    0.00    0.44 ^ clkbuf_4_10_0_w_clk/A (sky130_fd_sc_hd__clkbuf_8)
                  0.06    0.16    0.60 ^ clkbuf_4_10_0_w_clk/X (sky130_fd_sc_hd__clkbuf_8)
    13    0.02                           clknet_4_10_0_w_clk (net)
                  0.06    0.00    0.60 ^ _1023_/CLK (sky130_fd_sc_hd__dfxtp_1)
                          0.25    0.85   clock uncertainty
                         -0.06    0.79   clock reconvergence pessimism
                         -0.03    0.76   library hold time
                                  0.76   data required time
-----------------------------------------------------------------------------
                                  0.76   data required time
                                 -1.57   data arrival time
-----------------------------------------------------------------------------
                                  0.81   slack (MET)


Startpoint: _0930_ (rising edge-triggered flip-flop clocked by w_clk)
Endpoint: _0930_ (rising edge-triggered flip-flop clocked by w_clk)
Path Group: w_clk
Path Type: min

Fanout     Cap    Slew   Delay    Time   Description
-----------------------------------------------------------------------------
                          0.00    0.00   clock w_clk (rise edge)
                          0.00    0.00   clock source latency
                  0.26    0.18    0.18 ^ w_clk (in)
     1    0.06                           w_clk (net)
                  0.26    0.00    0.18 ^ clkbuf_0_w_clk/A (sky130_fd_sc_hd__clkbuf_16)
                  0.09    0.22    0.40 ^ clkbuf_0_w_clk/X (sky130_fd_sc_hd__clkbuf_16)
    16    0.07                           clknet_0_w_clk (net)
                  0.09    0.00    0.40 ^ clkbuf_4_10_0_w_clk/A (sky130_fd_sc_hd__clkbuf_8)
                  0.06    0.15    0.54 ^ clkbuf_4_10_0_w_clk/X (sky130_fd_sc_hd__clkbuf_8)
    13    0.02                           clknet_4_10_0_w_clk (net)
                  0.06    0.00    0.54 ^ _0930_/CLK (sky130_fd_sc_hd__dfxtp_1)
                  0.06    0.31    0.85 ^ _0930_/Q (sky130_fd_sc_hd__dfxtp_1)
     2    0.01                           mem[1][0] (net)
                  0.06    0.00    0.85 ^ hold94/A (sky130_fd_sc_hd__dlygate4sd3_1)
                  0.06    0.52    1.37 ^ hold94/X (sky130_fd_sc_hd__dlygate4sd3_1)
     1    0.00                           net124 (net)
                  0.06    0.00    1.37 ^ _0607_/A0 (sky130_fd_sc_hd__mux2_1)
                  0.05    0.12    1.49 ^ _0607_/X (sky130_fd_sc_hd__mux2_1)
     1    0.00                           _0283_ (net)
                  0.05    0.00    1.49 ^ _0608_/A (sky130_fd_sc_hd__clkbuf_1)
                  0.05    0.08    1.57 ^ _0608_/X (sky130_fd_sc_hd__clkbuf_1)
     1    0.00                           _0024_ (net)
                  0.05    0.00    1.57 ^ _0930_/D (sky130_fd_sc_hd__dfxtp_1)
                                  1.57   data arrival time

                          0.00    0.00   clock w_clk (rise edge)
                          0.00    0.00   clock source latency
                  0.26    0.20    0.20 ^ w_clk (in)
     1    0.06                           w_clk (net)
                  0.26    0.00    0.20 ^ clkbuf_0_w_clk/A (sky130_fd_sc_hd__clkbuf_16)
                  0.09    0.24    0.44 ^ clkbuf_0_w_clk/X (sky130_fd_sc_hd__clkbuf_16)
    16    0.07                           clknet_0_w_clk (net)
                  0.09    0.00    0.44 ^ clkbuf_4_10_0_w_clk/A (sky130_fd_sc_hd__clkbuf_8)
                  0.06    0.16    0.60 ^ clkbuf_4_10_0_w_clk/X (sky130_fd_sc_hd__clkbuf_8)
    13    0.02                           clknet_4_10_0_w_clk (net)
                  0.06    0.00    0.60 ^ _0930_/CLK (sky130_fd_sc_hd__dfxtp_1)
                          0.25    0.85   clock uncertainty
                         -0.06    0.79   clock reconvergence pessimism
                         -0.03    0.76   library hold time
                                  0.76   data required time
-----------------------------------------------------------------------------
                                  0.76   data required time
                                 -1.57   data arrival time
-----------------------------------------------------------------------------
                                  0.81   slack (MET)


Startpoint: w_rst_n (input port clocked by w_clk)
Endpoint: _1048_ (removal check against rising-edge clock w_clk)
Path Group: asynchronous
Path Type: min

Fanout     Cap    Slew   Delay    Time   Description
-----------------------------------------------------------------------------
                          0.00    0.00   clock w_clk (rise edge)
                          0.00    0.00   clock network delay (propagated)
                          2.00    2.00 ^ input external delay
                  0.04    0.02    2.02 ^ w_rst_n (in)
     1    0.01                           w_rst_n (net)
                  0.04    0.00    2.02 ^ input12/A (sky130_fd_sc_hd__buf_6)
                  0.04    0.09    2.11 ^ input12/X (sky130_fd_sc_hd__buf_6)
     4    0.02                           net12 (net)
                  0.04    0.00    2.11 ^ _1048_/RESET_B (sky130_fd_sc_hd__dfrtp_1)
                                  2.11   data arrival time

                          0.00    0.00   clock w_clk (rise edge)
                          0.00    0.00   clock source latency
                  0.26    0.20    0.20 ^ w_clk (in)
     1    0.06                           w_clk (net)
                  0.26    0.00    0.20 ^ clkbuf_0_w_clk/A (sky130_fd_sc_hd__clkbuf_16)
                  0.09    0.24    0.44 ^ clkbuf_0_w_clk/X (sky130_fd_sc_hd__clkbuf_16)
    16    0.07                           clknet_0_w_clk (net)
                  0.09    0.00    0.44 ^ clkbuf_4_7_0_w_clk/A (sky130_fd_sc_hd__clkbuf_8)
                  0.05    0.15    0.59 ^ clkbuf_4_7_0_w_clk/X (sky130_fd_sc_hd__clkbuf_8)
     8    0.02                           clknet_4_7_0_w_clk (net)
                  0.05    0.00    0.59 ^ _1048_/CLK (sky130_fd_sc_hd__dfrtp_1)
                          0.25    0.84   clock uncertainty
                          0.00    0.84   clock reconvergence pessimism
                          0.32    1.16   library removal time
                                  1.16   data required time
-----------------------------------------------------------------------------
                                  1.16   data required time
                                 -2.11   data arrival time
-----------------------------------------------------------------------------
                                  0.96   slack (MET)


Startpoint: w_rst_n (input port clocked by w_clk)
Endpoint: _1050_ (removal check against rising-edge clock w_clk)
Path Group: asynchronous
Path Type: min

Fanout     Cap    Slew   Delay    Time   Description
-----------------------------------------------------------------------------
                          0.00    0.00   clock w_clk (rise edge)
                          0.00    0.00   clock network delay (propagated)
                          2.00    2.00 ^ input external delay
                  0.04    0.02    2.02 ^ w_rst_n (in)
     1    0.01                           w_rst_n (net)
                  0.04    0.00    2.02 ^ input12/A (sky130_fd_sc_hd__buf_6)
                  0.04    0.09    2.11 ^ input12/X (sky130_fd_sc_hd__buf_6)
     4    0.02                           net12 (net)
                  0.04    0.00    2.11 ^ _1050_/RESET_B (sky130_fd_sc_hd__dfrtp_1)
                                  2.11   data arrival time

                          0.00    0.00   clock w_clk (rise edge)
                          0.00    0.00   clock source latency
                  0.26    0.20    0.20 ^ w_clk (in)
     1    0.06                           w_clk (net)
                  0.26    0.00    0.20 ^ clkbuf_0_w_clk/A (sky130_fd_sc_hd__clkbuf_16)
                  0.09    0.24    0.44 ^ clkbuf_0_w_clk/X (sky130_fd_sc_hd__clkbuf_16)
    16    0.07                           clknet_0_w_clk (net)
                  0.09    0.00    0.44 ^ clkbuf_4_5_0_w_clk/A (sky130_fd_sc_hd__clkbuf_8)
                  0.04    0.14    0.58 ^ clkbuf_4_5_0_w_clk/X (sky130_fd_sc_hd__clkbuf_8)
     7    0.01                           clknet_4_5_0_w_clk (net)
                  0.04    0.00    0.58 ^ _1050_/CLK (sky130_fd_sc_hd__dfrtp_1)
                          0.25    0.83   clock uncertainty
                          0.00    0.83   clock reconvergence pessimism
                          0.32    1.15   library removal time
                                  1.15   data required time
-----------------------------------------------------------------------------
                                  1.15   data required time
                                 -2.11   data arrival time
-----------------------------------------------------------------------------
                                  0.96   slack (MET)


Startpoint: w_rst_n (input port clocked by w_clk)
Endpoint: _1049_ (removal check against rising-edge clock w_clk)
Path Group: asynchronous
Path Type: min

Fanout     Cap    Slew   Delay    Time   Description
-----------------------------------------------------------------------------
                          0.00    0.00   clock w_clk (rise edge)
                          0.00    0.00   clock network delay (propagated)
                          2.00    2.00 ^ input external delay
                  0.04    0.02    2.02 ^ w_rst_n (in)
     1    0.01                           w_rst_n (net)
                  0.04    0.00    2.02 ^ input12/A (sky130_fd_sc_hd__buf_6)
                  0.04    0.09    2.11 ^ input12/X (sky130_fd_sc_hd__buf_6)
     4    0.02                           net12 (net)
                  0.04    0.00    2.11 ^ _1049_/RESET_B (sky130_fd_sc_hd__dfrtp_2)
                                  2.11   data arrival time

                          0.00    0.00   clock w_clk (rise edge)
                          0.00    0.00   clock source latency
                  0.26    0.20    0.20 ^ w_clk (in)
     1    0.06                           w_clk (net)
                  0.26    0.00    0.20 ^ clkbuf_0_w_clk/A (sky130_fd_sc_hd__clkbuf_16)
                  0.09    0.24    0.44 ^ clkbuf_0_w_clk/X (sky130_fd_sc_hd__clkbuf_16)
    16    0.07                           clknet_0_w_clk (net)
                  0.09    0.00    0.44 ^ clkbuf_4_5_0_w_clk/A (sky130_fd_sc_hd__clkbuf_8)
                  0.04    0.14    0.58 ^ clkbuf_4_5_0_w_clk/X (sky130_fd_sc_hd__clkbuf_8)
     7    0.01                           clknet_4_5_0_w_clk (net)
                  0.04    0.00    0.58 ^ _1049_/CLK (sky130_fd_sc_hd__dfrtp_2)
                          0.25    0.83   clock uncertainty
                          0.00    0.83   clock reconvergence pessimism
                          0.32    1.15   library removal time
                                  1.15   data required time
-----------------------------------------------------------------------------
                                  1.15   data required time
                                 -2.11   data arrival time
-----------------------------------------------------------------------------
                                  0.96   slack (MET)


Startpoint: w_rst_n (input port clocked by w_clk)
Endpoint: _1041_ (removal check against rising-edge clock w_clk)
Path Group: asynchronous
Path Type: min

Fanout     Cap    Slew   Delay    Time   Description
-----------------------------------------------------------------------------
                          0.00    0.00   clock w_clk (rise edge)
                          0.00    0.00   clock network delay (propagated)
                          2.00    2.00 ^ input external delay
                  0.04    0.02    2.02 ^ w_rst_n (in)
     1    0.01                           w_rst_n (net)
                  0.04    0.00    2.02 ^ input12/A (sky130_fd_sc_hd__buf_6)
                  0.04    0.09    2.11 ^ input12/X (sky130_fd_sc_hd__buf_6)
     4    0.02                           net12 (net)
                  0.04    0.00    2.11 ^ fanout28/A (sky130_fd_sc_hd__clkbuf_8)
                  0.11    0.17    2.28 ^ fanout28/X (sky130_fd_sc_hd__clkbuf_8)
    16    0.06                           net28 (net)
                  0.11    0.00    2.28 ^ _1041_/RESET_B (sky130_fd_sc_hd__dfrtp_1)
                                  2.28   data arrival time

                          0.00    0.00   clock w_clk (rise edge)
                          0.00    0.00   clock source latency
                  0.26    0.20    0.20 ^ w_clk (in)
     1    0.06                           w_clk (net)
                  0.26    0.00    0.20 ^ clkbuf_0_w_clk/A (sky130_fd_sc_hd__clkbuf_16)
                  0.09    0.24    0.44 ^ clkbuf_0_w_clk/X (sky130_fd_sc_hd__clkbuf_16)
    16    0.07                           clknet_0_w_clk (net)
                  0.09    0.00    0.44 ^ clkbuf_4_1_0_w_clk/A (sky130_fd_sc_hd__clkbuf_8)
                  0.05    0.16    0.60 ^ clkbuf_4_1_0_w_clk/X (sky130_fd_sc_hd__clkbuf_8)
     7    0.02                           clknet_4_1_0_w_clk (net)
                  0.05    0.00    0.60 ^ _1041_/CLK (sky130_fd_sc_hd__dfrtp_1)
                          0.25    0.85   clock uncertainty
                          0.00    0.85   clock reconvergence pessimism
                          0.34    1.19   library removal time
                                  1.19   data required time
-----------------------------------------------------------------------------
                                  1.19   data required time
                                 -2.28   data arrival time
-----------------------------------------------------------------------------
                                  1.09   slack (MET)


Startpoint: w_rst_n (input port clocked by w_clk)
Endpoint: _1062_ (removal check against rising-edge clock w_clk)
Path Group: asynchronous
Path Type: min

Fanout     Cap    Slew   Delay    Time   Description
-----------------------------------------------------------------------------
                          0.00    0.00   clock w_clk (rise edge)
                          0.00    0.00   clock network delay (propagated)
                          2.00    2.00 ^ input external delay
                  0.04    0.02    2.02 ^ w_rst_n (in)
     1    0.01                           w_rst_n (net)
                  0.04    0.00    2.02 ^ input12/A (sky130_fd_sc_hd__buf_6)
                  0.04    0.09    2.11 ^ input12/X (sky130_fd_sc_hd__buf_6)
     4    0.02                           net12 (net)
                  0.04    0.00    2.11 ^ fanout28/A (sky130_fd_sc_hd__clkbuf_8)
                  0.11    0.17    2.28 ^ fanout28/X (sky130_fd_sc_hd__clkbuf_8)
    16    0.06                           net28 (net)
                  0.11    0.00    2.28 ^ _1062_/RESET_B (sky130_fd_sc_hd__dfrtp_4)
                                  2.28   data arrival time

                          0.00    0.00   clock w_clk (rise edge)
                          0.00    0.00   clock source latency
                  0.26    0.20    0.20 ^ w_clk (in)
     1    0.06                           w_clk (net)
                  0.26    0.00    0.20 ^ clkbuf_0_w_clk/A (sky130_fd_sc_hd__clkbuf_16)
                  0.09    0.24    0.44 ^ clkbuf_0_w_clk/X (sky130_fd_sc_hd__clkbuf_16)
    16    0.07                           clknet_0_w_clk (net)
                  0.09    0.00    0.44 ^ clkbuf_4_6_0_w_clk/A (sky130_fd_sc_hd__clkbuf_8)
                  0.05    0.16    0.60 ^ clkbuf_4_6_0_w_clk/X (sky130_fd_sc_hd__clkbuf_8)
     6    0.02                           clknet_4_6_0_w_clk (net)
                  0.05    0.00    0.60 ^ _1062_/CLK (sky130_fd_sc_hd__dfrtp_4)
                          0.25    0.85   clock uncertainty
                          0.00    0.85   clock reconvergence pessimism
                          0.34    1.19   library removal time
                                  1.19   data required time
-----------------------------------------------------------------------------
                                  1.19   data required time
                                 -2.28   data arrival time
-----------------------------------------------------------------------------
                                  1.09   slack (MET)


Startpoint: w_rst_n (input port clocked by w_clk)
Endpoint: _1060_ (removal check against rising-edge clock w_clk)
Path Group: asynchronous
Path Type: min

Fanout     Cap    Slew   Delay    Time   Description
-----------------------------------------------------------------------------
                          0.00    0.00   clock w_clk (rise edge)
                          0.00    0.00   clock network delay (propagated)
                          2.00    2.00 ^ input external delay
                  0.04    0.02    2.02 ^ w_rst_n (in)
     1    0.01                           w_rst_n (net)
                  0.04    0.00    2.02 ^ input12/A (sky130_fd_sc_hd__buf_6)
                  0.04    0.09    2.11 ^ input12/X (sky130_fd_sc_hd__buf_6)
     4    0.02                           net12 (net)
                  0.04    0.00    2.11 ^ fanout28/A (sky130_fd_sc_hd__clkbuf_8)
                  0.11    0.17    2.28 ^ fanout28/X (sky130_fd_sc_hd__clkbuf_8)
    16    0.06                           net28 (net)
                  0.11    0.00    2.28 ^ _1060_/RESET_B (sky130_fd_sc_hd__dfrtp_1)
                                  2.28   data arrival time

                          0.00    0.00   clock w_clk (rise edge)
                          0.00    0.00   clock source latency
                  0.26    0.20    0.20 ^ w_clk (in)
     1    0.06                           w_clk (net)
                  0.26    0.00    0.20 ^ clkbuf_0_w_clk/A (sky130_fd_sc_hd__clkbuf_16)
                  0.09    0.24    0.44 ^ clkbuf_0_w_clk/X (sky130_fd_sc_hd__clkbuf_16)
    16    0.07                           clknet_0_w_clk (net)
                  0.09    0.00    0.44 ^ clkbuf_4_6_0_w_clk/A (sky130_fd_sc_hd__clkbuf_8)
                  0.05    0.16    0.60 ^ clkbuf_4_6_0_w_clk/X (sky130_fd_sc_hd__clkbuf_8)
     6    0.02                           clknet_4_6_0_w_clk (net)
                  0.05    0.00    0.60 ^ _1060_/CLK (sky130_fd_sc_hd__dfrtp_1)
                          0.25    0.85   clock uncertainty
                          0.00    0.85   clock reconvergence pessimism
                          0.34    1.19   library removal time
                                  1.19   data required time
-----------------------------------------------------------------------------
                                  1.19   data required time
                                 -2.28   data arrival time
-----------------------------------------------------------------------------
                                  1.09   slack (MET)


Startpoint: w_rst_n (input port clocked by w_clk)
Endpoint: _1020_ (removal check against rising-edge clock w_clk)
Path Group: asynchronous
Path Type: min

Fanout     Cap    Slew   Delay    Time   Description
-----------------------------------------------------------------------------
                          0.00    0.00   clock w_clk (rise edge)
                          0.00    0.00   clock network delay (propagated)
                          2.00    2.00 ^ input external delay
                  0.04    0.02    2.02 ^ w_rst_n (in)
     1    0.01                           w_rst_n (net)
                  0.04    0.00    2.02 ^ input12/A (sky130_fd_sc_hd__buf_6)
                  0.04    0.09    2.11 ^ input12/X (sky130_fd_sc_hd__buf_6)
     4    0.02                           net12 (net)
                  0.04    0.00    2.11 ^ fanout28/A (sky130_fd_sc_hd__clkbuf_8)
                  0.11    0.17    2.28 ^ fanout28/X (sky130_fd_sc_hd__clkbuf_8)
    16    0.06                           net28 (net)
                  0.11    0.00    2.28 ^ _1020_/RESET_B (sky130_fd_sc_hd__dfrtp_1)
                                  2.28   data arrival time

                          0.00    0.00   clock w_clk (rise edge)
                          0.00    0.00   clock source latency
                  0.26    0.20    0.20 ^ w_clk (in)
     1    0.06                           w_clk (net)
                  0.26    0.00    0.20 ^ clkbuf_0_w_clk/A (sky130_fd_sc_hd__clkbuf_16)
                  0.09    0.24    0.44 ^ clkbuf_0_w_clk/X (sky130_fd_sc_hd__clkbuf_16)
    16    0.07                           clknet_0_w_clk (net)
                  0.09    0.00    0.44 ^ clkbuf_4_6_0_w_clk/A (sky130_fd_sc_hd__clkbuf_8)
                  0.05    0.16    0.60 ^ clkbuf_4_6_0_w_clk/X (sky130_fd_sc_hd__clkbuf_8)
     6    0.02                           clknet_4_6_0_w_clk (net)
                  0.05    0.00    0.60 ^ _1020_/CLK (sky130_fd_sc_hd__dfrtp_1)
                          0.25    0.85   clock uncertainty
                          0.00    0.85   clock reconvergence pessimism
                          0.34    1.19   library removal time
                                  1.19   data required time
-----------------------------------------------------------------------------
                                  1.19   data required time
                                 -2.28   data arrival time
-----------------------------------------------------------------------------
                                  1.09   slack (MET)


Startpoint: w_rst_n (input port clocked by w_clk)
Endpoint: _1061_ (removal check against rising-edge clock w_clk)
Path Group: asynchronous
Path Type: min

Fanout     Cap    Slew   Delay    Time   Description
-----------------------------------------------------------------------------
                          0.00    0.00   clock w_clk (rise edge)
                          0.00    0.00   clock network delay (propagated)
                          2.00    2.00 ^ input external delay
                  0.04    0.02    2.02 ^ w_rst_n (in)
     1    0.01                           w_rst_n (net)
                  0.04    0.00    2.02 ^ input12/A (sky130_fd_sc_hd__buf_6)
                  0.04    0.09    2.11 ^ input12/X (sky130_fd_sc_hd__buf_6)
     4    0.02                           net12 (net)
                  0.04    0.00    2.11 ^ fanout28/A (sky130_fd_sc_hd__clkbuf_8)
                  0.11    0.17    2.28 ^ fanout28/X (sky130_fd_sc_hd__clkbuf_8)
    16    0.06                           net28 (net)
                  0.11    0.00    2.28 ^ _1061_/RESET_B (sky130_fd_sc_hd__dfrtp_4)
                                  2.28   data arrival time

                          0.00    0.00   clock w_clk (rise edge)
                          0.00    0.00   clock source latency
                  0.26    0.20    0.20 ^ w_clk (in)
     1    0.06                           w_clk (net)
                  0.26    0.00    0.20 ^ clkbuf_0_w_clk/A (sky130_fd_sc_hd__clkbuf_16)
                  0.09    0.24    0.44 ^ clkbuf_0_w_clk/X (sky130_fd_sc_hd__clkbuf_16)
    16    0.07                           clknet_0_w_clk (net)
                  0.09    0.00    0.44 ^ clkbuf_4_4_0_w_clk/A (sky130_fd_sc_hd__clkbuf_8)
                  0.04    0.14    0.58 ^ clkbuf_4_4_0_w_clk/X (sky130_fd_sc_hd__clkbuf_8)
     7    0.01                           clknet_4_4_0_w_clk (net)
                  0.04    0.00    0.58 ^ _1061_/CLK (sky130_fd_sc_hd__dfrtp_4)
                          0.25    0.83   clock uncertainty
                          0.00    0.83   clock reconvergence pessimism
                          0.34    1.17   library removal time
                                  1.17   data required time
-----------------------------------------------------------------------------
                                  1.17   data required time
                                 -2.28   data arrival time
-----------------------------------------------------------------------------
                                  1.11   slack (MET)


Startpoint: w_rst_n (input port clocked by w_clk)
Endpoint: _1063_ (removal check against rising-edge clock w_clk)
Path Group: asynchronous
Path Type: min

Fanout     Cap    Slew   Delay    Time   Description
-----------------------------------------------------------------------------
                          0.00    0.00   clock w_clk (rise edge)
                          0.00    0.00   clock network delay (propagated)
                          2.00    2.00 ^ input external delay
                  0.04    0.02    2.02 ^ w_rst_n (in)
     1    0.01                           w_rst_n (net)
                  0.04    0.00    2.02 ^ input12/A (sky130_fd_sc_hd__buf_6)
                  0.04    0.09    2.11 ^ input12/X (sky130_fd_sc_hd__buf_6)
     4    0.02                           net12 (net)
                  0.04    0.00    2.11 ^ fanout28/A (sky130_fd_sc_hd__clkbuf_8)
                  0.11    0.17    2.28 ^ fanout28/X (sky130_fd_sc_hd__clkbuf_8)
    16    0.06                           net28 (net)
                  0.11    0.00    2.28 ^ _1063_/RESET_B (sky130_fd_sc_hd__dfrtp_4)
                                  2.28   data arrival time

                          0.00    0.00   clock w_clk (rise edge)
                          0.00    0.00   clock source latency
                  0.26    0.20    0.20 ^ w_clk (in)
     1    0.06                           w_clk (net)
                  0.26    0.00    0.20 ^ clkbuf_0_w_clk/A (sky130_fd_sc_hd__clkbuf_16)
                  0.09    0.24    0.44 ^ clkbuf_0_w_clk/X (sky130_fd_sc_hd__clkbuf_16)
    16    0.07                           clknet_0_w_clk (net)
                  0.09    0.00    0.44 ^ clkbuf_4_4_0_w_clk/A (sky130_fd_sc_hd__clkbuf_8)
                  0.04    0.14    0.58 ^ clkbuf_4_4_0_w_clk/X (sky130_fd_sc_hd__clkbuf_8)
     7    0.01                           clknet_4_4_0_w_clk (net)
                  0.04    0.00    0.58 ^ _1063_/CLK (sky130_fd_sc_hd__dfrtp_4)
                          0.25    0.83   clock uncertainty
                          0.00    0.83   clock reconvergence pessimism
                          0.34    1.17   library removal time
                                  1.17   data required time
-----------------------------------------------------------------------------
                                  1.17   data required time
                                 -2.28   data arrival time
-----------------------------------------------------------------------------
                                  1.11   slack (MET)


Startpoint: w_rst_n (input port clocked by w_clk)
Endpoint: _1021_ (removal check against rising-edge clock w_clk)
Path Group: asynchronous
Path Type: min

Fanout     Cap    Slew   Delay    Time   Description
-----------------------------------------------------------------------------
                          0.00    0.00   clock w_clk (rise edge)
                          0.00    0.00   clock network delay (propagated)
                          2.00    2.00 ^ input external delay
                  0.04    0.02    2.02 ^ w_rst_n (in)
     1    0.01                           w_rst_n (net)
                  0.04    0.00    2.02 ^ input12/A (sky130_fd_sc_hd__buf_6)
                  0.04    0.09    2.11 ^ input12/X (sky130_fd_sc_hd__buf_6)
     4    0.02                           net12 (net)
                  0.04    0.00    2.11 ^ fanout28/A (sky130_fd_sc_hd__clkbuf_8)
                  0.11    0.17    2.28 ^ fanout28/X (sky130_fd_sc_hd__clkbuf_8)
    16    0.06                           net28 (net)
                  0.11    0.00    2.28 ^ _1021_/RESET_B (sky130_fd_sc_hd__dfrtp_1)
                                  2.28   data arrival time

                          0.00    0.00   clock w_clk (rise edge)
                          0.00    0.00   clock source latency
                  0.26    0.20    0.20 ^ w_clk (in)
     1    0.06                           w_clk (net)
                  0.26    0.00    0.20 ^ clkbuf_0_w_clk/A (sky130_fd_sc_hd__clkbuf_16)
                  0.09    0.24    0.44 ^ clkbuf_0_w_clk/X (sky130_fd_sc_hd__clkbuf_16)
    16    0.07                           clknet_0_w_clk (net)
                  0.09    0.00    0.44 ^ clkbuf_4_5_0_w_clk/A (sky130_fd_sc_hd__clkbuf_8)
                  0.04    0.14    0.58 ^ clkbuf_4_5_0_w_clk/X (sky130_fd_sc_hd__clkbuf_8)
     7    0.01                           clknet_4_5_0_w_clk (net)
                  0.04    0.00    0.58 ^ _1021_/CLK (sky130_fd_sc_hd__dfrtp_1)
                          0.25    0.83   clock uncertainty
                          0.00    0.83   clock reconvergence pessimism
                          0.34    1.17   library removal time
                                  1.17   data required time
-----------------------------------------------------------------------------
                                  1.17   data required time
                                 -2.28   data arrival time
-----------------------------------------------------------------------------
                                  1.11   slack (MET)


Startpoint: w_rst_n (input port clocked by w_clk)
Endpoint: _1022_ (removal check against rising-edge clock w_clk)
Path Group: asynchronous
Path Type: min

Fanout     Cap    Slew   Delay    Time   Description
-----------------------------------------------------------------------------
                          0.00    0.00   clock w_clk (rise edge)
                          0.00    0.00   clock network delay (propagated)
                          2.00    2.00 ^ input external delay
                  0.04    0.02    2.02 ^ w_rst_n (in)
     1    0.01                           w_rst_n (net)
                  0.04    0.00    2.02 ^ input12/A (sky130_fd_sc_hd__buf_6)
                  0.04    0.09    2.11 ^ input12/X (sky130_fd_sc_hd__buf_6)
     4    0.02                           net12 (net)
                  0.04    0.00    2.11 ^ fanout28/A (sky130_fd_sc_hd__clkbuf_8)
                  0.11    0.17    2.28 ^ fanout28/X (sky130_fd_sc_hd__clkbuf_8)
    16    0.06                           net28 (net)
                  0.11    0.00    2.28 ^ _1022_/RESET_B (sky130_fd_sc_hd__dfrtp_1)
                                  2.28   data arrival time

                          0.00    0.00   clock w_clk (rise edge)
                          0.00    0.00   clock source latency
                  0.26    0.20    0.20 ^ w_clk (in)
     1    0.06                           w_clk (net)
                  0.26    0.00    0.20 ^ clkbuf_0_w_clk/A (sky130_fd_sc_hd__clkbuf_16)
                  0.09    0.24    0.44 ^ clkbuf_0_w_clk/X (sky130_fd_sc_hd__clkbuf_16)
    16    0.07                           clknet_0_w_clk (net)
                  0.09    0.00    0.44 ^ clkbuf_4_5_0_w_clk/A (sky130_fd_sc_hd__clkbuf_8)
                  0.04    0.14    0.58 ^ clkbuf_4_5_0_w_clk/X (sky130_fd_sc_hd__clkbuf_8)
     7    0.01                           clknet_4_5_0_w_clk (net)
                  0.04    0.00    0.58 ^ _1022_/CLK (sky130_fd_sc_hd__dfrtp_1)
                          0.25    0.83   clock uncertainty
                          0.00    0.83   clock reconvergence pessimism
                          0.34    1.17   library removal time
                                  1.17   data required time
-----------------------------------------------------------------------------
                                  1.17   data required time
                                 -2.28   data arrival time
-----------------------------------------------------------------------------
                                  1.11   slack (MET)


Startpoint: w_rst_n (input port clocked by w_clk)
Endpoint: _1043_ (removal check against rising-edge clock w_clk)
Path Group: asynchronous
Path Type: min

Fanout     Cap    Slew   Delay    Time   Description
-----------------------------------------------------------------------------
                          0.00    0.00   clock w_clk (rise edge)
                          0.00    0.00   clock network delay (propagated)
                          2.00    2.00 ^ input external delay
                  0.04    0.02    2.02 ^ w_rst_n (in)
     1    0.01                           w_rst_n (net)
                  0.04    0.00    2.02 ^ input12/A (sky130_fd_sc_hd__buf_6)
                  0.04    0.09    2.11 ^ input12/X (sky130_fd_sc_hd__buf_6)
     4    0.02                           net12 (net)
                  0.04    0.00    2.11 ^ fanout28/A (sky130_fd_sc_hd__clkbuf_8)
                  0.11    0.17    2.28 ^ fanout28/X (sky130_fd_sc_hd__clkbuf_8)
    16    0.06                           net28 (net)
                  0.11    0.00    2.28 ^ _1043_/RESET_B (sky130_fd_sc_hd__dfrtp_1)
                                  2.28   data arrival time

                          0.00    0.00   clock w_clk (rise edge)
                          0.00    0.00   clock source latency
                  0.26    0.20    0.20 ^ w_clk (in)
     1    0.06                           w_clk (net)
                  0.26    0.00    0.20 ^ clkbuf_0_w_clk/A (sky130_fd_sc_hd__clkbuf_16)
                  0.09    0.24    0.44 ^ clkbuf_0_w_clk/X (sky130_fd_sc_hd__clkbuf_16)
    16    0.07                           clknet_0_w_clk (net)
                  0.09    0.00    0.44 ^ clkbuf_4_5_0_w_clk/A (sky130_fd_sc_hd__clkbuf_8)
                  0.04    0.14    0.58 ^ clkbuf_4_5_0_w_clk/X (sky130_fd_sc_hd__clkbuf_8)
     7    0.01                           clknet_4_5_0_w_clk (net)
                  0.04    0.00    0.58 ^ _1043_/CLK (sky130_fd_sc_hd__dfrtp_1)
                          0.25    0.83   clock uncertainty
                          0.00    0.83   clock reconvergence pessimism
                          0.34    1.17   library removal time
                                  1.17   data required time
-----------------------------------------------------------------------------
                                  1.17   data required time
                                 -2.28   data arrival time
-----------------------------------------------------------------------------
                                  1.11   slack (MET)


Startpoint: w_rst_n (input port clocked by w_clk)
Endpoint: _1044_ (removal check against rising-edge clock w_clk)
Path Group: asynchronous
Path Type: min

Fanout     Cap    Slew   Delay    Time   Description
-----------------------------------------------------------------------------
                          0.00    0.00   clock w_clk (rise edge)
                          0.00    0.00   clock network delay (propagated)
                          2.00    2.00 ^ input external delay
                  0.04    0.02    2.02 ^ w_rst_n (in)
     1    0.01                           w_rst_n (net)
                  0.04    0.00    2.02 ^ input12/A (sky130_fd_sc_hd__buf_6)
                  0.04    0.09    2.11 ^ input12/X (sky130_fd_sc_hd__buf_6)
     4    0.02                           net12 (net)
                  0.04    0.00    2.11 ^ fanout28/A (sky130_fd_sc_hd__clkbuf_8)
                  0.11    0.17    2.28 ^ fanout28/X (sky130_fd_sc_hd__clkbuf_8)
    16    0.06                           net28 (net)
                  0.11    0.00    2.28 ^ _1044_/RESET_B (sky130_fd_sc_hd__dfrtp_1)
                                  2.28   data arrival time

                          0.00    0.00   clock w_clk (rise edge)
                          0.00    0.00   clock source latency
                  0.26    0.20    0.20 ^ w_clk (in)
     1    0.06                           w_clk (net)
                  0.26    0.00    0.20 ^ clkbuf_0_w_clk/A (sky130_fd_sc_hd__clkbuf_16)
                  0.09    0.24    0.44 ^ clkbuf_0_w_clk/X (sky130_fd_sc_hd__clkbuf_16)
    16    0.07                           clknet_0_w_clk (net)
                  0.09    0.00    0.44 ^ clkbuf_4_5_0_w_clk/A (sky130_fd_sc_hd__clkbuf_8)
                  0.04    0.14    0.58 ^ clkbuf_4_5_0_w_clk/X (sky130_fd_sc_hd__clkbuf_8)
     7    0.01                           clknet_4_5_0_w_clk (net)
                  0.04    0.00    0.58 ^ _1044_/CLK (sky130_fd_sc_hd__dfrtp_1)
                          0.25    0.83   clock uncertainty
                          0.00    0.83   clock reconvergence pessimism
                          0.34    1.17   library removal time
                                  1.17   data required time
-----------------------------------------------------------------------------
                                  1.17   data required time
                                 -2.28   data arrival time
-----------------------------------------------------------------------------
                                  1.11   slack (MET)


Startpoint: w_rst_n (input port clocked by w_clk)
Endpoint: _1045_ (removal check against rising-edge clock w_clk)
Path Group: asynchronous
Path Type: min

Fanout     Cap    Slew   Delay    Time   Description
-----------------------------------------------------------------------------
                          0.00    0.00   clock w_clk (rise edge)
                          0.00    0.00   clock network delay (propagated)
                          2.00    2.00 ^ input external delay
                  0.04    0.02    2.02 ^ w_rst_n (in)
     1    0.01                           w_rst_n (net)
                  0.04    0.00    2.02 ^ input12/A (sky130_fd_sc_hd__buf_6)
                  0.04    0.09    2.11 ^ input12/X (sky130_fd_sc_hd__buf_6)
     4    0.02                           net12 (net)
                  0.04    0.00    2.11 ^ fanout28/A (sky130_fd_sc_hd__clkbuf_8)
                  0.11    0.17    2.28 ^ fanout28/X (sky130_fd_sc_hd__clkbuf_8)
    16    0.06                           net28 (net)
                  0.11    0.00    2.28 ^ _1045_/RESET_B (sky130_fd_sc_hd__dfrtp_1)
                                  2.28   data arrival time

                          0.00    0.00   clock w_clk (rise edge)
                          0.00    0.00   clock source latency
                  0.26    0.20    0.20 ^ w_clk (in)
     1    0.06                           w_clk (net)
                  0.26    0.00    0.20 ^ clkbuf_0_w_clk/A (sky130_fd_sc_hd__clkbuf_16)
                  0.09    0.24    0.44 ^ clkbuf_0_w_clk/X (sky130_fd_sc_hd__clkbuf_16)
    16    0.07                           clknet_0_w_clk (net)
                  0.09    0.00    0.44 ^ clkbuf_4_5_0_w_clk/A (sky130_fd_sc_hd__clkbuf_8)
                  0.04    0.14    0.58 ^ clkbuf_4_5_0_w_clk/X (sky130_fd_sc_hd__clkbuf_8)
     7    0.01                           clknet_4_5_0_w_clk (net)
                  0.04    0.00    0.58 ^ _1045_/CLK (sky130_fd_sc_hd__dfrtp_1)
                          0.25    0.83   clock uncertainty
                          0.00    0.83   clock reconvergence pessimism
                          0.34    1.17   library removal time
                                  1.17   data required time
-----------------------------------------------------------------------------
                                  1.17   data required time
                                 -2.28   data arrival time
-----------------------------------------------------------------------------
                                  1.11   slack (MET)


Startpoint: w_rst_n (input port clocked by w_clk)
Endpoint: _1018_ (removal check against rising-edge clock w_clk)
Path Group: asynchronous
Path Type: min

Fanout     Cap    Slew   Delay    Time   Description
-----------------------------------------------------------------------------
                          0.00    0.00   clock w_clk (rise edge)
                          0.00    0.00   clock network delay (propagated)
                          2.00    2.00 ^ input external delay
                  0.04    0.02    2.02 ^ w_rst_n (in)
     1    0.01                           w_rst_n (net)
                  0.04    0.00    2.02 ^ input12/A (sky130_fd_sc_hd__buf_6)
                  0.04    0.09    2.11 ^ input12/X (sky130_fd_sc_hd__buf_6)
     4    0.02                           net12 (net)
                  0.04    0.00    2.11 ^ fanout28/A (sky130_fd_sc_hd__clkbuf_8)
                  0.11    0.17    2.28 ^ fanout28/X (sky130_fd_sc_hd__clkbuf_8)
    16    0.06                           net28 (net)
                  0.11    0.00    2.28 ^ _1018_/RESET_B (sky130_fd_sc_hd__dfrtp_1)
                                  2.28   data arrival time

                          0.00    0.00   clock w_clk (rise edge)
                          0.00    0.00   clock source latency
                  0.26    0.20    0.20 ^ w_clk (in)
     1    0.06                           w_clk (net)
                  0.26    0.00    0.20 ^ clkbuf_0_w_clk/A (sky130_fd_sc_hd__clkbuf_16)
                  0.09    0.24    0.44 ^ clkbuf_0_w_clk/X (sky130_fd_sc_hd__clkbuf_16)
    16    0.07                           clknet_0_w_clk (net)
                  0.09    0.00    0.44 ^ clkbuf_4_4_0_w_clk/A (sky130_fd_sc_hd__clkbuf_8)
                  0.04    0.14    0.58 ^ clkbuf_4_4_0_w_clk/X (sky130_fd_sc_hd__clkbuf_8)
     7    0.01                           clknet_4_4_0_w_clk (net)
                  0.04    0.00    0.58 ^ _1018_/CLK (sky130_fd_sc_hd__dfrtp_1)
                          0.25    0.83   clock uncertainty
                          0.00    0.83   clock reconvergence pessimism
                          0.34    1.17   library removal time
                                  1.17   data required time
-----------------------------------------------------------------------------
                                  1.17   data required time
                                 -2.28   data arrival time
-----------------------------------------------------------------------------
                                  1.11   slack (MET)


Startpoint: w_rst_n (input port clocked by w_clk)
Endpoint: _1019_ (removal check against rising-edge clock w_clk)
Path Group: asynchronous
Path Type: min

Fanout     Cap    Slew   Delay    Time   Description
-----------------------------------------------------------------------------
                          0.00    0.00   clock w_clk (rise edge)
                          0.00    0.00   clock network delay (propagated)
                          2.00    2.00 ^ input external delay
                  0.04    0.02    2.02 ^ w_rst_n (in)
     1    0.01                           w_rst_n (net)
                  0.04    0.00    2.02 ^ input12/A (sky130_fd_sc_hd__buf_6)
                  0.04    0.09    2.11 ^ input12/X (sky130_fd_sc_hd__buf_6)
     4    0.02                           net12 (net)
                  0.04    0.00    2.11 ^ fanout28/A (sky130_fd_sc_hd__clkbuf_8)
                  0.11    0.17    2.28 ^ fanout28/X (sky130_fd_sc_hd__clkbuf_8)
    16    0.06                           net28 (net)
                  0.11    0.00    2.28 ^ _1019_/RESET_B (sky130_fd_sc_hd__dfrtp_1)
                                  2.28   data arrival time

                          0.00    0.00   clock w_clk (rise edge)
                          0.00    0.00   clock source latency
                  0.26    0.20    0.20 ^ w_clk (in)
     1    0.06                           w_clk (net)
                  0.26    0.00    0.20 ^ clkbuf_0_w_clk/A (sky130_fd_sc_hd__clkbuf_16)
                  0.09    0.24    0.44 ^ clkbuf_0_w_clk/X (sky130_fd_sc_hd__clkbuf_16)
    16    0.07                           clknet_0_w_clk (net)
                  0.09    0.00    0.44 ^ clkbuf_4_4_0_w_clk/A (sky130_fd_sc_hd__clkbuf_8)
                  0.04    0.14    0.58 ^ clkbuf_4_4_0_w_clk/X (sky130_fd_sc_hd__clkbuf_8)
     7    0.01                           clknet_4_4_0_w_clk (net)
                  0.04    0.00    0.58 ^ _1019_/CLK (sky130_fd_sc_hd__dfrtp_1)
                          0.25    0.83   clock uncertainty
                          0.00    0.83   clock reconvergence pessimism
                          0.34    1.17   library removal time
                                  1.17   data required time
-----------------------------------------------------------------------------
                                  1.17   data required time
                                 -2.28   data arrival time
-----------------------------------------------------------------------------
                                  1.11   slack (MET)


Startpoint: w_rst_n (input port clocked by w_clk)
Endpoint: _1042_ (removal check against rising-edge clock w_clk)
Path Group: asynchronous
Path Type: min

Fanout     Cap    Slew   Delay    Time   Description
-----------------------------------------------------------------------------
                          0.00    0.00   clock w_clk (rise edge)
                          0.00    0.00   clock network delay (propagated)
                          2.00    2.00 ^ input external delay
                  0.04    0.02    2.02 ^ w_rst_n (in)
     1    0.01                           w_rst_n (net)
                  0.04    0.00    2.02 ^ input12/A (sky130_fd_sc_hd__buf_6)
                  0.04    0.09    2.11 ^ input12/X (sky130_fd_sc_hd__buf_6)
     4    0.02                           net12 (net)
                  0.04    0.00    2.11 ^ fanout28/A (sky130_fd_sc_hd__clkbuf_8)
                  0.11    0.17    2.28 ^ fanout28/X (sky130_fd_sc_hd__clkbuf_8)
    16    0.06                           net28 (net)
                  0.11    0.00    2.28 ^ _1042_/RESET_B (sky130_fd_sc_hd__dfrtp_1)
                                  2.28   data arrival time

                          0.00    0.00   clock w_clk (rise edge)
                          0.00    0.00   clock source latency
                  0.26    0.20    0.20 ^ w_clk (in)
     1    0.06                           w_clk (net)
                  0.26    0.00    0.20 ^ clkbuf_0_w_clk/A (sky130_fd_sc_hd__clkbuf_16)
                  0.09    0.24    0.44 ^ clkbuf_0_w_clk/X (sky130_fd_sc_hd__clkbuf_16)
    16    0.07                           clknet_0_w_clk (net)
                  0.09    0.00    0.44 ^ clkbuf_4_4_0_w_clk/A (sky130_fd_sc_hd__clkbuf_8)
                  0.04    0.14    0.58 ^ clkbuf_4_4_0_w_clk/X (sky130_fd_sc_hd__clkbuf_8)
     7    0.01                           clknet_4_4_0_w_clk (net)
                  0.04    0.00    0.58 ^ _1042_/CLK (sky130_fd_sc_hd__dfrtp_1)
                          0.25    0.83   clock uncertainty
                          0.00    0.83   clock reconvergence pessimism
                          0.34    1.17   library removal time
                                  1.17   data required time
-----------------------------------------------------------------------------
                                  1.17   data required time
                                 -2.28   data arrival time
-----------------------------------------------------------------------------
                                  1.11   slack (MET)


Startpoint: w_rst_n (input port clocked by w_clk)
Endpoint: _1046_ (removal check against rising-edge clock w_clk)
Path Group: asynchronous
Path Type: min

Fanout     Cap    Slew   Delay    Time   Description
-----------------------------------------------------------------------------
                          0.00    0.00   clock w_clk (rise edge)
                          0.00    0.00   clock network delay (propagated)
                          2.00    2.00 ^ input external delay
                  0.04    0.02    2.02 ^ w_rst_n (in)
     1    0.01                           w_rst_n (net)
                  0.04    0.00    2.02 ^ input12/A (sky130_fd_sc_hd__buf_6)
                  0.04    0.09    2.11 ^ input12/X (sky130_fd_sc_hd__buf_6)
     4    0.02                           net12 (net)
                  0.04    0.00    2.11 ^ fanout28/A (sky130_fd_sc_hd__clkbuf_8)
                  0.11    0.17    2.28 ^ fanout28/X (sky130_fd_sc_hd__clkbuf_8)
    16    0.06                           net28 (net)
                  0.11    0.00    2.28 ^ _1046_/RESET_B (sky130_fd_sc_hd__dfrtp_1)
                                  2.28   data arrival time

                          0.00    0.00   clock w_clk (rise edge)
                          0.00    0.00   clock source latency
                  0.26    0.20    0.20 ^ w_clk (in)
     1    0.06                           w_clk (net)
                  0.26    0.00    0.20 ^ clkbuf_0_w_clk/A (sky130_fd_sc_hd__clkbuf_16)
                  0.09    0.24    0.44 ^ clkbuf_0_w_clk/X (sky130_fd_sc_hd__clkbuf_16)
    16    0.07                           clknet_0_w_clk (net)
                  0.09    0.00    0.44 ^ clkbuf_4_4_0_w_clk/A (sky130_fd_sc_hd__clkbuf_8)
                  0.04    0.14    0.58 ^ clkbuf_4_4_0_w_clk/X (sky130_fd_sc_hd__clkbuf_8)
     7    0.01                           clknet_4_4_0_w_clk (net)
                  0.04    0.00    0.58 ^ _1046_/CLK (sky130_fd_sc_hd__dfrtp_1)
                          0.25    0.83   clock uncertainty
                          0.00    0.83   clock reconvergence pessimism
                          0.34    1.17   library removal time
                                  1.17   data required time
-----------------------------------------------------------------------------
                                  1.17   data required time
                                 -2.28   data arrival time
-----------------------------------------------------------------------------
                                  1.11   slack (MET)


Startpoint: w_rst_n (input port clocked by w_clk)
Endpoint: _1047_ (removal check against rising-edge clock w_clk)
Path Group: asynchronous
Path Type: min

Fanout     Cap    Slew   Delay    Time   Description
-----------------------------------------------------------------------------
                          0.00    0.00   clock w_clk (rise edge)
                          0.00    0.00   clock network delay (propagated)
                          2.00    2.00 ^ input external delay
                  0.04    0.02    2.02 ^ w_rst_n (in)
     1    0.01                           w_rst_n (net)
                  0.04    0.00    2.02 ^ input12/A (sky130_fd_sc_hd__buf_6)
                  0.04    0.09    2.11 ^ input12/X (sky130_fd_sc_hd__buf_6)
     4    0.02                           net12 (net)
                  0.04    0.00    2.11 ^ fanout28/A (sky130_fd_sc_hd__clkbuf_8)
                  0.11    0.17    2.28 ^ fanout28/X (sky130_fd_sc_hd__clkbuf_8)
    16    0.06                           net28 (net)
                  0.11    0.00    2.28 ^ _1047_/RESET_B (sky130_fd_sc_hd__dfrtp_1)
                                  2.28   data arrival time

                          0.00    0.00   clock w_clk (rise edge)
                          0.00    0.00   clock source latency
                  0.26    0.20    0.20 ^ w_clk (in)
     1    0.06                           w_clk (net)
                  0.26    0.00    0.20 ^ clkbuf_0_w_clk/A (sky130_fd_sc_hd__clkbuf_16)
                  0.09    0.24    0.44 ^ clkbuf_0_w_clk/X (sky130_fd_sc_hd__clkbuf_16)
    16    0.07                           clknet_0_w_clk (net)
                  0.09    0.00    0.44 ^ clkbuf_4_4_0_w_clk/A (sky130_fd_sc_hd__clkbuf_8)
                  0.04    0.14    0.58 ^ clkbuf_4_4_0_w_clk/X (sky130_fd_sc_hd__clkbuf_8)
     7    0.01                           clknet_4_4_0_w_clk (net)
                  0.04    0.00    0.58 ^ _1047_/CLK (sky130_fd_sc_hd__dfrtp_1)
                          0.25    0.83   clock uncertainty
                          0.00    0.83   clock reconvergence pessimism
                          0.34    1.17   library removal time
                                  1.17   data required time
-----------------------------------------------------------------------------
                                  1.17   data required time
                                 -2.28   data arrival time
-----------------------------------------------------------------------------
                                  1.11   slack (MET)


Startpoint: _1049_ (rising edge-triggered flip-flop clocked by w_clk)
Endpoint: full (output port clocked by w_clk)
Path Group: w_clk
Path Type: min

Fanout     Cap    Slew   Delay    Time   Description
-----------------------------------------------------------------------------
                          0.00    0.00   clock w_clk (rise edge)
                          0.00    0.00   clock source latency
                  0.26    0.18    0.18 ^ w_clk (in)
     1    0.06                           w_clk (net)
                  0.26    0.00    0.18 ^ clkbuf_0_w_clk/A (sky130_fd_sc_hd__clkbuf_16)
                  0.09    0.22    0.40 ^ clkbuf_0_w_clk/X (sky130_fd_sc_hd__clkbuf_16)
    16    0.07                           clknet_0_w_clk (net)
                  0.09    0.00    0.40 ^ clkbuf_4_5_0_w_clk/A (sky130_fd_sc_hd__clkbuf_8)
                  0.04    0.13    0.53 ^ clkbuf_4_5_0_w_clk/X (sky130_fd_sc_hd__clkbuf_8)
     7    0.01                           clknet_4_5_0_w_clk (net)
                  0.04    0.00    0.53 ^ _1049_/CLK (sky130_fd_sc_hd__dfrtp_2)
                  0.10    0.37    0.90 ^ _1049_/Q (sky130_fd_sc_hd__dfrtp_2)
     1    0.02                           r_ptr_g_sync2[3] (net)
                  0.10    0.00    0.90 ^ _0460_/A (sky130_fd_sc_hd__xnor2_4)
                  0.08    0.15    1.05 ^ _0460_/Y (sky130_fd_sc_hd__xnor2_4)
     4    0.02                           _0162_ (net)
                  0.08    0.00    1.05 ^ _0461_/A (sky130_fd_sc_hd__buf_6)
                  0.18    0.20    1.25 ^ _0461_/X (sky130_fd_sc_hd__buf_6)
    16    0.09                           _0163_ (net)
                  0.18    0.00    1.25 ^ _0475_/A (sky130_fd_sc_hd__nor2_1)
                  0.07    0.10    1.35 v _0475_/Y (sky130_fd_sc_hd__nor2_1)
     1    0.01                           net15 (net)
                  0.07    0.00    1.35 v wire24/A (sky130_fd_sc_hd__clkbuf_4)
                  0.09    0.19    1.54 v wire24/X (sky130_fd_sc_hd__clkbuf_4)
     1    0.04                           net24 (net)
                  0.09    0.01    1.55 v output15/A (sky130_fd_sc_hd__clkbuf_4)
                  0.08    0.19    1.74 v output15/X (sky130_fd_sc_hd__clkbuf_4)
     1    0.03                           full (net)
                  0.08    0.00    1.74 v full (out)
                                  1.74   data arrival time

                          0.00    0.00   clock w_clk (rise edge)
                          0.00    0.00   clock network delay (propagated)
                          0.25    0.25   clock uncertainty
                          0.00    0.25   clock reconvergence pessimism
                         -2.00   -1.75   output external delay
                                 -1.75   data required time
-----------------------------------------------------------------------------
                                 -1.75   data required time
                                 -1.74   data arrival time
-----------------------------------------------------------------------------
                                  3.49   slack (MET)



