Instance name,  X location,  Y location,  Voltage 
FILLER_0_358_2041, 946.74, 984.64, 8.15822e-05
FILLER_0_356_2037, 946.74, 979.2, 8.1444e-05
FILLER_0_354_2037, 946.74, 973.76, 8.14049e-05
FILLER_0_352_2037, 946.74, 968.32, 8.13536e-05
FILLER_0_350_2037, 946.74, 962.88, 8.12905e-05
FILLER_0_348_2037, 946.74, 957.44, 8.12161e-05
FILLER_0_346_2037, 946.74, 952, 8.11307e-05
FILLER_0_344_2037, 946.74, 946.56, 8.094e-05
FILLER_0_342_2037, 946.74, 941.12, 8.06801e-05
FILLER_0_340_2037, 946.74, 935.68, 8.0411e-05
FILLER_0_338_2037, 946.74, 930.24, 8.01336e-05
FILLER_0_336_2037, 946.74, 924.8, 7.98484e-05
FILLER_0_334_2037, 946.74, 919.36, 7.95564e-05
FILLER_0_332_2037, 946.74, 913.92, 7.92582e-05
FILLER_0_330_2037, 946.74, 908.48, 7.89548e-05
FILLER_0_328_2037, 946.74, 903.04, 7.86469e-05
FILLER_0_326_2037, 946.74, 897.6, 7.83355e-05
FILLER_0_324_2037, 946.74, 892.16, 7.80215e-05
FILLER_0_322_2037, 946.74, 886.72, 7.77058e-05
FILLER_0_320_2037, 946.74, 881.28, 7.73895e-05
FILLER_0_318_2037, 946.74, 875.84, 7.70735e-05
FILLER_0_316_2037, 946.74, 870.4, 7.67589e-05
FILLER_0_314_2037, 946.74, 864.96, 7.64469e-05
FILLER_0_312_2037, 946.74, 859.52, 7.61386e-05
FILLER_0_310_2037, 946.74, 854.08, 7.58352e-05
FILLER_0_308_2037, 946.74, 848.64, 7.55378e-05
FILLER_0_306_2037, 946.74, 843.2, 7.52478e-05
FILLER_0_304_2037, 946.74, 837.76, 7.49664e-05
FILLER_0_302_2037, 946.74, 832.32, 7.4695e-05
FILLER_0_300_2037, 946.74, 826.88, 7.44348e-05
FILLER_0_298_2037, 946.74, 821.44, 7.41873e-05
FILLER_0_296_2037, 946.74, 816, 7.39537e-05
FILLER_0_294_2037, 946.74, 810.56, 7.37354e-05
FILLER_0_292_2037, 946.74, 805.12, 7.35338e-05
FILLER_0_290_2037, 946.74, 799.68, 7.335e-05
FILLER_0_288_2037, 946.74, 794.24, 7.35159e-05
FILLER_0_286_2037, 946.74, 788.8, 7.40882e-05
FILLER_0_284_2037, 946.74, 783.36, 7.4664e-05
FILLER_0_282_2037, 946.74, 777.92, 7.5232e-05
FILLER_0_280_2037, 946.74, 772.48, 7.5781e-05
FILLER_0_278_2037, 946.74, 767.04, 7.62994e-05
FILLER_0_276_2037, 946.74, 761.6, 7.67754e-05
FILLER_0_274_2037, 946.74, 756.16, 7.71973e-05
FILLER_0_272_2037, 946.74, 750.72, 7.75528e-05
FILLER_0_270_2037, 946.74, 745.28, 7.78295e-05
FILLER_0_268_2037, 946.74, 739.84, 7.80149e-05
FILLER_0_266_2037, 946.74, 734.4, 7.80958e-05
FILLER_0_264_2037, 946.74, 728.96, 7.8059e-05
FILLER_0_262_2037, 946.74, 723.52, 7.78906e-05
FILLER_0_260_2037, 946.74, 718.08, 7.75764e-05
FILLER_0_258_2037, 946.74, 712.64, 7.71017e-05
FILLER_0_256_2037, 946.74, 707.2, 7.6451e-05
FILLER_0_254_2037, 946.74, 701.76, 7.56086e-05
FILLER_0_252_2037, 946.74, 696.32, 7.45577e-05
FILLER_0_250_2037, 946.74, 690.88, 7.32811e-05
FILLER_0_248_2037, 946.74, 685.44, 7.17607e-05
FILLER_0_246_2037, 946.74, 680, 6.99774e-05
FILLER_0_244_2037, 946.74, 674.56, 6.79114e-05
FILLER_0_242_2037, 946.74, 669.12, 6.55416e-05
FILLER_0_240_2037, 946.74, 663.68, 6.28461e-05
FILLER_0_238_2037, 946.74, 658.24, 5.98016e-05
FILLER_0_236_2037, 946.74, 652.8, 6.31195e-05
FILLER_0_234_2037, 946.74, 647.36, 5.21756e-05
FILLER_0_232_2037, 946.74, 641.92, 5.24744e-05
FILLER_0_230_2037, 946.74, 636.48, 6.38632e-05
FILLER_0_228_2037, 946.74, 631.04, 7.48191e-05
FILLER_0_226_2037, 946.74, 625.6, 8.53527e-05
FILLER_0_224_2037, 946.74, 620.16, 9.54737e-05
FILLER_0_222_2037, 946.74, 614.72, 0.00010519
FILLER_0_220_2037, 946.74, 609.28, 0.00011451
FILLER_0_218_2037, 946.74, 603.84, 0.000123439
FILLER_0_216_2037, 946.74, 598.4, 0.000131984
FILLER_0_214_2037, 946.74, 592.96, 0.000140151
FILLER_0_212_2037, 946.74, 587.52, 0.000147944
FILLER_0_210_2037, 946.74, 582.08, 0.000155369
FILLER_0_208_2037, 946.74, 576.64, 0.000162431
FILLER_0_206_2037, 946.74, 571.2, 0.000169136
FILLER_0_204_2037, 946.74, 565.76, 0.000175489
FILLER_0_202_2037, 946.74, 560.32, 0.000181504
FILLER_0_200_2037, 946.74, 554.88, 0.000187186
FILLER_0_198_2037, 946.74, 549.44, 0.000192533
FILLER_0_196_2037, 946.74, 544, 0.000197542
FILLER_0_194_2037, 946.74, 538.56, 0.000202226
FILLER_0_192_2037, 946.74, 533.12, 0.000206595
FILLER_0_190_2037, 946.74, 527.68, 0.000210745
FILLER_0_188_2037, 946.74, 522.24, 0.000214527
FILLER_0_186_2037, 946.74, 516.8, 0.000218047
FILLER_0_184_2037, 946.74, 511.36, 0.000221398
FILLER_0_182_2037, 946.74, 505.92, 0.000224499
FILLER_0_180_2037, 946.74, 500.48, 0.000227393
FILLER_0_178_2037, 946.74, 495.04, 0.000230161
FILLER_0_176_2037, 946.74, 489.6, 0.000233031
FILLER_0_174_2037, 946.74, 484.16, 0.000237191
FILLER_0_172_2037, 946.74, 478.72, 0.00024113
FILLER_0_170_2037, 946.74, 473.28, 0.000244971
FILLER_0_168_2037, 946.74, 467.84, 0.000248649
FILLER_0_166_2037, 946.74, 462.4, 0.000252074
FILLER_0_164_2037, 946.74, 456.96, 0.00025533
FILLER_0_162_2037, 946.74, 451.52, 0.000258333
FILLER_0_160_2037, 946.74, 446.08, 0.000261061
FILLER_0_158_2037, 946.74, 440.64, 0.000263543
FILLER_0_156_2037, 946.74, 435.2, 0.000265744
FILLER_0_154_2037, 946.74, 429.76, 0.000267672
FILLER_0_152_2037, 946.74, 424.32, 0.000269309
FILLER_0_150_2037, 946.74, 418.88, 0.000270662
FILLER_0_148_2037, 946.74, 413.44, 0.000271744
FILLER_0_146_2037, 946.74, 408, 0.000272543
FILLER_0_144_2037, 946.74, 402.56, 0.000273069
FILLER_0_142_2037, 946.74, 397.12, 0.000273327
FILLER_0_140_2037, 946.74, 391.68, 0.000273324
FILLER_0_138_2037, 946.74, 386.24, 0.000273063
FILLER_0_136_2037, 946.74, 380.8, 0.00027255
FILLER_0_134_2037, 946.74, 375.36, 0.000271793
FILLER_0_132_2037, 946.74, 369.92, 0.000270798
FILLER_0_130_2037, 946.74, 364.48, 0.000269574
FILLER_0_128_2037, 946.74, 359.04, 0.00026813
FILLER_0_126_2037, 946.74, 353.6, 0.000266473
FILLER_0_124_2037, 946.74, 348.16, 0.000264613
FILLER_0_122_2037, 946.74, 342.72, 0.000262557
FILLER_0_120_2037, 946.74, 337.28, 0.000260315
FILLER_0_118_2037, 946.74, 331.84, 0.000255436
FILLER_0_116_2037, 946.74, 326.4, 0.00025034
FILLER_0_114_2037, 946.74, 320.96, 0.000245071
FILLER_0_112_2037, 946.74, 315.52, 0.00024334
FILLER_0_110_2037, 946.74, 310.08, 0.000233806
FILLER_0_108_2037, 946.74, 304.64, 0.000227812
FILLER_0_106_2037, 946.74, 299.2, 0.00022165
FILLER_0_104_2037, 946.74, 293.76, 0.00021532
FILLER_0_102_2037, 946.74, 288.32, 0.00020882
FILLER_0_100_2037, 946.74, 282.88, 0.000202151
FILLER_0_98_2037, 946.74, 277.44, 0.00019531
FILLER_0_96_2037, 946.74, 272, 0.000188295
FILLER_0_94_2037, 946.74, 266.56, 0.000181105
FILLER_0_92_2037, 946.74, 261.12, 0.000173735
FILLER_0_90_2037, 946.74, 255.68, 0.000166183
FILLER_0_88_2037, 946.74, 250.24, 0.000158443
FILLER_0_86_2037, 946.74, 244.8, 0.000150512
FILLER_0_84_2037, 946.74, 239.36, 0.000142382
FILLER_0_82_2037, 946.74, 233.92, 0.000134048
FILLER_0_80_2037, 946.74, 228.48, 0.000125501
FILLER_0_78_2037, 946.74, 223.04, 0.000116735
FILLER_0_76_2037, 946.74, 217.6, 0.00010774
FILLER_0_74_2037, 946.74, 212.16, 9.85047e-05
FILLER_0_72_2037, 946.74, 206.72, 8.90194e-05
FILLER_0_70_2037, 946.74, 201.28, 7.92713e-05
FILLER_0_68_2037, 946.74, 195.84, 6.92468e-05
FILLER_0_66_2037, 946.74, 190.4, 5.89314e-05
FILLER_0_64_2037, 946.74, 184.96, 4.83087e-05
FILLER_0_62_2037, 946.74, 179.52, 5.08254e-05
FILLER_0_60_2037, 946.74, 174.08, 5.58807e-05
FILLER_0_58_2037, 946.74, 168.64, 6.0646e-05
FILLER_0_56_2037, 946.74, 163.2, 6.51403e-05
FILLER_0_54_2037, 946.74, 157.76, 6.93811e-05
FILLER_0_52_2037, 946.74, 152.32, 7.33849e-05
FILLER_0_50_2037, 946.74, 146.88, 7.71669e-05
FILLER_0_48_2037, 946.74, 141.44, 8.07414e-05
FILLER_0_46_2037, 946.74, 136, 8.41217e-05
FILLER_0_44_2037, 946.74, 130.56, 8.73201e-05
FILLER_0_42_2037, 946.74, 125.12, 9.03485e-05
FILLER_0_40_2037, 946.74, 119.68, 9.32175e-05
FILLER_0_38_2037, 946.74, 114.24, 9.59373e-05
FILLER_0_36_2037, 946.74, 108.8, 9.85176e-05
FILLER_0_34_2037, 946.74, 103.36, 0.000100967
FILLER_0_32_2037, 946.74, 97.92, 0.000103294
FILLER_0_30_2037, 946.74, 92.48, 0.000105507
FILLER_0_28_2037, 946.74, 87.04, 0.000107613
FILLER_0_26_2037, 946.74, 81.6, 0.000109619
FILLER_0_24_2037, 946.74, 76.16, 0.000111531
FILLER_0_22_2037, 946.74, 70.72, 0.000113356
FILLER_0_20_2037, 946.74, 65.28, 0.000115099
FILLER_0_18_2037, 946.74, 59.84, 0.000116766
FILLER_0_16_2037, 946.74, 54.4, 0.000118363
FILLER_0_14_2037, 946.74, 48.96, 0.000119894
FILLER_0_12_2037, 946.74, 43.52, 0.000121364
FILLER_0_10_2037, 946.74, 38.08, 0.000122777
FILLER_0_8_2037, 946.74, 32.64, 0.000124139
FILLER_0_6_2037, 946.74, 27.2, 0.000125023
FILLER_0_4_2037, 946.74, 21.76, 0.000125648
FILLER_0_2_2037, 946.74, 16.32, 0.00012623
FILLER_0_0_2041, 946.74, 10.88, 0.000135398
FILLER_0_358_1705, 793.14, 984.64, 8.65152e-05
FILLER_0_356_1701, 793.14, 979.2, 8.45586e-05
FILLER_0_354_1701, 793.14, 973.76, 8.44131e-05
FILLER_0_352_1701, 793.14, 968.32, 8.42527e-05
FILLER_0_350_1701, 793.14, 962.88, 8.40775e-05
FILLER_0_348_1701, 793.14, 957.44, 8.38877e-05
FILLER_0_346_1701, 793.14, 952, 8.36834e-05
FILLER_0_344_1701, 793.14, 946.56, 8.33348e-05
FILLER_0_342_1701, 793.14, 941.12, 8.2891e-05
FILLER_0_340_1701, 793.14, 935.68, 8.24333e-05
FILLER_0_338_1701, 793.14, 930.24, 8.1962e-05
FILLER_0_336_1701, 793.14, 924.8, 8.14773e-05
FILLER_0_334_1701, 793.14, 919.36, 8.09798e-05
FILLER_0_332_1701, 793.14, 913.92, 8.04699e-05
FILLER_0_330_1701, 793.14, 908.48, 7.99479e-05
FILLER_0_328_1701, 793.14, 903.04, 7.94146e-05
FILLER_0_326_1701, 793.14, 897.6, 7.88706e-05
FILLER_0_324_1701, 793.14, 892.16, 7.83167e-05
FILLER_0_322_1701, 793.14, 886.72, 7.77538e-05
FILLER_0_320_1701, 793.14, 881.28, 7.71831e-05
FILLER_0_318_1701, 793.14, 875.84, 7.66057e-05
FILLER_0_316_1701, 793.14, 870.4, 7.60232e-05
FILLER_0_314_1701, 793.14, 864.96, 7.54373e-05
FILLER_0_312_1701, 793.14, 859.52, 7.48498e-05
FILLER_0_310_1701, 793.14, 854.08, 7.42631e-05
FILLER_0_308_1701, 793.14, 848.64, 7.36796e-05
FILLER_0_306_1701, 793.14, 843.2, 7.31025e-05
FILLER_0_304_1701, 793.14, 837.76, 7.25351e-05
FILLER_0_302_1701, 793.14, 832.32, 7.19813e-05
FILLER_0_300_1701, 793.14, 826.88, 7.14455e-05
FILLER_0_298_1701, 793.14, 821.44, 7.09327e-05
FILLER_0_296_1701, 793.14, 816, 7.04488e-05
FILLER_0_294_1701, 793.14, 810.56, 7.00003e-05
FILLER_0_292_1701, 793.14, 805.12, 6.95945e-05
FILLER_0_290_1701, 793.14, 799.68, 6.924e-05
FILLER_0_288_1701, 793.14, 794.24, 7.06005e-05
FILLER_0_286_1701, 793.14, 788.8, 7.39825e-05
FILLER_0_284_1701, 793.14, 783.36, 7.7416e-05
FILLER_0_282_1701, 793.14, 777.92, 8.08923e-05
FILLER_0_280_1701, 793.14, 772.48, 8.44038e-05
FILLER_0_278_1701, 793.14, 767.04, 8.79434e-05
FILLER_0_276_1701, 793.14, 761.6, 9.15053e-05
FILLER_0_274_1701, 793.14, 756.16, 9.50842e-05
FILLER_0_272_1701, 793.14, 750.72, 9.86753e-05
FILLER_0_270_1701, 793.14, 745.28, 0.000102275
FILLER_0_268_1701, 793.14, 739.84, 0.000105879
FILLER_0_266_1701, 793.14, 734.4, 0.000109485
FILLER_0_264_1701, 793.14, 728.96, 0.000113091
FILLER_0_262_1701, 793.14, 723.52, 0.000116694
FILLER_0_260_1701, 793.14, 718.08, 0.000120292
FILLER_0_258_1701, 793.14, 712.64, 0.000123885
FILLER_0_256_1701, 793.14, 707.2, 0.000127471
FILLER_0_254_1701, 793.14, 701.76, 0.00013105
FILLER_0_252_1701, 793.14, 696.32, 0.000134622
FILLER_0_250_1701, 793.14, 690.88, 0.000138187
FILLER_0_248_1701, 793.14, 685.44, 0.000141745
FILLER_0_246_1701, 793.14, 680, 0.000145297
FILLER_0_244_1701, 793.14, 674.56, 0.000148846
FILLER_0_242_1701, 793.14, 669.12, 0.000152392
FILLER_0_240_1701, 793.14, 663.68, 0.000155938
FILLER_0_238_1701, 793.14, 658.24, 0.000159487
FILLER_0_236_1701, 793.14, 652.8, 0.000163431
FILLER_0_234_1701, 793.14, 647.36, 0.000166564
FILLER_0_232_1701, 793.14, 641.92, 0.000171282
FILLER_0_230_1701, 793.14, 636.48, 0.000178765
FILLER_0_228_1701, 793.14, 631.04, 0.000186217
FILLER_0_226_1701, 793.14, 625.6, 0.000193598
FILLER_0_224_1701, 793.14, 620.16, 0.000200868
FILLER_0_222_1701, 793.14, 614.72, 0.000207991
FILLER_0_220_1701, 793.14, 609.28, 0.000214927
FILLER_0_218_1701, 793.14, 603.84, 0.000221639
FILLER_0_216_1701, 793.14, 598.4, 0.000228091
FILLER_0_214_1701, 793.14, 592.96, 0.000234247
FILLER_0_212_1701, 793.14, 587.52, 0.000240069
FILLER_0_210_1701, 793.14, 582.08, 0.000245523
FILLER_0_208_1701, 793.14, 576.64, 0.000250574
FILLER_0_206_1701, 793.14, 571.2, 0.000255186
FILLER_0_204_1701, 793.14, 565.76, 0.000259328
FILLER_0_202_1701, 793.14, 560.32, 0.000263082
FILLER_0_200_1701, 793.14, 554.88, 0.000266379
FILLER_0_198_1701, 793.14, 549.44, 0.000269073
FILLER_0_196_1701, 793.14, 544, 0.000270939
FILLER_0_194_1701, 793.14, 538.56, 0.000271982
FILLER_0_192_1701, 793.14, 533.12, 0.000272153
FILLER_0_190_1701, 793.14, 527.68, 0.000272759
FILLER_0_188_1701, 793.14, 522.24, 0.000271151
FILLER_0_186_1701, 793.14, 516.8, 0.000268744
FILLER_0_184_1701, 793.14, 511.36, 0.000266672
FILLER_0_182_1701, 793.14, 505.92, 0.000263282
FILLER_0_180_1701, 793.14, 500.48, 0.0002589
FILLER_0_178_1701, 793.14, 495.04, 0.000254384
FILLER_0_176_1701, 793.14, 489.6, 0.000251661
FILLER_0_174_1701, 793.14, 484.16, 0.000262947
FILLER_0_172_1701, 793.14, 478.72, 0.00027219
FILLER_0_170_1701, 793.14, 473.28, 0.000281731
FILLER_0_168_1701, 793.14, 467.84, 0.000290858
FILLER_0_166_1701, 793.14, 462.4, 0.000298449
FILLER_0_164_1701, 793.14, 456.96, 0.0003061
FILLER_0_162_1701, 793.14, 451.52, 0.000312758
FILLER_0_160_1701, 793.14, 446.08, 0.000318236
FILLER_0_158_1701, 793.14, 440.64, 0.000323207
FILLER_0_156_1701, 793.14, 435.2, 0.000327228
FILLER_0_154_1701, 793.14, 429.76, 0.000330561
FILLER_0_152_1701, 793.14, 424.32, 0.000333004
FILLER_0_150_1701, 793.14, 418.88, 0.000334698
FILLER_0_148_1701, 793.14, 413.44, 0.000335895
FILLER_0_146_1701, 793.14, 408, 0.000336404
FILLER_0_144_1701, 793.14, 402.56, 0.000336356
FILLER_0_142_1701, 793.14, 397.12, 0.000335813
FILLER_0_140_1701, 793.14, 391.68, 0.000334832
FILLER_0_138_1701, 793.14, 386.24, 0.000333402
FILLER_0_136_1701, 793.14, 380.8, 0.000331556
FILLER_0_134_1701, 793.14, 375.36, 0.000329328
FILLER_0_132_1701, 793.14, 369.92, 0.000326753
FILLER_0_130_1701, 793.14, 364.48, 0.000323864
FILLER_0_128_1701, 793.14, 359.04, 0.000320695
FILLER_0_126_1701, 793.14, 353.6, 0.000317279
FILLER_0_124_1701, 793.14, 348.16, 0.000313647
FILLER_0_122_1701, 793.14, 342.72, 0.000309832
FILLER_0_120_1701, 793.14, 337.28, 0.000305864
FILLER_0_118_1701, 793.14, 331.84, 0.000300431
FILLER_0_116_1701, 793.14, 326.4, 0.000294865
FILLER_0_114_1701, 793.14, 320.96, 0.000289197
FILLER_0_112_1701, 793.14, 315.52, 0.000283651
FILLER_0_110_1701, 793.14, 310.08, 0.000277568
FILLER_0_108_1701, 793.14, 304.64, 0.000271626
FILLER_0_106_1701, 793.14, 299.2, 0.000265616
FILLER_0_104_1701, 793.14, 293.76, 0.000259548
FILLER_0_102_1701, 793.14, 288.32, 0.000253429
FILLER_0_100_1701, 793.14, 282.88, 0.000247267
FILLER_0_98_1701, 793.14, 277.44, 0.000241067
FILLER_0_96_1701, 793.14, 272, 0.000234837
FILLER_0_94_1701, 793.14, 266.56, 0.000228584
FILLER_0_92_1701, 793.14, 261.12, 0.000222315
FILLER_0_90_1701, 793.14, 255.68, 0.000216035
FILLER_0_88_1701, 793.14, 250.24, 0.000209752
FILLER_0_86_1701, 793.14, 244.8, 0.000203473
FILLER_0_84_1701, 793.14, 239.36, 0.000197204
FILLER_0_82_1701, 793.14, 233.92, 0.000190953
FILLER_0_80_1701, 793.14, 228.48, 0.000184728
FILLER_0_78_1701, 793.14, 223.04, 0.000178537
FILLER_0_76_1701, 793.14, 217.6, 0.000172388
FILLER_0_74_1701, 793.14, 212.16, 0.00016629
FILLER_0_72_1701, 793.14, 206.72, 0.000160254
FILLER_0_70_1701, 793.14, 201.28, 0.000154289
FILLER_0_68_1701, 793.14, 195.84, 0.000148408
FILLER_0_66_1701, 793.14, 190.4, 0.000142624
FILLER_0_64_1701, 793.14, 184.96, 0.000136948
FILLER_0_62_1701, 793.14, 179.52, 0.000135424
FILLER_0_60_1701, 793.14, 174.08, 0.000134867
FILLER_0_58_1701, 793.14, 168.64, 0.000134414
FILLER_0_56_1701, 793.14, 163.2, 0.000134053
FILLER_0_54_1701, 793.14, 157.76, 0.000133774
FILLER_0_52_1701, 793.14, 152.32, 0.000133569
FILLER_0_50_1701, 793.14, 146.88, 0.000133428
FILLER_0_48_1701, 793.14, 141.44, 0.000133345
FILLER_0_46_1701, 793.14, 136, 0.000133313
FILLER_0_44_1701, 793.14, 130.56, 0.000133325
FILLER_0_42_1701, 793.14, 125.12, 0.000133376
FILLER_0_40_1701, 793.14, 119.68, 0.000133461
FILLER_0_38_1701, 793.14, 114.24, 0.000133575
FILLER_0_36_1701, 793.14, 108.8, 0.000133716
FILLER_0_34_1701, 793.14, 103.36, 0.000133878
FILLER_0_32_1701, 793.14, 97.92, 0.000134058
FILLER_0_30_1701, 793.14, 92.48, 0.000134255
FILLER_0_28_1701, 793.14, 87.04, 0.000134463
FILLER_0_26_1701, 793.14, 81.6, 0.000134682
FILLER_0_24_1701, 793.14, 76.16, 0.000134909
FILLER_0_22_1701, 793.14, 70.72, 0.000135142
FILLER_0_20_1701, 793.14, 65.28, 0.000135378
FILLER_0_18_1701, 793.14, 59.84, 0.000135617
FILLER_0_16_1701, 793.14, 54.4, 0.000135855
FILLER_0_14_1701, 793.14, 48.96, 0.000136092
FILLER_0_12_1701, 793.14, 43.52, 0.000136327
FILLER_0_10_1701, 793.14, 38.08, 0.000136556
FILLER_0_8_1701, 793.14, 32.64, 0.00013678
FILLER_0_6_1701, 793.14, 27.2, 0.00013692
FILLER_0_4_1701, 793.14, 21.76, 0.000137014
FILLER_0_2_1701, 793.14, 16.32, 0.000137097
FILLER_0_0_1705, 793.14, 10.88, 0.000137685
FILLER_0_358_1369, 639.54, 984.64, 9.6516e-05
FILLER_0_356_1365, 639.54, 979.2, 9.14465e-05
FILLER_0_354_1365, 639.54, 973.76, 9.11455e-05
FILLER_0_352_1365, 639.54, 968.32, 9.08274e-05
FILLER_0_350_1365, 639.54, 962.88, 9.04908e-05
FILLER_0_348_1365, 639.54, 957.44, 9.01344e-05
FILLER_0_346_1365, 639.54, 952, 8.97568e-05
FILLER_0_344_1365, 639.54, 946.56, 8.91617e-05
FILLER_0_342_1365, 639.54, 941.12, 8.84198e-05
FILLER_0_340_1365, 639.54, 935.68, 8.76496e-05
FILLER_0_338_1365, 639.54, 930.24, 8.68478e-05
FILLER_0_336_1365, 639.54, 924.8, 8.60109e-05
FILLER_0_334_1365, 639.54, 919.36, 8.51353e-05
FILLER_0_332_1365, 639.54, 913.92, 8.42172e-05
FILLER_0_330_1365, 639.54, 908.48, 8.32523e-05
FILLER_0_328_1365, 639.54, 903.04, 8.22362e-05
FILLER_0_326_1365, 639.54, 897.6, 8.11642e-05
FILLER_0_324_1365, 639.54, 892.16, 8.00311e-05
FILLER_0_322_1365, 639.54, 886.72, 7.88312e-05
FILLER_0_320_1365, 639.54, 881.28, 7.75585e-05
FILLER_0_318_1365, 639.54, 875.84, 7.62065e-05
FILLER_0_316_1365, 639.54, 870.4, 7.47679e-05
FILLER_0_314_1365, 639.54, 864.96, 7.32349e-05
FILLER_0_312_1365, 639.54, 859.52, 7.1599e-05
FILLER_0_310_1365, 639.54, 854.08, 6.98509e-05
FILLER_0_308_1365, 639.54, 848.64, 6.79802e-05
FILLER_0_306_1365, 639.54, 843.2, 6.5976e-05
FILLER_0_304_1365, 639.54, 837.76, 6.3826e-05
FILLER_0_302_1365, 639.54, 832.32, 6.15167e-05
FILLER_0_300_1365, 639.54, 826.88, 5.90334e-05
FILLER_0_298_1365, 639.54, 821.44, 5.63601e-05
FILLER_0_296_1365, 639.54, 816, 5.34789e-05
FILLER_0_294_1365, 639.54, 810.56, 5.03704e-05
FILLER_0_292_1365, 639.54, 805.12, 4.7013e-05
FILLER_0_290_1365, 639.54, 799.68, 4.33833e-05
FILLER_0_288_1365, 639.54, 794.24, 4.56748e-05
FILLER_0_286_1365, 639.54, 788.8, 5.50377e-05
FILLER_0_284_1365, 639.54, 783.36, 6.41371e-05
FILLER_0_282_1365, 639.54, 777.92, 7.30041e-05
FILLER_0_280_1365, 639.54, 772.48, 8.1668e-05
FILLER_0_278_1365, 639.54, 767.04, 9.0156e-05
FILLER_0_276_1365, 639.54, 761.6, 9.84935e-05
FILLER_0_274_1365, 639.54, 756.16, 0.000106704
FILLER_0_272_1365, 639.54, 750.72, 0.000114811
FILLER_0_270_1365, 639.54, 745.28, 0.000122835
FILLER_0_268_1365, 639.54, 739.84, 0.000130796
FILLER_0_266_1365, 639.54, 734.4, 0.000138714
FILLER_0_264_1365, 639.54, 728.96, 0.000146605
FILLER_0_262_1365, 639.54, 723.52, 0.000154489
FILLER_0_260_1365, 639.54, 718.08, 0.00016238
FILLER_0_258_1365, 639.54, 712.64, 0.000170296
FILLER_0_256_1365, 639.54, 707.2, 0.00017825
FILLER_0_254_1365, 639.54, 701.76, 0.000186257
FILLER_0_252_1365, 639.54, 696.32, 0.000194332
FILLER_0_250_1365, 639.54, 690.88, 0.000202488
FILLER_0_248_1365, 639.54, 685.44, 0.000210736
FILLER_0_246_1365, 639.54, 680, 0.000219089
FILLER_0_244_1365, 639.54, 674.56, 0.000227559
FILLER_0_242_1365, 639.54, 669.12, 0.000236155
FILLER_0_240_1365, 639.54, 663.68, 0.000244889
FILLER_0_238_1365, 639.54, 658.24, 0.000253768
FILLER_0_236_1365, 639.54, 652.8, 0.000262823
FILLER_0_234_1365, 639.54, 647.36, 0.00027199
FILLER_0_232_1365, 639.54, 641.92, 0.000282743
FILLER_0_230_1365, 639.54, 636.48, 0.000296912
FILLER_0_228_1365, 639.54, 631.04, 0.000311167
FILLER_0_226_1365, 639.54, 625.6, 0.000325442
FILLER_0_224_1365, 639.54, 620.16, 0.000339668
FILLER_0_222_1365, 639.54, 614.72, 0.000353772
FILLER_0_220_1365, 639.54, 609.28, 0.000367679
FILLER_0_218_1365, 639.54, 603.84, 0.000381307
FILLER_0_216_1365, 639.54, 598.4, 0.00039457
FILLER_0_214_1365, 639.54, 592.96, 0.000407377
FILLER_0_212_1365, 639.54, 587.52, 0.000419628
FILLER_0_210_1365, 639.54, 582.08, 0.000431217
FILLER_0_208_1365, 639.54, 576.64, 0.000442029
FILLER_0_206_1365, 639.54, 571.2, 0.000451938
FILLER_0_204_1365, 639.54, 565.76, 0.000460808
FILLER_0_202_1365, 639.54, 560.32, 0.00047052
FILLER_0_200_1365, 639.54, 554.88, 0.000480341
FILLER_0_198_1365, 639.54, 549.44, 0.000488301
FILLER_0_196_1365, 639.54, 544, 0.000490982
FILLER_0_194_1365, 639.54, 538.56, 0.000488701
FILLER_0_192_1365, 639.54, 533.12, 0.000480614
FILLER_0_190_1365, 639.54, 527.68, 0.000489071
FILLER_0_188_1365, 639.54, 522.24, 0.000468927
FILLER_0_186_1365, 639.54, 516.8, 0.000443842
FILLER_0_184_1365, 639.54, 511.36, 0.000432369
FILLER_0_182_1365, 639.54, 505.92, 0.000405677
FILLER_0_180_1365, 639.54, 500.48, 0.000368302
FILLER_0_178_1365, 639.54, 495.04, 0.00033352
FILLER_0_176_1365, 639.54, 489.6, 0.000306685
FILLER_0_174_1365, 639.54, 484.16, 0.000363479
FILLER_0_172_1365, 639.54, 478.72, 0.000389614
FILLER_0_170_1365, 639.54, 473.28, 0.000426326
FILLER_0_168_1365, 639.54, 467.84, 0.000462632
FILLER_0_166_1365, 639.54, 462.4, 0.000480488
FILLER_0_164_1365, 639.54, 456.96, 0.000507875
FILLER_0_162_1365, 639.54, 451.52, 0.000527532
FILLER_0_160_1365, 639.54, 446.08, 0.000536827
FILLER_0_158_1365, 639.54, 440.64, 0.00054749
FILLER_0_156_1365, 639.54, 435.2, 0.000552018
FILLER_0_154_1365, 639.54, 429.76, 0.000554919
FILLER_0_152_1365, 639.54, 424.32, 0.000552545
FILLER_0_150_1365, 639.54, 418.88, 0.00054704
FILLER_0_148_1365, 639.54, 413.44, 0.000542263
FILLER_0_146_1365, 639.54, 408, 0.000534555
FILLER_0_144_1365, 639.54, 402.56, 0.000525693
FILLER_0_142_1365, 639.54, 397.12, 0.000516241
FILLER_0_140_1365, 639.54, 391.68, 0.000506698
FILLER_0_138_1365, 639.54, 386.24, 0.000496369
FILLER_0_136_1365, 639.54, 380.8, 0.000485371
FILLER_0_134_1365, 639.54, 375.36, 0.000473814
FILLER_0_132_1365, 639.54, 369.92, 0.0004618
FILLER_0_130_1365, 639.54, 364.48, 0.000449424
FILLER_0_128_1365, 639.54, 359.04, 0.000436777
FILLER_0_126_1365, 639.54, 353.6, 0.000423943
FILLER_0_124_1365, 639.54, 348.16, 0.000411004
FILLER_0_122_1365, 639.54, 342.72, 0.000398036
FILLER_0_120_1365, 639.54, 337.28, 0.000385116
FILLER_0_118_1365, 639.54, 331.84, 0.000376174
FILLER_0_116_1365, 639.54, 326.4, 0.000367422
FILLER_0_114_1365, 639.54, 320.96, 0.000358801
FILLER_0_112_1365, 639.54, 315.52, 0.000350326
FILLER_0_110_1365, 639.54, 310.08, 0.000341958
FILLER_0_108_1365, 639.54, 304.64, 0.00033374
FILLER_0_106_1365, 639.54, 299.2, 0.00032566
FILLER_0_104_1365, 639.54, 293.76, 0.000317717
FILLER_0_102_1365, 639.54, 288.32, 0.000309912
FILLER_0_100_1365, 639.54, 282.88, 0.000302244
FILLER_0_98_1365, 639.54, 277.44, 0.000294714
FILLER_0_96_1365, 639.54, 272, 0.00028732
FILLER_0_94_1365, 639.54, 266.56, 0.000280062
FILLER_0_92_1365, 639.54, 261.12, 0.000272939
FILLER_0_90_1365, 639.54, 255.68, 0.000265951
FILLER_0_88_1365, 639.54, 250.24, 0.000259098
FILLER_0_86_1365, 639.54, 244.8, 0.000252378
FILLER_0_84_1365, 639.54, 239.36, 0.000245792
FILLER_0_82_1365, 639.54, 233.92, 0.00023934
FILLER_0_80_1365, 639.54, 228.48, 0.000233021
FILLER_0_78_1365, 639.54, 223.04, 0.000226838
FILLER_0_76_1365, 639.54, 217.6, 0.000220789
FILLER_0_74_1365, 639.54, 212.16, 0.000214876
FILLER_0_72_1365, 639.54, 206.72, 0.0002091
FILLER_0_70_1365, 639.54, 201.28, 0.000203463
FILLER_0_68_1365, 639.54, 195.84, 0.000197965
FILLER_0_66_1365, 639.54, 190.4, 0.000192608
FILLER_0_64_1365, 639.54, 184.96, 0.000187395
FILLER_0_62_1365, 639.54, 179.52, 0.000184399
FILLER_0_60_1365, 639.54, 174.08, 0.000181981
FILLER_0_58_1365, 639.54, 168.64, 0.000179698
FILLER_0_56_1365, 639.54, 163.2, 0.000177542
FILLER_0_54_1365, 639.54, 157.76, 0.000175508
FILLER_0_52_1365, 639.54, 152.32, 0.000173589
FILLER_0_50_1365, 639.54, 146.88, 0.000171781
FILLER_0_48_1365, 639.54, 141.44, 0.000170077
FILLER_0_46_1365, 639.54, 136, 0.000168472
FILLER_0_44_1365, 639.54, 130.56, 0.000166961
FILLER_0_42_1365, 639.54, 125.12, 0.00016554
FILLER_0_40_1365, 639.54, 119.68, 0.000164204
FILLER_0_38_1365, 639.54, 114.24, 0.000162948
FILLER_0_36_1365, 639.54, 108.8, 0.000161767
FILLER_0_34_1365, 639.54, 103.36, 0.000160658
FILLER_0_32_1365, 639.54, 97.92, 0.000159618
FILLER_0_30_1365, 639.54, 92.48, 0.000158641
FILLER_0_28_1365, 639.54, 87.04, 0.000157724
FILLER_0_26_1365, 639.54, 81.6, 0.000156865
FILLER_0_24_1365, 639.54, 76.16, 0.000156059
FILLER_0_22_1365, 639.54, 70.72, 0.000155303
FILLER_0_20_1365, 639.54, 65.28, 0.000154595
FILLER_0_18_1365, 639.54, 59.84, 0.000153931
FILLER_0_16_1365, 639.54, 54.4, 0.000153308
FILLER_0_14_1365, 639.54, 48.96, 0.000152724
FILLER_0_12_1365, 639.54, 43.52, 0.000152176
FILLER_0_10_1365, 639.54, 38.08, 0.000151662
FILLER_0_8_1365, 639.54, 32.64, 0.000151179
FILLER_0_6_1365, 639.54, 27.2, 0.000150986
FILLER_0_4_1365, 639.54, 21.76, 0.000150949
FILLER_0_2_1365, 639.54, 16.32, 0.000150939
FILLER_0_0_1369, 639.54, 10.88, 0.000151277
FILLER_0_358_1033, 485.94, 984.64, 0.000103384
FILLER_0_357_1057, 485.94, 979.2, 0.000102475
FILLER_0_355_1057, 485.94, 973.76, 0.000102389
FILLER_0_353_1057, 485.94, 968.32, 0.000102298
FILLER_0_351_1057, 485.94, 962.88, 0.000102202
FILLER_0_349_1057, 485.94, 957.44, 0.000102102
FILLER_0_347_1057, 485.94, 952, 0.000101999
FILLER_0_345_1057, 485.94, 946.56, 0.000101878
FILLER_0_343_1057, 485.94, 941.12, 0.000101744
FILLER_0_341_1057, 485.94, 935.68, 0.000101611
FILLER_0_339_1057, 485.94, 930.24, 0.00010148
FILLER_0_337_1057, 485.94, 924.8, 0.000101351
FILLER_0_335_1057, 485.94, 919.36, 0.000101227
FILLER_0_333_1057, 485.94, 913.92, 0.000101109
FILLER_0_331_1057, 485.94, 908.48, 0.000100998
FILLER_0_329_1057, 485.94, 903.04, 0.000100897
FILLER_0_327_1057, 485.94, 897.6, 0.000100806
FILLER_0_325_1057, 485.94, 892.16, 0.000100729
FILLER_0_323_1057, 485.94, 886.72, 0.000100667
FILLER_0_321_1057, 485.94, 881.28, 0.000100624
FILLER_0_319_1057, 485.94, 875.84, 0.000100601
FILLER_0_317_1057, 485.94, 870.4, 0.000100602
FILLER_0_315_1057, 485.94, 864.96, 0.00010063
FILLER_0_313_1057, 485.94, 859.52, 0.00010069
FILLER_0_311_1057, 485.94, 854.08, 0.000100786
FILLER_0_309_1057, 485.94, 848.64, 0.00010092
FILLER_0_307_1057, 485.94, 843.2, 0.0001011
FILLER_0_305_1057, 485.94, 837.76, 0.000101332
FILLER_0_303_1057, 485.94, 832.32, 0.000101621
FILLER_0_301_1057, 485.94, 826.88, 0.000101976
FILLER_0_299_1057, 485.94, 821.44, 0.000102403
FILLER_0_297_1057, 485.94, 816, 0.000102913
FILLER_0_295_1057, 485.94, 810.56, 0.000103516
FILLER_0_293_1057, 485.94, 805.12, 0.000104222
FILLER_0_291_1057, 485.94, 799.68, 0.000105045
FILLER_0_289_1057, 485.94, 794.24, 0.000108093
FILLER_0_287_1057, 485.94, 788.8, 0.00011376
FILLER_0_285_1057, 485.94, 783.36, 0.000119565
FILLER_0_283_1057, 485.94, 777.92, 0.000125512
FILLER_0_281_1057, 485.94, 772.48, 0.000131602
FILLER_0_279_1057, 485.94, 767.04, 0.000137842
FILLER_0_277_1057, 485.94, 761.6, 0.000144237
FILLER_0_275_1057, 485.94, 756.16, 0.000150796
FILLER_0_273_1057, 485.94, 750.72, 0.000157529
FILLER_0_271_1057, 485.94, 745.28, 0.000164445
FILLER_0_269_1057, 485.94, 739.84, 0.000171559
FILLER_0_267_1057, 485.94, 734.4, 0.000178883
FILLER_0_265_1057, 485.94, 728.96, 0.000186435
FILLER_0_263_1057, 485.94, 723.52, 0.000194231
FILLER_0_261_1057, 485.94, 718.08, 0.000202292
FILLER_0_259_1057, 485.94, 712.64, 0.000210638
FILLER_0_257_1057, 485.94, 707.2, 0.000219295
FILLER_0_255_1057, 485.94, 701.76, 0.000228288
FILLER_0_253_1057, 485.94, 696.32, 0.000237646
FILLER_0_251_1057, 485.94, 690.88, 0.000247402
FILLER_0_249_1057, 485.94, 685.44, 0.000257589
FILLER_0_247_1057, 485.94, 680, 0.000268247
FILLER_0_245_1057, 485.94, 674.56, 0.000279415
FILLER_0_243_1057, 485.94, 669.12, 0.000291143
FILLER_0_241_1057, 485.94, 663.68, 0.000303479
FILLER_0_239_1057, 485.94, 658.24, 0.000316479
FILLER_0_237_1057, 485.94, 652.8, 0.000330207
FILLER_0_235_1057, 485.94, 647.36, 0.000344724
FILLER_0_233_1057, 485.94, 641.92, 0.000366918
FILLER_0_231_1057, 485.94, 636.48, 0.00040596
FILLER_0_229_1057, 485.94, 631.04, 0.000445977
FILLER_0_227_1057, 485.94, 625.6, 0.000487018
FILLER_0_225_1057, 485.94, 620.16, 0.00052914
FILLER_0_223_1057, 485.94, 614.72, 0.000572409
FILLER_0_221_1057, 485.94, 609.28, 0.0006169
FILLER_0_219_1057, 485.94, 603.84, 0.000662696
FILLER_0_217_1057, 485.94, 598.4, 0.000709891
FILLER_0_215_1057, 485.94, 592.96, 0.000758588
FILLER_0_213_1057, 485.94, 587.52, 0.000808902
FILLER_0_211_1057, 485.94, 582.08, 0.00086096
FILLER_0_209_1057, 485.94, 576.64, 0.000914899
FILLER_0_207_1057, 485.94, 571.2, 0.000970874
FILLER_0_205_1057, 485.94, 565.76, 0.00102905
FILLER_0_203_1057, 485.94, 560.32, 0.00112473
FILLER_0_201_1057, 485.94, 554.88, 0.00125016
_0941_, 485.94, 549.44, 0.00137799
hold86, 485.94, 549.44, 0.00137799
FILLER_0_197_1043, 485.94, 549.44, 0.00137799
FILLER_0_198_1031, 485.94, 549.44, 0.00137799
FILLER_0_198_1037, 485.94, 549.44, 0.00137799
_0544_, 485.94, 544, 0.00145617
_0631_, 485.94, 544, 0.00145617
_0632_, 485.94, 544, 0.00145617
hold103, 485.94, 544, 0.00145617
hold117, 485.94, 544, 0.00145617
_0878_, 485.94, 538.56, 0.00146136
_0949_, 485.94, 538.56, 0.00146136
FILLER_0_193_1041, 485.94, 538.56, 0.00146136
FILLER_0_194_1046, 485.94, 538.56, 0.00146136
_0650_, 485.94, 533.12, 0.00145225
hold51, 485.94, 533.12, 0.00145225
_0653_, 485.94, 527.68, 0.00168397
_0957_, 485.94, 527.68, 0.00168397
_0965_, 485.94, 527.68, 0.00168397
FILLER_0_190_1037, 485.94, 527.68, 0.00168397
FILLER_0_191_1056, 485.94, 527.68, 0.00168397
_0687_, 485.94, 522.24, 0.00165879
hold76, 485.94, 522.24, 0.00165879
FILLER_0_187_1044, 485.94, 522.24, 0.00165879
FILLER_0_188_1037, 485.94, 522.24, 0.00165879
FILLER_0_189_1057, 485.94, 522.24, 0.00165879
_0688_, 485.94, 516.8, 0.00157416
FILLER_0_185_1038, 485.94, 516.8, 0.00157416
FILLER_0_187_1052, 485.94, 516.8, 0.00157416
FILLER_0_187_1058, 485.94, 516.8, 0.00157416
_0563_, 485.94, 511.36, 0.00168189
_0672_, 485.94, 511.36, 0.00168189
_0692_, 485.94, 511.36, 0.00168189
hold128, 485.94, 511.36, 0.00168189
FILLER_0_184_1037, 485.94, 511.36, 0.00168189
FILLER_0_184_1054, 485.94, 511.36, 0.00168189
FILLER_0_185_1051, 485.94, 511.36, 0.00168189
_0671_, 485.94, 505.92, 0.00165813
_0691_, 485.94, 505.92, 0.00165813
_0959_, 485.94, 505.92, 0.00165813
FILLER_0_182_1032, 485.94, 505.92, 0.00165813
FILLER_0_182_1037, 485.94, 505.92, 0.00165813
_0682_, 485.94, 500.48, 0.00157172
hold112, 485.94, 500.48, 0.00157172
FILLER_0_180_1037, 485.94, 500.48, 0.00157172
_0647_, 485.94, 495.04, 0.00154191
_0662_, 485.94, 495.04, 0.00154191
_0954_, 485.94, 495.04, 0.00154191
_0962_, 485.94, 495.04, 0.00154191
FILLER_0_178_1046, 485.94, 495.04, 0.00154191
FILLER_0_178_1052, 485.94, 495.04, 0.00154191
_0681_, 485.94, 489.6, 0.00150949
_0741_, 485.94, 489.6, 0.00150949
_0895_, 485.94, 489.6, 0.00150949
FILLER_0_177_1047, 485.94, 489.6, 0.00150949
_0517_, 485.94, 484.16, 0.00170393
_0988_, 485.94, 484.16, 0.00170393
hold106, 485.94, 484.16, 0.00170393
FILLER_0_174_1045, 485.94, 484.16, 0.00170393
FILLER_0_175_1056, 485.94, 484.16, 0.00170393
hold26, 485.94, 478.72, 0.00157954
FILLER_0_172_1057, 485.94, 478.72, 0.00157954
_0515_, 485.94, 473.28, 0.00163674
_0873_, 485.94, 473.28, 0.00163674
FILLER_0_170_1032, 485.94, 473.28, 0.00163674
_0589_, 485.94, 467.84, 0.00172043
_0938_, 485.94, 467.84, 0.00172043
hold33, 485.94, 467.84, 0.00172043
_0625_, 485.94, 462.4, 0.0016325
_0572_, 485.94, 456.96, 0.00170429
_0573_, 485.94, 456.96, 0.00170429
_0674_, 485.94, 456.96, 0.00170429
_0693_, 485.94, 456.96, 0.00170429
_0694_, 485.94, 456.96, 0.00170429
hold60, 485.94, 456.96, 0.00170429
FILLER_0_163_1040, 485.94, 456.96, 0.00170429
FILLER_0_165_1057, 485.94, 456.96, 0.00170429
_0673_, 485.94, 451.52, 0.00167305
_0748_, 485.94, 451.52, 0.00167305
_0960_, 485.94, 451.52, 0.00167305
FILLER_0_162_1053, 485.94, 451.52, 0.00167305
_0885_, 485.94, 446.08, 0.0016449
hold37, 485.94, 446.08, 0.0016449
hold44, 485.94, 446.08, 0.0016449
FILLER_0_159_1037, 485.94, 446.08, 0.0016449
FILLER_0_160_1031, 485.94, 446.08, 0.0016449
FILLER_0_161_1054, 485.94, 446.08, 0.0016449
_0571_, 485.94, 440.64, 0.0015997
_0601_, 485.94, 440.64, 0.0015997
_0884_, 485.94, 440.64, 0.0015997
hold70, 485.94, 440.64, 0.0015997
FILLER_0_159_1049, 485.94, 440.64, 0.0015997
_0944_, 485.94, 435.2, 0.00155394
_0952_, 485.94, 435.2, 0.00155394
hold73, 485.94, 435.2, 0.00155394
FILLER_0_156_1045, 485.94, 435.2, 0.00155394
_0637_, 485.94, 429.76, 0.00150204
FILLER_0_154_1033, 485.94, 429.76, 0.00150204
FILLER_0_155_1045, 485.94, 429.76, 0.00150204
FILLER_0_151_1057, 485.94, 418.88, 0.00129073
FILLER_0_149_1057, 485.94, 413.44, 0.00122339
FILLER_0_147_1057, 485.94, 408, 0.00113499
FILLER_0_145_1057, 485.94, 402.56, 0.00105178
FILLER_0_143_1057, 485.94, 397.12, 0.00097951
FILLER_0_141_1057, 485.94, 391.68, 0.00092344
FILLER_0_139_1057, 485.94, 386.24, 0.000869191
FILLER_0_137_1057, 485.94, 380.8, 0.000816628
FILLER_0_135_1057, 485.94, 375.36, 0.000765629
FILLER_0_133_1057, 485.94, 369.92, 0.000716083
FILLER_0_131_1057, 485.94, 364.48, 0.00066789
FILLER_0_129_1057, 485.94, 359.04, 0.000620963
FILLER_0_127_1057, 485.94, 353.6, 0.000575224
FILLER_0_125_1057, 485.94, 348.16, 0.000530604
FILLER_0_123_1057, 485.94, 342.72, 0.000487047
FILLER_0_121_1057, 485.94, 337.28, 0.000444507
FILLER_0_119_1057, 485.94, 331.84, 0.000428913
FILLER_0_117_1057, 485.94, 326.4, 0.000414646
FILLER_0_115_1057, 485.94, 320.96, 0.000401187
FILLER_0_113_1057, 485.94, 315.52, 0.000388462
FILLER_0_111_1057, 485.94, 310.08, 0.000376404
FILLER_0_109_1057, 485.94, 304.64, 0.000364957
FILLER_0_107_1057, 485.94, 299.2, 0.000354068
FILLER_0_105_1057, 485.94, 293.76, 0.000343689
FILLER_0_103_1057, 485.94, 288.32, 0.000333777
FILLER_0_101_1057, 485.94, 282.88, 0.000324295
FILLER_0_99_1057, 485.94, 277.44, 0.000315209
FILLER_0_97_1057, 485.94, 272, 0.000306488
FILLER_0_95_1057, 485.94, 266.56, 0.000298105
FILLER_0_93_1057, 485.94, 261.12, 0.000290035
FILLER_0_91_1057, 485.94, 255.68, 0.000282257
FILLER_0_89_1057, 485.94, 250.24, 0.00027475
FILLER_0_87_1057, 485.94, 244.8, 0.000267498
FILLER_0_85_1057, 485.94, 239.36, 0.000260486
FILLER_0_83_1057, 485.94, 233.92, 0.000253698
FILLER_0_81_1057, 485.94, 228.48, 0.000247123
FILLER_0_79_1057, 485.94, 223.04, 0.00024075
FILLER_0_77_1057, 485.94, 217.6, 0.000234569
FILLER_0_75_1057, 485.94, 212.16, 0.000228572
FILLER_0_73_1057, 485.94, 206.72, 0.000222749
FILLER_0_71_1057, 485.94, 201.28, 0.000217095
FILLER_0_69_1057, 485.94, 195.84, 0.000211602
FILLER_0_67_1057, 485.94, 190.4, 0.000206265
FILLER_0_65_1057, 485.94, 184.96, 0.000201078
FILLER_0_63_1057, 485.94, 179.52, 0.000197818
FILLER_0_61_1057, 485.94, 174.08, 0.000195075
FILLER_0_59_1057, 485.94, 168.64, 0.000192465
FILLER_0_57_1057, 485.94, 163.2, 0.000189984
FILLER_0_55_1057, 485.94, 157.76, 0.000187627
FILLER_0_53_1057, 485.94, 152.32, 0.000185388
FILLER_0_51_1057, 485.94, 146.88, 0.000183262
FILLER_0_49_1057, 485.94, 141.44, 0.000181246
FILLER_0_47_1057, 485.94, 136, 0.000179333
FILLER_0_45_1057, 485.94, 130.56, 0.000177521
FILLER_0_43_1057, 485.94, 125.12, 0.000175806
FILLER_0_41_1057, 485.94, 119.68, 0.000174182
FILLER_0_39_1057, 485.94, 114.24, 0.000172647
FILLER_0_37_1057, 485.94, 108.8, 0.000171196
FILLER_0_35_1057, 485.94, 103.36, 0.000169827
FILLER_0_33_1057, 485.94, 97.92, 0.000168535
FILLER_0_31_1057, 485.94, 92.48, 0.000167318
FILLER_0_29_1057, 485.94, 87.04, 0.000166173
FILLER_0_27_1057, 485.94, 81.6, 0.000165096
FILLER_0_25_1057, 485.94, 76.16, 0.000164085
FILLER_0_23_1057, 485.94, 70.72, 0.000163137
FILLER_0_21_1057, 485.94, 65.28, 0.00016225
FILLER_0_19_1057, 485.94, 59.84, 0.000161421
FILLER_0_17_1057, 485.94, 54.4, 0.000160648
FILLER_0_15_1057, 485.94, 48.96, 0.000159928
FILLER_0_13_1057, 485.94, 43.52, 0.00015926
FILLER_0_11_1057, 485.94, 38.08, 0.000158642
FILLER_0_9_1057, 485.94, 32.64, 0.000158072
FILLER_0_7_1057, 485.94, 27.2, 0.000157973
FILLER_0_5_1057, 485.94, 21.76, 0.000158132
FILLER_0_3_1057, 485.94, 16.32, 0.000158337
input10, 485.94, 10.88, 0.00016368
FILLER_0_0_1033, 485.94, 10.88, 0.00016368
FILLER_0_0_1037, 485.94, 10.88, 0.00016368
FILLER_0_0_1055, 485.94, 10.88, 0.00016368
FILLER_0_1_1057, 485.94, 10.88, 0.00016368
FILLER_0_358_697, 332.34, 984.64, 0.000118347
FILLER_0_357_721, 332.34, 979.2, 0.000115316
FILLER_0_355_721, 332.34, 973.76, 0.000115157
FILLER_0_353_721, 332.34, 968.32, 0.000115009
FILLER_0_351_721, 332.34, 962.88, 0.000114873
FILLER_0_349_721, 332.34, 957.44, 0.000114748
FILLER_0_347_721, 332.34, 952, 0.000114636
FILLER_0_345_721, 332.34, 946.56, 0.000114647
FILLER_0_343_721, 332.34, 941.12, 0.00011474
FILLER_0_341_721, 332.34, 935.68, 0.000114848
FILLER_0_339_721, 332.34, 930.24, 0.000114971
FILLER_0_337_721, 332.34, 924.8, 0.000115111
FILLER_0_335_721, 332.34, 919.36, 0.000115268
FILLER_0_333_721, 332.34, 913.92, 0.000115443
FILLER_0_331_721, 332.34, 908.48, 0.000115638
FILLER_0_329_721, 332.34, 903.04, 0.000115854
FILLER_0_327_721, 332.34, 897.6, 0.000116091
FILLER_0_325_721, 332.34, 892.16, 0.000116352
FILLER_0_323_721, 332.34, 886.72, 0.000116638
FILLER_0_321_721, 332.34, 881.28, 0.00011695
FILLER_0_319_721, 332.34, 875.84, 0.00011729
FILLER_0_317_721, 332.34, 870.4, 0.000117658
FILLER_0_315_721, 332.34, 864.96, 0.000118057
FILLER_0_313_721, 332.34, 859.52, 0.000118489
FILLER_0_311_721, 332.34, 854.08, 0.000118978
FILLER_0_309_721, 332.34, 848.64, 0.000119452
FILLER_0_307_721, 332.34, 843.2, 0.000119988
FILLER_0_305_721, 332.34, 837.76, 0.000120563
FILLER_0_303_721, 332.34, 832.32, 0.000121181
FILLER_0_301_721, 332.34, 826.88, 0.000121842
FILLER_0_299_721, 332.34, 821.44, 0.00012255
FILLER_0_297_721, 332.34, 816, 0.000123307
FILLER_0_295_721, 332.34, 810.56, 0.000124115
FILLER_0_293_721, 332.34, 805.12, 0.000124975
FILLER_0_291_721, 332.34, 799.68, 0.000125891
FILLER_0_289_721, 332.34, 794.24, 0.000127433
FILLER_0_287_721, 332.34, 788.8, 0.000129702
FILLER_0_285_721, 332.34, 783.36, 0.000132018
FILLER_0_283_721, 332.34, 777.92, 0.00013437
FILLER_0_281_721, 332.34, 772.48, 0.00013675
FILLER_0_279_721, 332.34, 767.04, 0.000139148
FILLER_0_277_721, 332.34, 761.6, 0.000141554
FILLER_0_275_721, 332.34, 756.16, 0.000143958
FILLER_0_273_721, 332.34, 750.72, 0.000146348
FILLER_0_271_721, 332.34, 745.28, 0.000148712
FILLER_0_269_721, 332.34, 739.84, 0.000151038
FILLER_0_267_721, 332.34, 734.4, 0.000153311
FILLER_0_265_721, 332.34, 728.96, 0.000155515
FILLER_0_263_721, 332.34, 723.52, 0.000157636
FILLER_0_261_721, 332.34, 718.08, 0.000159654
FILLER_0_259_721, 332.34, 712.64, 0.000161549
FILLER_0_257_721, 332.34, 707.2, 0.000163299
FILLER_0_255_721, 332.34, 701.76, 0.000164881
FILLER_0_253_721, 332.34, 696.32, 0.000166266
FILLER_0_251_721, 332.34, 690.88, 0.000167426
FILLER_0_249_721, 332.34, 685.44, 0.000168327
FILLER_0_247_721, 332.34, 680, 0.000168957
FILLER_0_245_721, 332.34, 674.56, 0.0001692
FILLER_0_243_721, 332.34, 669.12, 0.000169085
FILLER_0_241_721, 332.34, 663.68, 0.000168539
FILLER_0_239_721, 332.34, 658.24, 0.000167507
FILLER_0_237_721, 332.34, 652.8, 0.000165926
FILLER_0_235_721, 332.34, 647.36, 0.000163726
FILLER_0_233_721, 332.34, 641.92, 0.000177923
FILLER_0_231_721, 332.34, 636.48, 0.000231355
FILLER_0_229_721, 332.34, 631.04, 0.000284214
FILLER_0_227_721, 332.34, 625.6, 0.000336626
FILLER_0_225_721, 332.34, 620.16, 0.000388715
FILLER_0_223_721, 332.34, 614.72, 0.000440594
FILLER_0_221_721, 332.34, 609.28, 0.000492375
FILLER_0_219_721, 332.34, 603.84, 0.000544162
FILLER_0_217_721, 332.34, 598.4, 0.000596057
FILLER_0_215_721, 332.34, 592.96, 0.000648158
FILLER_0_213_721, 332.34, 587.52, 0.000700558
FILLER_0_211_721, 332.34, 582.08, 0.000753351
FILLER_0_209_721, 332.34, 576.64, 0.000806626
FILLER_0_207_721, 332.34, 571.2, 0.000860473
FILLER_0_205_721, 332.34, 565.76, 0.000914978
FILLER_0_203_721, 332.34, 560.32, 0.0009967
FILLER_0_201_721, 332.34, 554.88, 0.00106399
FILLER_0_199_721, 332.34, 549.44, 0.00114478
FILLER_0_197_721, 332.34, 544, 0.00124189
FILLER_0_195_721, 332.34, 538.56, 0.00125627
FILLER_0_193_721, 332.34, 533.12, 0.00125527
FILLER_0_191_721, 332.34, 527.68, 0.00143928
FILLER_0_189_721, 332.34, 522.24, 0.00140155
FILLER_0_187_721, 332.34, 516.8, 0.00142858
FILLER_0_185_721, 332.34, 511.36, 0.00144867
FILLER_0_183_721, 332.34, 505.92, 0.00143937
FILLER_0_181_721, 332.34, 500.48, 0.00144965
FILLER_0_179_721, 332.34, 495.04, 0.00140032
FILLER_0_177_721, 332.34, 489.6, 0.00140152
FILLER_0_175_721, 332.34, 484.16, 0.00149285
FILLER_0_173_721, 332.34, 478.72, 0.00143347
FILLER_0_171_721, 332.34, 473.28, 0.00149564
FILLER_0_169_721, 332.34, 467.84, 0.00148751
FILLER_0_167_721, 332.34, 462.4, 0.00146848
FILLER_0_165_721, 332.34, 456.96, 0.00145028
FILLER_0_163_721, 332.34, 451.52, 0.00142789
FILLER_0_161_721, 332.34, 446.08, 0.00144983
FILLER_0_159_721, 332.34, 440.64, 0.00141349
FILLER_0_157_721, 332.34, 435.2, 0.00137056
FILLER_0_155_721, 332.34, 429.76, 0.00136651
FILLER_0_153_721, 332.34, 424.32, 0.00125648
FILLER_0_151_721, 332.34, 418.88, 0.00119808
FILLER_0_149_721, 332.34, 413.44, 0.00114727
FILLER_0_147_721, 332.34, 408, 0.00106457
FILLER_0_145_721, 332.34, 402.56, 0.000953353
FILLER_0_143_721, 332.34, 397.12, 0.000879594
FILLER_0_141_721, 332.34, 391.68, 0.000818846
FILLER_0_139_721, 332.34, 386.24, 0.000758513
FILLER_0_137_721, 332.34, 380.8, 0.00069845
FILLER_0_135_721, 332.34, 375.36, 0.000638511
FILLER_0_133_721, 332.34, 369.92, 0.000578546
FILLER_0_131_721, 332.34, 364.48, 0.000518402
FILLER_0_129_721, 332.34, 359.04, 0.000457919
FILLER_0_127_721, 332.34, 353.6, 0.000396934
FILLER_0_125_721, 332.34, 348.16, 0.000335275
FILLER_0_123_721, 332.34, 342.72, 0.00027276
FILLER_0_121_721, 332.34, 337.28, 0.000209247
FILLER_0_119_721, 332.34, 331.84, 0.000214137
FILLER_0_117_721, 332.34, 326.4, 0.000219118
FILLER_0_115_721, 332.34, 320.96, 0.00022308
FILLER_0_113_721, 332.34, 315.52, 0.000226124
FILLER_0_111_721, 332.34, 310.08, 0.000228343
FILLER_0_109_721, 332.34, 304.64, 0.000229818
FILLER_0_107_721, 332.34, 299.2, 0.000230625
FILLER_0_105_721, 332.34, 293.76, 0.000230834
FILLER_0_103_721, 332.34, 288.32, 0.000230506
FILLER_0_101_721, 332.34, 282.88, 0.000229699
FILLER_0_99_721, 332.34, 277.44, 0.000228466
FILLER_0_97_721, 332.34, 272, 0.000226855
FILLER_0_95_721, 332.34, 266.56, 0.000224909
FILLER_0_93_721, 332.34, 261.12, 0.000222669
FILLER_0_91_721, 332.34, 255.68, 0.000220172
FILLER_0_89_721, 332.34, 250.24, 0.000217454
FILLER_0_87_721, 332.34, 244.8, 0.000214545
FILLER_0_85_721, 332.34, 239.36, 0.000211475
FILLER_0_83_721, 332.34, 233.92, 0.000208273
FILLER_0_81_721, 332.34, 228.48, 0.000204962
FILLER_0_79_721, 332.34, 223.04, 0.000201569
FILLER_0_77_721, 332.34, 217.6, 0.000198115
FILLER_0_75_721, 332.34, 212.16, 0.000194622
FILLER_0_73_721, 332.34, 206.72, 0.000191111
FILLER_0_71_721, 332.34, 201.28, 0.000187601
FILLER_0_69_721, 332.34, 195.84, 0.00018411
FILLER_0_67_721, 332.34, 190.4, 0.000180657
FILLER_0_65_721, 332.34, 184.96, 0.000177259
FILLER_0_63_721, 332.34, 179.52, 0.000175287
FILLER_0_61_721, 332.34, 174.08, 0.000173677
FILLER_0_59_721, 332.34, 168.64, 0.000172141
FILLER_0_57_721, 332.34, 163.2, 0.000170677
FILLER_0_55_721, 332.34, 157.76, 0.000169285
FILLER_0_53_721, 332.34, 152.32, 0.000167962
FILLER_0_51_721, 332.34, 146.88, 0.000166708
FILLER_0_49_721, 332.34, 141.44, 0.00016552
FILLER_0_47_721, 332.34, 136, 0.000164397
FILLER_0_45_721, 332.34, 130.56, 0.000163337
FILLER_0_43_721, 332.34, 125.12, 0.000162337
FILLER_0_41_721, 332.34, 119.68, 0.000161397
FILLER_0_39_721, 332.34, 114.24, 0.000160513
FILLER_0_37_721, 332.34, 108.8, 0.000159685
FILLER_0_35_721, 332.34, 103.36, 0.000158909
FILLER_0_33_721, 332.34, 97.92, 0.000158185
FILLER_0_31_721, 332.34, 92.48, 0.00015751
FILLER_0_29_721, 332.34, 87.04, 0.000156883
FILLER_0_27_721, 332.34, 81.6, 0.000156301
FILLER_0_25_721, 332.34, 76.16, 0.000155763
FILLER_0_23_721, 332.34, 70.72, 0.000155268
FILLER_0_21_721, 332.34, 65.28, 0.000154813
FILLER_0_19_721, 332.34, 59.84, 0.000154398
FILLER_0_17_721, 332.34, 54.4, 0.00015402
FILLER_0_15_721, 332.34, 48.96, 0.000153679
FILLER_0_13_721, 332.34, 43.52, 0.000153372
FILLER_0_11_721, 332.34, 38.08, 0.000153099
FILLER_0_9_721, 332.34, 32.64, 0.000152859
FILLER_0_7_721, 332.34, 27.2, 0.000152939
FILLER_0_5_721, 332.34, 21.76, 0.000153194
FILLER_0_3_721, 332.34, 16.32, 0.00015348
FILLER_0_1_721, 332.34, 10.88, 0.000159541
FILLER_0_358_389, 178.74, 984.64, 0.000131808
FILLER_0_357_385, 178.74, 979.2, 0.000125355
FILLER_0_355_385, 178.74, 973.76, 0.000125037
FILLER_0_353_385, 178.74, 968.32, 0.00012474
FILLER_0_351_385, 178.74, 962.88, 0.000124464
FILLER_0_349_385, 178.74, 957.44, 0.000124207
FILLER_0_347_385, 178.74, 952, 0.000123971
FILLER_0_345_385, 178.74, 946.56, 0.000123923
FILLER_0_343_385, 178.74, 941.12, 0.000124
FILLER_0_341_385, 178.74, 935.68, 0.000124097
FILLER_0_339_385, 178.74, 930.24, 0.000124213
FILLER_0_337_385, 178.74, 924.8, 0.000124349
FILLER_0_335_385, 178.74, 919.36, 0.000124505
FILLER_0_333_385, 178.74, 913.92, 0.000124681
FILLER_0_331_385, 178.74, 908.48, 0.000124878
FILLER_0_329_385, 178.74, 903.04, 0.000125095
FILLER_0_327_385, 178.74, 897.6, 0.000125333
FILLER_0_325_385, 178.74, 892.16, 0.000125593
FILLER_0_323_385, 178.74, 886.72, 0.000125873
FILLER_0_321_385, 178.74, 881.28, 0.000126176
FILLER_0_319_385, 178.74, 875.84, 0.000126501
FILLER_0_317_385, 178.74, 870.4, 0.000126848
FILLER_0_315_385, 178.74, 864.96, 0.000127218
FILLER_0_313_385, 178.74, 859.52, 0.000127611
FILLER_0_311_385, 178.74, 854.08, 0.000128431
FILLER_0_309_385, 178.74, 848.64, 0.000128423
FILLER_0_307_385, 178.74, 843.2, 0.000128843
FILLER_0_305_385, 178.74, 837.76, 0.000129289
FILLER_0_303_385, 178.74, 832.32, 0.000129764
FILLER_0_301_385, 178.74, 826.88, 0.000130268
FILLER_0_299_385, 178.74, 821.44, 0.000130803
FILLER_0_297_385, 178.74, 816, 0.00013137
FILLER_0_295_385, 178.74, 810.56, 0.000131971
FILLER_0_293_385, 178.74, 805.12, 0.000132608
FILLER_0_291_385, 178.74, 799.68, 0.000133281
FILLER_0_289_385, 178.74, 794.24, 0.000134271
FILLER_0_287_385, 178.74, 788.8, 0.000135631
FILLER_0_285_385, 178.74, 783.36, 0.000137032
FILLER_0_283_385, 178.74, 777.92, 0.000138477
FILLER_0_281_385, 178.74, 772.48, 0.000139966
FILLER_0_279_385, 178.74, 767.04, 0.000141503
FILLER_0_277_385, 178.74, 761.6, 0.00014309
FILLER_0_275_385, 178.74, 756.16, 0.000144729
FILLER_0_273_385, 178.74, 750.72, 0.000146423
FILLER_0_271_385, 178.74, 745.28, 0.000148178
FILLER_0_269_385, 178.74, 739.84, 0.000149996
FILLER_0_267_385, 178.74, 734.4, 0.000151885
FILLER_0_265_385, 178.74, 728.96, 0.000153849
FILLER_0_263_385, 178.74, 723.52, 0.000155896
FILLER_0_261_385, 178.74, 718.08, 0.000158035
FILLER_0_259_385, 178.74, 712.64, 0.000160275
FILLER_0_257_385, 178.74, 707.2, 0.000162626
FILLER_0_255_385, 178.74, 701.76, 0.000165103
FILLER_0_253_385, 178.74, 696.32, 0.000167718
FILLER_0_251_385, 178.74, 690.88, 0.000170489
FILLER_0_249_385, 178.74, 685.44, 0.000173433
FILLER_0_247_385, 178.74, 680, 0.000176975
FILLER_0_245_385, 178.74, 674.56, 0.000179887
FILLER_0_243_385, 178.74, 669.12, 0.000183449
FILLER_0_241_385, 178.74, 663.68, 0.00018729
FILLER_0_239_385, 178.74, 658.24, 0.000191446
FILLER_0_237_385, 178.74, 652.8, 0.000195959
FILLER_0_235_385, 178.74, 647.36, 0.000200872
FILLER_0_233_385, 178.74, 641.92, 0.000213013
FILLER_0_231_385, 178.74, 636.48, 0.000241458
FILLER_0_229_385, 178.74, 631.04, 0.000270287
FILLER_0_227_385, 178.74, 625.6, 0.000299424
FILLER_0_225_385, 178.74, 620.16, 0.000328798
FILLER_0_223_385, 178.74, 614.72, 0.000358341
FILLER_0_221_385, 178.74, 609.28, 0.00038799
FILLER_0_219_385, 178.74, 603.84, 0.00041768
FILLER_0_217_385, 178.74, 598.4, 0.000447353
FILLER_0_215_385, 178.74, 592.96, 0.000476947
FILLER_0_213_385, 178.74, 587.52, 0.000506404
FILLER_0_211_385, 178.74, 582.08, 0.000535662
FILLER_0_209_385, 178.74, 576.64, 0.000564662
FILLER_0_207_385, 178.74, 571.2, 0.000593341
FILLER_0_205_385, 178.74, 565.76, 0.000621632
FILLER_0_203_385, 178.74, 560.32, 0.000651
FILLER_0_201_385, 178.74, 554.88, 0.000678874
FILLER_0_199_385, 178.74, 549.44, 0.000706753
FILLER_0_197_385, 178.74, 544, 0.000734637
FILLER_0_195_385, 178.74, 538.56, 0.000756581
FILLER_0_193_385, 178.74, 533.12, 0.000776516
FILLER_0_191_385, 178.74, 527.68, 0.000806111
FILLER_0_189_385, 178.74, 522.24, 0.00082134
FILLER_0_187_385, 178.74, 516.8, 0.000838953
FILLER_0_185_385, 178.74, 511.36, 0.000854779
FILLER_0_183_385, 178.74, 505.92, 0.00086751
FILLER_0_181_385, 178.74, 500.48, 0.000880053
FILLER_0_179_385, 178.74, 495.04, 0.000887837
FILLER_0_177_385, 178.74, 489.6, 0.000895948
FILLER_0_175_385, 178.74, 484.16, 0.000899239
FILLER_0_173_385, 178.74, 478.72, 0.000892418
FILLER_0_171_385, 178.74, 473.28, 0.0008914
FILLER_0_169_385, 178.74, 467.84, 0.000884874
FILLER_0_167_385, 178.74, 462.4, 0.000876273
FILLER_0_165_385, 178.74, 456.96, 0.000866302
FILLER_0_163_385, 178.74, 451.52, 0.000854687
FILLER_0_161_385, 178.74, 446.08, 0.000844254
FILLER_0_159_385, 178.74, 440.64, 0.000828947
FILLER_0_157_385, 178.74, 435.2, 0.000811806
FILLER_0_155_385, 178.74, 429.76, 0.000795527
FILLER_0_153_385, 178.74, 424.32, 0.000771669
FILLER_0_151_385, 178.74, 418.88, 0.000749608
FILLER_0_149_385, 178.74, 413.44, 0.000726893
FILLER_0_147_385, 178.74, 408, 0.000701305
FILLER_0_145_385, 178.74, 402.56, 0.000673198
FILLER_0_143_385, 178.74, 397.12, 0.000646636
FILLER_0_141_385, 178.74, 391.68, 0.000620328
FILLER_0_139_385, 178.74, 386.24, 0.000593629
FILLER_0_137_385, 178.74, 380.8, 0.000566608
FILLER_0_135_385, 178.74, 375.36, 0.000539335
FILLER_0_133_385, 178.74, 369.92, 0.000511876
FILLER_0_131_385, 178.74, 364.48, 0.000484296
FILLER_0_129_385, 178.74, 359.04, 0.000456662
FILLER_0_127_385, 178.74, 353.6, 0.000429041
FILLER_0_125_385, 178.74, 348.16, 0.0004015
FILLER_0_123_385, 178.74, 342.72, 0.000374111
FILLER_0_121_385, 178.74, 337.28, 0.000347724
FILLER_0_119_385, 178.74, 331.84, 0.000337467
FILLER_0_117_385, 178.74, 326.4, 0.000328548
FILLER_0_115_385, 178.74, 320.96, 0.000319863
FILLER_0_113_385, 178.74, 315.52, 0.000311384
FILLER_0_111_385, 178.74, 310.08, 0.000303084
FILLER_0_109_385, 178.74, 304.64, 0.000294942
FILLER_0_107_385, 178.74, 299.2, 0.000286939
FILLER_0_105_385, 178.74, 293.76, 0.000279057
FILLER_0_103_385, 178.74, 288.32, 0.000271284
FILLER_0_101_385, 178.74, 282.88, 0.000263607
FILLER_0_99_385, 178.74, 277.44, 0.000256016
FILLER_0_97_385, 178.74, 272, 0.000248504
FILLER_0_95_385, 178.74, 266.56, 0.000241063
FILLER_0_93_385, 178.74, 261.12, 0.00023369
FILLER_0_91_385, 178.74, 255.68, 0.00022638
FILLER_0_89_385, 178.74, 250.24, 0.000219131
FILLER_0_87_385, 178.74, 244.8, 0.000211943
FILLER_0_85_385, 178.74, 239.36, 0.000204815
FILLER_0_83_385, 178.74, 233.92, 0.000197749
FILLER_0_81_385, 178.74, 228.48, 0.000190749
FILLER_0_79_385, 178.74, 223.04, 0.000183816
FILLER_0_77_385, 178.74, 217.6, 0.000176956
FILLER_0_75_385, 178.74, 212.16, 0.000170176
FILLER_0_73_385, 178.74, 206.72, 0.000163482
FILLER_0_71_385, 178.74, 201.28, 0.000156882
FILLER_0_69_385, 178.74, 195.84, 0.000150387
FILLER_0_67_385, 178.74, 190.4, 0.000144007
FILLER_0_65_385, 178.74, 184.96, 0.000137755
FILLER_0_63_385, 178.74, 179.52, 0.000136104
FILLER_0_61_385, 178.74, 174.08, 0.000135529
FILLER_0_59_385, 178.74, 168.64, 0.000135071
FILLER_0_57_385, 178.74, 163.2, 0.000134718
FILLER_0_55_385, 178.74, 157.76, 0.000134458
FILLER_0_53_385, 178.74, 152.32, 0.000134281
FILLER_0_51_385, 178.74, 146.88, 0.000134177
FILLER_0_49_385, 178.74, 141.44, 0.000134138
FILLER_0_47_385, 178.74, 136, 0.000134157
FILLER_0_45_385, 178.74, 130.56, 0.000134227
FILLER_0_43_385, 178.74, 125.12, 0.000134341
FILLER_0_41_385, 178.74, 119.68, 0.000134495
FILLER_0_39_385, 178.74, 114.24, 0.000134684
FILLER_0_37_385, 178.74, 108.8, 0.000134902
FILLER_0_35_385, 178.74, 103.36, 0.000135147
FILLER_0_33_385, 178.74, 97.92, 0.000135415
FILLER_0_31_385, 178.74, 92.48, 0.000135703
FILLER_0_29_385, 178.74, 87.04, 0.000136007
FILLER_0_27_385, 178.74, 81.6, 0.000136326
FILLER_0_25_385, 178.74, 76.16, 0.000136656
FILLER_0_23_385, 178.74, 70.72, 0.000136997
FILLER_0_21_385, 178.74, 65.28, 0.000137346
FILLER_0_19_385, 178.74, 59.84, 0.000137702
FILLER_0_17_385, 178.74, 54.4, 0.000138063
FILLER_0_15_385, 178.74, 48.96, 0.000138428
FILLER_0_13_385, 178.74, 43.52, 0.000138795
FILLER_0_11_385, 178.74, 38.08, 0.000139163
FILLER_0_9_385, 178.74, 32.64, 0.000139532
FILLER_0_7_385, 178.74, 27.2, 0.000139885
FILLER_0_5_385, 178.74, 21.76, 0.000140228
FILLER_0_3_385, 178.74, 16.32, 0.00014057
FILLER_0_0_389, 178.74, 10.88, 0.000146391
FILLER_0_1_385, 178.74, 10.88, 0.000146391
input12, 25.14, 984.64, 0.000135759
FILLER_0_358_41, 25.14, 984.64, 0.000135759
FILLER_0_357_51, 25.14, 979.2, 0.0001297
FILLER_0_355_51, 25.14, 973.76, 0.000129383
FILLER_0_353_51, 25.14, 968.32, 0.000129084
FILLER_0_351_51, 25.14, 962.88, 0.000128802
FILLER_0_349_51, 25.14, 957.44, 0.000128538
FILLER_0_347_51, 25.14, 952, 0.000128292
FILLER_0_345_51, 25.14, 946.56, 0.00012822
FILLER_0_343_51, 25.14, 941.12, 0.000128263
FILLER_0_341_51, 25.14, 935.68, 0.000128323
FILLER_0_339_51, 25.14, 930.24, 0.0001284
FILLER_0_337_51, 25.14, 924.8, 0.000128494
FILLER_0_335_51, 25.14, 919.36, 0.000128605
FILLER_0_333_51, 25.14, 913.92, 0.000128733
FILLER_0_331_51, 25.14, 908.48, 0.000128876
FILLER_0_329_51, 25.14, 903.04, 0.000129037
FILLER_0_327_51, 25.14, 897.6, 0.000129213
FILLER_0_325_51, 25.14, 892.16, 0.000129405
FILLER_0_323_51, 25.14, 886.72, 0.000129613
FILLER_0_321_51, 25.14, 881.28, 0.000129836
FILLER_0_319_51, 25.14, 875.84, 0.000130074
FILLER_0_317_51, 25.14, 870.4, 0.000130327
FILLER_0_315_51, 25.14, 864.96, 0.000130594
FILLER_0_313_51, 25.14, 859.52, 0.000130875
FILLER_0_311_51, 25.14, 854.08, 0.000138147
FILLER_0_309_51, 25.14, 848.64, 0.000131074
FILLER_0_307_51, 25.14, 843.2, 0.000130989
FILLER_0_305_51, 25.14, 837.76, 0.000130914
FILLER_0_303_51, 25.14, 832.32, 0.000130847
FILLER_0_301_51, 25.14, 826.88, 0.000130786
FILLER_0_299_51, 25.14, 821.44, 0.000130728
FILLER_0_297_51, 25.14, 816, 0.000130672
FILLER_0_295_51, 25.14, 810.56, 0.000130615
FILLER_0_293_51, 25.14, 805.12, 0.000130556
FILLER_0_291_51, 25.14, 799.68, 0.000130491
FILLER_0_289_51, 25.14, 794.24, 0.000130377
FILLER_0_287_51, 25.14, 788.8, 0.000130201
FILLER_0_285_51, 25.14, 783.36, 0.000130007
FILLER_0_283_51, 25.14, 777.92, 0.00012979
FILLER_0_281_51, 25.14, 772.48, 0.000129543
FILLER_0_279_51, 25.14, 767.04, 0.000129259
FILLER_0_277_51, 25.14, 761.6, 0.000128933
FILLER_0_275_51, 25.14, 756.16, 0.000128557
FILLER_0_273_51, 25.14, 750.72, 0.000128123
FILLER_0_271_51, 25.14, 745.28, 0.000127625
FILLER_0_269_51, 25.14, 739.84, 0.000127053
FILLER_0_267_51, 25.14, 734.4, 0.0001264
FILLER_0_265_51, 25.14, 728.96, 0.000125655
FILLER_0_263_51, 25.14, 723.52, 0.00012481
FILLER_0_261_51, 25.14, 718.08, 0.000123854
FILLER_0_259_51, 25.14, 712.64, 0.000122776
FILLER_0_257_51, 25.14, 707.2, 0.000121564
FILLER_0_255_51, 25.14, 701.76, 0.000120206
FILLER_0_253_51, 25.14, 696.32, 0.000118688
FILLER_0_251_51, 25.14, 690.88, 0.000116995
FILLER_0_249_51, 25.14, 685.44, 0.000115113
FILLER_0_247_51, 25.14, 680, 0.000119968
FILLER_0_245_51, 25.14, 674.56, 0.000110306
FILLER_0_243_51, 25.14, 669.12, 0.000107344
FILLER_0_241_51, 25.14, 663.68, 0.000104112
FILLER_0_239_51, 25.14, 658.24, 0.000100588
FILLER_0_237_51, 25.14, 652.8, 9.67453e-05
FILLER_0_235_51, 25.14, 647.36, 9.25548e-05
FILLER_0_233_51, 25.14, 641.92, 9.80823e-05
FILLER_0_231_51, 25.14, 636.48, 0.000126808
FILLER_0_229_51, 25.14, 631.04, 0.000155126
FILLER_0_227_51, 25.14, 625.6, 0.000183032
FILLER_0_225_51, 25.14, 620.16, 0.000210516
FILLER_0_223_51, 25.14, 614.72, 0.000237566
FILLER_0_221_51, 25.14, 609.28, 0.00026417
FILLER_0_219_51, 25.14, 603.84, 0.000290311
FILLER_0_217_51, 25.14, 598.4, 0.000315974
FILLER_0_215_51, 25.14, 592.96, 0.00034114
FILLER_0_213_51, 25.14, 587.52, 0.000365788
FILLER_0_211_51, 25.14, 582.08, 0.000389896
FILLER_0_209_51, 25.14, 576.64, 0.000413441
FILLER_0_207_51, 25.14, 571.2, 0.0004364
FILLER_0_205_51, 25.14, 565.76, 0.000458747
FILLER_0_203_51, 25.14, 560.32, 0.000480548
FILLER_0_201_51, 25.14, 554.88, 0.000501619
FILLER_0_199_51, 25.14, 549.44, 0.000522025
FILLER_0_197_51, 25.14, 544, 0.000541738
FILLER_0_195_51, 25.14, 538.56, 0.000560365
FILLER_0_193_51, 25.14, 533.12, 0.000578133
FILLER_0_191_51, 25.14, 527.68, 0.000595748
FILLER_0_189_51, 25.14, 522.24, 0.000611695
FILLER_0_187_51, 25.14, 516.8, 0.000627002
FILLER_0_185_45, 25.14, 511.36, 0.000641404
FILLER_0_185_53, 25.14, 511.36, 0.000641404
FILLER_0_183_51, 25.14, 505.92, 0.000654817
FILLER_0_181_51, 25.14, 500.48, 0.000667421
FILLER_0_179_51, 25.14, 495.04, 0.000678936
FILLER_0_177_51, 25.14, 489.6, 0.000688132
FILLER_0_175_51, 25.14, 484.16, 0.000686825
FILLER_0_173_51, 25.14, 478.72, 0.000684103
FILLER_0_171_51, 25.14, 473.28, 0.000680954
FILLER_0_169_51, 25.14, 467.84, 0.00067668
FILLER_0_167_51, 25.14, 462.4, 0.000671497
FILLER_0_165_51, 25.14, 456.96, 0.000665463
FILLER_0_163_51, 25.14, 451.52, 0.000658575
FILLER_0_161_51, 25.14, 446.08, 0.000651023
FILLER_0_159_51, 25.14, 440.64, 0.000642449
FILLER_0_157_51, 25.14, 435.2, 0.000633063
FILLER_0_155_51, 25.14, 429.76, 0.000623059
FILLER_0_153_51, 25.14, 424.32, 0.000611945
FILLER_0_151_51, 25.14, 418.88, 0.000600342
FILLER_0_149_51, 25.14, 413.44, 0.000588139
FILLER_0_147_51, 25.14, 408, 0.00057524
FILLER_0_145_51, 25.14, 402.56, 0.000561714
FILLER_0_143_51, 25.14, 397.12, 0.000547865
FILLER_0_141_51, 25.14, 391.68, 0.00053366
FILLER_0_139_51, 25.14, 386.24, 0.000519107
FILLER_0_137_51, 25.14, 380.8, 0.000504254
FILLER_0_135_51, 25.14, 375.36, 0.000489152
FILLER_0_133_51, 25.14, 369.92, 0.000473851
FILLER_0_131_51, 25.14, 364.48, 0.000458399
FILLER_0_129_51, 25.14, 359.04, 0.000442847
FILLER_0_127_51, 25.14, 353.6, 0.000427244
FILLER_0_125_51, 25.14, 348.16, 0.000411639
FILLER_0_123_51, 25.14, 342.72, 0.000396081
FILLER_0_121_45, 25.14, 337.28, 0.000394038
FILLER_0_121_53, 25.14, 337.28, 0.000394038
FILLER_0_119_51, 25.14, 331.84, 0.000368687
FILLER_0_117_51, 25.14, 326.4, 0.000356957
FILLER_0_115_51, 25.14, 320.96, 0.000345349
FILLER_0_113_51, 25.14, 315.52, 0.000333848
FILLER_0_111_51, 25.14, 310.08, 0.000322443
FILLER_0_109_51, 25.14, 304.64, 0.00031112
FILLER_0_107_51, 25.14, 299.2, 0.000299867
FILLER_0_105_51, 25.14, 293.76, 0.000288669
FILLER_0_103_51, 25.14, 288.32, 0.000277514
FILLER_0_101_51, 25.14, 282.88, 0.000266388
FILLER_0_99_51, 25.14, 277.44, 0.000255277
FILLER_0_97_51, 25.14, 272, 0.000244169
FILLER_0_95_51, 25.14, 266.56, 0.000233049
FILLER_0_93_51, 25.14, 261.12, 0.000221903
FILLER_0_91_51, 25.14, 255.68, 0.000210717
FILLER_0_89_51, 25.14, 250.24, 0.000199475
FILLER_0_87_51, 25.14, 244.8, 0.000188164
FILLER_0_85_51, 25.14, 239.36, 0.000176767
FILLER_0_83_51, 25.14, 233.92, 0.000165269
FILLER_0_81_51, 25.14, 228.48, 0.000153652
FILLER_0_79_51, 25.14, 223.04, 0.000141901
FILLER_0_77_51, 25.14, 217.6, 0.000129997
FILLER_0_75_51, 25.14, 212.16, 0.000117922
FILLER_0_73_51, 25.14, 206.72, 0.000105656
FILLER_0_71_51, 25.14, 201.28, 9.31791e-05
FILLER_0_69_51, 25.14, 195.84, 8.04695e-05
FILLER_0_67_51, 25.14, 190.4, 6.75047e-05
FILLER_0_65_51, 25.14, 184.96, 5.42608e-05
FILLER_0_63_51, 25.14, 179.52, 5.60964e-05
FILLER_0_61_51, 25.14, 174.08, 6.08949e-05
FILLER_0_59_45, 25.14, 168.64, 6.54207e-05
FILLER_0_59_53, 25.14, 168.64, 6.54207e-05
FILLER_0_57_51, 25.14, 163.2, 6.96915e-05
FILLER_0_55_51, 25.14, 157.76, 7.37242e-05
FILLER_0_53_51, 25.14, 152.32, 7.75342e-05
FILLER_0_51_51, 25.14, 146.88, 8.11358e-05
FILLER_0_49_51, 25.14, 141.44, 8.45424e-05
FILLER_0_47_51, 25.14, 136, 8.77665e-05
FILLER_0_45_51, 25.14, 130.56, 9.08197e-05
FILLER_0_43_51, 25.14, 125.12, 9.37129e-05
FILLER_0_41_51, 25.14, 119.68, 9.64561e-05
FILLER_0_39_51, 25.14, 114.24, 9.90587e-05
FILLER_0_37_51, 25.14, 108.8, 0.000101529
FILLER_0_35_51, 25.14, 103.36, 0.000103877
FILLER_0_33_51, 25.14, 97.92, 0.000106108
FILLER_0_31_51, 25.14, 92.48, 0.000108231
FILLER_0_29_51, 25.14, 87.04, 0.000110251
FILLER_0_27_51, 25.14, 81.6, 0.000112176
FILLER_0_25_51, 25.14, 76.16, 0.000114011
FILLER_0_23_51, 25.14, 70.72, 0.000115762
FILLER_0_21_51, 25.14, 65.28, 0.000117434
FILLER_0_19_51, 25.14, 59.84, 0.000119031
FILLER_0_17_51, 25.14, 54.4, 0.000120559
FILLER_0_15_51, 25.14, 48.96, 0.000122021
FILLER_0_13_51, 25.14, 43.52, 0.000123421
FILLER_0_11_51, 25.14, 38.08, 0.000124765
FILLER_0_9_51, 25.14, 32.64, 0.000126054
FILLER_0_7_51, 25.14, 27.2, 0.000126839
FILLER_0_5_51, 25.14, 21.76, 0.000127349
FILLER_0_3_51, 25.14, 16.32, 0.000127811
FILLER_0_0_53, 25.14, 10.88, 0.000134225
FILLER_0_1_51, 25.14, 10.88, 0.000134225
PHY_714, 5.52, 984.64, 0.000135759
PHY_716, 5.52, 984.64, 0.000135759
PHY_715, 994.06, 984.64, 8.15826e-05
PHY_717, 994.06, 984.64, 8.15826e-05
output19, 994.06, 984.64, 8.15826e-05
FILLER_0_357_2141, 994.06, 984.64, 8.15826e-05
FILLER_0_358_2137, 994.06, 984.64, 8.15826e-05
FILLER_0_358_81, 37.94, 984.64, 0.00013543
FILLER_0_358_109, 50.74, 984.64, 0.000135101
FILLER_0_358_137, 63.54, 984.64, 0.000134772
FILLER_0_358_165, 76.34, 984.64, 0.000134442
FILLER_0_358_193, 89.14, 984.64, 0.000134113
FILLER_0_358_221, 101.94, 984.64, 0.000133784
FILLER_0_358_249, 114.74, 984.64, 0.000133455
FILLER_0_358_277, 127.54, 984.64, 0.000133125
FILLER_0_358_305, 140.34, 984.64, 0.000132796
FILLER_0_358_333, 153.14, 984.64, 0.000132467
FILLER_0_358_361, 165.94, 984.64, 0.000132137
input6, 191.54, 984.64, 0.000138811
FILLER_0_358_445, 204.34, 984.64, 0.000136951
FILLER_0_358_473, 217.14, 984.64, 0.000135091
FILLER_0_358_501, 229.94, 984.64, 0.00013323
FILLER_0_358_529, 242.74, 984.64, 0.00013137
FILLER_0_358_557, 255.54, 984.64, 0.00012951
FILLER_0_358_585, 268.34, 984.64, 0.000127649
FILLER_0_358_613, 281.14, 984.64, 0.000125789
FILLER_0_358_641, 306.74, 984.64, 0.000122068
FILLER_0_358_669, 319.54, 984.64, 0.000120208
FILLER_0_358_725, 345.14, 984.64, 0.000119921
input1, 357.94, 984.64, 0.000121495
FILLER_0_358_753, 357.94, 984.64, 0.000121495
FILLER_0_358_775, 357.94, 984.64, 0.000121495
FILLER_0_358_809, 383.54, 984.64, 0.000117873
FILLER_0_358_837, 396.34, 984.64, 0.000116062
FILLER_0_358_865, 409.14, 984.64, 0.000114251
FILLER_0_358_893, 421.94, 984.64, 0.00011244
FILLER_0_358_921, 434.74, 984.64, 0.000110629
FILLER_0_358_949, 447.54, 984.64, 0.000108817
FILLER_0_358_977, 460.34, 984.64, 0.000107006
FILLER_0_358_1005, 473.14, 984.64, 0.000105195
FILLER_0_358_1061, 498.74, 984.64, 0.000102812
FILLER_0_358_1089, 511.54, 984.64, 0.00010224
FILLER_0_358_1117, 524.34, 984.64, 0.000101667
FILLER_0_358_1145, 537.14, 984.64, 0.000101095
FILLER_0_358_1173, 549.94, 984.64, 0.000100523
FILLER_0_358_1201, 562.74, 984.64, 9.99503e-05
FILLER_0_358_1229, 575.54, 984.64, 9.93779e-05
FILLER_0_358_1257, 588.34, 984.64, 9.88056e-05
FILLER_0_357_1281, 601.14, 984.64, 9.82332e-05
FILLER_0_358_1285, 601.14, 984.64, 9.82332e-05
FILLER_0_358_1313, 613.94, 984.64, 9.76608e-05
FILLER_0_357_1337, 626.74, 984.64, 9.70884e-05
FILLER_0_358_1341, 626.74, 984.64, 9.70884e-05
FILLER_0_357_1393, 652.34, 984.64, 0.000102381
FILLER_0_358_1397, 652.34, 984.64, 0.000102381
FILLER_0_358_1425, 665.14, 984.64, 0.000108246
input9, 677.94, 984.64, 0.00011411
FILLER_0_357_1449, 677.94, 984.64, 0.00011411
FILLER_0_358_1453, 677.94, 984.64, 0.00011411
FILLER_0_357_1505, 703.54, 984.64, 0.000107978
FILLER_0_358_1509, 703.54, 984.64, 0.000107978
FILLER_0_358_1537, 716.34, 984.64, 0.000104912
FILLER_0_357_1561, 729.14, 984.64, 0.000101846
FILLER_0_358_1565, 729.14, 984.64, 0.000101846
FILLER_0_358_1593, 741.94, 984.64, 9.87799e-05
FILLER_0_357_1617, 754.74, 984.64, 9.57137e-05
FILLER_0_358_1621, 754.74, 984.64, 9.57137e-05
FILLER_0_358_1649, 767.54, 984.64, 9.26475e-05
FILLER_0_357_1673, 780.34, 984.64, 8.95814e-05
FILLER_0_358_1677, 780.34, 984.64, 8.95814e-05
FILLER_0_357_1729, 805.94, 984.64, 8.61042e-05
FILLER_0_358_1733, 805.94, 984.64, 8.61042e-05
FILLER_0_358_1761, 818.74, 984.64, 8.56932e-05
output14, 831.54, 984.64, 8.52822e-05
ANTENNA_4, 831.54, 984.64, 8.52822e-05
ANTENNA_5, 831.54, 984.64, 8.52822e-05
ANTENNA_7, 831.54, 984.64, 8.52822e-05
FILLER_0_357_1785, 831.54, 984.64, 8.52822e-05
FILLER_0_358_1789, 831.54, 984.64, 8.52822e-05
FILLER_0_358_1793, 831.54, 984.64, 8.52822e-05
ANTENNA_6, 844.34, 984.64, 8.48712e-05
FILLER_0_358_1815, 844.34, 984.64, 8.48712e-05
FILLER_0_358_1837, 844.34, 984.64, 8.48712e-05
FILLER_0_357_1841, 857.14, 984.64, 8.44601e-05
FILLER_0_358_1845, 857.14, 984.64, 8.44601e-05
FILLER_0_358_1873, 869.94, 984.64, 8.4049e-05
FILLER_0_357_1897, 882.74, 984.64, 8.3638e-05
FILLER_0_358_1901, 882.74, 984.64, 8.3638e-05
FILLER_0_358_1929, 895.54, 984.64, 8.32268e-05
FILLER_0_357_1953, 908.34, 984.64, 8.28157e-05
FILLER_0_358_1957, 908.34, 984.64, 8.28157e-05
FILLER_0_358_1985, 921.14, 984.64, 8.24046e-05
FILLER_0_357_2009, 933.94, 984.64, 8.19934e-05
FILLER_0_358_2013, 933.94, 984.64, 8.19934e-05
FILLER_0_357_2065, 958.57, 984.64, 8.15823e-05
FILLER_0_358_2069, 958.57, 984.64, 8.15823e-05
FILLER_0_358_2097, 970.4, 984.64, 8.15824e-05
FILLER_0_357_2121, 982.23, 984.64, 8.15825e-05
FILLER_0_358_2125, 982.23, 984.64, 8.15825e-05
FILLER_0_358_2129, 982.23, 984.64, 8.15825e-05
PHY_710, 5.52, 979.2, 0.0001297
PHY_712, 5.52, 979.2, 0.0001297
PHY_711, 994.06, 979.2, 8.14442e-05
PHY_713, 994.06, 979.2, 8.14442e-05
FILLER_0_355_2141, 994.06, 979.2, 8.14442e-05
FILLER_0_356_2137, 994.06, 979.2, 8.14442e-05
FILLER_0_356_77, 37.94, 979.2, 0.000129338
FILLER_0_357_105, 50.74, 979.2, 0.000128976
FILLER_0_356_133, 63.54, 979.2, 0.000128614
FILLER_0_357_161, 76.34, 979.2, 0.000128252
FILLER_0_356_189, 89.14, 979.2, 0.00012789
FILLER_0_357_217, 101.94, 979.2, 0.000127528
FILLER_0_356_245, 114.74, 979.2, 0.000127166
FILLER_0_357_273, 127.54, 979.2, 0.000126804
FILLER_0_356_301, 140.34, 979.2, 0.000126442
FILLER_0_357_329, 153.14, 979.2, 0.000126079
FILLER_0_356_357, 165.94, 979.2, 0.000125717
FILLER_0_356_413, 191.54, 979.2, 0.000124519
FILLER_0_357_441, 204.34, 979.2, 0.000123682
FILLER_0_356_469, 217.14, 979.2, 0.000122846
FILLER_0_357_497, 229.94, 979.2, 0.000122009
FILLER_0_356_525, 242.74, 979.2, 0.000121173
FILLER_0_357_553, 255.54, 979.2, 0.000120336
FILLER_0_356_581, 268.34, 979.2, 0.000119499
FILLER_0_357_609, 281.14, 979.2, 0.000118663
FILLER_0_356_637, 293.94, 979.2, 0.000117826
FILLER_0_357_665, 306.74, 979.2, 0.00011699
FILLER_0_356_693, 319.54, 979.2, 0.000116153
FILLER_0_356_749, 345.14, 979.2, 0.000114246
FILLER_0_357_777, 357.94, 979.2, 0.000113176
FILLER_0_356_805, 370.74, 979.2, 0.000112106
FILLER_0_357_833, 383.54, 979.2, 0.000111036
FILLER_0_356_861, 396.34, 979.2, 0.000109966
FILLER_0_357_889, 409.14, 979.2, 0.000108896
FILLER_0_356_917, 421.94, 979.2, 0.000107826
FILLER_0_357_945, 434.74, 979.2, 0.000106755
FILLER_0_356_973, 447.54, 979.2, 0.000105685
FILLER_0_357_1001, 460.34, 979.2, 0.000104615
FILLER_0_356_1029, 473.14, 979.2, 0.000103545
FILLER_0_356_1085, 498.74, 979.2, 0.000101556
FILLER_0_357_1113, 511.54, 979.2, 0.000100637
FILLER_0_356_1141, 524.34, 979.2, 9.97178e-05
FILLER_0_357_1169, 537.14, 979.2, 9.87988e-05
FILLER_0_356_1197, 549.94, 979.2, 9.78798e-05
FILLER_0_357_1225, 562.74, 979.2, 9.69608e-05
FILLER_0_356_1253, 575.54, 979.2, 9.60417e-05
FILLER_0_355_1281, 601.14, 979.2, 9.42037e-05
FILLER_0_356_1309, 613.94, 979.2, 9.32846e-05
FILLER_0_355_1337, 626.74, 979.2, 9.23655e-05
FILLER_0_355_1393, 652.34, 979.2, 9.08725e-05
FILLER_0_356_1421, 665.14, 979.2, 9.02986e-05
FILLER_0_355_1449, 677.94, 979.2, 8.97247e-05
FILLER_0_356_1477, 690.74, 979.2, 8.91507e-05
FILLER_0_355_1505, 703.54, 979.2, 8.85767e-05
FILLER_0_356_1533, 716.34, 979.2, 8.80027e-05
FILLER_0_355_1561, 729.14, 979.2, 8.74288e-05
FILLER_0_356_1589, 741.94, 979.2, 8.68548e-05
FILLER_0_355_1617, 754.74, 979.2, 8.62807e-05
FILLER_0_356_1645, 767.54, 979.2, 8.57067e-05
FILLER_0_355_1673, 780.34, 979.2, 8.51327e-05
FILLER_0_355_1729, 805.94, 979.2, 8.42991e-05
FILLER_0_356_1757, 818.74, 979.2, 8.40396e-05
FILLER_0_355_1785, 831.54, 979.2, 8.37801e-05
FILLER_0_356_1813, 844.34, 979.2, 8.35206e-05
FILLER_0_355_1841, 857.14, 979.2, 8.32611e-05
FILLER_0_356_1869, 869.94, 979.2, 8.30015e-05
FILLER_0_355_1897, 882.74, 979.2, 8.2742e-05
FILLER_0_356_1925, 895.54, 979.2, 8.24824e-05
FILLER_0_355_1953, 908.34, 979.2, 8.22228e-05
FILLER_0_356_1981, 921.14, 979.2, 8.19632e-05
FILLER_0_355_2009, 933.94, 979.2, 8.17036e-05
FILLER_0_355_2065, 958.57, 979.2, 8.14441e-05
FILLER_0_356_2093, 970.4, 979.2, 8.14441e-05
FILLER_0_355_2121, 982.23, 979.2, 8.14442e-05
PHY_706, 5.52, 973.76, 0.000129383
PHY_708, 5.52, 973.76, 0.000129383
PHY_707, 994.06, 973.76, 8.14051e-05
PHY_709, 994.06, 973.76, 8.14051e-05
FILLER_0_353_2141, 994.06, 973.76, 8.14051e-05
FILLER_0_354_2137, 994.06, 973.76, 8.14051e-05
FILLER_0_354_77, 37.94, 973.76, 0.000129021
FILLER_0_355_105, 50.74, 973.76, 0.000128659
FILLER_0_354_133, 63.54, 973.76, 0.000128297
FILLER_0_355_161, 76.34, 973.76, 0.000127935
FILLER_0_354_189, 89.14, 973.76, 0.000127572
FILLER_0_355_217, 101.94, 973.76, 0.00012721
FILLER_0_354_245, 114.74, 973.76, 0.000126848
FILLER_0_355_273, 127.54, 973.76, 0.000126486
FILLER_0_354_301, 140.34, 973.76, 0.000126124
FILLER_0_355_329, 153.14, 973.76, 0.000125761
FILLER_0_354_357, 165.94, 973.76, 0.000125399
FILLER_0_354_413, 191.54, 973.76, 0.000124214
FILLER_0_355_441, 204.34, 973.76, 0.000123391
FILLER_0_354_469, 217.14, 973.76, 0.000122567
FILLER_0_355_497, 229.94, 973.76, 0.000121744
FILLER_0_354_525, 242.74, 973.76, 0.000120921
FILLER_0_355_553, 255.54, 973.76, 0.000120097
FILLER_0_354_581, 268.34, 973.76, 0.000119274
FILLER_0_355_609, 281.14, 973.76, 0.000118451
FILLER_0_354_637, 293.94, 973.76, 0.000117627
FILLER_0_355_665, 306.74, 973.76, 0.000116804
FILLER_0_354_693, 319.54, 973.76, 0.000115981
FILLER_0_354_749, 345.14, 973.76, 0.000114093
FILLER_0_355_777, 357.94, 973.76, 0.000113029
FILLER_0_354_805, 370.74, 973.76, 0.000111965
FILLER_0_355_833, 383.54, 973.76, 0.000110901
FILLER_0_354_861, 396.34, 973.76, 0.000109837
FILLER_0_355_889, 409.14, 973.76, 0.000108773
FILLER_0_354_917, 421.94, 973.76, 0.000107709
FILLER_0_355_945, 434.74, 973.76, 0.000106645
FILLER_0_354_973, 447.54, 973.76, 0.000105581
FILLER_0_355_1001, 460.34, 973.76, 0.000104517
FILLER_0_354_1029, 473.14, 973.76, 0.000103453
FILLER_0_354_1085, 498.74, 973.76, 0.000101452
FILLER_0_355_1113, 511.54, 973.76, 0.000100515
FILLER_0_354_1141, 524.34, 973.76, 9.95784e-05
FILLER_0_355_1169, 537.14, 973.76, 9.86415e-05
FILLER_0_354_1197, 549.94, 973.76, 9.77045e-05
FILLER_0_355_1225, 562.74, 973.76, 9.67675e-05
FILLER_0_354_1253, 575.54, 973.76, 9.58305e-05
FILLER_0_353_1281, 601.14, 973.76, 9.39565e-05
FILLER_0_354_1309, 613.94, 973.76, 9.30195e-05
FILLER_0_353_1337, 626.74, 973.76, 9.20825e-05
FILLER_0_353_1393, 652.34, 973.76, 9.05845e-05
FILLER_0_354_1421, 665.14, 973.76, 9.00235e-05
FILLER_0_353_1449, 677.94, 973.76, 8.94625e-05
FILLER_0_354_1477, 690.74, 973.76, 8.89015e-05
FILLER_0_353_1505, 703.54, 973.76, 8.83405e-05
FILLER_0_354_1533, 716.34, 973.76, 8.77795e-05
FILLER_0_353_1561, 729.14, 973.76, 8.72184e-05
FILLER_0_354_1589, 741.94, 973.76, 8.66574e-05
FILLER_0_353_1617, 754.74, 973.76, 8.60963e-05
FILLER_0_354_1645, 767.54, 973.76, 8.55353e-05
FILLER_0_353_1673, 780.34, 973.76, 8.49742e-05
FILLER_0_353_1729, 805.94, 973.76, 8.41625e-05
FILLER_0_354_1757, 818.74, 973.76, 8.39118e-05
FILLER_0_353_1785, 831.54, 973.76, 8.36612e-05
FILLER_0_354_1813, 844.34, 973.76, 8.34105e-05
FILLER_0_353_1841, 857.14, 973.76, 8.31599e-05
FILLER_0_354_1869, 869.94, 973.76, 8.29092e-05
FILLER_0_353_1897, 882.74, 973.76, 8.26585e-05
FILLER_0_354_1925, 895.54, 973.76, 8.24078e-05
FILLER_0_353_1953, 908.34, 973.76, 8.21571e-05
FILLER_0_354_1981, 921.14, 973.76, 8.19064e-05
FILLER_0_353_2009, 933.94, 973.76, 8.16556e-05
FILLER_0_353_2065, 958.57, 973.76, 8.1405e-05
FILLER_0_354_2093, 970.4, 973.76, 8.1405e-05
FILLER_0_353_2121, 982.23, 973.76, 8.14051e-05
PHY_702, 5.52, 968.32, 0.000129084
PHY_704, 5.52, 968.32, 0.000129084
PHY_703, 994.06, 968.32, 8.13538e-05
PHY_705, 994.06, 968.32, 8.13538e-05
FILLER_0_351_2141, 994.06, 968.32, 8.13538e-05
FILLER_0_352_2137, 994.06, 968.32, 8.13538e-05
FILLER_0_352_77, 37.94, 968.32, 0.000128722
FILLER_0_353_105, 50.74, 968.32, 0.00012836
FILLER_0_352_133, 63.54, 968.32, 0.000127998
FILLER_0_353_161, 76.34, 968.32, 0.000127636
FILLER_0_352_189, 89.14, 968.32, 0.000127274
FILLER_0_353_217, 101.94, 968.32, 0.000126912
FILLER_0_352_245, 114.74, 968.32, 0.00012655
FILLER_0_353_273, 127.54, 968.32, 0.000126188
FILLER_0_352_301, 140.34, 968.32, 0.000125826
FILLER_0_353_329, 153.14, 968.32, 0.000125464
FILLER_0_352_357, 165.94, 968.32, 0.000125102
FILLER_0_352_413, 191.54, 968.32, 0.000123929
FILLER_0_353_441, 204.34, 968.32, 0.000123118
FILLER_0_352_469, 217.14, 968.32, 0.000122307
FILLER_0_353_497, 229.94, 968.32, 0.000121497
FILLER_0_352_525, 242.74, 968.32, 0.000120686
FILLER_0_353_553, 255.54, 968.32, 0.000119875
FILLER_0_352_581, 268.34, 968.32, 0.000119064
FILLER_0_353_609, 281.14, 968.32, 0.000118253
FILLER_0_352_637, 293.94, 968.32, 0.000117442
FILLER_0_353_665, 306.74, 968.32, 0.000116631
FILLER_0_352_693, 319.54, 968.32, 0.00011582
FILLER_0_352_749, 345.14, 968.32, 0.00011395
FILLER_0_353_777, 357.94, 968.32, 0.000112891
FILLER_0_352_805, 370.74, 968.32, 0.000111832
FILLER_0_353_833, 383.54, 968.32, 0.000110772
FILLER_0_352_861, 396.34, 968.32, 0.000109713
FILLER_0_353_889, 409.14, 968.32, 0.000108654
FILLER_0_352_917, 421.94, 968.32, 0.000107595
FILLER_0_353_945, 434.74, 968.32, 0.000106535
FILLER_0_352_973, 447.54, 968.32, 0.000105476
FILLER_0_353_1001, 460.34, 968.32, 0.000104417
FILLER_0_352_1029, 473.14, 968.32, 0.000103357
FILLER_0_352_1085, 498.74, 968.32, 0.000101342
FILLER_0_353_1113, 511.54, 968.32, 0.000100386
FILLER_0_352_1141, 524.34, 968.32, 9.94305e-05
FILLER_0_353_1169, 537.14, 968.32, 9.84746e-05
FILLER_0_352_1197, 549.94, 968.32, 9.75187e-05
FILLER_0_353_1225, 562.74, 968.32, 9.65629e-05
FILLER_0_352_1253, 575.54, 968.32, 9.5607e-05
FILLER_0_351_1281, 601.14, 968.32, 9.36951e-05
FILLER_0_352_1309, 613.94, 968.32, 9.27392e-05
FILLER_0_351_1337, 626.74, 968.32, 9.17833e-05
FILLER_0_351_1393, 652.34, 968.32, 9.02795e-05
FILLER_0_352_1421, 665.14, 968.32, 8.97317e-05
FILLER_0_351_1449, 677.94, 968.32, 8.91838e-05
FILLER_0_352_1477, 690.74, 968.32, 8.8636e-05
FILLER_0_351_1505, 703.54, 968.32, 8.80881e-05
FILLER_0_352_1533, 716.34, 968.32, 8.75402e-05
FILLER_0_351_1561, 729.14, 968.32, 8.69923e-05
FILLER_0_352_1589, 741.94, 968.32, 8.64444e-05
FILLER_0_351_1617, 754.74, 968.32, 8.58965e-05
FILLER_0_352_1645, 767.54, 968.32, 8.53485e-05
FILLER_0_351_1673, 780.34, 968.32, 8.48006e-05
FILLER_0_351_1729, 805.94, 968.32, 8.40111e-05
FILLER_0_352_1757, 818.74, 968.32, 8.37696e-05
FILLER_0_351_1785, 831.54, 968.32, 8.3528e-05
FILLER_0_352_1813, 844.34, 968.32, 8.32865e-05
FILLER_0_351_1841, 857.14, 968.32, 8.30449e-05
FILLER_0_352_1869, 869.94, 968.32, 8.28033e-05
FILLER_0_351_1897, 882.74, 968.32, 8.25617e-05
FILLER_0_352_1925, 895.54, 968.32, 8.23201e-05
FILLER_0_351_1953, 908.34, 968.32, 8.20785e-05
FILLER_0_352_1981, 921.14, 968.32, 8.18369e-05
FILLER_0_351_2009, 933.94, 968.32, 8.15953e-05
FILLER_0_351_2065, 958.57, 968.32, 8.13537e-05
FILLER_0_352_2093, 970.4, 968.32, 8.13537e-05
FILLER_0_351_2121, 982.23, 968.32, 8.13538e-05
PHY_698, 5.52, 962.88, 0.000128802
PHY_700, 5.52, 962.88, 0.000128802
PHY_699, 994.06, 962.88, 8.12907e-05
PHY_701, 994.06, 962.88, 8.12907e-05
FILLER_0_349_2141, 994.06, 962.88, 8.12907e-05
FILLER_0_350_2137, 994.06, 962.88, 8.12907e-05
FILLER_0_350_77, 37.94, 962.88, 0.000128441
FILLER_0_351_105, 50.74, 962.88, 0.000128079
FILLER_0_350_133, 63.54, 962.88, 0.000127718
FILLER_0_351_161, 76.34, 962.88, 0.000127356
FILLER_0_350_189, 89.14, 962.88, 0.000126995
FILLER_0_351_217, 101.94, 962.88, 0.000126633
FILLER_0_350_245, 114.74, 962.88, 0.000126272
FILLER_0_351_273, 127.54, 962.88, 0.00012591
FILLER_0_350_301, 140.34, 962.88, 0.000125548
FILLER_0_351_329, 153.14, 962.88, 0.000125187
FILLER_0_350_357, 165.94, 962.88, 0.000124825
FILLER_0_350_413, 191.54, 962.88, 0.000123664
FILLER_0_351_441, 204.34, 962.88, 0.000122865
FILLER_0_350_469, 217.14, 962.88, 0.000122066
FILLER_0_351_497, 229.94, 962.88, 0.000121267
FILLER_0_350_525, 242.74, 962.88, 0.000120468
FILLER_0_351_553, 255.54, 962.88, 0.000119668
FILLER_0_350_581, 268.34, 962.88, 0.000118869
FILLER_0_351_609, 281.14, 962.88, 0.00011807
FILLER_0_350_637, 293.94, 962.88, 0.000117271
FILLER_0_351_665, 306.74, 962.88, 0.000116471
FILLER_0_350_693, 319.54, 962.88, 0.000115672
FILLER_0_350_749, 345.14, 962.88, 0.000113817
FILLER_0_351_777, 357.94, 962.88, 0.000112761
FILLER_0_350_805, 370.74, 962.88, 0.000111705
FILLER_0_351_833, 383.54, 962.88, 0.000110649
FILLER_0_350_861, 396.34, 962.88, 0.000109593
FILLER_0_351_889, 409.14, 962.88, 0.000108538
FILLER_0_350_917, 421.94, 962.88, 0.000107482
FILLER_0_351_945, 434.74, 962.88, 0.000106426
FILLER_0_350_973, 447.54, 962.88, 0.00010537
FILLER_0_351_1001, 460.34, 962.88, 0.000104314
FILLER_0_350_1029, 473.14, 962.88, 0.000103258
FILLER_0_350_1085, 498.74, 962.88, 0.000101226
FILLER_0_351_1113, 511.54, 962.88, 0.00010025
FILLER_0_350_1141, 524.34, 962.88, 9.92743e-05
FILLER_0_351_1169, 537.14, 962.88, 9.82984e-05
FILLER_0_350_1197, 549.94, 962.88, 9.73225e-05
FILLER_0_351_1225, 562.74, 962.88, 9.63466e-05
FILLER_0_350_1253, 575.54, 962.88, 9.53706e-05
FILLER_0_349_1281, 601.14, 962.88, 9.34187e-05
FILLER_0_350_1309, 613.94, 962.88, 9.24428e-05
FILLER_0_349_1337, 626.74, 962.88, 9.14668e-05
FILLER_0_349_1393, 652.34, 962.88, 8.99564e-05
FILLER_0_350_1421, 665.14, 962.88, 8.9422e-05
FILLER_0_349_1449, 677.94, 962.88, 8.88876e-05
FILLER_0_350_1477, 690.74, 962.88, 8.83532e-05
FILLER_0_349_1505, 703.54, 962.88, 8.78188e-05
FILLER_0_350_1533, 716.34, 962.88, 8.72843e-05
FILLER_0_349_1561, 729.14, 962.88, 8.67499e-05
FILLER_0_350_1589, 741.94, 962.88, 8.62154e-05
FILLER_0_349_1617, 754.74, 962.88, 8.5681e-05
FILLER_0_350_1645, 767.54, 962.88, 8.51465e-05
FILLER_0_349_1673, 780.34, 962.88, 8.4612e-05
FILLER_0_349_1729, 805.94, 962.88, 8.38453e-05
FILLER_0_350_1757, 818.74, 962.88, 8.36131e-05
FILLER_0_349_1785, 831.54, 962.88, 8.33809e-05
FILLER_0_350_1813, 844.34, 962.88, 8.31487e-05
FILLER_0_349_1841, 857.14, 962.88, 8.29164e-05
FILLER_0_350_1869, 869.94, 962.88, 8.26842e-05
FILLER_0_349_1897, 882.74, 962.88, 8.2452e-05
FILLER_0_350_1925, 895.54, 962.88, 8.22197e-05
FILLER_0_349_1953, 908.34, 962.88, 8.19874e-05
FILLER_0_350_1981, 921.14, 962.88, 8.17551e-05
FILLER_0_349_2009, 933.94, 962.88, 8.15228e-05
FILLER_0_349_2065, 958.57, 962.88, 8.12906e-05
FILLER_0_350_2093, 970.4, 962.88, 8.12907e-05
FILLER_0_349_2121, 982.23, 962.88, 8.12907e-05
PHY_694, 5.52, 957.44, 0.000128538
PHY_696, 5.52, 957.44, 0.000128538
PHY_695, 994.06, 957.44, 8.12163e-05
PHY_697, 994.06, 957.44, 8.12163e-05
FILLER_0_347_2141, 994.06, 957.44, 8.12163e-05
FILLER_0_348_2137, 994.06, 957.44, 8.12163e-05
FILLER_0_348_77, 37.94, 957.44, 0.000128178
FILLER_0_349_105, 50.74, 957.44, 0.000127817
FILLER_0_348_133, 63.54, 957.44, 0.000127456
FILLER_0_349_161, 76.34, 957.44, 0.000127095
FILLER_0_348_189, 89.14, 957.44, 0.000126734
FILLER_0_349_217, 101.94, 957.44, 0.000126373
FILLER_0_348_245, 114.74, 957.44, 0.000126012
FILLER_0_349_273, 127.54, 957.44, 0.000125651
FILLER_0_348_301, 140.34, 957.44, 0.00012529
FILLER_0_349_329, 153.14, 957.44, 0.000124929
FILLER_0_348_357, 165.94, 957.44, 0.000124568
FILLER_0_348_413, 191.54, 957.44, 0.000123419
FILLER_0_349_441, 204.34, 957.44, 0.000122631
FILLER_0_348_469, 217.14, 957.44, 0.000121843
FILLER_0_349_497, 229.94, 957.44, 0.000121054
FILLER_0_348_525, 242.74, 957.44, 0.000120266
FILLER_0_349_553, 255.54, 957.44, 0.000119478
FILLER_0_348_581, 268.34, 957.44, 0.00011869
FILLER_0_349_609, 281.14, 957.44, 0.000117901
FILLER_0_348_637, 293.94, 957.44, 0.000117113
FILLER_0_349_665, 306.74, 957.44, 0.000116325
FILLER_0_348_693, 319.54, 957.44, 0.000115536
FILLER_0_348_749, 345.14, 957.44, 0.000113694
FILLER_0_349_777, 357.94, 957.44, 0.000112641
FILLER_0_348_805, 370.74, 957.44, 0.000111587
FILLER_0_349_833, 383.54, 957.44, 0.000110533
FILLER_0_348_861, 396.34, 957.44, 0.000109479
FILLER_0_349_889, 409.14, 957.44, 0.000108425
FILLER_0_348_917, 421.94, 957.44, 0.000107371
FILLER_0_349_945, 434.74, 957.44, 0.000106318
FILLER_0_348_973, 447.54, 957.44, 0.000105264
FILLER_0_349_1001, 460.34, 957.44, 0.00010421
FILLER_0_348_1029, 473.14, 957.44, 0.000103156
FILLER_0_348_1085, 498.74, 957.44, 0.000101105
FILLER_0_349_1113, 511.54, 957.44, 0.000100108
FILLER_0_348_1141, 524.34, 957.44, 9.91104e-05
FILLER_0_349_1169, 537.14, 957.44, 9.81131e-05
FILLER_0_348_1197, 549.94, 957.44, 9.71158e-05
FILLER_0_349_1225, 562.74, 957.44, 9.61185e-05
FILLER_0_348_1253, 575.54, 957.44, 9.51211e-05
FILLER_0_347_1281, 601.14, 957.44, 9.31265e-05
FILLER_0_348_1309, 613.94, 957.44, 9.21291e-05
FILLER_0_347_1337, 626.74, 957.44, 9.11318e-05
FILLER_0_347_1393, 652.34, 957.44, 8.96139e-05
FILLER_0_348_1421, 665.14, 957.44, 8.90934e-05
FILLER_0_347_1449, 677.94, 957.44, 8.85729e-05
FILLER_0_348_1477, 690.74, 957.44, 8.80524e-05
FILLER_0_347_1505, 703.54, 957.44, 8.75318e-05
FILLER_0_348_1533, 716.34, 957.44, 8.70113e-05
FILLER_0_347_1561, 729.14, 957.44, 8.64907e-05
FILLER_0_348_1589, 741.94, 957.44, 8.59701e-05
FILLER_0_347_1617, 754.74, 957.44, 8.54495e-05
FILLER_0_348_1645, 767.54, 957.44, 8.49289e-05
FILLER_0_347_1673, 780.34, 957.44, 8.44083e-05
FILLER_0_347_1729, 805.94, 957.44, 8.36651e-05
FILLER_0_348_1757, 818.74, 957.44, 8.34426e-05
FILLER_0_347_1785, 831.54, 957.44, 8.322e-05
FILLER_0_348_1813, 844.34, 957.44, 8.29973e-05
FILLER_0_347_1841, 857.14, 957.44, 8.27747e-05
FILLER_0_348_1869, 869.94, 957.44, 8.25521e-05
FILLER_0_347_1897, 882.74, 957.44, 8.23295e-05
FILLER_0_348_1925, 895.54, 957.44, 8.21068e-05
FILLER_0_347_1953, 908.34, 957.44, 8.18841e-05
FILLER_0_348_1981, 921.14, 957.44, 8.16615e-05
FILLER_0_347_2009, 933.94, 957.44, 8.14388e-05
FILLER_0_347_2065, 958.57, 957.44, 8.12162e-05
FILLER_0_348_2093, 970.4, 957.44, 8.12162e-05
FILLER_0_347_2121, 982.23, 957.44, 8.12163e-05
PHY_690, 5.52, 952, 0.000128292
PHY_692, 5.52, 952, 0.000128292
PHY_691, 994.06, 952, 8.1131e-05
PHY_693, 994.06, 952, 8.1131e-05
FILLER_0_345_2141, 994.06, 952, 8.1131e-05
FILLER_0_346_2137, 994.06, 952, 8.1131e-05
FILLER_0_346_77, 37.94, 952, 0.000127932
FILLER_0_347_105, 50.74, 952, 0.000127572
FILLER_0_346_133, 63.54, 952, 0.000127212
FILLER_0_347_161, 76.34, 952, 0.000126852
FILLER_0_346_189, 89.14, 952, 0.000126492
FILLER_0_347_217, 101.94, 952, 0.000126132
FILLER_0_346_245, 114.74, 952, 0.000125772
FILLER_0_347_273, 127.54, 952, 0.000125412
FILLER_0_346_301, 140.34, 952, 0.000125051
FILLER_0_347_329, 153.14, 952, 0.000124691
FILLER_0_346_357, 165.94, 952, 0.000124331
FILLER_0_346_413, 191.54, 952, 0.000123193
FILLER_0_347_441, 204.34, 952, 0.000122415
FILLER_0_346_469, 217.14, 952, 0.000121637
FILLER_0_347_497, 229.94, 952, 0.000120859
FILLER_0_346_525, 242.74, 952, 0.000120082
FILLER_0_347_553, 255.54, 952, 0.000119304
FILLER_0_346_581, 268.34, 952, 0.000118526
FILLER_0_347_609, 281.14, 952, 0.000117748
FILLER_0_346_637, 293.94, 952, 0.00011697
FILLER_0_347_665, 306.74, 952, 0.000116192
FILLER_0_346_693, 319.54, 952, 0.000115414
FILLER_0_346_749, 345.14, 952, 0.000113583
FILLER_0_347_777, 357.94, 952, 0.00011253
FILLER_0_346_805, 370.74, 952, 0.000111477
FILLER_0_347_833, 383.54, 952, 0.000110424
FILLER_0_346_861, 396.34, 952, 0.000109371
FILLER_0_347_889, 409.14, 952, 0.000108318
FILLER_0_346_917, 421.94, 952, 0.000107265
FILLER_0_347_945, 434.74, 952, 0.000106212
FILLER_0_346_973, 447.54, 952, 0.000105159
FILLER_0_347_1001, 460.34, 952, 0.000104106
FILLER_0_346_1029, 473.14, 952, 0.000103052
FILLER_0_346_1085, 498.74, 952, 0.000100979
FILLER_0_347_1113, 511.54, 952, 9.9959e-05
FILLER_0_346_1141, 524.34, 952, 9.89389e-05
FILLER_0_347_1169, 537.14, 952, 9.79187e-05
FILLER_0_346_1197, 549.94, 952, 9.68985e-05
FILLER_0_347_1225, 562.74, 952, 9.58783e-05
FILLER_0_346_1253, 575.54, 952, 9.48581e-05
FILLER_0_345_1281, 601.14, 952, 9.28176e-05
FILLER_0_346_1309, 613.94, 952, 9.17974e-05
FILLER_0_345_1337, 626.74, 952, 9.07771e-05
FILLER_0_345_1393, 652.34, 952, 8.92508e-05
FILLER_0_346_1421, 665.14, 952, 8.87447e-05
FILLER_0_345_1449, 677.94, 952, 8.82386e-05
FILLER_0_346_1477, 690.74, 952, 8.77326e-05
FILLER_0_345_1505, 703.54, 952, 8.72265e-05
FILLER_0_346_1533, 716.34, 952, 8.67203e-05
FILLER_0_345_1561, 729.14, 952, 8.62142e-05
FILLER_0_346_1589, 741.94, 952, 8.57081e-05
FILLER_0_345_1617, 754.74, 952, 8.52019e-05
FILLER_0_346_1645, 767.54, 952, 8.46958e-05
FILLER_0_345_1673, 780.34, 952, 8.41896e-05
FILLER_0_345_1729, 805.94, 952, 8.34708e-05
FILLER_0_346_1757, 818.74, 952, 8.32581e-05
FILLER_0_345_1785, 831.54, 952, 8.30454e-05
FILLER_0_346_1813, 844.34, 952, 8.28327e-05
FILLER_0_345_1841, 857.14, 952, 8.262e-05
FILLER_0_346_1869, 869.94, 952, 8.24073e-05
FILLER_0_345_1897, 882.74, 952, 8.21946e-05
FILLER_0_346_1925, 895.54, 952, 8.19818e-05
FILLER_0_345_1953, 908.34, 952, 8.17691e-05
FILLER_0_346_1981, 921.14, 952, 8.15563e-05
FILLER_0_345_2009, 933.94, 952, 8.13435e-05
FILLER_0_345_2065, 958.57, 952, 8.11308e-05
FILLER_0_346_2093, 970.4, 952, 8.11309e-05
FILLER_0_345_2121, 982.23, 952, 8.11309e-05
PHY_686, 5.52, 946.56, 0.00012822
PHY_688, 5.52, 946.56, 0.00012822
PHY_687, 994.06, 946.56, 8.09402e-05
PHY_689, 994.06, 946.56, 8.09402e-05
FILLER_0_343_2141, 994.06, 946.56, 8.09402e-05
FILLER_0_344_2137, 994.06, 946.56, 8.09402e-05
FILLER_0_344_77, 37.94, 946.56, 0.000127862
FILLER_0_345_105, 50.74, 946.56, 0.000127504
FILLER_0_344_133, 63.54, 946.56, 0.000127146
FILLER_0_345_161, 76.34, 946.56, 0.000126788
FILLER_0_344_189, 89.14, 946.56, 0.00012643
FILLER_0_345_217, 101.94, 946.56, 0.000126072
FILLER_0_344_245, 114.74, 946.56, 0.000125714
FILLER_0_345_273, 127.54, 946.56, 0.000125356
FILLER_0_344_301, 140.34, 946.56, 0.000124998
FILLER_0_345_329, 153.14, 946.56, 0.00012464
FILLER_0_344_357, 165.94, 946.56, 0.000124281
FILLER_0_344_413, 191.54, 946.56, 0.00012315
FILLER_0_345_441, 204.34, 946.56, 0.000122377
FILLER_0_344_469, 217.14, 946.56, 0.000121604
FILLER_0_345_497, 229.94, 946.56, 0.000120831
FILLER_0_344_525, 242.74, 946.56, 0.000120058
FILLER_0_345_553, 255.54, 946.56, 0.000119285
FILLER_0_344_581, 268.34, 946.56, 0.000118512
FILLER_0_345_609, 281.14, 946.56, 0.000117739
FILLER_0_344_637, 293.94, 946.56, 0.000116966
FILLER_0_345_665, 306.74, 946.56, 0.000116193
FILLER_0_344_693, 319.54, 946.56, 0.00011542
FILLER_0_344_749, 345.14, 946.56, 0.000113583
FILLER_0_345_777, 357.94, 946.56, 0.000112519
FILLER_0_344_805, 370.74, 946.56, 0.000111455
FILLER_0_345_833, 383.54, 946.56, 0.00011039
FILLER_0_344_861, 396.34, 946.56, 0.000109326
FILLER_0_345_889, 409.14, 946.56, 0.000108262
FILLER_0_344_917, 421.94, 946.56, 0.000107198
FILLER_0_345_945, 434.74, 946.56, 0.000106134
FILLER_0_344_973, 447.54, 946.56, 0.00010507
FILLER_0_345_1001, 460.34, 946.56, 0.000104006
FILLER_0_344_1029, 473.14, 946.56, 0.000102942
FILLER_0_344_1085, 498.74, 946.56, 0.000100818
FILLER_0_345_1113, 511.54, 946.56, 9.97583e-05
FILLER_0_344_1141, 524.34, 946.56, 9.86987e-05
FILLER_0_345_1169, 537.14, 946.56, 9.76391e-05
FILLER_0_344_1197, 549.94, 946.56, 9.65794e-05
FILLER_0_345_1225, 562.74, 946.56, 9.55198e-05
FILLER_0_344_1253, 575.54, 946.56, 9.44601e-05
FILLER_0_343_1281, 601.14, 946.56, 9.23408e-05
FILLER_0_344_1309, 613.94, 946.56, 9.12811e-05
FILLER_0_343_1337, 626.74, 946.56, 9.02214e-05
FILLER_0_343_1393, 652.34, 946.56, 8.86762e-05
FILLER_0_344_1421, 665.14, 946.56, 8.81907e-05
FILLER_0_343_1449, 677.94, 946.56, 8.77051e-05
FILLER_0_344_1477, 690.74, 946.56, 8.72196e-05
FILLER_0_343_1505, 703.54, 946.56, 8.6734e-05
FILLER_0_344_1533, 716.34, 946.56, 8.62485e-05
FILLER_0_343_1561, 729.14, 946.56, 8.57629e-05
FILLER_0_344_1589, 741.94, 946.56, 8.52773e-05
FILLER_0_343_1617, 754.74, 946.56, 8.47917e-05
FILLER_0_344_1645, 767.54, 946.56, 8.43061e-05
FILLER_0_343_1673, 780.34, 946.56, 8.38205e-05
FILLER_0_343_1729, 805.94, 946.56, 8.31353e-05
FILLER_0_344_1757, 818.74, 946.56, 8.29358e-05
FILLER_0_343_1785, 831.54, 946.56, 8.27363e-05
FILLER_0_344_1813, 844.34, 946.56, 8.25367e-05
FILLER_0_343_1841, 857.14, 946.56, 8.23372e-05
FILLER_0_344_1869, 869.94, 946.56, 8.21376e-05
FILLER_0_343_1897, 882.74, 946.56, 8.1938e-05
FILLER_0_344_1925, 895.54, 946.56, 8.17384e-05
FILLER_0_343_1953, 908.34, 946.56, 8.15388e-05
FILLER_0_344_1981, 921.14, 946.56, 8.13392e-05
FILLER_0_343_2009, 933.94, 946.56, 8.11396e-05
FILLER_0_343_2065, 958.57, 946.56, 8.094e-05
FILLER_0_344_2093, 970.4, 946.56, 8.09401e-05
FILLER_0_343_2121, 982.23, 946.56, 8.09401e-05
PHY_682, 5.52, 941.12, 0.000128263
PHY_684, 5.52, 941.12, 0.000128263
PHY_683, 994.06, 941.12, 8.06803e-05
PHY_685, 994.06, 941.12, 8.06803e-05
FILLER_0_341_2141, 994.06, 941.12, 8.06803e-05
FILLER_0_342_2137, 994.06, 941.12, 8.06803e-05
FILLER_0_342_77, 37.94, 941.12, 0.000127908
FILLER_0_343_105, 50.74, 941.12, 0.000127552
FILLER_0_342_133, 63.54, 941.12, 0.000127197
FILLER_0_343_161, 76.34, 941.12, 0.000126842
FILLER_0_342_189, 89.14, 941.12, 0.000126487
FILLER_0_343_217, 101.94, 941.12, 0.000126132
FILLER_0_342_245, 114.74, 941.12, 0.000125777
FILLER_0_343_273, 127.54, 941.12, 0.000125421
FILLER_0_342_301, 140.34, 941.12, 0.000125066
FILLER_0_343_329, 153.14, 941.12, 0.000124711
FILLER_0_342_357, 165.94, 941.12, 0.000124356
FILLER_0_342_413, 191.54, 941.12, 0.000123229
FILLER_0_343_441, 204.34, 941.12, 0.000122457
FILLER_0_342_469, 217.14, 941.12, 0.000121686
FILLER_0_343_497, 229.94, 941.12, 0.000120914
FILLER_0_342_525, 242.74, 941.12, 0.000120142
FILLER_0_343_553, 255.54, 941.12, 0.000119371
FILLER_0_342_581, 268.34, 941.12, 0.000118599
FILLER_0_343_609, 281.14, 941.12, 0.000117827
FILLER_0_342_637, 293.94, 941.12, 0.000117055
FILLER_0_343_665, 306.74, 941.12, 0.000116284
FILLER_0_342_693, 319.54, 941.12, 0.000115512
FILLER_0_342_749, 345.14, 941.12, 0.000113657
FILLER_0_343_777, 357.94, 941.12, 0.000112574
FILLER_0_342_805, 370.74, 941.12, 0.000111491
FILLER_0_343_833, 383.54, 941.12, 0.000110408
FILLER_0_342_861, 396.34, 941.12, 0.000109325
FILLER_0_343_889, 409.14, 941.12, 0.000108242
FILLER_0_342_917, 421.94, 941.12, 0.000107159
FILLER_0_343_945, 434.74, 941.12, 0.000106076
FILLER_0_342_973, 447.54, 941.12, 0.000104993
FILLER_0_343_1001, 460.34, 941.12, 0.00010391
FILLER_0_342_1029, 473.14, 941.12, 0.000102827
FILLER_0_342_1085, 498.74, 941.12, 0.000100634
FILLER_0_343_1113, 511.54, 941.12, 9.95235e-05
FILLER_0_342_1141, 524.34, 941.12, 9.84132e-05
FILLER_0_343_1169, 537.14, 941.12, 9.73029e-05
FILLER_0_342_1197, 549.94, 941.12, 9.61925e-05
FILLER_0_343_1225, 562.74, 941.12, 9.50822e-05
FILLER_0_342_1253, 575.54, 941.12, 9.39718e-05
FILLER_0_341_1281, 601.14, 941.12, 9.1751e-05
FILLER_0_342_1309, 613.94, 941.12, 9.06406e-05
FILLER_0_341_1337, 626.74, 941.12, 8.95302e-05
FILLER_0_341_1393, 652.34, 941.12, 8.79592e-05
FILLER_0_342_1421, 665.14, 941.12, 8.74985e-05
FILLER_0_341_1449, 677.94, 941.12, 8.70378e-05
FILLER_0_342_1477, 690.74, 941.12, 8.65771e-05
FILLER_0_341_1505, 703.54, 941.12, 8.61163e-05
FILLER_0_342_1533, 716.34, 941.12, 8.56556e-05
FILLER_0_341_1561, 729.14, 941.12, 8.51949e-05
FILLER_0_342_1589, 741.94, 941.12, 8.47341e-05
FILLER_0_341_1617, 754.74, 941.12, 8.42734e-05
FILLER_0_342_1645, 767.54, 941.12, 8.38126e-05
FILLER_0_341_1673, 780.34, 941.12, 8.33518e-05
FILLER_0_341_1729, 805.94, 941.12, 8.27068e-05
FILLER_0_342_1757, 818.74, 941.12, 8.25226e-05
FILLER_0_341_1785, 831.54, 941.12, 8.23384e-05
FILLER_0_342_1813, 844.34, 941.12, 8.21542e-05
FILLER_0_341_1841, 857.14, 941.12, 8.197e-05
FILLER_0_342_1869, 869.94, 941.12, 8.17857e-05
FILLER_0_341_1897, 882.74, 941.12, 8.16015e-05
FILLER_0_342_1925, 895.54, 941.12, 8.14172e-05
FILLER_0_341_1953, 908.34, 941.12, 8.1233e-05
FILLER_0_342_1981, 921.14, 941.12, 8.10487e-05
FILLER_0_341_2009, 933.94, 941.12, 8.08644e-05
FILLER_0_341_2065, 958.57, 941.12, 8.06801e-05
FILLER_0_342_2093, 970.4, 941.12, 8.06802e-05
FILLER_0_341_2121, 982.23, 941.12, 8.06803e-05
PHY_678, 5.52, 935.68, 0.000128323
PHY_680, 5.52, 935.68, 0.000128323
PHY_679, 994.06, 935.68, 8.04113e-05
PHY_681, 994.06, 935.68, 8.04113e-05
FILLER_0_339_2141, 994.06, 935.68, 8.04113e-05
FILLER_0_340_2137, 994.06, 935.68, 8.04113e-05
FILLER_0_340_77, 37.94, 935.68, 0.000127971
FILLER_0_341_105, 50.74, 935.68, 0.000127619
FILLER_0_340_133, 63.54, 935.68, 0.000127267
FILLER_0_341_161, 76.34, 935.68, 0.000126914
FILLER_0_340_189, 89.14, 935.68, 0.000126562
FILLER_0_341_217, 101.94, 935.68, 0.00012621
FILLER_0_340_245, 114.74, 935.68, 0.000125858
FILLER_0_341_273, 127.54, 935.68, 0.000125506
FILLER_0_340_301, 140.34, 935.68, 0.000125154
FILLER_0_341_329, 153.14, 935.68, 0.000124801
FILLER_0_340_357, 165.94, 935.68, 0.000124449
FILLER_0_340_413, 191.54, 935.68, 0.000123326
FILLER_0_341_441, 204.34, 935.68, 0.000122556
FILLER_0_340_469, 217.14, 935.68, 0.000121785
FILLER_0_341_497, 229.94, 935.68, 0.000121014
FILLER_0_340_525, 242.74, 935.68, 0.000120244
FILLER_0_341_553, 255.54, 935.68, 0.000119473
FILLER_0_340_581, 268.34, 935.68, 0.000118702
FILLER_0_341_609, 281.14, 935.68, 0.000117931
FILLER_0_340_637, 293.94, 935.68, 0.00011716
FILLER_0_341_665, 306.74, 935.68, 0.00011639
FILLER_0_340_693, 319.54, 935.68, 0.000115619
FILLER_0_340_749, 345.14, 935.68, 0.000113745
FILLER_0_341_777, 357.94, 935.68, 0.000112642
FILLER_0_340_805, 370.74, 935.68, 0.000111539
FILLER_0_341_833, 383.54, 935.68, 0.000110436
FILLER_0_340_861, 396.34, 935.68, 0.000109333
FILLER_0_341_889, 409.14, 935.68, 0.00010823
FILLER_0_340_917, 421.94, 935.68, 0.000107127
FILLER_0_341_945, 434.74, 935.68, 0.000106024
FILLER_0_340_973, 447.54, 935.68, 0.000104921
FILLER_0_341_1001, 460.34, 935.68, 0.000103817
FILLER_0_340_1029, 473.14, 935.68, 0.000102714
FILLER_0_340_1085, 498.74, 935.68, 0.000100448
FILLER_0_341_1113, 511.54, 935.68, 9.92843e-05
FILLER_0_340_1141, 524.34, 935.68, 9.81209e-05
FILLER_0_341_1169, 537.14, 935.68, 9.69575e-05
FILLER_0_340_1197, 549.94, 935.68, 9.5794e-05
FILLER_0_341_1225, 562.74, 935.68, 9.46306e-05
FILLER_0_340_1253, 575.54, 935.68, 9.34671e-05
FILLER_0_339_1281, 601.14, 935.68, 9.11401e-05
FILLER_0_340_1309, 613.94, 935.68, 8.99766e-05
FILLER_0_339_1337, 626.74, 935.68, 8.88131e-05
FILLER_0_339_1393, 652.34, 935.68, 8.7215e-05
FILLER_0_340_1421, 665.14, 935.68, 8.67803e-05
FILLER_0_339_1449, 677.94, 935.68, 8.63457e-05
FILLER_0_340_1477, 690.74, 935.68, 8.5911e-05
FILLER_0_339_1505, 703.54, 935.68, 8.54763e-05
FILLER_0_340_1533, 716.34, 935.68, 8.50416e-05
FILLER_0_339_1561, 729.14, 935.68, 8.46069e-05
FILLER_0_340_1589, 741.94, 935.68, 8.41722e-05
FILLER_0_339_1617, 754.74, 935.68, 8.37375e-05
FILLER_0_340_1645, 767.54, 935.68, 8.33028e-05
FILLER_0_339_1673, 780.34, 935.68, 8.2868e-05
FILLER_0_339_1729, 805.94, 935.68, 8.22648e-05
FILLER_0_340_1757, 818.74, 935.68, 8.20963e-05
FILLER_0_339_1785, 831.54, 935.68, 8.19279e-05
FILLER_0_340_1813, 844.34, 935.68, 8.17594e-05
FILLER_0_339_1841, 857.14, 935.68, 8.15909e-05
FILLER_0_340_1869, 869.94, 935.68, 8.14224e-05
FILLER_0_339_1897, 882.74, 935.68, 8.12538e-05
FILLER_0_340_1925, 895.54, 935.68, 8.10853e-05
FILLER_0_339_1953, 908.34, 935.68, 8.09167e-05
FILLER_0_340_1981, 921.14, 935.68, 8.07482e-05
FILLER_0_339_2009, 933.94, 935.68, 8.05796e-05
FILLER_0_339_2065, 958.57, 935.68, 8.04111e-05
FILLER_0_340_2093, 970.4, 935.68, 8.04112e-05
FILLER_0_339_2121, 982.23, 935.68, 8.04112e-05
PHY_674, 5.52, 930.24, 0.0001284
PHY_676, 5.52, 930.24, 0.0001284
PHY_675, 994.06, 930.24, 8.01338e-05
PHY_677, 994.06, 930.24, 8.01338e-05
FILLER_0_337_2141, 994.06, 930.24, 8.01338e-05
FILLER_0_338_2137, 994.06, 930.24, 8.01338e-05
FILLER_0_338_77, 37.94, 930.24, 0.000128051
FILLER_0_339_105, 50.74, 930.24, 0.000127702
FILLER_0_338_133, 63.54, 930.24, 0.000127354
FILLER_0_339_161, 76.34, 930.24, 0.000127005
FILLER_0_338_189, 89.14, 930.24, 0.000126656
FILLER_0_339_217, 101.94, 930.24, 0.000126307
FILLER_0_338_245, 114.74, 930.24, 0.000125958
FILLER_0_339_273, 127.54, 930.24, 0.000125609
FILLER_0_338_301, 140.34, 930.24, 0.00012526
FILLER_0_339_329, 153.14, 930.24, 0.000124911
FILLER_0_338_357, 165.94, 930.24, 0.000124562
FILLER_0_338_413, 191.54, 930.24, 0.000123443
FILLER_0_339_441, 204.34, 930.24, 0.000122673
FILLER_0_338_469, 217.14, 930.24, 0.000121903
FILLER_0_339_497, 229.94, 930.24, 0.000121133
FILLER_0_338_525, 242.74, 930.24, 0.000120363
FILLER_0_339_553, 255.54, 930.24, 0.000119592
FILLER_0_338_581, 268.34, 930.24, 0.000118822
FILLER_0_339_609, 281.14, 930.24, 0.000118052
FILLER_0_338_637, 293.94, 930.24, 0.000117282
FILLER_0_339_665, 306.74, 930.24, 0.000116512
FILLER_0_338_693, 319.54, 930.24, 0.000115741
FILLER_0_338_749, 345.14, 930.24, 0.000113847
FILLER_0_339_777, 357.94, 930.24, 0.000112723
FILLER_0_338_805, 370.74, 930.24, 0.000111598
FILLER_0_339_833, 383.54, 930.24, 0.000110474
FILLER_0_338_861, 396.34, 930.24, 0.00010935
FILLER_0_339_889, 409.14, 930.24, 0.000108226
FILLER_0_338_917, 421.94, 930.24, 0.000107101
FILLER_0_339_945, 434.74, 930.24, 0.000105977
FILLER_0_338_973, 447.54, 930.24, 0.000104853
FILLER_0_339_1001, 460.34, 930.24, 0.000103728
FILLER_0_338_1029, 473.14, 930.24, 0.000102604
FILLER_0_338_1085, 498.74, 930.24, 0.00010026
FILLER_0_339_1113, 511.54, 930.24, 9.90412e-05
FILLER_0_338_1141, 524.34, 930.24, 9.78219e-05
FILLER_0_339_1169, 537.14, 930.24, 9.66026e-05
FILLER_0_338_1197, 549.94, 930.24, 9.53833e-05
FILLER_0_339_1225, 562.74, 930.24, 9.41639e-05
FILLER_0_338_1253, 575.54, 930.24, 9.29446e-05
FILLER_0_337_1281, 601.14, 930.24, 9.05059e-05
FILLER_0_338_1309, 613.94, 930.24, 8.92865e-05
FILLER_0_337_1337, 626.74, 930.24, 8.80672e-05
FILLER_0_337_1393, 652.34, 930.24, 8.64407e-05
FILLER_0_338_1421, 665.14, 930.24, 8.60336e-05
FILLER_0_337_1449, 677.94, 930.24, 8.56265e-05
FILLER_0_338_1477, 690.74, 930.24, 8.52193e-05
FILLER_0_337_1505, 703.54, 930.24, 8.48122e-05
FILLER_0_338_1533, 716.34, 930.24, 8.44051e-05
FILLER_0_337_1561, 729.14, 930.24, 8.39979e-05
FILLER_0_338_1589, 741.94, 930.24, 8.35907e-05
FILLER_0_337_1617, 754.74, 930.24, 8.31836e-05
FILLER_0_338_1645, 767.54, 930.24, 8.27764e-05
FILLER_0_337_1673, 780.34, 930.24, 8.23692e-05
FILLER_0_337_1729, 805.94, 930.24, 8.18096e-05
FILLER_0_338_1757, 818.74, 930.24, 8.16573e-05
FILLER_0_337_1785, 831.54, 930.24, 8.1505e-05
FILLER_0_338_1813, 844.34, 930.24, 8.13527e-05
FILLER_0_337_1841, 857.14, 930.24, 8.12003e-05
FILLER_0_338_1869, 869.94, 930.24, 8.1048e-05
FILLER_0_337_1897, 882.74, 930.24, 8.08956e-05
FILLER_0_338_1925, 895.54, 930.24, 8.07432e-05
FILLER_0_337_1953, 908.34, 930.24, 8.05908e-05
FILLER_0_338_1981, 921.14, 930.24, 8.04384e-05
FILLER_0_337_2009, 933.94, 930.24, 8.0286e-05
FILLER_0_337_2065, 958.57, 930.24, 8.01336e-05
FILLER_0_338_2093, 970.4, 930.24, 8.01337e-05
FILLER_0_337_2121, 982.23, 930.24, 8.01337e-05
PHY_670, 5.52, 924.8, 0.000128494
PHY_672, 5.52, 924.8, 0.000128494
PHY_671, 994.06, 924.8, 7.98486e-05
PHY_673, 994.06, 924.8, 7.98486e-05
FILLER_0_335_2141, 994.06, 924.8, 7.98486e-05
FILLER_0_336_2137, 994.06, 924.8, 7.98486e-05
FILLER_0_336_77, 37.94, 924.8, 0.000128149
FILLER_0_337_105, 50.74, 924.8, 0.000127803
FILLER_0_336_133, 63.54, 924.8, 0.000127458
FILLER_0_337_161, 76.34, 924.8, 0.000127113
FILLER_0_336_189, 89.14, 924.8, 0.000126767
FILLER_0_337_217, 101.94, 924.8, 0.000126422
FILLER_0_336_245, 114.74, 924.8, 0.000126077
FILLER_0_337_273, 127.54, 924.8, 0.000125731
FILLER_0_336_301, 140.34, 924.8, 0.000125386
FILLER_0_337_329, 153.14, 924.8, 0.00012504
FILLER_0_336_357, 165.94, 924.8, 0.000124695
FILLER_0_336_413, 191.54, 924.8, 0.000123579
FILLER_0_337_441, 204.34, 924.8, 0.00012281
FILLER_0_336_469, 217.14, 924.8, 0.00012204
FILLER_0_337_497, 229.94, 924.8, 0.00012127
FILLER_0_336_525, 242.74, 924.8, 0.0001205
FILLER_0_337_553, 255.54, 924.8, 0.00011973
FILLER_0_336_581, 268.34, 924.8, 0.00011896
FILLER_0_337_609, 281.14, 924.8, 0.00011819
FILLER_0_336_637, 293.94, 924.8, 0.00011742
FILLER_0_337_665, 306.74, 924.8, 0.000116651
FILLER_0_336_693, 319.54, 924.8, 0.000115881
FILLER_0_336_749, 345.14, 924.8, 0.000113964
FILLER_0_337_777, 357.94, 924.8, 0.000112818
FILLER_0_336_805, 370.74, 924.8, 0.000111671
FILLER_0_337_833, 383.54, 924.8, 0.000110524
FILLER_0_336_861, 396.34, 924.8, 0.000109378
FILLER_0_337_889, 409.14, 924.8, 0.000108231
FILLER_0_336_917, 421.94, 924.8, 0.000107085
FILLER_0_337_945, 434.74, 924.8, 0.000105938
FILLER_0_336_973, 447.54, 924.8, 0.000104791
FILLER_0_337_1001, 460.34, 924.8, 0.000103645
FILLER_0_336_1029, 473.14, 924.8, 0.000102498
FILLER_0_336_1085, 498.74, 924.8, 0.000100073
FILLER_0_337_1113, 511.54, 924.8, 9.87947e-05
FILLER_0_336_1141, 524.34, 924.8, 9.75163e-05
FILLER_0_337_1169, 537.14, 924.8, 9.6238e-05
FILLER_0_336_1197, 549.94, 924.8, 9.49596e-05
FILLER_0_337_1225, 562.74, 924.8, 9.36813e-05
FILLER_0_336_1253, 575.54, 924.8, 9.24029e-05
FILLER_0_335_1281, 601.14, 924.8, 8.98461e-05
FILLER_0_336_1309, 613.94, 924.8, 8.85677e-05
FILLER_0_335_1337, 626.74, 924.8, 8.72893e-05
FILLER_0_335_1393, 652.34, 924.8, 8.56332e-05
FILLER_0_336_1421, 665.14, 924.8, 8.52554e-05
FILLER_0_335_1449, 677.94, 924.8, 8.48777e-05
FILLER_0_336_1477, 690.74, 924.8, 8.44999e-05
FILLER_0_335_1505, 703.54, 924.8, 8.41221e-05
FILLER_0_336_1533, 716.34, 924.8, 8.37443e-05
FILLER_0_335_1561, 729.14, 924.8, 8.33665e-05
FILLER_0_336_1589, 741.94, 924.8, 8.29887e-05
FILLER_0_335_1617, 754.74, 924.8, 8.26109e-05
FILLER_0_336_1645, 767.54, 924.8, 8.2233e-05
FILLER_0_335_1673, 780.34, 924.8, 8.18552e-05
FILLER_0_335_1729, 805.94, 924.8, 8.13417e-05
FILLER_0_336_1757, 818.74, 924.8, 8.1206e-05
FILLER_0_335_1785, 831.54, 924.8, 8.10703e-05
FILLER_0_336_1813, 844.34, 924.8, 8.09345e-05
FILLER_0_335_1841, 857.14, 924.8, 8.07988e-05
FILLER_0_336_1869, 869.94, 924.8, 8.06631e-05
FILLER_0_335_1897, 882.74, 924.8, 8.05273e-05
FILLER_0_336_1925, 895.54, 924.8, 8.03916e-05
FILLER_0_335_1953, 908.34, 924.8, 8.02558e-05
FILLER_0_336_1981, 921.14, 924.8, 8.012e-05
FILLER_0_335_2009, 933.94, 924.8, 7.99842e-05
FILLER_0_335_2065, 958.57, 924.8, 7.98485e-05
FILLER_0_336_2093, 970.4, 924.8, 7.98486e-05
FILLER_0_335_2121, 982.23, 924.8, 7.98486e-05
PHY_666, 5.52, 919.36, 0.000128605
PHY_668, 5.52, 919.36, 0.000128605
PHY_667, 994.06, 919.36, 7.95566e-05
PHY_669, 994.06, 919.36, 7.95566e-05
FILLER_0_333_2141, 994.06, 919.36, 7.95566e-05
FILLER_0_334_2137, 994.06, 919.36, 7.95566e-05
FILLER_0_334_77, 37.94, 919.36, 0.000128263
FILLER_0_335_105, 50.74, 919.36, 0.000127922
FILLER_0_334_133, 63.54, 919.36, 0.00012758
FILLER_0_335_161, 76.34, 919.36, 0.000127239
FILLER_0_334_189, 89.14, 919.36, 0.000126897
FILLER_0_335_217, 101.94, 919.36, 0.000126555
FILLER_0_334_245, 114.74, 919.36, 0.000126214
FILLER_0_335_273, 127.54, 919.36, 0.000125872
FILLER_0_334_301, 140.34, 919.36, 0.00012553
FILLER_0_335_329, 153.14, 919.36, 0.000125189
FILLER_0_334_357, 165.94, 919.36, 0.000124847
FILLER_0_334_413, 191.54, 919.36, 0.000123736
FILLER_0_335_441, 204.34, 919.36, 0.000122966
FILLER_0_334_469, 217.14, 919.36, 0.000122196
FILLER_0_335_497, 229.94, 919.36, 0.000121426
FILLER_0_334_525, 242.74, 919.36, 0.000120656
FILLER_0_335_553, 255.54, 919.36, 0.000119887
FILLER_0_334_581, 268.34, 919.36, 0.000119117
FILLER_0_335_609, 281.14, 919.36, 0.000118347
FILLER_0_334_637, 293.94, 919.36, 0.000117577
FILLER_0_335_665, 306.74, 919.36, 0.000116807
FILLER_0_334_693, 319.54, 919.36, 0.000116037
FILLER_0_334_749, 345.14, 919.36, 0.000114098
FILLER_0_335_777, 357.94, 919.36, 0.000112928
FILLER_0_334_805, 370.74, 919.36, 0.000111758
FILLER_0_335_833, 383.54, 919.36, 0.000110588
FILLER_0_334_861, 396.34, 919.36, 0.000109418
FILLER_0_335_889, 409.14, 919.36, 0.000108248
FILLER_0_334_917, 421.94, 919.36, 0.000107078
FILLER_0_335_945, 434.74, 919.36, 0.000105907
FILLER_0_334_973, 447.54, 919.36, 0.000104737
FILLER_0_335_1001, 460.34, 919.36, 0.000103567
FILLER_0_334_1029, 473.14, 919.36, 0.000102397
FILLER_0_334_1085, 498.74, 919.36, 9.98863e-05
FILLER_0_335_1113, 511.54, 919.36, 9.85453e-05
FILLER_0_334_1141, 524.34, 919.36, 9.72044e-05
FILLER_0_335_1169, 537.14, 919.36, 9.58634e-05
FILLER_0_334_1197, 549.94, 919.36, 9.45224e-05
FILLER_0_335_1225, 562.74, 919.36, 9.31814e-05
FILLER_0_334_1253, 575.54, 919.36, 9.18404e-05
FILLER_0_333_1281, 601.14, 919.36, 8.91584e-05
FILLER_0_334_1309, 613.94, 919.36, 8.78174e-05
FILLER_0_333_1337, 626.74, 919.36, 8.64764e-05
FILLER_0_333_1393, 652.34, 919.36, 8.47891e-05
FILLER_0_334_1421, 665.14, 919.36, 8.44429e-05
FILLER_0_333_1449, 677.94, 919.36, 8.40966e-05
FILLER_0_334_1477, 690.74, 919.36, 8.37503e-05
FILLER_0_333_1505, 703.54, 919.36, 8.34041e-05
FILLER_0_334_1533, 716.34, 919.36, 8.30578e-05
FILLER_0_333_1561, 729.14, 919.36, 8.27115e-05
FILLER_0_334_1589, 741.94, 919.36, 8.23652e-05
FILLER_0_333_1617, 754.74, 919.36, 8.20189e-05
FILLER_0_334_1645, 767.54, 919.36, 8.16725e-05
FILLER_0_333_1673, 780.34, 919.36, 8.13262e-05
FILLER_0_333_1729, 805.94, 919.36, 8.08613e-05
FILLER_0_334_1757, 818.74, 919.36, 8.07427e-05
FILLER_0_333_1785, 831.54, 919.36, 8.06241e-05
FILLER_0_334_1813, 844.34, 919.36, 8.05055e-05
FILLER_0_333_1841, 857.14, 919.36, 8.03869e-05
FILLER_0_334_1869, 869.94, 919.36, 8.02683e-05
FILLER_0_333_1897, 882.74, 919.36, 8.01497e-05
FILLER_0_334_1925, 895.54, 919.36, 8.0031e-05
FILLER_0_333_1953, 908.34, 919.36, 7.99124e-05
FILLER_0_334_1981, 921.14, 919.36, 7.97937e-05
FILLER_0_333_2009, 933.94, 919.36, 7.96751e-05
FILLER_0_333_2065, 958.57, 919.36, 7.95565e-05
FILLER_0_334_2093, 970.4, 919.36, 7.95565e-05
FILLER_0_333_2121, 982.23, 919.36, 7.95566e-05
PHY_662, 5.52, 913.92, 0.000128733
PHY_664, 5.52, 913.92, 0.000128733
PHY_663, 994.06, 913.92, 7.92585e-05
PHY_665, 994.06, 913.92, 7.92585e-05
FILLER_0_331_2141, 994.06, 913.92, 7.92585e-05
FILLER_0_332_2137, 994.06, 913.92, 7.92585e-05
FILLER_0_332_77, 37.94, 913.92, 0.000128395
FILLER_0_333_105, 50.74, 913.92, 0.000128057
FILLER_0_332_133, 63.54, 913.92, 0.00012772
FILLER_0_333_161, 76.34, 913.92, 0.000127382
FILLER_0_332_189, 89.14, 913.92, 0.000127045
FILLER_0_333_217, 101.94, 913.92, 0.000126707
FILLER_0_332_245, 114.74, 913.92, 0.00012637
FILLER_0_333_273, 127.54, 913.92, 0.000126032
FILLER_0_332_301, 140.34, 913.92, 0.000125694
FILLER_0_333_329, 153.14, 913.92, 0.000125357
FILLER_0_332_357, 165.94, 913.92, 0.000125019
FILLER_0_332_413, 191.54, 913.92, 0.000123912
FILLER_0_333_441, 204.34, 913.92, 0.000123142
FILLER_0_332_469, 217.14, 913.92, 0.000122372
FILLER_0_333_497, 229.94, 913.92, 0.000121602
FILLER_0_332_525, 242.74, 913.92, 0.000120832
FILLER_0_333_553, 255.54, 913.92, 0.000120062
FILLER_0_332_581, 268.34, 913.92, 0.000119292
FILLER_0_333_609, 281.14, 913.92, 0.000118523
FILLER_0_332_637, 293.94, 913.92, 0.000117753
FILLER_0_333_665, 306.74, 913.92, 0.000116983
FILLER_0_332_693, 319.54, 913.92, 0.000116213
FILLER_0_332_749, 345.14, 913.92, 0.000114248
FILLER_0_333_777, 357.94, 913.92, 0.000113054
FILLER_0_332_805, 370.74, 913.92, 0.00011186
FILLER_0_333_833, 383.54, 913.92, 0.000110665
FILLER_0_332_861, 396.34, 913.92, 0.000109471
FILLER_0_333_889, 409.14, 913.92, 0.000108276
FILLER_0_332_917, 421.94, 913.92, 0.000107082
FILLER_0_333_945, 434.74, 913.92, 0.000105887
FILLER_0_332_973, 447.54, 913.92, 0.000104693
FILLER_0_333_1001, 460.34, 913.92, 0.000103498
FILLER_0_332_1029, 473.14, 913.92, 0.000102304
FILLER_0_332_1085, 498.74, 913.92, 9.97014e-05
FILLER_0_333_1113, 511.54, 913.92, 9.82938e-05
FILLER_0_332_1141, 524.34, 913.92, 9.68861e-05
FILLER_0_333_1169, 537.14, 913.92, 9.54785e-05
FILLER_0_332_1197, 549.94, 913.92, 9.40709e-05
FILLER_0_333_1225, 562.74, 913.92, 9.26632e-05
FILLER_0_332_1253, 575.54, 913.92, 9.12556e-05
FILLER_0_331_1281, 601.14, 913.92, 8.84402e-05
FILLER_0_332_1309, 613.94, 913.92, 8.70326e-05
FILLER_0_331_1337, 626.74, 913.92, 8.56249e-05
FILLER_0_331_1393, 652.34, 913.92, 8.3905e-05
FILLER_0_332_1421, 665.14, 913.92, 8.35927e-05
FILLER_0_331_1449, 677.94, 913.92, 8.32805e-05
FILLER_0_332_1477, 690.74, 913.92, 8.29682e-05
FILLER_0_331_1505, 703.54, 913.92, 8.2656e-05
FILLER_0_332_1533, 716.34, 913.92, 8.23437e-05
FILLER_0_331_1561, 729.14, 913.92, 8.20314e-05
FILLER_0_332_1589, 741.94, 913.92, 8.17191e-05
FILLER_0_331_1617, 754.74, 913.92, 8.14068e-05
FILLER_0_332_1645, 767.54, 913.92, 8.10945e-05
FILLER_0_331_1673, 780.34, 913.92, 8.07822e-05
FILLER_0_331_1729, 805.94, 913.92, 8.0369e-05
FILLER_0_332_1757, 818.74, 913.92, 8.0268e-05
FILLER_0_331_1785, 831.54, 913.92, 8.01671e-05
FILLER_0_332_1813, 844.34, 913.92, 8.00662e-05
FILLER_0_331_1841, 857.14, 913.92, 7.99652e-05
FILLER_0_332_1869, 869.94, 913.92, 7.98642e-05
FILLER_0_331_1897, 882.74, 913.92, 7.97633e-05
FILLER_0_332_1925, 895.54, 913.92, 7.96623e-05
FILLER_0_331_1953, 908.34, 913.92, 7.95613e-05
FILLER_0_332_1981, 921.14, 913.92, 7.94603e-05
FILLER_0_331_2009, 933.94, 913.92, 7.93593e-05
FILLER_0_331_2065, 958.57, 913.92, 7.92583e-05
FILLER_0_332_2093, 970.4, 913.92, 7.92584e-05
FILLER_0_331_2121, 982.23, 913.92, 7.92584e-05
PHY_658, 5.52, 908.48, 0.000128877
PHY_660, 5.52, 908.48, 0.000128877
PHY_659, 994.06, 908.48, 7.8955e-05
PHY_661, 994.06, 908.48, 7.8955e-05
FILLER_0_329_2141, 994.06, 908.48, 7.8955e-05
FILLER_0_330_2137, 994.06, 908.48, 7.8955e-05
FILLER_0_330_77, 37.94, 908.48, 0.000128543
FILLER_0_331_105, 50.74, 908.48, 0.00012821
FILLER_0_330_133, 63.54, 908.48, 0.000127877
FILLER_0_331_161, 76.34, 908.48, 0.000127544
FILLER_0_330_189, 89.14, 908.48, 0.000127211
FILLER_0_331_217, 101.94, 908.48, 0.000126877
FILLER_0_330_245, 114.74, 908.48, 0.000126544
FILLER_0_331_273, 127.54, 908.48, 0.000126211
FILLER_0_330_301, 140.34, 908.48, 0.000125878
FILLER_0_331_329, 153.14, 908.48, 0.000125544
FILLER_0_330_357, 165.94, 908.48, 0.000125211
FILLER_0_330_413, 191.54, 908.48, 0.000124108
FILLER_0_331_441, 204.34, 908.48, 0.000123338
FILLER_0_330_469, 217.14, 908.48, 0.000122568
FILLER_0_331_497, 229.94, 908.48, 0.000121798
FILLER_0_330_525, 242.74, 908.48, 0.000121028
FILLER_0_331_553, 255.54, 908.48, 0.000120258
FILLER_0_330_581, 268.34, 908.48, 0.000119488
FILLER_0_331_609, 281.14, 908.48, 0.000118718
FILLER_0_330_637, 293.94, 908.48, 0.000117948
FILLER_0_331_665, 306.74, 908.48, 0.000117178
FILLER_0_330_693, 319.54, 908.48, 0.000116408
FILLER_0_330_749, 345.14, 908.48, 0.000114418
FILLER_0_331_777, 357.94, 908.48, 0.000113198
FILLER_0_330_805, 370.74, 908.48, 0.000111978
FILLER_0_331_833, 383.54, 908.48, 0.000110758
FILLER_0_330_861, 396.34, 908.48, 0.000109538
FILLER_0_331_889, 409.14, 908.48, 0.000108318
FILLER_0_330_917, 421.94, 908.48, 0.000107098
FILLER_0_331_945, 434.74, 908.48, 0.000105878
FILLER_0_330_973, 447.54, 908.48, 0.000104658
FILLER_0_331_1001, 460.34, 908.48, 0.000103438
FILLER_0_330_1029, 473.14, 908.48, 0.000102218
FILLER_0_330_1085, 498.74, 908.48, 9.95194e-05
FILLER_0_331_1113, 511.54, 908.48, 9.80406e-05
FILLER_0_330_1141, 524.34, 908.48, 9.65619e-05
FILLER_0_331_1169, 537.14, 908.48, 9.50831e-05
FILLER_0_330_1197, 549.94, 908.48, 9.36042e-05
FILLER_0_331_1225, 562.74, 908.48, 9.21254e-05
FILLER_0_330_1253, 575.54, 908.48, 9.06466e-05
FILLER_0_329_1281, 601.14, 908.48, 8.76889e-05
FILLER_0_330_1309, 613.94, 908.48, 8.621e-05
FILLER_0_329_1337, 626.74, 908.48, 8.47312e-05
FILLER_0_329_1393, 652.34, 908.48, 8.2977e-05
FILLER_0_330_1421, 665.14, 908.48, 8.27017e-05
FILLER_0_329_1449, 677.94, 908.48, 8.24264e-05
FILLER_0_330_1477, 690.74, 908.48, 8.2151e-05
FILLER_0_329_1505, 703.54, 908.48, 8.18757e-05
FILLER_0_330_1533, 716.34, 908.48, 8.16003e-05
FILLER_0_329_1561, 729.14, 908.48, 8.13249e-05
FILLER_0_330_1589, 741.94, 908.48, 8.10496e-05
FILLER_0_329_1617, 754.74, 908.48, 8.07742e-05
FILLER_0_330_1645, 767.54, 908.48, 8.04988e-05
FILLER_0_329_1673, 780.34, 908.48, 8.02234e-05
FILLER_0_329_1729, 805.94, 908.48, 7.98652e-05
FILLER_0_330_1757, 818.74, 908.48, 7.97825e-05
FILLER_0_329_1785, 831.54, 908.48, 7.96998e-05
FILLER_0_330_1813, 844.34, 908.48, 7.96171e-05
FILLER_0_329_1841, 857.14, 908.48, 7.95343e-05
FILLER_0_330_1869, 869.94, 908.48, 7.94516e-05
FILLER_0_329_1897, 882.74, 908.48, 7.93688e-05
FILLER_0_330_1925, 895.54, 908.48, 7.9286e-05
FILLER_0_329_1953, 908.34, 908.48, 7.92032e-05
FILLER_0_330_1981, 921.14, 908.48, 7.91204e-05
FILLER_0_329_2009, 933.94, 908.48, 7.90376e-05
FILLER_0_329_2065, 958.57, 908.48, 7.89549e-05
FILLER_0_330_2093, 970.4, 908.48, 7.89549e-05
FILLER_0_329_2121, 982.23, 908.48, 7.8955e-05
PHY_654, 5.52, 903.04, 0.000129037
PHY_656, 5.52, 903.04, 0.000129037
PHY_655, 994.06, 903.04, 7.86472e-05
PHY_657, 994.06, 903.04, 7.86472e-05
FILLER_0_327_2141, 994.06, 903.04, 7.86472e-05
FILLER_0_328_2137, 994.06, 903.04, 7.86472e-05
FILLER_0_328_77, 37.94, 903.04, 0.000128708
FILLER_0_329_105, 50.74, 903.04, 0.00012838
FILLER_0_328_133, 63.54, 903.04, 0.000128051
FILLER_0_329_161, 76.34, 903.04, 0.000127723
FILLER_0_328_189, 89.14, 903.04, 0.000127395
FILLER_0_329_217, 101.94, 903.04, 0.000127066
FILLER_0_328_245, 114.74, 903.04, 0.000126738
FILLER_0_329_273, 127.54, 903.04, 0.000126409
FILLER_0_328_301, 140.34, 903.04, 0.000126081
FILLER_0_329_329, 153.14, 903.04, 0.000125752
FILLER_0_328_357, 165.94, 903.04, 0.000125424
FILLER_0_328_413, 191.54, 903.04, 0.000124325
FILLER_0_329_441, 204.34, 903.04, 0.000123555
FILLER_0_328_469, 217.14, 903.04, 0.000122785
FILLER_0_329_497, 229.94, 903.04, 0.000122015
FILLER_0_328_525, 242.74, 903.04, 0.000121245
FILLER_0_329_553, 255.54, 903.04, 0.000120475
FILLER_0_328_581, 268.34, 903.04, 0.000119704
FILLER_0_329_609, 281.14, 903.04, 0.000118934
FILLER_0_328_637, 293.94, 903.04, 0.000118164
FILLER_0_329_665, 306.74, 903.04, 0.000117394
FILLER_0_328_693, 319.54, 903.04, 0.000116624
FILLER_0_328_749, 345.14, 903.04, 0.000114607
FILLER_0_329_777, 357.94, 903.04, 0.000113361
FILLER_0_328_805, 370.74, 903.04, 0.000112114
FILLER_0_329_833, 383.54, 903.04, 0.000110868
FILLER_0_328_861, 396.34, 903.04, 0.000109622
FILLER_0_329_889, 409.14, 903.04, 0.000108375
FILLER_0_328_917, 421.94, 903.04, 0.000107129
FILLER_0_329_945, 434.74, 903.04, 0.000105882
FILLER_0_328_973, 447.54, 903.04, 0.000104636
FILLER_0_329_1001, 460.34, 903.04, 0.00010339
FILLER_0_328_1029, 473.14, 903.04, 0.000102143
FILLER_0_328_1085, 498.74, 903.04, 9.93417e-05
FILLER_0_329_1113, 511.54, 903.04, 9.77867e-05
FILLER_0_328_1141, 524.34, 903.04, 9.62317e-05
FILLER_0_329_1169, 537.14, 903.04, 9.46767e-05
FILLER_0_328_1197, 549.94, 903.04, 9.31217e-05
FILLER_0_329_1225, 562.74, 903.04, 9.15666e-05
FILLER_0_328_1253, 575.54, 903.04, 9.00116e-05
FILLER_0_327_1281, 601.14, 903.04, 8.69015e-05
FILLER_0_328_1309, 613.94, 903.04, 8.53464e-05
FILLER_0_327_1337, 626.74, 903.04, 8.37913e-05
FILLER_0_327_1393, 652.34, 903.04, 8.20012e-05
FILLER_0_328_1421, 665.14, 903.04, 8.17661e-05
FILLER_0_327_1449, 677.94, 903.04, 8.1531e-05
FILLER_0_328_1477, 690.74, 903.04, 8.12959e-05
FILLER_0_327_1505, 703.54, 903.04, 8.10608e-05
FILLER_0_328_1533, 716.34, 903.04, 8.08256e-05
FILLER_0_327_1561, 729.14, 903.04, 8.05905e-05
FILLER_0_328_1589, 741.94, 903.04, 8.03553e-05
FILLER_0_327_1617, 754.74, 903.04, 8.01202e-05
FILLER_0_328_1645, 767.54, 903.04, 7.9885e-05
FILLER_0_327_1673, 780.34, 903.04, 7.96498e-05
FILLER_0_327_1729, 805.94, 903.04, 7.93507e-05
FILLER_0_328_1757, 818.74, 903.04, 7.92868e-05
FILLER_0_327_1785, 831.54, 903.04, 7.92228e-05
FILLER_0_328_1813, 844.34, 903.04, 7.91589e-05
FILLER_0_327_1841, 857.14, 903.04, 7.90949e-05
FILLER_0_328_1869, 869.94, 903.04, 7.9031e-05
FILLER_0_327_1897, 882.74, 903.04, 7.8967e-05
FILLER_0_328_1925, 895.54, 903.04, 7.8903e-05
FILLER_0_327_1953, 908.34, 903.04, 7.8839e-05
FILLER_0_328_1981, 921.14, 903.04, 7.8775e-05
FILLER_0_327_2009, 933.94, 903.04, 7.8711e-05
FILLER_0_327_2065, 958.57, 903.04, 7.8647e-05
FILLER_0_328_2093, 970.4, 903.04, 7.86471e-05
FILLER_0_327_2121, 982.23, 903.04, 7.86471e-05
PHY_650, 5.52, 897.6, 0.000129213
PHY_652, 5.52, 897.6, 0.000129213
PHY_651, 994.06, 897.6, 7.83358e-05
PHY_653, 994.06, 897.6, 7.83358e-05
FILLER_0_325_2141, 994.06, 897.6, 7.83358e-05
FILLER_0_326_2137, 994.06, 897.6, 7.83358e-05
FILLER_0_326_77, 37.94, 897.6, 0.00012889
FILLER_0_327_105, 50.74, 897.6, 0.000128566
FILLER_0_326_133, 63.54, 897.6, 0.000128243
FILLER_0_327_161, 76.34, 897.6, 0.00012792
FILLER_0_326_189, 89.14, 897.6, 0.000127597
FILLER_0_327_217, 101.94, 897.6, 0.000127273
FILLER_0_326_245, 114.74, 897.6, 0.00012695
FILLER_0_327_273, 127.54, 897.6, 0.000126627
FILLER_0_326_301, 140.34, 897.6, 0.000126303
FILLER_0_327_329, 153.14, 897.6, 0.00012598
FILLER_0_326_357, 165.94, 897.6, 0.000125657
FILLER_0_326_413, 191.54, 897.6, 0.000124563
FILLER_0_327_441, 204.34, 897.6, 0.000123793
FILLER_0_326_469, 217.14, 897.6, 0.000123023
FILLER_0_327_497, 229.94, 897.6, 0.000122253
FILLER_0_326_525, 242.74, 897.6, 0.000121483
FILLER_0_327_553, 255.54, 897.6, 0.000120712
FILLER_0_326_581, 268.34, 897.6, 0.000119942
FILLER_0_327_609, 281.14, 897.6, 0.000119172
FILLER_0_326_637, 293.94, 897.6, 0.000118402
FILLER_0_327_665, 306.74, 897.6, 0.000117632
FILLER_0_326_693, 319.54, 897.6, 0.000116862
FILLER_0_326_749, 345.14, 897.6, 0.000114818
FILLER_0_327_777, 357.94, 897.6, 0.000113544
FILLER_0_326_805, 370.74, 897.6, 0.00011227
FILLER_0_327_833, 383.54, 897.6, 0.000110996
FILLER_0_326_861, 396.34, 897.6, 0.000109723
FILLER_0_327_889, 409.14, 897.6, 0.000108449
FILLER_0_326_917, 421.94, 897.6, 0.000107175
FILLER_0_327_945, 434.74, 897.6, 0.000105901
FILLER_0_326_973, 447.54, 897.6, 0.000104628
FILLER_0_327_1001, 460.34, 897.6, 0.000103354
FILLER_0_326_1029, 473.14, 897.6, 0.00010208
FILLER_0_326_1085, 498.74, 897.6, 9.91695e-05
FILLER_0_327_1113, 511.54, 897.6, 9.75327e-05
FILLER_0_326_1141, 524.34, 897.6, 9.58959e-05
FILLER_0_327_1169, 537.14, 897.6, 9.42591e-05
FILLER_0_326_1197, 549.94, 897.6, 9.26222e-05
FILLER_0_327_1225, 562.74, 897.6, 9.09854e-05
FILLER_0_326_1253, 575.54, 897.6, 8.93486e-05
FILLER_0_325_1281, 601.14, 897.6, 8.60749e-05
FILLER_0_326_1309, 613.94, 897.6, 8.4438e-05
FILLER_0_325_1337, 626.74, 897.6, 8.28011e-05
FILLER_0_325_1393, 652.34, 897.6, 8.09732e-05
FILLER_0_326_1421, 665.14, 897.6, 8.07821e-05
FILLER_0_325_1449, 677.94, 897.6, 8.0591e-05
FILLER_0_326_1477, 690.74, 897.6, 8.03999e-05
FILLER_0_325_1505, 703.54, 897.6, 8.02087e-05
FILLER_0_326_1533, 716.34, 897.6, 8.00176e-05
FILLER_0_325_1561, 729.14, 897.6, 7.98265e-05
FILLER_0_326_1589, 741.94, 897.6, 7.96353e-05
FILLER_0_325_1617, 754.74, 897.6, 7.94442e-05
FILLER_0_326_1645, 767.54, 897.6, 7.9253e-05
FILLER_0_325_1673, 780.34, 897.6, 7.90618e-05
FILLER_0_325_1729, 805.94, 897.6, 7.88261e-05
FILLER_0_326_1757, 818.74, 897.6, 7.87815e-05
FILLER_0_325_1785, 831.54, 897.6, 7.8737e-05
FILLER_0_326_1813, 844.34, 897.6, 7.86924e-05
FILLER_0_325_1841, 857.14, 897.6, 7.86479e-05
FILLER_0_326_1869, 869.94, 897.6, 7.86033e-05
FILLER_0_325_1897, 882.74, 897.6, 7.85587e-05
FILLER_0_326_1925, 895.54, 897.6, 7.85141e-05
FILLER_0_325_1953, 908.34, 897.6, 7.84695e-05
FILLER_0_326_1981, 921.14, 897.6, 7.84248e-05
FILLER_0_325_2009, 933.94, 897.6, 7.83802e-05
FILLER_0_325_2065, 958.57, 897.6, 7.83356e-05
FILLER_0_326_2093, 970.4, 897.6, 7.83357e-05
FILLER_0_325_2121, 982.23, 897.6, 7.83357e-05
PHY_646, 5.52, 892.16, 0.000129405
PHY_648, 5.52, 892.16, 0.000129405
PHY_647, 994.06, 892.16, 7.80217e-05
PHY_649, 994.06, 892.16, 7.80217e-05
FILLER_0_323_2141, 994.06, 892.16, 7.80217e-05
FILLER_0_324_2137, 994.06, 892.16, 7.80217e-05
FILLER_0_324_77, 37.94, 892.16, 0.000129087
FILLER_0_325_105, 50.74, 892.16, 0.00012877
FILLER_0_324_133, 63.54, 892.16, 0.000128452
FILLER_0_325_161, 76.34, 892.16, 0.000128134
FILLER_0_324_189, 89.14, 892.16, 0.000127817
FILLER_0_325_217, 101.94, 892.16, 0.000127499
FILLER_0_324_245, 114.74, 892.16, 0.000127181
FILLER_0_325_273, 127.54, 892.16, 0.000126864
FILLER_0_324_301, 140.34, 892.16, 0.000126546
FILLER_0_325_329, 153.14, 892.16, 0.000126228
FILLER_0_324_357, 165.94, 892.16, 0.00012591
FILLER_0_324_413, 191.54, 892.16, 0.000124823
FILLER_0_325_441, 204.34, 892.16, 0.000124053
FILLER_0_324_469, 217.14, 892.16, 0.000123283
FILLER_0_325_497, 229.94, 892.16, 0.000122513
FILLER_0_324_525, 242.74, 892.16, 0.000121743
FILLER_0_325_553, 255.54, 892.16, 0.000120973
FILLER_0_324_581, 268.34, 892.16, 0.000120203
FILLER_0_325_609, 281.14, 892.16, 0.000119433
FILLER_0_324_637, 293.94, 892.16, 0.000118663
FILLER_0_325_665, 306.74, 892.16, 0.000117893
FILLER_0_324_693, 319.54, 892.16, 0.000117123
FILLER_0_324_749, 345.14, 892.16, 0.000115051
FILLER_0_325_777, 357.94, 892.16, 0.000113749
FILLER_0_324_805, 370.74, 892.16, 0.000112447
FILLER_0_325_833, 383.54, 892.16, 0.000111145
FILLER_0_324_861, 396.34, 892.16, 0.000109843
FILLER_0_325_889, 409.14, 892.16, 0.000108541
FILLER_0_324_917, 421.94, 892.16, 0.000107239
FILLER_0_325_945, 434.74, 892.16, 0.000105937
FILLER_0_324_973, 447.54, 892.16, 0.000104635
FILLER_0_325_1001, 460.34, 892.16, 0.000103333
FILLER_0_324_1029, 473.14, 892.16, 0.000102031
FILLER_0_324_1085, 498.74, 892.16, 9.90043e-05
FILLER_0_325_1113, 511.54, 892.16, 9.72795e-05
FILLER_0_324_1141, 524.34, 892.16, 9.55547e-05
FILLER_0_325_1169, 537.14, 892.16, 9.38299e-05
FILLER_0_324_1197, 549.94, 892.16, 9.21051e-05
FILLER_0_325_1225, 562.74, 892.16, 9.03802e-05
FILLER_0_324_1253, 575.54, 892.16, 8.86554e-05
FILLER_0_323_1281, 601.14, 892.16, 8.52057e-05
FILLER_0_324_1309, 613.94, 892.16, 8.34808e-05
FILLER_0_323_1337, 626.74, 892.16, 8.1756e-05
FILLER_0_323_1393, 652.34, 892.16, 7.98883e-05
FILLER_0_324_1421, 665.14, 892.16, 7.97455e-05
FILLER_0_323_1449, 677.94, 892.16, 7.96026e-05
FILLER_0_324_1477, 690.74, 892.16, 7.94598e-05
FILLER_0_323_1505, 703.54, 892.16, 7.9317e-05
FILLER_0_324_1533, 716.34, 892.16, 7.91741e-05
FILLER_0_323_1561, 729.14, 892.16, 7.90312e-05
FILLER_0_324_1589, 741.94, 892.16, 7.88883e-05
FILLER_0_323_1617, 754.74, 892.16, 7.87454e-05
FILLER_0_324_1645, 767.54, 892.16, 7.86025e-05
FILLER_0_323_1673, 780.34, 892.16, 7.84596e-05
FILLER_0_323_1729, 805.94, 892.16, 7.82922e-05
FILLER_0_324_1757, 818.74, 892.16, 7.82676e-05
FILLER_0_323_1785, 831.54, 892.16, 7.82431e-05
FILLER_0_324_1813, 844.34, 892.16, 7.82185e-05
FILLER_0_323_1841, 857.14, 892.16, 7.81939e-05
FILLER_0_324_1869, 869.94, 892.16, 7.81693e-05
FILLER_0_323_1897, 882.74, 892.16, 7.81447e-05
FILLER_0_324_1925, 895.54, 892.16, 7.81201e-05
FILLER_0_323_1953, 908.34, 892.16, 7.80955e-05
FILLER_0_324_1981, 921.14, 892.16, 7.80708e-05
FILLER_0_323_2009, 933.94, 892.16, 7.80462e-05
FILLER_0_323_2065, 958.57, 892.16, 7.80216e-05
FILLER_0_324_2093, 970.4, 892.16, 7.80216e-05
FILLER_0_323_2121, 982.23, 892.16, 7.80217e-05
PHY_642, 5.52, 886.72, 0.000129613
PHY_644, 5.52, 886.72, 0.000129613
PHY_643, 994.06, 886.72, 7.77061e-05
PHY_645, 994.06, 886.72, 7.77061e-05
FILLER_0_321_2141, 994.06, 886.72, 7.77061e-05
FILLER_0_322_2137, 994.06, 886.72, 7.77061e-05
FILLER_0_322_77, 37.94, 886.72, 0.000129301
FILLER_0_323_105, 50.74, 886.72, 0.00012899
FILLER_0_322_133, 63.54, 886.72, 0.000128678
FILLER_0_323_161, 76.34, 886.72, 0.000128366
FILLER_0_322_189, 89.14, 886.72, 0.000128055
FILLER_0_323_217, 101.94, 886.72, 0.000127743
FILLER_0_322_245, 114.74, 886.72, 0.000127432
FILLER_0_323_273, 127.54, 886.72, 0.00012712
FILLER_0_322_301, 140.34, 886.72, 0.000126808
FILLER_0_323_329, 153.14, 886.72, 0.000126497
FILLER_0_322_357, 165.94, 886.72, 0.000126185
FILLER_0_322_413, 191.54, 886.72, 0.000125104
FILLER_0_323_441, 204.34, 886.72, 0.000124334
FILLER_0_322_469, 217.14, 886.72, 0.000123565
FILLER_0_323_497, 229.94, 886.72, 0.000122795
FILLER_0_322_525, 242.74, 886.72, 0.000122026
FILLER_0_323_553, 255.54, 886.72, 0.000121256
FILLER_0_322_581, 268.34, 886.72, 0.000120486
FILLER_0_323_609, 281.14, 886.72, 0.000119717
FILLER_0_322_637, 293.94, 886.72, 0.000118947
FILLER_0_323_665, 306.74, 886.72, 0.000118178
FILLER_0_322_693, 319.54, 886.72, 0.000117408
FILLER_0_322_749, 345.14, 886.72, 0.000115307
FILLER_0_323_777, 357.94, 886.72, 0.000113977
FILLER_0_322_805, 370.74, 886.72, 0.000112646
FILLER_0_323_833, 383.54, 886.72, 0.000111315
FILLER_0_322_861, 396.34, 886.72, 0.000109984
FILLER_0_323_889, 409.14, 886.72, 0.000108653
FILLER_0_322_917, 421.94, 886.72, 0.000107322
FILLER_0_323_945, 434.74, 886.72, 0.000105991
FILLER_0_322_973, 447.54, 886.72, 0.00010466
FILLER_0_323_1001, 460.34, 886.72, 0.000103329
FILLER_0_322_1029, 473.14, 886.72, 0.000101998
FILLER_0_322_1085, 498.74, 886.72, 9.88477e-05
FILLER_0_323_1113, 511.54, 886.72, 9.70281e-05
FILLER_0_322_1141, 524.34, 886.72, 9.52085e-05
FILLER_0_323_1169, 537.14, 886.72, 9.33888e-05
FILLER_0_322_1197, 549.94, 886.72, 9.15691e-05
FILLER_0_323_1225, 562.74, 886.72, 8.97495e-05
FILLER_0_322_1253, 575.54, 886.72, 8.79298e-05
FILLER_0_321_1281, 601.14, 886.72, 8.42904e-05
FILLER_0_322_1309, 613.94, 886.72, 8.24707e-05
FILLER_0_321_1337, 626.74, 886.72, 8.06509e-05
FILLER_0_321_1393, 652.34, 886.72, 7.87415e-05
FILLER_0_322_1421, 665.14, 886.72, 7.86518e-05
FILLER_0_321_1449, 677.94, 886.72, 7.8562e-05
FILLER_0_322_1477, 690.74, 886.72, 7.84723e-05
FILLER_0_321_1505, 703.54, 886.72, 7.83825e-05
FILLER_0_322_1533, 716.34, 886.72, 7.82927e-05
FILLER_0_321_1561, 729.14, 886.72, 7.82029e-05
FILLER_0_322_1589, 741.94, 886.72, 7.81131e-05
FILLER_0_321_1617, 754.74, 886.72, 7.80233e-05
FILLER_0_322_1645, 767.54, 886.72, 7.79335e-05
FILLER_0_321_1673, 780.34, 886.72, 7.78437e-05
FILLER_0_321_1729, 805.94, 886.72, 7.77499e-05
FILLER_0_322_1757, 818.74, 886.72, 7.7746e-05
FILLER_0_321_1785, 831.54, 886.72, 7.7742e-05
FILLER_0_322_1813, 844.34, 886.72, 7.7738e-05
FILLER_0_321_1841, 857.14, 886.72, 7.7734e-05
FILLER_0_322_1869, 869.94, 886.72, 7.773e-05
FILLER_0_321_1897, 882.74, 886.72, 7.7726e-05
FILLER_0_322_1925, 895.54, 886.72, 7.7722e-05
FILLER_0_321_1953, 908.34, 886.72, 7.7718e-05
FILLER_0_322_1981, 921.14, 886.72, 7.77139e-05
FILLER_0_321_2009, 933.94, 886.72, 7.77099e-05
FILLER_0_321_2065, 958.57, 886.72, 7.77059e-05
FILLER_0_322_2093, 970.4, 886.72, 7.7706e-05
FILLER_0_321_2121, 982.23, 886.72, 7.7706e-05
PHY_638, 5.52, 881.28, 0.000129836
PHY_640, 5.52, 881.28, 0.000129836
PHY_639, 994.06, 881.28, 7.73897e-05
PHY_641, 994.06, 881.28, 7.73897e-05
FILLER_0_319_2141, 994.06, 881.28, 7.73897e-05
FILLER_0_320_2137, 994.06, 881.28, 7.73897e-05
FILLER_0_320_77, 37.94, 881.28, 0.000129531
FILLER_0_321_105, 50.74, 881.28, 0.000129226
FILLER_0_320_133, 63.54, 881.28, 0.000128921
FILLER_0_321_161, 76.34, 881.28, 0.000128616
FILLER_0_320_189, 89.14, 881.28, 0.000128311
FILLER_0_321_217, 101.94, 881.28, 0.000128006
FILLER_0_320_245, 114.74, 881.28, 0.000127701
FILLER_0_321_273, 127.54, 881.28, 0.000127396
FILLER_0_320_301, 140.34, 881.28, 0.000127091
FILLER_0_321_329, 153.14, 881.28, 0.000126786
FILLER_0_320_357, 165.94, 881.28, 0.000126481
FILLER_0_320_413, 191.54, 881.28, 0.000125407
FILLER_0_321_441, 204.34, 881.28, 0.000124639
FILLER_0_320_469, 217.14, 881.28, 0.00012387
FILLER_0_321_497, 229.94, 881.28, 0.000123101
FILLER_0_320_525, 242.74, 881.28, 0.000122332
FILLER_0_321_553, 255.54, 881.28, 0.000121563
FILLER_0_320_581, 268.34, 881.28, 0.000120794
FILLER_0_321_609, 281.14, 881.28, 0.000120026
FILLER_0_320_637, 293.94, 881.28, 0.000119257
FILLER_0_321_665, 306.74, 881.28, 0.000118488
FILLER_0_320_693, 319.54, 881.28, 0.000117719
FILLER_0_320_749, 345.14, 881.28, 0.00011559
FILLER_0_321_777, 357.94, 881.28, 0.000114229
FILLER_0_320_805, 370.74, 881.28, 0.000112869
FILLER_0_321_833, 383.54, 881.28, 0.000111508
FILLER_0_320_861, 396.34, 881.28, 0.000110148
FILLER_0_321_889, 409.14, 881.28, 0.000108787
FILLER_0_320_917, 421.94, 881.28, 0.000107427
FILLER_0_321_945, 434.74, 881.28, 0.000106066
FILLER_0_320_973, 447.54, 881.28, 0.000104705
FILLER_0_321_1001, 460.34, 881.28, 0.000103345
FILLER_0_320_1029, 473.14, 881.28, 0.000101984
FILLER_0_320_1085, 498.74, 881.28, 9.87017e-05
FILLER_0_321_1113, 511.54, 881.28, 9.67796e-05
FILLER_0_320_1141, 524.34, 881.28, 9.48576e-05
FILLER_0_321_1169, 537.14, 881.28, 9.29355e-05
FILLER_0_320_1197, 549.94, 881.28, 9.10134e-05
FILLER_0_321_1225, 562.74, 881.28, 8.90913e-05
FILLER_0_320_1253, 575.54, 881.28, 8.71692e-05
FILLER_0_319_1281, 601.14, 881.28, 8.3325e-05
FILLER_0_320_1309, 613.94, 881.28, 8.14028e-05
FILLER_0_319_1337, 626.74, 881.28, 7.94807e-05
FILLER_0_319_1393, 652.34, 881.28, 7.75273e-05
FILLER_0_320_1421, 665.14, 881.28, 7.74961e-05
FILLER_0_319_1449, 677.94, 881.28, 7.74648e-05
FILLER_0_320_1477, 690.74, 881.28, 7.74336e-05
FILLER_0_319_1505, 703.54, 881.28, 7.74023e-05
FILLER_0_320_1533, 716.34, 881.28, 7.7371e-05
FILLER_0_319_1561, 729.14, 881.28, 7.73397e-05
FILLER_0_320_1589, 741.94, 881.28, 7.73084e-05
FILLER_0_319_1617, 754.74, 881.28, 7.72771e-05
FILLER_0_320_1645, 767.54, 881.28, 7.72458e-05
FILLER_0_319_1673, 780.34, 881.28, 7.72144e-05
FILLER_0_319_1729, 805.94, 881.28, 7.72004e-05
FILLER_0_320_1757, 818.74, 881.28, 7.72176e-05
FILLER_0_319_1785, 831.54, 881.28, 7.72348e-05
FILLER_0_320_1813, 844.34, 881.28, 7.72521e-05
FILLER_0_319_1841, 857.14, 881.28, 7.72693e-05
FILLER_0_320_1869, 869.94, 881.28, 7.72865e-05
FILLER_0_319_1897, 882.74, 881.28, 7.73037e-05
FILLER_0_320_1925, 895.54, 881.28, 7.73209e-05
FILLER_0_319_1953, 908.34, 881.28, 7.7338e-05
FILLER_0_320_1981, 921.14, 881.28, 7.73552e-05
FILLER_0_319_2009, 933.94, 881.28, 7.73723e-05
FILLER_0_319_2065, 958.57, 881.28, 7.73896e-05
FILLER_0_320_2093, 970.4, 881.28, 7.73896e-05
FILLER_0_319_2121, 982.23, 881.28, 7.73897e-05
PHY_634, 5.52, 875.84, 0.000130074
PHY_636, 5.52, 875.84, 0.000130074
PHY_635, 994.06, 875.84, 7.70737e-05
PHY_637, 994.06, 875.84, 7.70737e-05
FILLER_0_317_2141, 994.06, 875.84, 7.70737e-05
FILLER_0_318_2137, 994.06, 875.84, 7.70737e-05
FILLER_0_318_77, 37.94, 875.84, 0.000129776
FILLER_0_319_105, 50.74, 875.84, 0.000129478
FILLER_0_318_133, 63.54, 875.84, 0.000129181
FILLER_0_319_161, 76.34, 875.84, 0.000128883
FILLER_0_318_189, 89.14, 875.84, 0.000128585
FILLER_0_319_217, 101.94, 875.84, 0.000128288
FILLER_0_318_245, 114.74, 875.84, 0.00012799
FILLER_0_319_273, 127.54, 875.84, 0.000127692
FILLER_0_318_301, 140.34, 875.84, 0.000127394
FILLER_0_319_329, 153.14, 875.84, 0.000127096
FILLER_0_318_357, 165.94, 875.84, 0.000126799
FILLER_0_318_413, 191.54, 875.84, 0.000125733
FILLER_0_319_441, 204.34, 875.84, 0.000124966
FILLER_0_318_469, 217.14, 875.84, 0.000124198
FILLER_0_319_497, 229.94, 875.84, 0.000123431
FILLER_0_318_525, 242.74, 875.84, 0.000122663
FILLER_0_319_553, 255.54, 875.84, 0.000121895
FILLER_0_318_581, 268.34, 875.84, 0.000121128
FILLER_0_319_609, 281.14, 875.84, 0.00012036
FILLER_0_318_637, 293.94, 875.84, 0.000119593
FILLER_0_319_665, 306.74, 875.84, 0.000118825
FILLER_0_318_693, 319.54, 875.84, 0.000118057
FILLER_0_318_749, 345.14, 875.84, 0.000115899
FILLER_0_319_777, 357.94, 875.84, 0.000114508
FILLER_0_318_805, 370.74, 875.84, 0.000113118
FILLER_0_319_833, 383.54, 875.84, 0.000111727
FILLER_0_318_861, 396.34, 875.84, 0.000110336
FILLER_0_319_889, 409.14, 875.84, 0.000108945
FILLER_0_318_917, 421.94, 875.84, 0.000107555
FILLER_0_319_945, 434.74, 875.84, 0.000106164
FILLER_0_318_973, 447.54, 875.84, 0.000104773
FILLER_0_319_1001, 460.34, 875.84, 0.000103382
FILLER_0_318_1029, 473.14, 875.84, 0.000101992
FILLER_0_318_1085, 498.74, 875.84, 9.85681e-05
FILLER_0_319_1113, 511.54, 875.84, 9.65353e-05
FILLER_0_318_1141, 524.34, 875.84, 9.45024e-05
FILLER_0_319_1169, 537.14, 875.84, 9.24696e-05
FILLER_0_318_1197, 549.94, 875.84, 9.04367e-05
FILLER_0_319_1225, 562.74, 875.84, 8.84039e-05
FILLER_0_318_1253, 575.54, 875.84, 8.6371e-05
FILLER_0_317_1281, 601.14, 875.84, 8.23052e-05
FILLER_0_318_1309, 613.94, 875.84, 8.02723e-05
FILLER_0_317_1337, 626.74, 875.84, 7.82394e-05
FILLER_0_317_1393, 652.34, 875.84, 7.62398e-05
FILLER_0_318_1421, 665.14, 875.84, 7.62731e-05
FILLER_0_317_1449, 677.94, 875.84, 7.63064e-05
FILLER_0_318_1477, 690.74, 875.84, 7.63397e-05
FILLER_0_317_1505, 703.54, 875.84, 7.6373e-05
FILLER_0_318_1533, 716.34, 875.84, 7.64063e-05
FILLER_0_317_1561, 729.14, 875.84, 7.64396e-05
FILLER_0_318_1589, 741.94, 875.84, 7.64728e-05
FILLER_0_317_1617, 754.74, 875.84, 7.65061e-05
FILLER_0_318_1645, 767.54, 875.84, 7.65393e-05
FILLER_0_317_1673, 780.34, 875.84, 7.65725e-05
FILLER_0_317_1729, 805.94, 875.84, 7.66448e-05
FILLER_0_318_1757, 818.74, 875.84, 7.66838e-05
FILLER_0_317_1785, 831.54, 875.84, 7.67228e-05
FILLER_0_318_1813, 844.34, 875.84, 7.67618e-05
FILLER_0_317_1841, 857.14, 875.84, 7.68008e-05
FILLER_0_318_1869, 869.94, 875.84, 7.68398e-05
FILLER_0_317_1897, 882.74, 875.84, 7.68788e-05
FILLER_0_318_1925, 895.54, 875.84, 7.69178e-05
FILLER_0_317_1953, 908.34, 875.84, 7.69567e-05
FILLER_0_318_1981, 921.14, 875.84, 7.69956e-05
FILLER_0_317_2009, 933.94, 875.84, 7.70346e-05
FILLER_0_317_2065, 958.57, 875.84, 7.70736e-05
FILLER_0_318_2093, 970.4, 875.84, 7.70736e-05
FILLER_0_317_2121, 982.23, 875.84, 7.70737e-05
PHY_630, 5.52, 870.4, 0.000130327
PHY_632, 5.52, 870.4, 0.000130327
PHY_631, 994.06, 870.4, 7.67592e-05
PHY_633, 994.06, 870.4, 7.67592e-05
FILLER_0_315_2141, 994.06, 870.4, 7.67592e-05
FILLER_0_316_2137, 994.06, 870.4, 7.67592e-05
FILLER_0_316_77, 37.94, 870.4, 0.000130037
FILLER_0_317_105, 50.74, 870.4, 0.000129747
FILLER_0_316_133, 63.54, 870.4, 0.000129457
FILLER_0_317_161, 76.34, 870.4, 0.000129167
FILLER_0_316_189, 89.14, 870.4, 0.000128877
FILLER_0_317_217, 101.94, 870.4, 0.000128588
FILLER_0_316_245, 114.74, 870.4, 0.000128298
FILLER_0_317_273, 127.54, 870.4, 0.000128008
FILLER_0_316_301, 140.34, 870.4, 0.000127718
FILLER_0_317_329, 153.14, 870.4, 0.000127428
FILLER_0_316_357, 165.94, 870.4, 0.000127138
FILLER_0_316_413, 191.54, 870.4, 0.000126082
FILLER_0_317_441, 204.34, 870.4, 0.000125317
FILLER_0_316_469, 217.14, 870.4, 0.000124551
FILLER_0_317_497, 229.94, 870.4, 0.000123785
FILLER_0_316_525, 242.74, 870.4, 0.000123019
FILLER_0_317_553, 255.54, 870.4, 0.000122253
FILLER_0_316_581, 268.34, 870.4, 0.000121488
FILLER_0_317_609, 281.14, 870.4, 0.000120722
FILLER_0_316_637, 293.94, 870.4, 0.000119956
FILLER_0_317_665, 306.74, 870.4, 0.00011919
FILLER_0_316_693, 319.54, 870.4, 0.000118424
FILLER_0_316_749, 345.14, 870.4, 0.000116237
FILLER_0_317_777, 357.94, 870.4, 0.000114816
FILLER_0_316_805, 370.74, 870.4, 0.000113394
FILLER_0_317_833, 383.54, 870.4, 0.000111973
FILLER_0_316_861, 396.34, 870.4, 0.000110552
FILLER_0_317_889, 409.14, 870.4, 0.00010913
FILLER_0_316_917, 421.94, 870.4, 0.000107709
FILLER_0_317_945, 434.74, 870.4, 0.000106288
FILLER_0_316_973, 447.54, 870.4, 0.000104866
FILLER_0_317_1001, 460.34, 870.4, 0.000103445
FILLER_0_316_1029, 473.14, 870.4, 0.000102023
FILLER_0_316_1085, 498.74, 870.4, 9.84492e-05
FILLER_0_317_1113, 511.54, 870.4, 9.62964e-05
FILLER_0_316_1141, 524.34, 870.4, 9.41436e-05
FILLER_0_317_1169, 537.14, 870.4, 9.19908e-05
FILLER_0_316_1197, 549.94, 870.4, 8.98379e-05
FILLER_0_317_1225, 562.74, 870.4, 8.76851e-05
FILLER_0_316_1253, 575.54, 870.4, 8.55322e-05
FILLER_0_315_1281, 601.14, 870.4, 8.12265e-05
FILLER_0_316_1309, 613.94, 870.4, 7.90736e-05
FILLER_0_315_1337, 626.74, 870.4, 7.69208e-05
FILLER_0_315_1393, 652.34, 870.4, 7.48725e-05
FILLER_0_316_1421, 665.14, 870.4, 7.49772e-05
FILLER_0_315_1449, 677.94, 870.4, 7.50819e-05
FILLER_0_316_1477, 690.74, 870.4, 7.51865e-05
FILLER_0_315_1505, 703.54, 870.4, 7.52911e-05
FILLER_0_316_1533, 716.34, 870.4, 7.53957e-05
FILLER_0_315_1561, 729.14, 870.4, 7.55004e-05
FILLER_0_316_1589, 741.94, 870.4, 7.5605e-05
FILLER_0_315_1617, 754.74, 870.4, 7.57095e-05
FILLER_0_316_1645, 767.54, 870.4, 7.58141e-05
FILLER_0_315_1673, 780.34, 870.4, 7.59187e-05
FILLER_0_315_1729, 805.94, 870.4, 7.60846e-05
FILLER_0_316_1757, 818.74, 870.4, 7.6146e-05
FILLER_0_315_1785, 831.54, 870.4, 7.62073e-05
FILLER_0_316_1813, 844.34, 870.4, 7.62686e-05
FILLER_0_315_1841, 857.14, 870.4, 7.633e-05
FILLER_0_316_1869, 869.94, 870.4, 7.63913e-05
FILLER_0_315_1897, 882.74, 870.4, 7.64526e-05
FILLER_0_316_1925, 895.54, 870.4, 7.65139e-05
FILLER_0_315_1953, 908.34, 870.4, 7.65752e-05
FILLER_0_316_1981, 921.14, 870.4, 7.66364e-05
FILLER_0_315_2009, 933.94, 870.4, 7.66977e-05
FILLER_0_315_2065, 958.57, 870.4, 7.6759e-05
FILLER_0_316_2093, 970.4, 870.4, 7.67591e-05
FILLER_0_315_2121, 982.23, 870.4, 7.67591e-05
PHY_626, 5.52, 864.96, 0.000130594
PHY_628, 5.52, 864.96, 0.000130594
PHY_627, 994.06, 864.96, 7.64472e-05
PHY_629, 994.06, 864.96, 7.64472e-05
FILLER_0_313_2141, 994.06, 864.96, 7.64472e-05
FILLER_0_314_2137, 994.06, 864.96, 7.64472e-05
FILLER_0_314_77, 37.94, 864.96, 0.000130313
FILLER_0_315_105, 50.74, 864.96, 0.000130032
FILLER_0_314_133, 63.54, 864.96, 0.00012975
FILLER_0_315_161, 76.34, 864.96, 0.000129469
FILLER_0_314_189, 89.14, 864.96, 0.000129188
FILLER_0_315_217, 101.94, 864.96, 0.000128906
FILLER_0_314_245, 114.74, 864.96, 0.000128625
FILLER_0_315_273, 127.54, 864.96, 0.000128344
FILLER_0_314_301, 140.34, 864.96, 0.000128062
FILLER_0_315_329, 153.14, 864.96, 0.000127781
FILLER_0_314_357, 165.94, 864.96, 0.000127499
FILLER_0_314_413, 191.54, 864.96, 0.000126455
FILLER_0_315_441, 204.34, 864.96, 0.000125691
FILLER_0_314_469, 217.14, 864.96, 0.000124928
FILLER_0_315_497, 229.94, 864.96, 0.000124165
FILLER_0_314_525, 242.74, 864.96, 0.000123401
FILLER_0_315_553, 255.54, 864.96, 0.000122638
FILLER_0_314_581, 268.34, 864.96, 0.000121875
FILLER_0_315_609, 281.14, 864.96, 0.000121111
FILLER_0_314_637, 293.94, 864.96, 0.000120348
FILLER_0_315_665, 306.74, 864.96, 0.000119584
FILLER_0_314_693, 319.54, 864.96, 0.000118821
FILLER_0_314_749, 345.14, 864.96, 0.000116605
FILLER_0_315_777, 357.94, 864.96, 0.000115153
FILLER_0_314_805, 370.74, 864.96, 0.000113701
FILLER_0_315_833, 383.54, 864.96, 0.000112249
FILLER_0_314_861, 396.34, 864.96, 0.000110796
FILLER_0_315_889, 409.14, 864.96, 0.000109344
FILLER_0_314_917, 421.94, 864.96, 0.000107892
FILLER_0_315_945, 434.74, 864.96, 0.00010644
FILLER_0_314_973, 447.54, 864.96, 0.000104987
FILLER_0_315_1001, 460.34, 864.96, 0.000103535
FILLER_0_314_1029, 473.14, 864.96, 0.000102083
FILLER_0_314_1085, 498.74, 864.96, 9.83475e-05
FILLER_0_315_1113, 511.54, 864.96, 9.60646e-05
FILLER_0_314_1141, 524.34, 864.96, 9.37817e-05
FILLER_0_315_1169, 537.14, 864.96, 9.14987e-05
FILLER_0_314_1197, 549.94, 864.96, 8.92158e-05
FILLER_0_315_1225, 562.74, 864.96, 8.69328e-05
FILLER_0_314_1253, 575.54, 864.96, 8.46499e-05
FILLER_0_313_1281, 601.14, 864.96, 8.00839e-05
FILLER_0_314_1309, 613.94, 864.96, 7.78009e-05
FILLER_0_313_1337, 626.74, 864.96, 7.55179e-05
FILLER_0_313_1393, 652.34, 864.96, 7.34185e-05
FILLER_0_314_1421, 665.14, 864.96, 7.3602e-05
FILLER_0_313_1449, 677.94, 864.96, 7.37856e-05
FILLER_0_314_1477, 690.74, 864.96, 7.39692e-05
FILLER_0_313_1505, 703.54, 864.96, 7.41527e-05
FILLER_0_314_1533, 716.34, 864.96, 7.43363e-05
FILLER_0_313_1561, 729.14, 864.96, 7.45198e-05
FILLER_0_314_1589, 741.94, 864.96, 7.47033e-05
FILLER_0_313_1617, 754.74, 864.96, 7.48868e-05
FILLER_0_314_1645, 767.54, 864.96, 7.50703e-05
FILLER_0_313_1673, 780.34, 864.96, 7.52538e-05
FILLER_0_313_1729, 805.94, 864.96, 7.55215e-05
FILLER_0_314_1757, 818.74, 864.96, 7.56056e-05
FILLER_0_313_1785, 831.54, 864.96, 7.56898e-05
FILLER_0_314_1813, 844.34, 864.96, 7.5774e-05
FILLER_0_313_1841, 857.14, 864.96, 7.58581e-05
FILLER_0_314_1869, 869.94, 864.96, 7.59423e-05
FILLER_0_313_1897, 882.74, 864.96, 7.60264e-05
FILLER_0_314_1925, 895.54, 864.96, 7.61106e-05
FILLER_0_313_1953, 908.34, 864.96, 7.61947e-05
FILLER_0_314_1981, 921.14, 864.96, 7.62788e-05
FILLER_0_313_2009, 933.94, 864.96, 7.63629e-05
FILLER_0_313_2065, 958.57, 864.96, 7.6447e-05
FILLER_0_314_2093, 970.4, 864.96, 7.64471e-05
FILLER_0_313_2121, 982.23, 864.96, 7.64471e-05
PHY_622, 5.52, 859.52, 0.000130876
PHY_624, 5.52, 859.52, 0.000130876
PHY_623, 994.06, 859.52, 7.61388e-05
PHY_625, 994.06, 859.52, 7.61388e-05
FILLER_0_311_2141, 994.06, 859.52, 7.61388e-05
FILLER_0_312_2137, 994.06, 859.52, 7.61388e-05
FILLER_0_312_77, 37.94, 859.52, 0.000130604
FILLER_0_313_105, 50.74, 859.52, 0.000130332
FILLER_0_312_133, 63.54, 859.52, 0.00013006
FILLER_0_313_161, 76.34, 859.52, 0.000129788
FILLER_0_312_189, 89.14, 859.52, 0.000129516
FILLER_0_313_217, 101.94, 859.52, 0.000129244
FILLER_0_312_245, 114.74, 859.52, 0.000128972
FILLER_0_313_273, 127.54, 859.52, 0.000128699
FILLER_0_312_301, 140.34, 859.52, 0.000128427
FILLER_0_313_329, 153.14, 859.52, 0.000128155
FILLER_0_312_357, 165.94, 859.52, 0.000127883
FILLER_0_312_413, 191.54, 859.52, 0.000126851
FILLER_0_313_441, 204.34, 859.52, 0.000126091
FILLER_0_312_469, 217.14, 859.52, 0.000125331
FILLER_0_313_497, 229.94, 859.52, 0.000124571
FILLER_0_312_525, 242.74, 859.52, 0.000123811
FILLER_0_313_553, 255.54, 859.52, 0.00012305
FILLER_0_312_581, 268.34, 859.52, 0.00012229
FILLER_0_313_609, 281.14, 859.52, 0.00012153
FILLER_0_312_637, 293.94, 859.52, 0.00012077
FILLER_0_313_665, 306.74, 859.52, 0.00012001
FILLER_0_312_693, 319.54, 859.52, 0.000119249
FILLER_0_312_749, 345.14, 859.52, 0.000117006
FILLER_0_313_777, 357.94, 859.52, 0.000115523
FILLER_0_312_805, 370.74, 859.52, 0.000114039
FILLER_0_313_833, 383.54, 859.52, 0.000112556
FILLER_0_312_861, 396.34, 859.52, 0.000111073
FILLER_0_313_889, 409.14, 859.52, 0.00010959
FILLER_0_312_917, 421.94, 859.52, 0.000108106
FILLER_0_313_945, 434.74, 859.52, 0.000106623
FILLER_0_312_973, 447.54, 859.52, 0.00010514
FILLER_0_313_1001, 460.34, 859.52, 0.000103657
FILLER_0_312_1029, 473.14, 859.52, 0.000102173
FILLER_0_312_1085, 498.74, 859.52, 9.82658e-05
FILLER_0_313_1113, 511.54, 859.52, 9.58416e-05
FILLER_0_312_1141, 524.34, 859.52, 9.34174e-05
FILLER_0_313_1169, 537.14, 859.52, 9.09932e-05
FILLER_0_312_1197, 549.94, 859.52, 8.85689e-05
FILLER_0_313_1225, 562.74, 859.52, 8.61447e-05
FILLER_0_312_1253, 575.54, 859.52, 8.37204e-05
FILLER_0_311_1281, 601.14, 859.52, 7.88719e-05
FILLER_0_312_1309, 613.94, 859.52, 7.64476e-05
FILLER_0_311_1337, 626.74, 859.52, 7.40233e-05
FILLER_0_311_1393, 652.34, 859.52, 7.18699e-05
FILLER_0_312_1421, 665.14, 859.52, 7.21409e-05
FILLER_0_311_1449, 677.94, 859.52, 7.24118e-05
FILLER_0_312_1477, 690.74, 859.52, 7.26827e-05
FILLER_0_311_1505, 703.54, 859.52, 7.29537e-05
FILLER_0_312_1533, 716.34, 859.52, 7.32246e-05
FILLER_0_311_1561, 729.14, 859.52, 7.34955e-05
FILLER_0_312_1589, 741.94, 859.52, 7.37664e-05
FILLER_0_311_1617, 754.74, 859.52, 7.40372e-05
FILLER_0_312_1645, 767.54, 859.52, 7.43081e-05
FILLER_0_311_1673, 780.34, 859.52, 7.45789e-05
FILLER_0_311_1729, 805.94, 859.52, 7.49572e-05
FILLER_0_312_1757, 818.74, 859.52, 7.50647e-05
FILLER_0_311_1785, 831.54, 859.52, 7.51721e-05
FILLER_0_312_1813, 844.34, 859.52, 7.52796e-05
FILLER_0_311_1841, 857.14, 859.52, 7.5387e-05
FILLER_0_312_1869, 869.94, 859.52, 7.54944e-05
FILLER_0_311_1897, 882.74, 859.52, 7.56018e-05
FILLER_0_312_1925, 895.54, 859.52, 7.57092e-05
FILLER_0_311_1953, 908.34, 859.52, 7.58166e-05
FILLER_0_312_1981, 921.14, 859.52, 7.59239e-05
FILLER_0_311_2009, 933.94, 859.52, 7.60313e-05
FILLER_0_311_2065, 958.57, 859.52, 7.61387e-05
FILLER_0_312_2093, 970.4, 859.52, 7.61387e-05
FILLER_0_311_2121, 982.23, 859.52, 7.61388e-05
PHY_618, 5.52, 854.08, 0.000152671
PHY_620, 5.52, 854.08, 0.000152671
input8, 5.52, 854.08, 0.000152671
PHY_619, 994.06, 854.08, 7.58354e-05
PHY_621, 994.06, 854.08, 7.58354e-05
FILLER_0_309_2141, 994.06, 854.08, 7.58354e-05
FILLER_0_310_2137, 994.06, 854.08, 7.58354e-05
FILLER_0_310_77, 37.94, 854.08, 0.000137338
FILLER_0_311_105, 50.74, 854.08, 0.000136528
FILLER_0_310_133, 63.54, 854.08, 0.000135719
FILLER_0_311_161, 76.34, 854.08, 0.000134909
FILLER_0_310_189, 89.14, 854.08, 0.000134099
FILLER_0_311_217, 101.94, 854.08, 0.000133289
FILLER_0_310_245, 114.74, 854.08, 0.00013248
FILLER_0_311_273, 127.54, 854.08, 0.00013167
FILLER_0_310_301, 140.34, 854.08, 0.00013086
FILLER_0_311_329, 153.14, 854.08, 0.000130051
FILLER_0_310_357, 165.94, 854.08, 0.000129241
FILLER_0_310_413, 191.54, 854.08, 0.000127643
FILLER_0_311_441, 204.34, 854.08, 0.000126856
FILLER_0_310_469, 217.14, 854.08, 0.000126068
FILLER_0_311_497, 229.94, 854.08, 0.00012528
FILLER_0_310_525, 242.74, 854.08, 0.000124493
FILLER_0_311_553, 255.54, 854.08, 0.000123705
FILLER_0_310_581, 268.34, 854.08, 0.000122917
FILLER_0_311_609, 281.14, 854.08, 0.000122129
FILLER_0_310_637, 293.94, 854.08, 0.000121341
FILLER_0_311_665, 306.74, 854.08, 0.000120554
FILLER_0_310_693, 319.54, 854.08, 0.000119766
FILLER_0_310_749, 345.14, 854.08, 0.000117462
FILLER_0_311_777, 357.94, 854.08, 0.000115946
FILLER_0_310_805, 370.74, 854.08, 0.00011443
FILLER_0_311_833, 383.54, 854.08, 0.000112914
FILLER_0_310_861, 396.34, 854.08, 0.000111398
FILLER_0_311_889, 409.14, 854.08, 0.000109882
FILLER_0_310_917, 421.94, 854.08, 0.000108366
FILLER_0_311_945, 434.74, 854.08, 0.00010685
FILLER_0_310_973, 447.54, 854.08, 0.000105334
FILLER_0_311_1001, 460.34, 854.08, 0.000103818
FILLER_0_310_1029, 473.14, 854.08, 0.000102302
FILLER_0_310_1085, 498.74, 854.08, 9.82085e-05
FILLER_0_311_1113, 511.54, 854.08, 9.56306e-05
FILLER_0_310_1141, 524.34, 854.08, 9.30527e-05
FILLER_0_311_1169, 537.14, 854.08, 9.04747e-05
FILLER_0_310_1197, 549.94, 854.08, 8.78968e-05
FILLER_0_311_1225, 562.74, 854.08, 8.53188e-05
FILLER_0_310_1253, 575.54, 854.08, 8.27409e-05
FILLER_0_309_1281, 601.14, 854.08, 7.75849e-05
FILLER_0_310_1309, 613.94, 854.08, 7.50069e-05
FILLER_0_309_1337, 626.74, 854.08, 7.24289e-05
FILLER_0_309_1393, 652.34, 854.08, 7.02186e-05
FILLER_0_310_1421, 665.14, 854.08, 7.05864e-05
FILLER_0_309_1449, 677.94, 854.08, 7.09541e-05
FILLER_0_310_1477, 690.74, 854.08, 7.13218e-05
FILLER_0_309_1505, 703.54, 854.08, 7.16895e-05
FILLER_0_310_1533, 716.34, 854.08, 7.20572e-05
FILLER_0_309_1561, 729.14, 854.08, 7.24248e-05
FILLER_0_310_1589, 741.94, 854.08, 7.27925e-05
FILLER_0_309_1617, 754.74, 854.08, 7.31602e-05
FILLER_0_310_1645, 767.54, 854.08, 7.35278e-05
FILLER_0_309_1673, 780.34, 854.08, 7.38954e-05
FILLER_0_309_1729, 805.94, 854.08, 7.43941e-05
FILLER_0_310_1757, 818.74, 854.08, 7.45252e-05
FILLER_0_309_1785, 831.54, 854.08, 7.46562e-05
FILLER_0_310_1813, 844.34, 854.08, 7.47873e-05
FILLER_0_309_1841, 857.14, 854.08, 7.49183e-05
FILLER_0_310_1869, 869.94, 854.08, 7.50493e-05
FILLER_0_309_1897, 882.74, 854.08, 7.51803e-05
FILLER_0_310_1925, 895.54, 854.08, 7.53113e-05
FILLER_0_309_1953, 908.34, 854.08, 7.54423e-05
FILLER_0_310_1981, 921.14, 854.08, 7.55733e-05
FILLER_0_309_2009, 933.94, 854.08, 7.57042e-05
FILLER_0_309_2065, 958.57, 854.08, 7.58352e-05
FILLER_0_310_2093, 970.4, 854.08, 7.58353e-05
FILLER_0_309_2121, 982.23, 854.08, 7.58353e-05
PHY_614, 5.52, 848.64, 0.000131074
PHY_616, 5.52, 848.64, 0.000131074
PHY_615, 994.06, 848.64, 7.5538e-05
PHY_617, 994.06, 848.64, 7.5538e-05
FILLER_0_307_2141, 994.06, 848.64, 7.5538e-05
FILLER_0_308_2137, 994.06, 848.64, 7.5538e-05
FILLER_0_308_77, 37.94, 848.64, 0.000130853
FILLER_0_309_105, 50.74, 848.64, 0.000130632
FILLER_0_308_133, 63.54, 848.64, 0.000130412
FILLER_0_309_161, 76.34, 848.64, 0.000130191
FILLER_0_308_189, 89.14, 848.64, 0.00012997
FILLER_0_309_217, 101.94, 848.64, 0.000129749
FILLER_0_308_245, 114.74, 848.64, 0.000129528
FILLER_0_309_273, 127.54, 848.64, 0.000129307
FILLER_0_308_301, 140.34, 848.64, 0.000129086
FILLER_0_309_329, 153.14, 848.64, 0.000128865
FILLER_0_308_357, 165.94, 848.64, 0.000128644
FILLER_0_308_413, 191.54, 848.64, 0.000127675
FILLER_0_309_441, 204.34, 848.64, 0.000126928
FILLER_0_308_469, 217.14, 848.64, 0.00012618
FILLER_0_309_497, 229.94, 848.64, 0.000125433
FILLER_0_308_525, 242.74, 848.64, 0.000124685
FILLER_0_309_553, 255.54, 848.64, 0.000123938
FILLER_0_308_581, 268.34, 848.64, 0.00012319
FILLER_0_309_609, 281.14, 848.64, 0.000122443
FILLER_0_308_637, 293.94, 848.64, 0.000121695
FILLER_0_309_665, 306.74, 848.64, 0.000120947
FILLER_0_308_693, 319.54, 848.64, 0.0001202
FILLER_0_308_749, 345.14, 848.64, 0.000117908
FILLER_0_309_777, 357.94, 848.64, 0.000116364
FILLER_0_308_805, 370.74, 848.64, 0.000114819
FILLER_0_309_833, 383.54, 848.64, 0.000113275
FILLER_0_308_861, 396.34, 848.64, 0.000111731
FILLER_0_309_889, 409.14, 848.64, 0.000110186
FILLER_0_308_917, 421.94, 848.64, 0.000108642
FILLER_0_309_945, 434.74, 848.64, 0.000107098
FILLER_0_308_973, 447.54, 848.64, 0.000105553
FILLER_0_309_1001, 460.34, 848.64, 0.000104009
FILLER_0_308_1029, 473.14, 848.64, 0.000102464
FILLER_0_308_1085, 498.74, 848.64, 9.8175e-05
FILLER_0_309_1113, 511.54, 848.64, 9.54301e-05
FILLER_0_308_1141, 524.34, 848.64, 9.26851e-05
FILLER_0_309_1169, 537.14, 848.64, 8.99402e-05
FILLER_0_308_1197, 549.94, 848.64, 8.71952e-05
FILLER_0_309_1225, 562.74, 848.64, 8.44502e-05
FILLER_0_308_1253, 575.54, 848.64, 8.17052e-05
FILLER_0_307_1281, 601.14, 848.64, 7.62153e-05
FILLER_0_308_1309, 613.94, 848.64, 7.34703e-05
FILLER_0_307_1337, 626.74, 848.64, 7.07252e-05
FILLER_0_307_1393, 652.34, 848.64, 6.84552e-05
FILLER_0_308_1421, 665.14, 848.64, 6.89302e-05
FILLER_0_307_1449, 677.94, 848.64, 6.94052e-05
FILLER_0_308_1477, 690.74, 848.64, 6.98802e-05
FILLER_0_307_1505, 703.54, 848.64, 7.03552e-05
FILLER_0_308_1533, 716.34, 848.64, 7.08301e-05
FILLER_0_307_1561, 729.14, 848.64, 7.13051e-05
FILLER_0_308_1589, 741.94, 848.64, 7.178e-05
FILLER_0_307_1617, 754.74, 848.64, 7.22549e-05
FILLER_0_308_1645, 767.54, 848.64, 7.27298e-05
FILLER_0_307_1673, 780.34, 848.64, 7.32047e-05
FILLER_0_307_1729, 805.94, 848.64, 7.38345e-05
FILLER_0_308_1757, 818.74, 848.64, 7.39894e-05
FILLER_0_307_1785, 831.54, 848.64, 7.41443e-05
FILLER_0_308_1813, 844.34, 848.64, 7.42992e-05
FILLER_0_307_1841, 857.14, 848.64, 7.44541e-05
FILLER_0_308_1869, 869.94, 848.64, 7.46089e-05
FILLER_0_307_1897, 882.74, 848.64, 7.47638e-05
FILLER_0_308_1925, 895.54, 848.64, 7.49186e-05
FILLER_0_307_1953, 908.34, 848.64, 7.50734e-05
FILLER_0_308_1981, 921.14, 848.64, 7.52282e-05
FILLER_0_307_2009, 933.94, 848.64, 7.5383e-05
FILLER_0_307_2065, 958.57, 848.64, 7.55379e-05
FILLER_0_308_2093, 970.4, 848.64, 7.55379e-05
FILLER_0_307_2121, 982.23, 848.64, 7.5538e-05
PHY_610, 5.52, 843.2, 0.000130989
PHY_612, 5.52, 843.2, 0.000130989
PHY_611, 994.06, 843.2, 7.5248e-05
PHY_613, 994.06, 843.2, 7.5248e-05
FILLER_0_305_2141, 994.06, 843.2, 7.5248e-05
FILLER_0_306_2137, 994.06, 843.2, 7.5248e-05
FILLER_0_306_77, 37.94, 843.2, 0.000130811
FILLER_0_307_105, 50.74, 843.2, 0.000130632
FILLER_0_306_133, 63.54, 843.2, 0.000130453
FILLER_0_307_161, 76.34, 843.2, 0.000130274
FILLER_0_306_189, 89.14, 843.2, 0.000130095
FILLER_0_307_217, 101.94, 843.2, 0.000129916
FILLER_0_306_245, 114.74, 843.2, 0.000129737
FILLER_0_307_273, 127.54, 843.2, 0.000129559
FILLER_0_306_301, 140.34, 843.2, 0.00012938
FILLER_0_307_329, 153.14, 843.2, 0.000129201
FILLER_0_306_357, 165.94, 843.2, 0.000129022
FILLER_0_306_413, 191.54, 843.2, 0.000128105
FILLER_0_307_441, 204.34, 843.2, 0.000127367
FILLER_0_306_469, 217.14, 843.2, 0.000126629
FILLER_0_307_497, 229.94, 843.2, 0.000125891
FILLER_0_306_525, 242.74, 843.2, 0.000125153
FILLER_0_307_553, 255.54, 843.2, 0.000124415
FILLER_0_306_581, 268.34, 843.2, 0.000123678
FILLER_0_307_609, 281.14, 843.2, 0.00012294
FILLER_0_306_637, 293.94, 843.2, 0.000122202
FILLER_0_307_665, 306.74, 843.2, 0.000121464
FILLER_0_306_693, 319.54, 843.2, 0.000120726
FILLER_0_306_749, 345.14, 843.2, 0.000118414
FILLER_0_307_777, 357.94, 843.2, 0.00011684
FILLER_0_306_805, 370.74, 843.2, 0.000115266
FILLER_0_307_833, 383.54, 843.2, 0.000113692
FILLER_0_306_861, 396.34, 843.2, 0.000112118
FILLER_0_307_889, 409.14, 843.2, 0.000110544
FILLER_0_306_917, 421.94, 843.2, 0.00010897
FILLER_0_307_945, 434.74, 843.2, 0.000107396
FILLER_0_306_973, 447.54, 843.2, 0.000105822
FILLER_0_307_1001, 460.34, 843.2, 0.000104248
FILLER_0_306_1029, 473.14, 843.2, 0.000102674
FILLER_0_306_1085, 498.74, 843.2, 9.81732e-05
FILLER_0_307_1113, 511.54, 843.2, 9.52462e-05
FILLER_0_306_1141, 524.34, 843.2, 9.23192e-05
FILLER_0_307_1169, 537.14, 843.2, 8.93923e-05
FILLER_0_306_1197, 549.94, 843.2, 8.64653e-05
FILLER_0_307_1225, 562.74, 843.2, 8.35382e-05
FILLER_0_306_1253, 575.54, 843.2, 8.06112e-05
FILLER_0_305_1281, 601.14, 843.2, 7.47572e-05
FILLER_0_306_1309, 613.94, 843.2, 7.18301e-05
FILLER_0_305_1337, 626.74, 843.2, 6.89031e-05
FILLER_0_305_1393, 652.34, 843.2, 6.65699e-05
FILLER_0_306_1421, 665.14, 843.2, 6.71639e-05
FILLER_0_305_1449, 677.94, 843.2, 6.77578e-05
FILLER_0_306_1477, 690.74, 843.2, 6.83517e-05
FILLER_0_305_1505, 703.54, 843.2, 6.89456e-05
FILLER_0_306_1533, 716.34, 843.2, 6.95395e-05
FILLER_0_305_1561, 729.14, 843.2, 7.01333e-05
FILLER_0_306_1589, 741.94, 843.2, 7.07272e-05
FILLER_0_305_1617, 754.74, 843.2, 7.1321e-05
FILLER_0_306_1645, 767.54, 843.2, 7.19149e-05
FILLER_0_305_1673, 780.34, 843.2, 7.25087e-05
FILLER_0_305_1729, 805.94, 843.2, 7.32814e-05
FILLER_0_306_1757, 818.74, 843.2, 7.34602e-05
FILLER_0_305_1785, 831.54, 843.2, 7.3639e-05
FILLER_0_306_1813, 844.34, 843.2, 7.38178e-05
FILLER_0_305_1841, 857.14, 843.2, 7.39966e-05
FILLER_0_306_1869, 869.94, 843.2, 7.41754e-05
FILLER_0_305_1897, 882.74, 843.2, 7.43541e-05
FILLER_0_306_1925, 895.54, 843.2, 7.45329e-05
FILLER_0_305_1953, 908.34, 843.2, 7.47116e-05
FILLER_0_306_1981, 921.14, 843.2, 7.48904e-05
FILLER_0_305_2009, 933.94, 843.2, 7.50691e-05
FILLER_0_305_2065, 958.57, 843.2, 7.52479e-05
FILLER_0_306_2093, 970.4, 843.2, 7.52479e-05
FILLER_0_305_2121, 982.23, 843.2, 7.5248e-05
PHY_606, 5.52, 837.76, 0.000130914
PHY_608, 5.52, 837.76, 0.000130914
PHY_607, 994.06, 837.76, 7.49666e-05
PHY_609, 994.06, 837.76, 7.49666e-05
FILLER_0_303_2141, 994.06, 837.76, 7.49666e-05
FILLER_0_304_2137, 994.06, 837.76, 7.49666e-05
FILLER_0_304_77, 37.94, 837.76, 0.000130779
FILLER_0_305_105, 50.74, 837.76, 0.000130644
FILLER_0_304_133, 63.54, 837.76, 0.000130508
FILLER_0_305_161, 76.34, 837.76, 0.000130373
FILLER_0_304_189, 89.14, 837.76, 0.000130237
FILLER_0_305_217, 101.94, 837.76, 0.000130102
FILLER_0_304_245, 114.74, 837.76, 0.000129967
FILLER_0_305_273, 127.54, 837.76, 0.000129831
FILLER_0_304_301, 140.34, 837.76, 0.000129696
FILLER_0_305_329, 153.14, 837.76, 0.00012956
FILLER_0_304_357, 165.94, 837.76, 0.000129425
FILLER_0_304_413, 191.54, 837.76, 0.000128562
FILLER_0_305_441, 204.34, 837.76, 0.000127835
FILLER_0_304_469, 217.14, 837.76, 0.000127108
FILLER_0_305_497, 229.94, 837.76, 0.000126381
FILLER_0_304_525, 242.74, 837.76, 0.000125654
FILLER_0_305_553, 255.54, 837.76, 0.000124926
FILLER_0_304_581, 268.34, 837.76, 0.000124199
FILLER_0_305_609, 281.14, 837.76, 0.000123472
FILLER_0_304_637, 293.94, 837.76, 0.000122745
FILLER_0_305_665, 306.74, 837.76, 0.000122018
FILLER_0_304_693, 319.54, 837.76, 0.00012129
FILLER_0_304_749, 345.14, 837.76, 0.000118961
FILLER_0_305_777, 357.94, 837.76, 0.000117358
FILLER_0_304_805, 370.74, 837.76, 0.000115755
FILLER_0_305_833, 383.54, 837.76, 0.000114153
FILLER_0_304_861, 396.34, 837.76, 0.00011255
FILLER_0_305_889, 409.14, 837.76, 0.000110948
FILLER_0_304_917, 421.94, 837.76, 0.000109345
FILLER_0_305_945, 434.74, 837.76, 0.000107742
FILLER_0_304_973, 447.54, 837.76, 0.00010614
FILLER_0_305_1001, 460.34, 837.76, 0.000104537
FILLER_0_304_1029, 473.14, 837.76, 0.000102934
FILLER_0_304_1085, 498.74, 837.76, 9.82063e-05
FILLER_0_305_1113, 511.54, 837.76, 9.50808e-05
FILLER_0_304_1141, 524.34, 837.76, 9.19554e-05
FILLER_0_305_1169, 537.14, 837.76, 8.88299e-05
FILLER_0_304_1197, 549.94, 837.76, 8.57045e-05
FILLER_0_305_1225, 562.74, 837.76, 8.2579e-05
FILLER_0_304_1253, 575.54, 837.76, 7.94535e-05
FILLER_0_303_1281, 601.14, 837.76, 7.32025e-05
FILLER_0_304_1309, 613.94, 837.76, 7.0077e-05
FILLER_0_303_1337, 626.74, 837.76, 6.69515e-05
FILLER_0_303_1393, 652.34, 837.76, 6.45518e-05
FILLER_0_304_1421, 665.14, 837.76, 6.52776e-05
FILLER_0_303_1449, 677.94, 837.76, 6.60034e-05
FILLER_0_304_1477, 690.74, 837.76, 6.67292e-05
FILLER_0_303_1505, 703.54, 837.76, 6.7455e-05
FILLER_0_304_1533, 716.34, 837.76, 6.81807e-05
FILLER_0_303_1561, 729.14, 837.76, 6.89065e-05
FILLER_0_304_1589, 741.94, 837.76, 6.96322e-05
FILLER_0_303_1617, 754.74, 837.76, 7.0358e-05
FILLER_0_304_1645, 767.54, 837.76, 7.10837e-05
FILLER_0_303_1673, 780.34, 837.76, 7.18094e-05
FILLER_0_303_1729, 805.94, 837.76, 7.27378e-05
FILLER_0_304_1757, 818.74, 837.76, 7.29404e-05
FILLER_0_303_1785, 831.54, 837.76, 7.31431e-05
FILLER_0_304_1813, 844.34, 837.76, 7.33457e-05
FILLER_0_303_1841, 857.14, 837.76, 7.35483e-05
FILLER_0_304_1869, 869.94, 837.76, 7.3751e-05
FILLER_0_303_1897, 882.74, 837.76, 7.39536e-05
FILLER_0_304_1925, 895.54, 837.76, 7.41562e-05
FILLER_0_303_1953, 908.34, 837.76, 7.43587e-05
FILLER_0_304_1981, 921.14, 837.76, 7.45613e-05
FILLER_0_303_2009, 933.94, 837.76, 7.47639e-05
FILLER_0_303_2065, 958.57, 837.76, 7.49665e-05
FILLER_0_304_2093, 970.4, 837.76, 7.49665e-05
FILLER_0_303_2121, 982.23, 837.76, 7.49666e-05
PHY_602, 5.52, 832.32, 0.000130847
PHY_604, 5.52, 832.32, 0.000130847
PHY_603, 994.06, 832.32, 7.46952e-05
PHY_605, 994.06, 832.32, 7.46952e-05
FILLER_0_301_2141, 994.06, 832.32, 7.46952e-05
FILLER_0_302_2137, 994.06, 832.32, 7.46952e-05
FILLER_0_302_77, 37.94, 832.32, 0.000130757
FILLER_0_303_105, 50.74, 832.32, 0.000130667
FILLER_0_302_133, 63.54, 832.32, 0.000130576
FILLER_0_303_161, 76.34, 832.32, 0.000130486
FILLER_0_302_189, 89.14, 832.32, 0.000130396
FILLER_0_303_217, 101.94, 832.32, 0.000130306
FILLER_0_302_245, 114.74, 832.32, 0.000130215
FILLER_0_303_273, 127.54, 832.32, 0.000130125
FILLER_0_302_301, 140.34, 832.32, 0.000130035
FILLER_0_303_329, 153.14, 832.32, 0.000129945
FILLER_0_302_357, 165.94, 832.32, 0.000129854
FILLER_0_302_413, 191.54, 832.32, 0.000129049
FILLER_0_303_441, 204.34, 832.32, 0.000128334
FILLER_0_302_469, 217.14, 832.32, 0.000127618
FILLER_0_303_497, 229.94, 832.32, 0.000126903
FILLER_0_302_525, 242.74, 832.32, 0.000126188
FILLER_0_303_553, 255.54, 832.32, 0.000125473
FILLER_0_302_581, 268.34, 832.32, 0.000124757
FILLER_0_303_609, 281.14, 832.32, 0.000124042
FILLER_0_302_637, 293.94, 832.32, 0.000123327
FILLER_0_303_665, 306.74, 832.32, 0.000122611
FILLER_0_302_693, 319.54, 832.32, 0.000121896
FILLER_0_302_749, 345.14, 832.32, 0.000119551
FILLER_0_303_777, 357.94, 832.32, 0.000117921
FILLER_0_302_805, 370.74, 832.32, 0.000116291
FILLER_0_303_833, 383.54, 832.32, 0.000114661
FILLER_0_302_861, 396.34, 832.32, 0.000113031
FILLER_0_303_889, 409.14, 832.32, 0.000111401
FILLER_0_302_917, 421.94, 832.32, 0.000109771
FILLER_0_303_945, 434.74, 832.32, 0.000108141
FILLER_0_302_973, 447.54, 832.32, 0.000106511
FILLER_0_303_1001, 460.34, 832.32, 0.000104881
FILLER_0_302_1029, 473.14, 832.32, 0.000103251
FILLER_0_302_1085, 498.74, 832.32, 9.82791e-05
FILLER_0_303_1113, 511.54, 832.32, 9.49371e-05
FILLER_0_302_1141, 524.34, 832.32, 9.15951e-05
FILLER_0_303_1169, 537.14, 832.32, 8.82531e-05
FILLER_0_302_1197, 549.94, 832.32, 8.49111e-05
FILLER_0_303_1225, 562.74, 832.32, 8.1569e-05
FILLER_0_302_1253, 575.54, 832.32, 7.8227e-05
FILLER_0_301_1281, 601.14, 832.32, 7.15429e-05
FILLER_0_302_1309, 613.94, 832.32, 6.82008e-05
FILLER_0_301_1337, 626.74, 832.32, 6.48588e-05
FILLER_0_301_1393, 652.34, 832.32, 6.23888e-05
FILLER_0_302_1421, 665.14, 832.32, 6.32609e-05
FILLER_0_301_1449, 677.94, 832.32, 6.4133e-05
FILLER_0_302_1477, 690.74, 832.32, 6.50051e-05
FILLER_0_301_1505, 703.54, 832.32, 6.58771e-05
FILLER_0_302_1533, 716.34, 832.32, 6.67492e-05
FILLER_0_301_1561, 729.14, 832.32, 6.76212e-05
FILLER_0_302_1589, 741.94, 832.32, 6.84933e-05
FILLER_0_301_1617, 754.74, 832.32, 6.93653e-05
FILLER_0_302_1645, 767.54, 832.32, 7.02373e-05
FILLER_0_301_1673, 780.34, 832.32, 7.11093e-05
FILLER_0_301_1729, 805.94, 832.32, 7.22075e-05
FILLER_0_302_1757, 818.74, 832.32, 7.24337e-05
FILLER_0_301_1785, 831.54, 832.32, 7.26599e-05
FILLER_0_302_1813, 844.34, 832.32, 7.2886e-05
FILLER_0_301_1841, 857.14, 832.32, 7.31122e-05
FILLER_0_302_1869, 869.94, 832.32, 7.33383e-05
FILLER_0_301_1897, 882.74, 832.32, 7.35645e-05
FILLER_0_302_1925, 895.54, 832.32, 7.37906e-05
FILLER_0_301_1953, 908.34, 832.32, 7.40167e-05
FILLER_0_302_1981, 921.14, 832.32, 7.42428e-05
FILLER_0_301_2009, 933.94, 832.32, 7.44689e-05
FILLER_0_301_2065, 958.57, 832.32, 7.46951e-05
FILLER_0_302_2093, 970.4, 832.32, 7.46951e-05
FILLER_0_301_2121, 982.23, 832.32, 7.46952e-05
PHY_598, 5.52, 826.88, 0.000130786
PHY_600, 5.52, 826.88, 0.000130786
PHY_599, 994.06, 826.88, 7.44351e-05
PHY_601, 994.06, 826.88, 7.44351e-05
output16, 994.06, 826.88, 7.44351e-05
FILLER_0_299_2141, 994.06, 826.88, 7.44351e-05
FILLER_0_300_2137, 994.06, 826.88, 7.44351e-05
FILLER_0_300_77, 37.94, 826.88, 0.000130742
FILLER_0_301_105, 50.74, 826.88, 0.000130699
FILLER_0_300_133, 63.54, 826.88, 0.000130656
FILLER_0_301_161, 76.34, 826.88, 0.000130613
FILLER_0_300_189, 89.14, 826.88, 0.00013057
FILLER_0_301_217, 101.94, 826.88, 0.000130527
FILLER_0_300_245, 114.74, 826.88, 0.000130484
FILLER_0_301_273, 127.54, 826.88, 0.000130441
FILLER_0_300_301, 140.34, 826.88, 0.000130398
FILLER_0_301_329, 153.14, 826.88, 0.000130354
FILLER_0_300_357, 165.94, 826.88, 0.000130311
FILLER_0_300_413, 191.54, 826.88, 0.000129566
FILLER_0_301_441, 204.34, 826.88, 0.000128864
FILLER_0_300_469, 217.14, 826.88, 0.000128162
FILLER_0_301_497, 229.94, 826.88, 0.00012746
FILLER_0_300_525, 242.74, 826.88, 0.000126758
FILLER_0_301_553, 255.54, 826.88, 0.000126055
FILLER_0_300_581, 268.34, 826.88, 0.000125353
FILLER_0_301_609, 281.14, 826.88, 0.000124651
FILLER_0_300_637, 293.94, 826.88, 0.000123949
FILLER_0_301_665, 306.74, 826.88, 0.000123247
FILLER_0_300_693, 319.54, 826.88, 0.000122544
FILLER_0_300_749, 345.14, 826.88, 0.000120187
FILLER_0_301_777, 357.94, 826.88, 0.000118531
FILLER_0_300_805, 370.74, 826.88, 0.000116876
FILLER_0_301_833, 383.54, 826.88, 0.00011522
FILLER_0_300_861, 396.34, 826.88, 0.000113565
FILLER_0_301_889, 409.14, 826.88, 0.000111909
FILLER_0_300_917, 421.94, 826.88, 0.000110254
FILLER_0_301_945, 434.74, 826.88, 0.000108598
FILLER_0_300_973, 447.54, 826.88, 0.000106942
FILLER_0_301_1001, 460.34, 826.88, 0.000105287
FILLER_0_300_1029, 473.14, 826.88, 0.000103631
FILLER_0_300_1085, 498.74, 826.88, 9.83971e-05
FILLER_0_301_1113, 511.54, 826.88, 9.48186e-05
FILLER_0_300_1141, 524.34, 826.88, 9.12401e-05
FILLER_0_301_1169, 537.14, 826.88, 8.76617e-05
FILLER_0_300_1197, 549.94, 826.88, 8.40832e-05
FILLER_0_301_1225, 562.74, 826.88, 8.05047e-05
FILLER_0_300_1253, 575.54, 826.88, 7.69261e-05
FILLER_0_299_1281, 601.14, 826.88, 6.97691e-05
FILLER_0_300_1309, 613.94, 826.88, 6.61906e-05
FILLER_0_299_1337, 626.74, 826.88, 6.2612e-05
FILLER_0_299_1393, 652.34, 826.88, 6.00678e-05
FILLER_0_300_1421, 665.14, 826.88, 6.11022e-05
FILLER_0_299_1449, 677.94, 826.88, 6.21366e-05
FILLER_0_300_1477, 690.74, 826.88, 6.3171e-05
FILLER_0_299_1505, 703.54, 826.88, 6.42053e-05
FILLER_0_300_1533, 716.34, 826.88, 6.52397e-05
FILLER_0_299_1561, 729.14, 826.88, 6.6274e-05
FILLER_0_300_1589, 741.94, 826.88, 6.73083e-05
FILLER_0_299_1617, 754.74, 826.88, 6.83426e-05
FILLER_0_300_1645, 767.54, 826.88, 6.93769e-05
FILLER_0_299_1673, 780.34, 826.88, 7.04112e-05
FILLER_0_299_1729, 805.94, 826.88, 7.16946e-05
FILLER_0_300_1757, 818.74, 826.88, 7.19438e-05
FILLER_0_299_1785, 831.54, 826.88, 7.2193e-05
FILLER_0_300_1813, 844.34, 826.88, 7.24421e-05
FILLER_0_299_1841, 857.14, 826.88, 7.26912e-05
FILLER_0_300_1869, 869.94, 826.88, 7.29403e-05
FILLER_0_299_1897, 882.74, 826.88, 7.31895e-05
FILLER_0_300_1925, 895.54, 826.88, 7.34386e-05
FILLER_0_299_1953, 908.34, 826.88, 7.36876e-05
FILLER_0_300_1981, 921.14, 826.88, 7.39367e-05
FILLER_0_299_2009, 933.94, 826.88, 7.41858e-05
FILLER_0_299_2065, 958.57, 826.88, 7.44349e-05
FILLER_0_300_2093, 970.4, 826.88, 7.4435e-05
FILLER_0_299_2121, 982.23, 826.88, 7.44351e-05
PHY_594, 5.52, 821.44, 0.000130728
PHY_596, 5.52, 821.44, 0.000130728
PHY_595, 994.06, 821.44, 7.41875e-05
PHY_597, 994.06, 821.44, 7.41875e-05
FILLER_0_297_2141, 994.06, 821.44, 7.41875e-05
FILLER_0_298_2137, 994.06, 821.44, 7.41875e-05
FILLER_0_298_77, 37.94, 821.44, 0.000130734
FILLER_0_299_105, 50.74, 821.44, 0.00013074
FILLER_0_298_133, 63.54, 821.44, 0.000130747
FILLER_0_299_161, 76.34, 821.44, 0.000130753
FILLER_0_298_189, 89.14, 821.44, 0.000130759
FILLER_0_299_217, 101.94, 821.44, 0.000130766
FILLER_0_298_245, 114.74, 821.44, 0.000130772
FILLER_0_299_273, 127.54, 821.44, 0.000130778
FILLER_0_298_301, 140.34, 821.44, 0.000130784
FILLER_0_299_329, 153.14, 821.44, 0.000130791
FILLER_0_298_357, 165.94, 821.44, 0.000130797
FILLER_0_298_413, 191.54, 821.44, 0.000130115
FILLER_0_299_441, 204.34, 821.44, 0.000129428
FILLER_0_298_469, 217.14, 821.44, 0.00012874
FILLER_0_299_497, 229.94, 821.44, 0.000128052
FILLER_0_298_525, 242.74, 821.44, 0.000127365
FILLER_0_299_553, 255.54, 821.44, 0.000126677
FILLER_0_298_581, 268.34, 821.44, 0.000125989
FILLER_0_299_609, 281.14, 821.44, 0.000125301
FILLER_0_298_637, 293.94, 821.44, 0.000124614
FILLER_0_299_665, 306.74, 821.44, 0.000123926
FILLER_0_298_693, 319.54, 821.44, 0.000123238
FILLER_0_298_749, 345.14, 821.44, 0.000120872
FILLER_0_299_777, 357.94, 821.44, 0.000119193
FILLER_0_298_805, 370.74, 821.44, 0.000117514
FILLER_0_299_833, 383.54, 821.44, 0.000115835
FILLER_0_298_861, 396.34, 821.44, 0.000114156
FILLER_0_299_889, 409.14, 821.44, 0.000112477
FILLER_0_298_917, 421.94, 821.44, 0.000110798
FILLER_0_299_945, 434.74, 821.44, 0.000109119
FILLER_0_298_973, 447.54, 821.44, 0.00010744
FILLER_0_299_1001, 460.34, 821.44, 0.000105761
FILLER_0_298_1029, 473.14, 821.44, 0.000104082
FILLER_0_298_1085, 498.74, 821.44, 9.85664e-05
FILLER_0_299_1113, 511.54, 821.44, 9.47295e-05
FILLER_0_298_1141, 524.34, 821.44, 9.08926e-05
FILLER_0_299_1169, 537.14, 821.44, 8.70557e-05
FILLER_0_298_1197, 549.94, 821.44, 8.32188e-05
FILLER_0_299_1225, 562.74, 821.44, 7.93819e-05
FILLER_0_298_1253, 575.54, 821.44, 7.55449e-05
FILLER_0_297_1281, 601.14, 821.44, 6.7871e-05
FILLER_0_298_1309, 613.94, 821.44, 6.40341e-05
FILLER_0_297_1337, 626.74, 821.44, 6.01971e-05
FILLER_0_297_1393, 652.34, 821.44, 5.75745e-05
FILLER_0_298_1421, 665.14, 821.44, 5.8789e-05
FILLER_0_297_1449, 677.94, 821.44, 6.00034e-05
FILLER_0_298_1477, 690.74, 821.44, 6.12178e-05
FILLER_0_297_1505, 703.54, 821.44, 6.24322e-05
FILLER_0_298_1533, 716.34, 821.44, 6.36466e-05
FILLER_0_297_1561, 729.14, 821.44, 6.4861e-05
FILLER_0_298_1589, 741.94, 821.44, 6.60754e-05
FILLER_0_297_1617, 754.74, 821.44, 6.72897e-05
FILLER_0_298_1645, 767.54, 821.44, 6.85041e-05
FILLER_0_297_1673, 780.34, 821.44, 6.97184e-05
FILLER_0_297_1729, 805.94, 821.44, 7.1204e-05
FILLER_0_298_1757, 818.74, 821.44, 7.14753e-05
FILLER_0_297_1785, 831.54, 821.44, 7.17465e-05
FILLER_0_298_1813, 844.34, 821.44, 7.20178e-05
FILLER_0_297_1841, 857.14, 821.44, 7.2289e-05
FILLER_0_298_1869, 869.94, 821.44, 7.25602e-05
FILLER_0_297_1897, 882.74, 821.44, 7.28314e-05
FILLER_0_298_1925, 895.54, 821.44, 7.31026e-05
FILLER_0_297_1953, 908.34, 821.44, 7.33738e-05
FILLER_0_298_1981, 921.14, 821.44, 7.3645e-05
FILLER_0_297_2009, 933.94, 821.44, 7.39161e-05
FILLER_0_297_2065, 958.57, 821.44, 7.41873e-05
FILLER_0_298_2093, 970.4, 821.44, 7.41874e-05
FILLER_0_297_2121, 982.23, 821.44, 7.41875e-05
PHY_590, 5.52, 816, 0.000130672
PHY_592, 5.52, 816, 0.000130672
PHY_591, 994.06, 816, 7.39539e-05
PHY_593, 994.06, 816, 7.39539e-05
FILLER_0_295_2141, 994.06, 816, 7.39539e-05
FILLER_0_296_2137, 994.06, 816, 7.39539e-05
FILLER_0_296_77, 37.94, 816, 0.00013073
FILLER_0_297_105, 50.74, 816, 0.000130788
FILLER_0_296_133, 63.54, 816, 0.000130847
FILLER_0_297_161, 76.34, 816, 0.000130905
FILLER_0_296_189, 89.14, 816, 0.000130963
FILLER_0_297_217, 101.94, 816, 0.000131021
FILLER_0_296_245, 114.74, 816, 0.000131079
FILLER_0_297_273, 127.54, 816, 0.000131138
FILLER_0_296_301, 140.34, 816, 0.000131196
FILLER_0_297_329, 153.14, 816, 0.000131254
FILLER_0_296_357, 165.94, 816, 0.000131312
FILLER_0_296_413, 191.54, 816, 0.000130698
FILLER_0_297_441, 204.34, 816, 0.000130026
FILLER_0_296_469, 217.14, 816, 0.000129355
FILLER_0_297_497, 229.94, 816, 0.000128683
FILLER_0_296_525, 242.74, 816, 0.000128011
FILLER_0_297_553, 255.54, 816, 0.000127339
FILLER_0_296_581, 268.34, 816, 0.000126667
FILLER_0_297_609, 281.14, 816, 0.000125995
FILLER_0_296_637, 293.94, 816, 0.000125323
FILLER_0_297_665, 306.74, 816, 0.000124651
FILLER_0_296_693, 319.54, 816, 0.000123979
FILLER_0_296_749, 345.14, 816, 0.000121608
FILLER_0_297_777, 357.94, 816, 0.000119908
FILLER_0_296_805, 370.74, 816, 0.000118209
FILLER_0_297_833, 383.54, 816, 0.000116509
FILLER_0_296_861, 396.34, 816, 0.00011481
FILLER_0_297_889, 409.14, 816, 0.00011311
FILLER_0_296_917, 421.94, 816, 0.000111411
FILLER_0_297_945, 434.74, 816, 0.000109712
FILLER_0_296_973, 447.54, 816, 0.000108012
FILLER_0_297_1001, 460.34, 816, 0.000106312
FILLER_0_296_1029, 473.14, 816, 0.000104613
FILLER_0_296_1085, 498.74, 816, 9.87939e-05
FILLER_0_297_1113, 511.54, 816, 9.46744e-05
FILLER_0_296_1141, 524.34, 816, 9.05549e-05
FILLER_0_297_1169, 537.14, 816, 8.64354e-05
FILLER_0_296_1197, 549.94, 816, 8.23159e-05
FILLER_0_297_1225, 562.74, 816, 7.81963e-05
FILLER_0_296_1253, 575.54, 816, 7.40768e-05
FILLER_0_295_1281, 601.14, 816, 6.58377e-05
FILLER_0_296_1309, 613.94, 816, 6.17181e-05
FILLER_0_295_1337, 626.74, 816, 5.75985e-05
FILLER_0_295_1393, 652.34, 816, 5.48931e-05
FILLER_0_296_1421, 665.14, 816, 5.63073e-05
FILLER_0_295_1449, 677.94, 816, 5.77215e-05
FILLER_0_296_1477, 690.74, 816, 5.91357e-05
FILLER_0_295_1505, 703.54, 816, 6.05499e-05
FILLER_0_296_1533, 716.34, 816, 6.19641e-05
FILLER_0_295_1561, 729.14, 816, 6.33782e-05
FILLER_0_296_1589, 741.94, 816, 6.47924e-05
FILLER_0_295_1617, 754.74, 816, 6.62065e-05
FILLER_0_296_1645, 767.54, 816, 6.76206e-05
FILLER_0_295_1673, 780.34, 816, 6.90347e-05
FILLER_0_295_1729, 805.94, 816, 7.07409e-05
FILLER_0_296_1757, 818.74, 816, 7.10331e-05
FILLER_0_295_1785, 831.54, 816, 7.13252e-05
FILLER_0_296_1813, 844.34, 816, 7.16173e-05
FILLER_0_295_1841, 857.14, 816, 7.19094e-05
FILLER_0_296_1869, 869.94, 816, 7.22014e-05
FILLER_0_295_1897, 882.74, 816, 7.24935e-05
FILLER_0_296_1925, 895.54, 816, 7.27856e-05
FILLER_0_295_1953, 908.34, 816, 7.30776e-05
FILLER_0_296_1981, 921.14, 816, 7.33697e-05
FILLER_0_295_2009, 933.94, 816, 7.36617e-05
FILLER_0_295_2065, 958.57, 816, 7.39538e-05
FILLER_0_296_2093, 970.4, 816, 7.39538e-05
FILLER_0_295_2121, 982.23, 816, 7.39539e-05
PHY_586, 5.52, 810.56, 0.000130615
PHY_588, 5.52, 810.56, 0.000130615
PHY_587, 994.06, 810.56, 7.37356e-05
PHY_589, 994.06, 810.56, 7.37356e-05
FILLER_0_293_2141, 994.06, 810.56, 7.37356e-05
FILLER_0_294_2137, 994.06, 810.56, 7.37356e-05
FILLER_0_294_77, 37.94, 810.56, 0.000130728
FILLER_0_295_105, 50.74, 810.56, 0.000130841
FILLER_0_294_133, 63.54, 810.56, 0.000130954
FILLER_0_295_161, 76.34, 810.56, 0.000131068
FILLER_0_294_189, 89.14, 810.56, 0.000131181
FILLER_0_295_217, 101.94, 810.56, 0.000131294
FILLER_0_294_245, 114.74, 810.56, 0.000131406
FILLER_0_295_273, 127.54, 810.56, 0.000131519
FILLER_0_294_301, 140.34, 810.56, 0.000131632
FILLER_0_295_329, 153.14, 810.56, 0.000131745
FILLER_0_294_357, 165.94, 810.56, 0.000131858
FILLER_0_294_413, 191.54, 810.56, 0.000131317
FILLER_0_295_441, 204.34, 810.56, 0.000130662
FILLER_0_294_469, 217.14, 810.56, 0.000130007
FILLER_0_295_497, 229.94, 810.56, 0.000129353
FILLER_0_294_525, 242.74, 810.56, 0.000128698
FILLER_0_295_553, 255.54, 810.56, 0.000128043
FILLER_0_294_581, 268.34, 810.56, 0.000127388
FILLER_0_295_609, 281.14, 810.56, 0.000126734
FILLER_0_294_637, 293.94, 810.56, 0.000126079
FILLER_0_295_665, 306.74, 810.56, 0.000125424
FILLER_0_294_693, 319.54, 810.56, 0.00012477
FILLER_0_294_749, 345.14, 810.56, 0.000122398
FILLER_0_295_777, 357.94, 810.56, 0.000120682
FILLER_0_294_805, 370.74, 810.56, 0.000118965
FILLER_0_295_833, 383.54, 810.56, 0.000117249
FILLER_0_294_861, 396.34, 810.56, 0.000115532
FILLER_0_295_889, 409.14, 810.56, 0.000113816
FILLER_0_294_917, 421.94, 810.56, 0.000112099
FILLER_0_295_945, 434.74, 810.56, 0.000110382
FILLER_0_294_973, 447.54, 810.56, 0.000108666
FILLER_0_295_1001, 460.34, 810.56, 0.000106949
FILLER_0_294_1029, 473.14, 810.56, 0.000105233
FILLER_0_294_1085, 498.74, 810.56, 9.90873e-05
FILLER_0_295_1113, 511.54, 810.56, 9.46585e-05
FILLER_0_294_1141, 524.34, 810.56, 9.02298e-05
FILLER_0_295_1169, 537.14, 810.56, 8.5801e-05
FILLER_0_294_1197, 549.94, 810.56, 8.13722e-05
FILLER_0_295_1225, 562.74, 810.56, 7.69434e-05
FILLER_0_294_1253, 575.54, 810.56, 7.25146e-05
FILLER_0_293_1281, 601.14, 810.56, 6.36569e-05
FILLER_0_294_1309, 613.94, 810.56, 5.92281e-05
FILLER_0_293_1337, 626.74, 810.56, 5.47992e-05
FILLER_0_293_1393, 652.34, 810.56, 5.20062e-05
FILLER_0_294_1421, 665.14, 810.56, 5.36421e-05
FILLER_0_293_1449, 677.94, 810.56, 5.5278e-05
FILLER_0_294_1477, 690.74, 810.56, 5.69138e-05
FILLER_0_293_1505, 703.54, 810.56, 5.85497e-05
FILLER_0_294_1533, 716.34, 810.56, 6.01855e-05
FILLER_0_293_1561, 729.14, 810.56, 6.18213e-05
FILLER_0_294_1589, 741.94, 810.56, 6.34571e-05
FILLER_0_293_1617, 754.74, 810.56, 6.50929e-05
FILLER_0_294_1645, 767.54, 810.56, 6.67287e-05
FILLER_0_293_1673, 780.34, 810.56, 6.83645e-05
FILLER_0_293_1729, 805.94, 810.56, 7.03116e-05
FILLER_0_294_1757, 818.74, 810.56, 7.06229e-05
FILLER_0_293_1785, 831.54, 810.56, 7.09342e-05
FILLER_0_294_1813, 844.34, 810.56, 7.12455e-05
FILLER_0_293_1841, 857.14, 810.56, 7.15568e-05
FILLER_0_294_1869, 869.94, 810.56, 7.1868e-05
FILLER_0_293_1897, 882.74, 810.56, 7.21793e-05
FILLER_0_294_1925, 895.54, 810.56, 7.24905e-05
FILLER_0_293_1953, 908.34, 810.56, 7.28018e-05
FILLER_0_294_1981, 921.14, 810.56, 7.3113e-05
FILLER_0_293_2009, 933.94, 810.56, 7.34242e-05
FILLER_0_293_2065, 958.57, 810.56, 7.37355e-05
FILLER_0_294_2093, 970.4, 810.56, 7.37355e-05
FILLER_0_293_2121, 982.23, 810.56, 7.37356e-05
PHY_582, 5.52, 805.12, 0.000130556
PHY_584, 5.52, 805.12, 0.000130556
PHY_583, 994.06, 805.12, 7.3534e-05
PHY_585, 994.06, 805.12, 7.3534e-05
FILLER_0_291_2141, 994.06, 805.12, 7.3534e-05
FILLER_0_292_2137, 994.06, 805.12, 7.3534e-05
FILLER_0_292_77, 37.94, 805.12, 0.000130727
FILLER_0_293_105, 50.74, 805.12, 0.000130898
FILLER_0_292_133, 63.54, 805.12, 0.000131069
FILLER_0_293_161, 76.34, 805.12, 0.00013124
FILLER_0_292_189, 89.14, 805.12, 0.000131411
FILLER_0_293_217, 101.94, 805.12, 0.000131582
FILLER_0_292_245, 114.74, 805.12, 0.000131753
FILLER_0_293_273, 127.54, 805.12, 0.000131924
FILLER_0_292_301, 140.34, 805.12, 0.000132095
FILLER_0_293_329, 153.14, 805.12, 0.000132266
FILLER_0_292_357, 165.94, 805.12, 0.000132437
FILLER_0_292_413, 191.54, 805.12, 0.000131972
FILLER_0_293_441, 204.34, 805.12, 0.000131336
FILLER_0_292_469, 217.14, 805.12, 0.0001307
FILLER_0_293_497, 229.94, 805.12, 0.000130064
FILLER_0_292_525, 242.74, 805.12, 0.000129428
FILLER_0_293_553, 255.54, 805.12, 0.000128792
FILLER_0_292_581, 268.34, 805.12, 0.000128156
FILLER_0_293_609, 281.14, 805.12, 0.00012752
FILLER_0_292_637, 293.94, 805.12, 0.000126884
FILLER_0_293_665, 306.74, 805.12, 0.000126248
FILLER_0_292_693, 319.54, 805.12, 0.000125612
FILLER_0_292_749, 345.14, 805.12, 0.000123246
FILLER_0_293_777, 357.94, 805.12, 0.000121517
FILLER_0_292_805, 370.74, 805.12, 0.000119787
FILLER_0_293_833, 383.54, 805.12, 0.000118058
FILLER_0_292_861, 396.34, 805.12, 0.000116329
FILLER_0_293_889, 409.14, 805.12, 0.000114599
FILLER_0_292_917, 421.94, 805.12, 0.00011287
FILLER_0_293_945, 434.74, 805.12, 0.00011114
FILLER_0_292_973, 447.54, 805.12, 0.000109411
FILLER_0_293_1001, 460.34, 805.12, 0.000107681
FILLER_0_292_1029, 473.14, 805.12, 0.000105952
FILLER_0_292_1085, 498.74, 805.12, 9.9455e-05
FILLER_0_293_1113, 511.54, 805.12, 9.46876e-05
FILLER_0_292_1141, 524.34, 805.12, 8.99202e-05
FILLER_0_293_1169, 537.14, 805.12, 8.51528e-05
FILLER_0_292_1197, 549.94, 805.12, 8.03853e-05
FILLER_0_293_1225, 562.74, 805.12, 7.56179e-05
FILLER_0_292_1253, 575.54, 805.12, 7.08504e-05
FILLER_0_291_1281, 601.14, 805.12, 6.13155e-05
FILLER_0_292_1309, 613.94, 805.12, 5.6548e-05
FILLER_0_291_1337, 626.74, 805.12, 5.17805e-05
FILLER_0_291_1393, 652.34, 805.12, 4.88949e-05
FILLER_0_292_1421, 665.14, 805.12, 5.07767e-05
FILLER_0_291_1449, 677.94, 805.12, 5.26585e-05
FILLER_0_292_1477, 690.74, 805.12, 5.45404e-05
FILLER_0_291_1505, 703.54, 805.12, 5.64222e-05
FILLER_0_292_1533, 716.34, 805.12, 5.8304e-05
FILLER_0_291_1561, 729.14, 805.12, 6.01857e-05
FILLER_0_292_1589, 741.94, 805.12, 6.20675e-05
FILLER_0_291_1617, 754.74, 805.12, 6.39493e-05
FILLER_0_292_1645, 767.54, 805.12, 6.5831e-05
FILLER_0_291_1673, 780.34, 805.12, 6.77128e-05
FILLER_0_291_1729, 805.94, 805.12, 6.99229e-05
FILLER_0_292_1757, 818.74, 805.12, 7.02512e-05
FILLER_0_291_1785, 831.54, 805.12, 7.05795e-05
FILLER_0_292_1813, 844.34, 805.12, 7.09078e-05
FILLER_0_291_1841, 857.14, 805.12, 7.12361e-05
FILLER_0_292_1869, 869.94, 805.12, 7.15643e-05
FILLER_0_291_1897, 882.74, 805.12, 7.18926e-05
FILLER_0_292_1925, 895.54, 805.12, 7.22209e-05
FILLER_0_291_1953, 908.34, 805.12, 7.25491e-05
FILLER_0_292_1981, 921.14, 805.12, 7.28773e-05
FILLER_0_291_2009, 933.94, 805.12, 7.32055e-05
FILLER_0_291_2065, 958.57, 805.12, 7.35338e-05
FILLER_0_292_2093, 970.4, 805.12, 7.35339e-05
FILLER_0_291_2121, 982.23, 805.12, 7.35339e-05
PHY_578, 5.52, 799.68, 0.000130491
PHY_580, 5.52, 799.68, 0.000130491
PHY_579, 994.06, 799.68, 7.33502e-05
PHY_581, 994.06, 799.68, 7.33502e-05
FILLER_0_289_2141, 994.06, 799.68, 7.33502e-05
FILLER_0_290_2137, 994.06, 799.68, 7.33502e-05
FILLER_0_290_77, 37.94, 799.68, 0.000130724
FILLER_0_291_105, 50.74, 799.68, 0.000130956
FILLER_0_290_133, 63.54, 799.68, 0.000131189
FILLER_0_291_161, 76.34, 799.68, 0.000131421
FILLER_0_290_189, 89.14, 799.68, 0.000131654
FILLER_0_291_217, 101.94, 799.68, 0.000131886
FILLER_0_290_245, 114.74, 799.68, 0.000132119
FILLER_0_291_273, 127.54, 799.68, 0.000132351
FILLER_0_290_301, 140.34, 799.68, 0.000132584
FILLER_0_291_329, 153.14, 799.68, 0.000132816
FILLER_0_290_357, 165.94, 799.68, 0.000133049
FILLER_0_290_413, 191.54, 799.68, 0.000132666
FILLER_0_291_441, 204.34, 799.68, 0.00013205
FILLER_0_290_469, 217.14, 799.68, 0.000131434
FILLER_0_291_497, 229.94, 799.68, 0.000130818
FILLER_0_290_525, 242.74, 799.68, 0.000130202
FILLER_0_291_553, 255.54, 799.68, 0.000129587
FILLER_0_290_581, 268.34, 799.68, 0.000128971
FILLER_0_291_609, 281.14, 799.68, 0.000128355
FILLER_0_290_637, 293.94, 799.68, 0.000127739
FILLER_0_291_665, 306.74, 799.68, 0.000127123
FILLER_0_290_693, 319.54, 799.68, 0.000126507
FILLER_0_290_749, 345.14, 799.68, 0.000124154
FILLER_0_291_777, 357.94, 799.68, 0.000122417
FILLER_0_290_805, 370.74, 799.68, 0.00012068
FILLER_0_291_833, 383.54, 799.68, 0.000118943
FILLER_0_290_861, 396.34, 799.68, 0.000117206
FILLER_0_291_889, 409.14, 799.68, 0.000115468
FILLER_0_290_917, 421.94, 799.68, 0.000113731
FILLER_0_291_945, 434.74, 799.68, 0.000111994
FILLER_0_290_973, 447.54, 799.68, 0.000110257
FILLER_0_291_1001, 460.34, 799.68, 0.00010852
FILLER_0_290_1029, 473.14, 799.68, 0.000106782
FILLER_0_290_1085, 498.74, 799.68, 9.99067e-05
FILLER_0_291_1113, 511.54, 799.68, 9.47682e-05
FILLER_0_290_1141, 524.34, 799.68, 8.96298e-05
FILLER_0_291_1169, 537.14, 799.68, 8.44913e-05
FILLER_0_290_1197, 549.94, 799.68, 7.93528e-05
FILLER_0_291_1225, 562.74, 799.68, 7.42144e-05
FILLER_0_290_1253, 575.54, 799.68, 6.90759e-05
FILLER_0_289_1281, 601.14, 799.68, 5.87989e-05
FILLER_0_290_1309, 613.94, 799.68, 5.36603e-05
FILLER_0_289_1337, 626.74, 799.68, 4.85218e-05
FILLER_0_289_1393, 652.34, 799.68, 4.55381e-05
FILLER_0_290_1421, 665.14, 799.68, 4.76928e-05
FILLER_0_289_1449, 677.94, 799.68, 4.98476e-05
FILLER_0_290_1477, 690.74, 799.68, 5.20024e-05
FILLER_0_289_1505, 703.54, 799.68, 5.41571e-05
FILLER_0_290_1533, 716.34, 799.68, 5.63118e-05
FILLER_0_289_1561, 729.14, 799.68, 5.84666e-05
FILLER_0_290_1589, 741.94, 799.68, 6.06213e-05
FILLER_0_289_1617, 754.74, 799.68, 6.2776e-05
FILLER_0_290_1645, 767.54, 799.68, 6.49307e-05
FILLER_0_289_1673, 780.34, 799.68, 6.70853e-05
FILLER_0_289_1729, 805.94, 799.68, 6.95826e-05
FILLER_0_290_1757, 818.74, 799.68, 6.99251e-05
FILLER_0_289_1785, 831.54, 799.68, 7.02676e-05
FILLER_0_290_1813, 844.34, 799.68, 7.06102e-05
FILLER_0_289_1841, 857.14, 799.68, 7.09527e-05
FILLER_0_290_1869, 869.94, 799.68, 7.12952e-05
FILLER_0_289_1897, 882.74, 799.68, 7.16377e-05
FILLER_0_290_1925, 895.54, 799.68, 7.19802e-05
FILLER_0_289_1953, 908.34, 799.68, 7.23226e-05
FILLER_0_290_1981, 921.14, 799.68, 7.26651e-05
FILLER_0_289_2009, 933.94, 799.68, 7.30076e-05
FILLER_0_289_2065, 958.57, 799.68, 7.33501e-05
FILLER_0_290_2093, 970.4, 799.68, 7.33501e-05
FILLER_0_289_2121, 982.23, 799.68, 7.33502e-05
PHY_574, 5.52, 794.24, 0.000130377
PHY_576, 5.52, 794.24, 0.000130377
PHY_575, 994.06, 794.24, 7.35161e-05
PHY_577, 994.06, 794.24, 7.35161e-05
FILLER_0_287_2141, 994.06, 794.24, 7.35161e-05
FILLER_0_288_2137, 994.06, 794.24, 7.35161e-05
FILLER_0_288_77, 37.94, 794.24, 0.000130701
FILLER_0_289_105, 50.74, 794.24, 0.000131026
FILLER_0_288_133, 63.54, 794.24, 0.00013135
FILLER_0_289_161, 76.34, 794.24, 0.000131675
FILLER_0_288_189, 89.14, 794.24, 0.000132
FILLER_0_289_217, 101.94, 794.24, 0.000132324
FILLER_0_288_245, 114.74, 794.24, 0.000132649
FILLER_0_289_273, 127.54, 794.24, 0.000132973
FILLER_0_288_301, 140.34, 794.24, 0.000133298
FILLER_0_289_329, 153.14, 794.24, 0.000133622
FILLER_0_288_357, 165.94, 794.24, 0.000133947
FILLER_0_288_413, 191.54, 794.24, 0.000133702
FILLER_0_289_441, 204.34, 794.24, 0.000133132
FILLER_0_288_469, 217.14, 794.24, 0.000132562
FILLER_0_289_497, 229.94, 794.24, 0.000131992
FILLER_0_288_525, 242.74, 794.24, 0.000131422
FILLER_0_289_553, 255.54, 794.24, 0.000130852
FILLER_0_288_581, 268.34, 794.24, 0.000130283
FILLER_0_289_609, 281.14, 794.24, 0.000129713
FILLER_0_288_637, 293.94, 794.24, 0.000129143
FILLER_0_289_665, 306.74, 794.24, 0.000128573
FILLER_0_288_693, 319.54, 794.24, 0.000128003
FILLER_0_288_749, 345.14, 794.24, 0.000125821
FILLER_0_289_777, 357.94, 794.24, 0.00012421
FILLER_0_288_805, 370.74, 794.24, 0.000122598
FILLER_0_289_833, 383.54, 794.24, 0.000120986
FILLER_0_288_861, 396.34, 794.24, 0.000119375
FILLER_0_289_889, 409.14, 794.24, 0.000117763
FILLER_0_288_917, 421.94, 794.24, 0.000116151
FILLER_0_289_945, 434.74, 794.24, 0.00011454
FILLER_0_288_973, 447.54, 794.24, 0.000112928
FILLER_0_289_1001, 460.34, 794.24, 0.000111316
FILLER_0_288_1029, 473.14, 794.24, 0.000109704
FILLER_0_288_1085, 498.74, 794.24, 0.000102891
FILLER_0_289_1113, 511.54, 794.24, 9.76897e-05
FILLER_0_288_1141, 524.34, 794.24, 9.24883e-05
FILLER_0_289_1169, 537.14, 794.24, 8.72868e-05
FILLER_0_288_1197, 549.94, 794.24, 8.20853e-05
FILLER_0_289_1225, 562.74, 794.24, 7.68839e-05
FILLER_0_288_1253, 575.54, 794.24, 7.16824e-05
FILLER_0_287_1281, 601.14, 794.24, 6.12794e-05
FILLER_0_288_1309, 613.94, 794.24, 5.60779e-05
FILLER_0_287_1337, 626.74, 794.24, 5.08763e-05
FILLER_0_287_1393, 652.34, 794.24, 4.7752e-05
FILLER_0_288_1421, 665.14, 794.24, 4.98292e-05
FILLER_0_287_1449, 677.94, 794.24, 5.19064e-05
FILLER_0_288_1477, 690.74, 794.24, 5.39836e-05
FILLER_0_287_1505, 703.54, 794.24, 5.60607e-05
FILLER_0_288_1533, 716.34, 794.24, 5.81379e-05
FILLER_0_287_1561, 729.14, 794.24, 6.0215e-05
FILLER_0_288_1589, 741.94, 794.24, 6.22921e-05
FILLER_0_287_1617, 754.74, 794.24, 6.43692e-05
FILLER_0_288_1645, 767.54, 794.24, 6.64464e-05
FILLER_0_287_1673, 780.34, 794.24, 6.85234e-05
FILLER_0_287_1729, 805.94, 794.24, 7.08435e-05
FILLER_0_288_1757, 818.74, 794.24, 7.10865e-05
FILLER_0_287_1785, 831.54, 794.24, 7.13295e-05
FILLER_0_288_1813, 844.34, 794.24, 7.15725e-05
FILLER_0_287_1841, 857.14, 794.24, 7.18155e-05
FILLER_0_288_1869, 869.94, 794.24, 7.20584e-05
FILLER_0_287_1897, 882.74, 794.24, 7.23014e-05
FILLER_0_288_1925, 895.54, 794.24, 7.25443e-05
FILLER_0_287_1953, 908.34, 794.24, 7.27872e-05
FILLER_0_288_1981, 921.14, 794.24, 7.30301e-05
FILLER_0_287_2009, 933.94, 794.24, 7.3273e-05
FILLER_0_287_2065, 958.57, 794.24, 7.3516e-05
FILLER_0_288_2093, 970.4, 794.24, 7.35161e-05
FILLER_0_287_2121, 982.23, 794.24, 7.35161e-05
PHY_570, 5.52, 788.8, 0.000130201
PHY_572, 5.52, 788.8, 0.000130201
PHY_571, 994.06, 788.8, 7.40884e-05
PHY_573, 994.06, 788.8, 7.40884e-05
FILLER_0_285_2141, 994.06, 788.8, 7.40884e-05
FILLER_0_286_2137, 994.06, 788.8, 7.40884e-05
FILLER_0_286_77, 37.94, 788.8, 0.000130653
FILLER_0_287_105, 50.74, 788.8, 0.000131106
FILLER_0_286_133, 63.54, 788.8, 0.000131558
FILLER_0_287_161, 76.34, 788.8, 0.000132011
FILLER_0_286_189, 89.14, 788.8, 0.000132464
FILLER_0_287_217, 101.94, 788.8, 0.000132916
FILLER_0_286_245, 114.74, 788.8, 0.000133369
FILLER_0_287_273, 127.54, 788.8, 0.000133821
FILLER_0_286_301, 140.34, 788.8, 0.000134274
FILLER_0_287_329, 153.14, 788.8, 0.000134726
FILLER_0_286_357, 165.94, 788.8, 0.000135179
FILLER_0_286_413, 191.54, 788.8, 0.000135137
FILLER_0_287_441, 204.34, 788.8, 0.000134643
FILLER_0_286_469, 217.14, 788.8, 0.000134149
FILLER_0_287_497, 229.94, 788.8, 0.000133655
FILLER_0_286_525, 242.74, 788.8, 0.000133161
FILLER_0_287_553, 255.54, 788.8, 0.000132667
FILLER_0_286_581, 268.34, 788.8, 0.000132173
FILLER_0_287_609, 281.14, 788.8, 0.000131679
FILLER_0_286_637, 293.94, 788.8, 0.000131185
FILLER_0_287_665, 306.74, 788.8, 0.000130691
FILLER_0_286_693, 319.54, 788.8, 0.000130197
FILLER_0_286_749, 345.14, 788.8, 0.000128374
FILLER_0_287_777, 357.94, 788.8, 0.000127045
FILLER_0_286_805, 370.74, 788.8, 0.000125717
FILLER_0_287_833, 383.54, 788.8, 0.000124388
FILLER_0_286_861, 396.34, 788.8, 0.00012306
FILLER_0_287_889, 409.14, 788.8, 0.000121731
FILLER_0_286_917, 421.94, 788.8, 0.000120403
FILLER_0_287_945, 434.74, 788.8, 0.000119074
FILLER_0_286_973, 447.54, 788.8, 0.000117745
FILLER_0_287_1001, 460.34, 788.8, 0.000116417
FILLER_0_286_1029, 473.14, 788.8, 0.000115088
FILLER_0_286_1085, 498.74, 788.8, 0.000108866
FILLER_0_287_1113, 511.54, 788.8, 0.000103973
FILLER_0_286_1141, 524.34, 788.8, 9.90793e-05
FILLER_0_287_1169, 537.14, 788.8, 9.41858e-05
FILLER_0_286_1197, 549.94, 788.8, 8.92923e-05
FILLER_0_287_1225, 562.74, 788.8, 8.43988e-05
FILLER_0_286_1253, 575.54, 788.8, 7.95053e-05
FILLER_0_285_1281, 601.14, 788.8, 6.97183e-05
FILLER_0_286_1309, 613.94, 788.8, 6.48248e-05
FILLER_0_285_1337, 626.74, 788.8, 5.99313e-05
FILLER_0_285_1393, 652.34, 788.8, 5.66165e-05
FILLER_0_286_1421, 665.14, 788.8, 5.81953e-05
FILLER_0_285_1449, 677.94, 788.8, 5.97741e-05
FILLER_0_286_1477, 690.74, 788.8, 6.13528e-05
FILLER_0_285_1505, 703.54, 788.8, 6.29315e-05
FILLER_0_286_1533, 716.34, 788.8, 6.45103e-05
FILLER_0_285_1561, 729.14, 788.8, 6.6089e-05
FILLER_0_286_1589, 741.94, 788.8, 6.76677e-05
FILLER_0_285_1617, 754.74, 788.8, 6.92464e-05
FILLER_0_286_1645, 767.54, 788.8, 7.08251e-05
FILLER_0_285_1673, 780.34, 788.8, 7.24038e-05
FILLER_0_285_1729, 805.94, 788.8, 7.39913e-05
FILLER_0_286_1757, 818.74, 788.8, 7.40002e-05
FILLER_0_285_1785, 831.54, 788.8, 7.4009e-05
FILLER_0_286_1813, 844.34, 788.8, 7.40179e-05
FILLER_0_285_1841, 857.14, 788.8, 7.40267e-05
FILLER_0_286_1869, 869.94, 788.8, 7.40355e-05
FILLER_0_285_1897, 882.74, 788.8, 7.40443e-05
FILLER_0_286_1925, 895.54, 788.8, 7.40531e-05
FILLER_0_285_1953, 908.34, 788.8, 7.40619e-05
FILLER_0_286_1981, 921.14, 788.8, 7.40707e-05
FILLER_0_285_2009, 933.94, 788.8, 7.40794e-05
FILLER_0_285_2065, 958.57, 788.8, 7.40882e-05
FILLER_0_286_2093, 970.4, 788.8, 7.40883e-05
FILLER_0_285_2121, 982.23, 788.8, 7.40883e-05
PHY_566, 5.52, 783.36, 0.000130007
PHY_568, 5.52, 783.36, 0.000130007
PHY_567, 994.06, 783.36, 7.46642e-05
PHY_569, 994.06, 783.36, 7.46642e-05
FILLER_0_283_2141, 994.06, 783.36, 7.46642e-05
FILLER_0_284_2137, 994.06, 783.36, 7.46642e-05
FILLER_0_284_77, 37.94, 783.36, 0.000130593
FILLER_0_285_105, 50.74, 783.36, 0.000131178
FILLER_0_284_133, 63.54, 783.36, 0.000131764
FILLER_0_285_161, 76.34, 783.36, 0.000132349
FILLER_0_284_189, 89.14, 783.36, 0.000132934
FILLER_0_285_217, 101.94, 783.36, 0.00013352
FILLER_0_284_245, 114.74, 783.36, 0.000134105
FILLER_0_285_273, 127.54, 783.36, 0.000134691
FILLER_0_284_301, 140.34, 783.36, 0.000135276
FILLER_0_285_329, 153.14, 783.36, 0.000135861
FILLER_0_284_357, 165.94, 783.36, 0.000136447
FILLER_0_284_413, 191.54, 783.36, 0.000136614
FILLER_0_285_441, 204.34, 783.36, 0.000136197
FILLER_0_284_469, 217.14, 783.36, 0.000135779
FILLER_0_285_497, 229.94, 783.36, 0.000135361
FILLER_0_284_525, 242.74, 783.36, 0.000134943
FILLER_0_285_553, 255.54, 783.36, 0.000134525
FILLER_0_284_581, 268.34, 783.36, 0.000134107
FILLER_0_285_609, 281.14, 783.36, 0.000133689
FILLER_0_284_637, 293.94, 783.36, 0.000133272
FILLER_0_285_665, 306.74, 783.36, 0.000132854
FILLER_0_284_693, 319.54, 783.36, 0.000132436
FILLER_0_284_749, 345.14, 783.36, 0.00013098
FILLER_0_285_777, 357.94, 783.36, 0.000129943
FILLER_0_284_805, 370.74, 783.36, 0.000128905
FILLER_0_285_833, 383.54, 783.36, 0.000127867
FILLER_0_284_861, 396.34, 783.36, 0.000126829
FILLER_0_285_889, 409.14, 783.36, 0.000125792
FILLER_0_284_917, 421.94, 783.36, 0.000124754
FILLER_0_285_945, 434.74, 783.36, 0.000123716
FILLER_0_284_973, 447.54, 783.36, 0.000122679
FILLER_0_285_1001, 460.34, 783.36, 0.000121641
FILLER_0_284_1029, 473.14, 783.36, 0.000120603
FILLER_0_284_1085, 498.74, 783.36, 0.000114946
FILLER_0_285_1113, 511.54, 783.36, 0.000110327
FILLER_0_284_1141, 524.34, 783.36, 0.000105708
FILLER_0_285_1169, 537.14, 783.36, 0.000101089
FILLER_0_284_1197, 549.94, 783.36, 9.64704e-05
FILLER_0_285_1225, 562.74, 783.36, 9.18514e-05
FILLER_0_284_1253, 575.54, 783.36, 8.72323e-05
FILLER_0_283_1281, 601.14, 783.36, 7.79942e-05
FILLER_0_284_1309, 613.94, 783.36, 7.33752e-05
FILLER_0_283_1337, 626.74, 783.36, 6.87561e-05
FILLER_0_283_1393, 652.34, 783.36, 6.52437e-05
FILLER_0_284_1421, 665.14, 783.36, 6.63503e-05
FILLER_0_283_1449, 677.94, 783.36, 6.74569e-05
FILLER_0_284_1477, 690.74, 783.36, 6.85635e-05
FILLER_0_283_1505, 703.54, 783.36, 6.96701e-05
FILLER_0_284_1533, 716.34, 783.36, 7.07767e-05
FILLER_0_283_1561, 729.14, 783.36, 7.18833e-05
FILLER_0_284_1589, 741.94, 783.36, 7.29898e-05
FILLER_0_283_1617, 754.74, 783.36, 7.40964e-05
FILLER_0_284_1645, 767.54, 783.36, 7.52029e-05
FILLER_0_283_1673, 780.34, 783.36, 7.63095e-05
FILLER_0_283_1729, 805.94, 783.36, 7.71867e-05
FILLER_0_284_1757, 818.74, 783.36, 7.69574e-05
FILLER_0_283_1785, 831.54, 783.36, 7.67281e-05
FILLER_0_284_1813, 844.34, 783.36, 7.64988e-05
FILLER_0_283_1841, 857.14, 783.36, 7.62695e-05
FILLER_0_284_1869, 869.94, 783.36, 7.60402e-05
FILLER_0_283_1897, 882.74, 783.36, 7.58108e-05
FILLER_0_284_1925, 895.54, 783.36, 7.55815e-05
FILLER_0_283_1953, 908.34, 783.36, 7.53521e-05
FILLER_0_284_1981, 921.14, 783.36, 7.51227e-05
FILLER_0_283_2009, 933.94, 783.36, 7.48934e-05
FILLER_0_283_2065, 958.57, 783.36, 7.4664e-05
FILLER_0_284_2093, 970.4, 783.36, 7.46641e-05
FILLER_0_283_2121, 982.23, 783.36, 7.46641e-05
PHY_562, 5.52, 777.92, 0.00012979
PHY_564, 5.52, 777.92, 0.00012979
PHY_563, 994.06, 777.92, 7.52323e-05
PHY_565, 994.06, 777.92, 7.52323e-05
FILLER_0_281_2141, 994.06, 777.92, 7.52323e-05
FILLER_0_282_2137, 994.06, 777.92, 7.52323e-05
FILLER_0_282_77, 37.94, 777.92, 0.000130514
FILLER_0_283_105, 50.74, 777.92, 0.000131238
FILLER_0_282_133, 63.54, 777.92, 0.000131962
FILLER_0_283_161, 76.34, 777.92, 0.000132686
FILLER_0_282_189, 89.14, 777.92, 0.00013341
FILLER_0_283_217, 101.94, 777.92, 0.000134133
FILLER_0_282_245, 114.74, 777.92, 0.000134857
FILLER_0_283_273, 127.54, 777.92, 0.000135581
FILLER_0_282_301, 140.34, 777.92, 0.000136305
FILLER_0_283_329, 153.14, 777.92, 0.000137029
FILLER_0_282_357, 165.94, 777.92, 0.000137753
FILLER_0_282_413, 191.54, 777.92, 0.000138135
FILLER_0_283_441, 204.34, 777.92, 0.000137792
FILLER_0_282_469, 217.14, 777.92, 0.00013745
FILLER_0_283_497, 229.94, 777.92, 0.000137108
FILLER_0_282_525, 242.74, 777.92, 0.000136766
FILLER_0_283_553, 255.54, 777.92, 0.000136424
FILLER_0_282_581, 268.34, 777.92, 0.000136081
FILLER_0_283_609, 281.14, 777.92, 0.000135739
FILLER_0_282_637, 293.94, 777.92, 0.000135397
FILLER_0_283_665, 306.74, 777.92, 0.000135055
FILLER_0_282_693, 319.54, 777.92, 0.000134712
FILLER_0_282_749, 345.14, 777.92, 0.000133632
FILLER_0_283_777, 357.94, 777.92, 0.000132894
FILLER_0_282_805, 370.74, 777.92, 0.000132156
FILLER_0_283_833, 383.54, 777.92, 0.000131417
FILLER_0_282_861, 396.34, 777.92, 0.000130679
FILLER_0_283_889, 409.14, 777.92, 0.000129941
FILLER_0_282_917, 421.94, 777.92, 0.000129203
FILLER_0_283_945, 434.74, 777.92, 0.000128465
FILLER_0_282_973, 447.54, 777.92, 0.000127726
FILLER_0_283_1001, 460.34, 777.92, 0.000126988
FILLER_0_282_1029, 473.14, 777.92, 0.00012625
FILLER_0_282_1085, 498.74, 777.92, 0.000121136
FILLER_0_283_1113, 511.54, 777.92, 0.00011676
FILLER_0_282_1141, 524.34, 777.92, 0.000112385
FILLER_0_283_1169, 537.14, 777.92, 0.000108009
FILLER_0_282_1197, 549.94, 777.92, 0.000103634
FILLER_0_283_1225, 562.74, 777.92, 9.9258e-05
FILLER_0_282_1253, 575.54, 777.92, 9.48824e-05
FILLER_0_281_1281, 601.14, 777.92, 8.61311e-05
FILLER_0_282_1309, 613.94, 777.92, 8.17555e-05
FILLER_0_281_1337, 626.74, 777.92, 7.73798e-05
FILLER_0_281_1393, 652.34, 777.92, 7.36615e-05
FILLER_0_282_1421, 665.14, 777.92, 7.43189e-05
FILLER_0_281_1449, 677.94, 777.92, 7.49763e-05
FILLER_0_282_1477, 690.74, 777.92, 7.56337e-05
FILLER_0_281_1505, 703.54, 777.92, 7.62911e-05
FILLER_0_282_1533, 716.34, 777.92, 7.69484e-05
FILLER_0_281_1561, 729.14, 777.92, 7.76058e-05
FILLER_0_282_1589, 741.94, 777.92, 7.82631e-05
FILLER_0_281_1617, 754.74, 777.92, 7.89204e-05
FILLER_0_282_1645, 767.54, 777.92, 7.95777e-05
FILLER_0_281_1673, 780.34, 777.92, 8.0235e-05
FILLER_0_281_1729, 805.94, 777.92, 8.04207e-05
FILLER_0_282_1757, 818.74, 777.92, 7.99491e-05
FILLER_0_281_1785, 831.54, 777.92, 7.94774e-05
FILLER_0_282_1813, 844.34, 777.92, 7.90057e-05
FILLER_0_281_1841, 857.14, 777.92, 7.85341e-05
FILLER_0_282_1869, 869.94, 777.92, 7.80624e-05
FILLER_0_281_1897, 882.74, 777.92, 7.75907e-05
FILLER_0_282_1925, 895.54, 777.92, 7.7119e-05
FILLER_0_281_1953, 908.34, 777.92, 7.66473e-05
FILLER_0_282_1981, 921.14, 777.92, 7.61755e-05
FILLER_0_281_2009, 933.94, 777.92, 7.57038e-05
FILLER_0_281_2065, 958.57, 777.92, 7.52321e-05
FILLER_0_282_2093, 970.4, 777.92, 7.52322e-05
FILLER_0_281_2121, 982.23, 777.92, 7.52322e-05
PHY_558, 5.52, 772.48, 0.000129543
PHY_560, 5.52, 772.48, 0.000129543
PHY_559, 994.06, 772.48, 7.57812e-05
PHY_561, 994.06, 772.48, 7.57812e-05
FILLER_0_279_2141, 994.06, 772.48, 7.57812e-05
FILLER_0_280_2137, 994.06, 772.48, 7.57812e-05
FILLER_0_280_77, 37.94, 772.48, 0.000130411
FILLER_0_281_105, 50.74, 772.48, 0.00013128
FILLER_0_280_133, 63.54, 772.48, 0.000132149
FILLER_0_281_161, 76.34, 772.48, 0.000133017
FILLER_0_280_189, 89.14, 772.48, 0.000133886
FILLER_0_281_217, 101.94, 772.48, 0.000134755
FILLER_0_280_245, 114.74, 772.48, 0.000135623
FILLER_0_281_273, 127.54, 772.48, 0.000136492
FILLER_0_280_301, 140.34, 772.48, 0.000137361
FILLER_0_281_329, 153.14, 772.48, 0.000138229
FILLER_0_280_357, 165.94, 772.48, 0.000139098
FILLER_0_280_413, 191.54, 772.48, 0.000139698
FILLER_0_281_441, 204.34, 772.48, 0.00013943
FILLER_0_280_469, 217.14, 772.48, 0.000139162
FILLER_0_281_497, 229.94, 772.48, 0.000138894
FILLER_0_280_525, 242.74, 772.48, 0.000138626
FILLER_0_281_553, 255.54, 772.48, 0.000138358
FILLER_0_280_581, 268.34, 772.48, 0.00013809
FILLER_0_281_609, 281.14, 772.48, 0.000137822
FILLER_0_280_637, 293.94, 772.48, 0.000137554
FILLER_0_281_665, 306.74, 772.48, 0.000137286
FILLER_0_280_693, 319.54, 772.48, 0.000137018
FILLER_0_280_749, 345.14, 772.48, 0.000136321
FILLER_0_281_777, 357.94, 772.48, 0.000135892
FILLER_0_280_805, 370.74, 772.48, 0.000135463
FILLER_0_281_833, 383.54, 772.48, 0.000135034
FILLER_0_280_861, 396.34, 772.48, 0.000134605
FILLER_0_281_889, 409.14, 772.48, 0.000134176
FILLER_0_280_917, 421.94, 772.48, 0.000133747
FILLER_0_281_945, 434.74, 772.48, 0.000133318
FILLER_0_280_973, 447.54, 772.48, 0.000132889
FILLER_0_281_1001, 460.34, 772.48, 0.00013246
FILLER_0_280_1029, 473.14, 772.48, 0.000132031
FILLER_0_280_1085, 498.74, 772.48, 0.000127441
FILLER_0_281_1113, 511.54, 772.48, 0.00012328
FILLER_0_280_1141, 524.34, 772.48, 0.000119119
FILLER_0_281_1169, 537.14, 772.48, 0.000114958
FILLER_0_280_1197, 549.94, 772.48, 0.000110796
FILLER_0_281_1225, 562.74, 772.48, 0.000106635
FILLER_0_280_1253, 575.54, 772.48, 0.000102474
FILLER_0_279_1281, 601.14, 772.48, 9.41517e-05
FILLER_0_280_1309, 613.94, 772.48, 8.99905e-05
FILLER_0_279_1337, 626.74, 772.48, 8.58293e-05
FILLER_0_279_1393, 652.34, 772.48, 8.18961e-05
FILLER_0_280_1421, 665.14, 772.48, 8.21241e-05
FILLER_0_279_1449, 677.94, 772.48, 8.23521e-05
FILLER_0_280_1477, 690.74, 772.48, 8.25801e-05
FILLER_0_279_1505, 703.54, 772.48, 8.28081e-05
FILLER_0_280_1533, 716.34, 772.48, 8.30361e-05
FILLER_0_279_1561, 729.14, 772.48, 8.32641e-05
FILLER_0_280_1589, 741.94, 772.48, 8.3492e-05
FILLER_0_279_1617, 754.74, 772.48, 8.372e-05
FILLER_0_280_1645, 767.54, 772.48, 8.39479e-05
FILLER_0_279_1673, 780.34, 772.48, 8.41758e-05
FILLER_0_279_1729, 805.94, 772.48, 8.36853e-05
FILLER_0_280_1757, 818.74, 772.48, 8.29667e-05
FILLER_0_279_1785, 831.54, 772.48, 8.22482e-05
FILLER_0_280_1813, 844.34, 772.48, 8.15297e-05
FILLER_0_279_1841, 857.14, 772.48, 8.08111e-05
FILLER_0_280_1869, 869.94, 772.48, 8.00926e-05
FILLER_0_279_1897, 882.74, 772.48, 7.9374e-05
FILLER_0_280_1925, 895.54, 772.48, 7.86554e-05
FILLER_0_279_1953, 908.34, 772.48, 7.79369e-05
FILLER_0_280_1981, 921.14, 772.48, 7.72183e-05
FILLER_0_279_2009, 933.94, 772.48, 7.64996e-05
FILLER_0_279_2065, 958.57, 772.48, 7.57811e-05
FILLER_0_280_2093, 970.4, 772.48, 7.57812e-05
FILLER_0_279_2121, 982.23, 772.48, 7.57812e-05
PHY_554, 5.52, 767.04, 0.000129259
PHY_556, 5.52, 767.04, 0.000129259
PHY_555, 994.06, 767.04, 7.62996e-05
PHY_557, 994.06, 767.04, 7.62996e-05
FILLER_0_277_2141, 994.06, 767.04, 7.62996e-05
FILLER_0_278_2137, 994.06, 767.04, 7.62996e-05
FILLER_0_278_77, 37.94, 767.04, 0.00013028
FILLER_0_279_105, 50.74, 767.04, 0.0001313
FILLER_0_278_133, 63.54, 767.04, 0.00013232
FILLER_0_279_161, 76.34, 767.04, 0.000133341
FILLER_0_278_189, 89.14, 767.04, 0.000134361
FILLER_0_279_217, 101.94, 767.04, 0.000135381
FILLER_0_278_245, 114.74, 767.04, 0.000136402
FILLER_0_279_273, 127.54, 767.04, 0.000137422
FILLER_0_278_301, 140.34, 767.04, 0.000138442
FILLER_0_279_329, 153.14, 767.04, 0.000139463
FILLER_0_278_357, 165.94, 767.04, 0.000140483
FILLER_0_278_413, 191.54, 767.04, 0.000141307
FILLER_0_279_441, 204.34, 767.04, 0.000141111
FILLER_0_278_469, 217.14, 767.04, 0.000140915
FILLER_0_279_497, 229.94, 767.04, 0.000140718
FILLER_0_278_525, 242.74, 767.04, 0.000140522
FILLER_0_279_553, 255.54, 767.04, 0.000140326
FILLER_0_278_581, 268.34, 767.04, 0.00014013
FILLER_0_279_609, 281.14, 767.04, 0.000139933
FILLER_0_278_637, 293.94, 767.04, 0.000139737
FILLER_0_279_665, 306.74, 767.04, 0.000139541
FILLER_0_278_693, 319.54, 767.04, 0.000139344
FILLER_0_278_749, 345.14, 767.04, 0.000139039
FILLER_0_279_777, 357.94, 767.04, 0.00013893
FILLER_0_278_805, 370.74, 767.04, 0.000138822
FILLER_0_279_833, 383.54, 767.04, 0.000138713
FILLER_0_278_861, 396.34, 767.04, 0.000138604
FILLER_0_279_889, 409.14, 767.04, 0.000138495
FILLER_0_278_917, 421.94, 767.04, 0.000138386
FILLER_0_279_945, 434.74, 767.04, 0.000138277
FILLER_0_278_973, 447.54, 767.04, 0.000138168
FILLER_0_279_1001, 460.34, 767.04, 0.00013806
FILLER_0_278_1029, 473.14, 767.04, 0.000137951
FILLER_0_278_1085, 498.74, 767.04, 0.000133868
FILLER_0_279_1113, 511.54, 767.04, 0.000129894
FILLER_0_278_1141, 524.34, 767.04, 0.00012592
FILLER_0_279_1169, 537.14, 767.04, 0.000121947
FILLER_0_278_1197, 549.94, 767.04, 0.000117973
FILLER_0_279_1225, 562.74, 767.04, 0.000113999
FILLER_0_278_1253, 575.54, 767.04, 0.000110025
FILLER_0_277_1281, 601.14, 767.04, 0.000102078
FILLER_0_278_1309, 613.94, 767.04, 9.81037e-05
FILLER_0_277_1337, 626.74, 767.04, 9.41299e-05
FILLER_0_277_1393, 652.34, 767.04, 8.99717e-05
FILLER_0_278_1421, 665.14, 767.04, 8.97873e-05
FILLER_0_277_1449, 677.94, 767.04, 8.9603e-05
FILLER_0_278_1477, 690.74, 767.04, 8.94186e-05
FILLER_0_277_1505, 703.54, 767.04, 8.92343e-05
FILLER_0_278_1533, 716.34, 767.04, 8.90499e-05
FILLER_0_277_1561, 729.14, 767.04, 8.88655e-05
FILLER_0_278_1589, 741.94, 767.04, 8.86811e-05
FILLER_0_277_1617, 754.74, 767.04, 8.84967e-05
FILLER_0_278_1645, 767.54, 767.04, 8.83123e-05
FILLER_0_277_1673, 780.34, 767.04, 8.81279e-05
FILLER_0_277_1729, 805.94, 767.04, 8.69732e-05
FILLER_0_278_1757, 818.74, 767.04, 8.60029e-05
FILLER_0_277_1785, 831.54, 767.04, 8.50326e-05
FILLER_0_278_1813, 844.34, 767.04, 8.40623e-05
FILLER_0_277_1841, 857.14, 767.04, 8.30919e-05
FILLER_0_278_1869, 869.94, 767.04, 8.21216e-05
FILLER_0_277_1897, 882.74, 767.04, 8.11513e-05
FILLER_0_278_1925, 895.54, 767.04, 8.01809e-05
FILLER_0_277_1953, 908.34, 767.04, 7.92106e-05
FILLER_0_278_1981, 921.14, 767.04, 7.82402e-05
FILLER_0_277_2009, 933.94, 767.04, 7.72698e-05
FILLER_0_277_2065, 958.57, 767.04, 7.62995e-05
FILLER_0_278_2093, 970.4, 767.04, 7.62995e-05
FILLER_0_277_2121, 982.23, 767.04, 7.62996e-05
PHY_550, 5.52, 761.6, 0.000128933
PHY_552, 5.52, 761.6, 0.000128933
PHY_551, 994.06, 761.6, 7.67757e-05
PHY_553, 994.06, 761.6, 7.67757e-05
FILLER_0_275_2141, 994.06, 761.6, 7.67757e-05
FILLER_0_276_2137, 994.06, 761.6, 7.67757e-05
FILLER_0_276_77, 37.94, 761.6, 0.000130113
FILLER_0_277_105, 50.74, 761.6, 0.000131292
FILLER_0_276_133, 63.54, 761.6, 0.000132472
FILLER_0_277_161, 76.34, 761.6, 0.000133652
FILLER_0_276_189, 89.14, 761.6, 0.000134832
FILLER_0_277_217, 101.94, 761.6, 0.000136011
FILLER_0_276_245, 114.74, 761.6, 0.000137191
FILLER_0_277_273, 127.54, 761.6, 0.000138371
FILLER_0_276_301, 140.34, 761.6, 0.000139551
FILLER_0_277_329, 153.14, 761.6, 0.00014073
FILLER_0_276_357, 165.94, 761.6, 0.00014191
FILLER_0_276_413, 191.54, 761.6, 0.000142962
FILLER_0_277_441, 204.34, 761.6, 0.000142834
FILLER_0_276_469, 217.14, 761.6, 0.000142706
FILLER_0_277_497, 229.94, 761.6, 0.000142578
FILLER_0_276_525, 242.74, 761.6, 0.00014245
FILLER_0_277_553, 255.54, 761.6, 0.000142322
FILLER_0_276_581, 268.34, 761.6, 0.000142194
FILLER_0_277_609, 281.14, 761.6, 0.000142066
FILLER_0_276_637, 293.94, 761.6, 0.000141938
FILLER_0_277_665, 306.74, 761.6, 0.00014181
FILLER_0_276_693, 319.54, 761.6, 0.000141682
FILLER_0_276_749, 345.14, 761.6, 0.000141778
FILLER_0_277_777, 357.94, 761.6, 0.000142001
FILLER_0_276_805, 370.74, 761.6, 0.000142225
FILLER_0_277_833, 383.54, 761.6, 0.000142449
FILLER_0_276_861, 396.34, 761.6, 0.000142672
FILLER_0_277_889, 409.14, 761.6, 0.000142896
FILLER_0_276_917, 421.94, 761.6, 0.000143119
FILLER_0_277_945, 434.74, 761.6, 0.000143343
FILLER_0_276_973, 447.54, 761.6, 0.000143567
FILLER_0_277_1001, 460.34, 761.6, 0.00014379
FILLER_0_276_1029, 473.14, 761.6, 0.000144014
FILLER_0_276_1085, 498.74, 761.6, 0.000140425
FILLER_0_277_1113, 511.54, 761.6, 0.000136613
FILLER_0_276_1141, 524.34, 761.6, 0.000132801
FILLER_0_277_1169, 537.14, 761.6, 0.000128989
FILLER_0_276_1197, 549.94, 761.6, 0.000125178
FILLER_0_277_1225, 562.74, 761.6, 0.000121366
FILLER_0_276_1253, 575.54, 761.6, 0.000117554
FILLER_0_275_1281, 601.14, 761.6, 0.00010993
FILLER_0_276_1309, 613.94, 761.6, 0.000106118
FILLER_0_275_1337, 626.74, 761.6, 0.000102305
FILLER_0_275_1393, 652.34, 761.6, 9.79112e-05
FILLER_0_276_1421, 665.14, 761.6, 9.73289e-05
FILLER_0_275_1449, 677.94, 761.6, 9.67466e-05
FILLER_0_276_1477, 690.74, 761.6, 9.61643e-05
FILLER_0_275_1505, 703.54, 761.6, 9.55819e-05
FILLER_0_276_1533, 716.34, 761.6, 9.49996e-05
FILLER_0_275_1561, 729.14, 761.6, 9.44172e-05
FILLER_0_276_1589, 741.94, 761.6, 9.38349e-05
FILLER_0_275_1617, 754.74, 761.6, 9.32525e-05
FILLER_0_276_1645, 767.54, 761.6, 9.26701e-05
FILLER_0_275_1673, 780.34, 761.6, 9.20877e-05
FILLER_0_275_1729, 805.94, 761.6, 9.02779e-05
FILLER_0_276_1757, 818.74, 761.6, 8.90505e-05
FILLER_0_275_1785, 831.54, 761.6, 8.7823e-05
FILLER_0_276_1813, 844.34, 761.6, 8.65955e-05
FILLER_0_275_1841, 857.14, 761.6, 8.53681e-05
FILLER_0_276_1869, 869.94, 761.6, 8.41406e-05
FILLER_0_275_1897, 882.74, 761.6, 8.29131e-05
FILLER_0_276_1925, 895.54, 761.6, 8.16856e-05
FILLER_0_275_1953, 908.34, 761.6, 8.04581e-05
FILLER_0_276_1981, 921.14, 761.6, 7.92305e-05
FILLER_0_275_2009, 933.94, 761.6, 7.8003e-05
FILLER_0_275_2065, 958.57, 761.6, 7.67755e-05
FILLER_0_276_2093, 970.4, 761.6, 7.67756e-05
FILLER_0_275_2121, 982.23, 761.6, 7.67756e-05
PHY_546, 5.52, 756.16, 0.000128557
PHY_548, 5.52, 756.16, 0.000128557
PHY_547, 994.06, 756.16, 7.71975e-05
PHY_549, 994.06, 756.16, 7.71975e-05
FILLER_0_273_2141, 994.06, 756.16, 7.71975e-05
FILLER_0_274_2137, 994.06, 756.16, 7.71975e-05
FILLER_0_274_77, 37.94, 756.16, 0.000129904
FILLER_0_275_105, 50.74, 756.16, 0.000131252
FILLER_0_274_133, 63.54, 756.16, 0.0001326
FILLER_0_275_161, 76.34, 756.16, 0.000133947
FILLER_0_274_189, 89.14, 756.16, 0.000135295
FILLER_0_275_217, 101.94, 756.16, 0.000136643
FILLER_0_274_245, 114.74, 756.16, 0.00013799
FILLER_0_275_273, 127.54, 756.16, 0.000139338
FILLER_0_274_301, 140.34, 756.16, 0.000140686
FILLER_0_275_329, 153.14, 756.16, 0.000142033
FILLER_0_274_357, 165.94, 756.16, 0.000143381
FILLER_0_274_413, 191.54, 756.16, 0.000144664
FILLER_0_275_441, 204.34, 756.16, 0.0001446
FILLER_0_274_469, 217.14, 756.16, 0.000144536
FILLER_0_275_497, 229.94, 756.16, 0.000144472
FILLER_0_274_525, 242.74, 756.16, 0.000144408
FILLER_0_275_553, 255.54, 756.16, 0.000144343
FILLER_0_274_581, 268.34, 756.16, 0.000144279
FILLER_0_275_609, 281.14, 756.16, 0.000144215
FILLER_0_274_637, 293.94, 756.16, 0.000144151
FILLER_0_275_665, 306.74, 756.16, 0.000144086
FILLER_0_274_693, 319.54, 756.16, 0.000144022
FILLER_0_274_749, 345.14, 756.16, 0.000144528
FILLER_0_275_777, 357.94, 756.16, 0.000145098
FILLER_0_274_805, 370.74, 756.16, 0.000145668
FILLER_0_275_833, 383.54, 756.16, 0.000146238
FILLER_0_274_861, 396.34, 756.16, 0.000146807
FILLER_0_275_889, 409.14, 756.16, 0.000147377
FILLER_0_274_917, 421.94, 756.16, 0.000147947
FILLER_0_275_945, 434.74, 756.16, 0.000148517
FILLER_0_274_973, 447.54, 756.16, 0.000149087
FILLER_0_275_1001, 460.34, 756.16, 0.000149657
FILLER_0_274_1029, 473.14, 756.16, 0.000150227
FILLER_0_274_1085, 498.74, 756.16, 0.000147122
FILLER_0_275_1113, 511.54, 756.16, 0.000143448
FILLER_0_274_1141, 524.34, 756.16, 0.000139774
FILLER_0_275_1169, 537.14, 756.16, 0.000136099
FILLER_0_274_1197, 549.94, 756.16, 0.000132425
FILLER_0_275_1225, 562.74, 756.16, 0.000128751
FILLER_0_274_1253, 575.54, 756.16, 0.000125076
FILLER_0_273_1281, 601.14, 756.16, 0.000117727
FILLER_0_274_1309, 613.94, 756.16, 0.000114053
FILLER_0_273_1337, 626.74, 756.16, 0.000110379
FILLER_0_273_1393, 652.34, 756.16, 0.000105736
FILLER_0_274_1421, 665.14, 756.16, 0.000104768
FILLER_0_273_1449, 677.94, 756.16, 0.000103799
FILLER_0_274_1477, 690.74, 756.16, 0.000102831
FILLER_0_273_1505, 703.54, 756.16, 0.000101863
FILLER_0_274_1533, 716.34, 756.16, 0.000100894
FILLER_0_273_1561, 729.14, 756.16, 9.99261e-05
FILLER_0_274_1589, 741.94, 756.16, 9.89577e-05
FILLER_0_273_1617, 754.74, 756.16, 9.79894e-05
FILLER_0_274_1645, 767.54, 756.16, 9.7021e-05
FILLER_0_273_1673, 780.34, 756.16, 9.60526e-05
FILLER_0_273_1729, 805.94, 756.16, 9.35936e-05
FILLER_0_274_1757, 818.74, 756.16, 9.21031e-05
FILLER_0_273_1785, 831.54, 756.16, 9.06126e-05
FILLER_0_274_1813, 844.34, 756.16, 8.9122e-05
FILLER_0_273_1841, 857.14, 756.16, 8.76315e-05
FILLER_0_274_1869, 869.94, 756.16, 8.61409e-05
FILLER_0_273_1897, 882.74, 756.16, 8.46503e-05
FILLER_0_274_1925, 895.54, 756.16, 8.31597e-05
FILLER_0_273_1953, 908.34, 756.16, 8.16691e-05
FILLER_0_274_1981, 921.14, 756.16, 8.01785e-05
FILLER_0_273_2009, 933.94, 756.16, 7.86879e-05
FILLER_0_273_2065, 958.57, 756.16, 7.71973e-05
FILLER_0_274_2093, 970.4, 756.16, 7.71974e-05
FILLER_0_273_2121, 982.23, 756.16, 7.71974e-05
PHY_542, 5.52, 750.72, 0.000128123
PHY_544, 5.52, 750.72, 0.000128123
PHY_543, 994.06, 750.72, 7.7553e-05
PHY_545, 994.06, 750.72, 7.7553e-05
FILLER_0_271_2141, 994.06, 750.72, 7.7553e-05
FILLER_0_272_2137, 994.06, 750.72, 7.7553e-05
FILLER_0_272_77, 37.94, 750.72, 0.000129648
FILLER_0_273_105, 50.74, 750.72, 0.000131173
FILLER_0_272_133, 63.54, 750.72, 0.000132698
FILLER_0_273_161, 76.34, 750.72, 0.000134223
FILLER_0_272_189, 89.14, 750.72, 0.000135748
FILLER_0_273_217, 101.94, 750.72, 0.000137273
FILLER_0_272_245, 114.74, 750.72, 0.000138798
FILLER_0_273_273, 127.54, 750.72, 0.000140323
FILLER_0_272_301, 140.34, 750.72, 0.000141848
FILLER_0_273_329, 153.14, 750.72, 0.000143373
FILLER_0_272_357, 165.94, 750.72, 0.000144898
FILLER_0_272_413, 191.54, 750.72, 0.000146417
FILLER_0_273_441, 204.34, 750.72, 0.000146411
FILLER_0_272_469, 217.14, 750.72, 0.000146405
FILLER_0_273_497, 229.94, 750.72, 0.000146398
FILLER_0_272_525, 242.74, 750.72, 0.000146392
FILLER_0_273_553, 255.54, 750.72, 0.000146386
FILLER_0_272_581, 268.34, 750.72, 0.000146379
FILLER_0_273_609, 281.14, 750.72, 0.000146373
FILLER_0_272_637, 293.94, 750.72, 0.000146367
FILLER_0_273_665, 306.74, 750.72, 0.00014636
FILLER_0_272_693, 319.54, 750.72, 0.000146354
FILLER_0_272_749, 345.14, 750.72, 0.00014728
FILLER_0_273_777, 357.94, 750.72, 0.000148211
FILLER_0_272_805, 370.74, 750.72, 0.000149143
FILLER_0_273_833, 383.54, 750.72, 0.000150075
FILLER_0_272_861, 396.34, 750.72, 0.000151007
FILLER_0_273_889, 409.14, 750.72, 0.000151938
FILLER_0_272_917, 421.94, 750.72, 0.00015287
FILLER_0_273_945, 434.74, 750.72, 0.000153802
FILLER_0_272_973, 447.54, 750.72, 0.000154734
FILLER_0_273_1001, 460.34, 750.72, 0.000155665
FILLER_0_272_1029, 473.14, 750.72, 0.000156597
FILLER_0_272_1085, 498.74, 750.72, 0.000153969
FILLER_0_273_1113, 511.54, 750.72, 0.000150409
FILLER_0_272_1141, 524.34, 750.72, 0.00014685
FILLER_0_273_1169, 537.14, 750.72, 0.00014329
FILLER_0_272_1197, 549.94, 750.72, 0.00013973
FILLER_0_273_1225, 562.74, 750.72, 0.00013617
FILLER_0_272_1253, 575.54, 750.72, 0.00013261
FILLER_0_271_1281, 601.14, 750.72, 0.000125491
FILLER_0_272_1309, 613.94, 750.72, 0.000121931
FILLER_0_271_1337, 626.74, 750.72, 0.000118371
FILLER_0_271_1393, 652.34, 750.72, 0.000113467
FILLER_0_272_1421, 665.14, 750.72, 0.000112122
FILLER_0_271_1449, 677.94, 750.72, 0.000110777
FILLER_0_272_1477, 690.74, 750.72, 0.000109433
FILLER_0_271_1505, 703.54, 750.72, 0.000108088
FILLER_0_272_1533, 716.34, 750.72, 0.000106743
FILLER_0_271_1561, 729.14, 750.72, 0.000105399
FILLER_0_272_1589, 741.94, 750.72, 0.000104054
FILLER_0_271_1617, 754.74, 750.72, 0.000102709
FILLER_0_272_1645, 767.54, 750.72, 0.000101365
FILLER_0_271_1673, 780.34, 750.72, 0.00010002
FILLER_0_271_1729, 805.94, 750.72, 9.69152e-05
FILLER_0_272_1757, 818.74, 750.72, 9.5155e-05
FILLER_0_271_1785, 831.54, 750.72, 9.33948e-05
FILLER_0_272_1813, 844.34, 750.72, 9.16346e-05
FILLER_0_271_1841, 857.14, 750.72, 8.98744e-05
FILLER_0_272_1869, 869.94, 750.72, 8.81142e-05
FILLER_0_271_1897, 882.74, 750.72, 8.6354e-05
FILLER_0_272_1925, 895.54, 750.72, 8.45938e-05
FILLER_0_271_1953, 908.34, 750.72, 8.28335e-05
FILLER_0_272_1981, 921.14, 750.72, 8.10733e-05
FILLER_0_271_2009, 933.94, 750.72, 7.9313e-05
FILLER_0_271_2065, 958.57, 750.72, 7.75528e-05
FILLER_0_272_2093, 970.4, 750.72, 7.75529e-05
FILLER_0_271_2121, 982.23, 750.72, 7.75529e-05
PHY_538, 5.52, 745.28, 0.000127625
PHY_540, 5.52, 745.28, 0.000127625
PHY_539, 994.06, 745.28, 7.78297e-05
PHY_541, 994.06, 745.28, 7.78297e-05
FILLER_0_269_2141, 994.06, 745.28, 7.78297e-05
FILLER_0_270_2137, 994.06, 745.28, 7.78297e-05
FILLER_0_270_77, 37.94, 745.28, 0.000129338
FILLER_0_271_105, 50.74, 745.28, 0.00013105
FILLER_0_270_133, 63.54, 745.28, 0.000132763
FILLER_0_271_161, 76.34, 745.28, 0.000134476
FILLER_0_270_189, 89.14, 745.28, 0.000136189
FILLER_0_271_217, 101.94, 745.28, 0.000137901
FILLER_0_270_245, 114.74, 745.28, 0.000139614
FILLER_0_271_273, 127.54, 745.28, 0.000141327
FILLER_0_270_301, 140.34, 745.28, 0.00014304
FILLER_0_271_329, 153.14, 745.28, 0.000144752
FILLER_0_270_357, 165.94, 745.28, 0.000146465
FILLER_0_270_413, 191.54, 745.28, 0.000148222
FILLER_0_271_441, 204.34, 745.28, 0.000148267
FILLER_0_270_469, 217.14, 745.28, 0.000148311
FILLER_0_271_497, 229.94, 745.28, 0.000148356
FILLER_0_270_525, 242.74, 745.28, 0.000148401
FILLER_0_271_553, 255.54, 745.28, 0.000148445
FILLER_0_270_581, 268.34, 745.28, 0.00014849
FILLER_0_271_609, 281.14, 745.28, 0.000148534
FILLER_0_270_637, 293.94, 745.28, 0.000148579
FILLER_0_271_665, 306.74, 745.28, 0.000148623
FILLER_0_270_693, 319.54, 745.28, 0.000148668
FILLER_0_270_749, 345.14, 745.28, 0.000150023
FILLER_0_271_777, 357.94, 745.28, 0.000151334
FILLER_0_270_805, 370.74, 745.28, 0.000152646
FILLER_0_271_833, 383.54, 745.28, 0.000153957
FILLER_0_270_861, 396.34, 745.28, 0.000155268
FILLER_0_271_889, 409.14, 745.28, 0.000156579
FILLER_0_270_917, 421.94, 745.28, 0.00015789
FILLER_0_271_945, 434.74, 745.28, 0.000159201
FILLER_0_270_973, 447.54, 745.28, 0.000160512
FILLER_0_271_1001, 460.34, 745.28, 0.000161823
FILLER_0_270_1029, 473.14, 745.28, 0.000163134
FILLER_0_270_1085, 498.74, 745.28, 0.000160978
FILLER_0_271_1113, 511.54, 745.28, 0.00015751
FILLER_0_270_1141, 524.34, 745.28, 0.000154043
FILLER_0_271_1169, 537.14, 745.28, 0.000150575
FILLER_0_270_1197, 549.94, 745.28, 0.000147108
FILLER_0_271_1225, 562.74, 745.28, 0.00014364
FILLER_0_270_1253, 575.54, 745.28, 0.000140173
FILLER_0_269_1281, 601.14, 745.28, 0.000133238
FILLER_0_270_1309, 613.94, 745.28, 0.00012977
FILLER_0_269_1337, 626.74, 745.28, 0.000126303
FILLER_0_269_1393, 652.34, 745.28, 0.000121122
FILLER_0_270_1421, 665.14, 745.28, 0.000119408
FILLER_0_269_1449, 677.94, 745.28, 0.000117695
FILLER_0_270_1477, 690.74, 745.28, 0.000115982
FILLER_0_269_1505, 703.54, 745.28, 0.000114268
FILLER_0_270_1533, 716.34, 745.28, 0.000112555
FILLER_0_269_1561, 729.14, 745.28, 0.000110842
FILLER_0_270_1589, 741.94, 745.28, 0.000109128
FILLER_0_269_1617, 754.74, 745.28, 0.000107415
FILLER_0_270_1645, 767.54, 745.28, 0.000105702
FILLER_0_269_1673, 780.34, 745.28, 0.000103988
FILLER_0_269_1729, 805.94, 745.28, 0.000100238
FILLER_0_270_1757, 818.74, 745.28, 9.82007e-05
FILLER_0_269_1785, 831.54, 745.28, 9.61636e-05
FILLER_0_270_1813, 844.34, 745.28, 9.41265e-05
FILLER_0_269_1841, 857.14, 745.28, 9.20894e-05
FILLER_0_270_1869, 869.94, 745.28, 9.00523e-05
FILLER_0_269_1897, 882.74, 745.28, 8.80152e-05
FILLER_0_270_1925, 895.54, 745.28, 8.59781e-05
FILLER_0_269_1953, 908.34, 745.28, 8.3941e-05
FILLER_0_270_1981, 921.14, 745.28, 8.19038e-05
FILLER_0_269_2009, 933.94, 745.28, 7.98667e-05
FILLER_0_269_2065, 958.57, 745.28, 7.78296e-05
FILLER_0_270_2093, 970.4, 745.28, 7.78296e-05
FILLER_0_269_2121, 982.23, 745.28, 7.78297e-05
PHY_534, 5.52, 739.84, 0.000127053
PHY_536, 5.52, 739.84, 0.000127053
PHY_535, 994.06, 739.84, 7.80151e-05
PHY_537, 994.06, 739.84, 7.80151e-05
FILLER_0_267_2141, 994.06, 739.84, 7.80151e-05
FILLER_0_268_2137, 994.06, 739.84, 7.80151e-05
FILLER_0_268_77, 37.94, 739.84, 0.000128965
FILLER_0_269_105, 50.74, 739.84, 0.000130877
FILLER_0_268_133, 63.54, 739.84, 0.000132789
FILLER_0_269_161, 76.34, 739.84, 0.000134701
FILLER_0_268_189, 89.14, 739.84, 0.000136613
FILLER_0_269_217, 101.94, 739.84, 0.000138525
FILLER_0_268_245, 114.74, 739.84, 0.000140437
FILLER_0_269_273, 127.54, 739.84, 0.000142349
FILLER_0_268_301, 140.34, 739.84, 0.000144261
FILLER_0_269_329, 153.14, 739.84, 0.000146173
FILLER_0_268_357, 165.94, 739.84, 0.000148084
FILLER_0_268_413, 191.54, 739.84, 0.000150083
FILLER_0_269_441, 204.34, 739.84, 0.00015017
FILLER_0_268_469, 217.14, 739.84, 0.000150257
FILLER_0_269_497, 229.94, 739.84, 0.000150344
FILLER_0_268_525, 242.74, 739.84, 0.00015043
FILLER_0_269_553, 255.54, 739.84, 0.000150517
FILLER_0_268_581, 268.34, 739.84, 0.000150604
FILLER_0_269_609, 281.14, 739.84, 0.000150691
FILLER_0_268_637, 293.94, 739.84, 0.000150777
FILLER_0_269_665, 306.74, 739.84, 0.000150864
FILLER_0_268_693, 319.54, 739.84, 0.000150951
FILLER_0_268_749, 345.14, 739.84, 0.000152748
FILLER_0_269_777, 357.94, 739.84, 0.000154458
FILLER_0_268_805, 370.74, 739.84, 0.000156168
FILLER_0_269_833, 383.54, 739.84, 0.000157878
FILLER_0_268_861, 396.34, 739.84, 0.000159588
FILLER_0_269_889, 409.14, 739.84, 0.000161298
FILLER_0_268_917, 421.94, 739.84, 0.000163009
FILLER_0_269_945, 434.74, 739.84, 0.000164719
FILLER_0_268_973, 447.54, 739.84, 0.000166429
FILLER_0_269_1001, 460.34, 739.84, 0.000168139
FILLER_0_268_1029, 473.14, 739.84, 0.000169849
FILLER_0_268_1085, 498.74, 739.84, 0.000168162
FILLER_0_269_1113, 511.54, 739.84, 0.000164765
FILLER_0_268_1141, 524.34, 739.84, 0.000161368
FILLER_0_269_1169, 537.14, 739.84, 0.000157971
FILLER_0_268_1197, 549.94, 739.84, 0.000154575
FILLER_0_269_1225, 562.74, 739.84, 0.000151178
FILLER_0_268_1253, 575.54, 739.84, 0.000147781
FILLER_0_267_1281, 601.14, 739.84, 0.000140987
FILLER_0_268_1309, 613.94, 739.84, 0.00013759
FILLER_0_267_1337, 626.74, 739.84, 0.000134193
FILLER_0_267_1393, 652.34, 739.84, 0.00012872
FILLER_0_268_1421, 665.14, 739.84, 0.000126643
FILLER_0_267_1449, 677.94, 739.84, 0.000124567
FILLER_0_268_1477, 690.74, 739.84, 0.000122491
FILLER_0_267_1505, 703.54, 739.84, 0.000120414
FILLER_0_268_1533, 716.34, 739.84, 0.000118338
FILLER_0_267_1561, 729.14, 739.84, 0.000116261
FILLER_0_268_1589, 741.94, 739.84, 0.000114185
FILLER_0_267_1617, 754.74, 739.84, 0.000112109
FILLER_0_268_1645, 767.54, 739.84, 0.000110032
FILLER_0_267_1673, 780.34, 739.84, 0.000107956
FILLER_0_267_1729, 805.94, 739.84, 0.000103557
FILLER_0_268_1757, 818.74, 739.84, 0.000101235
FILLER_0_267_1785, 831.54, 739.84, 9.89132e-05
FILLER_0_268_1813, 844.34, 739.84, 9.65912e-05
FILLER_0_267_1841, 857.14, 739.84, 9.42692e-05
FILLER_0_268_1869, 869.94, 739.84, 9.19472e-05
FILLER_0_267_1897, 882.74, 739.84, 8.96252e-05
FILLER_0_268_1925, 895.54, 739.84, 8.73031e-05
FILLER_0_267_1953, 908.34, 739.84, 8.49811e-05
FILLER_0_268_1981, 921.14, 739.84, 8.2659e-05
FILLER_0_267_2009, 933.94, 739.84, 8.0337e-05
FILLER_0_267_2065, 958.57, 739.84, 7.80149e-05
FILLER_0_268_2093, 970.4, 739.84, 7.8015e-05
FILLER_0_267_2121, 982.23, 739.84, 7.80151e-05
PHY_530, 5.52, 734.4, 0.0001264
PHY_532, 5.52, 734.4, 0.0001264
PHY_531, 994.06, 734.4, 7.80961e-05
PHY_533, 994.06, 734.4, 7.80961e-05
FILLER_0_265_2141, 994.06, 734.4, 7.80961e-05
FILLER_0_266_2137, 994.06, 734.4, 7.80961e-05
FILLER_0_266_77, 37.94, 734.4, 0.000128524
FILLER_0_267_105, 50.74, 734.4, 0.000130647
FILLER_0_266_133, 63.54, 734.4, 0.000132771
FILLER_0_267_161, 76.34, 734.4, 0.000134895
FILLER_0_266_189, 89.14, 734.4, 0.000137019
FILLER_0_267_217, 101.94, 734.4, 0.000139142
FILLER_0_266_245, 114.74, 734.4, 0.000141266
FILLER_0_267_273, 127.54, 734.4, 0.00014339
FILLER_0_266_301, 140.34, 734.4, 0.000145514
FILLER_0_267_329, 153.14, 734.4, 0.000147637
FILLER_0_266_357, 165.94, 734.4, 0.000149761
FILLER_0_266_413, 191.54, 734.4, 0.000152004
FILLER_0_267_441, 204.34, 734.4, 0.000152122
FILLER_0_266_469, 217.14, 734.4, 0.000152241
FILLER_0_267_497, 229.94, 734.4, 0.00015236
FILLER_0_266_525, 242.74, 734.4, 0.000152479
FILLER_0_267_553, 255.54, 734.4, 0.000152598
FILLER_0_266_581, 268.34, 734.4, 0.000152717
FILLER_0_267_609, 281.14, 734.4, 0.000152835
FILLER_0_266_637, 293.94, 734.4, 0.000152954
FILLER_0_267_665, 306.74, 734.4, 0.000153073
FILLER_0_266_693, 319.54, 734.4, 0.000153192
FILLER_0_266_749, 345.14, 734.4, 0.000155442
FILLER_0_267_777, 357.94, 734.4, 0.000157573
FILLER_0_266_805, 370.74, 734.4, 0.000159704
FILLER_0_267_833, 383.54, 734.4, 0.000161835
FILLER_0_266_861, 396.34, 734.4, 0.000163966
FILLER_0_267_889, 409.14, 734.4, 0.000166097
FILLER_0_266_917, 421.94, 734.4, 0.000168228
FILLER_0_267_945, 434.74, 734.4, 0.000170359
FILLER_0_266_973, 447.54, 734.4, 0.00017249
FILLER_0_267_1001, 460.34, 734.4, 0.000174621
FILLER_0_266_1029, 473.14, 734.4, 0.000176752
FILLER_0_266_1085, 498.74, 734.4, 0.000175536
FILLER_0_267_1113, 511.54, 734.4, 0.000172189
FILLER_0_266_1141, 524.34, 734.4, 0.000168841
FILLER_0_267_1169, 537.14, 734.4, 0.000165494
FILLER_0_266_1197, 549.94, 734.4, 0.000162146
FILLER_0_267_1225, 562.74, 734.4, 0.000158799
FILLER_0_266_1253, 575.54, 734.4, 0.000155451
FILLER_0_265_1281, 601.14, 734.4, 0.000148756
FILLER_0_266_1309, 613.94, 734.4, 0.000145409
FILLER_0_265_1337, 626.74, 734.4, 0.000142061
FILLER_0_265_1393, 652.34, 734.4, 0.000136278
FILLER_0_266_1421, 665.14, 734.4, 0.000133842
FILLER_0_265_1449, 677.94, 734.4, 0.000131407
FILLER_0_266_1477, 690.74, 734.4, 0.000128971
FILLER_0_265_1505, 703.54, 734.4, 0.000126535
FILLER_0_266_1533, 716.34, 734.4, 0.0001241
FILLER_0_265_1561, 729.14, 734.4, 0.000121664
FILLER_0_266_1589, 741.94, 734.4, 0.000119228
FILLER_0_265_1617, 754.74, 734.4, 0.000116793
FILLER_0_266_1645, 767.54, 734.4, 0.000114357
FILLER_0_265_1673, 780.34, 734.4, 0.000111921
FILLER_0_265_1729, 805.94, 734.4, 0.00010687
FILLER_0_266_1757, 818.74, 734.4, 0.000104254
FILLER_0_265_1785, 831.54, 734.4, 0.000101638
FILLER_0_266_1813, 844.34, 734.4, 9.90223e-05
FILLER_0_265_1841, 857.14, 734.4, 9.64065e-05
FILLER_0_266_1869, 869.94, 734.4, 9.37908e-05
FILLER_0_265_1897, 882.74, 734.4, 9.1175e-05
FILLER_0_266_1925, 895.54, 734.4, 8.85592e-05
FILLER_0_265_1953, 908.34, 734.4, 8.59433e-05
FILLER_0_266_1981, 921.14, 734.4, 8.33275e-05
FILLER_0_265_2009, 933.94, 734.4, 8.07117e-05
FILLER_0_265_2065, 958.57, 734.4, 7.80959e-05
FILLER_0_266_2093, 970.4, 734.4, 7.8096e-05
FILLER_0_265_2121, 982.23, 734.4, 7.8096e-05
PHY_526, 5.52, 728.96, 0.000125655
PHY_528, 5.52, 728.96, 0.000125655
PHY_527, 994.06, 728.96, 7.80592e-05
PHY_529, 994.06, 728.96, 7.80592e-05
FILLER_0_263_2141, 994.06, 728.96, 7.80592e-05
FILLER_0_264_2137, 994.06, 728.96, 7.80592e-05
FILLER_0_264_77, 37.94, 728.96, 0.000128005
FILLER_0_265_105, 50.74, 728.96, 0.000130354
FILLER_0_264_133, 63.54, 728.96, 0.000132704
FILLER_0_265_161, 76.34, 728.96, 0.000135053
FILLER_0_264_189, 89.14, 728.96, 0.000137403
FILLER_0_265_217, 101.94, 728.96, 0.000139752
FILLER_0_264_245, 114.74, 728.96, 0.000142102
FILLER_0_265_273, 127.54, 728.96, 0.000144451
FILLER_0_264_301, 140.34, 728.96, 0.000146801
FILLER_0_265_329, 153.14, 728.96, 0.00014915
FILLER_0_264_357, 165.94, 728.96, 0.0001515
FILLER_0_264_413, 191.54, 728.96, 0.000153988
FILLER_0_265_441, 204.34, 728.96, 0.000154127
FILLER_0_264_469, 217.14, 728.96, 0.000154266
FILLER_0_265_497, 229.94, 728.96, 0.000154405
FILLER_0_264_525, 242.74, 728.96, 0.000154544
FILLER_0_265_553, 255.54, 728.96, 0.000154682
FILLER_0_264_581, 268.34, 728.96, 0.000154821
FILLER_0_265_609, 281.14, 728.96, 0.00015496
FILLER_0_264_637, 293.94, 728.96, 0.000155099
FILLER_0_265_665, 306.74, 728.96, 0.000155238
FILLER_0_264_693, 319.54, 728.96, 0.000155377
FILLER_0_264_749, 345.14, 728.96, 0.000158092
FILLER_0_265_777, 357.94, 728.96, 0.000160669
FILLER_0_264_805, 370.74, 728.96, 0.000163245
FILLER_0_265_833, 383.54, 728.96, 0.000165822
FILLER_0_264_861, 396.34, 728.96, 0.000168399
FILLER_0_265_889, 409.14, 728.96, 0.000170975
FILLER_0_264_917, 421.94, 728.96, 0.000173552
FILLER_0_265_945, 434.74, 728.96, 0.000176129
FILLER_0_264_973, 447.54, 728.96, 0.000178705
FILLER_0_265_1001, 460.34, 728.96, 0.000181282
FILLER_0_264_1029, 473.14, 728.96, 0.000183858
FILLER_0_264_1085, 498.74, 728.96, 0.000183116
FILLER_0_265_1113, 511.54, 728.96, 0.000179797
FILLER_0_264_1141, 524.34, 728.96, 0.000176478
FILLER_0_265_1169, 537.14, 728.96, 0.000173159
FILLER_0_264_1197, 549.94, 728.96, 0.000169839
FILLER_0_265_1225, 562.74, 728.96, 0.00016652
FILLER_0_264_1253, 575.54, 728.96, 0.000163201
FILLER_0_263_1281, 601.14, 728.96, 0.000156563
FILLER_0_264_1309, 613.94, 728.96, 0.000153244
FILLER_0_263_1337, 626.74, 728.96, 0.000149925
FILLER_0_263_1393, 652.34, 728.96, 0.000143813
FILLER_0_264_1421, 665.14, 728.96, 0.00014102
FILLER_0_263_1449, 677.94, 728.96, 0.000138227
FILLER_0_264_1477, 690.74, 728.96, 0.000135434
FILLER_0_263_1505, 703.54, 728.96, 0.000132641
FILLER_0_264_1533, 716.34, 728.96, 0.000129848
FILLER_0_263_1561, 729.14, 728.96, 0.000127055
FILLER_0_264_1589, 741.94, 728.96, 0.000124263
FILLER_0_263_1617, 754.74, 728.96, 0.00012147
FILLER_0_264_1645, 767.54, 728.96, 0.000118677
FILLER_0_263_1673, 780.34, 728.96, 0.000115884
FILLER_0_263_1729, 805.94, 728.96, 0.000110172
FILLER_0_264_1757, 818.74, 728.96, 0.000107252
FILLER_0_263_1785, 831.54, 728.96, 0.000104333
FILLER_0_264_1813, 844.34, 728.96, 0.000101414
FILLER_0_263_1841, 857.14, 728.96, 9.84944e-05
FILLER_0_264_1869, 869.94, 728.96, 9.55751e-05
FILLER_0_263_1897, 882.74, 728.96, 9.26558e-05
FILLER_0_264_1925, 895.54, 728.96, 8.97365e-05
FILLER_0_263_1953, 908.34, 728.96, 8.68171e-05
FILLER_0_264_1981, 921.14, 728.96, 8.38978e-05
FILLER_0_263_2009, 933.94, 728.96, 8.09784e-05
FILLER_0_263_2065, 958.57, 728.96, 7.80591e-05
FILLER_0_264_2093, 970.4, 728.96, 7.80591e-05
FILLER_0_263_2121, 982.23, 728.96, 7.80592e-05
PHY_522, 5.52, 723.52, 0.00012481
PHY_524, 5.52, 723.52, 0.00012481
PHY_523, 994.06, 723.52, 7.78909e-05
PHY_525, 994.06, 723.52, 7.78909e-05
FILLER_0_261_2141, 994.06, 723.52, 7.78909e-05
FILLER_0_262_2137, 994.06, 723.52, 7.78909e-05
FILLER_0_262_77, 37.94, 723.52, 0.000127401
FILLER_0_263_105, 50.74, 723.52, 0.000129991
FILLER_0_262_133, 63.54, 723.52, 0.000132582
FILLER_0_263_161, 76.34, 723.52, 0.000135173
FILLER_0_262_189, 89.14, 723.52, 0.000137763
FILLER_0_263_217, 101.94, 723.52, 0.000140354
FILLER_0_262_245, 114.74, 723.52, 0.000142944
FILLER_0_263_273, 127.54, 723.52, 0.000145534
FILLER_0_262_301, 140.34, 723.52, 0.000148125
FILLER_0_263_329, 153.14, 723.52, 0.000150715
FILLER_0_262_357, 165.94, 723.52, 0.000153306
FILLER_0_262_413, 191.54, 723.52, 0.000156041
FILLER_0_263_441, 204.34, 723.52, 0.000156186
FILLER_0_262_469, 217.14, 723.52, 0.000156331
FILLER_0_263_497, 229.94, 723.52, 0.000156476
FILLER_0_262_525, 242.74, 723.52, 0.000156621
FILLER_0_263_553, 255.54, 723.52, 0.000156766
FILLER_0_262_581, 268.34, 723.52, 0.000156911
FILLER_0_263_609, 281.14, 723.52, 0.000157056
FILLER_0_262_637, 293.94, 723.52, 0.000157201
FILLER_0_263_665, 306.74, 723.52, 0.000157346
FILLER_0_262_693, 319.54, 723.52, 0.000157491
FILLER_0_262_749, 345.14, 723.52, 0.000160686
FILLER_0_263_777, 357.94, 723.52, 0.000163735
FILLER_0_262_805, 370.74, 723.52, 0.000166785
FILLER_0_263_833, 383.54, 723.52, 0.000169835
FILLER_0_262_861, 396.34, 723.52, 0.000172884
FILLER_0_263_889, 409.14, 723.52, 0.000175934
FILLER_0_262_917, 421.94, 723.52, 0.000178983
FILLER_0_263_945, 434.74, 723.52, 0.000182033
FILLER_0_262_973, 447.54, 723.52, 0.000185082
FILLER_0_263_1001, 460.34, 723.52, 0.000188132
FILLER_0_262_1029, 473.14, 723.52, 0.000191182
FILLER_0_262_1085, 498.74, 723.52, 0.000190919
FILLER_0_263_1113, 511.54, 723.52, 0.000187607
FILLER_0_262_1141, 524.34, 723.52, 0.000184296
FILLER_0_263_1169, 537.14, 723.52, 0.000180984
FILLER_0_262_1197, 549.94, 723.52, 0.000177672
FILLER_0_263_1225, 562.74, 723.52, 0.00017436
FILLER_0_262_1253, 575.54, 723.52, 0.000171048
FILLER_0_261_1281, 601.14, 723.52, 0.000164425
FILLER_0_262_1309, 613.94, 723.52, 0.000161113
FILLER_0_261_1337, 626.74, 723.52, 0.000157801
FILLER_0_261_1393, 652.34, 723.52, 0.000151339
FILLER_0_262_1421, 665.14, 723.52, 0.00014819
FILLER_0_261_1449, 677.94, 723.52, 0.00014504
FILLER_0_262_1477, 690.74, 723.52, 0.000141891
FILLER_0_261_1505, 703.54, 723.52, 0.000138741
FILLER_0_262_1533, 716.34, 723.52, 0.000135591
FILLER_0_261_1561, 729.14, 723.52, 0.000132442
FILLER_0_262_1589, 741.94, 723.52, 0.000129292
FILLER_0_261_1617, 754.74, 723.52, 0.000126143
FILLER_0_262_1645, 767.54, 723.52, 0.000122993
FILLER_0_261_1673, 780.34, 723.52, 0.000119843
FILLER_0_261_1729, 805.94, 723.52, 0.00011346
FILLER_0_262_1757, 818.74, 723.52, 0.000110227
FILLER_0_261_1785, 831.54, 723.52, 0.000106993
FILLER_0_262_1813, 844.34, 723.52, 0.00010376
FILLER_0_261_1841, 857.14, 723.52, 0.000100526
FILLER_0_262_1869, 869.94, 723.52, 9.72924e-05
FILLER_0_261_1897, 882.74, 723.52, 9.40588e-05
FILLER_0_262_1925, 895.54, 723.52, 9.08252e-05
FILLER_0_261_1953, 908.34, 723.52, 8.75915e-05
FILLER_0_262_1981, 921.14, 723.52, 8.43579e-05
FILLER_0_261_2009, 933.94, 723.52, 8.11243e-05
FILLER_0_261_2065, 958.57, 723.52, 7.78907e-05
FILLER_0_262_2093, 970.4, 723.52, 7.78908e-05
FILLER_0_261_2121, 982.23, 723.52, 7.78908e-05
PHY_518, 5.52, 718.08, 0.000123854
PHY_520, 5.52, 718.08, 0.000123854
PHY_519, 994.06, 718.08, 7.75767e-05
PHY_521, 994.06, 718.08, 7.75767e-05
FILLER_0_259_2141, 994.06, 718.08, 7.75767e-05
FILLER_0_260_2137, 994.06, 718.08, 7.75767e-05
FILLER_0_260_77, 37.94, 718.08, 0.000126703
FILLER_0_261_105, 50.74, 718.08, 0.000129551
FILLER_0_260_133, 63.54, 718.08, 0.0001324
FILLER_0_261_161, 76.34, 718.08, 0.000135248
FILLER_0_260_189, 89.14, 718.08, 0.000138096
FILLER_0_261_217, 101.94, 718.08, 0.000140945
FILLER_0_260_245, 114.74, 718.08, 0.000143793
FILLER_0_261_273, 127.54, 718.08, 0.000146642
FILLER_0_260_301, 140.34, 718.08, 0.00014949
FILLER_0_261_329, 153.14, 718.08, 0.000152338
FILLER_0_260_357, 165.94, 718.08, 0.000155187
FILLER_0_260_413, 191.54, 718.08, 0.00015817
FILLER_0_261_441, 204.34, 718.08, 0.000158305
FILLER_0_260_469, 217.14, 718.08, 0.00015844
FILLER_0_261_497, 229.94, 718.08, 0.000158575
FILLER_0_260_525, 242.74, 718.08, 0.00015871
FILLER_0_261_553, 255.54, 718.08, 0.000158845
FILLER_0_260_581, 268.34, 718.08, 0.000158979
FILLER_0_261_609, 281.14, 718.08, 0.000159114
FILLER_0_260_637, 293.94, 718.08, 0.000159249
FILLER_0_261_665, 306.74, 718.08, 0.000159384
FILLER_0_260_693, 319.54, 718.08, 0.000159519
FILLER_0_260_749, 345.14, 718.08, 0.000163207
FILLER_0_261_777, 357.94, 718.08, 0.00016676
FILLER_0_260_805, 370.74, 718.08, 0.000170313
FILLER_0_261_833, 383.54, 718.08, 0.000173867
FILLER_0_260_861, 396.34, 718.08, 0.00017742
FILLER_0_261_889, 409.14, 718.08, 0.000180973
FILLER_0_260_917, 421.94, 718.08, 0.000184526
FILLER_0_261_945, 434.74, 718.08, 0.000188079
FILLER_0_260_973, 447.54, 718.08, 0.000191632
FILLER_0_261_1001, 460.34, 718.08, 0.000195185
FILLER_0_260_1029, 473.14, 718.08, 0.000198739
FILLER_0_260_1085, 498.74, 718.08, 0.000198966
FILLER_0_261_1113, 511.54, 718.08, 0.00019564
FILLER_0_260_1141, 524.34, 718.08, 0.000192314
FILLER_0_261_1169, 537.14, 718.08, 0.000188988
FILLER_0_260_1197, 549.94, 718.08, 0.000185662
FILLER_0_261_1225, 562.74, 718.08, 0.000182336
FILLER_0_260_1253, 575.54, 718.08, 0.00017901
FILLER_0_259_1281, 601.14, 718.08, 0.000172358
FILLER_0_260_1309, 613.94, 718.08, 0.000169032
FILLER_0_259_1337, 626.74, 718.08, 0.000165706
FILLER_0_259_1393, 652.34, 718.08, 0.000158873
FILLER_0_260_1421, 665.14, 718.08, 0.000155366
FILLER_0_259_1449, 677.94, 718.08, 0.000151858
FILLER_0_260_1477, 690.74, 718.08, 0.000148351
FILLER_0_259_1505, 703.54, 718.08, 0.000144844
FILLER_0_260_1533, 716.34, 718.08, 0.000141336
FILLER_0_259_1561, 729.14, 718.08, 0.000137829
FILLER_0_260_1589, 741.94, 718.08, 0.000134322
FILLER_0_259_1617, 754.74, 718.08, 0.000130814
FILLER_0_260_1645, 767.54, 718.08, 0.000127307
FILLER_0_259_1673, 780.34, 718.08, 0.0001238
FILLER_0_259_1729, 805.94, 718.08, 0.000116733
FILLER_0_260_1757, 818.74, 718.08, 0.000113173
FILLER_0_259_1785, 831.54, 718.08, 0.000109613
FILLER_0_260_1813, 844.34, 718.08, 0.000106054
FILLER_0_259_1841, 857.14, 718.08, 0.000102494
FILLER_0_260_1869, 869.94, 718.08, 9.89345e-05
FILLER_0_259_1897, 882.74, 718.08, 9.53748e-05
FILLER_0_260_1925, 895.54, 718.08, 9.18152e-05
FILLER_0_259_1953, 908.34, 718.08, 8.82555e-05
FILLER_0_260_1981, 921.14, 718.08, 8.46958e-05
FILLER_0_259_2009, 933.94, 718.08, 8.11361e-05
FILLER_0_259_2065, 958.57, 718.08, 7.75765e-05
FILLER_0_260_2093, 970.4, 718.08, 7.75766e-05
FILLER_0_259_2121, 982.23, 718.08, 7.75766e-05
PHY_514, 5.52, 712.64, 0.000122776
PHY_516, 5.52, 712.64, 0.000122776
PHY_515, 994.06, 712.64, 7.71019e-05
PHY_517, 994.06, 712.64, 7.71019e-05
FILLER_0_257_2141, 994.06, 712.64, 7.71019e-05
FILLER_0_258_2137, 994.06, 712.64, 7.71019e-05
FILLER_0_258_77, 37.94, 712.64, 0.000125901
FILLER_0_259_105, 50.74, 712.64, 0.000129026
FILLER_0_258_133, 63.54, 712.64, 0.000132151
FILLER_0_259_161, 76.34, 712.64, 0.000135276
FILLER_0_258_189, 89.14, 712.64, 0.000138401
FILLER_0_259_217, 101.94, 712.64, 0.000141526
FILLER_0_258_245, 114.74, 712.64, 0.000144651
FILLER_0_259_273, 127.54, 712.64, 0.000147775
FILLER_0_258_301, 140.34, 712.64, 0.0001509
FILLER_0_259_329, 153.14, 712.64, 0.000154025
FILLER_0_258_357, 165.94, 712.64, 0.00015715
FILLER_0_258_413, 191.54, 712.64, 0.000160381
FILLER_0_259_441, 204.34, 712.64, 0.000160487
FILLER_0_258_469, 217.14, 712.64, 0.000160593
FILLER_0_259_497, 229.94, 712.64, 0.0001607
FILLER_0_258_525, 242.74, 712.64, 0.000160806
FILLER_0_259_553, 255.54, 712.64, 0.000160912
FILLER_0_258_581, 268.34, 712.64, 0.000161018
FILLER_0_259_609, 281.14, 712.64, 0.000161124
FILLER_0_258_637, 293.94, 712.64, 0.00016123
FILLER_0_259_665, 306.74, 712.64, 0.000161337
FILLER_0_258_693, 319.54, 712.64, 0.000161443
FILLER_0_258_749, 345.14, 712.64, 0.00016564
FILLER_0_259_777, 357.94, 712.64, 0.00016973
FILLER_0_258_805, 370.74, 712.64, 0.000173821
FILLER_0_259_833, 383.54, 712.64, 0.000177912
FILLER_0_258_861, 396.34, 712.64, 0.000182003
FILLER_0_259_889, 409.14, 712.64, 0.000186094
FILLER_0_258_917, 421.94, 712.64, 0.000190185
FILLER_0_259_945, 434.74, 712.64, 0.000194275
FILLER_0_258_973, 447.54, 712.64, 0.000198366
FILLER_0_259_1001, 460.34, 712.64, 0.000202457
FILLER_0_258_1029, 473.14, 712.64, 0.000206548
FILLER_0_258_1085, 498.74, 712.64, 0.000207277
FILLER_0_259_1113, 511.54, 712.64, 0.000203915
FILLER_0_258_1141, 524.34, 712.64, 0.000200553
FILLER_0_259_1169, 537.14, 712.64, 0.000197191
FILLER_0_258_1197, 549.94, 712.64, 0.000193829
FILLER_0_259_1225, 562.74, 712.64, 0.000190467
FILLER_0_258_1253, 575.54, 712.64, 0.000187105
FILLER_0_257_1281, 601.14, 712.64, 0.000180381
FILLER_0_258_1309, 613.94, 712.64, 0.000177019
FILLER_0_257_1337, 626.74, 712.64, 0.000173658
FILLER_0_257_1393, 652.34, 712.64, 0.000166428
FILLER_0_258_1421, 665.14, 712.64, 0.000162561
FILLER_0_257_1449, 677.94, 712.64, 0.000158693
FILLER_0_258_1477, 690.74, 712.64, 0.000154826
FILLER_0_257_1505, 703.54, 712.64, 0.000150958
FILLER_0_258_1533, 716.34, 712.64, 0.00014709
FILLER_0_257_1561, 729.14, 712.64, 0.000143223
FILLER_0_258_1589, 741.94, 712.64, 0.000139355
FILLER_0_257_1617, 754.74, 712.64, 0.000135488
FILLER_0_258_1645, 767.54, 712.64, 0.00013162
FILLER_0_257_1673, 780.34, 712.64, 0.000127753
FILLER_0_257_1729, 805.94, 712.64, 0.000119986
FILLER_0_258_1757, 818.74, 712.64, 0.000116088
FILLER_0_257_1785, 831.54, 712.64, 0.000112189
FILLER_0_258_1813, 844.34, 712.64, 0.000108291
FILLER_0_257_1841, 857.14, 712.64, 0.000104392
FILLER_0_258_1869, 869.94, 712.64, 0.000100494
FILLER_0_257_1897, 882.74, 712.64, 9.65949e-05
FILLER_0_258_1925, 895.54, 712.64, 9.26963e-05
FILLER_0_257_1953, 908.34, 712.64, 8.87976e-05
FILLER_0_258_1981, 921.14, 712.64, 8.4899e-05
FILLER_0_257_2009, 933.94, 712.64, 8.10003e-05
FILLER_0_257_2065, 958.57, 712.64, 7.71017e-05
FILLER_0_258_2093, 970.4, 712.64, 7.71018e-05
FILLER_0_257_2121, 982.23, 712.64, 7.71018e-05
PHY_510, 5.52, 707.2, 0.000121564
PHY_512, 5.52, 707.2, 0.000121564
PHY_511, 994.06, 707.2, 7.64512e-05
PHY_513, 994.06, 707.2, 7.64512e-05
FILLER_0_255_2141, 994.06, 707.2, 7.64512e-05
FILLER_0_256_2137, 994.06, 707.2, 7.64512e-05
FILLER_0_256_77, 37.94, 707.2, 0.000124986
FILLER_0_257_105, 50.74, 707.2, 0.000128408
FILLER_0_256_133, 63.54, 707.2, 0.00013183
FILLER_0_257_161, 76.34, 707.2, 0.000135252
FILLER_0_256_189, 89.14, 707.2, 0.000138674
FILLER_0_257_217, 101.94, 707.2, 0.000142096
FILLER_0_256_245, 114.74, 707.2, 0.000145517
FILLER_0_257_273, 127.54, 707.2, 0.000148939
FILLER_0_256_301, 140.34, 707.2, 0.000152361
FILLER_0_257_329, 153.14, 707.2, 0.000155783
FILLER_0_256_357, 165.94, 707.2, 0.000159205
FILLER_0_256_413, 191.54, 707.2, 0.000162683
FILLER_0_257_441, 204.34, 707.2, 0.000162739
FILLER_0_256_469, 217.14, 707.2, 0.000162795
FILLER_0_257_497, 229.94, 707.2, 0.000162851
FILLER_0_256_525, 242.74, 707.2, 0.000162907
FILLER_0_257_553, 255.54, 707.2, 0.000162963
FILLER_0_256_581, 268.34, 707.2, 0.000163019
FILLER_0_257_609, 281.14, 707.2, 0.000163075
FILLER_0_256_637, 293.94, 707.2, 0.000163131
FILLER_0_257_665, 306.74, 707.2, 0.000163187
FILLER_0_256_693, 319.54, 707.2, 0.000163243
FILLER_0_256_749, 345.14, 707.2, 0.000167966
FILLER_0_257_777, 357.94, 707.2, 0.000172632
FILLER_0_256_805, 370.74, 707.2, 0.000177298
FILLER_0_257_833, 383.54, 707.2, 0.000181965
FILLER_0_256_861, 396.34, 707.2, 0.000186631
FILLER_0_257_889, 409.14, 707.2, 0.000191297
FILLER_0_256_917, 421.94, 707.2, 0.000195964
FILLER_0_257_945, 434.74, 707.2, 0.00020063
FILLER_0_256_973, 447.54, 707.2, 0.000205296
FILLER_0_257_1001, 460.34, 707.2, 0.000209962
FILLER_0_256_1029, 473.14, 707.2, 0.000214629
FILLER_0_256_1085, 498.74, 707.2, 0.000215875
FILLER_0_257_1113, 511.54, 707.2, 0.000212454
FILLER_0_256_1141, 524.34, 707.2, 0.000209034
FILLER_0_257_1169, 537.14, 707.2, 0.000205613
FILLER_0_256_1197, 549.94, 707.2, 0.000202193
FILLER_0_257_1225, 562.74, 707.2, 0.000198773
FILLER_0_256_1253, 575.54, 707.2, 0.000195352
FILLER_0_255_1281, 601.14, 707.2, 0.000188511
FILLER_0_256_1309, 613.94, 707.2, 0.000185091
FILLER_0_255_1337, 626.74, 707.2, 0.00018167
FILLER_0_255_1393, 652.34, 707.2, 0.000174018
FILLER_0_256_1421, 665.14, 707.2, 0.000169787
FILLER_0_255_1449, 677.94, 707.2, 0.000165555
FILLER_0_256_1477, 690.74, 707.2, 0.000161324
FILLER_0_255_1505, 703.54, 707.2, 0.000157092
FILLER_0_256_1533, 716.34, 707.2, 0.000152861
FILLER_0_255_1561, 729.14, 707.2, 0.000148629
FILLER_0_256_1589, 741.94, 707.2, 0.000144398
FILLER_0_255_1617, 754.74, 707.2, 0.000140166
FILLER_0_256_1645, 767.54, 707.2, 0.000135934
FILLER_0_255_1673, 780.34, 707.2, 0.000131703
FILLER_0_255_1729, 805.94, 707.2, 0.00012322
FILLER_0_256_1757, 818.74, 707.2, 0.000118968
FILLER_0_255_1785, 831.54, 707.2, 0.000114716
FILLER_0_256_1813, 844.34, 707.2, 0.000110465
FILLER_0_255_1841, 857.14, 707.2, 0.000106213
FILLER_0_256_1869, 869.94, 707.2, 0.000101961
FILLER_0_255_1897, 882.74, 707.2, 9.77096e-05
FILLER_0_256_1925, 895.54, 707.2, 9.34579e-05
FILLER_0_255_1953, 908.34, 707.2, 8.92062e-05
FILLER_0_256_1981, 921.14, 707.2, 8.49545e-05
FILLER_0_255_2009, 933.94, 707.2, 8.07028e-05
FILLER_0_255_2065, 958.57, 707.2, 7.64511e-05
FILLER_0_256_2093, 970.4, 707.2, 7.64511e-05
FILLER_0_255_2121, 982.23, 707.2, 7.64512e-05
PHY_506, 5.52, 701.76, 0.000120206
PHY_508, 5.52, 701.76, 0.000120206
PHY_507, 994.06, 701.76, 7.56088e-05
PHY_509, 994.06, 701.76, 7.56088e-05
FILLER_0_253_2141, 994.06, 701.76, 7.56088e-05
FILLER_0_254_2137, 994.06, 701.76, 7.56088e-05
FILLER_0_254_77, 37.94, 701.76, 0.000123948
FILLER_0_255_105, 50.74, 701.76, 0.000127689
FILLER_0_254_133, 63.54, 701.76, 0.00013143
FILLER_0_255_161, 76.34, 701.76, 0.000135172
FILLER_0_254_189, 89.14, 701.76, 0.000138913
FILLER_0_255_217, 101.94, 701.76, 0.000142655
FILLER_0_254_245, 114.74, 701.76, 0.000146396
FILLER_0_255_273, 127.54, 701.76, 0.000150137
FILLER_0_254_301, 140.34, 701.76, 0.000153879
FILLER_0_255_329, 153.14, 701.76, 0.00015762
FILLER_0_254_357, 165.94, 701.76, 0.000161361
FILLER_0_254_413, 191.54, 701.76, 0.000165084
FILLER_0_255_441, 204.34, 701.76, 0.000165066
FILLER_0_254_469, 217.14, 701.76, 0.000165047
FILLER_0_255_497, 229.94, 701.76, 0.000165029
FILLER_0_254_525, 242.74, 701.76, 0.00016501
FILLER_0_255_553, 255.54, 701.76, 0.000164992
FILLER_0_254_581, 268.34, 701.76, 0.000164973
FILLER_0_255_609, 281.14, 701.76, 0.000164955
FILLER_0_254_637, 293.94, 701.76, 0.000164936
FILLER_0_255_665, 306.74, 701.76, 0.000164918
FILLER_0_254_693, 319.54, 701.76, 0.000164899
FILLER_0_254_749, 345.14, 701.76, 0.000170165
FILLER_0_255_777, 357.94, 701.76, 0.000175449
FILLER_0_254_805, 370.74, 701.76, 0.000180733
FILLER_0_255_833, 383.54, 701.76, 0.000186017
FILLER_0_254_861, 396.34, 701.76, 0.0001913
FILLER_0_255_889, 409.14, 701.76, 0.000196584
FILLER_0_254_917, 421.94, 701.76, 0.000201868
FILLER_0_255_945, 434.74, 701.76, 0.000207152
FILLER_0_254_973, 447.54, 701.76, 0.000212436
FILLER_0_255_1001, 460.34, 701.76, 0.00021772
FILLER_0_254_1029, 473.14, 701.76, 0.000223004
FILLER_0_254_1085, 498.74, 701.76, 0.000224786
FILLER_0_255_1113, 511.54, 701.76, 0.000221283
FILLER_0_254_1141, 524.34, 701.76, 0.000217781
FILLER_0_255_1169, 537.14, 701.76, 0.000214278
FILLER_0_254_1197, 549.94, 701.76, 0.000210775
FILLER_0_255_1225, 562.74, 701.76, 0.000207273
FILLER_0_254_1253, 575.54, 701.76, 0.00020377
FILLER_0_253_1281, 601.14, 701.76, 0.000196765
FILLER_0_254_1309, 613.94, 701.76, 0.000193263
FILLER_0_253_1337, 626.74, 701.76, 0.00018976
FILLER_0_253_1393, 652.34, 701.76, 0.000181657
FILLER_0_254_1421, 665.14, 701.76, 0.000177056
FILLER_0_253_1449, 677.94, 701.76, 0.000172456
FILLER_0_254_1477, 690.74, 701.76, 0.000167855
FILLER_0_253_1505, 703.54, 701.76, 0.000163255
FILLER_0_254_1533, 716.34, 701.76, 0.000158654
FILLER_0_253_1561, 729.14, 701.76, 0.000154053
FILLER_0_254_1589, 741.94, 701.76, 0.000149453
FILLER_0_253_1617, 754.74, 701.76, 0.000144852
FILLER_0_254_1645, 767.54, 701.76, 0.000140252
FILLER_0_253_1673, 780.34, 701.76, 0.000135651
FILLER_0_253_1729, 805.94, 701.76, 0.00012643
FILLER_0_254_1757, 818.74, 701.76, 0.00012181
FILLER_0_253_1785, 831.54, 701.76, 0.00011719
FILLER_0_254_1813, 844.34, 701.76, 0.00011257
FILLER_0_253_1841, 857.14, 701.76, 0.00010795
FILLER_0_254_1869, 869.94, 701.76, 0.00010333
FILLER_0_253_1897, 882.74, 701.76, 9.87095e-05
FILLER_0_254_1925, 895.54, 701.76, 9.40893e-05
FILLER_0_253_1953, 908.34, 701.76, 8.94691e-05
FILLER_0_254_1981, 921.14, 701.76, 8.4849e-05
FILLER_0_253_2009, 933.94, 701.76, 8.02288e-05
FILLER_0_253_2065, 958.57, 701.76, 7.56086e-05
FILLER_0_254_2093, 970.4, 701.76, 7.56087e-05
FILLER_0_253_2121, 982.23, 701.76, 7.56087e-05
PHY_502, 5.52, 696.32, 0.000118688
PHY_504, 5.52, 696.32, 0.000118688
PHY_503, 994.06, 696.32, 7.45579e-05
PHY_505, 994.06, 696.32, 7.45579e-05
FILLER_0_251_2141, 994.06, 696.32, 7.45579e-05
FILLER_0_252_2137, 994.06, 696.32, 7.45579e-05
FILLER_0_252_77, 37.94, 696.32, 0.000122774
FILLER_0_253_105, 50.74, 696.32, 0.00012686
FILLER_0_252_133, 63.54, 696.32, 0.000130946
FILLER_0_253_161, 76.34, 696.32, 0.000135031
FILLER_0_252_189, 89.14, 696.32, 0.000139117
FILLER_0_253_217, 101.94, 696.32, 0.000143203
FILLER_0_252_245, 114.74, 696.32, 0.000147289
FILLER_0_253_273, 127.54, 696.32, 0.000151375
FILLER_0_252_301, 140.34, 696.32, 0.000155461
FILLER_0_253_329, 153.14, 696.32, 0.000159546
FILLER_0_252_357, 165.94, 696.32, 0.000163632
FILLER_0_252_413, 191.54, 696.32, 0.000167597
FILLER_0_253_441, 204.34, 696.32, 0.000167476
FILLER_0_252_469, 217.14, 696.32, 0.000167355
FILLER_0_253_497, 229.94, 696.32, 0.000167234
FILLER_0_252_525, 242.74, 696.32, 0.000167113
FILLER_0_253_553, 255.54, 696.32, 0.000166992
FILLER_0_252_581, 268.34, 696.32, 0.000166871
FILLER_0_253_609, 281.14, 696.32, 0.00016675
FILLER_0_252_637, 293.94, 696.32, 0.000166629
FILLER_0_253_665, 306.74, 696.32, 0.000166508
FILLER_0_252_693, 319.54, 696.32, 0.000166387
FILLER_0_252_749, 345.14, 696.32, 0.000172214
FILLER_0_253_777, 357.94, 696.32, 0.000178163
FILLER_0_252_805, 370.74, 696.32, 0.000184111
FILLER_0_253_833, 383.54, 696.32, 0.00019006
FILLER_0_252_861, 396.34, 696.32, 0.000196008
FILLER_0_253_889, 409.14, 696.32, 0.000201956
FILLER_0_252_917, 421.94, 696.32, 0.000207905
FILLER_0_253_945, 434.74, 696.32, 0.000213853
FILLER_0_252_973, 447.54, 696.32, 0.000219801
FILLER_0_253_1001, 460.34, 696.32, 0.00022575
FILLER_0_252_1029, 473.14, 696.32, 0.000231698
FILLER_0_252_1085, 498.74, 696.32, 0.000234037
FILLER_0_253_1113, 511.54, 696.32, 0.000230427
FILLER_0_252_1141, 524.34, 696.32, 0.000226818
FILLER_0_253_1169, 537.14, 696.32, 0.000223208
FILLER_0_252_1197, 549.94, 696.32, 0.000219599
FILLER_0_253_1225, 562.74, 696.32, 0.000215989
FILLER_0_252_1253, 575.54, 696.32, 0.00021238
FILLER_0_251_1281, 601.14, 696.32, 0.000205161
FILLER_0_252_1309, 613.94, 696.32, 0.000201551
FILLER_0_251_1337, 626.74, 696.32, 0.000197942
FILLER_0_251_1393, 652.34, 696.32, 0.000189357
FILLER_0_252_1421, 665.14, 696.32, 0.000184381
FILLER_0_251_1449, 677.94, 696.32, 0.000179405
FILLER_0_252_1477, 690.74, 696.32, 0.000174429
FILLER_0_251_1505, 703.54, 696.32, 0.000169453
FILLER_0_252_1533, 716.34, 696.32, 0.000164477
FILLER_0_251_1561, 729.14, 696.32, 0.000159502
FILLER_0_252_1589, 741.94, 696.32, 0.000154526
FILLER_0_251_1617, 754.74, 696.32, 0.00014955
FILLER_0_252_1645, 767.54, 696.32, 0.000144574
FILLER_0_251_1673, 780.34, 696.32, 0.000139598
FILLER_0_251_1729, 805.94, 696.32, 0.000129617
FILLER_0_252_1757, 818.74, 696.32, 0.000124611
FILLER_0_251_1785, 831.54, 696.32, 0.000119606
FILLER_0_252_1813, 844.34, 696.32, 0.000114601
FILLER_0_251_1841, 857.14, 696.32, 0.000109595
FILLER_0_252_1869, 869.94, 696.32, 0.00010459
FILLER_0_251_1897, 882.74, 696.32, 9.95847e-05
FILLER_0_252_1925, 895.54, 696.32, 9.45793e-05
FILLER_0_251_1953, 908.34, 696.32, 8.95739e-05
FILLER_0_252_1981, 921.14, 696.32, 8.45685e-05
FILLER_0_251_2009, 933.94, 696.32, 7.95631e-05
FILLER_0_251_2065, 958.57, 696.32, 7.45578e-05
FILLER_0_252_2093, 970.4, 696.32, 7.45578e-05
FILLER_0_251_2121, 982.23, 696.32, 7.45579e-05
PHY_498, 5.52, 690.88, 0.000116995
PHY_500, 5.52, 690.88, 0.000116995
PHY_499, 994.06, 690.88, 7.32813e-05
PHY_501, 994.06, 690.88, 7.32813e-05
FILLER_0_249_2141, 994.06, 690.88, 7.32813e-05
FILLER_0_250_2137, 994.06, 690.88, 7.32813e-05
FILLER_0_250_77, 37.94, 690.88, 0.000121453
FILLER_0_251_105, 50.74, 690.88, 0.000125911
FILLER_0_250_133, 63.54, 690.88, 0.000130369
FILLER_0_251_161, 76.34, 690.88, 0.000134827
FILLER_0_250_189, 89.14, 690.88, 0.000139284
FILLER_0_251_217, 101.94, 690.88, 0.000143742
FILLER_0_250_245, 114.74, 690.88, 0.0001482
FILLER_0_251_273, 127.54, 690.88, 0.000152658
FILLER_0_250_301, 140.34, 690.88, 0.000157115
FILLER_0_251_329, 153.14, 690.88, 0.000161573
FILLER_0_250_357, 165.94, 690.88, 0.000166031
FILLER_0_250_413, 191.54, 690.88, 0.000170233
FILLER_0_251_441, 204.34, 690.88, 0.000169978
FILLER_0_250_469, 217.14, 690.88, 0.000169723
FILLER_0_251_497, 229.94, 690.88, 0.000169468
FILLER_0_250_525, 242.74, 690.88, 0.000169213
FILLER_0_251_553, 255.54, 690.88, 0.000168957
FILLER_0_250_581, 268.34, 690.88, 0.000168702
FILLER_0_251_609, 281.14, 690.88, 0.000168447
FILLER_0_250_637, 293.94, 690.88, 0.000168192
FILLER_0_251_665, 306.74, 690.88, 0.000167936
FILLER_0_250_693, 319.54, 690.88, 0.000167681
FILLER_0_250_749, 345.14, 690.88, 0.000174091
FILLER_0_251_777, 357.94, 690.88, 0.000180755
FILLER_0_250_805, 370.74, 690.88, 0.00018742
FILLER_0_251_833, 383.54, 690.88, 0.000194085
FILLER_0_250_861, 396.34, 690.88, 0.000200749
FILLER_0_251_889, 409.14, 690.88, 0.000207414
FILLER_0_250_917, 421.94, 690.88, 0.000214079
FILLER_0_251_945, 434.74, 690.88, 0.000220743
FILLER_0_250_973, 447.54, 690.88, 0.000227408
FILLER_0_251_1001, 460.34, 690.88, 0.000234072
FILLER_0_250_1029, 473.14, 690.88, 0.000240737
FILLER_0_250_1085, 498.74, 690.88, 0.000243659
FILLER_0_251_1113, 511.54, 690.88, 0.000239916
FILLER_0_250_1141, 524.34, 690.88, 0.000236173
FILLER_0_251_1169, 537.14, 690.88, 0.00023243
FILLER_0_250_1197, 549.94, 690.88, 0.000228688
FILLER_0_251_1225, 562.74, 690.88, 0.000224945
FILLER_0_250_1253, 575.54, 690.88, 0.000221202
FILLER_0_249_1281, 601.14, 690.88, 0.000213716
FILLER_0_250_1309, 613.94, 690.88, 0.000209973
FILLER_0_249_1337, 626.74, 690.88, 0.00020623
FILLER_0_249_1393, 652.34, 690.88, 0.000197129
FILLER_0_250_1421, 665.14, 690.88, 0.000191771
FILLER_0_249_1449, 677.94, 690.88, 0.000186412
FILLER_0_250_1477, 690.74, 690.88, 0.000181054
FILLER_0_249_1505, 703.54, 690.88, 0.000175696
FILLER_0_250_1533, 716.34, 690.88, 0.000170337
FILLER_0_249_1561, 729.14, 690.88, 0.000164979
FILLER_0_250_1589, 741.94, 690.88, 0.000159621
FILLER_0_249_1617, 754.74, 690.88, 0.000154262
FILLER_0_250_1645, 767.54, 690.88, 0.000148904
FILLER_0_249_1673, 780.34, 690.88, 0.000143545
FILLER_0_249_1729, 805.94, 690.88, 0.000132778
FILLER_0_250_1757, 818.74, 690.88, 0.000127369
FILLER_0_249_1785, 831.54, 690.88, 0.00012196
FILLER_0_250_1813, 844.34, 690.88, 0.000116552
FILLER_0_249_1841, 857.14, 690.88, 0.000111143
FILLER_0_250_1869, 869.94, 690.88, 0.000105734
FILLER_0_249_1897, 882.74, 690.88, 0.000100325
FILLER_0_250_1925, 895.54, 690.88, 9.49165e-05
FILLER_0_249_1953, 908.34, 690.88, 8.95077e-05
FILLER_0_250_1981, 921.14, 690.88, 8.40988e-05
FILLER_0_249_2009, 933.94, 690.88, 7.869e-05
FILLER_0_249_2065, 958.57, 690.88, 7.32812e-05
FILLER_0_250_2093, 970.4, 690.88, 7.32813e-05
FILLER_0_249_2121, 982.23, 690.88, 7.32813e-05
PHY_494, 5.52, 685.44, 0.000115113
PHY_496, 5.52, 685.44, 0.000115113
PHY_495, 994.06, 685.44, 7.17609e-05
PHY_497, 994.06, 685.44, 7.17609e-05
FILLER_0_247_2141, 994.06, 685.44, 7.17609e-05
FILLER_0_248_2137, 994.06, 685.44, 7.17609e-05
FILLER_0_248_77, 37.94, 685.44, 0.000119973
FILLER_0_249_105, 50.74, 685.44, 0.000124833
FILLER_0_248_133, 63.54, 685.44, 0.000129693
FILLER_0_249_161, 76.34, 685.44, 0.000134553
FILLER_0_248_189, 89.14, 685.44, 0.000139413
FILLER_0_249_217, 101.94, 685.44, 0.000144273
FILLER_0_248_245, 114.74, 685.44, 0.000149133
FILLER_0_249_273, 127.54, 685.44, 0.000153993
FILLER_0_248_301, 140.34, 685.44, 0.000158853
FILLER_0_249_329, 153.14, 685.44, 0.000163713
FILLER_0_248_357, 165.94, 685.44, 0.000168573
FILLER_0_248_413, 191.54, 685.44, 0.000173008
FILLER_0_249_441, 204.34, 685.44, 0.000172582
FILLER_0_248_469, 217.14, 685.44, 0.000172157
FILLER_0_249_497, 229.94, 685.44, 0.000171731
FILLER_0_248_525, 242.74, 685.44, 0.000171306
FILLER_0_249_553, 255.54, 685.44, 0.00017088
FILLER_0_248_581, 268.34, 685.44, 0.000170455
FILLER_0_249_609, 281.14, 685.44, 0.000170029
FILLER_0_248_637, 293.94, 685.44, 0.000169604
FILLER_0_249_665, 306.74, 685.44, 0.000169178
FILLER_0_248_693, 319.54, 685.44, 0.000168753
FILLER_0_248_749, 345.14, 685.44, 0.000175766
FILLER_0_249_777, 357.94, 685.44, 0.000183204
FILLER_0_248_805, 370.74, 685.44, 0.000190643
FILLER_0_249_833, 383.54, 685.44, 0.000198081
FILLER_0_248_861, 396.34, 685.44, 0.00020552
FILLER_0_249_889, 409.14, 685.44, 0.000212958
FILLER_0_248_917, 421.94, 685.44, 0.000220397
FILLER_0_249_945, 434.74, 685.44, 0.000227835
FILLER_0_248_973, 447.54, 685.44, 0.000235274
FILLER_0_249_1001, 460.34, 685.44, 0.000242712
FILLER_0_248_1029, 473.14, 685.44, 0.00025015
FILLER_0_248_1085, 498.74, 685.44, 0.000253684
FILLER_0_249_1113, 511.54, 685.44, 0.00024978
FILLER_0_248_1141, 524.34, 685.44, 0.000245876
FILLER_0_249_1169, 537.14, 685.44, 0.000241971
FILLER_0_248_1197, 549.94, 685.44, 0.000238067
FILLER_0_249_1225, 562.74, 685.44, 0.000234162
FILLER_0_248_1253, 575.54, 685.44, 0.000230258
FILLER_0_247_1281, 601.14, 685.44, 0.000222449
FILLER_0_248_1309, 613.94, 685.44, 0.000218545
FILLER_0_247_1337, 626.74, 685.44, 0.00021464
FILLER_0_247_1393, 652.34, 685.44, 0.000204987
FILLER_0_248_1421, 665.14, 685.44, 0.000199237
FILLER_0_247_1449, 677.94, 685.44, 0.000193488
FILLER_0_248_1477, 690.74, 685.44, 0.000187739
FILLER_0_247_1505, 703.54, 685.44, 0.00018199
FILLER_0_248_1533, 716.34, 685.44, 0.000176241
FILLER_0_247_1561, 729.14, 685.44, 0.000170491
FILLER_0_248_1589, 741.94, 685.44, 0.000164742
FILLER_0_247_1617, 754.74, 685.44, 0.000158993
FILLER_0_248_1645, 767.54, 685.44, 0.000153243
FILLER_0_247_1673, 780.34, 685.44, 0.000147494
FILLER_0_247_1729, 805.94, 685.44, 0.000135913
FILLER_0_248_1757, 818.74, 685.44, 0.000130081
FILLER_0_247_1785, 831.54, 685.44, 0.000124249
FILLER_0_248_1813, 844.34, 685.44, 0.000118417
FILLER_0_247_1841, 857.14, 685.44, 0.000112585
FILLER_0_248_1869, 869.94, 685.44, 0.000106753
FILLER_0_247_1897, 882.74, 685.44, 0.000100921
FILLER_0_248_1925, 895.54, 685.44, 9.50889e-05
FILLER_0_247_1953, 908.34, 685.44, 8.92569e-05
FILLER_0_248_1981, 921.14, 685.44, 8.34248e-05
FILLER_0_247_2009, 933.94, 685.44, 7.75928e-05
FILLER_0_247_2065, 958.57, 685.44, 7.17608e-05
FILLER_0_248_2093, 970.4, 685.44, 7.17608e-05
FILLER_0_247_2121, 982.23, 685.44, 7.17609e-05
PHY_490, 5.52, 680, 0.000134424
PHY_492, 5.52, 680, 0.000134424
input11, 5.52, 680, 0.000134424
PHY_491, 994.06, 680, 6.99776e-05
PHY_493, 994.06, 680, 6.99776e-05
FILLER_0_245_2141, 994.06, 680, 6.99776e-05
FILLER_0_246_2137, 994.06, 680, 6.99776e-05
FILLER_0_246_77, 37.94, 680, 0.000124718
FILLER_0_247_105, 50.74, 680, 0.000129469
FILLER_0_246_133, 63.54, 680, 0.00013422
FILLER_0_247_161, 76.34, 680, 0.00013897
FILLER_0_246_189, 89.14, 680, 0.000143721
FILLER_0_247_217, 101.94, 680, 0.000148471
FILLER_0_246_245, 114.74, 680, 0.000153222
FILLER_0_247_273, 127.54, 680, 0.000157973
FILLER_0_246_301, 140.34, 680, 0.000162723
FILLER_0_247_329, 153.14, 680, 0.000167474
FILLER_0_246_357, 165.94, 680, 0.000172224
FILLER_0_246_413, 191.54, 680, 0.000176307
FILLER_0_247_441, 204.34, 680, 0.000175638
FILLER_0_246_469, 217.14, 680, 0.00017497
FILLER_0_247_497, 229.94, 680, 0.000174302
FILLER_0_246_525, 242.74, 680, 0.000173634
FILLER_0_247_553, 255.54, 680, 0.000172966
FILLER_0_246_581, 268.34, 680, 0.000172298
FILLER_0_247_609, 281.14, 680, 0.000171629
FILLER_0_246_637, 293.94, 680, 0.000170961
FILLER_0_247_665, 306.74, 680, 0.000170293
FILLER_0_246_693, 319.54, 680, 0.000169625
FILLER_0_246_749, 345.14, 680, 0.000177231
FILLER_0_247_777, 357.94, 680, 0.000185505
FILLER_0_246_805, 370.74, 680, 0.000193779
FILLER_0_247_833, 383.54, 680, 0.000202054
FILLER_0_246_861, 396.34, 680, 0.000210328
FILLER_0_247_889, 409.14, 680, 0.000218602
FILLER_0_246_917, 421.94, 680, 0.000226876
FILLER_0_247_945, 434.74, 680, 0.000235151
FILLER_0_246_973, 447.54, 680, 0.000243425
FILLER_0_247_1001, 460.34, 680, 0.000251699
FILLER_0_246_1029, 473.14, 680, 0.000259973
FILLER_0_246_1085, 498.74, 680, 0.000264151
FILLER_0_247_1113, 511.54, 680, 0.000260054
FILLER_0_246_1141, 524.34, 680, 0.000255958
FILLER_0_247_1169, 537.14, 680, 0.000251861
FILLER_0_246_1197, 549.94, 680, 0.000247765
FILLER_0_247_1225, 562.74, 680, 0.000243668
FILLER_0_246_1253, 575.54, 680, 0.000239572
FILLER_0_245_1281, 601.14, 680, 0.000231379
FILLER_0_246_1309, 613.94, 680, 0.000227282
FILLER_0_245_1337, 626.74, 680, 0.000223186
FILLER_0_245_1393, 652.34, 680, 0.00021294
FILLER_0_246_1421, 665.14, 680, 0.000206791
FILLER_0_245_1449, 677.94, 680, 0.000200641
FILLER_0_246_1477, 690.74, 680, 0.000194492
FILLER_0_245_1505, 703.54, 680, 0.000188343
FILLER_0_246_1533, 716.34, 680, 0.000182193
FILLER_0_245_1561, 729.14, 680, 0.000176044
FILLER_0_246_1589, 741.94, 680, 0.000169895
FILLER_0_245_1617, 754.74, 680, 0.000163745
FILLER_0_246_1645, 767.54, 680, 0.000157596
FILLER_0_245_1673, 780.34, 680, 0.000151447
FILLER_0_245_1729, 805.94, 680, 0.000139021
FILLER_0_246_1757, 818.74, 680, 0.000132744
FILLER_0_245_1785, 831.54, 680, 0.000126468
FILLER_0_246_1813, 844.34, 680, 0.000120191
FILLER_0_245_1841, 857.14, 680, 0.000113914
FILLER_0_246_1869, 869.94, 680, 0.000107638
FILLER_0_245_1897, 882.74, 680, 0.000101361
FILLER_0_246_1925, 895.54, 680, 9.50842e-05
FILLER_0_245_1953, 908.34, 680, 8.88075e-05
FILLER_0_246_1981, 921.14, 680, 8.25308e-05
FILLER_0_245_2009, 933.94, 680, 7.62541e-05
FILLER_0_245_2065, 958.57, 680, 6.99775e-05
FILLER_0_246_2093, 970.4, 680, 6.99775e-05
FILLER_0_245_2121, 982.23, 680, 6.99776e-05
PHY_486, 5.52, 674.56, 0.000110306
PHY_488, 5.52, 674.56, 0.000110306
PHY_487, 994.06, 674.56, 6.79116e-05
PHY_489, 994.06, 674.56, 6.79116e-05
FILLER_0_243_2141, 994.06, 674.56, 6.79116e-05
FILLER_0_244_2137, 994.06, 674.56, 6.79116e-05
FILLER_0_244_77, 37.94, 674.56, 0.000116105
FILLER_0_245_105, 50.74, 674.56, 0.000121903
FILLER_0_244_133, 63.54, 674.56, 0.000127702
FILLER_0_245_161, 76.34, 674.56, 0.0001335
FILLER_0_244_189, 89.14, 674.56, 0.000139299
FILLER_0_245_217, 101.94, 674.56, 0.000145097
FILLER_0_244_245, 114.74, 674.56, 0.000150895
FILLER_0_245_273, 127.54, 674.56, 0.000156694
FILLER_0_244_301, 140.34, 674.56, 0.000162492
FILLER_0_245_329, 153.14, 674.56, 0.000168291
FILLER_0_244_357, 165.94, 674.56, 0.000174089
FILLER_0_244_413, 191.54, 674.56, 0.000178997
FILLER_0_245_441, 204.34, 674.56, 0.000178106
FILLER_0_244_469, 217.14, 674.56, 0.000177215
FILLER_0_245_497, 229.94, 674.56, 0.000176325
FILLER_0_244_525, 242.74, 674.56, 0.000175434
FILLER_0_245_553, 255.54, 674.56, 0.000174544
FILLER_0_244_581, 268.34, 674.56, 0.000173653
FILLER_0_245_609, 281.14, 674.56, 0.000172762
FILLER_0_244_637, 293.94, 674.56, 0.000171872
FILLER_0_245_665, 306.74, 674.56, 0.000170981
FILLER_0_244_693, 319.54, 674.56, 0.00017009
FILLER_0_244_749, 345.14, 674.56, 0.000178384
FILLER_0_245_777, 357.94, 674.56, 0.000187569
FILLER_0_244_805, 370.74, 674.56, 0.000196754
FILLER_0_245_833, 383.54, 674.56, 0.000205938
FILLER_0_244_861, 396.34, 674.56, 0.000215123
FILLER_0_245_889, 409.14, 674.56, 0.000224308
FILLER_0_244_917, 421.94, 674.56, 0.000233492
FILLER_0_245_945, 434.74, 674.56, 0.000242677
FILLER_0_244_973, 447.54, 674.56, 0.000251861
FILLER_0_245_1001, 460.34, 674.56, 0.000261046
FILLER_0_244_1029, 473.14, 674.56, 0.000270231
FILLER_0_244_1085, 498.74, 674.56, 0.000275094
FILLER_0_245_1113, 511.54, 674.56, 0.000270773
FILLER_0_244_1141, 524.34, 674.56, 0.000266451
FILLER_0_245_1169, 537.14, 674.56, 0.00026213
FILLER_0_244_1197, 549.94, 674.56, 0.000257809
FILLER_0_245_1225, 562.74, 674.56, 0.000253487
FILLER_0_244_1253, 575.54, 674.56, 0.000249166
FILLER_0_243_1281, 601.14, 674.56, 0.000240523
FILLER_0_244_1309, 613.94, 674.56, 0.000236202
FILLER_0_243_1337, 626.74, 674.56, 0.00023188
FILLER_0_243_1393, 652.34, 674.56, 0.000220999
FILLER_0_244_1421, 665.14, 674.56, 0.00021444
FILLER_0_243_1449, 677.94, 674.56, 0.000207881
FILLER_0_244_1477, 690.74, 674.56, 0.000201321
FILLER_0_243_1505, 703.54, 674.56, 0.000194762
FILLER_0_244_1533, 716.34, 674.56, 0.000188202
FILLER_0_243_1561, 729.14, 674.56, 0.000181643
FILLER_0_244_1589, 741.94, 674.56, 0.000175083
FILLER_0_243_1617, 754.74, 674.56, 0.000168524
FILLER_0_244_1645, 767.54, 674.56, 0.000161965
FILLER_0_243_1673, 780.34, 674.56, 0.000155405
FILLER_0_243_1729, 805.94, 674.56, 0.000142101
FILLER_0_244_1757, 818.74, 674.56, 0.000135357
FILLER_0_243_1785, 831.54, 674.56, 0.000128612
FILLER_0_244_1813, 844.34, 674.56, 0.000121868
FILLER_0_243_1841, 857.14, 674.56, 0.000115123
FILLER_0_244_1869, 869.94, 674.56, 0.000108379
FILLER_0_243_1897, 882.74, 674.56, 0.000101634
FILLER_0_244_1925, 895.54, 674.56, 9.48896e-05
FILLER_0_243_1953, 908.34, 674.56, 8.81451e-05
FILLER_0_244_1981, 921.14, 674.56, 8.14005e-05
FILLER_0_243_2009, 933.94, 674.56, 7.4656e-05
FILLER_0_243_2065, 958.57, 674.56, 6.79114e-05
FILLER_0_244_2093, 970.4, 674.56, 6.79115e-05
FILLER_0_243_2121, 982.23, 674.56, 6.79116e-05
PHY_482, 5.52, 669.12, 0.000107344
PHY_484, 5.52, 669.12, 0.000107344
PHY_483, 994.06, 669.12, 6.55418e-05
PHY_485, 994.06, 669.12, 6.55418e-05
FILLER_0_241_2141, 994.06, 669.12, 6.55418e-05
FILLER_0_242_2137, 994.06, 669.12, 6.55418e-05
FILLER_0_242_77, 37.94, 669.12, 0.000113686
FILLER_0_243_105, 50.74, 669.12, 0.000120028
FILLER_0_242_133, 63.54, 669.12, 0.00012637
FILLER_0_243_161, 76.34, 669.12, 0.000132712
FILLER_0_242_189, 89.14, 669.12, 0.000139054
FILLER_0_243_217, 101.94, 669.12, 0.000145396
FILLER_0_242_245, 114.74, 669.12, 0.000151738
FILLER_0_243_273, 127.54, 669.12, 0.000158081
FILLER_0_242_301, 140.34, 669.12, 0.000164423
FILLER_0_243_329, 153.14, 669.12, 0.000170765
FILLER_0_242_357, 165.94, 669.12, 0.000177107
FILLER_0_242_413, 191.54, 669.12, 0.000182252
FILLER_0_243_441, 204.34, 669.12, 0.000181055
FILLER_0_242_469, 217.14, 669.12, 0.000179858
FILLER_0_243_497, 229.94, 669.12, 0.000178661
FILLER_0_242_525, 242.74, 669.12, 0.000177464
FILLER_0_243_553, 255.54, 669.12, 0.000176267
FILLER_0_242_581, 268.34, 669.12, 0.00017507
FILLER_0_243_609, 281.14, 669.12, 0.000173873
FILLER_0_242_637, 293.94, 669.12, 0.000172676
FILLER_0_243_665, 306.74, 669.12, 0.000171479
FILLER_0_242_693, 319.54, 669.12, 0.000170282
FILLER_0_242_749, 345.14, 669.12, 0.000179257
FILLER_0_243_777, 357.94, 669.12, 0.000189428
FILLER_0_242_805, 370.74, 669.12, 0.0001996
FILLER_0_243_833, 383.54, 669.12, 0.000209771
FILLER_0_242_861, 396.34, 669.12, 0.000219943
FILLER_0_243_889, 409.14, 669.12, 0.000230114
FILLER_0_242_917, 421.94, 669.12, 0.000240285
FILLER_0_243_945, 434.74, 669.12, 0.000250457
FILLER_0_242_973, 447.54, 669.12, 0.000260628
FILLER_0_243_1001, 460.34, 669.12, 0.0002708
FILLER_0_242_1029, 473.14, 669.12, 0.000280971
FILLER_0_242_1085, 498.74, 669.12, 0.00028656
FILLER_0_243_1113, 511.54, 669.12, 0.000281978
FILLER_0_242_1141, 524.34, 669.12, 0.000277396
FILLER_0_243_1169, 537.14, 669.12, 0.000272814
FILLER_0_242_1197, 549.94, 669.12, 0.000268231
FILLER_0_243_1225, 562.74, 669.12, 0.000263649
FILLER_0_242_1253, 575.54, 669.12, 0.000259067
FILLER_0_241_1281, 601.14, 669.12, 0.000249902
FILLER_0_242_1309, 613.94, 669.12, 0.00024532
FILLER_0_241_1337, 626.74, 669.12, 0.000240738
FILLER_0_241_1393, 652.34, 669.12, 0.000229175
FILLER_0_242_1421, 665.14, 669.12, 0.000222195
FILLER_0_241_1449, 677.94, 669.12, 0.000215214
FILLER_0_242_1477, 690.74, 669.12, 0.000208234
FILLER_0_241_1505, 703.54, 669.12, 0.000201254
FILLER_0_242_1533, 716.34, 669.12, 0.000194274
FILLER_0_241_1561, 729.14, 669.12, 0.000187293
FILLER_0_242_1589, 741.94, 669.12, 0.000180313
FILLER_0_241_1617, 754.74, 669.12, 0.000173333
FILLER_0_242_1645, 767.54, 669.12, 0.000166352
FILLER_0_241_1673, 780.34, 669.12, 0.000159372
FILLER_0_241_1729, 805.94, 669.12, 0.000145154
FILLER_0_242_1757, 818.74, 669.12, 0.000137917
FILLER_0_241_1785, 831.54, 669.12, 0.000130679
FILLER_0_242_1813, 844.34, 669.12, 0.000123442
FILLER_0_241_1841, 857.14, 669.12, 0.000116204
FILLER_0_242_1869, 869.94, 669.12, 0.000108967
FILLER_0_241_1897, 882.74, 669.12, 0.000101729
FILLER_0_242_1925, 895.54, 669.12, 9.44918e-05
FILLER_0_241_1953, 908.34, 669.12, 8.72543e-05
FILLER_0_242_1981, 921.14, 669.12, 8.00167e-05
FILLER_0_241_2009, 933.94, 669.12, 7.27792e-05
FILLER_0_241_2065, 958.57, 669.12, 6.55417e-05
FILLER_0_242_2093, 970.4, 669.12, 6.55418e-05
FILLER_0_241_2121, 982.23, 669.12, 6.55418e-05
PHY_478, 5.52, 663.68, 0.000104112
PHY_480, 5.52, 663.68, 0.000104112
PHY_479, 994.06, 663.68, 6.28463e-05
PHY_481, 994.06, 663.68, 6.28463e-05
FILLER_0_239_2141, 994.06, 663.68, 6.28463e-05
FILLER_0_240_2137, 994.06, 663.68, 6.28463e-05
FILLER_0_240_77, 37.94, 663.68, 0.000111044
FILLER_0_241_105, 50.74, 663.68, 0.000117975
FILLER_0_240_133, 63.54, 663.68, 0.000124907
FILLER_0_241_161, 76.34, 663.68, 0.000131838
FILLER_0_240_189, 89.14, 663.68, 0.00013877
FILLER_0_241_217, 101.94, 663.68, 0.000145701
FILLER_0_240_245, 114.74, 663.68, 0.000152633
FILLER_0_241_273, 127.54, 663.68, 0.000159564
FILLER_0_240_301, 140.34, 663.68, 0.000166496
FILLER_0_241_329, 153.14, 663.68, 0.000173427
FILLER_0_240_357, 165.94, 663.68, 0.000180359
FILLER_0_240_413, 191.54, 663.68, 0.000185727
FILLER_0_241_441, 204.34, 663.68, 0.000184165
FILLER_0_240_469, 217.14, 663.68, 0.000182602
FILLER_0_241_497, 229.94, 663.68, 0.00018104
FILLER_0_240_525, 242.74, 663.68, 0.000179477
FILLER_0_241_553, 255.54, 663.68, 0.000177915
FILLER_0_240_581, 268.34, 663.68, 0.000176352
FILLER_0_241_609, 281.14, 663.68, 0.00017479
FILLER_0_240_637, 293.94, 663.68, 0.000173227
FILLER_0_241_665, 306.74, 663.68, 0.000171665
FILLER_0_240_693, 319.54, 663.68, 0.000170102
FILLER_0_240_749, 345.14, 663.68, 0.000179784
FILLER_0_241_777, 357.94, 663.68, 0.000191029
FILLER_0_240_805, 370.74, 663.68, 0.000202274
FILLER_0_241_833, 383.54, 663.68, 0.000213519
FILLER_0_240_861, 396.34, 663.68, 0.000224764
FILLER_0_241_889, 409.14, 663.68, 0.000236009
FILLER_0_240_917, 421.94, 663.68, 0.000247254
FILLER_0_241_945, 434.74, 663.68, 0.000258499
FILLER_0_240_973, 447.54, 663.68, 0.000269744
FILLER_0_241_1001, 460.34, 663.68, 0.000280989
FILLER_0_240_1029, 473.14, 663.68, 0.000292234
FILLER_0_240_1085, 498.74, 663.68, 0.000298596
FILLER_0_241_1113, 511.54, 663.68, 0.000293714
FILLER_0_240_1141, 524.34, 663.68, 0.000288831
FILLER_0_241_1169, 537.14, 663.68, 0.000283949
FILLER_0_240_1197, 549.94, 663.68, 0.000279066
FILLER_0_241_1225, 562.74, 663.68, 0.000274184
FILLER_0_240_1253, 575.54, 663.68, 0.000269301
FILLER_0_239_1281, 601.14, 663.68, 0.000259536
FILLER_0_240_1309, 613.94, 663.68, 0.000254654
FILLER_0_239_1337, 626.74, 663.68, 0.000249771
FILLER_0_239_1393, 652.34, 663.68, 0.000237476
FILLER_0_240_1421, 665.14, 663.68, 0.000230063
FILLER_0_239_1449, 677.94, 663.68, 0.000222651
FILLER_0_240_1477, 690.74, 663.68, 0.000215238
FILLER_0_239_1505, 703.54, 663.68, 0.000207826
FILLER_0_240_1533, 716.34, 663.68, 0.000200413
FILLER_0_239_1561, 729.14, 663.68, 0.000193001
FILLER_0_240_1589, 741.94, 663.68, 0.000185588
FILLER_0_239_1617, 754.74, 663.68, 0.000178175
FILLER_0_240_1645, 767.54, 663.68, 0.000170763
FILLER_0_239_1673, 780.34, 663.68, 0.00016335
FILLER_0_239_1729, 805.94, 663.68, 0.00014818
FILLER_0_240_1757, 818.74, 663.68, 0.000140422
FILLER_0_239_1785, 831.54, 663.68, 0.000132665
FILLER_0_240_1813, 844.34, 663.68, 0.000124907
FILLER_0_239_1841, 857.14, 663.68, 0.00011715
FILLER_0_240_1869, 869.94, 663.68, 0.000109392
FILLER_0_239_1897, 882.74, 663.68, 0.000101634
FILLER_0_240_1925, 895.54, 663.68, 9.38768e-05
FILLER_0_239_1953, 908.34, 663.68, 8.61191e-05
FILLER_0_240_1981, 921.14, 663.68, 7.83615e-05
FILLER_0_239_2009, 933.94, 663.68, 7.06038e-05
FILLER_0_239_2065, 958.57, 663.68, 6.28462e-05
FILLER_0_240_2093, 970.4, 663.68, 6.28462e-05
FILLER_0_239_2121, 982.23, 663.68, 6.28463e-05
PHY_474, 5.52, 658.24, 0.000100588
PHY_476, 5.52, 658.24, 0.000100588
PHY_475, 994.06, 658.24, 5.98018e-05
PHY_477, 994.06, 658.24, 5.98018e-05
FILLER_0_238_2137, 994.06, 658.24, 5.98018e-05
FILLER_0_238_77, 37.94, 658.24, 0.00010816
FILLER_0_239_105, 50.74, 658.24, 0.000115731
FILLER_0_238_133, 63.54, 658.24, 0.000123303
FILLER_0_239_161, 76.34, 658.24, 0.000130875
FILLER_0_238_189, 89.14, 658.24, 0.000138446
FILLER_0_239_217, 101.94, 658.24, 0.000146018
FILLER_0_238_245, 114.74, 658.24, 0.000153589
FILLER_0_239_273, 127.54, 658.24, 0.000161161
FILLER_0_238_301, 140.34, 658.24, 0.000168732
FILLER_0_239_329, 153.14, 658.24, 0.000176303
FILLER_0_238_357, 165.94, 658.24, 0.000183875
FILLER_0_238_413, 191.54, 658.24, 0.000189451
FILLER_0_239_441, 204.34, 658.24, 0.000187457
FILLER_0_238_469, 217.14, 658.24, 0.000185462
FILLER_0_239_497, 229.94, 658.24, 0.000183467
FILLER_0_238_525, 242.74, 658.24, 0.000181472
FILLER_0_239_553, 255.54, 658.24, 0.000179477
FILLER_0_238_581, 268.34, 658.24, 0.000177482
FILLER_0_239_609, 281.14, 658.24, 0.000175487
FILLER_0_238_637, 293.94, 658.24, 0.000173492
FILLER_0_239_665, 306.74, 658.24, 0.000171497
FILLER_0_238_693, 319.54, 658.24, 0.000169502
FILLER_0_238_749, 345.14, 658.24, 0.000179921
FILLER_0_239_777, 357.94, 658.24, 0.000192336
FILLER_0_238_805, 370.74, 658.24, 0.00020475
FILLER_0_239_833, 383.54, 658.24, 0.000217165
FILLER_0_238_861, 396.34, 658.24, 0.000229579
FILLER_0_239_889, 409.14, 658.24, 0.000241993
FILLER_0_238_917, 421.94, 658.24, 0.000254408
FILLER_0_239_945, 434.74, 658.24, 0.000266822
FILLER_0_238_973, 447.54, 658.24, 0.000279236
FILLER_0_239_1001, 460.34, 658.24, 0.000291651
FILLER_0_238_1029, 473.14, 658.24, 0.000304065
FILLER_0_238_1085, 498.74, 658.24, 0.000311254
FILLER_0_239_1113, 511.54, 658.24, 0.000306028
FILLER_0_238_1141, 524.34, 658.24, 0.000300802
FILLER_0_239_1169, 537.14, 658.24, 0.000295576
FILLER_0_238_1197, 549.94, 658.24, 0.00029035
FILLER_0_239_1225, 562.74, 658.24, 0.000285124
FILLER_0_238_1253, 575.54, 658.24, 0.000279898
FILLER_0_237_1281, 601.14, 658.24, 0.000269446
FILLER_0_238_1309, 613.94, 658.24, 0.00026422
FILLER_0_237_1337, 626.74, 658.24, 0.000258994
FILLER_0_237_1393, 652.34, 658.24, 0.000245911
FILLER_0_238_1421, 665.14, 658.24, 0.000238054
FILLER_0_237_1449, 677.94, 658.24, 0.000230197
FILLER_0_238_1477, 690.74, 658.24, 0.000222341
FILLER_0_237_1505, 703.54, 658.24, 0.000214484
FILLER_0_238_1533, 716.34, 658.24, 0.000206627
FILLER_0_237_1561, 729.14, 658.24, 0.00019877
FILLER_0_238_1589, 741.94, 658.24, 0.000190914
FILLER_0_237_1617, 754.74, 658.24, 0.000183057
FILLER_0_238_1645, 767.54, 658.24, 0.0001752
FILLER_0_237_1673, 780.34, 658.24, 0.000167343
FILLER_0_237_1729, 805.94, 658.24, 0.00015118
FILLER_0_238_1757, 818.74, 658.24, 0.000142872
FILLER_0_237_1785, 831.54, 658.24, 0.000134565
FILLER_0_238_1813, 844.34, 658.24, 0.000126258
FILLER_0_237_1841, 857.14, 658.24, 0.000117951
FILLER_0_238_1869, 869.94, 658.24, 0.000109644
FILLER_0_237_1897, 882.74, 658.24, 0.000101337
FILLER_0_238_1925, 895.54, 658.24, 9.30301e-05
FILLER_0_237_1953, 908.34, 658.24, 8.4723e-05
FILLER_0_238_1981, 921.14, 658.24, 7.64159e-05
FILLER_0_237_2009, 933.94, 658.24, 6.81087e-05
FILLER_0_237_2065, 958.57, 658.24, 5.98017e-05
FILLER_0_238_2093, 970.4, 658.24, 5.98017e-05
FILLER_0_237_2121, 982.23, 658.24, 5.98018e-05
PHY_470, 5.52, 652.8, 9.67454e-05
PHY_472, 5.52, 652.8, 9.67454e-05
PHY_471, 994.06, 652.8, 8.84842e-05
PHY_473, 994.06, 652.8, 8.84842e-05
FILLER_0_235_2141, 994.06, 652.8, 8.84842e-05
FILLER_0_236_2137, 994.06, 652.8, 8.84842e-05
FILLER_0_236_77, 37.94, 652.8, 0.000105013
FILLER_0_237_105, 50.74, 652.8, 0.000113281
FILLER_0_236_133, 63.54, 652.8, 0.000121549
FILLER_0_237_161, 76.34, 652.8, 0.000129817
FILLER_0_236_189, 89.14, 652.8, 0.000138084
FILLER_0_237_217, 101.94, 652.8, 0.000146352
FILLER_0_236_245, 114.74, 652.8, 0.00015462
FILLER_0_237_273, 127.54, 652.8, 0.000162888
FILLER_0_236_301, 140.34, 652.8, 0.000171155
FILLER_0_237_329, 153.14, 652.8, 0.000179423
FILLER_0_236_357, 165.94, 652.8, 0.000187691
FILLER_0_236_413, 191.54, 652.8, 0.000193456
FILLER_0_237_441, 204.34, 652.8, 0.000190953
FILLER_0_236_469, 217.14, 652.8, 0.000188451
FILLER_0_237_497, 229.94, 652.8, 0.000185948
FILLER_0_236_525, 242.74, 652.8, 0.000183445
FILLER_0_237_553, 255.54, 652.8, 0.000180942
FILLER_0_236_581, 268.34, 652.8, 0.00017844
FILLER_0_237_609, 281.14, 652.8, 0.000175937
FILLER_0_236_637, 293.94, 652.8, 0.000173434
FILLER_0_237_665, 306.74, 652.8, 0.000170931
FILLER_0_236_693, 319.54, 652.8, 0.000168429
FILLER_0_236_749, 345.14, 652.8, 0.000179616
FILLER_0_237_777, 357.94, 652.8, 0.000193306
FILLER_0_236_805, 370.74, 652.8, 0.000206996
FILLER_0_237_833, 383.54, 652.8, 0.000220686
FILLER_0_236_861, 396.34, 652.8, 0.000234376
FILLER_0_237_889, 409.14, 652.8, 0.000248067
FILLER_0_236_917, 421.94, 652.8, 0.000261757
FILLER_0_237_945, 434.74, 652.8, 0.000275447
FILLER_0_236_973, 447.54, 652.8, 0.000289137
FILLER_0_237_1001, 460.34, 652.8, 0.000302827
FILLER_0_236_1029, 473.14, 652.8, 0.000316517
FILLER_0_236_1085, 498.74, 652.8, 0.000324592
FILLER_0_237_1113, 511.54, 652.8, 0.000318976
FILLER_0_236_1141, 524.34, 652.8, 0.000313361
FILLER_0_237_1169, 537.14, 652.8, 0.000307746
FILLER_0_236_1197, 549.94, 652.8, 0.00030213
FILLER_0_237_1225, 562.74, 652.8, 0.000296515
FILLER_0_236_1253, 575.54, 652.8, 0.0002909
FILLER_0_235_1281, 601.14, 652.8, 0.000279669
FILLER_0_236_1309, 613.94, 652.8, 0.000274054
FILLER_0_235_1337, 626.74, 652.8, 0.000268438
FILLER_0_235_1393, 652.34, 652.8, 0.00025454
FILLER_0_236_1421, 665.14, 652.8, 0.000246258
FILLER_0_235_1449, 677.94, 652.8, 0.000237975
FILLER_0_236_1477, 690.74, 652.8, 0.000229693
FILLER_0_235_1505, 703.54, 652.8, 0.00022141
FILLER_0_236_1533, 716.34, 652.8, 0.000213127
FILLER_0_235_1561, 729.14, 652.8, 0.000204845
FILLER_0_236_1589, 741.94, 652.8, 0.000196562
FILLER_0_235_1617, 754.74, 652.8, 0.000188279
FILLER_0_236_1645, 767.54, 652.8, 0.000179997
FILLER_0_235_1673, 780.34, 652.8, 0.000171714
FILLER_0_235_1729, 805.94, 652.8, 0.000155072
FILLER_0_236_1757, 818.74, 652.8, 0.000146713
FILLER_0_235_1785, 831.54, 652.8, 0.000138353
FILLER_0_236_1813, 844.34, 652.8, 0.000129994
FILLER_0_235_1841, 857.14, 652.8, 0.000121635
FILLER_0_236_1869, 869.94, 652.8, 0.000113276
FILLER_0_235_1897, 882.74, 652.8, 0.000104916
FILLER_0_236_1925, 895.54, 652.8, 9.6557e-05
FILLER_0_235_1953, 908.34, 652.8, 8.81976e-05
FILLER_0_236_1981, 921.14, 652.8, 7.98383e-05
FILLER_0_235_2009, 933.94, 652.8, 7.14789e-05
FILLER_0_235_2065, 958.57, 652.8, 7.15744e-05
FILLER_0_236_2093, 970.4, 652.8, 8.00293e-05
input7, 982.23, 652.8, 8.84842e-05
FILLER_0_235_2121, 982.23, 652.8, 8.84842e-05
FILLER_0_237_2129, 982.23, 652.8, 8.84842e-05
PHY_466, 5.52, 647.36, 9.25548e-05
PHY_468, 5.52, 647.36, 9.25548e-05
PHY_467, 994.06, 647.36, 5.21758e-05
PHY_469, 994.06, 647.36, 5.21758e-05
FILLER_0_233_2141, 994.06, 647.36, 5.21758e-05
FILLER_0_234_2137, 994.06, 647.36, 5.21758e-05
FILLER_0_234_77, 37.94, 647.36, 0.000101581
FILLER_0_235_105, 50.74, 647.36, 0.000110608
FILLER_0_234_133, 63.54, 647.36, 0.000119634
FILLER_0_235_161, 76.34, 647.36, 0.000128661
FILLER_0_234_189, 89.14, 647.36, 0.000137687
FILLER_0_235_217, 101.94, 647.36, 0.000146714
FILLER_0_234_245, 114.74, 647.36, 0.00015574
FILLER_0_235_273, 127.54, 647.36, 0.000164766
FILLER_0_234_301, 140.34, 647.36, 0.000173793
FILLER_0_235_329, 153.14, 647.36, 0.000182819
FILLER_0_234_357, 165.94, 647.36, 0.000191846
FILLER_0_234_413, 191.54, 647.36, 0.000197777
FILLER_0_235_441, 204.34, 647.36, 0.000194681
FILLER_0_234_469, 217.14, 647.36, 0.000191586
FILLER_0_235_497, 229.94, 647.36, 0.00018849
FILLER_0_234_525, 242.74, 647.36, 0.000185395
FILLER_0_235_553, 255.54, 647.36, 0.000182299
FILLER_0_234_581, 268.34, 647.36, 0.000179204
FILLER_0_235_609, 281.14, 647.36, 0.000176108
FILLER_0_234_637, 293.94, 647.36, 0.000173013
FILLER_0_235_665, 306.74, 647.36, 0.000169917
FILLER_0_234_693, 319.54, 647.36, 0.000166822
FILLER_0_234_749, 345.14, 647.36, 0.00017881
FILLER_0_235_777, 357.94, 647.36, 0.000193893
FILLER_0_234_805, 370.74, 647.36, 0.000208976
FILLER_0_235_833, 383.54, 647.36, 0.000224059
FILLER_0_234_861, 396.34, 647.36, 0.000239142
FILLER_0_235_889, 409.14, 647.36, 0.000254225
FILLER_0_234_917, 421.94, 647.36, 0.000269308
FILLER_0_235_945, 434.74, 647.36, 0.000284392
FILLER_0_234_973, 447.54, 647.36, 0.000299475
FILLER_0_235_1001, 460.34, 647.36, 0.000314558
FILLER_0_234_1029, 473.14, 647.36, 0.000329641
FILLER_0_234_1085, 498.74, 647.36, 0.000338663
FILLER_0_235_1113, 511.54, 647.36, 0.000332602
FILLER_0_234_1141, 524.34, 647.36, 0.000326541
FILLER_0_235_1169, 537.14, 647.36, 0.000320479
FILLER_0_234_1197, 549.94, 647.36, 0.000314418
FILLER_0_235_1225, 562.74, 647.36, 0.000308357
FILLER_0_234_1253, 575.54, 647.36, 0.000302296
FILLER_0_233_1281, 601.14, 647.36, 0.000290174
FILLER_0_234_1309, 613.94, 647.36, 0.000284113
FILLER_0_233_1337, 626.74, 647.36, 0.000278051
FILLER_0_233_1393, 652.34, 647.36, 0.000263205
FILLER_0_234_1421, 665.14, 647.36, 0.000254419
FILLER_0_233_1449, 677.94, 647.36, 0.000245634
FILLER_0_234_1477, 690.74, 647.36, 0.000236848
FILLER_0_233_1505, 703.54, 647.36, 0.000228063
FILLER_0_234_1533, 716.34, 647.36, 0.000219277
FILLER_0_233_1561, 729.14, 647.36, 0.000210492
FILLER_0_234_1589, 741.94, 647.36, 0.000201706
FILLER_0_233_1617, 754.74, 647.36, 0.000192921
FILLER_0_234_1645, 767.54, 647.36, 0.000184135
FILLER_0_233_1673, 780.34, 647.36, 0.00017535
FILLER_0_233_1729, 805.94, 647.36, 0.000157032
FILLER_0_234_1757, 818.74, 647.36, 0.000147499
FILLER_0_233_1785, 831.54, 647.36, 0.000137967
FILLER_0_234_1813, 844.34, 647.36, 0.000128435
FILLER_0_233_1841, 857.14, 647.36, 0.000118902
FILLER_0_234_1869, 869.94, 647.36, 0.00010937
FILLER_0_233_1897, 882.74, 647.36, 9.98376e-05
FILLER_0_234_1925, 895.54, 647.36, 9.03052e-05
FILLER_0_233_1953, 908.34, 647.36, 8.07728e-05
FILLER_0_234_1981, 921.14, 647.36, 7.12404e-05
FILLER_0_233_2009, 933.94, 647.36, 6.1708e-05
FILLER_0_233_2065, 958.57, 647.36, 5.21756e-05
FILLER_0_234_2093, 970.4, 647.36, 5.21757e-05
FILLER_0_233_2121, 982.23, 647.36, 5.21758e-05
PHY_462, 5.52, 641.92, 9.80823e-05
PHY_464, 5.52, 641.92, 9.80823e-05
PHY_463, 994.06, 641.92, 5.24746e-05
PHY_465, 994.06, 641.92, 5.24746e-05
FILLER_0_231_2141, 994.06, 641.92, 5.24746e-05
FILLER_0_232_2137, 994.06, 641.92, 5.24746e-05
FILLER_0_232_77, 37.94, 641.92, 0.00010766
FILLER_0_233_105, 50.74, 641.92, 0.000117238
FILLER_0_232_133, 63.54, 641.92, 0.000126815
FILLER_0_233_161, 76.34, 641.92, 0.000136393
FILLER_0_232_189, 89.14, 641.92, 0.00014597
FILLER_0_233_217, 101.94, 641.92, 0.000155548
FILLER_0_232_245, 114.74, 641.92, 0.000165125
FILLER_0_233_273, 127.54, 641.92, 0.000174703
FILLER_0_232_301, 140.34, 641.92, 0.000184281
FILLER_0_233_329, 153.14, 641.92, 0.000193858
FILLER_0_232_357, 165.94, 641.92, 0.000203436
FILLER_0_232_413, 191.54, 641.92, 0.000210089
FILLER_0_233_441, 204.34, 641.92, 0.000207165
FILLER_0_232_469, 217.14, 641.92, 0.000204241
FILLER_0_233_497, 229.94, 641.92, 0.000201316
FILLER_0_232_525, 242.74, 641.92, 0.000198392
FILLER_0_233_553, 255.54, 641.92, 0.000195468
FILLER_0_232_581, 268.34, 641.92, 0.000192544
FILLER_0_233_609, 281.14, 641.92, 0.00018962
FILLER_0_232_637, 293.94, 641.92, 0.000186695
FILLER_0_233_665, 306.74, 641.92, 0.000183771
FILLER_0_232_693, 319.54, 641.92, 0.000180847
FILLER_0_232_749, 345.14, 641.92, 0.000193672
FILLER_0_233_777, 357.94, 641.92, 0.000209422
FILLER_0_232_805, 370.74, 641.92, 0.000225171
FILLER_0_233_833, 383.54, 641.92, 0.000240921
FILLER_0_232_861, 396.34, 641.92, 0.000256671
FILLER_0_233_889, 409.14, 641.92, 0.00027242
FILLER_0_232_917, 421.94, 641.92, 0.00028817
FILLER_0_233_945, 434.74, 641.92, 0.000303919
FILLER_0_232_973, 447.54, 641.92, 0.000319669
FILLER_0_233_1001, 460.34, 641.92, 0.000335419
FILLER_0_232_1029, 473.14, 641.92, 0.000351168
FILLER_0_232_1085, 498.74, 641.92, 0.000359903
FILLER_0_233_1113, 511.54, 641.92, 0.000352889
FILLER_0_232_1141, 524.34, 641.92, 0.000345874
FILLER_0_233_1169, 537.14, 641.92, 0.00033886
FILLER_0_232_1197, 549.94, 641.92, 0.000331845
FILLER_0_233_1225, 562.74, 641.92, 0.000324831
FILLER_0_232_1253, 575.54, 641.92, 0.000317816
FILLER_0_231_1281, 601.14, 641.92, 0.000303787
FILLER_0_232_1309, 613.94, 641.92, 0.000296772
FILLER_0_231_1337, 626.74, 641.92, 0.000289758
FILLER_0_231_1393, 652.34, 641.92, 0.000273455
FILLER_0_232_1421, 665.14, 641.92, 0.000264166
FILLER_0_231_1449, 677.94, 641.92, 0.000254878
FILLER_0_232_1477, 690.74, 641.92, 0.00024559
FILLER_0_231_1505, 703.54, 641.92, 0.000236301
FILLER_0_232_1533, 716.34, 641.92, 0.000227013
FILLER_0_231_1561, 729.14, 641.92, 0.000217724
FILLER_0_232_1589, 741.94, 641.92, 0.000208436
FILLER_0_231_1617, 754.74, 641.92, 0.000199147
FILLER_0_232_1645, 767.54, 641.92, 0.000189859
FILLER_0_231_1673, 780.34, 641.92, 0.00018057
FILLER_0_231_1729, 805.94, 641.92, 0.000161381
FILLER_0_232_1757, 818.74, 641.92, 0.000151481
FILLER_0_231_1785, 831.54, 641.92, 0.00014158
FILLER_0_232_1813, 844.34, 641.92, 0.00013168
FILLER_0_231_1841, 857.14, 641.92, 0.000121779
FILLER_0_232_1869, 869.94, 641.92, 0.000111878
FILLER_0_231_1897, 882.74, 641.92, 0.000101978
FILLER_0_232_1925, 895.54, 641.92, 9.20771e-05
FILLER_0_231_1953, 908.34, 641.92, 8.21764e-05
FILLER_0_232_1981, 921.14, 641.92, 7.22758e-05
FILLER_0_231_2009, 933.94, 641.92, 6.23751e-05
FILLER_0_231_2065, 958.57, 641.92, 5.24745e-05
FILLER_0_232_2093, 970.4, 641.92, 5.24746e-05
FILLER_0_231_2121, 982.23, 641.92, 5.24746e-05
PHY_458, 5.52, 636.48, 0.000126808
PHY_460, 5.52, 636.48, 0.000126808
PHY_459, 994.06, 636.48, 6.38634e-05
PHY_461, 994.06, 636.48, 6.38634e-05
FILLER_0_229_2141, 994.06, 636.48, 6.38634e-05
FILLER_0_230_2137, 994.06, 636.48, 6.38634e-05
FILLER_0_230_77, 37.94, 636.48, 0.000136362
FILLER_0_231_105, 50.74, 636.48, 0.000145916
FILLER_0_230_133, 63.54, 636.48, 0.00015547
FILLER_0_231_161, 76.34, 636.48, 0.000165024
FILLER_0_230_189, 89.14, 636.48, 0.000174579
FILLER_0_231_217, 101.94, 636.48, 0.000184133
FILLER_0_230_245, 114.74, 636.48, 0.000193687
FILLER_0_231_273, 127.54, 636.48, 0.000203241
FILLER_0_230_301, 140.34, 636.48, 0.000212795
FILLER_0_231_329, 153.14, 636.48, 0.000222349
FILLER_0_230_357, 165.94, 636.48, 0.000231904
FILLER_0_230_413, 191.54, 636.48, 0.000240616
FILLER_0_231_441, 204.34, 636.48, 0.000239774
FILLER_0_230_469, 217.14, 636.48, 0.000238932
FILLER_0_231_497, 229.94, 636.48, 0.00023809
FILLER_0_230_525, 242.74, 636.48, 0.000237249
FILLER_0_231_553, 255.54, 636.48, 0.000236407
FILLER_0_230_581, 268.34, 636.48, 0.000235565
FILLER_0_231_609, 281.14, 636.48, 0.000234723
FILLER_0_230_637, 293.94, 636.48, 0.000233881
FILLER_0_231_665, 306.74, 636.48, 0.000233039
FILLER_0_230_693, 319.54, 636.48, 0.000232197
FILLER_0_230_749, 345.14, 636.48, 0.000245906
FILLER_0_231_777, 357.94, 636.48, 0.000260456
FILLER_0_230_805, 370.74, 636.48, 0.000275007
FILLER_0_231_833, 383.54, 636.48, 0.000289557
FILLER_0_230_861, 396.34, 636.48, 0.000304108
FILLER_0_231_889, 409.14, 636.48, 0.000318658
FILLER_0_230_917, 421.94, 636.48, 0.000333208
FILLER_0_231_945, 434.74, 636.48, 0.000347759
FILLER_0_230_973, 447.54, 636.48, 0.000362309
FILLER_0_231_1001, 460.34, 636.48, 0.00037686
FILLER_0_230_1029, 473.14, 636.48, 0.00039141
FILLER_0_230_1085, 498.74, 636.48, 0.000396873
FILLER_0_231_1113, 511.54, 636.48, 0.000387786
FILLER_0_230_1141, 524.34, 636.48, 0.000378698
FILLER_0_231_1169, 537.14, 636.48, 0.000369611
FILLER_0_230_1197, 549.94, 636.48, 0.000360524
FILLER_0_231_1225, 562.74, 636.48, 0.000351436
FILLER_0_230_1253, 575.54, 636.48, 0.000342349
FILLER_0_229_1281, 601.14, 636.48, 0.000324174
FILLER_0_230_1309, 613.94, 636.48, 0.000315087
FILLER_0_229_1337, 626.74, 636.48, 0.000305999
FILLER_0_229_1393, 652.34, 636.48, 0.000287066
FILLER_0_230_1421, 665.14, 636.48, 0.000277221
FILLER_0_229_1449, 677.94, 636.48, 0.000267375
FILLER_0_230_1477, 690.74, 636.48, 0.00025753
FILLER_0_229_1505, 703.54, 636.48, 0.000247684
FILLER_0_230_1533, 716.34, 636.48, 0.000237839
FILLER_0_229_1561, 729.14, 636.48, 0.000227993
FILLER_0_230_1589, 741.94, 636.48, 0.000218147
FILLER_0_229_1617, 754.74, 636.48, 0.000208302
FILLER_0_230_1645, 767.54, 636.48, 0.000198456
FILLER_0_229_1673, 780.34, 636.48, 0.000188611
FILLER_0_229_1729, 805.94, 636.48, 0.00016919
FILLER_0_230_1757, 818.74, 636.48, 0.000159615
FILLER_0_229_1785, 831.54, 636.48, 0.00015004
FILLER_0_230_1813, 844.34, 636.48, 0.000140465
FILLER_0_229_1841, 857.14, 636.48, 0.00013089
FILLER_0_230_1869, 869.94, 636.48, 0.000121314
FILLER_0_229_1897, 882.74, 636.48, 0.000111739
FILLER_0_230_1925, 895.54, 636.48, 0.000102164
FILLER_0_229_1953, 908.34, 636.48, 9.25888e-05
FILLER_0_230_1981, 921.14, 636.48, 8.30136e-05
FILLER_0_229_2009, 933.94, 636.48, 7.34384e-05
FILLER_0_229_2065, 958.57, 636.48, 6.38633e-05
FILLER_0_230_2093, 970.4, 636.48, 6.38633e-05
FILLER_0_229_2121, 982.23, 636.48, 6.38634e-05
PHY_454, 5.52, 631.04, 0.000155126
PHY_456, 5.52, 631.04, 0.000155126
PHY_455, 994.06, 631.04, 7.48193e-05
PHY_457, 994.06, 631.04, 7.48193e-05
FILLER_0_227_2141, 994.06, 631.04, 7.48193e-05
FILLER_0_228_2137, 994.06, 631.04, 7.48193e-05
FILLER_0_228_77, 37.94, 631.04, 0.000164723
FILLER_0_229_105, 50.74, 631.04, 0.00017432
FILLER_0_228_133, 63.54, 631.04, 0.000183917
FILLER_0_229_161, 76.34, 631.04, 0.000193513
FILLER_0_228_189, 89.14, 631.04, 0.00020311
FILLER_0_229_217, 101.94, 631.04, 0.000212707
FILLER_0_228_245, 114.74, 631.04, 0.000222303
FILLER_0_229_273, 127.54, 631.04, 0.0002319
FILLER_0_228_301, 140.34, 631.04, 0.000241497
FILLER_0_229_329, 153.14, 631.04, 0.000251093
FILLER_0_228_357, 165.94, 631.04, 0.00026069
FILLER_0_228_413, 191.54, 631.04, 0.000271447
FILLER_0_229_441, 204.34, 631.04, 0.000272608
FILLER_0_228_469, 217.14, 631.04, 0.000273769
FILLER_0_229_497, 229.94, 631.04, 0.000274929
FILLER_0_228_525, 242.74, 631.04, 0.00027609
FILLER_0_229_553, 255.54, 631.04, 0.00027725
FILLER_0_228_581, 268.34, 631.04, 0.000278411
FILLER_0_229_609, 281.14, 631.04, 0.000279572
FILLER_0_228_637, 293.94, 631.04, 0.000280732
FILLER_0_229_665, 306.74, 631.04, 0.000281893
FILLER_0_228_693, 319.54, 631.04, 0.000283053
FILLER_0_228_749, 345.14, 631.04, 0.000297694
FILLER_0_229_777, 357.94, 631.04, 0.000311174
FILLER_0_228_805, 370.74, 631.04, 0.000324655
FILLER_0_229_833, 383.54, 631.04, 0.000338135
FILLER_0_228_861, 396.34, 631.04, 0.000351615
FILLER_0_229_889, 409.14, 631.04, 0.000365096
FILLER_0_228_917, 421.94, 631.04, 0.000378576
FILLER_0_229_945, 434.74, 631.04, 0.000392056
FILLER_0_228_973, 447.54, 631.04, 0.000405537
FILLER_0_229_1001, 460.34, 631.04, 0.000419017
FILLER_0_228_1029, 473.14, 631.04, 0.000432497
FILLER_0_228_1085, 498.74, 631.04, 0.000434743
FILLER_0_229_1113, 511.54, 631.04, 0.000423509
FILLER_0_228_1141, 524.34, 631.04, 0.000412275
FILLER_0_229_1169, 537.14, 631.04, 0.000401041
FILLER_0_228_1197, 549.94, 631.04, 0.000389806
FILLER_0_229_1225, 562.74, 631.04, 0.000378572
FILLER_0_228_1253, 575.54, 631.04, 0.000367338
FILLER_0_227_1281, 601.14, 631.04, 0.00034487
FILLER_0_228_1309, 613.94, 631.04, 0.000333635
FILLER_0_227_1337, 626.74, 631.04, 0.000322401
FILLER_0_227_1393, 652.34, 631.04, 0.000300754
FILLER_0_228_1421, 665.14, 631.04, 0.000290342
FILLER_0_227_1449, 677.94, 631.04, 0.000279929
FILLER_0_228_1477, 690.74, 631.04, 0.000269517
FILLER_0_227_1505, 703.54, 631.04, 0.000259105
FILLER_0_228_1533, 716.34, 631.04, 0.000248692
FILLER_0_227_1561, 729.14, 631.04, 0.00023828
FILLER_0_228_1589, 741.94, 631.04, 0.000227867
FILLER_0_227_1617, 754.74, 631.04, 0.000217455
FILLER_0_228_1645, 767.54, 631.04, 0.000207042
FILLER_0_227_1673, 780.34, 631.04, 0.000196629
FILLER_0_227_1729, 805.94, 631.04, 0.000176934
FILLER_0_228_1757, 818.74, 631.04, 0.000167651
FILLER_0_227_1785, 831.54, 631.04, 0.000158368
FILLER_0_228_1813, 844.34, 631.04, 0.000149084
FILLER_0_227_1841, 857.14, 631.04, 0.000139801
FILLER_0_228_1869, 869.94, 631.04, 0.000130518
FILLER_0_227_1897, 882.74, 631.04, 0.000121235
FILLER_0_228_1925, 895.54, 631.04, 0.000111952
FILLER_0_227_1953, 908.34, 631.04, 0.000102669
FILLER_0_228_1981, 921.14, 631.04, 9.33855e-05
FILLER_0_227_2009, 933.94, 631.04, 8.41023e-05
FILLER_0_227_2065, 958.57, 631.04, 7.48191e-05
FILLER_0_228_2093, 970.4, 631.04, 7.48192e-05
FILLER_0_227_2121, 982.23, 631.04, 7.48192e-05
PHY_450, 5.52, 625.6, 0.000183032
PHY_452, 5.52, 625.6, 0.000183032
PHY_451, 994.06, 625.6, 8.5353e-05
PHY_453, 994.06, 625.6, 8.5353e-05
FILLER_0_225_2141, 994.06, 625.6, 8.5353e-05
FILLER_0_226_2137, 994.06, 625.6, 8.5353e-05
FILLER_0_226_77, 37.94, 625.6, 0.000192731
FILLER_0_227_105, 50.74, 625.6, 0.000202431
FILLER_0_226_133, 63.54, 625.6, 0.00021213
FILLER_0_227_161, 76.34, 625.6, 0.000221829
FILLER_0_226_189, 89.14, 625.6, 0.000231529
FILLER_0_227_217, 101.94, 625.6, 0.000241228
FILLER_0_226_245, 114.74, 625.6, 0.000250927
FILLER_0_227_273, 127.54, 625.6, 0.000260627
FILLER_0_226_301, 140.34, 625.6, 0.000270326
FILLER_0_227_329, 153.14, 625.6, 0.000280025
FILLER_0_226_357, 165.94, 625.6, 0.000289725
FILLER_0_226_413, 191.54, 625.6, 0.000302524
FILLER_0_227_441, 204.34, 625.6, 0.000305624
FILLER_0_226_469, 217.14, 625.6, 0.000308725
FILLER_0_227_497, 229.94, 625.6, 0.000311825
FILLER_0_226_525, 242.74, 625.6, 0.000314925
FILLER_0_227_553, 255.54, 625.6, 0.000318025
FILLER_0_226_581, 268.34, 625.6, 0.000321125
FILLER_0_227_609, 281.14, 625.6, 0.000324226
FILLER_0_226_637, 293.94, 625.6, 0.000327326
FILLER_0_227_665, 306.74, 625.6, 0.000330426
FILLER_0_226_693, 319.54, 625.6, 0.000333526
FILLER_0_226_749, 345.14, 625.6, 0.000349159
FILLER_0_227_777, 357.94, 625.6, 0.000361692
FILLER_0_226_805, 370.74, 625.6, 0.000374224
FILLER_0_227_833, 383.54, 625.6, 0.000386757
FILLER_0_226_861, 396.34, 625.6, 0.00039929
FILLER_0_227_889, 409.14, 625.6, 0.000411822
FILLER_0_226_917, 421.94, 625.6, 0.000424355
FILLER_0_227_945, 434.74, 625.6, 0.000436888
FILLER_0_226_973, 447.54, 625.6, 0.00044942
FILLER_0_227_1001, 460.34, 625.6, 0.000461953
FILLER_0_226_1029, 473.14, 625.6, 0.000474486
FILLER_0_226_1085, 498.74, 625.6, 0.000473554
FILLER_0_227_1113, 511.54, 625.6, 0.000460089
FILLER_0_226_1141, 524.34, 625.6, 0.000446624
FILLER_0_227_1169, 537.14, 625.6, 0.00043316
FILLER_0_226_1197, 549.94, 625.6, 0.000419695
FILLER_0_227_1225, 562.74, 625.6, 0.00040623
FILLER_0_226_1253, 575.54, 625.6, 0.000392766
FILLER_0_225_1281, 601.14, 625.6, 0.000365836
FILLER_0_226_1309, 613.94, 625.6, 0.000352371
FILLER_0_225_1337, 626.74, 625.6, 0.000338907
FILLER_0_225_1393, 652.34, 625.6, 0.000314455
FILLER_0_226_1421, 665.14, 625.6, 0.000303468
FILLER_0_225_1449, 677.94, 625.6, 0.000292481
FILLER_0_226_1477, 690.74, 625.6, 0.000281494
FILLER_0_225_1505, 703.54, 625.6, 0.000270507
FILLER_0_226_1533, 716.34, 625.6, 0.00025952
FILLER_0_225_1561, 729.14, 625.6, 0.000248533
FILLER_0_226_1589, 741.94, 625.6, 0.000237546
FILLER_0_225_1617, 754.74, 625.6, 0.000226559
FILLER_0_226_1645, 767.54, 625.6, 0.000215572
FILLER_0_225_1673, 780.34, 625.6, 0.000204585
FILLER_0_225_1729, 805.94, 625.6, 0.000184577
FILLER_0_226_1757, 818.74, 625.6, 0.000175557
FILLER_0_225_1785, 831.54, 625.6, 0.000166537
FILLER_0_226_1813, 844.34, 625.6, 0.000157516
FILLER_0_225_1841, 857.14, 625.6, 0.000148496
FILLER_0_226_1869, 869.94, 625.6, 0.000139475
FILLER_0_225_1897, 882.74, 625.6, 0.000130455
FILLER_0_226_1925, 895.54, 625.6, 0.000121435
FILLER_0_225_1953, 908.34, 625.6, 0.000112414
FILLER_0_226_1981, 921.14, 625.6, 0.000103394
FILLER_0_225_2009, 933.94, 625.6, 9.43732e-05
FILLER_0_225_2065, 958.57, 625.6, 8.53528e-05
FILLER_0_226_2093, 970.4, 625.6, 8.53529e-05
FILLER_0_225_2121, 982.23, 625.6, 8.53529e-05
PHY_446, 5.52, 620.16, 0.000210516
PHY_448, 5.52, 620.16, 0.000210516
PHY_447, 994.06, 620.16, 9.54739e-05
PHY_449, 994.06, 620.16, 9.54739e-05
FILLER_0_223_2141, 994.06, 620.16, 9.54739e-05
FILLER_0_224_2137, 994.06, 620.16, 9.54739e-05
FILLER_0_224_77, 37.94, 620.16, 0.000220373
FILLER_0_225_105, 50.74, 620.16, 0.000230229
FILLER_0_224_133, 63.54, 620.16, 0.000240086
FILLER_0_225_161, 76.34, 620.16, 0.000249943
FILLER_0_224_189, 89.14, 620.16, 0.0002598
FILLER_0_225_217, 101.94, 620.16, 0.000269657
FILLER_0_224_245, 114.74, 620.16, 0.000279514
FILLER_0_225_273, 127.54, 620.16, 0.000289371
FILLER_0_224_301, 140.34, 620.16, 0.000299228
FILLER_0_225_329, 153.14, 620.16, 0.000309084
FILLER_0_224_357, 165.94, 620.16, 0.000318941
FILLER_0_224_413, 191.54, 620.16, 0.000333791
FILLER_0_225_441, 204.34, 620.16, 0.000338784
FILLER_0_224_469, 217.14, 620.16, 0.000343777
FILLER_0_225_497, 229.94, 620.16, 0.00034877
FILLER_0_224_525, 242.74, 620.16, 0.000353763
FILLER_0_225_553, 255.54, 620.16, 0.000358756
FILLER_0_224_581, 268.34, 620.16, 0.00036375
FILLER_0_225_609, 281.14, 620.16, 0.000368743
FILLER_0_224_637, 293.94, 620.16, 0.000373736
FILLER_0_225_665, 306.74, 620.16, 0.000378729
FILLER_0_224_693, 319.54, 620.16, 0.000383722
FILLER_0_224_749, 345.14, 620.16, 0.000400417
FILLER_0_225_777, 357.94, 620.16, 0.000412119
FILLER_0_224_805, 370.74, 620.16, 0.000423821
FILLER_0_225_833, 383.54, 620.16, 0.000435523
FILLER_0_224_861, 396.34, 620.16, 0.000447225
FILLER_0_225_889, 409.14, 620.16, 0.000458928
FILLER_0_224_917, 421.94, 620.16, 0.00047063
FILLER_0_225_945, 434.74, 620.16, 0.000482332
FILLER_0_224_973, 447.54, 620.16, 0.000494034
FILLER_0_225_1001, 460.34, 620.16, 0.000505736
FILLER_0_224_1029, 473.14, 620.16, 0.000517438
FILLER_0_224_1085, 498.74, 620.16, 0.000513351
FILLER_0_225_1113, 511.54, 620.16, 0.000497562
FILLER_0_224_1141, 524.34, 620.16, 0.000481772
FILLER_0_225_1169, 537.14, 620.16, 0.000465983
FILLER_0_224_1197, 549.94, 620.16, 0.000450194
FILLER_0_225_1225, 562.74, 620.16, 0.000434404
FILLER_0_224_1253, 575.54, 620.16, 0.000418615
FILLER_0_223_1281, 601.14, 620.16, 0.000387036
FILLER_0_224_1309, 613.94, 620.16, 0.000371247
FILLER_0_223_1337, 626.74, 620.16, 0.000355457
FILLER_0_223_1393, 652.34, 620.16, 0.000328101
FILLER_0_224_1421, 665.14, 620.16, 0.000316535
FILLER_0_223_1449, 677.94, 620.16, 0.000304968
FILLER_0_224_1477, 690.74, 620.16, 0.000293402
FILLER_0_223_1505, 703.54, 620.16, 0.000281835
FILLER_0_224_1533, 716.34, 620.16, 0.000270268
FILLER_0_223_1561, 729.14, 620.16, 0.000258702
FILLER_0_224_1589, 741.94, 620.16, 0.000247135
FILLER_0_223_1617, 754.74, 620.16, 0.000235568
FILLER_0_224_1645, 767.54, 620.16, 0.000224002
FILLER_0_223_1673, 780.34, 620.16, 0.000212435
FILLER_0_223_1729, 805.94, 620.16, 0.000192085
FILLER_0_224_1757, 818.74, 620.16, 0.000183303
FILLER_0_223_1785, 831.54, 620.16, 0.00017452
FILLER_0_224_1813, 844.34, 620.16, 0.000165737
FILLER_0_223_1841, 857.14, 620.16, 0.000156954
FILLER_0_224_1869, 869.94, 620.16, 0.000148171
FILLER_0_223_1897, 882.74, 620.16, 0.000139388
FILLER_0_224_1925, 895.54, 620.16, 0.000130605
FILLER_0_223_1953, 908.34, 620.16, 0.000121823
FILLER_0_224_1981, 921.14, 620.16, 0.00011304
FILLER_0_223_2009, 933.94, 620.16, 0.000104257
FILLER_0_223_2065, 958.57, 620.16, 9.54738e-05
FILLER_0_224_2093, 970.4, 620.16, 9.54738e-05
FILLER_0_223_2121, 982.23, 620.16, 9.54739e-05
PHY_442, 5.52, 614.72, 0.000237566
PHY_444, 5.52, 614.72, 0.000237566
PHY_443, 994.06, 614.72, 0.000105191
PHY_445, 994.06, 614.72, 0.000105191
FILLER_0_221_2141, 994.06, 614.72, 0.000105191
FILLER_0_222_2137, 994.06, 614.72, 0.000105191
FILLER_0_222_77, 37.94, 614.72, 0.000247631
FILLER_0_223_105, 50.74, 614.72, 0.000257695
FILLER_0_222_133, 63.54, 614.72, 0.00026776
FILLER_0_223_161, 76.34, 614.72, 0.000277825
FILLER_0_222_189, 89.14, 614.72, 0.000287889
FILLER_0_223_217, 101.94, 614.72, 0.000297954
FILLER_0_222_245, 114.74, 614.72, 0.000308018
FILLER_0_223_273, 127.54, 614.72, 0.000318083
FILLER_0_222_301, 140.34, 614.72, 0.000328148
FILLER_0_223_329, 153.14, 614.72, 0.000338212
FILLER_0_222_357, 165.94, 614.72, 0.000348277
FILLER_0_222_413, 191.54, 614.72, 0.000365196
FILLER_0_223_441, 204.34, 614.72, 0.00037205
FILLER_0_222_469, 217.14, 614.72, 0.000378905
FILLER_0_223_497, 229.94, 614.72, 0.000385759
FILLER_0_222_525, 242.74, 614.72, 0.000392614
FILLER_0_223_553, 255.54, 614.72, 0.000399468
FILLER_0_222_581, 268.34, 614.72, 0.000406322
FILLER_0_223_609, 281.14, 614.72, 0.000413177
FILLER_0_222_637, 293.94, 614.72, 0.000420031
FILLER_0_223_665, 306.74, 614.72, 0.000426886
FILLER_0_222_693, 319.54, 614.72, 0.00043374
FILLER_0_222_749, 345.14, 614.72, 0.000451579
FILLER_0_223_777, 357.94, 614.72, 0.000462563
FILLER_0_222_805, 370.74, 614.72, 0.000473548
FILLER_0_223_833, 383.54, 614.72, 0.000484533
FILLER_0_222_861, 396.34, 614.72, 0.000495517
FILLER_0_223_889, 409.14, 614.72, 0.000506502
FILLER_0_222_917, 421.94, 614.72, 0.000517486
FILLER_0_223_945, 434.74, 614.72, 0.000528471
FILLER_0_222_973, 447.54, 614.72, 0.000539456
FILLER_0_223_1001, 460.34, 614.72, 0.00055044
FILLER_0_222_1029, 473.14, 614.72, 0.000561425
FILLER_0_222_1085, 498.74, 614.72, 0.00055419
FILLER_0_223_1113, 511.54, 614.72, 0.00053597
FILLER_0_222_1141, 524.34, 614.72, 0.00051775
FILLER_0_223_1169, 537.14, 614.72, 0.00049953
FILLER_0_222_1197, 549.94, 614.72, 0.000481311
FILLER_0_223_1225, 562.74, 614.72, 0.000463091
FILLER_0_222_1253, 575.54, 614.72, 0.000444871
FILLER_0_221_1281, 601.14, 614.72, 0.000408432
FILLER_0_222_1309, 613.94, 614.72, 0.000390212
FILLER_0_221_1337, 626.74, 614.72, 0.000371992
FILLER_0_221_1393, 652.34, 614.72, 0.000341624
FILLER_0_222_1421, 665.14, 614.72, 0.000329476
FILLER_0_221_1449, 677.94, 614.72, 0.000317327
FILLER_0_222_1477, 690.74, 614.72, 0.000305179
FILLER_0_221_1505, 703.54, 614.72, 0.00029303
FILLER_0_222_1533, 716.34, 614.72, 0.000280882
FILLER_0_221_1561, 729.14, 614.72, 0.000268733
FILLER_0_222_1589, 741.94, 614.72, 0.000256585
FILLER_0_221_1617, 754.74, 614.72, 0.000244436
FILLER_0_222_1645, 767.54, 614.72, 0.000232288
FILLER_0_221_1673, 780.34, 614.72, 0.000220139
FILLER_0_221_1729, 805.94, 614.72, 0.000199424
FILLER_0_222_1757, 818.74, 614.72, 0.000190857
FILLER_0_221_1785, 831.54, 614.72, 0.000182291
FILLER_0_222_1813, 844.34, 614.72, 0.000173724
FILLER_0_221_1841, 857.14, 614.72, 0.000165157
FILLER_0_222_1869, 869.94, 614.72, 0.000156591
FILLER_0_221_1897, 882.74, 614.72, 0.000148024
FILLER_0_222_1925, 895.54, 614.72, 0.000139457
FILLER_0_221_1953, 908.34, 614.72, 0.000130891
FILLER_0_222_1981, 921.14, 614.72, 0.000122324
FILLER_0_221_2009, 933.94, 614.72, 0.000113757
FILLER_0_221_2065, 958.57, 614.72, 0.00010519
FILLER_0_222_2093, 970.4, 614.72, 0.00010519
FILLER_0_221_2121, 982.23, 614.72, 0.00010519
PHY_438, 5.52, 609.28, 0.00026417
PHY_440, 5.52, 609.28, 0.00026417
PHY_439, 994.06, 609.28, 0.00011451
PHY_441, 994.06, 609.28, 0.00011451
FILLER_0_219_2141, 994.06, 609.28, 0.00011451
FILLER_0_220_2137, 994.06, 609.28, 0.00011451
FILLER_0_220_77, 37.94, 609.28, 0.000274488
FILLER_0_221_105, 50.74, 609.28, 0.000284806
FILLER_0_220_133, 63.54, 609.28, 0.000295125
FILLER_0_221_161, 76.34, 609.28, 0.000305443
FILLER_0_220_189, 89.14, 609.28, 0.000315761
FILLER_0_221_217, 101.94, 609.28, 0.00032608
FILLER_0_220_245, 114.74, 609.28, 0.000336398
FILLER_0_221_273, 127.54, 609.28, 0.000346716
FILLER_0_220_301, 140.34, 609.28, 0.000357035
FILLER_0_221_329, 153.14, 609.28, 0.000367353
FILLER_0_220_357, 165.94, 609.28, 0.000377671
FILLER_0_220_413, 191.54, 609.28, 0.000396688
FILLER_0_221_441, 204.34, 609.28, 0.000405387
FILLER_0_220_469, 217.14, 609.28, 0.000414086
FILLER_0_221_497, 229.94, 609.28, 0.000422785
FILLER_0_220_525, 242.74, 609.28, 0.000431484
FILLER_0_221_553, 255.54, 609.28, 0.000440183
FILLER_0_220_581, 268.34, 609.28, 0.000448881
FILLER_0_221_609, 281.14, 609.28, 0.00045758
FILLER_0_220_637, 293.94, 609.28, 0.000466279
FILLER_0_221_665, 306.74, 609.28, 0.000474978
FILLER_0_220_693, 319.54, 609.28, 0.000483676
FILLER_0_220_749, 345.14, 609.28, 0.000502752
FILLER_0_221_777, 357.94, 609.28, 0.000513129
FILLER_0_220_805, 370.74, 609.28, 0.000523506
FILLER_0_221_833, 383.54, 609.28, 0.000533884
FILLER_0_220_861, 396.34, 609.28, 0.000544261
FILLER_0_221_889, 409.14, 609.28, 0.000554638
FILLER_0_220_917, 421.94, 609.28, 0.000565015
FILLER_0_221_945, 434.74, 609.28, 0.000575392
FILLER_0_220_973, 447.54, 609.28, 0.000585769
FILLER_0_221_1001, 460.34, 609.28, 0.000596146
FILLER_0_220_1029, 473.14, 609.28, 0.000606523
FILLER_0_220_1085, 498.74, 609.28, 0.000596132
FILLER_0_221_1113, 511.54, 609.28, 0.000575363
FILLER_0_220_1141, 524.34, 609.28, 0.000554595
FILLER_0_221_1169, 537.14, 609.28, 0.000533826
FILLER_0_220_1197, 549.94, 609.28, 0.000513058
FILLER_0_221_1225, 562.74, 609.28, 0.00049229
FILLER_0_220_1253, 575.54, 609.28, 0.000471521
FILLER_0_219_1281, 601.14, 609.28, 0.000429984
FILLER_0_220_1309, 613.94, 609.28, 0.000409216
FILLER_0_219_1337, 626.74, 609.28, 0.000388447
FILLER_0_219_1393, 652.34, 609.28, 0.00035495
FILLER_0_220_1421, 665.14, 609.28, 0.00034222
FILLER_0_219_1449, 677.94, 609.28, 0.000329491
FILLER_0_220_1477, 690.74, 609.28, 0.000316762
FILLER_0_219_1505, 703.54, 609.28, 0.000304032
FILLER_0_220_1533, 716.34, 609.28, 0.000291303
FILLER_0_219_1561, 729.14, 609.28, 0.000278574
FILLER_0_220_1589, 741.94, 609.28, 0.000265844
FILLER_0_219_1617, 754.74, 609.28, 0.000253115
FILLER_0_220_1645, 767.54, 609.28, 0.000240385
FILLER_0_219_1673, 780.34, 609.28, 0.000227656
FILLER_0_219_1729, 805.94, 609.28, 0.000206559
FILLER_0_220_1757, 818.74, 609.28, 0.000198191
FILLER_0_219_1785, 831.54, 609.28, 0.000189823
FILLER_0_220_1813, 844.34, 609.28, 0.000181455
FILLER_0_219_1841, 857.14, 609.28, 0.000173087
FILLER_0_220_1869, 869.94, 609.28, 0.000164718
FILLER_0_219_1897, 882.74, 609.28, 0.00015635
FILLER_0_220_1925, 895.54, 609.28, 0.000147982
FILLER_0_219_1953, 908.34, 609.28, 0.000139614
FILLER_0_220_1981, 921.14, 609.28, 0.000131246
FILLER_0_219_2009, 933.94, 609.28, 0.000122878
FILLER_0_219_2065, 958.57, 609.28, 0.00011451
FILLER_0_220_2093, 970.4, 609.28, 0.00011451
FILLER_0_219_2121, 982.23, 609.28, 0.00011451
PHY_434, 5.52, 603.84, 0.000290311
PHY_436, 5.52, 603.84, 0.000290311
PHY_435, 994.06, 603.84, 0.000123439
PHY_437, 994.06, 603.84, 0.000123439
FILLER_0_217_2141, 994.06, 603.84, 0.000123439
FILLER_0_218_2137, 994.06, 603.84, 0.000123439
FILLER_0_218_77, 37.94, 603.84, 0.000300926
FILLER_0_219_105, 50.74, 603.84, 0.00031154
FILLER_0_218_133, 63.54, 603.84, 0.000322154
FILLER_0_219_161, 76.34, 603.84, 0.000332768
FILLER_0_218_189, 89.14, 603.84, 0.000343382
FILLER_0_219_217, 101.94, 603.84, 0.000353996
FILLER_0_218_245, 114.74, 603.84, 0.00036461
FILLER_0_219_273, 127.54, 603.84, 0.000375224
FILLER_0_218_301, 140.34, 603.84, 0.000385838
FILLER_0_219_329, 153.14, 603.84, 0.000396452
FILLER_0_218_357, 165.94, 603.84, 0.000407066
FILLER_0_218_413, 191.54, 603.84, 0.00042822
FILLER_0_219_441, 204.34, 603.84, 0.000438761
FILLER_0_218_469, 217.14, 603.84, 0.000449301
FILLER_0_219_497, 229.94, 603.84, 0.000459841
FILLER_0_218_525, 242.74, 603.84, 0.000470381
FILLER_0_219_553, 255.54, 603.84, 0.000480922
FILLER_0_218_581, 268.34, 603.84, 0.000491462
FILLER_0_219_609, 281.14, 603.84, 0.000502002
FILLER_0_218_637, 293.94, 603.84, 0.000512542
FILLER_0_219_665, 306.74, 603.84, 0.000523082
FILLER_0_218_693, 319.54, 603.84, 0.000533622
FILLER_0_218_749, 345.14, 603.84, 0.00055404
FILLER_0_219_777, 357.94, 603.84, 0.000563918
FILLER_0_218_805, 370.74, 603.84, 0.000573796
FILLER_0_219_833, 383.54, 603.84, 0.000583674
FILLER_0_218_861, 396.34, 603.84, 0.000593552
FILLER_0_219_889, 409.14, 603.84, 0.000603429
FILLER_0_218_917, 421.94, 603.84, 0.000613307
FILLER_0_219_945, 434.74, 603.84, 0.000623185
FILLER_0_218_973, 447.54, 603.84, 0.000633063
FILLER_0_219_1001, 460.34, 603.84, 0.00064294
FILLER_0_218_1029, 473.14, 603.84, 0.000652818
FILLER_0_218_1085, 498.74, 603.84, 0.000639247
FILLER_0_219_1113, 511.54, 603.84, 0.000615798
FILLER_0_218_1141, 524.34, 603.84, 0.000592349
FILLER_0_219_1169, 537.14, 603.84, 0.0005689
FILLER_0_218_1197, 549.94, 603.84, 0.000545451
FILLER_0_219_1225, 562.74, 603.84, 0.000522002
FILLER_0_218_1253, 575.54, 603.84, 0.000498552
FILLER_0_217_1281, 601.14, 603.84, 0.000451654
FILLER_0_218_1309, 613.94, 603.84, 0.000428205
FILLER_0_217_1337, 626.74, 603.84, 0.000404756
FILLER_0_217_1393, 652.34, 603.84, 0.000368001
FILLER_0_218_1421, 665.14, 603.84, 0.000354696
FILLER_0_217_1449, 677.94, 603.84, 0.00034139
FILLER_0_218_1477, 690.74, 603.84, 0.000328084
FILLER_0_217_1505, 703.54, 603.84, 0.000314779
FILLER_0_218_1533, 716.34, 603.84, 0.000301473
FILLER_0_217_1561, 729.14, 603.84, 0.000288168
FILLER_0_218_1589, 741.94, 603.84, 0.000274862
FILLER_0_217_1617, 754.74, 603.84, 0.000261556
FILLER_0_218_1645, 767.54, 603.84, 0.000248251
FILLER_0_217_1673, 780.34, 603.84, 0.000234945
FILLER_0_217_1729, 805.94, 603.84, 0.000213456
FILLER_0_218_1757, 818.74, 603.84, 0.000205273
FILLER_0_217_1785, 831.54, 603.84, 0.000197089
FILLER_0_218_1813, 844.34, 603.84, 0.000188906
FILLER_0_217_1841, 857.14, 603.84, 0.000180723
FILLER_0_218_1869, 869.94, 603.84, 0.000172539
FILLER_0_217_1897, 882.74, 603.84, 0.000164356
FILLER_0_218_1925, 895.54, 603.84, 0.000156173
FILLER_0_217_1953, 908.34, 603.84, 0.000147989
FILLER_0_218_1981, 921.14, 603.84, 0.000139806
FILLER_0_217_2009, 933.94, 603.84, 0.000131623
FILLER_0_217_2065, 958.57, 603.84, 0.000123439
FILLER_0_218_2093, 970.4, 603.84, 0.000123439
FILLER_0_217_2121, 982.23, 603.84, 0.000123439
PHY_430, 5.52, 598.4, 0.000315975
PHY_432, 5.52, 598.4, 0.000315975
PHY_431, 994.06, 598.4, 0.000131984
PHY_433, 994.06, 598.4, 0.000131984
FILLER_0_215_2141, 994.06, 598.4, 0.000131984
FILLER_0_216_2137, 994.06, 598.4, 0.000131984
FILLER_0_216_77, 37.94, 598.4, 0.000326923
FILLER_0_217_105, 50.74, 598.4, 0.000337871
FILLER_0_216_133, 63.54, 598.4, 0.000348819
FILLER_0_217_161, 76.34, 598.4, 0.000359767
FILLER_0_216_189, 89.14, 598.4, 0.000370716
FILLER_0_217_217, 101.94, 598.4, 0.000381664
FILLER_0_216_245, 114.74, 598.4, 0.000392612
FILLER_0_217_273, 127.54, 598.4, 0.00040356
FILLER_0_216_301, 140.34, 598.4, 0.000414508
FILLER_0_217_329, 153.14, 598.4, 0.000425456
FILLER_0_216_357, 165.94, 598.4, 0.000436405
FILLER_0_216_413, 191.54, 598.4, 0.000459745
FILLER_0_217_441, 204.34, 598.4, 0.000472137
FILLER_0_216_469, 217.14, 598.4, 0.000484529
FILLER_0_217_497, 229.94, 598.4, 0.000496921
FILLER_0_216_525, 242.74, 598.4, 0.000509313
FILLER_0_217_553, 255.54, 598.4, 0.000521705
FILLER_0_216_581, 268.34, 598.4, 0.000534097
FILLER_0_217_609, 281.14, 598.4, 0.000546489
FILLER_0_216_637, 293.94, 598.4, 0.000558881
FILLER_0_217_665, 306.74, 598.4, 0.000571273
FILLER_0_216_693, 319.54, 598.4, 0.000583665
FILLER_0_216_749, 345.14, 598.4, 0.000605544
FILLER_0_217_777, 357.94, 598.4, 0.00061503
FILLER_0_216_805, 370.74, 598.4, 0.000624516
FILLER_0_217_833, 383.54, 598.4, 0.000634002
FILLER_0_216_861, 396.34, 598.4, 0.000643488
FILLER_0_217_889, 409.14, 598.4, 0.000652974
FILLER_0_216_917, 421.94, 598.4, 0.00066246
FILLER_0_217_945, 434.74, 598.4, 0.000671946
FILLER_0_216_973, 447.54, 598.4, 0.000681433
FILLER_0_217_1001, 460.34, 598.4, 0.000690919
FILLER_0_216_1029, 473.14, 598.4, 0.000700405
FILLER_0_216_1085, 498.74, 598.4, 0.000683614
FILLER_0_217_1113, 511.54, 598.4, 0.000657337
FILLER_0_216_1141, 524.34, 598.4, 0.000631061
FILLER_0_217_1169, 537.14, 598.4, 0.000604784
FILLER_0_216_1197, 549.94, 598.4, 0.000578507
FILLER_0_217_1225, 562.74, 598.4, 0.000552231
FILLER_0_216_1253, 575.54, 598.4, 0.000525954
FILLER_0_215_1281, 601.14, 598.4, 0.0004734
FILLER_0_216_1309, 613.94, 598.4, 0.000447124
FILLER_0_215_1337, 626.74, 598.4, 0.000420847
FILLER_0_215_1393, 652.34, 598.4, 0.000380697
FILLER_0_216_1421, 665.14, 598.4, 0.000366824
FILLER_0_215_1449, 677.94, 598.4, 0.000352951
FILLER_0_216_1477, 690.74, 598.4, 0.000339077
FILLER_0_215_1505, 703.54, 598.4, 0.000325204
FILLER_0_216_1533, 716.34, 598.4, 0.000311331
FILLER_0_215_1561, 729.14, 598.4, 0.000297458
FILLER_0_216_1589, 741.94, 598.4, 0.000283584
FILLER_0_215_1617, 754.74, 598.4, 0.000269711
FILLER_0_216_1645, 767.54, 598.4, 0.000255838
FILLER_0_215_1673, 780.34, 598.4, 0.000241965
FILLER_0_215_1729, 805.94, 598.4, 0.000220082
FILLER_0_216_1757, 818.74, 598.4, 0.000212074
FILLER_0_215_1785, 831.54, 598.4, 0.000204065
FILLER_0_216_1813, 844.34, 598.4, 0.000196056
FILLER_0_215_1841, 857.14, 598.4, 0.000188047
FILLER_0_216_1869, 869.94, 598.4, 0.000180038
FILLER_0_215_1897, 882.74, 598.4, 0.000172029
FILLER_0_216_1925, 895.54, 598.4, 0.00016402
FILLER_0_215_1953, 908.34, 598.4, 0.000156011
FILLER_0_216_1981, 921.14, 598.4, 0.000148002
FILLER_0_215_2009, 933.94, 598.4, 0.000139993
FILLER_0_215_2065, 958.57, 598.4, 0.000131984
FILLER_0_216_2093, 970.4, 598.4, 0.000131984
FILLER_0_215_2121, 982.23, 598.4, 0.000131984
PHY_426, 5.52, 592.96, 0.00034114
PHY_428, 5.52, 592.96, 0.00034114
PHY_427, 994.06, 592.96, 0.000140151
PHY_429, 994.06, 592.96, 0.000140151
FILLER_0_213_2141, 994.06, 592.96, 0.000140151
FILLER_0_214_2137, 994.06, 592.96, 0.000140151
FILLER_0_214_77, 37.94, 592.96, 0.000352457
FILLER_0_215_105, 50.74, 592.96, 0.000363775
FILLER_0_214_133, 63.54, 592.96, 0.000375092
FILLER_0_215_161, 76.34, 592.96, 0.000386409
FILLER_0_214_189, 89.14, 592.96, 0.000397726
FILLER_0_215_217, 101.94, 592.96, 0.000409044
FILLER_0_214_245, 114.74, 592.96, 0.000420361
FILLER_0_215_273, 127.54, 592.96, 0.000431678
FILLER_0_214_301, 140.34, 592.96, 0.000442995
FILLER_0_215_329, 153.14, 592.96, 0.000454313
FILLER_0_214_357, 165.94, 592.96, 0.00046563
FILLER_0_214_413, 191.54, 592.96, 0.000491215
FILLER_0_215_441, 204.34, 592.96, 0.000505482
FILLER_0_214_469, 217.14, 592.96, 0.00051975
FILLER_0_215_497, 229.94, 592.96, 0.000534017
FILLER_0_214_525, 242.74, 592.96, 0.000548285
FILLER_0_215_553, 255.54, 592.96, 0.000562552
FILLER_0_214_581, 268.34, 592.96, 0.00057682
FILLER_0_215_609, 281.14, 592.96, 0.000591088
FILLER_0_214_637, 293.94, 592.96, 0.000605355
FILLER_0_215_665, 306.74, 592.96, 0.000619623
FILLER_0_214_693, 319.54, 592.96, 0.00063389
FILLER_0_214_749, 345.14, 592.96, 0.00065736
FILLER_0_215_777, 357.94, 592.96, 0.000666563
FILLER_0_214_805, 370.74, 592.96, 0.000675765
FILLER_0_215_833, 383.54, 592.96, 0.000684968
FILLER_0_214_861, 396.34, 592.96, 0.00069417
FILLER_0_215_889, 409.14, 592.96, 0.000703373
FILLER_0_214_917, 421.94, 592.96, 0.000712575
FILLER_0_215_945, 434.74, 592.96, 0.000721778
FILLER_0_214_973, 447.54, 592.96, 0.00073098
FILLER_0_215_1001, 460.34, 592.96, 0.000740183
FILLER_0_214_1029, 473.14, 592.96, 0.000749385
FILLER_0_214_1085, 498.74, 592.96, 0.00072932
FILLER_0_215_1113, 511.54, 592.96, 0.000700053
FILLER_0_214_1141, 524.34, 592.96, 0.000670785
FILLER_0_215_1169, 537.14, 592.96, 0.000641518
FILLER_0_214_1197, 549.94, 592.96, 0.00061225
FILLER_0_215_1225, 562.74, 592.96, 0.000582982
FILLER_0_214_1253, 575.54, 592.96, 0.000553715
FILLER_0_213_1281, 601.14, 592.96, 0.00049518
FILLER_0_214_1309, 613.94, 592.96, 0.000465912
FILLER_0_213_1337, 626.74, 592.96, 0.000436644
FILLER_0_213_1393, 652.34, 592.96, 0.000392949
FILLER_0_214_1421, 665.14, 592.96, 0.000378522
FILLER_0_213_1449, 677.94, 592.96, 0.000364094
FILLER_0_214_1477, 690.74, 592.96, 0.000349667
FILLER_0_213_1505, 703.54, 592.96, 0.000335239
FILLER_0_214_1533, 716.34, 592.96, 0.000320812
FILLER_0_213_1561, 729.14, 592.96, 0.000306384
FILLER_0_214_1589, 741.94, 592.96, 0.000291957
FILLER_0_213_1617, 754.74, 592.96, 0.000277529
FILLER_0_214_1645, 767.54, 592.96, 0.000263102
FILLER_0_213_1673, 780.34, 592.96, 0.000248674
FILLER_0_213_1729, 805.94, 592.96, 0.000226405
FILLER_0_214_1757, 818.74, 592.96, 0.000218564
FILLER_0_213_1785, 831.54, 592.96, 0.000210723
FILLER_0_214_1813, 844.34, 592.96, 0.000202881
FILLER_0_213_1841, 857.14, 592.96, 0.00019504
FILLER_0_214_1869, 869.94, 592.96, 0.000187199
FILLER_0_213_1897, 882.74, 592.96, 0.000179357
FILLER_0_214_1925, 895.54, 592.96, 0.000171516
FILLER_0_213_1953, 908.34, 592.96, 0.000163675
FILLER_0_214_1981, 921.14, 592.96, 0.000155833
FILLER_0_213_2009, 933.94, 592.96, 0.000147992
FILLER_0_213_2065, 958.57, 592.96, 0.000140151
FILLER_0_214_2093, 970.4, 592.96, 0.000140151
FILLER_0_213_2121, 982.23, 592.96, 0.000140151
PHY_422, 5.52, 587.52, 0.000365788
PHY_424, 5.52, 587.52, 0.000365788
PHY_423, 994.06, 587.52, 0.000147944
PHY_425, 994.06, 587.52, 0.000147944
FILLER_0_211_2141, 994.06, 587.52, 0.000147944
FILLER_0_212_2137, 994.06, 587.52, 0.000147944
FILLER_0_212_77, 37.94, 587.52, 0.000377506
FILLER_0_213_105, 50.74, 587.52, 0.000389224
FILLER_0_212_133, 63.54, 587.52, 0.000400942
FILLER_0_213_161, 76.34, 587.52, 0.00041266
FILLER_0_212_189, 89.14, 587.52, 0.000424378
FILLER_0_213_217, 101.94, 587.52, 0.000436096
FILLER_0_212_245, 114.74, 587.52, 0.000447814
FILLER_0_213_273, 127.54, 587.52, 0.000459532
FILLER_0_212_301, 140.34, 587.52, 0.00047125
FILLER_0_213_329, 153.14, 587.52, 0.000482968
FILLER_0_212_357, 165.94, 587.52, 0.000494686
FILLER_0_212_413, 191.54, 587.52, 0.000522583
FILLER_0_213_441, 204.34, 587.52, 0.000538763
FILLER_0_212_469, 217.14, 587.52, 0.000554942
FILLER_0_213_497, 229.94, 587.52, 0.000571122
FILLER_0_212_525, 242.74, 587.52, 0.000587301
FILLER_0_213_553, 255.54, 587.52, 0.000603481
FILLER_0_212_581, 268.34, 587.52, 0.000619661
FILLER_0_213_609, 281.14, 587.52, 0.00063584
FILLER_0_212_637, 293.94, 587.52, 0.00065202
FILLER_0_213_665, 306.74, 587.52, 0.000668199
FILLER_0_212_693, 319.54, 587.52, 0.000684379
FILLER_0_212_749, 345.14, 587.52, 0.000709587
FILLER_0_213_777, 357.94, 587.52, 0.000718615
FILLER_0_212_805, 370.74, 587.52, 0.000727644
FILLER_0_213_833, 383.54, 587.52, 0.000736673
FILLER_0_212_861, 396.34, 587.52, 0.000745702
FILLER_0_213_889, 409.14, 587.52, 0.00075473
FILLER_0_212_917, 421.94, 587.52, 0.000763759
FILLER_0_213_945, 434.74, 587.52, 0.000772788
FILLER_0_212_973, 447.54, 587.52, 0.000781816
FILLER_0_213_1001, 460.34, 587.52, 0.000790845
FILLER_0_212_1029, 473.14, 587.52, 0.000799873
FILLER_0_212_1085, 498.74, 587.52, 0.000776463
FILLER_0_213_1113, 511.54, 587.52, 0.000744023
FILLER_0_212_1141, 524.34, 587.52, 0.000711584
FILLER_0_213_1169, 537.14, 587.52, 0.000679144
FILLER_0_212_1197, 549.94, 587.52, 0.000646705
FILLER_0_213_1225, 562.74, 587.52, 0.000614265
FILLER_0_212_1253, 575.54, 587.52, 0.000581826
FILLER_0_211_1281, 601.14, 587.52, 0.000516947
FILLER_0_212_1309, 613.94, 587.52, 0.000484507
FILLER_0_211_1337, 626.74, 587.52, 0.000452067
FILLER_0_211_1393, 652.34, 587.52, 0.000404665
FILLER_0_212_1421, 665.14, 587.52, 0.000389702
FILLER_0_211_1449, 677.94, 587.52, 0.000374738
FILLER_0_212_1477, 690.74, 587.52, 0.000359775
FILLER_0_211_1505, 703.54, 587.52, 0.000344812
FILLER_0_212_1533, 716.34, 587.52, 0.000329849
FILLER_0_211_1561, 729.14, 587.52, 0.000314885
FILLER_0_212_1589, 741.94, 587.52, 0.000299922
FILLER_0_211_1617, 754.74, 587.52, 0.000284959
FILLER_0_212_1645, 767.54, 587.52, 0.000269996
FILLER_0_211_1673, 780.34, 587.52, 0.000255032
FILLER_0_211_1729, 805.94, 587.52, 0.000232392
FILLER_0_212_1757, 818.74, 587.52, 0.000224715
FILLER_0_211_1785, 831.54, 587.52, 0.000217038
FILLER_0_212_1813, 844.34, 587.52, 0.000209361
FILLER_0_211_1841, 857.14, 587.52, 0.000201684
FILLER_0_212_1869, 869.94, 587.52, 0.000194007
FILLER_0_211_1897, 882.74, 587.52, 0.000186329
FILLER_0_212_1925, 895.54, 587.52, 0.000178652
FILLER_0_211_1953, 908.34, 587.52, 0.000170975
FILLER_0_212_1981, 921.14, 587.52, 0.000163298
FILLER_0_211_2009, 933.94, 587.52, 0.000155621
FILLER_0_211_2065, 958.57, 587.52, 0.000147944
FILLER_0_212_2093, 970.4, 587.52, 0.000147944
FILLER_0_211_2121, 982.23, 587.52, 0.000147944
PHY_418, 5.52, 582.08, 0.000389896
PHY_420, 5.52, 582.08, 0.000389896
PHY_419, 994.06, 582.08, 0.000155369
PHY_421, 994.06, 582.08, 0.000155369
FILLER_0_209_2141, 994.06, 582.08, 0.000155369
FILLER_0_210_2137, 994.06, 582.08, 0.000155369
FILLER_0_210_77, 37.94, 582.08, 0.000402043
FILLER_0_211_105, 50.74, 582.08, 0.00041419
FILLER_0_210_133, 63.54, 582.08, 0.000426338
FILLER_0_211_161, 76.34, 582.08, 0.000438485
FILLER_0_210_189, 89.14, 582.08, 0.000450632
FILLER_0_211_217, 101.94, 582.08, 0.000462779
FILLER_0_210_245, 114.74, 582.08, 0.000474927
FILLER_0_211_273, 127.54, 582.08, 0.000487074
FILLER_0_210_301, 140.34, 582.08, 0.000499221
FILLER_0_211_329, 153.14, 582.08, 0.000511368
FILLER_0_210_357, 165.94, 582.08, 0.000523515
FILLER_0_210_413, 191.54, 582.08, 0.000553803
FILLER_0_211_441, 204.34, 582.08, 0.000571944
FILLER_0_210_469, 217.14, 582.08, 0.000590085
FILLER_0_211_497, 229.94, 582.08, 0.000608225
FILLER_0_210_525, 242.74, 582.08, 0.000626366
FILLER_0_211_553, 255.54, 582.08, 0.000644507
FILLER_0_210_581, 268.34, 582.08, 0.000662647
FILLER_0_211_609, 281.14, 582.08, 0.000680788
FILLER_0_210_637, 293.94, 582.08, 0.000698929
FILLER_0_211_665, 306.74, 582.08, 0.000717069
FILLER_0_210_693, 319.54, 582.08, 0.00073521
FILLER_0_210_749, 345.14, 582.08, 0.000762318
FILLER_0_211_777, 357.94, 582.08, 0.000771286
FILLER_0_210_805, 370.74, 582.08, 0.000780253
FILLER_0_211_833, 383.54, 582.08, 0.000789221
FILLER_0_210_861, 396.34, 582.08, 0.000798188
FILLER_0_211_889, 409.14, 582.08, 0.000807155
FILLER_0_210_917, 421.94, 582.08, 0.000816123
FILLER_0_211_945, 434.74, 582.08, 0.00082509
FILLER_0_210_973, 447.54, 582.08, 0.000834058
FILLER_0_211_1001, 460.34, 582.08, 0.000843025
FILLER_0_210_1029, 473.14, 582.08, 0.000851992
FILLER_0_210_1085, 498.74, 582.08, 0.000825148
FILLER_0_211_1113, 511.54, 582.08, 0.000789336
FILLER_0_210_1141, 524.34, 582.08, 0.000753524
FILLER_0_211_1169, 537.14, 582.08, 0.000717712
FILLER_0_210_1197, 549.94, 582.08, 0.0006819
FILLER_0_211_1225, 562.74, 582.08, 0.000646088
FILLER_0_210_1253, 575.54, 582.08, 0.000610277
FILLER_0_209_1281, 601.14, 582.08, 0.000538653
FILLER_0_210_1309, 613.94, 582.08, 0.000502841
FILLER_0_209_1337, 626.74, 582.08, 0.000467029
FILLER_0_209_1393, 652.34, 582.08, 0.000415743
FILLER_0_210_1421, 665.14, 582.08, 0.000400268
FILLER_0_209_1449, 677.94, 582.08, 0.000384794
FILLER_0_210_1477, 690.74, 582.08, 0.000369319
FILLER_0_209_1505, 703.54, 582.08, 0.000353845
FILLER_0_210_1533, 716.34, 582.08, 0.00033837
FILLER_0_209_1561, 729.14, 582.08, 0.000322896
FILLER_0_210_1589, 741.94, 582.08, 0.000307421
FILLER_0_209_1617, 754.74, 582.08, 0.000291947
FILLER_0_210_1645, 767.54, 582.08, 0.000276472
FILLER_0_209_1673, 780.34, 582.08, 0.000260998
FILLER_0_209_1729, 805.94, 582.08, 0.00023801
FILLER_0_210_1757, 818.74, 582.08, 0.000230497
FILLER_0_209_1785, 831.54, 582.08, 0.000222985
FILLER_0_210_1813, 844.34, 582.08, 0.000215472
FILLER_0_209_1841, 857.14, 582.08, 0.000207959
FILLER_0_210_1869, 869.94, 582.08, 0.000200446
FILLER_0_209_1897, 882.74, 582.08, 0.000192933
FILLER_0_210_1925, 895.54, 582.08, 0.00018542
FILLER_0_209_1953, 908.34, 582.08, 0.000177908
FILLER_0_210_1981, 921.14, 582.08, 0.000170395
FILLER_0_209_2009, 933.94, 582.08, 0.000162882
FILLER_0_209_2065, 958.57, 582.08, 0.000155369
FILLER_0_210_2093, 970.4, 582.08, 0.000155369
FILLER_0_209_2121, 982.23, 582.08, 0.000155369
PHY_414, 5.52, 576.64, 0.000413441
PHY_416, 5.52, 576.64, 0.000413441
PHY_415, 994.06, 576.64, 0.000162431
PHY_417, 994.06, 576.64, 0.000162431
FILLER_0_207_2141, 994.06, 576.64, 0.000162431
FILLER_0_208_2137, 994.06, 576.64, 0.000162431
FILLER_0_208_77, 37.94, 576.64, 0.000426043
FILLER_0_209_105, 50.74, 576.64, 0.000438645
FILLER_0_208_133, 63.54, 576.64, 0.000451247
FILLER_0_209_161, 76.34, 576.64, 0.000463849
FILLER_0_208_189, 89.14, 576.64, 0.00047645
FILLER_0_209_217, 101.94, 576.64, 0.000489052
FILLER_0_208_245, 114.74, 576.64, 0.000501654
FILLER_0_209_273, 127.54, 576.64, 0.000514256
FILLER_0_208_301, 140.34, 576.64, 0.000526857
FILLER_0_209_329, 153.14, 576.64, 0.000539459
FILLER_0_208_357, 165.94, 576.64, 0.000552061
FILLER_0_208_413, 191.54, 576.64, 0.000584826
FILLER_0_209_441, 204.34, 576.64, 0.00060499
FILLER_0_208_469, 217.14, 576.64, 0.000625154
FILLER_0_209_497, 229.94, 576.64, 0.000645317
FILLER_0_208_525, 242.74, 576.64, 0.000665481
FILLER_0_209_553, 255.54, 576.64, 0.000685644
FILLER_0_208_581, 268.34, 576.64, 0.000705808
FILLER_0_209_609, 281.14, 576.64, 0.000725972
FILLER_0_208_637, 293.94, 576.64, 0.000746135
FILLER_0_209_665, 306.74, 576.64, 0.000766299
FILLER_0_208_693, 319.54, 576.64, 0.000786463
FILLER_0_208_749, 345.14, 576.64, 0.000815649
FILLER_0_209_777, 357.94, 576.64, 0.000824672
FILLER_0_208_805, 370.74, 576.64, 0.000833695
FILLER_0_209_833, 383.54, 576.64, 0.000842717
FILLER_0_208_861, 396.34, 576.64, 0.00085174
FILLER_0_209_889, 409.14, 576.64, 0.000860763
FILLER_0_208_917, 421.94, 576.64, 0.000869786
FILLER_0_209_945, 434.74, 576.64, 0.000878809
FILLER_0_208_973, 447.54, 576.64, 0.000887831
FILLER_0_209_1001, 460.34, 576.64, 0.000896854
FILLER_0_208_1029, 473.14, 576.64, 0.000905877
FILLER_0_208_1085, 498.74, 576.64, 0.000875494
FILLER_0_209_1113, 511.54, 576.64, 0.000836088
FILLER_0_208_1141, 524.34, 576.64, 0.000796682
FILLER_0_209_1169, 537.14, 576.64, 0.000757276
FILLER_0_208_1197, 549.94, 576.64, 0.00071787
FILLER_0_209_1225, 562.74, 576.64, 0.000678464
FILLER_0_208_1253, 575.54, 576.64, 0.000639058
FILLER_0_207_1281, 601.14, 576.64, 0.000560247
FILLER_0_208_1309, 613.94, 576.64, 0.000520841
FILLER_0_207_1337, 626.74, 576.64, 0.000481435
FILLER_0_207_1393, 652.34, 576.64, 0.000426074
FILLER_0_208_1421, 665.14, 576.64, 0.00041012
FILLER_0_207_1449, 677.94, 576.64, 0.000394165
FILLER_0_208_1477, 690.74, 576.64, 0.000378211
FILLER_0_207_1505, 703.54, 576.64, 0.000362256
FILLER_0_208_1533, 716.34, 576.64, 0.000346301
FILLER_0_207_1561, 729.14, 576.64, 0.000330347
FILLER_0_208_1589, 741.94, 576.64, 0.000314392
FILLER_0_207_1617, 754.74, 576.64, 0.000298438
FILLER_0_208_1645, 767.54, 576.64, 0.000282483
FILLER_0_207_1673, 780.34, 576.64, 0.000266528
FILLER_0_207_1729, 805.94, 576.64, 0.000243228
FILLER_0_208_1757, 818.74, 576.64, 0.000235883
FILLER_0_207_1785, 831.54, 576.64, 0.000228538
FILLER_0_208_1813, 844.34, 576.64, 0.000221193
FILLER_0_207_1841, 857.14, 576.64, 0.000213848
FILLER_0_208_1869, 869.94, 576.64, 0.000206503
FILLER_0_207_1897, 882.74, 576.64, 0.000199157
FILLER_0_208_1925, 895.54, 576.64, 0.000191812
FILLER_0_207_1953, 908.34, 576.64, 0.000184467
FILLER_0_208_1981, 921.14, 576.64, 0.000177122
FILLER_0_207_2009, 933.94, 576.64, 0.000169776
FILLER_0_207_2065, 958.57, 576.64, 0.000162431
FILLER_0_208_2093, 970.4, 576.64, 0.000162431
FILLER_0_207_2121, 982.23, 576.64, 0.000162431
PHY_410, 5.52, 571.2, 0.0004364
PHY_412, 5.52, 571.2, 0.0004364
PHY_411, 994.06, 571.2, 0.000169136
PHY_413, 994.06, 571.2, 0.000169136
FILLER_0_205_2141, 994.06, 571.2, 0.000169136
FILLER_0_206_2137, 994.06, 571.2, 0.000169136
FILLER_0_206_77, 37.94, 571.2, 0.000449479
FILLER_0_207_105, 50.74, 571.2, 0.000462557
FILLER_0_206_133, 63.54, 571.2, 0.000475636
FILLER_0_207_161, 76.34, 571.2, 0.000488714
FILLER_0_206_189, 89.14, 571.2, 0.000501792
FILLER_0_207_217, 101.94, 571.2, 0.000514871
FILLER_0_206_245, 114.74, 571.2, 0.000527949
FILLER_0_207_273, 127.54, 571.2, 0.000541027
FILLER_0_206_301, 140.34, 571.2, 0.000554106
FILLER_0_207_329, 153.14, 571.2, 0.000567184
FILLER_0_206_357, 165.94, 571.2, 0.000580263
FILLER_0_206_413, 191.54, 571.2, 0.000615602
FILLER_0_207_441, 204.34, 571.2, 0.000637863
FILLER_0_206_469, 217.14, 571.2, 0.000660124
FILLER_0_207_497, 229.94, 571.2, 0.000682385
FILLER_0_206_525, 242.74, 571.2, 0.000704646
FILLER_0_207_553, 255.54, 571.2, 0.000726907
FILLER_0_206_581, 268.34, 571.2, 0.000749168
FILLER_0_207_609, 281.14, 571.2, 0.000771429
FILLER_0_206_637, 293.94, 571.2, 0.00079369
FILLER_0_207_665, 306.74, 571.2, 0.000815951
FILLER_0_206_693, 319.54, 571.2, 0.000838212
FILLER_0_206_749, 345.14, 571.2, 0.000869673
FILLER_0_207_777, 357.94, 571.2, 0.000878873
FILLER_0_206_805, 370.74, 571.2, 0.000888073
FILLER_0_207_833, 383.54, 571.2, 0.000897273
FILLER_0_206_861, 396.34, 571.2, 0.000906474
FILLER_0_207_889, 409.14, 571.2, 0.000915674
FILLER_0_206_917, 421.94, 571.2, 0.000924874
FILLER_0_207_945, 434.74, 571.2, 0.000934074
FILLER_0_206_973, 447.54, 571.2, 0.000943274
FILLER_0_207_1001, 460.34, 571.2, 0.000952474
FILLER_0_206_1029, 473.14, 571.2, 0.000961674
FILLER_0_206_1085, 498.74, 571.2, 0.00092763
FILLER_0_207_1113, 511.54, 571.2, 0.000884385
FILLER_0_206_1141, 524.34, 571.2, 0.00084114
FILLER_0_207_1169, 537.14, 571.2, 0.000797896
FILLER_0_206_1197, 549.94, 571.2, 0.000754651
FILLER_0_207_1225, 562.74, 571.2, 0.000711406
FILLER_0_206_1253, 575.54, 571.2, 0.000668162
FILLER_0_205_1281, 601.14, 571.2, 0.000581672
FILLER_0_206_1309, 613.94, 571.2, 0.000538427
FILLER_0_205_1337, 626.74, 571.2, 0.000495183
FILLER_0_205_1393, 652.34, 571.2, 0.000435542
FILLER_0_206_1421, 665.14, 571.2, 0.000419146
FILLER_0_205_1449, 677.94, 571.2, 0.00040275
FILLER_0_206_1477, 690.74, 571.2, 0.000386354
FILLER_0_205_1505, 703.54, 571.2, 0.000369958
FILLER_0_206_1533, 716.34, 571.2, 0.000353562
FILLER_0_205_1561, 729.14, 571.2, 0.000337166
FILLER_0_206_1589, 741.94, 571.2, 0.00032077
FILLER_0_205_1617, 754.74, 571.2, 0.000304374
FILLER_0_206_1645, 767.54, 571.2, 0.000287978
FILLER_0_205_1673, 780.34, 571.2, 0.000271582
FILLER_0_205_1729, 805.94, 571.2, 0.000248016
FILLER_0_206_1757, 818.74, 571.2, 0.000240845
FILLER_0_205_1785, 831.54, 571.2, 0.000233674
FILLER_0_206_1813, 844.34, 571.2, 0.000226503
FILLER_0_205_1841, 857.14, 571.2, 0.000219332
FILLER_0_206_1869, 869.94, 571.2, 0.000212161
FILLER_0_205_1897, 882.74, 571.2, 0.00020499
FILLER_0_206_1925, 895.54, 571.2, 0.00019782
FILLER_0_205_1953, 908.34, 571.2, 0.000190649
FILLER_0_206_1981, 921.14, 571.2, 0.000183478
FILLER_0_205_2009, 933.94, 571.2, 0.000176307
FILLER_0_205_2065, 958.57, 571.2, 0.000169136
FILLER_0_206_2093, 970.4, 571.2, 0.000169136
FILLER_0_205_2121, 982.23, 571.2, 0.000169136
PHY_406, 5.52, 565.76, 0.000458747
PHY_408, 5.52, 565.76, 0.000458747
PHY_407, 994.06, 565.76, 0.000175489
PHY_409, 994.06, 565.76, 0.000175489
FILLER_0_203_2141, 994.06, 565.76, 0.000175489
FILLER_0_204_2137, 994.06, 565.76, 0.000175489
FILLER_0_204_77, 37.94, 565.76, 0.000472321
FILLER_0_205_105, 50.74, 565.76, 0.000485894
FILLER_0_204_133, 63.54, 565.76, 0.000499468
FILLER_0_205_161, 76.34, 565.76, 0.000513042
FILLER_0_204_189, 89.14, 565.76, 0.000526616
FILLER_0_205_217, 101.94, 565.76, 0.00054019
FILLER_0_204_245, 114.74, 565.76, 0.000553764
FILLER_0_205_273, 127.54, 565.76, 0.000567337
FILLER_0_204_301, 140.34, 565.76, 0.000580911
FILLER_0_205_329, 153.14, 565.76, 0.000594485
FILLER_0_204_357, 165.94, 565.76, 0.000608059
FILLER_0_204_413, 191.54, 565.76, 0.000646078
FILLER_0_205_441, 204.34, 565.76, 0.000670523
FILLER_0_204_469, 217.14, 565.76, 0.000694969
FILLER_0_205_497, 229.94, 565.76, 0.000719414
FILLER_0_204_525, 242.74, 565.76, 0.00074386
FILLER_0_205_553, 255.54, 565.76, 0.000768305
FILLER_0_204_581, 268.34, 565.76, 0.000792751
FILLER_0_205_609, 281.14, 565.76, 0.000817196
FILLER_0_204_637, 293.94, 565.76, 0.000841642
FILLER_0_205_665, 306.74, 565.76, 0.000866087
FILLER_0_204_693, 319.54, 565.76, 0.000890533
FILLER_0_204_749, 345.14, 565.76, 0.000924484
FILLER_0_205_777, 357.94, 565.76, 0.00093399
FILLER_0_204_805, 370.74, 565.76, 0.000943497
FILLER_0_205_833, 383.54, 565.76, 0.000953003
FILLER_0_204_861, 396.34, 565.76, 0.000962509
FILLER_0_205_889, 409.14, 565.76, 0.000972015
FILLER_0_204_917, 421.94, 565.76, 0.000981521
FILLER_0_205_945, 434.74, 565.76, 0.000991027
FILLER_0_204_973, 447.54, 565.76, 0.00100053
FILLER_0_205_1001, 460.34, 565.76, 0.00101004
FILLER_0_204_1029, 473.14, 565.76, 0.00101955
FILLER_0_204_1085, 498.74, 565.76, 0.000981698
FILLER_0_205_1113, 511.54, 565.76, 0.000934345
FILLER_0_204_1141, 524.34, 565.76, 0.000886991
FILLER_0_205_1169, 537.14, 565.76, 0.000839637
FILLER_0_204_1197, 549.94, 565.76, 0.000792284
FILLER_0_205_1225, 562.74, 565.76, 0.00074493
FILLER_0_204_1253, 575.54, 565.76, 0.000697576
FILLER_0_203_1281, 601.14, 565.76, 0.000602869
FILLER_0_204_1309, 613.94, 565.76, 0.000555515
FILLER_0_203_1337, 626.74, 565.76, 0.000508161
FILLER_0_203_1393, 652.34, 565.76, 0.000444018
FILLER_0_204_1421, 665.14, 565.76, 0.000427228
FILLER_0_203_1449, 677.94, 565.76, 0.000410438
FILLER_0_204_1477, 690.74, 565.76, 0.000393648
FILLER_0_203_1505, 703.54, 565.76, 0.000376858
FILLER_0_204_1533, 716.34, 565.76, 0.000360068
FILLER_0_203_1561, 729.14, 565.76, 0.000343278
FILLER_0_204_1589, 741.94, 565.76, 0.000326488
FILLER_0_203_1617, 754.74, 565.76, 0.000309698
FILLER_0_204_1645, 767.54, 565.76, 0.000292908
FILLER_0_203_1673, 780.34, 565.76, 0.000276118
FILLER_0_203_1729, 805.94, 565.76, 0.000252341
FILLER_0_204_1757, 818.74, 565.76, 0.000245355
FILLER_0_203_1785, 831.54, 565.76, 0.000238368
FILLER_0_204_1813, 844.34, 565.76, 0.000231382
FILLER_0_203_1841, 857.14, 565.76, 0.000224395
FILLER_0_204_1869, 869.94, 565.76, 0.000217409
FILLER_0_203_1897, 882.74, 565.76, 0.000210422
FILLER_0_204_1925, 895.54, 565.76, 0.000203436
FILLER_0_203_1953, 908.34, 565.76, 0.000196449
FILLER_0_204_1981, 921.14, 565.76, 0.000189462
FILLER_0_203_2009, 933.94, 565.76, 0.000182476
FILLER_0_203_2065, 958.57, 565.76, 0.000175489
FILLER_0_204_2093, 970.4, 565.76, 0.000175489
FILLER_0_203_2121, 982.23, 565.76, 0.000175489
PHY_402, 5.52, 560.32, 0.000480548
PHY_404, 5.52, 560.32, 0.000480548
PHY_403, 994.06, 560.32, 0.000181505
PHY_405, 994.06, 560.32, 0.000181505
FILLER_0_201_2141, 994.06, 560.32, 0.000181505
FILLER_0_202_2137, 994.06, 560.32, 0.000181505
FILLER_0_202_77, 37.94, 560.32, 0.000494752
FILLER_0_203_105, 50.74, 560.32, 0.000508957
FILLER_0_202_133, 63.54, 560.32, 0.000523161
FILLER_0_203_161, 76.34, 560.32, 0.000537365
FILLER_0_202_189, 89.14, 560.32, 0.00055157
FILLER_0_203_217, 101.94, 560.32, 0.000565774
FILLER_0_202_245, 114.74, 560.32, 0.000579978
FILLER_0_203_273, 127.54, 560.32, 0.000594183
FILLER_0_202_301, 140.34, 560.32, 0.000608387
FILLER_0_203_329, 153.14, 560.32, 0.000622591
FILLER_0_202_357, 165.94, 560.32, 0.000636795
FILLER_0_202_413, 191.54, 560.32, 0.000679808
FILLER_0_203_441, 204.34, 560.32, 0.000708616
FILLER_0_202_469, 217.14, 560.32, 0.000737425
FILLER_0_203_497, 229.94, 560.32, 0.000766233
FILLER_0_202_525, 242.74, 560.32, 0.000795042
FILLER_0_203_553, 255.54, 560.32, 0.00082385
FILLER_0_202_581, 268.34, 560.32, 0.000852658
FILLER_0_203_609, 281.14, 560.32, 0.000881467
FILLER_0_202_637, 293.94, 560.32, 0.000910275
FILLER_0_203_665, 306.74, 560.32, 0.000939083
FILLER_0_202_693, 319.54, 560.32, 0.000967891
FILLER_0_202_749, 345.14, 560.32, 0.0010426
FILLER_0_203_777, 357.94, 560.32, 0.0010885
FILLER_0_202_805, 370.74, 560.32, 0.0011344
FILLER_0_203_833, 383.54, 560.32, 0.0011803
FILLER_0_202_861, 396.34, 560.32, 0.0012262
_1005_, 409.14, 560.32, 0.0012721
hold129, 409.14, 560.32, 0.0012721
FILLER_0_201_865, 409.14, 560.32, 0.0012721
FILLER_0_202_881, 409.14, 560.32, 0.0012721
FILLER_0_203_889, 409.14, 560.32, 0.0012721
_0782_, 421.94, 560.32, 0.00128356
_0933_, 421.94, 560.32, 0.00128356
FILLER_0_202_907, 421.94, 560.32, 0.00128356
FILLER_0_202_919, 421.94, 560.32, 0.00128356
hold81, 434.74, 560.32, 0.00126577
FILLER_0_202_925, 434.74, 560.32, 0.00126577
FILLER_0_203_945, 434.74, 560.32, 0.00126577
hold22, 447.54, 560.32, 0.00123793
FILLER_0_202_977, 460.34, 560.32, 0.0012002
FILLER_0_203_1001, 460.34, 560.32, 0.0012002
FILLER_0_201_1005, 473.14, 560.32, 0.00116246
FILLER_0_202_1029, 473.14, 560.32, 0.00116246
FILLER_0_202_1085, 498.74, 560.32, 0.00107021
FILLER_0_203_1113, 511.54, 560.32, 0.00101569
FILLER_0_202_1141, 524.34, 560.32, 0.000961175
FILLER_0_203_1169, 537.14, 560.32, 0.000906658
FILLER_0_202_1197, 549.94, 560.32, 0.000852141
FILLER_0_203_1225, 562.74, 560.32, 0.000797623
FILLER_0_202_1253, 575.54, 560.32, 0.000743106
FILLER_0_201_1281, 601.14, 560.32, 0.000634072
FILLER_0_202_1309, 613.94, 560.32, 0.000579554
FILLER_0_201_1337, 626.74, 560.32, 0.000525037
FILLER_0_201_1393, 652.34, 560.32, 0.000453233
FILLER_0_202_1421, 665.14, 560.32, 0.000435947
FILLER_0_201_1449, 677.94, 560.32, 0.00041866
FILLER_0_202_1477, 690.74, 560.32, 0.000401374
FILLER_0_201_1505, 703.54, 560.32, 0.000384088
FILLER_0_202_1533, 716.34, 560.32, 0.000366801
FILLER_0_201_1561, 729.14, 560.32, 0.000349515
FILLER_0_202_1589, 741.94, 560.32, 0.000332228
FILLER_0_201_1617, 754.74, 560.32, 0.000314942
FILLER_0_202_1645, 767.54, 560.32, 0.000297655
FILLER_0_201_1673, 780.34, 560.32, 0.000280369
FILLER_0_201_1729, 805.94, 560.32, 0.000256284
FILLER_0_202_1757, 818.74, 560.32, 0.000249486
FILLER_0_201_1785, 831.54, 560.32, 0.000242688
FILLER_0_202_1813, 844.34, 560.32, 0.00023589
FILLER_0_201_1841, 857.14, 560.32, 0.000229092
FILLER_0_202_1869, 869.94, 560.32, 0.000222294
FILLER_0_201_1897, 882.74, 560.32, 0.000215495
FILLER_0_202_1925, 895.54, 560.32, 0.000208697
FILLER_0_201_1953, 908.34, 560.32, 0.000201899
FILLER_0_202_1981, 921.14, 560.32, 0.000195101
FILLER_0_201_2009, 933.94, 560.32, 0.000188303
FILLER_0_201_2065, 958.57, 560.32, 0.000181504
FILLER_0_202_2093, 970.4, 560.32, 0.000181505
FILLER_0_201_2121, 982.23, 560.32, 0.000181505
PHY_398, 5.52, 554.88, 0.000501619
PHY_400, 5.52, 554.88, 0.000501619
PHY_399, 994.06, 554.88, 0.000187186
PHY_401, 994.06, 554.88, 0.000187186
FILLER_0_199_2141, 994.06, 554.88, 0.000187186
FILLER_0_200_2137, 994.06, 554.88, 0.000187186
FILLER_0_200_77, 37.94, 554.88, 0.00051639
FILLER_0_201_105, 50.74, 554.88, 0.000531161
FILLER_0_200_133, 63.54, 554.88, 0.000545933
FILLER_0_201_161, 76.34, 554.88, 0.000560704
FILLER_0_200_189, 89.14, 554.88, 0.000575475
FILLER_0_201_217, 101.94, 554.88, 0.000590246
FILLER_0_200_245, 114.74, 554.88, 0.000605018
FILLER_0_201_273, 127.54, 554.88, 0.000619789
FILLER_0_200_301, 140.34, 554.88, 0.00063456
FILLER_0_201_329, 153.14, 554.88, 0.000649331
FILLER_0_200_357, 165.94, 554.88, 0.000664103
FILLER_0_200_413, 191.54, 554.88, 0.000710967
FILLER_0_201_441, 204.34, 554.88, 0.00074306
FILLER_0_200_469, 217.14, 554.88, 0.000775153
FILLER_0_201_497, 229.94, 554.88, 0.000807246
FILLER_0_200_525, 242.74, 554.88, 0.000839339
FILLER_0_201_553, 255.54, 554.88, 0.000871432
FILLER_0_200_581, 268.34, 554.88, 0.000903525
FILLER_0_201_609, 281.14, 554.88, 0.000935618
FILLER_0_200_637, 293.94, 554.88, 0.000967711
FILLER_0_201_665, 306.74, 554.88, 0.000999804
FILLER_0_200_693, 319.54, 554.88, 0.0010319
FILLER_0_200_749, 345.14, 554.88, 0.00112779
FILLER_0_201_777, 357.94, 554.88, 0.00119159
FILLER_0_200_805, 370.74, 554.88, 0.00125538
FILLER_0_201_833, 383.54, 554.88, 0.00131918
FILLER_0_200_861, 396.34, 554.88, 0.00138298
_0777_, 409.14, 554.88, 0.00144678
_0778_, 409.14, 554.88, 0.00144678
FILLER_0_199_865, 409.14, 554.88, 0.00144678
FILLER_0_200_890, 409.14, 554.88, 0.00144678
FILLER_0_201_889, 409.14, 554.88, 0.00144678
_0613_, 421.94, 554.88, 0.00149823
_0614_, 421.94, 554.88, 0.00149823
_1007_, 421.94, 554.88, 0.00149823
hold69, 421.94, 554.88, 0.00149823
FILLER_0_199_897, 421.94, 554.88, 0.00149823
FILLER_0_200_916, 421.94, 554.88, 0.00149823
FILLER_0_201_913, 421.94, 554.88, 0.00149823
_0617_, 434.74, 554.88, 0.00150177
_0618_, 434.74, 554.88, 0.00150177
_0781_, 434.74, 554.88, 0.00150177
_0935_, 434.74, 554.88, 0.00150177
FILLER_0_200_925, 434.74, 554.88, 0.00150177
FILLER_0_200_975, 460.34, 554.88, 0.00141703
FILLER_0_201_997, 460.34, 554.88, 0.00141703
_0917_, 473.14, 554.88, 0.00137466
FILLER_0_200_1029, 473.14, 554.88, 0.00137466
FILLER_0_200_1085, 498.74, 554.88, 0.00118601
FILLER_0_201_1113, 511.54, 554.88, 0.00112186
FILLER_0_200_1141, 524.34, 554.88, 0.00105771
FILLER_0_201_1169, 537.14, 554.88, 0.000993555
FILLER_0_200_1197, 549.94, 554.88, 0.000929404
FILLER_0_201_1225, 562.74, 554.88, 0.000865252
FILLER_0_200_1253, 575.54, 554.88, 0.0008011
FILLER_0_199_1281, 601.14, 554.88, 0.000672796
FILLER_0_200_1309, 613.94, 554.88, 0.000608645
FILLER_0_199_1337, 626.74, 554.88, 0.000544493
FILLER_0_199_1393, 652.34, 554.88, 0.000462511
FILLER_0_200_1421, 665.14, 554.88, 0.000444681
FILLER_0_199_1449, 677.94, 554.88, 0.000426851
FILLER_0_200_1477, 690.74, 554.88, 0.00040902
FILLER_0_199_1505, 703.54, 554.88, 0.00039119
FILLER_0_200_1533, 716.34, 554.88, 0.00037336
FILLER_0_199_1561, 729.14, 554.88, 0.00035553
FILLER_0_200_1589, 741.94, 554.88, 0.0003377
FILLER_0_199_1617, 754.74, 554.88, 0.00031987
FILLER_0_200_1645, 767.54, 554.88, 0.00030204
FILLER_0_199_1673, 780.34, 554.88, 0.000284209
FILLER_0_199_1729, 805.94, 554.88, 0.00025978
FILLER_0_200_1757, 818.74, 554.88, 0.00025318
FILLER_0_199_1785, 831.54, 554.88, 0.000246581
FILLER_0_200_1813, 844.34, 554.88, 0.000239981
FILLER_0_199_1841, 857.14, 554.88, 0.000233382
FILLER_0_200_1869, 869.94, 554.88, 0.000226783
FILLER_0_199_1897, 882.74, 554.88, 0.000220183
FILLER_0_200_1925, 895.54, 554.88, 0.000213584
FILLER_0_199_1953, 908.34, 554.88, 0.000206984
FILLER_0_200_1981, 921.14, 554.88, 0.000200385
FILLER_0_199_2009, 933.94, 554.88, 0.000193785
FILLER_0_199_2065, 958.57, 554.88, 0.000187186
FILLER_0_200_2093, 970.4, 554.88, 0.000187186
FILLER_0_199_2121, 982.23, 554.88, 0.000187186
PHY_394, 5.52, 549.44, 0.000522025
PHY_396, 5.52, 549.44, 0.000522025
PHY_395, 994.06, 549.44, 0.000192533
PHY_397, 994.06, 549.44, 0.000192533
FILLER_0_197_2141, 994.06, 549.44, 0.000192533
FILLER_0_198_2137, 994.06, 549.44, 0.000192533
FILLER_0_198_77, 37.94, 549.44, 0.000537419
FILLER_0_199_105, 50.74, 549.44, 0.000552813
FILLER_0_198_133, 63.54, 549.44, 0.000568207
FILLER_0_199_161, 76.34, 549.44, 0.000583601
FILLER_0_198_189, 89.14, 549.44, 0.000598995
FILLER_0_199_217, 101.94, 549.44, 0.000614389
FILLER_0_198_245, 114.74, 549.44, 0.000629783
FILLER_0_199_273, 127.54, 549.44, 0.000645177
FILLER_0_198_301, 140.34, 549.44, 0.000660571
FILLER_0_199_329, 153.14, 549.44, 0.000675965
FILLER_0_198_357, 165.94, 549.44, 0.000691359
FILLER_0_198_413, 191.54, 549.44, 0.000743255
FILLER_0_199_441, 204.34, 549.44, 0.000779757
FILLER_0_198_469, 217.14, 549.44, 0.000816259
FILLER_0_199_497, 229.94, 549.44, 0.000852761
FILLER_0_198_525, 242.74, 549.44, 0.000889263
FILLER_0_199_553, 255.54, 549.44, 0.000925765
FILLER_0_198_581, 268.34, 549.44, 0.000962267
FILLER_0_199_609, 281.14, 549.44, 0.000998768
FILLER_0_198_637, 293.94, 549.44, 0.00103527
FILLER_0_199_665, 306.74, 549.44, 0.00107177
FILLER_0_198_693, 319.54, 549.44, 0.00110827
FILLER_0_198_749, 345.14, 549.44, 0.00124681
FILLER_0_199_777, 357.94, 549.44, 0.00134884
FILLER_0_198_805, 370.74, 549.44, 0.00145088
hold116, 383.54, 549.44, 0.00155291
FILLER_0_199_833, 383.54, 549.44, 0.00155291
_0500_, 396.34, 549.44, 0.00164519
FILLER_0_198_861, 396.34, 549.44, 0.00164519
_0724_, 409.14, 549.44, 0.00172921
_0725_, 409.14, 549.44, 0.00172921
_0981_, 409.14, 549.44, 0.00172921
hold92, 409.14, 549.44, 0.00172921
FILLER_0_197_868, 409.14, 549.44, 0.00172921
FILLER_0_199_888, 409.14, 549.44, 0.00172921
_0542_, 421.94, 549.44, 0.00176683
_0706_, 421.94, 549.44, 0.00176683
_0729_, 421.94, 549.44, 0.00176683
FILLER_0_198_919, 421.94, 549.44, 0.00176683
_0560_, 434.74, 549.44, 0.00176636
FILLER_0_197_926, 434.74, 549.44, 0.00176636
FILLER_0_199_943, 434.74, 549.44, 0.00176636
_0710_, 447.54, 549.44, 0.00173753
_0975_, 447.54, 549.44, 0.00173753
hold61, 447.54, 549.44, 0.00173753
FILLER_0_198_974, 447.54, 549.44, 0.00173753
_0633_, 460.34, 549.44, 0.00166521
_0942_, 460.34, 549.44, 0.00166521
FILLER_0_197_976, 460.34, 549.44, 0.00166521
FILLER_0_198_997, 460.34, 549.44, 0.00166521
FILLER_0_199_1001, 460.34, 549.44, 0.00166521
_0521_, 473.14, 549.44, 0.00156297
_0548_, 473.14, 549.44, 0.00156297
_0914_, 473.14, 549.44, 0.00156297
FILLER_0_197_1004, 473.14, 549.44, 0.00156297
FILLER_0_197_1009, 473.14, 549.44, 0.00156297
FILLER_0_197_1059, 498.74, 549.44, 0.00130385
FILLER_0_199_1113, 511.54, 549.44, 0.00122971
FILLER_0_198_1141, 524.34, 549.44, 0.00115557
FILLER_0_199_1169, 537.14, 549.44, 0.00108143
FILLER_0_198_1197, 549.94, 549.44, 0.00100729
FILLER_0_199_1225, 562.74, 549.44, 0.000933147
FILLER_0_198_1253, 575.54, 549.44, 0.000859006
FILLER_0_197_1281, 601.14, 549.44, 0.000710724
FILLER_0_198_1309, 613.94, 549.44, 0.000636583
FILLER_0_197_1337, 626.74, 549.44, 0.000562442
FILLER_0_197_1393, 652.34, 549.44, 0.000470032
FILLER_0_198_1421, 665.14, 549.44, 0.000451763
FILLER_0_197_1449, 677.94, 549.44, 0.000433494
FILLER_0_198_1477, 690.74, 549.44, 0.000415225
FILLER_0_197_1505, 703.54, 549.44, 0.000396956
FILLER_0_198_1533, 716.34, 549.44, 0.000378687
FILLER_0_197_1561, 729.14, 549.44, 0.000360418
FILLER_0_198_1589, 741.94, 549.44, 0.000342149
FILLER_0_197_1617, 754.74, 549.44, 0.00032388
FILLER_0_198_1645, 767.54, 549.44, 0.000305611
FILLER_0_197_1673, 780.34, 549.44, 0.000287342
FILLER_0_197_1729, 805.94, 549.44, 0.000262695
FILLER_0_198_1757, 818.74, 549.44, 0.000256316
FILLER_0_197_1785, 831.54, 549.44, 0.000249938
FILLER_0_198_1813, 844.34, 549.44, 0.00024356
FILLER_0_197_1841, 857.14, 549.44, 0.000237181
FILLER_0_198_1869, 869.94, 549.44, 0.000230803
FILLER_0_197_1897, 882.74, 549.44, 0.000224425
FILLER_0_198_1925, 895.54, 549.44, 0.000218046
FILLER_0_197_1953, 908.34, 549.44, 0.000211668
FILLER_0_198_1981, 921.14, 549.44, 0.00020529
FILLER_0_197_2009, 933.94, 549.44, 0.000198911
FILLER_0_197_2065, 958.57, 549.44, 0.000192533
FILLER_0_198_2093, 970.4, 549.44, 0.000192533
FILLER_0_197_2121, 982.23, 549.44, 0.000192533
PHY_390, 5.52, 544, 0.000541738
PHY_392, 5.52, 544, 0.000541738
PHY_391, 994.06, 544, 0.000197543
PHY_393, 994.06, 544, 0.000197543
FILLER_0_195_2141, 994.06, 544, 0.000197543
FILLER_0_196_2137, 994.06, 544, 0.000197543
FILLER_0_196_77, 37.94, 544, 0.000557813
FILLER_0_197_105, 50.74, 544, 0.000573888
FILLER_0_196_133, 63.54, 544, 0.000589963
FILLER_0_197_161, 76.34, 544, 0.000606038
FILLER_0_196_189, 89.14, 544, 0.000622113
FILLER_0_197_217, 101.94, 544, 0.000638188
FILLER_0_196_245, 114.74, 544, 0.000654263
FILLER_0_197_273, 127.54, 544, 0.000670338
FILLER_0_196_301, 140.34, 544, 0.000686412
FILLER_0_197_329, 153.14, 544, 0.000702487
FILLER_0_196_357, 165.94, 544, 0.000718562
FILLER_0_196_413, 191.54, 544, 0.000776908
FILLER_0_197_441, 204.34, 544, 0.000819178
FILLER_0_196_469, 217.14, 544, 0.000861449
FILLER_0_197_497, 229.94, 544, 0.00090372
FILLER_0_196_525, 242.74, 544, 0.000945991
FILLER_0_197_553, 255.54, 544, 0.000988262
FILLER_0_196_581, 268.34, 544, 0.00103053
FILLER_0_197_609, 281.14, 544, 0.0010728
FILLER_0_196_637, 293.94, 544, 0.00111507
FILLER_0_197_665, 306.74, 544, 0.00115734
FILLER_0_196_693, 319.54, 544, 0.00119962
FILLER_0_196_749, 345.14, 544, 0.00140842
FILLER_0_197_777, 357.94, 544, 0.00157496
_1015_, 370.74, 544, 0.0017415
FILLER_0_196_805, 370.74, 544, 0.0017415
FILLER_0_197_797, 370.74, 544, 0.0017415
_0501_, 383.54, 544, 0.00188483
_0559_, 383.54, 544, 0.00188483
_0799_, 383.54, 544, 0.00188483
FILLER_0_195_818, 383.54, 544, 0.00188483
FILLER_0_196_822, 383.54, 544, 0.00188483
_0561_, 396.34, 544, 0.00199639
_1028_, 396.34, 544, 0.00199639
hold98, 396.34, 544, 0.00199639
FILLER_0_196_848, 396.34, 544, 0.00199639
FILLER_0_196_862, 396.34, 544, 0.00199639
FILLER_0_197_858, 396.34, 544, 0.00199639
_0496_, 409.14, 544, 0.00205914
_0497_, 409.14, 544, 0.00205914
_0909_, 409.14, 544, 0.00205914
hold42, 409.14, 544, 0.00205914
FILLER_0_195_865, 409.14, 544, 0.00205914
FILLER_0_197_886, 409.14, 544, 0.00205914
_0543_, 421.94, 544, 0.00207488
_0707_, 421.94, 544, 0.00207488
_0973_, 421.94, 544, 0.00207488
hold29, 421.94, 544, 0.00207488
FILLER_0_196_893, 421.94, 544, 0.00207488
FILLER_0_196_918, 421.94, 544, 0.00207488
_0728_, 434.74, 544, 0.0020284
_0983_, 434.74, 544, 0.0020284
hold94, 434.74, 544, 0.0020284
_0711_, 447.54, 544, 0.00194008
_1068_, 447.54, 544, 0.00194008
_0522_, 460.34, 544, 0.00182237
_0549_, 460.34, 544, 0.00182237
_0634_, 460.34, 544, 0.00182237
_0651_, 460.34, 544, 0.00182237
hold52, 460.34, 544, 0.00182237
hold67, 460.34, 544, 0.00182237
FILLER_0_195_981, 460.34, 544, 0.00182237
_0547_, 473.14, 544, 0.00165848
_1067_, 473.14, 544, 0.00165848
FILLER_0_195_1005, 473.14, 544, 0.00165848
FILLER_0_196_1028, 473.14, 544, 0.00165848
FILLER_0_197_1021, 473.14, 544, 0.00165848
FILLER_0_196_1086, 498.74, 544, 0.00137574
FILLER_0_197_1113, 511.54, 544, 0.00129531
FILLER_0_196_1141, 524.34, 544, 0.00121488
FILLER_0_197_1169, 537.14, 544, 0.00113444
FILLER_0_196_1197, 549.94, 544, 0.00105401
FILLER_0_197_1225, 562.74, 544, 0.000973578
FILLER_0_196_1253, 575.54, 544, 0.000893145
FILLER_0_195_1281, 601.14, 544, 0.00073228
FILLER_0_196_1309, 613.94, 544, 0.000651847
FILLER_0_195_1337, 626.74, 544, 0.000571415
FILLER_0_195_1393, 652.34, 544, 0.000472645
FILLER_0_196_1421, 665.14, 544, 0.000454308
FILLER_0_195_1449, 677.94, 544, 0.000435971
FILLER_0_196_1477, 690.74, 544, 0.000417634
FILLER_0_195_1505, 703.54, 544, 0.000399298
FILLER_0_196_1533, 716.34, 544, 0.000380961
FILLER_0_195_1561, 729.14, 544, 0.000362624
FILLER_0_196_1589, 741.94, 544, 0.000344287
FILLER_0_195_1617, 754.74, 544, 0.00032595
FILLER_0_196_1645, 767.54, 544, 0.000307613
FILLER_0_195_1673, 780.34, 544, 0.000289276
FILLER_0_195_1729, 805.94, 544, 0.000264823
FILLER_0_196_1757, 818.74, 544, 0.000258706
FILLER_0_195_1785, 831.54, 544, 0.00025259
FILLER_0_196_1813, 844.34, 544, 0.000246474
FILLER_0_195_1841, 857.14, 544, 0.000240357
FILLER_0_196_1869, 869.94, 544, 0.000234241
FILLER_0_195_1897, 882.74, 544, 0.000228125
FILLER_0_196_1925, 895.54, 544, 0.000222008
FILLER_0_195_1953, 908.34, 544, 0.000215892
FILLER_0_196_1981, 921.14, 544, 0.000209775
FILLER_0_195_2009, 933.94, 544, 0.000203659
FILLER_0_195_2065, 958.57, 544, 0.000197543
FILLER_0_196_2093, 970.4, 544, 0.000197543
FILLER_0_195_2121, 982.23, 544, 0.000197543
PHY_386, 5.52, 538.56, 0.000560365
PHY_388, 5.52, 538.56, 0.000560365
PHY_387, 994.06, 538.56, 0.000202227
PHY_389, 994.06, 538.56, 0.000202227
FILLER_0_193_2141, 994.06, 538.56, 0.000202227
FILLER_0_194_2137, 994.06, 538.56, 0.000202227
FILLER_0_194_77, 37.94, 538.56, 0.000576716
FILLER_0_195_105, 50.74, 538.56, 0.000593068
FILLER_0_194_133, 63.54, 538.56, 0.000609419
FILLER_0_195_161, 76.34, 538.56, 0.00062577
FILLER_0_194_189, 89.14, 538.56, 0.000642122
FILLER_0_195_217, 101.94, 538.56, 0.000658473
FILLER_0_194_245, 114.74, 538.56, 0.000674824
FILLER_0_195_273, 127.54, 538.56, 0.000691176
FILLER_0_194_301, 140.34, 538.56, 0.000707527
FILLER_0_195_329, 153.14, 538.56, 0.000723878
FILLER_0_194_357, 165.94, 538.56, 0.000740229
FILLER_0_194_413, 191.54, 538.56, 0.000798221
FILLER_0_195_441, 204.34, 538.56, 0.000839862
FILLER_0_194_469, 217.14, 538.56, 0.000881503
FILLER_0_195_497, 229.94, 538.56, 0.000923143
FILLER_0_194_525, 242.74, 538.56, 0.000964784
FILLER_0_195_553, 255.54, 538.56, 0.00100642
FILLER_0_194_581, 268.34, 538.56, 0.00104807
FILLER_0_195_609, 281.14, 538.56, 0.00108971
FILLER_0_194_637, 293.94, 538.56, 0.00113135
FILLER_0_195_665, 306.74, 538.56, 0.00117299
FILLER_0_194_693, 319.54, 538.56, 0.00121463
FILLER_0_194_749, 345.14, 538.56, 0.00138268
FILLER_0_195_777, 357.94, 538.56, 0.00150909
_0999_, 370.74, 538.56, 0.0016355
FILLER_0_194_805, 370.74, 538.56, 0.0016355
FILLER_0_195_797, 370.74, 538.56, 0.0016355
_0763_, 383.54, 538.56, 0.001738
_0764_, 383.54, 538.56, 0.001738
_0800_, 383.54, 538.56, 0.001738
_0830_, 383.54, 538.56, 0.001738
_0911_, 383.54, 538.56, 0.001738
hold114, 383.54, 538.56, 0.001738
_0829_, 396.34, 538.56, 0.00178409
hold82, 396.34, 538.56, 0.00178409
FILLER_0_194_837, 396.34, 538.56, 0.00178409
_0541_, 409.14, 538.56, 0.001813
_0760_, 409.14, 538.56, 0.001813
FILLER_0_193_870, 409.14, 538.56, 0.001813
FILLER_0_194_865, 409.14, 538.56, 0.001813
_0786_, 421.94, 538.56, 0.00181588
_0826_, 421.94, 538.56, 0.00181588
FILLER_0_194_905, 421.94, 538.56, 0.00181588
FILLER_0_194_915, 421.94, 538.56, 0.00181588
FILLER_0_195_919, 421.94, 538.56, 0.00181588
_0715_, 434.74, 538.56, 0.00180731
_0977_, 434.74, 538.56, 0.00180731
FILLER_0_194_937, 434.74, 538.56, 0.00180731
FILLER_0_195_934, 434.74, 538.56, 0.00180731
FILLER_0_195_944, 434.74, 538.56, 0.00180731
_0714_, 447.54, 538.56, 0.00176808
_0880_, 447.54, 538.56, 0.00176808
hold123, 447.54, 538.56, 0.00176808
FILLER_0_193_948, 447.54, 538.56, 0.00176808
FILLER_0_195_965, 447.54, 538.56, 0.00176808
_0553_, 460.34, 538.56, 0.00170368
_0881_, 460.34, 538.56, 0.00170368
hold71, 460.34, 538.56, 0.00170368
_0594_, 473.14, 538.56, 0.00160176
_0595_, 473.14, 538.56, 0.00160176
_0879_, 473.14, 538.56, 0.00160176
_0925_, 473.14, 538.56, 0.00160176
FILLER_0_193_1009, 473.14, 538.56, 0.00160176
FILLER_0_194_1014, 473.14, 538.56, 0.00160176
_0546_, 498.74, 538.56, 0.00141092
_0649_, 498.74, 538.56, 0.00141092
hold101, 498.74, 538.56, 0.00141092
FILLER_0_194_1087, 511.54, 538.56, 0.00132708
FILLER_0_195_1113, 511.54, 538.56, 0.00132708
FILLER_0_194_1141, 524.34, 538.56, 0.00124325
FILLER_0_195_1169, 537.14, 538.56, 0.00115941
FILLER_0_194_1197, 549.94, 538.56, 0.00107557
FILLER_0_195_1225, 562.74, 538.56, 0.000991731
FILLER_0_194_1253, 575.54, 538.56, 0.000907893
FILLER_0_193_1281, 601.14, 538.56, 0.000740216
FILLER_0_194_1309, 613.94, 538.56, 0.000656377
FILLER_0_193_1337, 626.74, 538.56, 0.000572539
FILLER_0_193_1393, 652.34, 538.56, 0.000470641
FILLER_0_194_1421, 665.14, 538.56, 0.000452581
FILLER_0_193_1449, 677.94, 538.56, 0.000434521
FILLER_0_194_1477, 690.74, 538.56, 0.000416461
FILLER_0_193_1505, 703.54, 538.56, 0.000398401
FILLER_0_194_1533, 716.34, 538.56, 0.000380341
FILLER_0_193_1561, 729.14, 538.56, 0.000362282
FILLER_0_194_1589, 741.94, 538.56, 0.000344222
FILLER_0_193_1617, 754.74, 538.56, 0.000326162
FILLER_0_194_1645, 767.54, 538.56, 0.000308102
FILLER_0_193_1673, 780.34, 538.56, 0.000290042
FILLER_0_193_1729, 805.94, 538.56, 0.000266169
FILLER_0_194_1757, 818.74, 538.56, 0.000260356
FILLER_0_193_1785, 831.54, 538.56, 0.000254543
FILLER_0_194_1813, 844.34, 538.56, 0.00024873
FILLER_0_193_1841, 857.14, 538.56, 0.000242917
FILLER_0_194_1869, 869.94, 538.56, 0.000237104
FILLER_0_193_1897, 882.74, 538.56, 0.000231291
FILLER_0_194_1925, 895.54, 538.56, 0.000225478
FILLER_0_193_1953, 908.34, 538.56, 0.000219665
FILLER_0_194_1981, 921.14, 538.56, 0.000213852
FILLER_0_193_2009, 933.94, 538.56, 0.000208039
FILLER_0_193_2065, 958.57, 538.56, 0.000202226
FILLER_0_194_2093, 970.4, 538.56, 0.000202227
FILLER_0_193_2121, 982.23, 538.56, 0.000202227
PHY_382, 5.52, 533.12, 0.000578133
PHY_384, 5.52, 533.12, 0.000578133
PHY_383, 994.06, 533.12, 0.000206596
PHY_385, 994.06, 533.12, 0.000206596
FILLER_0_191_2141, 994.06, 533.12, 0.000206596
FILLER_0_192_2137, 994.06, 533.12, 0.000206596
FILLER_0_192_77, 37.94, 533.12, 0.000594665
FILLER_0_193_105, 50.74, 533.12, 0.000611197
FILLER_0_192_133, 63.54, 533.12, 0.000627729
FILLER_0_193_161, 76.34, 533.12, 0.000644261
FILLER_0_192_189, 89.14, 533.12, 0.000660793
FILLER_0_193_217, 101.94, 533.12, 0.000677325
FILLER_0_192_245, 114.74, 533.12, 0.000693857
FILLER_0_193_273, 127.54, 533.12, 0.000710389
FILLER_0_192_301, 140.34, 533.12, 0.000726921
FILLER_0_193_329, 153.14, 533.12, 0.000743452
FILLER_0_192_357, 165.94, 533.12, 0.000759984
FILLER_0_192_413, 191.54, 533.12, 0.000816413
FILLER_0_193_441, 204.34, 533.12, 0.000856309
FILLER_0_192_469, 217.14, 533.12, 0.000896206
FILLER_0_193_497, 229.94, 533.12, 0.000936103
FILLER_0_192_525, 242.74, 533.12, 0.000975999
FILLER_0_193_553, 255.54, 533.12, 0.0010159
FILLER_0_192_581, 268.34, 533.12, 0.00105579
FILLER_0_193_609, 281.14, 533.12, 0.00109569
FILLER_0_192_637, 293.94, 533.12, 0.00113559
FILLER_0_193_665, 306.74, 533.12, 0.00117548
FILLER_0_192_693, 319.54, 533.12, 0.00121538
FILLER_0_192_749, 345.14, 533.12, 0.00132597
FILLER_0_193_777, 357.94, 533.12, 0.00139666
FILLER_0_192_805, 370.74, 533.12, 0.00146735
_0505_, 383.54, 533.12, 0.00153804
FILLER_0_191_810, 383.54, 533.12, 0.00153804
FILLER_0_193_833, 383.54, 533.12, 0.00153804
FILLER_0_191_837, 396.34, 533.12, 0.00160348
FILLER_0_192_861, 396.34, 533.12, 0.00160348
_0759_, 409.14, 533.12, 0.00166892
_0795_, 409.14, 533.12, 0.00166892
hold104, 409.14, 533.12, 0.00166892
hold110, 409.14, 533.12, 0.00166892
_0796_, 421.94, 533.12, 0.00170112
_0578_, 434.74, 533.12, 0.00172591
_0622_, 434.74, 533.12, 0.00172591
_0733_, 434.74, 533.12, 0.00172591
_0785_, 434.74, 533.12, 0.00172591
hold78, 434.74, 533.12, 0.00172591
_0926_, 447.54, 533.12, 0.0017
FILLER_0_192_957, 447.54, 533.12, 0.0017
_0596_, 460.34, 533.12, 0.00165086
_0652_, 460.34, 533.12, 0.00165086
_0950_, 460.34, 533.12, 0.00165086
hold109, 460.34, 533.12, 0.00165086
hold108, 473.14, 533.12, 0.00155676
FILLER_0_191_1004, 473.14, 533.12, 0.00155676
FILLER_0_192_1027, 473.14, 533.12, 0.00155676
hold63, 498.74, 533.12, 0.00138851
FILLER_0_192_1085, 498.74, 533.12, 0.00138851
hold77, 511.54, 533.12, 0.00131501
FILLER_0_193_1110, 511.54, 533.12, 0.00131501
FILLER_0_192_1141, 524.34, 533.12, 0.00123157
FILLER_0_193_1169, 537.14, 533.12, 0.00114813
FILLER_0_192_1197, 549.94, 533.12, 0.00106469
FILLER_0_193_1225, 562.74, 533.12, 0.000981251
FILLER_0_192_1253, 575.54, 533.12, 0.000897811
FILLER_0_191_1281, 601.14, 533.12, 0.000730932
FILLER_0_192_1309, 613.94, 533.12, 0.000647493
FILLER_0_191_1337, 626.74, 533.12, 0.000564053
FILLER_0_191_1393, 652.34, 533.12, 0.000463242
FILLER_0_192_1421, 665.14, 533.12, 0.00044587
FILLER_0_191_1449, 677.94, 533.12, 0.000428499
FILLER_0_192_1477, 690.74, 533.12, 0.000411127
FILLER_0_191_1505, 703.54, 533.12, 0.000393755
FILLER_0_192_1533, 716.34, 533.12, 0.000376383
FILLER_0_191_1561, 729.14, 533.12, 0.000359012
FILLER_0_192_1589, 741.94, 533.12, 0.00034164
FILLER_0_191_1617, 754.74, 533.12, 0.000324268
FILLER_0_192_1645, 767.54, 533.12, 0.000306896
FILLER_0_191_1673, 780.34, 533.12, 0.000289524
FILLER_0_191_1729, 805.94, 533.12, 0.00026669
FILLER_0_192_1757, 818.74, 533.12, 0.000261227
FILLER_0_191_1785, 831.54, 533.12, 0.000255763
FILLER_0_192_1813, 844.34, 533.12, 0.0002503
FILLER_0_191_1841, 857.14, 533.12, 0.000244837
FILLER_0_192_1869, 869.94, 533.12, 0.000239374
FILLER_0_191_1897, 882.74, 533.12, 0.000233911
FILLER_0_192_1925, 895.54, 533.12, 0.000228448
FILLER_0_191_1953, 908.34, 533.12, 0.000222985
FILLER_0_192_1981, 921.14, 533.12, 0.000217522
FILLER_0_191_2009, 933.94, 533.12, 0.000212059
FILLER_0_191_2065, 958.57, 533.12, 0.000206595
FILLER_0_192_2093, 970.4, 533.12, 0.000206596
FILLER_0_191_2121, 982.23, 533.12, 0.000206596
PHY_378, 5.52, 527.68, 0.000595748
PHY_380, 5.52, 527.68, 0.000595748
PHY_379, 994.06, 527.68, 0.000210745
PHY_381, 994.06, 527.68, 0.000210745
FILLER_0_189_2141, 994.06, 527.68, 0.000210745
FILLER_0_190_2137, 994.06, 527.68, 0.000210745
FILLER_0_190_77, 37.94, 527.68, 0.000613278
FILLER_0_191_105, 50.74, 527.68, 0.000630809
FILLER_0_190_133, 63.54, 527.68, 0.000648339
FILLER_0_191_161, 76.34, 527.68, 0.000665869
FILLER_0_190_189, 89.14, 527.68, 0.000683399
FILLER_0_191_217, 101.94, 527.68, 0.00070093
FILLER_0_190_245, 114.74, 527.68, 0.00071846
FILLER_0_191_273, 127.54, 527.68, 0.00073599
FILLER_0_190_301, 140.34, 527.68, 0.00075352
FILLER_0_191_329, 153.14, 527.68, 0.000771051
FILLER_0_190_357, 165.94, 527.68, 0.000788581
FILLER_0_190_413, 191.54, 527.68, 0.000858875
FILLER_0_191_441, 204.34, 527.68, 0.000911639
FILLER_0_190_469, 217.14, 527.68, 0.000964402
FILLER_0_191_497, 229.94, 527.68, 0.00101717
FILLER_0_190_525, 242.74, 527.68, 0.00106993
FILLER_0_191_553, 255.54, 527.68, 0.00112269
FILLER_0_190_581, 268.34, 527.68, 0.00117546
FILLER_0_191_609, 281.14, 527.68, 0.00122822
FILLER_0_190_637, 293.94, 527.68, 0.00128098
FILLER_0_191_665, 306.74, 527.68, 0.00133375
FILLER_0_190_693, 319.54, 527.68, 0.00138651
FILLER_0_190_749, 345.14, 527.68, 0.00170747
FILLER_0_191_777, 357.94, 527.68, 0.00197566
_0768_, 370.74, 527.68, 0.00224385
_0803_, 370.74, 527.68, 0.00224385
_0804_, 370.74, 527.68, 0.00224385
FILLER_0_189_785, 370.74, 527.68, 0.00224385
FILLER_0_190_793, 370.74, 527.68, 0.00224385
FILLER_0_191_797, 370.74, 527.68, 0.00224385
_0577_, 383.54, 527.68, 0.00249544
_0767_, 383.54, 527.68, 0.00249544
_0834_, 383.54, 527.68, 0.00249544
_0913_, 383.54, 527.68, 0.00249544
hold119, 383.54, 527.68, 0.00249544
_0997_, 396.34, 527.68, 0.00267157
_1013_, 396.34, 527.68, 0.00267157
_1030_, 396.34, 527.68, 0.00267157
hold120, 396.34, 527.68, 0.00267157
FILLER_0_189_836, 396.34, 527.68, 0.00267157
_0825_, 409.14, 527.68, 0.00276566
_1026_, 409.14, 527.68, 0.00276566
clkbuf_4_10_0_w_clk, 409.14, 527.68, 0.00276566
hold134, 409.14, 527.68, 0.00276566
FILLER_0_189_865, 409.14, 527.68, 0.00276566
FILLER_0_190_879, 409.14, 527.68, 0.00276566
_0985_, 421.94, 527.68, 0.00273927
_1009_, 421.94, 527.68, 0.00273927
clkbuf_4_11_0_w_clk, 421.94, 527.68, 0.00273927
FILLER_0_191_909, 421.94, 527.68, 0.00273927
_0937_, 434.74, 527.68, 0.0025989
hold105, 434.74, 527.68, 0.0025989
FILLER_0_190_925, 434.74, 527.68, 0.0025989
_0579_, 447.54, 527.68, 0.00242482
_0597_, 447.54, 527.68, 0.00242482
_0899_, 447.54, 527.68, 0.00242482
hold59, 447.54, 527.68, 0.00242482
FILLER_0_189_947, 447.54, 527.68, 0.00242482
FILLER_0_190_969, 447.54, 527.68, 0.00242482
_1069_, 460.34, 527.68, 0.00221159
hold118, 460.34, 527.68, 0.00221159
FILLER_0_190_977, 460.34, 527.68, 0.00221159
FILLER_0_190_993, 460.34, 527.68, 0.00221159
_0598_, 473.14, 527.68, 0.00196506
_0654_, 473.14, 527.68, 0.00196506
_0951_, 473.14, 527.68, 0.00196506
FILLER_0_190_1015, 473.14, 527.68, 0.00196506
FILLER_0_191_1017, 473.14, 527.68, 0.00196506
_0545_, 498.74, 527.68, 0.00165218
_0667_, 498.74, 527.68, 0.00165218
_0896_, 498.74, 527.68, 0.00165218
FILLER_0_191_1085, 498.74, 527.68, 0.00165218
_0742_, 511.54, 527.68, 0.00158513
_0989_, 511.54, 527.68, 0.00158513
hold133, 511.54, 527.68, 0.00158513
FILLER_0_191_1110, 511.54, 527.68, 0.00158513
FILLER_0_189_1115, 524.34, 527.68, 0.00147552
FILLER_0_190_1141, 524.34, 527.68, 0.00147552
FILLER_0_191_1169, 537.14, 527.68, 0.00136592
FILLER_0_190_1197, 549.94, 527.68, 0.00125631
FILLER_0_191_1225, 562.74, 527.68, 0.00114671
FILLER_0_190_1253, 575.54, 527.68, 0.0010371
FILLER_0_189_1281, 601.14, 527.68, 0.000817889
FILLER_0_190_1309, 613.94, 527.68, 0.000708283
FILLER_0_189_1337, 626.74, 527.68, 0.000598677
FILLER_0_189_1393, 652.34, 527.68, 0.000471045
FILLER_0_190_1421, 665.14, 527.68, 0.000453019
FILLER_0_189_1449, 677.94, 527.68, 0.000434993
FILLER_0_190_1477, 690.74, 527.68, 0.000416967
FILLER_0_189_1505, 703.54, 527.68, 0.000398941
FILLER_0_190_1533, 716.34, 527.68, 0.000380915
FILLER_0_189_1561, 729.14, 527.68, 0.000362889
FILLER_0_190_1589, 741.94, 527.68, 0.000344863
FILLER_0_189_1617, 754.74, 527.68, 0.000326837
FILLER_0_190_1645, 767.54, 527.68, 0.000308811
FILLER_0_189_1673, 780.34, 527.68, 0.000290785
FILLER_0_189_1729, 805.94, 527.68, 0.000267591
FILLER_0_190_1757, 818.74, 527.68, 0.000262423
FILLER_0_189_1785, 831.54, 527.68, 0.000257256
FILLER_0_190_1813, 844.34, 527.68, 0.000252088
FILLER_0_189_1841, 857.14, 527.68, 0.00024692
FILLER_0_190_1869, 869.94, 527.68, 0.000241752
FILLER_0_189_1897, 882.74, 527.68, 0.000236584
FILLER_0_190_1925, 895.54, 527.68, 0.000231417
FILLER_0_189_1953, 908.34, 527.68, 0.000226249
FILLER_0_190_1981, 921.14, 527.68, 0.000221081
FILLER_0_189_2009, 933.94, 527.68, 0.000215913
FILLER_0_189_2065, 958.57, 527.68, 0.000210745
FILLER_0_190_2093, 970.4, 527.68, 0.000210745
FILLER_0_189_2121, 982.23, 527.68, 0.000210745
PHY_374, 5.52, 522.24, 0.000611695
PHY_376, 5.52, 522.24, 0.000611695
PHY_375, 994.06, 522.24, 0.000214527
PHY_377, 994.06, 522.24, 0.000214527
FILLER_0_187_2141, 994.06, 522.24, 0.000214527
FILLER_0_188_2137, 994.06, 522.24, 0.000214527
FILLER_0_188_77, 37.94, 522.24, 0.000629166
FILLER_0_189_105, 50.74, 522.24, 0.000646636
FILLER_0_188_133, 63.54, 522.24, 0.000664106
FILLER_0_189_161, 76.34, 522.24, 0.000681577
FILLER_0_188_189, 89.14, 522.24, 0.000699047
FILLER_0_189_217, 101.94, 522.24, 0.000716518
FILLER_0_188_245, 114.74, 522.24, 0.000733988
FILLER_0_189_273, 127.54, 522.24, 0.000751458
FILLER_0_188_301, 140.34, 522.24, 0.000768929
FILLER_0_189_329, 153.14, 522.24, 0.000786399
FILLER_0_188_357, 165.94, 522.24, 0.000803869
FILLER_0_188_413, 191.54, 522.24, 0.00086969
FILLER_0_189_441, 204.34, 522.24, 0.000918041
FILLER_0_188_469, 217.14, 522.24, 0.000966392
FILLER_0_189_497, 229.94, 522.24, 0.00101474
FILLER_0_188_525, 242.74, 522.24, 0.00106309
FILLER_0_189_553, 255.54, 522.24, 0.00111144
FILLER_0_188_581, 268.34, 522.24, 0.00115979
FILLER_0_189_609, 281.14, 522.24, 0.00120814
FILLER_0_188_637, 293.94, 522.24, 0.0012565
FILLER_0_189_665, 306.74, 522.24, 0.00130485
FILLER_0_188_693, 319.54, 522.24, 0.0013532
FILLER_0_188_749, 345.14, 522.24, 0.00157945
FILLER_0_189_777, 357.94, 522.24, 0.00175735
_1001_, 370.74, 522.24, 0.00193525
_1017_, 370.74, 522.24, 0.00193525
FILLER_0_188_781, 370.74, 522.24, 0.00193525
FILLER_0_188_789, 370.74, 522.24, 0.00193525
_0504_, 383.54, 522.24, 0.00206574
hold111, 383.54, 522.24, 0.00206574
hold130, 383.54, 522.24, 0.00206574
FILLER_0_187_809, 383.54, 522.24, 0.00206574
FILLER_0_188_808, 383.54, 522.24, 0.00206574
FILLER_0_188_821, 383.54, 522.24, 0.00206574
_0833_, 396.34, 522.24, 0.00216828
hold132, 396.34, 522.24, 0.00216828
FILLER_0_188_839, 396.34, 522.24, 0.00216828
_0726_, 409.14, 522.24, 0.00225267
_0779_, 409.14, 522.24, 0.00225267
_1006_, 409.14, 522.24, 0.00225267
hold127, 409.14, 522.24, 0.00225267
FILLER_0_188_890, 409.14, 522.24, 0.00225267
FILLER_0_189_879, 409.14, 522.24, 0.00225267
_0615_, 421.94, 522.24, 0.00228697
_0732_, 421.94, 522.24, 0.00228697
_0934_, 421.94, 522.24, 0.00228697
FILLER_0_187_897, 421.94, 522.24, 0.00228697
FILLER_0_189_908, 421.94, 522.24, 0.00228697
_0621_, 434.74, 522.24, 0.00228075
hold121, 434.74, 522.24, 0.00228075
FILLER_0_188_920, 434.74, 522.24, 0.00228075
FILLER_0_189_935, 434.74, 522.24, 0.00228075
_0690_, 447.54, 522.24, 0.00225554
_1076_, 447.54, 522.24, 0.00225554
clkbuf_4_14_0_w_clk, 447.54, 522.24, 0.00225554
hold85, 447.54, 522.24, 0.00225554
FILLER_0_188_961, 447.54, 522.24, 0.00225554
FILLER_0_189_965, 447.54, 522.24, 0.00225554
_0599_, 460.34, 522.24, 0.00212179
_0882_, 460.34, 522.24, 0.00212179
_0883_, 460.34, 522.24, 0.00212179
_0898_, 460.34, 522.24, 0.00212179
_0927_, 460.34, 522.24, 0.00212179
FILLER_0_188_990, 460.34, 522.24, 0.00212179
FILLER_0_189_993, 460.34, 522.24, 0.00212179
_0562_, 473.14, 522.24, 0.00194288
clkbuf_4_15_0_w_clk, 473.14, 522.24, 0.00194288
hold45, 473.14, 522.24, 0.00194288
FILLER_0_189_1026, 473.14, 522.24, 0.00194288
_0668_, 498.74, 522.24, 0.00159743
_0743_, 498.74, 522.24, 0.00159743
_0897_, 498.74, 522.24, 0.00159743
_1075_, 498.74, 522.24, 0.00159743
FILLER_0_188_1066, 498.74, 522.24, 0.00159743
FILLER_0_188_1074, 498.74, 522.24, 0.00159743
FILLER_0_188_1081, 498.74, 522.24, 0.00159743
FILLER_0_189_1074, 498.74, 522.24, 0.00159743
FILLER_0_188_1089, 511.54, 522.24, 0.00149484
FILLER_0_188_1141, 524.34, 522.24, 0.00139225
FILLER_0_189_1169, 537.14, 522.24, 0.00128966
FILLER_0_188_1197, 549.94, 522.24, 0.00118707
FILLER_0_189_1225, 562.74, 522.24, 0.00108448
FILLER_0_188_1253, 575.54, 522.24, 0.000981884
FILLER_0_187_1281, 601.14, 522.24, 0.000776701
FILLER_0_188_1309, 613.94, 522.24, 0.00067411
FILLER_0_187_1337, 626.74, 522.24, 0.000571518
FILLER_0_187_1393, 652.34, 522.24, 0.000452445
FILLER_0_188_1421, 665.14, 522.24, 0.000435964
FILLER_0_187_1449, 677.94, 522.24, 0.000419483
FILLER_0_188_1477, 690.74, 522.24, 0.000403001
FILLER_0_187_1505, 703.54, 522.24, 0.00038652
FILLER_0_188_1533, 716.34, 522.24, 0.000370039
FILLER_0_187_1561, 729.14, 522.24, 0.000353557
FILLER_0_188_1589, 741.94, 522.24, 0.000337076
FILLER_0_187_1617, 754.74, 522.24, 0.000320595
FILLER_0_188_1645, 767.54, 522.24, 0.000304113
FILLER_0_187_1673, 780.34, 522.24, 0.000287632
FILLER_0_187_1729, 805.94, 522.24, 0.000266432
FILLER_0_188_1757, 818.74, 522.24, 0.000261713
FILLER_0_187_1785, 831.54, 522.24, 0.000256995
FILLER_0_188_1813, 844.34, 522.24, 0.000252276
FILLER_0_187_1841, 857.14, 522.24, 0.000247558
FILLER_0_188_1869, 869.94, 522.24, 0.000242839
FILLER_0_187_1897, 882.74, 522.24, 0.00023812
FILLER_0_188_1925, 895.54, 522.24, 0.000233402
FILLER_0_187_1953, 908.34, 522.24, 0.000228683
FILLER_0_188_1981, 921.14, 522.24, 0.000223964
FILLER_0_187_2009, 933.94, 522.24, 0.000219246
FILLER_0_187_2065, 958.57, 522.24, 0.000214527
FILLER_0_188_2093, 970.4, 522.24, 0.000214527
FILLER_0_187_2121, 982.23, 522.24, 0.000214527
PHY_370, 5.52, 516.8, 0.000627002
PHY_372, 5.52, 516.8, 0.000627002
PHY_371, 994.06, 516.8, 0.000218048
PHY_373, 994.06, 516.8, 0.000218048
FILLER_0_185_2141, 994.06, 516.8, 0.000218048
FILLER_0_186_2137, 994.06, 516.8, 0.000218048
FILLER_0_186_77, 37.94, 516.8, 0.000644664
FILLER_0_187_105, 50.74, 516.8, 0.000662327
FILLER_0_186_133, 63.54, 516.8, 0.00067999
FILLER_0_187_161, 76.34, 516.8, 0.000697652
FILLER_0_186_189, 89.14, 516.8, 0.000715315
FILLER_0_187_217, 101.94, 516.8, 0.000732978
FILLER_0_186_245, 114.74, 516.8, 0.00075064
FILLER_0_187_273, 127.54, 516.8, 0.000768303
FILLER_0_186_301, 140.34, 516.8, 0.000785965
FILLER_0_187_329, 153.14, 516.8, 0.000803628
FILLER_0_186_357, 165.94, 516.8, 0.00082129
FILLER_0_186_413, 191.54, 516.8, 0.000888088
FILLER_0_187_441, 204.34, 516.8, 0.000937224
FILLER_0_186_469, 217.14, 516.8, 0.000986359
FILLER_0_187_497, 229.94, 516.8, 0.00103549
FILLER_0_186_525, 242.74, 516.8, 0.00108463
FILLER_0_187_553, 255.54, 516.8, 0.00113377
FILLER_0_186_581, 268.34, 516.8, 0.0011829
FILLER_0_187_609, 281.14, 516.8, 0.00123204
FILLER_0_186_637, 293.94, 516.8, 0.00128117
FILLER_0_187_665, 306.74, 516.8, 0.00133031
FILLER_0_186_693, 319.54, 516.8, 0.00137944
FILLER_0_186_749, 345.14, 516.8, 0.0016122
_0566_, 357.94, 516.8, 0.00179583
_0919_, 357.94, 516.8, 0.00179583
fanout30, 357.94, 516.8, 0.00179583
FILLER_0_185_753, 357.94, 516.8, 0.00179583
FILLER_0_186_757, 357.94, 516.8, 0.00179583
FILLER_0_186_768, 357.94, 516.8, 0.00179583
FILLER_0_187_777, 357.94, 516.8, 0.00179583
FILLER_0_186_805, 370.74, 516.8, 0.00193034
_0498_, 383.54, 516.8, 0.00206486
_0797_, 383.54, 516.8, 0.00206486
_0910_, 383.54, 516.8, 0.00206486
hold75, 383.54, 516.8, 0.00206486
FILLER_0_185_816, 383.54, 516.8, 0.00206486
FILLER_0_186_822, 383.54, 516.8, 0.00206486
FILLER_0_187_833, 383.54, 516.8, 0.00206486
_0565_, 396.34, 516.8, 0.00215163
_1027_, 396.34, 516.8, 0.00215163
FILLER_0_186_859, 396.34, 516.8, 0.00215163
FILLER_0_187_853, 396.34, 516.8, 0.00215163
FILLER_0_187_861, 396.34, 516.8, 0.00215163
_0727_, 409.14, 516.8, 0.00219549
_0982_, 409.14, 516.8, 0.00219549
hold124, 409.14, 516.8, 0.00219549
FILLER_0_185_865, 409.14, 516.8, 0.00219549
FILLER_0_185_873, 409.14, 516.8, 0.00219549
FILLER_0_187_889, 409.14, 516.8, 0.00219549
_0551_, 421.94, 516.8, 0.00220018
_0552_, 421.94, 516.8, 0.00220018
_0616_, 421.94, 516.8, 0.00220018
hold38, 421.94, 516.8, 0.00220018
FILLER_0_187_917, 421.94, 516.8, 0.00220018
_0708_, 434.74, 516.8, 0.00214924
_0974_, 434.74, 516.8, 0.00214924
FILLER_0_185_931, 434.74, 516.8, 0.00214924
FILLER_0_186_941, 434.74, 516.8, 0.00214924
FILLER_0_187_946, 434.74, 516.8, 0.00214924
_0669_, 447.54, 516.8, 0.00206418
_0670_, 447.54, 516.8, 0.00206418
_0689_, 447.54, 516.8, 0.00206418
_0745_, 447.54, 516.8, 0.00206418
hold84, 447.54, 516.8, 0.00206418
FILLER_0_186_956, 447.54, 516.8, 0.00206418
FILLER_0_186_974, 447.54, 516.8, 0.00206418
_0555_, 460.34, 516.8, 0.00194418
_0556_, 460.34, 516.8, 0.00194418
_0744_, 460.34, 516.8, 0.00194418
FILLER_0_186_1000, 460.34, 516.8, 0.00194418
FILLER_0_187_1000, 460.34, 516.8, 0.00194418
_0636_, 473.14, 516.8, 0.00177813
_0943_, 473.14, 516.8, 0.00177813
hold91, 473.14, 516.8, 0.00177813
FILLER_0_185_1005, 473.14, 516.8, 0.00177813
FILLER_0_185_1009, 473.14, 516.8, 0.00177813
FILLER_0_186_1008, 473.14, 516.8, 0.00177813
FILLER_0_185_1061, 498.74, 516.8, 0.00147996
FILLER_0_186_1085, 498.74, 516.8, 0.00147996
FILLER_0_187_1113, 511.54, 516.8, 0.00138577
FILLER_0_186_1141, 524.34, 516.8, 0.00129158
FILLER_0_187_1169, 537.14, 516.8, 0.00119739
FILLER_0_186_1197, 549.94, 516.8, 0.00110319
FILLER_0_187_1225, 562.74, 516.8, 0.001009
FILLER_0_186_1253, 575.54, 516.8, 0.000914807
FILLER_0_185_1281, 601.14, 516.8, 0.000726421
FILLER_0_186_1309, 613.94, 516.8, 0.000632228
FILLER_0_185_1337, 626.74, 516.8, 0.000538035
FILLER_0_185_1393, 652.34, 516.8, 0.00042925
FILLER_0_186_1421, 665.14, 516.8, 0.000414659
FILLER_0_185_1449, 677.94, 516.8, 0.000400067
FILLER_0_186_1477, 690.74, 516.8, 0.000385476
FILLER_0_185_1505, 703.54, 516.8, 0.000370884
FILLER_0_186_1533, 716.34, 516.8, 0.000356293
FILLER_0_185_1561, 729.14, 516.8, 0.000341701
FILLER_0_186_1589, 741.94, 516.8, 0.00032711
FILLER_0_185_1617, 754.74, 516.8, 0.000312518
FILLER_0_186_1645, 767.54, 516.8, 0.000297927
FILLER_0_185_1673, 780.34, 516.8, 0.000283335
FILLER_0_185_1729, 805.94, 516.8, 0.000264519
FILLER_0_186_1757, 818.74, 516.8, 0.000260294
FILLER_0_185_1785, 831.54, 516.8, 0.00025607
FILLER_0_186_1813, 844.34, 516.8, 0.000251845
FILLER_0_185_1841, 857.14, 516.8, 0.00024762
FILLER_0_186_1869, 869.94, 516.8, 0.000243396
FILLER_0_185_1897, 882.74, 516.8, 0.000239171
FILLER_0_186_1925, 895.54, 516.8, 0.000234946
FILLER_0_185_1953, 908.34, 516.8, 0.000230722
FILLER_0_186_1981, 921.14, 516.8, 0.000226497
FILLER_0_185_2009, 933.94, 516.8, 0.000222272
FILLER_0_185_2065, 958.57, 516.8, 0.000218047
FILLER_0_186_2093, 970.4, 516.8, 0.000218047
FILLER_0_185_2121, 982.23, 516.8, 0.000218048
PHY_366, 5.52, 511.36, 0.000641404
PHY_368, 5.52, 511.36, 0.000641404
output21, 5.52, 511.36, 0.000641404
PHY_367, 994.06, 511.36, 0.000221398
PHY_369, 994.06, 511.36, 0.000221398
FILLER_0_183_2141, 994.06, 511.36, 0.000221398
FILLER_0_184_2137, 994.06, 511.36, 0.000221398
FILLER_0_184_77, 37.94, 511.36, 0.000659186
FILLER_0_185_105, 50.74, 511.36, 0.000676967
FILLER_0_184_133, 63.54, 511.36, 0.000694748
FILLER_0_185_161, 76.34, 511.36, 0.000712529
FILLER_0_184_189, 89.14, 511.36, 0.000730311
FILLER_0_185_217, 101.94, 511.36, 0.000748092
FILLER_0_184_245, 114.74, 511.36, 0.000765873
FILLER_0_185_273, 127.54, 511.36, 0.000783655
FILLER_0_184_301, 140.34, 511.36, 0.000801436
FILLER_0_185_329, 153.14, 511.36, 0.000819217
FILLER_0_184_357, 165.94, 511.36, 0.000836998
FILLER_0_184_413, 191.54, 511.36, 0.000904271
FILLER_0_185_441, 204.34, 511.36, 0.000953762
FILLER_0_184_469, 217.14, 511.36, 0.00100325
FILLER_0_185_497, 229.94, 511.36, 0.00105274
FILLER_0_184_525, 242.74, 511.36, 0.00110224
FILLER_0_185_553, 255.54, 511.36, 0.00115173
FILLER_0_184_581, 268.34, 511.36, 0.00120122
FILLER_0_185_609, 281.14, 511.36, 0.00125071
FILLER_0_184_637, 293.94, 511.36, 0.0013002
FILLER_0_185_665, 306.74, 511.36, 0.00134969
FILLER_0_184_693, 319.54, 511.36, 0.00139918
FILLER_0_184_749, 345.14, 511.36, 0.00163696
_0567_, 357.94, 511.36, 0.00182525
FILLER_0_185_779, 357.94, 511.36, 0.00182525
_0998_, 370.74, 511.36, 0.00200724
_1014_, 370.74, 511.36, 0.00200724
FILLER_0_184_785, 370.74, 511.36, 0.00200724
FILLER_0_184_793, 370.74, 511.36, 0.00200724
FILLER_0_185_797, 370.74, 511.36, 0.00200724
_0550_, 383.54, 511.36, 0.00214104
_0761_, 383.54, 511.36, 0.00214104
hold93, 383.54, 511.36, 0.00214104
FILLER_0_185_835, 383.54, 511.36, 0.00214104
_0827_, 396.34, 511.36, 0.00223149
hold68, 396.34, 511.36, 0.00223149
_0722_, 409.14, 511.36, 0.00230445
_0780_, 409.14, 511.36, 0.00230445
clkbuf_4_8_0_w_clk, 409.14, 511.36, 0.00230445
hold74, 409.14, 511.36, 0.00230445
FILLER_0_185_879, 409.14, 511.36, 0.00230445
FILLER_0_185_887, 409.14, 511.36, 0.00230445
_0709_, 421.94, 511.36, 0.00228495
FILLER_0_183_893, 421.94, 511.36, 0.00228495
FILLER_0_184_900, 421.94, 511.36, 0.00228495
FILLER_0_184_913, 421.94, 511.36, 0.00228495
_0966_, 434.74, 511.36, 0.00225841
FILLER_0_184_921, 434.74, 511.36, 0.00225841
FILLER_0_184_937, 434.74, 511.36, 0.00225841
_0554_, 447.54, 511.36, 0.00220735
_0958_, 447.54, 511.36, 0.00220735
FILLER_0_183_949, 447.54, 511.36, 0.00220735
FILLER_0_185_964, 447.54, 511.36, 0.00220735
_0990_, 460.34, 511.36, 0.00211162
_1066_, 460.34, 511.36, 0.00211162
hold64, 460.34, 511.36, 0.00211162
hold122, 460.34, 511.36, 0.00211162
FILLER_0_184_975, 460.34, 511.36, 0.00211162
_0564_, 473.14, 511.36, 0.00194737
_0635_, 473.14, 511.36, 0.00194737
clkbuf_4_13_0_w_clk, 473.14, 511.36, 0.00194737
FILLER_0_183_1003, 473.14, 511.36, 0.00194737
FILLER_0_184_1017, 473.14, 511.36, 0.00194737
FILLER_0_184_1030, 473.14, 511.36, 0.00194737
_0747_, 498.74, 511.36, 0.00161601
hold27, 498.74, 511.36, 0.00161601
hold99, 498.74, 511.36, 0.00161601
_0746_, 511.54, 511.36, 0.00152439
hold100, 511.54, 511.36, 0.00152439
FILLER_0_184_1093, 511.54, 511.36, 0.00152439
FILLER_0_185_1113, 511.54, 511.36, 0.00152439
FILLER_0_184_1144, 537.14, 511.36, 0.00130599
FILLER_0_185_1169, 537.14, 511.36, 0.00130599
FILLER_0_184_1197, 549.94, 511.36, 0.00119679
FILLER_0_185_1225, 562.74, 511.36, 0.00108758
FILLER_0_184_1253, 575.54, 511.36, 0.000978381
FILLER_0_183_1281, 601.14, 511.36, 0.000759976
FILLER_0_184_1309, 613.94, 511.36, 0.000650774
FILLER_0_183_1337, 626.74, 511.36, 0.000541571
FILLER_0_183_1393, 652.34, 511.36, 0.000418561
FILLER_0_184_1421, 665.14, 511.36, 0.000404753
FILLER_0_183_1449, 677.94, 511.36, 0.000390945
FILLER_0_184_1477, 690.74, 511.36, 0.000377137
FILLER_0_183_1505, 703.54, 511.36, 0.000363329
FILLER_0_184_1533, 716.34, 511.36, 0.00034952
FILLER_0_183_1561, 729.14, 511.36, 0.000335712
FILLER_0_184_1589, 741.94, 511.36, 0.000321904
FILLER_0_183_1617, 754.74, 511.36, 0.000308096
FILLER_0_184_1645, 767.54, 511.36, 0.000294288
FILLER_0_183_1673, 780.34, 511.36, 0.00028048
FILLER_0_183_1729, 805.94, 511.36, 0.000262899
FILLER_0_184_1757, 818.74, 511.36, 0.000259126
FILLER_0_183_1785, 831.54, 511.36, 0.000255353
FILLER_0_184_1813, 844.34, 511.36, 0.000251581
FILLER_0_183_1841, 857.14, 511.36, 0.000247808
FILLER_0_184_1869, 869.94, 511.36, 0.000244035
FILLER_0_183_1897, 882.74, 511.36, 0.000240262
FILLER_0_184_1925, 895.54, 511.36, 0.000236489
FILLER_0_183_1953, 908.34, 511.36, 0.000232717
FILLER_0_184_1981, 921.14, 511.36, 0.000228944
FILLER_0_183_2009, 933.94, 511.36, 0.000225171
FILLER_0_183_2065, 958.57, 511.36, 0.000221398
FILLER_0_184_2093, 970.4, 511.36, 0.000221398
FILLER_0_183_2121, 982.23, 511.36, 0.000221398
PHY_362, 5.52, 505.92, 0.000654817
PHY_364, 5.52, 505.92, 0.000654817
PHY_363, 994.06, 505.92, 0.000224499
PHY_365, 994.06, 505.92, 0.000224499
FILLER_0_181_2141, 994.06, 505.92, 0.000224499
FILLER_0_182_2137, 994.06, 505.92, 0.000224499
FILLER_0_182_77, 37.94, 505.92, 0.000672541
FILLER_0_183_105, 50.74, 505.92, 0.000690266
FILLER_0_182_133, 63.54, 505.92, 0.00070799
FILLER_0_183_161, 76.34, 505.92, 0.000725715
FILLER_0_182_189, 89.14, 505.92, 0.000743439
FILLER_0_183_217, 101.94, 505.92, 0.000761164
FILLER_0_182_245, 114.74, 505.92, 0.000778888
FILLER_0_183_273, 127.54, 505.92, 0.000796613
FILLER_0_182_301, 140.34, 505.92, 0.000814337
FILLER_0_183_329, 153.14, 505.92, 0.000832061
FILLER_0_182_357, 165.94, 505.92, 0.000849786
FILLER_0_182_413, 191.54, 505.92, 0.000915165
FILLER_0_183_441, 204.34, 505.92, 0.00096282
FILLER_0_182_469, 217.14, 505.92, 0.00101047
FILLER_0_183_497, 229.94, 505.92, 0.00105813
FILLER_0_182_525, 242.74, 505.92, 0.00110578
FILLER_0_183_553, 255.54, 505.92, 0.00115344
FILLER_0_182_581, 268.34, 505.92, 0.00120109
FILLER_0_183_609, 281.14, 505.92, 0.00124875
FILLER_0_182_637, 293.94, 505.92, 0.0012964
FILLER_0_183_665, 306.74, 505.92, 0.00134406
FILLER_0_182_693, 319.54, 505.92, 0.00139171
FILLER_0_182_749, 345.14, 505.92, 0.00160103
FILLER_0_183_777, 357.94, 505.92, 0.00176269
_0762_, 370.74, 505.92, 0.00192435
_0798_, 370.74, 505.92, 0.00192435
FILLER_0_182_805, 370.74, 505.92, 0.00192435
_0499_, 383.54, 505.92, 0.00207676
hold90, 383.54, 505.92, 0.00207676
hold102, 383.54, 505.92, 0.00207676
FILLER_0_181_810, 383.54, 505.92, 0.00207676
FILLER_0_183_825, 383.54, 505.92, 0.00207676
FILLER_0_183_832, 383.54, 505.92, 0.00207676
_0823_, 396.34, 505.92, 0.00220381
_0828_, 396.34, 505.92, 0.00220381
FILLER_0_182_857, 396.34, 505.92, 0.00220381
_0980_, 409.14, 505.92, 0.00231762
_1004_, 409.14, 505.92, 0.00231762
clkbuf_4_9_0_w_clk, 409.14, 505.92, 0.00231762
hold13, 409.14, 505.92, 0.00231762
FILLER_0_182_865, 409.14, 505.92, 0.00231762
FILLER_0_182_885, 409.14, 505.92, 0.00231762
_0533_, 421.94, 505.92, 0.00232317
_0972_, 421.94, 505.92, 0.00232317
_0603_, 434.74, 505.92, 0.00228221
_0704_, 434.74, 505.92, 0.00228221
_0886_, 434.74, 505.92, 0.00228221
_0887_, 434.74, 505.92, 0.00228221
hold10, 434.74, 505.92, 0.00228221
_0657_, 447.54, 505.92, 0.00220807
clkbuf_4_12_0_w_clk, 447.54, 505.92, 0.00220807
hold20, 447.54, 505.92, 0.00220807
FILLER_0_181_953, 447.54, 505.92, 0.00220807
FILLER_0_182_962, 447.54, 505.92, 0.00220807
FILLER_0_183_965, 447.54, 505.92, 0.00220807
_0876_, 460.34, 505.92, 0.00205626
hold72, 460.34, 505.92, 0.00205626
FILLER_0_182_975, 460.34, 505.92, 0.00205626
FILLER_0_182_989, 460.34, 505.92, 0.00205626
_0629_, 473.14, 505.92, 0.0018889
_0940_, 473.14, 505.92, 0.0018889
_0967_, 473.14, 505.92, 0.0018889
hold65, 473.14, 505.92, 0.0018889
FILLER_0_181_1004, 473.14, 505.92, 0.0018889
FILLER_0_181_1009, 473.14, 505.92, 0.0018889
FILLER_0_182_1005, 473.14, 505.92, 0.0018889
FILLER_0_183_1020, 473.14, 505.92, 0.0018889
_0900_, 498.74, 505.92, 0.00160942
_0901_, 498.74, 505.92, 0.00160942
_0991_, 498.74, 505.92, 0.00160942
_1077_, 498.74, 505.92, 0.00160942
FILLER_0_181_1059, 498.74, 505.92, 0.00160942
FILLER_0_182_1061, 498.74, 505.92, 0.00160942
FILLER_0_182_1088, 511.54, 505.92, 0.00149999
FILLER_0_182_1141, 524.34, 505.92, 0.00139056
FILLER_0_183_1169, 537.14, 505.92, 0.00128113
FILLER_0_182_1197, 549.94, 505.92, 0.00117169
FILLER_0_183_1225, 562.74, 505.92, 0.00106226
FILLER_0_182_1253, 575.54, 505.92, 0.000952832
FILLER_0_181_1281, 601.14, 505.92, 0.00073397
FILLER_0_182_1309, 613.94, 505.92, 0.000624539
FILLER_0_181_1337, 626.74, 505.92, 0.000515108
FILLER_0_181_1393, 652.34, 505.92, 0.000393811
FILLER_0_182_1421, 665.14, 505.92, 0.000381945
FILLER_0_181_1449, 677.94, 505.92, 0.000370079
FILLER_0_182_1477, 690.74, 505.92, 0.000358213
FILLER_0_181_1505, 703.54, 505.92, 0.000346346
FILLER_0_182_1533, 716.34, 505.92, 0.00033448
FILLER_0_181_1561, 729.14, 505.92, 0.000322614
FILLER_0_182_1589, 741.94, 505.92, 0.000310748
FILLER_0_181_1617, 754.74, 505.92, 0.000298881
FILLER_0_182_1645, 767.54, 505.92, 0.000287015
FILLER_0_181_1673, 780.34, 505.92, 0.000275149
FILLER_0_181_1729, 805.94, 505.92, 0.00026005
FILLER_0_182_1757, 818.74, 505.92, 0.000256819
FILLER_0_181_1785, 831.54, 505.92, 0.000253587
FILLER_0_182_1813, 844.34, 505.92, 0.000250355
FILLER_0_181_1841, 857.14, 505.92, 0.000247123
FILLER_0_182_1869, 869.94, 505.92, 0.000243891
FILLER_0_181_1897, 882.74, 505.92, 0.000240659
FILLER_0_182_1925, 895.54, 505.92, 0.000237427
FILLER_0_181_1953, 908.34, 505.92, 0.000234195
FILLER_0_182_1981, 921.14, 505.92, 0.000230963
FILLER_0_181_2009, 933.94, 505.92, 0.000227731
FILLER_0_181_2065, 958.57, 505.92, 0.000224499
FILLER_0_182_2093, 970.4, 505.92, 0.000224499
FILLER_0_181_2121, 982.23, 505.92, 0.000224499
PHY_358, 5.52, 500.48, 0.000667421
PHY_360, 5.52, 500.48, 0.000667421
PHY_359, 994.06, 500.48, 0.000227393
PHY_361, 994.06, 500.48, 0.000227393
FILLER_0_179_2141, 994.06, 500.48, 0.000227393
FILLER_0_180_2137, 994.06, 500.48, 0.000227393
FILLER_0_180_77, 37.94, 500.48, 0.00068514
FILLER_0_181_105, 50.74, 500.48, 0.000702859
FILLER_0_180_133, 63.54, 500.48, 0.000720579
FILLER_0_181_161, 76.34, 500.48, 0.000738298
FILLER_0_180_189, 89.14, 500.48, 0.000756017
FILLER_0_181_217, 101.94, 500.48, 0.000773737
FILLER_0_180_245, 114.74, 500.48, 0.000791456
FILLER_0_181_273, 127.54, 500.48, 0.000809175
FILLER_0_180_301, 140.34, 500.48, 0.000826895
FILLER_0_181_329, 153.14, 500.48, 0.000844614
FILLER_0_180_357, 165.94, 500.48, 0.000862333
FILLER_0_180_413, 191.54, 500.48, 0.000927519
FILLER_0_181_441, 204.34, 500.48, 0.000974985
FILLER_0_180_469, 217.14, 500.48, 0.00102245
FILLER_0_181_497, 229.94, 500.48, 0.00106992
FILLER_0_180_525, 242.74, 500.48, 0.00111738
FILLER_0_181_553, 255.54, 500.48, 0.00116485
FILLER_0_180_581, 268.34, 500.48, 0.00121232
FILLER_0_181_609, 281.14, 500.48, 0.00125978
FILLER_0_180_637, 293.94, 500.48, 0.00130725
FILLER_0_181_665, 306.74, 500.48, 0.00135471
FILLER_0_180_693, 319.54, 500.48, 0.00140218
FILLER_0_180_749, 345.14, 500.48, 0.00161837
FILLER_0_181_777, 357.94, 500.48, 0.0017871
_0793_, 370.74, 500.48, 0.00195583
_0996_, 370.74, 500.48, 0.00195583
_1012_, 370.74, 500.48, 0.00195583
FILLER_0_179_785, 370.74, 500.48, 0.00195583
FILLER_0_181_797, 370.74, 500.48, 0.00195583
_0494_, 383.54, 500.48, 0.00207034
_0532_, 383.54, 500.48, 0.00207034
_0757_, 383.54, 500.48, 0.00207034
FILLER_0_179_808, 383.54, 500.48, 0.00207034
FILLER_0_179_816, 383.54, 500.48, 0.00207034
FILLER_0_180_833, 383.54, 500.48, 0.00207034
FILLER_0_181_834, 383.54, 500.48, 0.00207034
_1025_, 396.34, 500.48, 0.00214594
hold48, 396.34, 500.48, 0.00214594
FILLER_0_179_841, 396.34, 500.48, 0.00214594
_0723_, 409.14, 500.48, 0.00218762
_0775_, 409.14, 500.48, 0.00218762
_0776_, 409.14, 500.48, 0.00218762
FILLER_0_180_864, 409.14, 500.48, 0.00218762
FILLER_0_180_869, 409.14, 500.48, 0.00218762
FILLER_0_180_890, 409.14, 500.48, 0.00218762
_0534_, 421.94, 500.48, 0.00221168
_0611_, 421.94, 500.48, 0.00221168
_0705_, 421.94, 500.48, 0.00221168
_0932_, 421.94, 500.48, 0.00221168
FILLER_0_179_897, 421.94, 500.48, 0.00221168
FILLER_0_180_918, 421.94, 500.48, 0.00221168
_0929_, 434.74, 500.48, 0.00217494
_1071_, 434.74, 500.48, 0.00217494
FILLER_0_180_925, 434.74, 500.48, 0.00217494
_0580_, 447.54, 500.48, 0.0020914
_0953_, 447.54, 500.48, 0.0020914
hold46, 447.54, 500.48, 0.0020914
FILLER_0_180_948, 447.54, 500.48, 0.0020914
FILLER_0_180_972, 447.54, 500.48, 0.0020914
_0877_, 460.34, 500.48, 0.00195227
_0924_, 460.34, 500.48, 0.00195227
hold50, 460.34, 500.48, 0.00195227
FILLER_0_179_978, 460.34, 500.48, 0.00195227
FILLER_0_180_993, 460.34, 500.48, 0.00195227
_0535_, 473.14, 500.48, 0.00177498
_0630_, 473.14, 500.48, 0.00177498
FILLER_0_180_1009, 473.14, 500.48, 0.00177498
hold126, 498.74, 500.48, 0.00148112
FILLER_0_180_1088, 511.54, 500.48, 0.00137996
FILLER_0_181_1113, 511.54, 500.48, 0.00137996
FILLER_0_179_1117, 524.34, 500.48, 0.00127879
FILLER_0_180_1141, 524.34, 500.48, 0.00127879
FILLER_0_181_1169, 537.14, 500.48, 0.00117763
FILLER_0_180_1197, 549.94, 500.48, 0.00107646
FILLER_0_181_1225, 562.74, 500.48, 0.000975295
FILLER_0_180_1253, 575.54, 500.48, 0.000874129
FILLER_0_179_1281, 601.14, 500.48, 0.000671798
FILLER_0_180_1309, 613.94, 500.48, 0.000570633
FILLER_0_179_1337, 626.74, 500.48, 0.000469467
FILLER_0_179_1393, 652.34, 500.48, 0.000359185
FILLER_0_180_1421, 665.14, 500.48, 0.000350068
FILLER_0_179_1449, 677.94, 500.48, 0.000340951
FILLER_0_180_1477, 690.74, 500.48, 0.000331834
FILLER_0_179_1505, 703.54, 500.48, 0.000322718
FILLER_0_180_1533, 716.34, 500.48, 0.000313601
FILLER_0_179_1561, 729.14, 500.48, 0.000304484
FILLER_0_180_1589, 741.94, 500.48, 0.000295367
FILLER_0_179_1617, 754.74, 500.48, 0.00028625
FILLER_0_180_1645, 767.54, 500.48, 0.000277133
FILLER_0_179_1673, 780.34, 500.48, 0.000268016
FILLER_0_179_1729, 805.94, 500.48, 0.000256274
FILLER_0_180_1757, 818.74, 500.48, 0.000253649
FILLER_0_179_1785, 831.54, 500.48, 0.000251023
FILLER_0_180_1813, 844.34, 500.48, 0.000248397
FILLER_0_179_1841, 857.14, 500.48, 0.000245772
FILLER_0_180_1869, 869.94, 500.48, 0.000243146
FILLER_0_179_1897, 882.74, 500.48, 0.000240521
FILLER_0_180_1925, 895.54, 500.48, 0.000237895
FILLER_0_179_1953, 908.34, 500.48, 0.00023527
FILLER_0_180_1981, 921.14, 500.48, 0.000232644
FILLER_0_179_2009, 933.94, 500.48, 0.000230018
FILLER_0_179_2065, 958.57, 500.48, 0.000227393
FILLER_0_180_2093, 970.4, 500.48, 0.000227393
FILLER_0_179_2121, 982.23, 500.48, 0.000227393
PHY_354, 5.52, 495.04, 0.000678936
PHY_356, 5.52, 495.04, 0.000678936
PHY_355, 994.06, 495.04, 0.000230161
PHY_357, 994.06, 495.04, 0.000230161
FILLER_0_177_2141, 994.06, 495.04, 0.000230161
FILLER_0_178_2137, 994.06, 495.04, 0.000230161
FILLER_0_178_77, 37.94, 495.04, 0.000696344
FILLER_0_179_105, 50.74, 495.04, 0.000713753
FILLER_0_178_133, 63.54, 495.04, 0.000731161
FILLER_0_179_161, 76.34, 495.04, 0.00074857
FILLER_0_178_189, 89.14, 495.04, 0.000765978
FILLER_0_179_217, 101.94, 495.04, 0.000783386
FILLER_0_178_245, 114.74, 495.04, 0.000800795
FILLER_0_179_273, 127.54, 495.04, 0.000818203
FILLER_0_178_301, 140.34, 495.04, 0.000835612
FILLER_0_179_329, 153.14, 495.04, 0.00085302
FILLER_0_178_357, 165.94, 495.04, 0.000870428
FILLER_0_178_413, 191.54, 495.04, 0.000930544
FILLER_0_179_441, 204.34, 495.04, 0.000973251
FILLER_0_178_469, 217.14, 495.04, 0.00101596
FILLER_0_179_497, 229.94, 495.04, 0.00105866
FILLER_0_178_525, 242.74, 495.04, 0.00110137
FILLER_0_179_553, 255.54, 495.04, 0.00114408
FILLER_0_178_581, 268.34, 495.04, 0.00118679
FILLER_0_179_609, 281.14, 495.04, 0.00122949
FILLER_0_178_637, 293.94, 495.04, 0.0012722
FILLER_0_179_665, 306.74, 495.04, 0.00131491
FILLER_0_178_693, 319.54, 495.04, 0.00135761
FILLER_0_178_749, 345.14, 495.04, 0.00150272
FILLER_0_179_777, 357.94, 495.04, 0.00160512
_0758_, 370.74, 495.04, 0.00170751
_0794_, 370.74, 495.04, 0.00170751
FILLER_0_178_793, 370.74, 495.04, 0.00170751
FILLER_0_178_806, 370.74, 495.04, 0.00170751
_0908_, 383.54, 495.04, 0.0018007
hold49, 383.54, 495.04, 0.0018007
FILLER_0_178_813, 383.54, 495.04, 0.0018007
_0495_, 396.34, 495.04, 0.00186027
_0824_, 396.34, 495.04, 0.00186027
_0906_, 396.34, 495.04, 0.00186027
hold34, 396.34, 495.04, 0.00186027
FILLER_0_178_843, 396.34, 495.04, 0.00186027
_0491_, 409.14, 495.04, 0.00187494
FILLER_0_179_888, 409.14, 495.04, 0.00187494
_0612_, 421.94, 495.04, 0.00188429
hold7, 421.94, 495.04, 0.00188429
hold11, 421.94, 495.04, 0.00188429
FILLER_0_177_893, 421.94, 495.04, 0.00188429
FILLER_0_178_917, 421.94, 495.04, 0.00188429
_0602_, 434.74, 495.04, 0.00186772
hold88, 434.74, 495.04, 0.00186772
FILLER_0_179_934, 434.74, 495.04, 0.00186772
_0639_, 447.54, 495.04, 0.00183544
_0658_, 447.54, 495.04, 0.00183544
_0945_, 447.54, 495.04, 0.00183544
FILLER_0_177_947, 447.54, 495.04, 0.00183544
FILLER_0_177_953, 447.54, 495.04, 0.00183544
FILLER_0_178_961, 447.54, 495.04, 0.00183544
FILLER_0_179_964, 447.54, 495.04, 0.00183544
_0592_, 460.34, 495.04, 0.00176826
hold28, 460.34, 495.04, 0.00176826
FILLER_0_178_1001, 460.34, 495.04, 0.00176826
_0537_, 473.14, 495.04, 0.00168531
_0538_, 473.14, 495.04, 0.00168531
_0948_, 473.14, 495.04, 0.00168531
FILLER_0_177_1009, 473.14, 495.04, 0.00168531
_0661_, 498.74, 495.04, 0.00145655
hold53, 498.74, 495.04, 0.00145655
FILLER_0_179_1109, 511.54, 495.04, 0.00135445
FILLER_0_178_1141, 524.34, 495.04, 0.00125236
FILLER_0_179_1169, 537.14, 495.04, 0.00115027
FILLER_0_178_1197, 549.94, 495.04, 0.00104817
FILLER_0_179_1225, 562.74, 495.04, 0.000946081
FILLER_0_178_1253, 575.54, 495.04, 0.000843987
FILLER_0_177_1281, 601.14, 495.04, 0.0006398
FILLER_0_178_1309, 613.94, 495.04, 0.000537707
FILLER_0_177_1337, 626.74, 495.04, 0.000435613
FILLER_0_177_1393, 652.34, 495.04, 0.000326925
FILLER_0_178_1421, 665.14, 495.04, 0.000320331
FILLER_0_177_1449, 677.94, 495.04, 0.000313736
FILLER_0_178_1477, 690.74, 495.04, 0.000307141
FILLER_0_177_1505, 703.54, 495.04, 0.000300547
FILLER_0_178_1533, 716.34, 495.04, 0.000293952
FILLER_0_177_1561, 729.14, 495.04, 0.000287357
FILLER_0_178_1589, 741.94, 495.04, 0.000280762
FILLER_0_177_1617, 754.74, 495.04, 0.000274168
FILLER_0_178_1645, 767.54, 495.04, 0.000267573
FILLER_0_177_1673, 780.34, 495.04, 0.000260978
FILLER_0_177_1729, 805.94, 495.04, 0.000252365
FILLER_0_178_1757, 818.74, 495.04, 0.000250346
FILLER_0_177_1785, 831.54, 495.04, 0.000248328
FILLER_0_178_1813, 844.34, 495.04, 0.000246309
FILLER_0_177_1841, 857.14, 495.04, 0.000244291
FILLER_0_178_1869, 869.94, 495.04, 0.000242272
FILLER_0_177_1897, 882.74, 495.04, 0.000240254
FILLER_0_178_1925, 895.54, 495.04, 0.000238235
FILLER_0_177_1953, 908.34, 495.04, 0.000236217
FILLER_0_178_1981, 921.14, 495.04, 0.000234198
FILLER_0_177_2009, 933.94, 495.04, 0.000232179
FILLER_0_177_2065, 958.57, 495.04, 0.000230161
FILLER_0_178_2093, 970.4, 495.04, 0.000230161
FILLER_0_177_2121, 982.23, 495.04, 0.000230161
PHY_350, 5.52, 489.6, 0.000688133
PHY_352, 5.52, 489.6, 0.000688133
PHY_351, 994.06, 489.6, 0.000233031
PHY_353, 994.06, 489.6, 0.000233031
FILLER_0_175_2141, 994.06, 489.6, 0.000233031
FILLER_0_176_2137, 994.06, 489.6, 0.000233031
FILLER_0_176_77, 37.94, 489.6, 0.00070545
FILLER_0_177_105, 50.74, 489.6, 0.000722768
FILLER_0_176_133, 63.54, 489.6, 0.000740086
FILLER_0_177_161, 76.34, 489.6, 0.000757404
FILLER_0_176_189, 89.14, 489.6, 0.000774722
FILLER_0_177_217, 101.94, 489.6, 0.00079204
FILLER_0_176_245, 114.74, 489.6, 0.000809358
FILLER_0_177_273, 127.54, 489.6, 0.000826676
FILLER_0_176_301, 140.34, 489.6, 0.000843994
FILLER_0_177_329, 153.14, 489.6, 0.000861312
FILLER_0_176_357, 165.94, 489.6, 0.00087863
FILLER_0_176_413, 191.54, 489.6, 0.000938079
FILLER_0_177_441, 204.34, 489.6, 0.000980211
FILLER_0_176_469, 217.14, 489.6, 0.00102234
FILLER_0_177_497, 229.94, 489.6, 0.00106447
FILLER_0_176_525, 242.74, 489.6, 0.0011066
FILLER_0_177_553, 255.54, 489.6, 0.00114874
FILLER_0_176_581, 268.34, 489.6, 0.00119087
FILLER_0_177_609, 281.14, 489.6, 0.001233
FILLER_0_176_637, 293.94, 489.6, 0.00127513
FILLER_0_177_665, 306.74, 489.6, 0.00131726
FILLER_0_176_693, 319.54, 489.6, 0.00135939
FILLER_0_176_749, 345.14, 489.6, 0.00150562
FILLER_0_175_765, 357.94, 489.6, 0.00160973
FILLER_0_177_777, 357.94, 489.6, 0.00160973
_0835_, 370.74, 489.6, 0.00171383
_1054_, 370.74, 489.6, 0.00171383
FILLER_0_176_802, 370.74, 489.6, 0.00171383
_1010_, 383.54, 489.6, 0.00180324
FILLER_0_176_825, 383.54, 489.6, 0.00180324
FILLER_0_177_833, 383.54, 489.6, 0.00180324
_0490_, 396.34, 489.6, 0.0018694
_0753_, 396.34, 489.6, 0.0018694
hold107, 396.34, 489.6, 0.0018694
FILLER_0_177_853, 396.34, 489.6, 0.0018694
_0718_, 409.14, 489.6, 0.00191196
_0719_, 409.14, 489.6, 0.00191196
_0772_, 409.14, 489.6, 0.00191196
FILLER_0_175_873, 409.14, 489.6, 0.00191196
FILLER_0_176_869, 409.14, 489.6, 0.00191196
FILLER_0_176_883, 409.14, 489.6, 0.00191196
_0509_, 421.94, 489.6, 0.00193633
_0608_, 421.94, 489.6, 0.00193633
_0701_, 421.94, 489.6, 0.00193633
_0771_, 421.94, 489.6, 0.00193633
FILLER_0_177_907, 421.94, 489.6, 0.00193633
FILLER_0_177_918, 421.94, 489.6, 0.00193633
_0700_, 434.74, 489.6, 0.00191883
_0970_, 434.74, 489.6, 0.00191883
FILLER_0_175_933, 434.74, 489.6, 0.00191883
FILLER_0_176_921, 434.74, 489.6, 0.00191883
_0583_, 447.54, 489.6, 0.00186737
_0640_, 447.54, 489.6, 0.00186737
hold56, 447.54, 489.6, 0.00186737
FILLER_0_175_953, 447.54, 489.6, 0.00186737
FILLER_0_176_953, 447.54, 489.6, 0.00186737
_0593_, 460.34, 489.6, 0.00177725
_0666_, 460.34, 489.6, 0.00177725
_0686_, 460.34, 489.6, 0.00177725
hold35, 460.34, 489.6, 0.00177725
FILLER_0_175_976, 460.34, 489.6, 0.00177725
FILLER_0_176_976, 460.34, 489.6, 0.00177725
FILLER_0_176_993, 460.34, 489.6, 0.00177725
FILLER_0_177_989, 460.34, 489.6, 0.00177725
FILLER_0_177_1000, 460.34, 489.6, 0.00177725
_0519_, 473.14, 489.6, 0.00166219
_0648_, 473.14, 489.6, 0.00166219
hold36, 473.14, 489.6, 0.00166219
FILLER_0_176_1005, 473.14, 489.6, 0.00166219
FILLER_0_176_1030, 473.14, 489.6, 0.00166219
FILLER_0_177_1017, 473.14, 489.6, 0.00166219
_0516_, 498.74, 489.6, 0.0014352
_0737_, 498.74, 489.6, 0.0014352
FILLER_0_176_1073, 498.74, 489.6, 0.0014352
FILLER_0_177_1110, 511.54, 489.6, 0.00133261
FILLER_0_176_1141, 524.34, 489.6, 0.00123002
FILLER_0_177_1169, 537.14, 489.6, 0.00112742
FILLER_0_176_1197, 549.94, 489.6, 0.00102483
FILLER_0_177_1225, 562.74, 489.6, 0.00092224
FILLER_0_176_1253, 575.54, 489.6, 0.000819648
FILLER_0_175_1281, 601.14, 489.6, 0.000614462
FILLER_0_176_1309, 613.94, 489.6, 0.00051187
FILLER_0_175_1337, 626.74, 489.6, 0.000409277
FILLER_0_175_1393, 652.34, 489.6, 0.0003021
FILLER_0_176_1421, 665.14, 489.6, 0.000297514
FILLER_0_175_1449, 677.94, 489.6, 0.000292929
FILLER_0_176_1477, 690.74, 489.6, 0.000288344
FILLER_0_175_1505, 703.54, 489.6, 0.000283759
FILLER_0_176_1533, 716.34, 489.6, 0.000279173
FILLER_0_175_1561, 729.14, 489.6, 0.000274588
FILLER_0_176_1589, 741.94, 489.6, 0.000270003
FILLER_0_175_1617, 754.74, 489.6, 0.000265417
FILLER_0_176_1645, 767.54, 489.6, 0.000260832
FILLER_0_175_1673, 780.34, 489.6, 0.000256247
FILLER_0_175_1729, 805.94, 489.6, 0.000250109
FILLER_0_176_1757, 818.74, 489.6, 0.000248556
FILLER_0_175_1785, 831.54, 489.6, 0.000247004
FILLER_0_176_1813, 844.34, 489.6, 0.000245451
FILLER_0_175_1841, 857.14, 489.6, 0.000243899
FILLER_0_176_1869, 869.94, 489.6, 0.000242346
FILLER_0_175_1897, 882.74, 489.6, 0.000240794
FILLER_0_176_1925, 895.54, 489.6, 0.000239241
FILLER_0_175_1953, 908.34, 489.6, 0.000237688
FILLER_0_176_1981, 921.14, 489.6, 0.000236136
FILLER_0_175_2009, 933.94, 489.6, 0.000234583
FILLER_0_175_2065, 958.57, 489.6, 0.000233031
FILLER_0_176_2093, 970.4, 489.6, 0.000233031
FILLER_0_175_2121, 982.23, 489.6, 0.000233031
PHY_346, 5.52, 484.16, 0.000686825
PHY_348, 5.52, 484.16, 0.000686825
PHY_347, 994.06, 484.16, 0.000237192
PHY_349, 994.06, 484.16, 0.000237192
output17, 994.06, 484.16, 0.000237192
FILLER_0_173_2141, 994.06, 484.16, 0.000237192
FILLER_0_174_2137, 994.06, 484.16, 0.000237192
FILLER_0_174_77, 37.94, 484.16, 0.000704527
FILLER_0_175_105, 50.74, 484.16, 0.000722228
FILLER_0_174_133, 63.54, 484.16, 0.000739929
FILLER_0_175_161, 76.34, 484.16, 0.00075763
FILLER_0_174_189, 89.14, 484.16, 0.000775331
FILLER_0_175_217, 101.94, 484.16, 0.000793032
FILLER_0_174_245, 114.74, 484.16, 0.000810734
FILLER_0_175_273, 127.54, 484.16, 0.000828435
FILLER_0_174_301, 140.34, 484.16, 0.000846136
FILLER_0_175_329, 153.14, 484.16, 0.000863837
FILLER_0_174_357, 165.94, 484.16, 0.000881538
FILLER_0_174_413, 191.54, 484.16, 0.000948707
FILLER_0_175_441, 204.34, 484.16, 0.000998174
FILLER_0_174_469, 217.14, 484.16, 0.00104764
FILLER_0_175_497, 229.94, 484.16, 0.00109711
FILLER_0_174_525, 242.74, 484.16, 0.00114658
FILLER_0_175_553, 255.54, 484.16, 0.00119604
FILLER_0_174_581, 268.34, 484.16, 0.00124551
FILLER_0_175_609, 281.14, 484.16, 0.00129498
FILLER_0_174_637, 293.94, 484.16, 0.00134445
FILLER_0_175_665, 306.74, 484.16, 0.00139391
FILLER_0_174_693, 319.54, 484.16, 0.00144338
FILLER_0_174_749, 345.14, 484.16, 0.00169859
_0843_, 357.94, 484.16, 0.00190432
fanout29, 357.94, 484.16, 0.00190432
FILLER_0_173_753, 357.94, 484.16, 0.00190432
_0510_, 370.74, 484.16, 0.00209829
_0511_, 370.74, 484.16, 0.00209829
_0518_, 370.74, 484.16, 0.00209829
FILLER_0_174_793, 370.74, 484.16, 0.00209829
_0506_, 383.54, 484.16, 0.00229225
_0789_, 383.54, 484.16, 0.00229225
_0994_, 383.54, 484.16, 0.00229225
FILLER_0_174_809, 383.54, 484.16, 0.00229225
FILLER_0_174_813, 383.54, 484.16, 0.00229225
FILLER_0_175_828, 383.54, 484.16, 0.00229225
_0508_, 396.34, 484.16, 0.00245658
_0754_, 396.34, 484.16, 0.00245658
hold54, 396.34, 484.16, 0.00245658
hold58, 396.34, 484.16, 0.00245658
FILLER_0_173_836, 396.34, 484.16, 0.00245658
FILLER_0_173_844, 396.34, 484.16, 0.00245658
FILLER_0_174_856, 396.34, 484.16, 0.00245658
_0819_, 409.14, 484.16, 0.00257296
_0978_, 409.14, 484.16, 0.00257296
_1002_, 409.14, 484.16, 0.00257296
_0512_, 421.94, 484.16, 0.00263467
hold16, 421.94, 484.16, 0.00263467
FILLER_0_174_914, 421.94, 484.16, 0.00263467
FILLER_0_175_917, 421.94, 484.16, 0.00263467
_0607_, 434.74, 484.16, 0.00266539
_0961_, 434.74, 484.16, 0.00266539
clkbuf_0_w_clk, 434.74, 484.16, 0.00266539
hold41, 434.74, 484.16, 0.00266539
_0513_, 447.54, 484.16, 0.00247442
_0582_, 447.54, 484.16, 0.00247442
_0675_, 447.54, 484.16, 0.00247442
_0665_, 460.34, 484.16, 0.00226507
_0685_, 460.34, 484.16, 0.00226507
_0956_, 460.34, 484.16, 0.00226507
_0964_, 460.34, 484.16, 0.00226507
FILLER_0_173_980, 460.34, 484.16, 0.00226507
FILLER_0_174_977, 460.34, 484.16, 0.00226507
FILLER_0_174_981, 460.34, 484.16, 0.00226507
_0536_, 473.14, 484.16, 0.00199566
FILLER_0_173_1009, 473.14, 484.16, 0.00199566
FILLER_0_174_1029, 473.14, 484.16, 0.00199566
FILLER_0_175_1029, 473.14, 484.16, 0.00199566
_0891_, 498.74, 484.16, 0.00165516
_0986_, 498.74, 484.16, 0.00165516
_1072_, 498.74, 484.16, 0.00165516
FILLER_0_173_1059, 498.74, 484.16, 0.00165516
FILLER_0_174_1066, 498.74, 484.16, 0.00165516
_0736_, 511.54, 484.16, 0.00155353
hold95, 511.54, 484.16, 0.00155353
FILLER_0_175_1110, 511.54, 484.16, 0.00155353
FILLER_0_175_1169, 537.14, 484.16, 0.00131552
FILLER_0_174_1197, 549.94, 484.16, 0.00119651
FILLER_0_175_1225, 562.74, 484.16, 0.00107751
FILLER_0_174_1253, 575.54, 484.16, 0.000958503
FILLER_0_173_1281, 601.14, 484.16, 0.000720494
FILLER_0_174_1309, 613.94, 484.16, 0.000601489
FILLER_0_173_1337, 626.74, 484.16, 0.000482484
FILLER_0_173_1393, 652.34, 484.16, 0.000355102
FILLER_0_174_1421, 665.14, 484.16, 0.000346724
FILLER_0_173_1449, 677.94, 484.16, 0.000338346
FILLER_0_174_1477, 690.74, 484.16, 0.000329969
FILLER_0_173_1505, 703.54, 484.16, 0.000321591
FILLER_0_174_1533, 716.34, 484.16, 0.000313214
FILLER_0_173_1561, 729.14, 484.16, 0.000304836
FILLER_0_174_1589, 741.94, 484.16, 0.000296458
FILLER_0_173_1617, 754.74, 484.16, 0.00028808
FILLER_0_174_1645, 767.54, 484.16, 0.000279703
FILLER_0_173_1673, 780.34, 484.16, 0.000271325
FILLER_0_173_1729, 805.94, 484.16, 0.000260801
FILLER_0_174_1757, 818.74, 484.16, 0.000258655
FILLER_0_173_1785, 831.54, 484.16, 0.000256509
FILLER_0_174_1813, 844.34, 484.16, 0.000254362
FILLER_0_173_1841, 857.14, 484.16, 0.000252216
FILLER_0_174_1869, 869.94, 484.16, 0.00025007
FILLER_0_173_1897, 882.74, 484.16, 0.000247923
FILLER_0_174_1925, 895.54, 484.16, 0.000245777
FILLER_0_173_1953, 908.34, 484.16, 0.00024363
FILLER_0_174_1981, 921.14, 484.16, 0.000241484
FILLER_0_173_2009, 933.94, 484.16, 0.000239338
FILLER_0_173_2065, 958.57, 484.16, 0.000237191
FILLER_0_174_2093, 970.4, 484.16, 0.000237192
FILLER_0_173_2121, 982.23, 484.16, 0.000237192
PHY_342, 5.52, 478.72, 0.000684103
PHY_344, 5.52, 478.72, 0.000684103
PHY_343, 994.06, 478.72, 0.000241131
PHY_345, 994.06, 478.72, 0.000241131
FILLER_0_171_2141, 994.06, 478.72, 0.000241131
FILLER_0_172_2137, 994.06, 478.72, 0.000241131
FILLER_0_172_77, 37.94, 478.72, 0.000701463
FILLER_0_173_105, 50.74, 478.72, 0.000718822
FILLER_0_172_133, 63.54, 478.72, 0.000736182
FILLER_0_173_161, 76.34, 478.72, 0.000753542
FILLER_0_172_189, 89.14, 478.72, 0.000770901
FILLER_0_173_217, 101.94, 478.72, 0.000788261
FILLER_0_172_245, 114.74, 478.72, 0.00080562
FILLER_0_173_273, 127.54, 478.72, 0.00082298
FILLER_0_172_301, 140.34, 478.72, 0.000840339
FILLER_0_173_329, 153.14, 478.72, 0.000857699
FILLER_0_172_357, 165.94, 478.72, 0.000875058
FILLER_0_172_413, 191.54, 478.72, 0.000937505
FILLER_0_173_441, 204.34, 478.72, 0.000982593
FILLER_0_172_469, 217.14, 478.72, 0.00102768
FILLER_0_173_497, 229.94, 478.72, 0.00107277
FILLER_0_172_525, 242.74, 478.72, 0.00111786
FILLER_0_173_553, 255.54, 478.72, 0.00116294
FILLER_0_172_581, 268.34, 478.72, 0.00120803
FILLER_0_173_609, 281.14, 478.72, 0.00125312
FILLER_0_172_637, 293.94, 478.72, 0.00129821
FILLER_0_173_665, 306.74, 478.72, 0.00134329
FILLER_0_172_693, 319.54, 478.72, 0.00138838
FILLER_0_172_749, 345.14, 478.72, 0.00154586
_0842_, 357.94, 478.72, 0.00165826
_1053_, 357.94, 478.72, 0.00165826
FILLER_0_172_757, 357.94, 478.72, 0.00165826
FILLER_0_173_768, 357.94, 478.72, 0.00165826
_0836_, 370.74, 478.72, 0.00175145
_0839_, 370.74, 478.72, 0.00175145
_1051_, 370.74, 478.72, 0.00175145
FILLER_0_172_807, 370.74, 478.72, 0.00175145
_0507_, 383.54, 478.72, 0.00181626
_0790_, 383.54, 478.72, 0.00181626
FILLER_0_172_825, 383.54, 478.72, 0.00181626
FILLER_0_173_826, 383.54, 478.72, 0.00181626
_0755_, 396.34, 478.72, 0.00187624
_1023_, 396.34, 478.72, 0.00187624
FILLER_0_172_863, 396.34, 478.72, 0.00187624
FILLER_0_173_852, 396.34, 478.72, 0.00187624
_0721_, 409.14, 478.72, 0.00190592
_0774_, 409.14, 478.72, 0.00190592
_0820_, 409.14, 478.72, 0.00190592
FILLER_0_171_876, 409.14, 478.72, 0.00190592
_0610_, 421.94, 478.72, 0.00191893
_0930_, 421.94, 478.72, 0.00191893
FILLER_0_171_901, 421.94, 478.72, 0.00191893
FILLER_0_173_909, 421.94, 478.72, 0.00191893
_0676_, 434.74, 478.72, 0.00190079
FILLER_0_172_920, 434.74, 478.72, 0.00190079
FILLER_0_172_937, 434.74, 478.72, 0.00190079
FILLER_0_173_942, 434.74, 478.72, 0.00190079
_0514_, 447.54, 478.72, 0.00187811
_0581_, 447.54, 478.72, 0.00187811
_0904_, 447.54, 478.72, 0.00187811
_0905_, 447.54, 478.72, 0.00187811
hold14, 460.34, 478.72, 0.00182145
FILLER_0_173_1001, 460.34, 478.72, 0.00182145
_0531_, 473.14, 478.72, 0.00175485
_0740_, 473.14, 478.72, 0.00175485
_0894_, 473.14, 478.72, 0.00175485
_0915_, 473.14, 478.72, 0.00175485
_1074_, 473.14, 478.72, 0.00175485
FILLER_0_172_1018, 473.14, 478.72, 0.00175485
_0890_, 498.74, 478.72, 0.00149606
hold39, 498.74, 478.72, 0.00149606
FILLER_0_172_1088, 511.54, 478.72, 0.00139548
FILLER_0_173_1113, 511.54, 478.72, 0.00139548
FILLER_0_172_1141, 524.34, 478.72, 0.00129489
FILLER_0_173_1169, 537.14, 478.72, 0.00119431
FILLER_0_172_1197, 549.94, 478.72, 0.00109372
FILLER_0_173_1225, 562.74, 478.72, 0.000993133
FILLER_0_172_1253, 575.54, 478.72, 0.000892546
FILLER_0_171_1281, 601.14, 478.72, 0.000691373
FILLER_0_172_1309, 613.94, 478.72, 0.000590787
FILLER_0_171_1337, 626.74, 478.72, 0.0004902
FILLER_0_171_1393, 652.34, 478.72, 0.000379829
FILLER_0_172_1421, 665.14, 478.72, 0.000370043
FILLER_0_171_1449, 677.94, 478.72, 0.000360258
FILLER_0_172_1477, 690.74, 478.72, 0.000350473
FILLER_0_171_1505, 703.54, 478.72, 0.000340687
FILLER_0_172_1533, 716.34, 478.72, 0.000330902
FILLER_0_171_1561, 729.14, 478.72, 0.000321117
FILLER_0_172_1589, 741.94, 478.72, 0.000311331
FILLER_0_171_1617, 754.74, 478.72, 0.000301546
FILLER_0_172_1645, 767.54, 478.72, 0.000291761
FILLER_0_171_1673, 780.34, 478.72, 0.000281975
FILLER_0_171_1729, 805.94, 478.72, 0.000269602
FILLER_0_172_1757, 818.74, 478.72, 0.000267013
FILLER_0_171_1785, 831.54, 478.72, 0.000264425
FILLER_0_172_1813, 844.34, 478.72, 0.000261837
FILLER_0_171_1841, 857.14, 478.72, 0.000259249
FILLER_0_172_1869, 869.94, 478.72, 0.00025666
FILLER_0_171_1897, 882.74, 478.72, 0.000254072
FILLER_0_172_1925, 895.54, 478.72, 0.000251484
FILLER_0_171_1953, 908.34, 478.72, 0.000248895
FILLER_0_172_1981, 921.14, 478.72, 0.000246307
FILLER_0_171_2009, 933.94, 478.72, 0.000243719
FILLER_0_171_2065, 958.57, 478.72, 0.00024113
FILLER_0_172_2093, 970.4, 478.72, 0.000241131
FILLER_0_171_2121, 982.23, 478.72, 0.000241131
PHY_338, 5.52, 473.28, 0.000680955
PHY_340, 5.52, 473.28, 0.000680955
PHY_339, 994.06, 473.28, 0.000244971
PHY_341, 994.06, 473.28, 0.000244971
FILLER_0_169_2141, 994.06, 473.28, 0.000244971
FILLER_0_170_2137, 994.06, 473.28, 0.000244971
FILLER_0_170_77, 37.94, 473.28, 0.000698492
FILLER_0_171_105, 50.74, 473.28, 0.000716029
FILLER_0_170_133, 63.54, 473.28, 0.000733566
FILLER_0_171_161, 76.34, 473.28, 0.000751103
FILLER_0_170_189, 89.14, 473.28, 0.00076864
FILLER_0_171_217, 101.94, 473.28, 0.000786177
FILLER_0_170_245, 114.74, 473.28, 0.000803714
FILLER_0_171_273, 127.54, 473.28, 0.000821251
FILLER_0_170_301, 140.34, 473.28, 0.000838789
FILLER_0_171_329, 153.14, 473.28, 0.000856326
FILLER_0_170_357, 165.94, 473.28, 0.000873863
FILLER_0_170_413, 191.54, 473.28, 0.000941753
FILLER_0_171_441, 204.34, 473.28, 0.000992107
FILLER_0_170_469, 217.14, 473.28, 0.00104246
FILLER_0_171_497, 229.94, 473.28, 0.00109281
FILLER_0_170_525, 242.74, 473.28, 0.00114317
FILLER_0_171_553, 255.54, 473.28, 0.00119352
FILLER_0_170_581, 268.34, 473.28, 0.00124387
FILLER_0_171_609, 281.14, 473.28, 0.00129423
FILLER_0_170_637, 293.94, 473.28, 0.00134458
FILLER_0_171_665, 306.74, 473.28, 0.00139494
FILLER_0_170_693, 319.54, 473.28, 0.00144529
FILLER_0_170_749, 345.14, 473.28, 0.00168401
_0837_, 357.94, 473.28, 0.00187239
_0841_, 357.94, 473.28, 0.00187239
FILLER_0_171_774, 357.94, 473.28, 0.00187239
_0483_, 370.74, 473.28, 0.00204873
_0838_, 370.74, 473.28, 0.00204873
_0840_, 370.74, 473.28, 0.00204873
_1052_, 370.74, 473.28, 0.00204873
ANTENNA_1, 370.74, 473.28, 0.00204873
ANTENNA_3, 370.74, 473.28, 0.00204873
FILLER_0_170_781, 370.74, 473.28, 0.00204873
FILLER_0_170_789, 370.74, 473.28, 0.00204873
FILLER_0_171_795, 370.74, 473.28, 0.00204873
_0995_, 383.54, 473.28, 0.0021951
_1011_, 383.54, 473.28, 0.0021951
hold83, 383.54, 473.28, 0.0021951
ANTENNA_2, 383.54, 473.28, 0.0021951
FILLER_0_171_834, 383.54, 473.28, 0.0021951
_0523_, 396.34, 473.28, 0.00228483
_0821_, 396.34, 473.28, 0.00228483
hold87, 396.34, 473.28, 0.00228483
FILLER_0_170_842, 396.34, 473.28, 0.00228483
FILLER_0_170_857, 396.34, 473.28, 0.00228483
_0773_, 409.14, 473.28, 0.00233305
_1003_, 409.14, 473.28, 0.00233305
hold66, 409.14, 473.28, 0.00233305
FILLER_0_170_865, 409.14, 473.28, 0.00233305
FILLER_0_170_891, 409.14, 473.28, 0.00233305
FILLER_0_171_884, 409.14, 473.28, 0.00233305
_0524_, 421.94, 473.28, 0.00233991
_0703_, 421.94, 473.28, 0.00233991
_0931_, 421.94, 473.28, 0.00233991
hold25, 421.94, 473.28, 0.00233991
FILLER_0_169_897, 421.94, 473.28, 0.00233991
FILLER_0_171_909, 421.94, 473.28, 0.00233991
_0695_, 434.74, 473.28, 0.00228442
_0969_, 434.74, 473.28, 0.00228442
hold80, 434.74, 473.28, 0.00228442
FILLER_0_170_925, 434.74, 473.28, 0.00228442
FILLER_0_171_939, 434.74, 473.28, 0.00228442
_0751_, 447.54, 473.28, 0.00218918
_0993_, 447.54, 473.28, 0.00218918
_1079_, 447.54, 473.28, 0.00218918
hold23, 447.54, 473.28, 0.00218918
FILLER_0_169_956, 447.54, 473.28, 0.00218918
FILLER_0_171_962, 447.54, 473.28, 0.00218918
_0530_, 460.34, 473.28, 0.00202914
_0628_, 460.34, 473.28, 0.00202914
hold21, 460.34, 473.28, 0.00202914
FILLER_0_170_975, 460.34, 473.28, 0.00202914
FILLER_0_170_989, 460.34, 473.28, 0.00202914
FILLER_0_170_995, 460.34, 473.28, 0.00202914
_0529_, 473.14, 473.28, 0.0018439
hold62, 473.14, 473.28, 0.0018439
_0626_, 498.74, 473.28, 0.00154975
hold15, 498.74, 473.28, 0.00154975
FILLER_0_170_1061, 498.74, 473.28, 0.00154975
FILLER_0_171_1113, 511.54, 473.28, 0.00144762
FILLER_0_170_1141, 524.34, 473.28, 0.00134549
FILLER_0_171_1169, 537.14, 473.28, 0.00124336
FILLER_0_170_1197, 549.94, 473.28, 0.00114123
FILLER_0_171_1225, 562.74, 473.28, 0.0010391
FILLER_0_170_1253, 575.54, 473.28, 0.000936975
FILLER_0_169_1281, 601.14, 473.28, 0.000732715
FILLER_0_170_1309, 613.94, 473.28, 0.000630586
FILLER_0_169_1337, 626.74, 473.28, 0.000528456
FILLER_0_169_1393, 652.34, 473.28, 0.000414276
FILLER_0_170_1421, 665.14, 473.28, 0.000402227
FILLER_0_169_1449, 677.94, 473.28, 0.000390177
FILLER_0_170_1477, 690.74, 473.28, 0.000378128
FILLER_0_169_1505, 703.54, 473.28, 0.000366078
FILLER_0_170_1533, 716.34, 473.28, 0.000354028
FILLER_0_169_1561, 729.14, 473.28, 0.000341979
FILLER_0_170_1589, 741.94, 473.28, 0.000329929
FILLER_0_169_1617, 754.74, 473.28, 0.00031788
FILLER_0_170_1645, 767.54, 473.28, 0.00030583
FILLER_0_169_1673, 780.34, 473.28, 0.00029378
FILLER_0_169_1729, 805.94, 473.28, 0.000278667
FILLER_0_170_1757, 818.74, 473.28, 0.000275604
FILLER_0_169_1785, 831.54, 473.28, 0.000272541
FILLER_0_170_1813, 844.34, 473.28, 0.000269478
FILLER_0_169_1841, 857.14, 473.28, 0.000266414
FILLER_0_170_1869, 869.94, 473.28, 0.000263351
FILLER_0_169_1897, 882.74, 473.28, 0.000260288
FILLER_0_170_1925, 895.54, 473.28, 0.000257225
FILLER_0_169_1953, 908.34, 473.28, 0.000254161
FILLER_0_170_1981, 921.14, 473.28, 0.000251098
FILLER_0_169_2009, 933.94, 473.28, 0.000248035
FILLER_0_169_2065, 958.57, 473.28, 0.000244971
FILLER_0_170_2093, 970.4, 473.28, 0.000244971
FILLER_0_169_2121, 982.23, 473.28, 0.000244971
PHY_334, 5.52, 467.84, 0.00067668
PHY_336, 5.52, 467.84, 0.00067668
PHY_335, 994.06, 467.84, 0.000248649
PHY_337, 994.06, 467.84, 0.000248649
FILLER_0_167_2141, 994.06, 467.84, 0.000248649
FILLER_0_168_2137, 994.06, 467.84, 0.000248649
FILLER_0_168_77, 37.94, 467.84, 0.000694029
FILLER_0_169_105, 50.74, 467.84, 0.000711379
FILLER_0_168_133, 63.54, 467.84, 0.000728728
FILLER_0_169_161, 76.34, 467.84, 0.000746078
FILLER_0_168_189, 89.14, 467.84, 0.000763427
FILLER_0_169_217, 101.94, 467.84, 0.000780777
FILLER_0_168_245, 114.74, 467.84, 0.000798126
FILLER_0_169_273, 127.54, 467.84, 0.000815476
FILLER_0_168_301, 140.34, 467.84, 0.000832825
FILLER_0_169_329, 153.14, 467.84, 0.000850175
FILLER_0_168_357, 165.94, 467.84, 0.000867524
FILLER_0_168_413, 191.54, 467.84, 0.000935093
FILLER_0_169_441, 204.34, 467.84, 0.000985312
FILLER_0_168_469, 217.14, 467.84, 0.00103553
FILLER_0_169_497, 229.94, 467.84, 0.00108575
FILLER_0_168_525, 242.74, 467.84, 0.00113597
FILLER_0_169_553, 255.54, 467.84, 0.00118619
FILLER_0_168_581, 268.34, 467.84, 0.00123641
FILLER_0_169_609, 281.14, 467.84, 0.00128663
FILLER_0_168_637, 293.94, 467.84, 0.00133685
FILLER_0_169_665, 306.74, 467.84, 0.00138707
FILLER_0_168_693, 319.54, 467.84, 0.00143729
FILLER_0_168_749, 345.14, 467.84, 0.00166495
_0859_, 357.94, 467.84, 0.0018424
_0860_, 357.94, 467.84, 0.0018424
_0861_, 357.94, 467.84, 0.0018424
_1059_, 357.94, 467.84, 0.0018424
FILLER_0_167_753, 357.94, 467.84, 0.0018424
FILLER_0_168_757, 357.94, 467.84, 0.0018424
FILLER_0_168_773, 357.94, 467.84, 0.0018424
FILLER_0_169_780, 357.94, 467.84, 0.0018424
_0520_, 370.74, 467.84, 0.00199166
_0851_, 370.74, 467.84, 0.00199166
FILLER_0_167_785, 370.74, 467.84, 0.00199166
FILLER_0_168_806, 370.74, 467.84, 0.00199166
_0791_, 383.54, 467.84, 0.00210794
_0792_, 383.54, 467.84, 0.00210794
FILLER_0_168_813, 383.54, 467.84, 0.00210794
FILLER_0_168_835, 383.54, 467.84, 0.00210794
FILLER_0_169_833, 383.54, 467.84, 0.00210794
_0756_, 396.34, 467.84, 0.00221334
_0822_, 396.34, 467.84, 0.00221334
_1024_, 396.34, 467.84, 0.00221334
hold31, 396.34, 467.84, 0.00221334
FILLER_0_168_861, 396.34, 467.84, 0.00221334
_0720_, 409.14, 467.84, 0.0022738
_0979_, 409.14, 467.84, 0.0022738
FILLER_0_168_869, 409.14, 467.84, 0.0022738
FILLER_0_169_888, 409.14, 467.84, 0.0022738
_0525_, 421.94, 467.84, 0.00230088
_0609_, 421.94, 467.84, 0.00230088
_0971_, 421.94, 467.84, 0.00230088
hold125, 421.94, 467.84, 0.00230088
FILLER_0_168_897, 421.94, 467.84, 0.00230088
FILLER_0_168_918, 421.94, 467.84, 0.00230088
_0696_, 434.74, 467.84, 0.00226187
_0702_, 434.74, 467.84, 0.00226187
FILLER_0_169_943, 434.74, 467.84, 0.00226187
_0620_, 447.54, 467.84, 0.00220841
_0750_, 447.54, 467.84, 0.00220841
FILLER_0_168_970, 447.54, 467.84, 0.00220841
_0875_, 460.34, 467.84, 0.00214132
_0939_, 460.34, 467.84, 0.00214132
clkbuf_4_6_0_w_clk, 460.34, 467.84, 0.00214132
hold89, 460.34, 467.84, 0.00214132
FILLER_0_167_977, 460.34, 467.84, 0.00214132
FILLER_0_169_998, 460.34, 467.84, 0.00214132
_0588_, 473.14, 467.84, 0.00198063
_0627_, 473.14, 467.84, 0.00198063
_0872_, 473.14, 467.84, 0.00198063
_1064_, 473.14, 467.84, 0.00198063
clkbuf_4_7_0_w_clk, 473.14, 467.84, 0.00198063
FILLER_0_167_1005, 473.14, 467.84, 0.00198063
FILLER_0_169_1018, 473.14, 467.84, 0.00198063
_0643_, 498.74, 467.84, 0.00165811
_0644_, 498.74, 467.84, 0.00165811
_0946_, 498.74, 467.84, 0.00165811
hold55, 498.74, 467.84, 0.00165811
FILLER_0_168_1085, 498.74, 467.84, 0.00165811
FILLER_0_169_1112, 511.54, 467.84, 0.00154943
FILLER_0_168_1141, 524.34, 467.84, 0.00144075
FILLER_0_169_1169, 537.14, 467.84, 0.00133207
FILLER_0_168_1197, 549.94, 467.84, 0.00122339
FILLER_0_169_1225, 562.74, 467.84, 0.00111471
FILLER_0_168_1253, 575.54, 467.84, 0.00100603
FILLER_0_167_1281, 601.14, 467.84, 0.000788672
FILLER_0_168_1309, 613.94, 467.84, 0.000679992
FILLER_0_167_1337, 626.74, 467.84, 0.000571312
FILLER_0_167_1393, 652.34, 467.84, 0.000448318
FILLER_0_168_1421, 665.14, 467.84, 0.000434003
FILLER_0_167_1449, 677.94, 467.84, 0.000419689
FILLER_0_168_1477, 690.74, 467.84, 0.000405374
FILLER_0_167_1505, 703.54, 467.84, 0.00039106
FILLER_0_168_1533, 716.34, 467.84, 0.000376745
FILLER_0_167_1561, 729.14, 467.84, 0.00036243
FILLER_0_168_1589, 741.94, 467.84, 0.000348116
FILLER_0_167_1617, 754.74, 467.84, 0.000333801
FILLER_0_168_1645, 767.54, 467.84, 0.000319487
FILLER_0_167_1673, 780.34, 467.84, 0.000305172
FILLER_0_167_1729, 805.94, 467.84, 0.00028734
FILLER_0_168_1757, 818.74, 467.84, 0.000283823
FILLER_0_167_1785, 831.54, 467.84, 0.000280306
FILLER_0_168_1813, 844.34, 467.84, 0.000276788
FILLER_0_167_1841, 857.14, 467.84, 0.000273271
FILLER_0_168_1869, 869.94, 467.84, 0.000269753
FILLER_0_167_1897, 882.74, 467.84, 0.000266236
FILLER_0_168_1925, 895.54, 467.84, 0.000262719
FILLER_0_167_1953, 908.34, 467.84, 0.000259201
FILLER_0_168_1981, 921.14, 467.84, 0.000255684
FILLER_0_167_2009, 933.94, 467.84, 0.000252166
FILLER_0_167_2065, 958.57, 467.84, 0.000248649
FILLER_0_168_2093, 970.4, 467.84, 0.000248649
FILLER_0_167_2121, 982.23, 467.84, 0.000248649
PHY_330, 5.52, 462.4, 0.000671497
PHY_332, 5.52, 462.4, 0.000671497
PHY_331, 994.06, 462.4, 0.000252075
PHY_333, 994.06, 462.4, 0.000252075
FILLER_0_165_2141, 994.06, 462.4, 0.000252075
FILLER_0_166_2137, 994.06, 462.4, 0.000252075
FILLER_0_166_77, 37.94, 462.4, 0.000688562
FILLER_0_167_105, 50.74, 462.4, 0.000705627
FILLER_0_166_133, 63.54, 462.4, 0.000722691
FILLER_0_167_161, 76.34, 462.4, 0.000739756
FILLER_0_166_189, 89.14, 462.4, 0.000756821
FILLER_0_167_217, 101.94, 462.4, 0.000773885
FILLER_0_166_245, 114.74, 462.4, 0.00079095
FILLER_0_167_273, 127.54, 462.4, 0.000808015
FILLER_0_166_301, 140.34, 462.4, 0.000825079
FILLER_0_167_329, 153.14, 462.4, 0.000842144
FILLER_0_166_357, 165.94, 462.4, 0.000859209
FILLER_0_166_413, 191.54, 462.4, 0.000925624
FILLER_0_167_441, 204.34, 462.4, 0.000974974
FILLER_0_166_469, 217.14, 462.4, 0.00102432
FILLER_0_167_497, 229.94, 462.4, 0.00107367
FILLER_0_166_525, 242.74, 462.4, 0.00112303
FILLER_0_167_553, 255.54, 462.4, 0.00117238
FILLER_0_166_581, 268.34, 462.4, 0.00122173
FILLER_0_167_609, 281.14, 462.4, 0.00127108
FILLER_0_166_637, 293.94, 462.4, 0.00132043
FILLER_0_167_665, 306.74, 462.4, 0.00136978
FILLER_0_166_693, 319.54, 462.4, 0.00141913
FILLER_0_166_749, 345.14, 462.4, 0.00162813
FILLER_0_167_780, 357.94, 462.4, 0.00178778
_0847_, 370.74, 462.4, 0.00194743
_0852_, 370.74, 462.4, 0.00194743
_0853_, 370.74, 462.4, 0.00194743
_1057_, 370.74, 462.4, 0.00194743
FILLER_0_166_781, 370.74, 462.4, 0.00194743
FILLER_0_166_789, 370.74, 462.4, 0.00194743
_0854_, 383.54, 462.4, 0.00208766
_0907_, 383.54, 462.4, 0.00208766
FILLER_0_166_825, 383.54, 462.4, 0.00208766
FILLER_0_167_834, 383.54, 462.4, 0.00208766
_0492_, 396.34, 462.4, 0.00219816
hold79, 396.34, 462.4, 0.00219816
hold115, 396.34, 462.4, 0.00219816
FILLER_0_165_837, 396.34, 462.4, 0.00219816
FILLER_0_165_841, 396.34, 462.4, 0.00219816
FILLER_0_166_854, 396.34, 462.4, 0.00219816
_0502_, 409.14, 462.4, 0.00228261
clkbuf_4_2_0_w_clk, 409.14, 462.4, 0.00228261
FILLER_0_166_881, 409.14, 462.4, 0.00228261
FILLER_0_167_889, 409.14, 462.4, 0.00228261
clkbuf_4_3_0_w_clk, 421.94, 462.4, 0.0022935
hold96, 421.94, 462.4, 0.0022935
FILLER_0_166_914, 421.94, 462.4, 0.0022935
_0619_, 434.74, 462.4, 0.00224614
_0731_, 434.74, 462.4, 0.00224614
_0783_, 434.74, 462.4, 0.00224614
_0784_, 434.74, 462.4, 0.00224614
hold113, 434.74, 462.4, 0.00224614
FILLER_0_165_932, 434.74, 462.4, 0.00224614
FILLER_0_167_941, 434.74, 462.4, 0.00224614
_1065_, 447.54, 462.4, 0.00215924
hold9, 447.54, 462.4, 0.00215924
hold17, 447.54, 462.4, 0.00215924
FILLER_0_166_958, 447.54, 462.4, 0.00215924
_0526_, 460.34, 462.4, 0.00202813
_0528_, 460.34, 462.4, 0.00202813
_0646_, 460.34, 462.4, 0.00202813
_0874_, 460.34, 462.4, 0.00202813
hold47, 460.34, 462.4, 0.00202813
_0922_, 473.14, 462.4, 0.00184258
FILLER_0_167_1018, 473.14, 462.4, 0.00184258
FILLER_0_166_1085, 498.74, 462.4, 0.0015365
FILLER_0_167_1110, 511.54, 462.4, 0.0014405
FILLER_0_166_1141, 524.34, 462.4, 0.0013445
FILLER_0_167_1169, 537.14, 462.4, 0.0012485
FILLER_0_166_1197, 549.94, 462.4, 0.0011525
FILLER_0_167_1225, 562.74, 462.4, 0.00105649
FILLER_0_166_1253, 575.54, 462.4, 0.000960493
FILLER_0_165_1281, 601.14, 462.4, 0.000768491
FILLER_0_166_1309, 613.94, 462.4, 0.00067249
FILLER_0_165_1337, 626.74, 462.4, 0.000576489
FILLER_0_165_1393, 652.34, 462.4, 0.000465318
FILLER_0_166_1421, 665.14, 462.4, 0.000450148
FILLER_0_165_1449, 677.94, 462.4, 0.000434978
FILLER_0_166_1477, 690.74, 462.4, 0.000419809
FILLER_0_165_1505, 703.54, 462.4, 0.000404639
FILLER_0_166_1533, 716.34, 462.4, 0.000389469
FILLER_0_165_1561, 729.14, 462.4, 0.000374299
FILLER_0_166_1589, 741.94, 462.4, 0.000359129
FILLER_0_165_1617, 754.74, 462.4, 0.000343959
FILLER_0_166_1645, 767.54, 462.4, 0.000328789
FILLER_0_165_1673, 780.34, 462.4, 0.000313619
FILLER_0_165_1729, 805.94, 462.4, 0.000294584
FILLER_0_166_1757, 818.74, 462.4, 0.00029072
FILLER_0_165_1785, 831.54, 462.4, 0.000286855
FILLER_0_166_1813, 844.34, 462.4, 0.000282991
FILLER_0_165_1841, 857.14, 462.4, 0.000279126
FILLER_0_166_1869, 869.94, 462.4, 0.000275262
FILLER_0_165_1897, 882.74, 462.4, 0.000271397
FILLER_0_166_1925, 895.54, 462.4, 0.000267533
FILLER_0_165_1953, 908.34, 462.4, 0.000263668
FILLER_0_166_1981, 921.14, 462.4, 0.000259804
FILLER_0_165_2009, 933.94, 462.4, 0.000255939
FILLER_0_165_2065, 958.57, 462.4, 0.000252074
FILLER_0_166_2093, 970.4, 462.4, 0.000252074
FILLER_0_165_2121, 982.23, 462.4, 0.000252075
PHY_326, 5.52, 456.96, 0.000665463
PHY_328, 5.52, 456.96, 0.000665463
PHY_327, 994.06, 456.96, 0.00025533
PHY_329, 994.06, 456.96, 0.00025533
FILLER_0_163_2141, 994.06, 456.96, 0.00025533
FILLER_0_164_2137, 994.06, 456.96, 0.00025533
FILLER_0_164_77, 37.94, 456.96, 0.0006822
FILLER_0_165_105, 50.74, 456.96, 0.000698936
FILLER_0_164_133, 63.54, 456.96, 0.000715673
FILLER_0_165_161, 76.34, 456.96, 0.000732409
FILLER_0_164_189, 89.14, 456.96, 0.000749146
FILLER_0_165_217, 101.94, 456.96, 0.000765883
FILLER_0_164_245, 114.74, 456.96, 0.000782619
FILLER_0_165_273, 127.54, 456.96, 0.000799356
FILLER_0_164_301, 140.34, 456.96, 0.000816092
FILLER_0_165_329, 153.14, 456.96, 0.000832829
FILLER_0_164_357, 165.94, 456.96, 0.000849566
FILLER_0_164_413, 191.54, 456.96, 0.000914967
FILLER_0_165_441, 204.34, 456.96, 0.000963631
FILLER_0_164_469, 217.14, 456.96, 0.0010123
FILLER_0_165_497, 229.94, 456.96, 0.00106096
FILLER_0_164_525, 242.74, 456.96, 0.00110962
FILLER_0_165_553, 255.54, 456.96, 0.00115829
FILLER_0_164_581, 268.34, 456.96, 0.00120695
FILLER_0_165_609, 281.14, 456.96, 0.00125562
FILLER_0_164_637, 293.94, 456.96, 0.00130428
FILLER_0_165_665, 306.74, 456.96, 0.00135295
FILLER_0_164_693, 319.54, 456.96, 0.00140161
FILLER_0_164_749, 345.14, 456.96, 0.00160014
_0848_, 357.94, 456.96, 0.00175
_0855_, 357.94, 456.96, 0.00175
_0856_, 357.94, 456.96, 0.00175
FILLER_0_164_757, 357.94, 456.96, 0.00175
_0844_, 370.74, 456.96, 0.00189987
FILLER_0_163_785, 370.74, 456.96, 0.00189987
FILLER_0_165_800, 370.74, 456.96, 0.00189987
_1043_, 383.54, 456.96, 0.00204973
FILLER_0_163_813, 383.54, 456.96, 0.00204973
_0493_, 396.34, 456.96, 0.00217925
_0765_, 396.34, 456.96, 0.00217925
_1016_, 396.34, 456.96, 0.00217925
FILLER_0_163_836, 396.34, 456.96, 0.00217925
FILLER_0_164_837, 396.34, 456.96, 0.00217925
FILLER_0_164_843, 396.34, 456.96, 0.00217925
_0568_, 409.14, 456.96, 0.00227277
_0801_, 409.14, 456.96, 0.00227277
_0912_, 409.14, 456.96, 0.00227277
hold40, 409.14, 456.96, 0.00227277
_0730_, 421.94, 456.96, 0.0023015
_0831_, 421.94, 456.96, 0.0023015
_1029_, 421.94, 456.96, 0.0023015
FILLER_0_163_893, 421.94, 456.96, 0.0023015
FILLER_0_164_917, 421.94, 456.96, 0.0023015
FILLER_0_165_908, 421.94, 456.96, 0.0023015
_0569_, 434.74, 456.96, 0.00228921
_0936_, 434.74, 456.96, 0.00228921
_1008_, 434.74, 456.96, 0.00228921
_0570_, 447.54, 456.96, 0.00220877
_0574_, 447.54, 456.96, 0.00220877
FILLER_0_164_971, 447.54, 456.96, 0.00220877
_0591_, 460.34, 456.96, 0.00209737
_0923_, 460.34, 456.96, 0.00209737
_0947_, 460.34, 456.96, 0.00209737
FILLER_0_164_981, 460.34, 456.96, 0.00209737
FILLER_0_164_990, 460.34, 456.96, 0.00209737
clkbuf_4_5_0_w_clk, 473.14, 456.96, 0.00193371
hold131, 473.14, 456.96, 0.00193371
FILLER_0_163_1009, 473.14, 456.96, 0.00193371
_0749_, 498.74, 456.96, 0.00162179
_0902_, 498.74, 456.96, 0.00162179
_0903_, 498.74, 456.96, 0.00162179
FILLER_0_164_1072, 498.74, 456.96, 0.00162179
FILLER_0_164_1083, 498.74, 456.96, 0.00162179
FILLER_0_165_1113, 511.54, 456.96, 0.00152053
FILLER_0_164_1141, 524.34, 456.96, 0.00141926
FILLER_0_165_1169, 537.14, 456.96, 0.001318
FILLER_0_164_1197, 549.94, 456.96, 0.00121673
FILLER_0_165_1225, 562.74, 456.96, 0.00111547
FILLER_0_164_1253, 575.54, 456.96, 0.0010142
FILLER_0_163_1281, 601.14, 456.96, 0.000811671
FILLER_0_164_1309, 613.94, 456.96, 0.000710406
FILLER_0_163_1337, 626.74, 456.96, 0.000609141
FILLER_0_163_1393, 652.34, 456.96, 0.000491061
FILLER_0_164_1421, 665.14, 456.96, 0.000474246
FILLER_0_163_1449, 677.94, 456.96, 0.000457431
FILLER_0_164_1477, 690.74, 456.96, 0.000440617
FILLER_0_163_1505, 703.54, 456.96, 0.000423802
FILLER_0_164_1533, 716.34, 456.96, 0.000406988
FILLER_0_163_1561, 729.14, 456.96, 0.000390173
FILLER_0_164_1589, 741.94, 456.96, 0.000373359
FILLER_0_163_1617, 754.74, 456.96, 0.000356544
FILLER_0_164_1645, 767.54, 456.96, 0.000339729
FILLER_0_163_1673, 780.34, 456.96, 0.000322915
FILLER_0_163_1729, 805.94, 456.96, 0.000301869
FILLER_0_164_1757, 818.74, 456.96, 0.000297638
FILLER_0_163_1785, 831.54, 456.96, 0.000293408
FILLER_0_164_1813, 844.34, 456.96, 0.000289177
FILLER_0_163_1841, 857.14, 456.96, 0.000284946
FILLER_0_164_1869, 869.94, 456.96, 0.000280715
FILLER_0_163_1897, 882.74, 456.96, 0.000276484
FILLER_0_164_1925, 895.54, 456.96, 0.000272253
FILLER_0_163_1953, 908.34, 456.96, 0.000268022
FILLER_0_164_1981, 921.14, 456.96, 0.000263791
FILLER_0_163_2009, 933.94, 456.96, 0.00025956
FILLER_0_163_2065, 958.57, 456.96, 0.00025533
FILLER_0_164_2093, 970.4, 456.96, 0.00025533
FILLER_0_163_2121, 982.23, 456.96, 0.00025533
PHY_322, 5.52, 451.52, 0.000658575
PHY_324, 5.52, 451.52, 0.000658575
PHY_323, 994.06, 451.52, 0.000258334
PHY_325, 994.06, 451.52, 0.000258334
FILLER_0_161_2141, 994.06, 451.52, 0.000258334
FILLER_0_162_2137, 994.06, 451.52, 0.000258334
FILLER_0_162_77, 37.94, 451.52, 0.000674917
FILLER_0_163_105, 50.74, 451.52, 0.00069126
FILLER_0_162_133, 63.54, 451.52, 0.000707603
FILLER_0_163_161, 76.34, 451.52, 0.000723946
FILLER_0_162_189, 89.14, 451.52, 0.000740288
FILLER_0_163_217, 101.94, 451.52, 0.000756631
FILLER_0_162_245, 114.74, 451.52, 0.000772974
FILLER_0_163_273, 127.54, 451.52, 0.000789316
FILLER_0_162_301, 140.34, 451.52, 0.000805659
FILLER_0_163_329, 153.14, 451.52, 0.000822002
FILLER_0_162_357, 165.94, 451.52, 0.000838344
FILLER_0_162_413, 191.54, 451.52, 0.000902454
FILLER_0_163_441, 204.34, 451.52, 0.000950221
FILLER_0_162_469, 217.14, 451.52, 0.000997989
FILLER_0_163_497, 229.94, 451.52, 0.00104576
FILLER_0_162_525, 242.74, 451.52, 0.00109352
FILLER_0_163_553, 255.54, 451.52, 0.00114129
FILLER_0_162_581, 268.34, 451.52, 0.00118906
FILLER_0_163_609, 281.14, 451.52, 0.00123682
FILLER_0_162_637, 293.94, 451.52, 0.00128459
FILLER_0_163_665, 306.74, 451.52, 0.00133236
FILLER_0_162_693, 319.54, 451.52, 0.00138013
FILLER_0_162_749, 345.14, 451.52, 0.00156862
_0857_, 357.94, 451.52, 0.00170935
_0858_, 357.94, 451.52, 0.00170935
_1058_, 357.94, 451.52, 0.00170935
FILLER_0_161_753, 357.94, 451.52, 0.00170935
FILLER_0_163_776, 357.94, 451.52, 0.00170935
_0482_, 370.74, 451.52, 0.00182574
_1038_, 370.74, 451.52, 0.00182574
FILLER_0_161_785, 370.74, 451.52, 0.00182574
FILLER_0_162_789, 370.74, 451.52, 0.00182574
FILLER_0_163_805, 370.74, 451.52, 0.00182574
_0477_, 383.54, 451.52, 0.0019339
FILLER_0_162_832, 383.54, 451.52, 0.0019339
_0802_, 396.34, 451.52, 0.00204206
_1000_, 396.34, 451.52, 0.00204206
_1048_, 396.34, 451.52, 0.00204206
hold1, 396.34, 451.52, 0.00204206
FILLER_0_162_860, 396.34, 451.52, 0.00204206
_0503_, 409.14, 451.52, 0.00208924
_0766_, 409.14, 451.52, 0.00208924
_0832_, 409.14, 451.52, 0.00208924
FILLER_0_162_884, 409.14, 451.52, 0.00208924
FILLER_0_163_885, 409.14, 451.52, 0.00208924
_0984_, 421.94, 451.52, 0.00212084
hold43, 421.94, 451.52, 0.00212084
FILLER_0_161_893, 421.94, 451.52, 0.00212084
FILLER_0_163_908, 421.94, 451.52, 0.00212084
_0717_, 434.74, 451.52, 0.00211812
FILLER_0_163_943, 434.74, 451.52, 0.00211812
_0712_, 447.54, 451.52, 0.00208863
_0713_, 447.54, 451.52, 0.00208863
_0976_, 447.54, 451.52, 0.00208863
hold30, 447.54, 451.52, 0.00208863
FILLER_0_161_947, 447.54, 451.52, 0.00208863
FILLER_0_162_949, 447.54, 451.52, 0.00208863
FILLER_0_162_970, 447.54, 451.52, 0.00208863
FILLER_0_163_962, 447.54, 451.52, 0.00208863
FILLER_0_163_969, 447.54, 451.52, 0.00208863
_0590_, 460.34, 451.52, 0.0020086
clkbuf_4_4_0_w_clk, 460.34, 451.52, 0.0020086
hold18, 460.34, 451.52, 0.0020086
FILLER_0_162_981, 460.34, 451.52, 0.0020086
FILLER_0_163_1002, 460.34, 451.52, 0.0020086
_0645_, 473.14, 451.52, 0.00185916
_0739_, 473.14, 451.52, 0.00185916
_0968_, 473.14, 451.52, 0.00185916
FILLER_0_161_1005, 473.14, 451.52, 0.00185916
FILLER_0_163_1024, 473.14, 451.52, 0.00185916
_0992_, 498.74, 451.52, 0.00164136
_1078_, 498.74, 451.52, 0.00164136
hold8, 498.74, 451.52, 0.00164136
hold57, 498.74, 451.52, 0.00164136
FILLER_0_161_1065, 498.74, 451.52, 0.00164136
FILLER_0_161_1117, 524.34, 451.52, 0.00143884
FILLER_0_162_1141, 524.34, 451.52, 0.00143884
FILLER_0_163_1169, 537.14, 451.52, 0.00133759
FILLER_0_162_1197, 549.94, 451.52, 0.00123633
FILLER_0_163_1225, 562.74, 451.52, 0.00113507
FILLER_0_162_1253, 575.54, 451.52, 0.00103382
FILLER_0_161_1281, 601.14, 451.52, 0.000831303
FILLER_0_162_1309, 613.94, 451.52, 0.000730046
FILLER_0_161_1337, 626.74, 451.52, 0.000628789
FILLER_0_161_1393, 652.34, 451.52, 0.000509634
FILLER_0_162_1421, 665.14, 451.52, 0.000491736
FILLER_0_161_1449, 677.94, 451.52, 0.000473838
FILLER_0_162_1477, 690.74, 451.52, 0.00045594
FILLER_0_161_1505, 703.54, 451.52, 0.000438043
FILLER_0_162_1533, 716.34, 451.52, 0.000420145
FILLER_0_161_1561, 729.14, 451.52, 0.000402247
FILLER_0_162_1589, 741.94, 451.52, 0.000384349
FILLER_0_161_1617, 754.74, 451.52, 0.000366451
FILLER_0_162_1645, 767.54, 451.52, 0.000348553
FILLER_0_161_1673, 780.34, 451.52, 0.000330656
FILLER_0_161_1729, 805.94, 451.52, 0.000308222
FILLER_0_162_1757, 818.74, 451.52, 0.000303687
FILLER_0_161_1785, 831.54, 451.52, 0.000299152
FILLER_0_162_1813, 844.34, 451.52, 0.000294616
FILLER_0_161_1841, 857.14, 451.52, 0.000290081
FILLER_0_162_1869, 869.94, 451.52, 0.000285546
FILLER_0_161_1897, 882.74, 451.52, 0.00028101
FILLER_0_162_1925, 895.54, 451.52, 0.000276475
FILLER_0_161_1953, 908.34, 451.52, 0.00027194
FILLER_0_162_1981, 921.14, 451.52, 0.000267404
FILLER_0_161_2009, 933.94, 451.52, 0.000262869
FILLER_0_161_2065, 958.57, 451.52, 0.000258334
FILLER_0_162_2093, 970.4, 451.52, 0.000258334
FILLER_0_161_2121, 982.23, 451.52, 0.000258334
PHY_318, 5.52, 446.08, 0.000651023
PHY_320, 5.52, 446.08, 0.000651023
PHY_319, 994.06, 446.08, 0.000261061
PHY_321, 994.06, 446.08, 0.000261061
FILLER_0_159_2141, 994.06, 446.08, 0.000261061
FILLER_0_160_2137, 994.06, 446.08, 0.000261061
FILLER_0_160_77, 37.94, 446.08, 0.000667126
FILLER_0_161_105, 50.74, 446.08, 0.000683228
FILLER_0_160_133, 63.54, 446.08, 0.000699331
FILLER_0_161_161, 76.34, 446.08, 0.000715433
FILLER_0_160_189, 89.14, 446.08, 0.000731536
FILLER_0_161_217, 101.94, 446.08, 0.000747639
FILLER_0_160_245, 114.74, 446.08, 0.000763741
FILLER_0_161_273, 127.54, 446.08, 0.000779844
FILLER_0_160_301, 140.34, 446.08, 0.000795946
FILLER_0_161_329, 153.14, 446.08, 0.000812049
FILLER_0_160_357, 165.94, 446.08, 0.000828151
FILLER_0_160_413, 191.54, 446.08, 0.000894718
FILLER_0_161_441, 204.34, 446.08, 0.000945182
FILLER_0_160_469, 217.14, 446.08, 0.000995647
FILLER_0_161_497, 229.94, 446.08, 0.00104611
FILLER_0_160_525, 242.74, 446.08, 0.00109658
FILLER_0_161_553, 255.54, 446.08, 0.00114704
FILLER_0_160_581, 268.34, 446.08, 0.0011975
FILLER_0_161_609, 281.14, 446.08, 0.00124797
FILLER_0_160_637, 293.94, 446.08, 0.00129843
FILLER_0_161_665, 306.74, 446.08, 0.0013489
FILLER_0_160_693, 319.54, 446.08, 0.00139936
FILLER_0_160_749, 345.14, 446.08, 0.00164741
_0476_, 357.94, 446.08, 0.001845
FILLER_0_160_769, 357.94, 446.08, 0.001845
FILLER_0_161_776, 357.94, 446.08, 0.001845
_1033_, 370.74, 446.08, 0.00204259
FILLER_0_160_801, 370.74, 446.08, 0.00204259
_1020_, 383.54, 446.08, 0.00223281
FILLER_0_159_819, 383.54, 446.08, 0.00223281
FILLER_0_160_809, 383.54, 446.08, 0.00223281
FILLER_0_160_813, 383.54, 446.08, 0.00223281
_0812_, 396.34, 446.08, 0.00239825
hold6, 396.34, 446.08, 0.00239825
FILLER_0_160_863, 396.34, 446.08, 0.00239825
_0489_, 409.14, 446.08, 0.00253648
_0788_, 409.14, 446.08, 0.00253648
clkbuf_4_0_0_w_clk, 409.14, 446.08, 0.00253648
clkbuf_4_1_0_w_clk, 409.14, 446.08, 0.00253648
FILLER_0_160_880, 409.14, 446.08, 0.00253648
FILLER_0_161_885, 409.14, 446.08, 0.00253648
_0487_, 421.94, 446.08, 0.0025167
_0770_, 421.94, 446.08, 0.0025167
_0818_, 421.94, 446.08, 0.0025167
FILLER_0_160_911, 421.94, 446.08, 0.0025167
_0606_, 434.74, 446.08, 0.0024496
_0679_, 434.74, 446.08, 0.0024496
_0699_, 434.74, 446.08, 0.0024496
_0716_, 434.74, 446.08, 0.0024496
FILLER_0_160_939, 434.74, 446.08, 0.0024496
_0889_, 447.54, 446.08, 0.00230199
FILLER_0_160_974, 447.54, 446.08, 0.00230199
_0527_, 460.34, 446.08, 0.0021321
_0684_, 460.34, 446.08, 0.0021321
_0987_, 460.34, 446.08, 0.0021321
hold19, 460.34, 446.08, 0.0021321
FILLER_0_159_982, 460.34, 446.08, 0.0021321
FILLER_0_160_992, 460.34, 446.08, 0.0021321
_0738_, 473.14, 446.08, 0.00189973
_0893_, 473.14, 446.08, 0.00189973
hold12, 473.14, 446.08, 0.00189973
FILLER_0_161_1026, 473.14, 446.08, 0.00189973
FILLER_0_159_1061, 498.74, 446.08, 0.00155256
FILLER_0_160_1085, 498.74, 446.08, 0.00155256
FILLER_0_161_1109, 511.54, 446.08, 0.00146022
FILLER_0_160_1141, 524.34, 446.08, 0.00136788
FILLER_0_161_1169, 537.14, 446.08, 0.00127554
FILLER_0_160_1197, 549.94, 446.08, 0.0011832
FILLER_0_161_1225, 562.74, 446.08, 0.00109086
FILLER_0_160_1253, 575.54, 446.08, 0.000998525
FILLER_0_159_1281, 601.14, 446.08, 0.000813846
FILLER_0_160_1309, 613.94, 446.08, 0.000721506
FILLER_0_159_1337, 626.74, 446.08, 0.000629167
FILLER_0_159_1393, 652.34, 446.08, 0.000518611
FILLER_0_160_1421, 665.14, 446.08, 0.000500395
FILLER_0_159_1449, 677.94, 446.08, 0.000482179
FILLER_0_160_1477, 690.74, 446.08, 0.000463963
FILLER_0_159_1505, 703.54, 446.08, 0.000445748
FILLER_0_160_1533, 716.34, 446.08, 0.000427532
FILLER_0_159_1561, 729.14, 446.08, 0.000409316
FILLER_0_160_1589, 741.94, 446.08, 0.0003911
FILLER_0_159_1617, 754.74, 446.08, 0.000372884
FILLER_0_160_1645, 767.54, 446.08, 0.000354668
FILLER_0_159_1673, 780.34, 446.08, 0.000336452
FILLER_0_159_1729, 805.94, 446.08, 0.000313471
FILLER_0_160_1757, 818.74, 446.08, 0.000308707
FILLER_0_159_1785, 831.54, 446.08, 0.000303942
FILLER_0_160_1813, 844.34, 446.08, 0.000299178
FILLER_0_159_1841, 857.14, 446.08, 0.000294413
FILLER_0_160_1869, 869.94, 446.08, 0.000289649
FILLER_0_159_1897, 882.74, 446.08, 0.000284884
FILLER_0_160_1925, 895.54, 446.08, 0.000280119
FILLER_0_159_1953, 908.34, 446.08, 0.000275355
FILLER_0_160_1981, 921.14, 446.08, 0.00027059
FILLER_0_159_2009, 933.94, 446.08, 0.000265826
FILLER_0_159_2065, 958.57, 446.08, 0.000261061
FILLER_0_160_2093, 970.4, 446.08, 0.000261061
FILLER_0_159_2121, 982.23, 446.08, 0.000261061
PHY_314, 5.52, 440.64, 0.000642449
PHY_316, 5.52, 440.64, 0.000642449
PHY_315, 994.06, 440.64, 0.000263544
PHY_317, 994.06, 440.64, 0.000263544
FILLER_0_157_2141, 994.06, 440.64, 0.000263544
FILLER_0_158_2137, 994.06, 440.64, 0.000263544
FILLER_0_158_77, 37.94, 440.64, 0.00065799
FILLER_0_159_105, 50.74, 440.64, 0.000673532
FILLER_0_158_133, 63.54, 440.64, 0.000689073
FILLER_0_159_161, 76.34, 440.64, 0.000704615
FILLER_0_158_189, 89.14, 440.64, 0.000720156
FILLER_0_159_217, 101.94, 440.64, 0.000735698
FILLER_0_158_245, 114.74, 440.64, 0.000751239
FILLER_0_159_273, 127.54, 440.64, 0.000766781
FILLER_0_158_301, 140.34, 440.64, 0.000782322
FILLER_0_159_329, 153.14, 440.64, 0.000797864
FILLER_0_158_357, 165.94, 440.64, 0.000813405
FILLER_0_158_413, 191.54, 440.64, 0.000877658
FILLER_0_159_441, 204.34, 440.64, 0.00092637
FILLER_0_158_469, 217.14, 440.64, 0.000975082
FILLER_0_159_497, 229.94, 440.64, 0.00102379
FILLER_0_158_525, 242.74, 440.64, 0.0010725
FILLER_0_159_553, 255.54, 440.64, 0.00112122
FILLER_0_158_581, 268.34, 440.64, 0.00116993
FILLER_0_159_609, 281.14, 440.64, 0.00121864
FILLER_0_158_637, 293.94, 440.64, 0.00126735
FILLER_0_159_665, 306.74, 440.64, 0.00131606
FILLER_0_158_693, 319.54, 440.64, 0.00136477
FILLER_0_158_749, 345.14, 440.64, 0.00159795
_1039_, 357.94, 440.64, 0.00178241
FILLER_0_158_777, 357.94, 440.64, 0.00178241
FILLER_0_159_777, 357.94, 440.64, 0.00178241
_1044_, 370.74, 440.64, 0.00195841
fanout28, 370.74, 440.64, 0.00195841
FILLER_0_158_805, 370.74, 440.64, 0.00195841
_0814_, 383.54, 440.64, 0.00210778
_1021_, 383.54, 440.64, 0.00210778
hold2, 383.54, 440.64, 0.00210778
FILLER_0_159_831, 383.54, 440.64, 0.00210778
_0460_, 396.34, 440.64, 0.002213
_0472_, 396.34, 440.64, 0.002213
FILLER_0_157_841, 396.34, 440.64, 0.002213
FILLER_0_158_857, 396.34, 440.64, 0.002213
FILLER_0_159_861, 396.34, 440.64, 0.002213
_0471_, 409.14, 440.64, 0.00226673
_0787_, 409.14, 440.64, 0.00226673
_0805_, 409.14, 440.64, 0.00226673
_0811_, 409.14, 440.64, 0.00226673
_0486_, 421.94, 440.64, 0.00224635
_0677_, 421.94, 440.64, 0.00224635
_0678_, 421.94, 440.64, 0.00224635
_0698_, 421.94, 440.64, 0.00224635
_0817_, 421.94, 440.64, 0.00224635
_0888_, 421.94, 440.64, 0.00224635
FILLER_0_158_895, 421.94, 440.64, 0.00224635
FILLER_0_158_916, 421.94, 440.64, 0.00224635
FILLER_0_159_911, 421.94, 440.64, 0.00224635
_0605_, 434.74, 440.64, 0.00218959
_0680_, 434.74, 440.64, 0.00218959
_0734_, 434.74, 440.64, 0.00218959
FILLER_0_158_942, 434.74, 440.64, 0.00218959
_0660_, 447.54, 440.64, 0.00210801
_0735_, 447.54, 440.64, 0.00210801
_0963_, 447.54, 440.64, 0.00210801
FILLER_0_157_948, 447.54, 440.64, 0.00210801
FILLER_0_158_974, 447.54, 440.64, 0.00210801
_0663_, 460.34, 440.64, 0.0019619
_0664_, 460.34, 440.64, 0.0019619
_0683_, 460.34, 440.64, 0.0019619
_0892_, 460.34, 440.64, 0.0019619
FILLER_0_157_975, 460.34, 440.64, 0.0019619
FILLER_0_157_987, 460.34, 440.64, 0.0019619
FILLER_0_158_993, 460.34, 440.64, 0.0019619
_0600_, 473.14, 440.64, 0.00178881
hold32, 473.14, 440.64, 0.00178881
FILLER_0_159_1024, 473.14, 440.64, 0.00178881
_0638_, 498.74, 440.64, 0.00153612
_0655_, 498.74, 440.64, 0.00153612
_0656_, 498.74, 440.64, 0.00153612
hold24, 498.74, 440.64, 0.00153612
FILLER_0_158_1089, 511.54, 440.64, 0.00144624
FILLER_0_159_1113, 511.54, 440.64, 0.00144624
FILLER_0_158_1141, 524.34, 440.64, 0.00135637
FILLER_0_159_1169, 537.14, 440.64, 0.00126649
FILLER_0_158_1197, 549.94, 440.64, 0.00117662
FILLER_0_159_1225, 562.74, 440.64, 0.00108674
FILLER_0_158_1253, 575.54, 440.64, 0.000996866
FILLER_0_157_1281, 601.14, 440.64, 0.000817116
FILLER_0_158_1309, 613.94, 440.64, 0.000727241
FILLER_0_157_1337, 626.74, 440.64, 0.000637366
FILLER_0_157_1393, 652.34, 440.64, 0.0005288
FILLER_0_158_1421, 665.14, 440.64, 0.00051011
FILLER_0_157_1449, 677.94, 440.64, 0.00049142
FILLER_0_158_1477, 690.74, 440.64, 0.00047273
FILLER_0_157_1505, 703.54, 440.64, 0.000454039
FILLER_0_158_1533, 716.34, 440.64, 0.000435349
FILLER_0_157_1561, 729.14, 440.64, 0.000416659
FILLER_0_158_1589, 741.94, 440.64, 0.000397969
FILLER_0_157_1617, 754.74, 440.64, 0.000379278
FILLER_0_158_1645, 767.54, 440.64, 0.000360588
FILLER_0_157_1673, 780.34, 440.64, 0.000341898
FILLER_0_157_1729, 805.94, 440.64, 0.000318236
FILLER_0_158_1757, 818.74, 440.64, 0.000313264
FILLER_0_157_1785, 831.54, 440.64, 0.000308292
FILLER_0_158_1813, 844.34, 440.64, 0.00030332
FILLER_0_157_1841, 857.14, 440.64, 0.000298348
FILLER_0_158_1869, 869.94, 440.64, 0.000293376
FILLER_0_157_1897, 882.74, 440.64, 0.000288404
FILLER_0_158_1925, 895.54, 440.64, 0.000283432
FILLER_0_157_1953, 908.34, 440.64, 0.00027846
FILLER_0_158_1981, 921.14, 440.64, 0.000273488
FILLER_0_157_2009, 933.94, 440.64, 0.000268516
FILLER_0_157_2065, 958.57, 440.64, 0.000263544
FILLER_0_158_2093, 970.4, 440.64, 0.000263544
FILLER_0_157_2121, 982.23, 440.64, 0.000263544
PHY_310, 5.52, 435.2, 0.000633063
PHY_312, 5.52, 435.2, 0.000633063
PHY_311, 994.06, 435.2, 0.000265744
PHY_313, 994.06, 435.2, 0.000265744
FILLER_0_155_2141, 994.06, 435.2, 0.000265744
FILLER_0_156_2137, 994.06, 435.2, 0.000265744
FILLER_0_156_77, 37.94, 435.2, 0.000647958
FILLER_0_157_105, 50.74, 435.2, 0.000662854
FILLER_0_156_133, 63.54, 435.2, 0.000677749
FILLER_0_157_161, 76.34, 435.2, 0.000692644
FILLER_0_156_189, 89.14, 435.2, 0.000707539
FILLER_0_157_217, 101.94, 435.2, 0.000722435
FILLER_0_156_245, 114.74, 435.2, 0.00073733
FILLER_0_157_273, 127.54, 435.2, 0.000752225
FILLER_0_156_301, 140.34, 435.2, 0.00076712
FILLER_0_157_329, 153.14, 435.2, 0.000782016
FILLER_0_156_357, 165.94, 435.2, 0.000796911
FILLER_0_156_413, 191.54, 435.2, 0.000858369
FILLER_0_157_441, 204.34, 435.2, 0.000904932
FILLER_0_156_469, 217.14, 435.2, 0.000951494
FILLER_0_157_497, 229.94, 435.2, 0.000998057
FILLER_0_156_525, 242.74, 435.2, 0.00104462
FILLER_0_157_553, 255.54, 435.2, 0.00109118
FILLER_0_156_581, 268.34, 435.2, 0.00113774
FILLER_0_157_609, 281.14, 435.2, 0.00118431
FILLER_0_156_637, 293.94, 435.2, 0.00123087
FILLER_0_157_665, 306.74, 435.2, 0.00127743
FILLER_0_156_693, 319.54, 435.2, 0.001324
_1034_, 345.14, 435.2, 0.00154139
FILLER_0_156_749, 345.14, 435.2, 0.00154139
FILLER_0_157_741, 345.14, 435.2, 0.00154139
_0846_, 357.94, 435.2, 0.00170524
_0850_, 357.94, 435.2, 0.00170524
FILLER_0_155_765, 357.94, 435.2, 0.00170524
FILLER_0_156_757, 357.94, 435.2, 0.00170524
FILLER_0_157_776, 357.94, 435.2, 0.00170524
_0845_, 370.74, 435.2, 0.00185881
_1049_, 370.74, 435.2, 0.00185881
_1055_, 370.74, 435.2, 0.00185881
FILLER_0_156_789, 370.74, 435.2, 0.00185881
FILLER_0_156_802, 370.74, 435.2, 0.00185881
FILLER_0_157_797, 370.74, 435.2, 0.00185881
_0459_, 396.34, 435.2, 0.0020795
_0813_, 396.34, 435.2, 0.0020795
FILLER_0_155_837, 396.34, 435.2, 0.0020795
FILLER_0_155_841, 396.34, 435.2, 0.0020795
FILLER_0_156_858, 396.34, 435.2, 0.0020795
FILLER_0_157_859, 396.34, 435.2, 0.0020795
_0474_, 409.14, 435.2, 0.00215703
_0475_, 409.14, 435.2, 0.00215703
_0752_, 409.14, 435.2, 0.00215703
_0769_, 409.14, 435.2, 0.00215703
FILLER_0_157_882, 409.14, 435.2, 0.00215703
FILLER_0_157_890, 409.14, 435.2, 0.00215703
_0470_, 421.94, 435.2, 0.00213362
_0485_, 421.94, 435.2, 0.00213362
_0604_, 421.94, 435.2, 0.00213362
_0697_, 421.94, 435.2, 0.00213362
FILLER_0_156_909, 421.94, 435.2, 0.00213362
_0587_, 434.74, 435.2, 0.00206866
_0623_, 434.74, 435.2, 0.00206866
_0641_, 434.74, 435.2, 0.00206866
FILLER_0_156_925, 434.74, 435.2, 0.00206866
_0624_, 447.54, 435.2, 0.00198843
_0642_, 447.54, 435.2, 0.00198843
FILLER_0_157_967, 447.54, 435.2, 0.00198843
_1073_, 460.34, 435.2, 0.00188184
hold97, 460.34, 435.2, 0.00188184
FILLER_0_156_975, 460.34, 435.2, 0.00188184
FILLER_0_156_981, 460.34, 435.2, 0.00188184
_0928_, 473.14, 435.2, 0.00174148
_1070_, 473.14, 435.2, 0.00174148
FILLER_0_156_1016, 473.14, 435.2, 0.00174148
FILLER_0_156_1082, 498.74, 435.2, 0.00147045
FILLER_0_157_1110, 511.54, 435.2, 0.00138696
FILLER_0_156_1141, 524.34, 435.2, 0.00130346
FILLER_0_157_1169, 537.14, 435.2, 0.00121997
FILLER_0_156_1197, 549.94, 435.2, 0.00113647
FILLER_0_157_1225, 562.74, 435.2, 0.00105298
FILLER_0_156_1253, 575.54, 435.2, 0.000969487
FILLER_0_155_1281, 601.14, 435.2, 0.000802499
FILLER_0_156_1309, 613.94, 435.2, 0.000719005
FILLER_0_155_1337, 626.74, 435.2, 0.000635512
FILLER_0_155_1393, 652.34, 435.2, 0.000533285
FILLER_0_156_1421, 665.14, 435.2, 0.000514553
FILLER_0_155_1449, 677.94, 435.2, 0.00049582
FILLER_0_156_1477, 690.74, 435.2, 0.000477088
FILLER_0_155_1505, 703.54, 435.2, 0.000458355
FILLER_0_156_1533, 716.34, 435.2, 0.000439623
FILLER_0_155_1561, 729.14, 435.2, 0.00042089
FILLER_0_156_1589, 741.94, 435.2, 0.000402158
FILLER_0_155_1617, 754.74, 435.2, 0.000383425
FILLER_0_156_1645, 767.54, 435.2, 0.000364693
FILLER_0_155_1673, 780.34, 435.2, 0.00034596
FILLER_0_155_1729, 805.94, 435.2, 0.000322104
FILLER_0_156_1757, 818.74, 435.2, 0.000316981
FILLER_0_155_1785, 831.54, 435.2, 0.000311857
FILLER_0_156_1813, 844.34, 435.2, 0.000306733
FILLER_0_155_1841, 857.14, 435.2, 0.00030161
FILLER_0_156_1869, 869.94, 435.2, 0.000296486
FILLER_0_155_1897, 882.74, 435.2, 0.000291362
FILLER_0_156_1925, 895.54, 435.2, 0.000286239
FILLER_0_155_1953, 908.34, 435.2, 0.000281115
FILLER_0_156_1981, 921.14, 435.2, 0.000275991
FILLER_0_155_2009, 933.94, 435.2, 0.000270868
FILLER_0_155_2065, 958.57, 435.2, 0.000265744
FILLER_0_156_2093, 970.4, 435.2, 0.000265744
FILLER_0_155_2121, 982.23, 435.2, 0.000265744
PHY_306, 5.52, 429.76, 0.000623059
PHY_308, 5.52, 429.76, 0.000623059
PHY_307, 994.06, 429.76, 0.000267672
PHY_309, 994.06, 429.76, 0.000267672
FILLER_0_153_2141, 994.06, 429.76, 0.000267672
FILLER_0_154_2137, 994.06, 429.76, 0.000267672
FILLER_0_154_77, 37.94, 429.76, 0.000637432
FILLER_0_155_105, 50.74, 429.76, 0.000651804
FILLER_0_154_133, 63.54, 429.76, 0.000666176
FILLER_0_155_161, 76.34, 429.76, 0.000680549
FILLER_0_154_189, 89.14, 429.76, 0.000694921
FILLER_0_155_217, 101.94, 429.76, 0.000709293
FILLER_0_154_245, 114.74, 429.76, 0.000723666
FILLER_0_155_273, 127.54, 429.76, 0.000738038
FILLER_0_154_301, 140.34, 429.76, 0.00075241
FILLER_0_155_329, 153.14, 429.76, 0.000766782
FILLER_0_154_357, 165.94, 429.76, 0.000781155
FILLER_0_154_413, 191.54, 429.76, 0.000843109
FILLER_0_155_441, 204.34, 429.76, 0.00089069
FILLER_0_154_469, 217.14, 429.76, 0.000938272
FILLER_0_155_497, 229.94, 429.76, 0.000985854
FILLER_0_154_525, 242.74, 429.76, 0.00103344
FILLER_0_155_553, 255.54, 429.76, 0.00108102
FILLER_0_154_581, 268.34, 429.76, 0.0011286
FILLER_0_155_609, 281.14, 429.76, 0.00117618
FILLER_0_154_637, 293.94, 429.76, 0.00122376
FILLER_0_155_665, 306.74, 429.76, 0.00127134
FILLER_0_154_693, 319.54, 429.76, 0.00131893
FILLER_0_154_749, 345.14, 429.76, 0.00158425
_0849_, 357.94, 429.76, 0.001802
_1056_, 357.94, 429.76, 0.001802
FILLER_0_155_778, 357.94, 429.76, 0.001802
_1045_, 370.74, 429.76, 0.00200102
FILLER_0_154_801, 370.74, 429.76, 0.00200102
_0815_, 383.54, 429.76, 0.00217983
_1022_, 383.54, 429.76, 0.00217983
hold3, 383.54, 429.76, 0.00217983
FILLER_0_154_809, 383.54, 429.76, 0.00217983
FILLER_0_154_825, 383.54, 429.76, 0.00217983
FILLER_0_155_829, 383.54, 429.76, 0.00217983
_0455_, 396.34, 429.76, 0.00231428
_0461_, 396.34, 429.76, 0.00231428
max_cap26, 396.34, 429.76, 0.00231428
FILLER_0_153_836, 396.34, 429.76, 0.00231428
FILLER_0_153_841, 396.34, 429.76, 0.00231428
FILLER_0_154_844, 396.34, 429.76, 0.00231428
FILLER_0_154_857, 396.34, 429.76, 0.00231428
FILLER_0_155_855, 396.34, 429.76, 0.00231428
_0458_, 409.14, 429.76, 0.00226801
max_cap25, 409.14, 429.76, 0.00226801
FILLER_0_153_872, 409.14, 429.76, 0.00226801
FILLER_0_154_865, 409.14, 429.76, 0.00226801
FILLER_0_154_881, 409.14, 429.76, 0.00226801
FILLER_0_155_888, 409.14, 429.76, 0.00226801
_0454_, 421.94, 429.76, 0.00220269
_0456_, 421.94, 429.76, 0.00220269
_0586_, 421.94, 429.76, 0.00220269
_0869_, 421.94, 429.76, 0.00220269
FILLER_0_154_894, 421.94, 429.76, 0.00220269
FILLER_0_154_907, 421.94, 429.76, 0.00220269
FILLER_0_155_912, 421.94, 429.76, 0.00220269
_0659_, 434.74, 429.76, 0.00211818
_0871_, 434.74, 429.76, 0.00211818
FILLER_0_153_933, 434.74, 429.76, 0.00211818
_0488_, 447.54, 429.76, 0.00202191
_0584_, 447.54, 429.76, 0.00202191
_0955_, 447.54, 429.76, 0.00202191
FILLER_0_154_957, 447.54, 429.76, 0.00202191
FILLER_0_155_967, 447.54, 429.76, 0.00202191
_0557_, 460.34, 429.76, 0.00188426
_0558_, 460.34, 429.76, 0.00188426
FILLER_0_154_993, 460.34, 429.76, 0.00188426
FILLER_0_154_1001, 460.34, 429.76, 0.00188426
FILLER_0_155_998, 460.34, 429.76, 0.00188426
_0539_, 473.14, 429.76, 0.00173024
_0916_, 473.14, 429.76, 0.00173024
FILLER_0_154_1025, 473.14, 429.76, 0.00173024
FILLER_0_154_1085, 498.74, 429.76, 0.00142311
FILLER_0_155_1113, 511.54, 429.76, 0.00134418
FILLER_0_154_1141, 524.34, 429.76, 0.00126526
FILLER_0_155_1169, 537.14, 429.76, 0.00118633
FILLER_0_154_1197, 549.94, 429.76, 0.0011074
FILLER_0_155_1225, 562.74, 429.76, 0.00102848
FILLER_0_154_1253, 575.54, 429.76, 0.000949552
FILLER_0_153_1281, 601.14, 429.76, 0.000791699
FILLER_0_154_1309, 613.94, 429.76, 0.000712772
FILLER_0_153_1337, 626.74, 429.76, 0.000633846
FILLER_0_153_1393, 652.34, 429.76, 0.000536223
FILLER_0_154_1421, 665.14, 429.76, 0.000517526
FILLER_0_153_1449, 677.94, 429.76, 0.00049883
FILLER_0_154_1477, 690.74, 429.76, 0.000480133
FILLER_0_153_1505, 703.54, 429.76, 0.000461437
FILLER_0_154_1533, 716.34, 429.76, 0.00044274
FILLER_0_153_1561, 729.14, 429.76, 0.000424044
FILLER_0_154_1589, 741.94, 429.76, 0.000405347
FILLER_0_153_1617, 754.74, 429.76, 0.000386651
FILLER_0_154_1645, 767.54, 429.76, 0.000367954
FILLER_0_153_1673, 780.34, 429.76, 0.000349258
FILLER_0_153_1729, 805.94, 429.76, 0.000325321
FILLER_0_154_1757, 818.74, 429.76, 0.00032008
FILLER_0_153_1785, 831.54, 429.76, 0.000314839
FILLER_0_154_1813, 844.34, 429.76, 0.000309598
FILLER_0_153_1841, 857.14, 429.76, 0.000304357
FILLER_0_154_1869, 869.94, 429.76, 0.000299117
FILLER_0_153_1897, 882.74, 429.76, 0.000293876
FILLER_0_154_1925, 895.54, 429.76, 0.000288635
FILLER_0_153_1953, 908.34, 429.76, 0.000283394
FILLER_0_154_1981, 921.14, 429.76, 0.000278153
FILLER_0_153_2009, 933.94, 429.76, 0.000272912
FILLER_0_153_2065, 958.57, 429.76, 0.000267672
FILLER_0_154_2093, 970.4, 429.76, 0.000267672
FILLER_0_153_2121, 982.23, 429.76, 0.000267672
PHY_302, 5.52, 424.32, 0.000611946
PHY_304, 5.52, 424.32, 0.000611946
PHY_303, 994.06, 424.32, 0.000269309
PHY_305, 994.06, 424.32, 0.000269309
FILLER_0_151_2141, 994.06, 424.32, 0.000269309
FILLER_0_152_2137, 994.06, 424.32, 0.000269309
FILLER_0_152_77, 37.94, 424.32, 0.000625256
FILLER_0_153_105, 50.74, 424.32, 0.000638566
FILLER_0_152_133, 63.54, 424.32, 0.000651877
FILLER_0_153_161, 76.34, 424.32, 0.000665187
FILLER_0_152_189, 89.14, 424.32, 0.000678497
FILLER_0_153_217, 101.94, 424.32, 0.000691807
FILLER_0_152_245, 114.74, 424.32, 0.000705118
FILLER_0_153_273, 127.54, 424.32, 0.000718428
FILLER_0_152_301, 140.34, 424.32, 0.000731738
FILLER_0_153_329, 153.14, 424.32, 0.000745048
FILLER_0_152_357, 165.94, 424.32, 0.000758359
FILLER_0_152_413, 191.54, 424.32, 0.00081207
FILLER_0_153_441, 204.34, 424.32, 0.000852471
FILLER_0_152_469, 217.14, 424.32, 0.000892872
FILLER_0_153_497, 229.94, 424.32, 0.000933273
FILLER_0_152_525, 242.74, 424.32, 0.000973675
FILLER_0_153_553, 255.54, 424.32, 0.00101408
FILLER_0_152_581, 268.34, 424.32, 0.00105448
FILLER_0_153_609, 281.14, 424.32, 0.00109488
FILLER_0_152_637, 293.94, 424.32, 0.00113528
FILLER_0_153_665, 306.74, 424.32, 0.00117568
FILLER_0_152_693, 319.54, 424.32, 0.00121608
FILLER_0_152_749, 345.14, 424.32, 0.00138778
_0479_, 357.94, 424.32, 0.00151907
_1040_, 357.94, 424.32, 0.00151907
FILLER_0_153_777, 357.94, 424.32, 0.00151907
_0816_, 383.54, 424.32, 0.00176543
_1050_, 383.54, 424.32, 0.00176543
FILLER_0_152_808, 383.54, 424.32, 0.00176543
_0452_, 396.34, 424.32, 0.00186008
_0468_, 396.34, 424.32, 0.00186008
_0473_, 396.34, 424.32, 0.00186008
FILLER_0_152_837, 396.34, 424.32, 0.00186008
_0462_, 409.14, 424.32, 0.00192231
_0465_, 409.14, 424.32, 0.00192231
_0467_, 409.14, 424.32, 0.00192231
_0865_, 409.14, 424.32, 0.00192231
_0866_, 409.14, 424.32, 0.00192231
FILLER_0_152_864, 409.14, 424.32, 0.00192231
FILLER_0_152_869, 409.14, 424.32, 0.00192231
FILLER_0_152_880, 409.14, 424.32, 0.00192231
FILLER_0_153_888, 409.14, 424.32, 0.00192231
_0453_, 421.94, 424.32, 0.00192735
_0867_, 421.94, 424.32, 0.00192735
FILLER_0_151_897, 421.94, 424.32, 0.00192735
_0575_, 434.74, 424.32, 0.00189325
_0921_, 447.54, 424.32, 0.00184892
FILLER_0_152_973, 447.54, 424.32, 0.00184892
_0585_, 460.34, 424.32, 0.00174283
_0918_, 460.34, 424.32, 0.00174283
_0540_, 473.14, 424.32, 0.00157634
FILLER_0_152_1029, 473.14, 424.32, 0.00157634
FILLER_0_152_1085, 498.74, 424.32, 0.00133286
FILLER_0_153_1113, 511.54, 424.32, 0.00126192
FILLER_0_152_1141, 524.34, 424.32, 0.00119099
FILLER_0_153_1169, 537.14, 424.32, 0.00112005
FILLER_0_152_1197, 549.94, 424.32, 0.00104911
FILLER_0_153_1225, 562.74, 424.32, 0.000978173
FILLER_0_152_1253, 575.54, 424.32, 0.000907235
FILLER_0_151_1281, 601.14, 424.32, 0.000765359
FILLER_0_152_1309, 613.94, 424.32, 0.000694421
FILLER_0_151_1337, 626.74, 424.32, 0.000623483
FILLER_0_151_1393, 652.34, 424.32, 0.00053425
FILLER_0_152_1421, 665.14, 424.32, 0.000515955
FILLER_0_151_1449, 677.94, 424.32, 0.00049766
FILLER_0_152_1477, 690.74, 424.32, 0.000479365
FILLER_0_151_1505, 703.54, 424.32, 0.00046107
FILLER_0_152_1533, 716.34, 424.32, 0.000442774
FILLER_0_151_1561, 729.14, 424.32, 0.000424479
FILLER_0_152_1589, 741.94, 424.32, 0.000406184
FILLER_0_151_1617, 754.74, 424.32, 0.000387889
FILLER_0_152_1645, 767.54, 424.32, 0.000369594
FILLER_0_151_1673, 780.34, 424.32, 0.000351299
FILLER_0_151_1729, 805.94, 424.32, 0.000327696
FILLER_0_152_1757, 818.74, 424.32, 0.000322388
FILLER_0_151_1785, 831.54, 424.32, 0.00031708
FILLER_0_152_1813, 844.34, 424.32, 0.000311772
FILLER_0_151_1841, 857.14, 424.32, 0.000306464
FILLER_0_152_1869, 869.94, 424.32, 0.000301156
FILLER_0_151_1897, 882.74, 424.32, 0.000295849
FILLER_0_152_1925, 895.54, 424.32, 0.000290541
FILLER_0_151_1953, 908.34, 424.32, 0.000285233
FILLER_0_152_1981, 921.14, 424.32, 0.000279925
FILLER_0_151_2009, 933.94, 424.32, 0.000274617
FILLER_0_151_2065, 958.57, 424.32, 0.000269309
FILLER_0_152_2093, 970.4, 424.32, 0.000269309
FILLER_0_151_2121, 982.23, 424.32, 0.000269309
PHY_298, 5.52, 418.88, 0.000600342
PHY_300, 5.52, 418.88, 0.000600342
PHY_299, 994.06, 418.88, 0.000270662
PHY_301, 994.06, 418.88, 0.000270662
FILLER_0_149_2141, 994.06, 418.88, 0.000270662
FILLER_0_150_2137, 994.06, 418.88, 0.000270662
FILLER_0_150_77, 37.94, 418.88, 0.000612781
FILLER_0_151_105, 50.74, 418.88, 0.00062522
FILLER_0_150_133, 63.54, 418.88, 0.000637659
FILLER_0_151_161, 76.34, 418.88, 0.000650098
FILLER_0_150_189, 89.14, 418.88, 0.000662537
FILLER_0_151_217, 101.94, 418.88, 0.000674976
FILLER_0_150_245, 114.74, 418.88, 0.000687414
FILLER_0_151_273, 127.54, 418.88, 0.000699853
FILLER_0_150_301, 140.34, 418.88, 0.000712292
FILLER_0_151_329, 153.14, 418.88, 0.000724731
FILLER_0_150_357, 165.94, 418.88, 0.00073717
FILLER_0_150_413, 191.54, 418.88, 0.000786981
FILLER_0_151_441, 204.34, 418.88, 0.000824354
FILLER_0_150_469, 217.14, 418.88, 0.000861727
FILLER_0_151_497, 229.94, 418.88, 0.0008991
FILLER_0_150_525, 242.74, 418.88, 0.000936473
FILLER_0_151_553, 255.54, 418.88, 0.000973846
FILLER_0_150_581, 268.34, 418.88, 0.00101122
FILLER_0_151_609, 281.14, 418.88, 0.00104859
FILLER_0_150_637, 293.94, 418.88, 0.00108596
FILLER_0_151_665, 306.74, 418.88, 0.00112334
FILLER_0_150_693, 319.54, 418.88, 0.00116071
wire24, 345.14, 418.88, 0.00131871
FILLER_0_150_737, 345.14, 418.88, 0.00131871
FILLER_0_150_751, 345.14, 418.88, 0.00131871
_0478_, 357.94, 418.88, 0.00141056
fanout27, 357.94, 418.88, 0.00141056
FILLER_0_149_753, 357.94, 418.88, 0.00141056
FILLER_0_150_769, 357.94, 418.88, 0.00141056
FILLER_0_151_777, 357.94, 418.88, 0.00141056
_0481_, 370.74, 418.88, 0.00149611
_1035_, 370.74, 418.88, 0.00149611
FILLER_0_150_784, 370.74, 418.88, 0.00149611
FILLER_0_150_807, 370.74, 418.88, 0.00149611
FILLER_0_151_831, 383.54, 418.88, 0.00157269
_0457_, 396.34, 418.88, 0.00164928
_0808_, 396.34, 418.88, 0.00164928
_1047_, 396.34, 418.88, 0.00164928
FILLER_0_150_849, 396.34, 418.88, 0.00164928
FILLER_0_150_863, 396.34, 418.88, 0.00164928
FILLER_0_151_858, 396.34, 418.88, 0.00164928
_0464_, 409.14, 418.88, 0.00168843
_0466_, 409.14, 418.88, 0.00168843
_0868_, 409.14, 418.88, 0.00168843
FILLER_0_151_883, 409.14, 418.88, 0.00168843
FILLER_0_151_889, 409.14, 418.88, 0.00168843
_0870_, 421.94, 418.88, 0.00169983
_1063_, 421.94, 418.88, 0.00169983
FILLER_0_149_897, 421.94, 418.88, 0.00169983
FILLER_0_150_899, 421.94, 418.88, 0.00169983
FILLER_0_150_918, 421.94, 418.88, 0.00169983
FILLER_0_151_906, 421.94, 418.88, 0.00169983
_0920_, 434.74, 418.88, 0.00166652
FILLER_0_151_945, 434.74, 418.88, 0.00166652
_0576_, 447.54, 418.88, 0.0015778
FILLER_0_150_973, 447.54, 418.88, 0.0015778
FILLER_0_151_1001, 460.34, 418.88, 0.00148211
FILLER_0_150_1029, 473.14, 418.88, 0.00138642
FILLER_0_150_1085, 498.74, 418.88, 0.00122876
FILLER_0_151_1113, 511.54, 418.88, 0.00116678
FILLER_0_150_1141, 524.34, 418.88, 0.00110481
FILLER_0_151_1169, 537.14, 418.88, 0.00104283
FILLER_0_150_1197, 549.94, 418.88, 0.00098086
FILLER_0_151_1225, 562.74, 418.88, 0.000918885
FILLER_0_150_1253, 575.54, 418.88, 0.000856911
FILLER_0_149_1281, 601.14, 418.88, 0.000732963
FILLER_0_150_1309, 613.94, 418.88, 0.000670988
FILLER_0_149_1337, 626.74, 418.88, 0.000609014
FILLER_0_149_1393, 652.34, 418.88, 0.000529345
FILLER_0_150_1421, 665.14, 418.88, 0.00051165
FILLER_0_149_1449, 677.94, 418.88, 0.000493955
FILLER_0_150_1477, 690.74, 418.88, 0.00047626
FILLER_0_149_1505, 703.54, 418.88, 0.000458564
FILLER_0_150_1533, 716.34, 418.88, 0.000440869
FILLER_0_149_1561, 729.14, 418.88, 0.000423174
FILLER_0_150_1589, 741.94, 418.88, 0.000405479
FILLER_0_149_1617, 754.74, 418.88, 0.000387784
FILLER_0_150_1645, 767.54, 418.88, 0.000370089
FILLER_0_149_1673, 780.34, 418.88, 0.000352393
FILLER_0_149_1729, 805.94, 418.88, 0.000329362
FILLER_0_150_1757, 818.74, 418.88, 0.000324026
FILLER_0_149_1785, 831.54, 418.88, 0.000318689
FILLER_0_150_1813, 844.34, 418.88, 0.000313353
FILLER_0_149_1841, 857.14, 418.88, 0.000308016
FILLER_0_150_1869, 869.94, 418.88, 0.00030268
FILLER_0_149_1897, 882.74, 418.88, 0.000297344
FILLER_0_150_1925, 895.54, 418.88, 0.000292007
FILLER_0_149_1953, 908.34, 418.88, 0.000286671
FILLER_0_150_1981, 921.14, 418.88, 0.000281334
FILLER_0_149_2009, 933.94, 418.88, 0.000275998
FILLER_0_149_2065, 958.57, 418.88, 0.000270662
FILLER_0_150_2093, 970.4, 418.88, 0.000270662
FILLER_0_149_2121, 982.23, 418.88, 0.000270662
PHY_294, 5.52, 413.44, 0.000588139
PHY_296, 5.52, 413.44, 0.000588139
PHY_295, 994.06, 413.44, 0.000271744
PHY_297, 994.06, 413.44, 0.000271744
FILLER_0_147_2141, 994.06, 413.44, 0.000271744
FILLER_0_148_2137, 994.06, 413.44, 0.000271744
FILLER_0_148_77, 37.94, 413.44, 0.000599702
FILLER_0_149_105, 50.74, 413.44, 0.000611265
FILLER_0_148_133, 63.54, 413.44, 0.000622828
FILLER_0_149_161, 76.34, 413.44, 0.000634391
FILLER_0_148_189, 89.14, 413.44, 0.000645954
FILLER_0_149_217, 101.94, 413.44, 0.000657516
FILLER_0_148_245, 114.74, 413.44, 0.000669079
FILLER_0_149_273, 127.54, 413.44, 0.000680642
FILLER_0_148_301, 140.34, 413.44, 0.000692205
FILLER_0_149_329, 153.14, 413.44, 0.000703767
FILLER_0_148_357, 165.94, 413.44, 0.00071533
FILLER_0_148_413, 191.54, 413.44, 0.000761924
FILLER_0_149_441, 204.34, 413.44, 0.000796956
FILLER_0_148_469, 217.14, 413.44, 0.000831987
FILLER_0_149_497, 229.94, 413.44, 0.000867018
FILLER_0_148_525, 242.74, 413.44, 0.00090205
FILLER_0_149_553, 255.54, 413.44, 0.000937081
FILLER_0_148_581, 268.34, 413.44, 0.000972112
FILLER_0_149_609, 281.14, 413.44, 0.00100714
FILLER_0_148_637, 293.94, 413.44, 0.00104217
FILLER_0_149_665, 306.74, 413.44, 0.00107721
FILLER_0_148_693, 319.54, 413.44, 0.00111224
FILLER_0_148_749, 345.14, 413.44, 0.00127274
_1037_, 357.94, 413.44, 0.00139821
FILLER_0_148_757, 357.94, 413.44, 0.00139821
FILLER_0_148_780, 357.94, 413.44, 0.00139821
_0480_, 370.74, 413.44, 0.00151533
_1042_, 370.74, 413.44, 0.00151533
FILLER_0_148_788, 370.74, 413.44, 0.00151533
FILLER_0_149_797, 370.74, 413.44, 0.00151533
_0809_, 383.54, 413.44, 0.00161188
_0810_, 383.54, 413.44, 0.00161188
_1019_, 383.54, 413.44, 0.00161188
hold4, 383.54, 413.44, 0.00161188
hold5, 383.54, 413.44, 0.00161188
FILLER_0_148_813, 383.54, 413.44, 0.00161188
hold135, 396.34, 413.44, 0.00164257
FILLER_0_148_862, 396.34, 413.44, 0.00164257
FILLER_0_149_861, 396.34, 413.44, 0.00164257
_0463_, 409.14, 413.44, 0.00166362
_0469_, 409.14, 413.44, 0.00166362
_0806_, 409.14, 413.44, 0.00166362
_0863_, 409.14, 413.44, 0.00166362
FILLER_0_148_869, 409.14, 413.44, 0.00166362
FILLER_0_149_886, 409.14, 413.44, 0.00166362
_0484_, 421.94, 413.44, 0.00163925
_0862_, 421.94, 413.44, 0.00163925
_1062_, 421.94, 413.44, 0.00163925
FILLER_0_147_893, 421.94, 413.44, 0.00163925
FILLER_0_148_921, 434.74, 413.44, 0.00155608
FILLER_0_149_942, 434.74, 413.44, 0.00155608
FILLER_0_148_973, 447.54, 413.44, 0.0014729
FILLER_0_149_1001, 460.34, 413.44, 0.00138973
FILLER_0_148_1029, 473.14, 413.44, 0.00130656
FILLER_0_148_1085, 498.74, 413.44, 0.00116662
FILLER_0_149_1113, 511.54, 413.44, 0.00110986
FILLER_0_148_1141, 524.34, 413.44, 0.0010531
FILLER_0_149_1169, 537.14, 413.44, 0.000996344
FILLER_0_148_1197, 549.94, 413.44, 0.000939584
FILLER_0_149_1225, 562.74, 413.44, 0.000882824
FILLER_0_148_1253, 575.54, 413.44, 0.000826064
FILLER_0_147_1281, 601.14, 413.44, 0.000712544
FILLER_0_148_1309, 613.94, 413.44, 0.000655783
FILLER_0_147_1337, 626.74, 413.44, 0.000599023
FILLER_0_147_1393, 652.34, 413.44, 0.000525066
FILLER_0_148_1421, 665.14, 413.44, 0.000507868
FILLER_0_147_1449, 677.94, 413.44, 0.000490671
FILLER_0_148_1477, 690.74, 413.44, 0.000473474
FILLER_0_147_1505, 703.54, 413.44, 0.000456276
FILLER_0_148_1533, 716.34, 413.44, 0.000439079
FILLER_0_147_1561, 729.14, 413.44, 0.000421882
FILLER_0_148_1589, 741.94, 413.44, 0.000404684
FILLER_0_147_1617, 754.74, 413.44, 0.000387487
FILLER_0_148_1645, 767.54, 413.44, 0.00037029
FILLER_0_147_1673, 780.34, 413.44, 0.000353092
FILLER_0_147_1729, 805.94, 413.44, 0.000330549
FILLER_0_148_1757, 818.74, 413.44, 0.000325203
FILLER_0_147_1785, 831.54, 413.44, 0.000319857
FILLER_0_148_1813, 844.34, 413.44, 0.000314511
FILLER_0_147_1841, 857.14, 413.44, 0.000309165
FILLER_0_148_1869, 869.94, 413.44, 0.000303819
FILLER_0_147_1897, 882.74, 413.44, 0.000298474
FILLER_0_148_1925, 895.54, 413.44, 0.000293128
FILLER_0_147_1953, 908.34, 413.44, 0.000287782
FILLER_0_148_1981, 921.14, 413.44, 0.000282436
FILLER_0_147_2009, 933.94, 413.44, 0.00027709
FILLER_0_147_2065, 958.57, 413.44, 0.000271744
FILLER_0_148_2093, 970.4, 413.44, 0.000271744
FILLER_0_147_2121, 982.23, 413.44, 0.000271744
PHY_290, 5.52, 408, 0.00057524
PHY_292, 5.52, 408, 0.00057524
PHY_291, 994.06, 408, 0.000272543
PHY_293, 994.06, 408, 0.000272543
FILLER_0_145_2141, 994.06, 408, 0.000272543
FILLER_0_146_2137, 994.06, 408, 0.000272543
FILLER_0_146_77, 37.94, 408, 0.000585746
FILLER_0_147_105, 50.74, 408, 0.000596251
FILLER_0_146_133, 63.54, 408, 0.000606757
FILLER_0_147_161, 76.34, 408, 0.000617262
FILLER_0_146_189, 89.14, 408, 0.000627767
FILLER_0_147_217, 101.94, 408, 0.000638273
FILLER_0_146_245, 114.74, 408, 0.000648778
FILLER_0_147_273, 127.54, 408, 0.000659283
FILLER_0_146_301, 140.34, 408, 0.000669789
FILLER_0_147_329, 153.14, 408, 0.000680294
FILLER_0_146_357, 165.94, 408, 0.000690799
FILLER_0_146_413, 191.54, 408, 0.000731577
FILLER_0_147_441, 204.34, 408, 0.00076185
FILLER_0_146_469, 217.14, 408, 0.000792122
FILLER_0_147_497, 229.94, 408, 0.000822395
FILLER_0_146_525, 242.74, 408, 0.000852667
FILLER_0_147_553, 255.54, 408, 0.00088294
FILLER_0_146_581, 268.34, 408, 0.000913212
FILLER_0_147_609, 281.14, 408, 0.000943485
FILLER_0_146_637, 293.94, 408, 0.000973757
FILLER_0_147_665, 306.74, 408, 0.00100403
FILLER_0_146_693, 319.54, 408, 0.0010343
_1032_, 345.14, 408, 0.00115722
FILLER_0_146_749, 345.14, 408, 0.00115722
FILLER_0_147_741, 345.14, 408, 0.00115722
_1031_, 357.94, 408, 0.00124276
FILLER_0_146_757, 357.94, 408, 0.00124276
FILLER_0_147_780, 357.94, 408, 0.00124276
_1036_, 370.74, 408, 0.00132136
_1041_, 370.74, 408, 0.00132136
FILLER_0_146_801, 370.74, 408, 0.00132136
FILLER_0_147_797, 370.74, 408, 0.00132136
_1046_, 383.54, 408, 0.00137084
FILLER_0_146_809, 383.54, 408, 0.00137084
FILLER_0_146_825, 383.54, 408, 0.00137084
_1018_, 396.34, 408, 0.00139739
_1061_, 409.14, 408, 0.00139795
FILLER_0_146_881, 409.14, 408, 0.00139795
FILLER_0_145_897, 421.94, 408, 0.00135412
FILLER_0_145_905, 421.94, 408, 0.00135412
FILLER_0_146_919, 421.94, 408, 0.00135412
FILLER_0_146_973, 447.54, 408, 0.00126647
FILLER_0_147_1001, 460.34, 408, 0.00122264
FILLER_0_146_1029, 473.14, 408, 0.00117881
FILLER_0_146_1085, 498.74, 408, 0.00108495
FILLER_0_147_1113, 511.54, 408, 0.00103491
FILLER_0_146_1141, 524.34, 408, 0.000984879
FILLER_0_147_1169, 537.14, 408, 0.000934843
FILLER_0_146_1197, 549.94, 408, 0.000884807
FILLER_0_147_1225, 562.74, 408, 0.000834771
FILLER_0_146_1253, 575.54, 408, 0.000784735
FILLER_0_145_1281, 601.14, 408, 0.000684663
FILLER_0_146_1309, 613.94, 408, 0.000634627
FILLER_0_145_1337, 626.74, 408, 0.000584591
FILLER_0_145_1393, 652.34, 408, 0.000518042
FILLER_0_146_1421, 665.14, 408, 0.00050153
FILLER_0_145_1449, 677.94, 408, 0.000485017
FILLER_0_146_1477, 690.74, 408, 0.000468505
FILLER_0_145_1505, 703.54, 408, 0.000451992
FILLER_0_146_1533, 716.34, 408, 0.00043548
FILLER_0_145_1561, 729.14, 408, 0.000418967
FILLER_0_146_1589, 741.94, 408, 0.000402454
FILLER_0_145_1617, 754.74, 408, 0.000385942
FILLER_0_146_1645, 767.54, 408, 0.000369429
FILLER_0_145_1673, 780.34, 408, 0.000352916
FILLER_0_145_1729, 805.94, 408, 0.000331082
FILLER_0_146_1757, 818.74, 408, 0.00032576
FILLER_0_145_1785, 831.54, 408, 0.000320439
FILLER_0_146_1813, 844.34, 408, 0.000315117
FILLER_0_145_1841, 857.14, 408, 0.000309795
FILLER_0_146_1869, 869.94, 408, 0.000304474
FILLER_0_145_1897, 882.74, 408, 0.000299152
FILLER_0_146_1925, 895.54, 408, 0.00029383
FILLER_0_145_1953, 908.34, 408, 0.000288508
FILLER_0_146_1981, 921.14, 408, 0.000283187
FILLER_0_145_2009, 933.94, 408, 0.000277865
FILLER_0_145_2065, 958.57, 408, 0.000272543
FILLER_0_146_2093, 970.4, 408, 0.000272543
FILLER_0_145_2121, 982.23, 408, 0.000272543
PHY_286, 5.52, 402.56, 0.000561715
PHY_288, 5.52, 402.56, 0.000561715
PHY_287, 994.06, 402.56, 0.000273069
PHY_289, 994.06, 402.56, 0.000273069
FILLER_0_143_2141, 994.06, 402.56, 0.000273069
FILLER_0_144_2137, 994.06, 402.56, 0.000273069
FILLER_0_144_77, 37.94, 402.56, 0.000571005
FILLER_0_145_105, 50.74, 402.56, 0.000580295
FILLER_0_144_133, 63.54, 402.56, 0.000589586
FILLER_0_145_161, 76.34, 402.56, 0.000598876
FILLER_0_144_189, 89.14, 402.56, 0.000608166
FILLER_0_145_217, 101.94, 402.56, 0.000617457
FILLER_0_144_245, 114.74, 402.56, 0.000626747
FILLER_0_145_273, 127.54, 402.56, 0.000636037
FILLER_0_144_301, 140.34, 402.56, 0.000645327
FILLER_0_145_329, 153.14, 402.56, 0.000654618
FILLER_0_144_357, 165.94, 402.56, 0.000663908
FILLER_0_144_413, 191.54, 402.56, 0.000696545
FILLER_0_145_441, 204.34, 402.56, 0.000719891
FILLER_0_144_469, 217.14, 402.56, 0.000743237
FILLER_0_145_497, 229.94, 402.56, 0.000766583
FILLER_0_144_525, 242.74, 402.56, 0.000789929
FILLER_0_145_553, 255.54, 402.56, 0.000813276
FILLER_0_144_581, 268.34, 402.56, 0.000836622
FILLER_0_145_609, 281.14, 402.56, 0.000859968
FILLER_0_144_637, 293.94, 402.56, 0.000883314
FILLER_0_145_665, 306.74, 402.56, 0.00090666
FILLER_0_144_693, 319.54, 402.56, 0.000930006
FILLER_0_144_749, 345.14, 402.56, 0.000978321
FILLER_0_145_777, 357.94, 402.56, 0.00100329
FILLER_0_144_805, 370.74, 402.56, 0.00102826
FILLER_0_145_833, 383.54, 402.56, 0.00105323
_0807_, 396.34, 402.56, 0.0010782
FILLER_0_144_861, 396.34, 402.56, 0.0010782
FILLER_0_145_853, 396.34, 402.56, 0.0010782
_0864_, 409.14, 402.56, 0.00109655
FILLER_0_145_884, 409.14, 402.56, 0.00109655
FILLER_0_145_890, 409.14, 402.56, 0.00109655
_1060_, 421.94, 402.56, 0.00110816
FILLER_0_144_917, 421.94, 402.56, 0.00110816
FILLER_0_144_973, 447.54, 402.56, 0.00108561
FILLER_0_145_1001, 460.34, 402.56, 0.00107433
FILLER_0_144_1029, 473.14, 402.56, 0.00106306
FILLER_0_144_1085, 498.74, 402.56, 0.00100794
FILLER_0_145_1113, 511.54, 402.56, 0.000964101
FILLER_0_144_1141, 524.34, 402.56, 0.000920261
FILLER_0_145_1169, 537.14, 402.56, 0.00087642
FILLER_0_144_1197, 549.94, 402.56, 0.000832579
FILLER_0_145_1225, 562.74, 402.56, 0.000788738
FILLER_0_144_1253, 575.54, 402.56, 0.000744897
FILLER_0_143_1281, 601.14, 402.56, 0.000657215
FILLER_0_144_1309, 613.94, 402.56, 0.000613374
FILLER_0_143_1337, 626.74, 402.56, 0.000569533
FILLER_0_143_1393, 652.34, 402.56, 0.000509915
FILLER_0_144_1421, 665.14, 402.56, 0.000494136
FILLER_0_143_1449, 677.94, 402.56, 0.000478358
FILLER_0_144_1477, 690.74, 402.56, 0.00046258
FILLER_0_143_1505, 703.54, 402.56, 0.000446802
FILLER_0_144_1533, 716.34, 402.56, 0.000431024
FILLER_0_143_1561, 729.14, 402.56, 0.000415246
FILLER_0_144_1589, 741.94, 402.56, 0.000399468
FILLER_0_143_1617, 754.74, 402.56, 0.00038369
FILLER_0_144_1645, 767.54, 402.56, 0.000367912
FILLER_0_143_1673, 780.34, 402.56, 0.000352134
FILLER_0_143_1729, 805.94, 402.56, 0.000331082
FILLER_0_144_1757, 818.74, 402.56, 0.000325808
FILLER_0_143_1785, 831.54, 402.56, 0.000320534
FILLER_0_144_1813, 844.34, 402.56, 0.00031526
FILLER_0_143_1841, 857.14, 402.56, 0.000309986
FILLER_0_144_1869, 869.94, 402.56, 0.000304712
FILLER_0_143_1897, 882.74, 402.56, 0.000299439
FILLER_0_144_1925, 895.54, 402.56, 0.000294165
FILLER_0_143_1953, 908.34, 402.56, 0.000288891
FILLER_0_144_1981, 921.14, 402.56, 0.000283617
FILLER_0_143_2009, 933.94, 402.56, 0.000278343
FILLER_0_143_2065, 958.57, 402.56, 0.000273069
FILLER_0_144_2093, 970.4, 402.56, 0.000273069
FILLER_0_143_2121, 982.23, 402.56, 0.000273069
PHY_282, 5.52, 397.12, 0.000547865
PHY_284, 5.52, 397.12, 0.000547865
PHY_283, 994.06, 397.12, 0.000273327
PHY_285, 994.06, 397.12, 0.000273327
FILLER_0_141_2141, 994.06, 397.12, 0.000273327
FILLER_0_142_2137, 994.06, 397.12, 0.000273327
FILLER_0_142_77, 37.94, 397.12, 0.000556096
FILLER_0_143_105, 50.74, 397.12, 0.000564327
FILLER_0_142_133, 63.54, 397.12, 0.000572558
FILLER_0_143_161, 76.34, 397.12, 0.000580789
FILLER_0_142_189, 89.14, 397.12, 0.00058902
FILLER_0_143_217, 101.94, 397.12, 0.00059725
FILLER_0_142_245, 114.74, 397.12, 0.000605481
FILLER_0_143_273, 127.54, 397.12, 0.000613712
FILLER_0_142_301, 140.34, 397.12, 0.000621943
FILLER_0_143_329, 153.14, 397.12, 0.000630174
FILLER_0_142_357, 165.94, 397.12, 0.000638405
FILLER_0_142_413, 191.54, 397.12, 0.000666049
FILLER_0_143_441, 204.34, 397.12, 0.000685462
FILLER_0_142_469, 217.14, 397.12, 0.000704875
FILLER_0_143_497, 229.94, 397.12, 0.000724289
FILLER_0_142_525, 242.74, 397.12, 0.000743702
FILLER_0_143_553, 255.54, 397.12, 0.000763115
FILLER_0_142_581, 268.34, 397.12, 0.000782528
FILLER_0_143_609, 281.14, 397.12, 0.000801941
FILLER_0_142_637, 293.94, 397.12, 0.000821354
FILLER_0_143_665, 306.74, 397.12, 0.000840767
FILLER_0_142_693, 319.54, 397.12, 0.000860181
FILLER_0_142_749, 345.14, 397.12, 0.00088792
FILLER_0_143_777, 357.94, 397.12, 0.000896247
FILLER_0_142_805, 370.74, 397.12, 0.000904573
FILLER_0_143_833, 383.54, 397.12, 0.000912899
FILLER_0_142_861, 396.34, 397.12, 0.000921226
FILLER_0_143_889, 409.14, 397.12, 0.000929552
FILLER_0_142_917, 421.94, 397.12, 0.000937878
FILLER_0_143_945, 434.74, 397.12, 0.000946205
FILLER_0_142_973, 447.54, 397.12, 0.000954531
FILLER_0_143_1001, 460.34, 397.12, 0.000962857
FILLER_0_142_1029, 473.14, 397.12, 0.000971184
FILLER_0_142_1085, 498.74, 397.12, 0.000940904
FILLER_0_143_1113, 511.54, 397.12, 0.000902299
FILLER_0_142_1141, 524.34, 397.12, 0.000863693
FILLER_0_143_1169, 537.14, 397.12, 0.000825087
FILLER_0_142_1197, 549.94, 397.12, 0.000786481
FILLER_0_143_1225, 562.74, 397.12, 0.000747876
FILLER_0_142_1253, 575.54, 397.12, 0.00070927
FILLER_0_141_1281, 601.14, 397.12, 0.000632058
FILLER_0_142_1309, 613.94, 397.12, 0.000593453
FILLER_0_141_1337, 626.74, 397.12, 0.000554847
FILLER_0_141_1393, 652.34, 397.12, 0.000501205
FILLER_0_142_1421, 665.14, 397.12, 0.00048617
FILLER_0_141_1449, 677.94, 397.12, 0.000471134
FILLER_0_142_1477, 690.74, 397.12, 0.000456098
FILLER_0_141_1505, 703.54, 397.12, 0.000441063
FILLER_0_142_1533, 716.34, 397.12, 0.000426027
FILLER_0_141_1561, 729.14, 397.12, 0.000410991
FILLER_0_142_1589, 741.94, 397.12, 0.000395956
FILLER_0_141_1617, 754.74, 397.12, 0.00038092
FILLER_0_142_1645, 767.54, 397.12, 0.000365884
FILLER_0_141_1673, 780.34, 397.12, 0.000350848
FILLER_0_141_1729, 805.94, 397.12, 0.000330606
FILLER_0_142_1757, 818.74, 397.12, 0.000325398
FILLER_0_141_1785, 831.54, 397.12, 0.000320191
FILLER_0_142_1813, 844.34, 397.12, 0.000314984
FILLER_0_141_1841, 857.14, 397.12, 0.000309777
FILLER_0_142_1869, 869.94, 397.12, 0.00030457
FILLER_0_141_1897, 882.74, 397.12, 0.000299363
FILLER_0_142_1925, 895.54, 397.12, 0.000294156
FILLER_0_141_1953, 908.34, 397.12, 0.000288949
FILLER_0_142_1981, 921.14, 397.12, 0.000283741
FILLER_0_141_2009, 933.94, 397.12, 0.000278534
FILLER_0_141_2065, 958.57, 397.12, 0.000273327
FILLER_0_142_2093, 970.4, 397.12, 0.000273327
FILLER_0_141_2121, 982.23, 397.12, 0.000273327
PHY_278, 5.52, 391.68, 0.00053366
PHY_280, 5.52, 391.68, 0.00053366
PHY_279, 994.06, 391.68, 0.000273324
PHY_281, 994.06, 391.68, 0.000273324
FILLER_0_139_2141, 994.06, 391.68, 0.000273324
FILLER_0_140_2137, 994.06, 391.68, 0.000273324
FILLER_0_140_77, 37.94, 391.68, 0.000540883
FILLER_0_141_105, 50.74, 391.68, 0.000548105
FILLER_0_140_133, 63.54, 391.68, 0.000555327
FILLER_0_141_161, 76.34, 391.68, 0.00056255
FILLER_0_140_189, 89.14, 391.68, 0.000569772
FILLER_0_141_217, 101.94, 391.68, 0.000576994
FILLER_0_140_245, 114.74, 391.68, 0.000584217
FILLER_0_141_273, 127.54, 391.68, 0.000591439
FILLER_0_140_301, 140.34, 391.68, 0.000598661
FILLER_0_141_329, 153.14, 391.68, 0.000605883
FILLER_0_140_357, 165.94, 391.68, 0.000613106
FILLER_0_140_413, 191.54, 391.68, 0.000636871
FILLER_0_141_441, 204.34, 391.68, 0.000653414
FILLER_0_140_469, 217.14, 391.68, 0.000669958
FILLER_0_141_497, 229.94, 391.68, 0.000686501
FILLER_0_140_525, 242.74, 391.68, 0.000703044
FILLER_0_141_553, 255.54, 391.68, 0.000719587
FILLER_0_140_581, 268.34, 391.68, 0.00073613
FILLER_0_141_609, 281.14, 391.68, 0.000752674
FILLER_0_140_637, 293.94, 391.68, 0.000769217
FILLER_0_141_665, 306.74, 391.68, 0.00078576
FILLER_0_140_693, 319.54, 391.68, 0.000802303
FILLER_0_140_749, 345.14, 391.68, 0.000827562
FILLER_0_141_777, 357.94, 391.68, 0.000836279
FILLER_0_140_805, 370.74, 391.68, 0.000844995
FILLER_0_141_833, 383.54, 391.68, 0.000853711
FILLER_0_140_861, 396.34, 391.68, 0.000862427
FILLER_0_141_889, 409.14, 391.68, 0.000871143
FILLER_0_140_917, 421.94, 391.68, 0.000879859
FILLER_0_141_945, 434.74, 391.68, 0.000888575
FILLER_0_140_973, 447.54, 391.68, 0.000897292
FILLER_0_141_1001, 460.34, 391.68, 0.000906008
FILLER_0_140_1029, 473.14, 391.68, 0.000914724
FILLER_0_140_1085, 498.74, 391.68, 0.000888711
FILLER_0_141_1113, 511.54, 391.68, 0.000853983
FILLER_0_140_1141, 524.34, 391.68, 0.000819255
FILLER_0_141_1169, 537.14, 391.68, 0.000784526
FILLER_0_140_1197, 549.94, 391.68, 0.000749798
FILLER_0_141_1225, 562.74, 391.68, 0.000715069
FILLER_0_140_1253, 575.54, 391.68, 0.000680341
FILLER_0_139_1281, 601.14, 391.68, 0.000610884
FILLER_0_140_1309, 613.94, 391.68, 0.000576155
FILLER_0_139_1337, 626.74, 391.68, 0.000541427
FILLER_0_139_1393, 652.34, 391.68, 0.000492376
FILLER_0_140_1421, 665.14, 391.68, 0.000478054
FILLER_0_139_1449, 677.94, 391.68, 0.000463732
FILLER_0_140_1477, 690.74, 391.68, 0.00044941
FILLER_0_139_1505, 703.54, 391.68, 0.000435088
FILLER_0_140_1533, 716.34, 391.68, 0.000420765
FILLER_0_139_1561, 729.14, 391.68, 0.000406443
FILLER_0_140_1589, 741.94, 391.68, 0.000392121
FILLER_0_139_1617, 754.74, 391.68, 0.000377799
FILLER_0_140_1645, 767.54, 391.68, 0.000363477
FILLER_0_139_1673, 780.34, 391.68, 0.000349155
FILLER_0_139_1729, 805.94, 391.68, 0.000329707
FILLER_0_140_1757, 818.74, 391.68, 0.000324581
FILLER_0_139_1785, 831.54, 391.68, 0.000319455
FILLER_0_140_1813, 844.34, 391.68, 0.00031433
FILLER_0_139_1841, 857.14, 391.68, 0.000309204
FILLER_0_140_1869, 869.94, 391.68, 0.000304078
FILLER_0_139_1897, 882.74, 391.68, 0.000298953
FILLER_0_140_1925, 895.54, 391.68, 0.000293827
FILLER_0_139_1953, 908.34, 391.68, 0.000288701
FILLER_0_140_1981, 921.14, 391.68, 0.000283576
FILLER_0_139_2009, 933.94, 391.68, 0.00027845
FILLER_0_139_2065, 958.57, 391.68, 0.000273324
FILLER_0_140_2093, 970.4, 391.68, 0.000273324
FILLER_0_139_2121, 982.23, 391.68, 0.000273324
PHY_274, 5.52, 386.24, 0.000519107
PHY_276, 5.52, 386.24, 0.000519107
PHY_275, 994.06, 386.24, 0.000273063
PHY_277, 994.06, 386.24, 0.000273063
FILLER_0_137_2141, 994.06, 386.24, 0.000273063
FILLER_0_138_2137, 994.06, 386.24, 0.000273063
FILLER_0_138_77, 37.94, 386.24, 0.000525317
FILLER_0_139_105, 50.74, 386.24, 0.000531527
FILLER_0_138_133, 63.54, 386.24, 0.000537737
FILLER_0_139_161, 76.34, 386.24, 0.000543948
FILLER_0_138_189, 89.14, 386.24, 0.000550158
FILLER_0_139_217, 101.94, 386.24, 0.000556368
FILLER_0_138_245, 114.74, 386.24, 0.000562578
FILLER_0_139_273, 127.54, 386.24, 0.000568788
FILLER_0_138_301, 140.34, 386.24, 0.000574998
FILLER_0_139_329, 153.14, 386.24, 0.000581208
FILLER_0_138_357, 165.94, 386.24, 0.000587419
FILLER_0_138_413, 191.54, 386.24, 0.000607369
FILLER_0_139_441, 204.34, 386.24, 0.000621109
FILLER_0_138_469, 217.14, 386.24, 0.00063485
FILLER_0_139_497, 229.94, 386.24, 0.00064859
FILLER_0_138_525, 242.74, 386.24, 0.000662331
FILLER_0_139_553, 255.54, 386.24, 0.000676071
FILLER_0_138_581, 268.34, 386.24, 0.000689811
FILLER_0_139_609, 281.14, 386.24, 0.000703552
FILLER_0_138_637, 293.94, 386.24, 0.000717292
FILLER_0_139_665, 306.74, 386.24, 0.000731032
FILLER_0_138_693, 319.54, 386.24, 0.000744773
FILLER_0_138_749, 345.14, 386.24, 0.000767736
FILLER_0_139_777, 357.94, 386.24, 0.000776959
FILLER_0_138_805, 370.74, 386.24, 0.000786183
FILLER_0_139_833, 383.54, 386.24, 0.000795406
FILLER_0_138_861, 396.34, 386.24, 0.000804629
FILLER_0_139_889, 409.14, 386.24, 0.000813852
FILLER_0_138_917, 421.94, 386.24, 0.000823075
FILLER_0_139_945, 434.74, 386.24, 0.000832299
FILLER_0_138_973, 447.54, 386.24, 0.000841522
FILLER_0_139_1001, 460.34, 386.24, 0.000850745
FILLER_0_138_1029, 473.14, 386.24, 0.000859968
FILLER_0_138_1085, 498.74, 386.24, 0.000838123
FILLER_0_139_1113, 511.54, 386.24, 0.000807054
FILLER_0_138_1141, 524.34, 386.24, 0.000775986
FILLER_0_139_1169, 537.14, 386.24, 0.000744917
FILLER_0_138_1197, 549.94, 386.24, 0.000713849
FILLER_0_139_1225, 562.74, 386.24, 0.00068278
FILLER_0_138_1253, 575.54, 386.24, 0.000651712
FILLER_0_137_1281, 601.14, 386.24, 0.000589575
FILLER_0_138_1309, 613.94, 386.24, 0.000558506
FILLER_0_137_1337, 626.74, 386.24, 0.000527437
FILLER_0_137_1393, 652.34, 386.24, 0.000482788
FILLER_0_138_1421, 665.14, 386.24, 0.000469208
FILLER_0_137_1449, 677.94, 386.24, 0.000455627
FILLER_0_138_1477, 690.74, 386.24, 0.000442047
FILLER_0_137_1505, 703.54, 386.24, 0.000428466
FILLER_0_138_1533, 716.34, 386.24, 0.000414886
FILLER_0_137_1561, 729.14, 386.24, 0.000401305
FILLER_0_138_1589, 741.94, 386.24, 0.000387724
FILLER_0_137_1617, 754.74, 386.24, 0.000374144
FILLER_0_138_1645, 767.54, 386.24, 0.000360563
FILLER_0_137_1673, 780.34, 386.24, 0.000346983
FILLER_0_137_1729, 805.94, 386.24, 0.000328374
FILLER_0_138_1757, 818.74, 386.24, 0.000323346
FILLER_0_137_1785, 831.54, 386.24, 0.000318317
FILLER_0_138_1813, 844.34, 386.24, 0.000313289
FILLER_0_137_1841, 857.14, 386.24, 0.000308261
FILLER_0_138_1869, 869.94, 386.24, 0.000303233
FILLER_0_137_1897, 882.74, 386.24, 0.000298204
FILLER_0_138_1925, 895.54, 386.24, 0.000293176
FILLER_0_137_1953, 908.34, 386.24, 0.000288148
FILLER_0_138_1981, 921.14, 386.24, 0.00028312
FILLER_0_137_2009, 933.94, 386.24, 0.000278091
FILLER_0_137_2065, 958.57, 386.24, 0.000273063
FILLER_0_138_2093, 970.4, 386.24, 0.000273063
FILLER_0_137_2121, 982.23, 386.24, 0.000273063
PHY_270, 5.52, 380.8, 0.000504254
PHY_272, 5.52, 380.8, 0.000504254
PHY_271, 994.06, 380.8, 0.00027255
PHY_273, 994.06, 380.8, 0.00027255
FILLER_0_135_2141, 994.06, 380.8, 0.00027255
FILLER_0_136_2137, 994.06, 380.8, 0.00027255
FILLER_0_136_77, 37.94, 380.8, 0.00050945
FILLER_0_137_105, 50.74, 380.8, 0.000514647
FILLER_0_136_133, 63.54, 380.8, 0.000519843
FILLER_0_137_161, 76.34, 380.8, 0.000525039
FILLER_0_136_189, 89.14, 380.8, 0.000530235
FILLER_0_137_217, 101.94, 380.8, 0.000535431
FILLER_0_136_245, 114.74, 380.8, 0.000540628
FILLER_0_137_273, 127.54, 380.8, 0.000545824
FILLER_0_136_301, 140.34, 380.8, 0.00055102
FILLER_0_137_329, 153.14, 380.8, 0.000556216
FILLER_0_136_357, 165.94, 380.8, 0.000561412
FILLER_0_136_413, 191.54, 380.8, 0.000577595
FILLER_0_137_441, 204.34, 380.8, 0.000588582
FILLER_0_136_469, 217.14, 380.8, 0.000599569
FILLER_0_137_497, 229.94, 380.8, 0.000610556
FILLER_0_136_525, 242.74, 380.8, 0.000621543
FILLER_0_137_553, 255.54, 380.8, 0.000632529
FILLER_0_136_581, 268.34, 380.8, 0.000643516
FILLER_0_137_609, 281.14, 380.8, 0.000654503
FILLER_0_136_637, 293.94, 380.8, 0.00066549
FILLER_0_137_665, 306.74, 380.8, 0.000676477
FILLER_0_136_693, 319.54, 380.8, 0.000687463
FILLER_0_136_749, 345.14, 380.8, 0.000708298
FILLER_0_137_777, 357.94, 380.8, 0.000718147
FILLER_0_136_805, 370.74, 380.8, 0.000727995
FILLER_0_137_833, 383.54, 380.8, 0.000737843
FILLER_0_136_861, 396.34, 380.8, 0.000747691
FILLER_0_137_889, 409.14, 380.8, 0.000757539
FILLER_0_136_917, 421.94, 380.8, 0.000767388
FILLER_0_137_945, 434.74, 380.8, 0.000777236
FILLER_0_136_973, 447.54, 380.8, 0.000787084
FILLER_0_137_1001, 460.34, 380.8, 0.000796932
FILLER_0_136_1029, 473.14, 380.8, 0.00080678
FILLER_0_136_1085, 498.74, 380.8, 0.000789024
FILLER_0_137_1113, 511.54, 380.8, 0.000761419
FILLER_0_136_1141, 524.34, 380.8, 0.000733814
FILLER_0_137_1169, 537.14, 380.8, 0.000706209
FILLER_0_136_1197, 549.94, 380.8, 0.000678605
FILLER_0_137_1225, 562.74, 380.8, 0.000651
FILLER_0_136_1253, 575.54, 380.8, 0.000623395
FILLER_0_135_1281, 601.14, 380.8, 0.000568185
FILLER_0_136_1309, 613.94, 380.8, 0.000540581
FILLER_0_135_1337, 626.74, 380.8, 0.000512976
FILLER_0_135_1393, 652.34, 380.8, 0.000472553
FILLER_0_136_1421, 665.14, 380.8, 0.000459735
FILLER_0_135_1449, 677.94, 380.8, 0.000446917
FILLER_0_136_1477, 690.74, 380.8, 0.000434099
FILLER_0_135_1505, 703.54, 380.8, 0.000421281
FILLER_0_136_1533, 716.34, 380.8, 0.000408463
FILLER_0_135_1561, 729.14, 380.8, 0.000395646
FILLER_0_136_1589, 741.94, 380.8, 0.000382828
FILLER_0_135_1617, 754.74, 380.8, 0.00037001
FILLER_0_136_1645, 767.54, 380.8, 0.000357192
FILLER_0_135_1673, 780.34, 380.8, 0.000344374
FILLER_0_135_1729, 805.94, 380.8, 0.000326639
FILLER_0_136_1757, 818.74, 380.8, 0.000321721
FILLER_0_135_1785, 831.54, 380.8, 0.000316804
FILLER_0_136_1813, 844.34, 380.8, 0.000311887
FILLER_0_135_1841, 857.14, 380.8, 0.00030697
FILLER_0_136_1869, 869.94, 380.8, 0.000302053
FILLER_0_135_1897, 882.74, 380.8, 0.000297136
FILLER_0_136_1925, 895.54, 380.8, 0.000292219
FILLER_0_135_1953, 908.34, 380.8, 0.000287302
FILLER_0_136_1981, 921.14, 380.8, 0.000282384
FILLER_0_135_2009, 933.94, 380.8, 0.000277467
FILLER_0_135_2065, 958.57, 380.8, 0.00027255
FILLER_0_136_2093, 970.4, 380.8, 0.00027255
FILLER_0_135_2121, 982.23, 380.8, 0.00027255
PHY_266, 5.52, 375.36, 0.000489152
PHY_268, 5.52, 375.36, 0.000489152
PHY_267, 994.06, 375.36, 0.000271793
PHY_269, 994.06, 375.36, 0.000271793
FILLER_0_133_2141, 994.06, 375.36, 0.000271793
FILLER_0_134_2137, 994.06, 375.36, 0.000271793
FILLER_0_134_77, 37.94, 375.36, 0.000493334
FILLER_0_135_105, 50.74, 375.36, 0.000497516
FILLER_0_134_133, 63.54, 375.36, 0.000501698
FILLER_0_135_161, 76.34, 375.36, 0.00050588
FILLER_0_134_189, 89.14, 375.36, 0.000510062
FILLER_0_135_217, 101.94, 375.36, 0.000514244
FILLER_0_134_245, 114.74, 375.36, 0.000518426
FILLER_0_135_273, 127.54, 375.36, 0.000522608
FILLER_0_134_301, 140.34, 375.36, 0.00052679
FILLER_0_135_329, 153.14, 375.36, 0.000530971
FILLER_0_134_357, 165.94, 375.36, 0.000535153
FILLER_0_134_413, 191.54, 375.36, 0.0005476
FILLER_0_135_441, 204.34, 375.36, 0.000555865
FILLER_0_134_469, 217.14, 375.36, 0.000564129
FILLER_0_135_497, 229.94, 375.36, 0.000572394
FILLER_0_134_525, 242.74, 375.36, 0.000580659
FILLER_0_135_553, 255.54, 375.36, 0.000588923
FILLER_0_134_581, 268.34, 375.36, 0.000597188
FILLER_0_135_609, 281.14, 375.36, 0.000605452
FILLER_0_134_637, 293.94, 375.36, 0.000613717
FILLER_0_135_665, 306.74, 375.36, 0.000621982
FILLER_0_134_693, 319.54, 375.36, 0.000630246
FILLER_0_134_749, 345.14, 375.36, 0.000649104
FILLER_0_135_777, 357.94, 375.36, 0.000659697
FILLER_0_134_805, 370.74, 375.36, 0.000670291
FILLER_0_135_833, 383.54, 375.36, 0.000680884
FILLER_0_134_861, 396.34, 375.36, 0.000691477
FILLER_0_135_889, 409.14, 375.36, 0.00070207
FILLER_0_134_917, 421.94, 375.36, 0.000712663
FILLER_0_135_945, 434.74, 375.36, 0.000723257
FILLER_0_134_973, 447.54, 375.36, 0.00073385
FILLER_0_135_1001, 460.34, 375.36, 0.000744443
FILLER_0_134_1029, 473.14, 375.36, 0.000755036
FILLER_0_134_1085, 498.74, 375.36, 0.000741311
FILLER_0_135_1113, 511.54, 375.36, 0.000716993
FILLER_0_134_1141, 524.34, 375.36, 0.000692675
FILLER_0_135_1169, 537.14, 375.36, 0.000668358
FILLER_0_134_1197, 549.94, 375.36, 0.00064404
FILLER_0_135_1225, 562.74, 375.36, 0.000619722
FILLER_0_134_1253, 575.54, 375.36, 0.000595404
FILLER_0_133_1281, 601.14, 375.36, 0.000546768
FILLER_0_134_1309, 613.94, 375.36, 0.00052245
FILLER_0_133_1337, 626.74, 375.36, 0.000498132
FILLER_0_133_1393, 652.34, 375.36, 0.000461773
FILLER_0_134_1421, 665.14, 375.36, 0.000449733
FILLER_0_133_1449, 677.94, 375.36, 0.000437693
FILLER_0_134_1477, 690.74, 375.36, 0.000425652
FILLER_0_133_1505, 703.54, 375.36, 0.000413612
FILLER_0_134_1533, 716.34, 375.36, 0.000401571
FILLER_0_133_1561, 729.14, 375.36, 0.000389531
FILLER_0_134_1589, 741.94, 375.36, 0.00037749
FILLER_0_133_1617, 754.74, 375.36, 0.00036545
FILLER_0_134_1645, 767.54, 375.36, 0.000353409
FILLER_0_133_1673, 780.34, 375.36, 0.000341368
FILLER_0_133_1729, 805.94, 375.36, 0.000324533
FILLER_0_134_1757, 818.74, 375.36, 0.000319739
FILLER_0_133_1785, 831.54, 375.36, 0.000314944
FILLER_0_134_1813, 844.34, 375.36, 0.00031015
FILLER_0_133_1841, 857.14, 375.36, 0.000305355
FILLER_0_134_1869, 869.94, 375.36, 0.00030056
FILLER_0_133_1897, 882.74, 375.36, 0.000295766
FILLER_0_134_1925, 895.54, 375.36, 0.000290971
FILLER_0_133_1953, 908.34, 375.36, 0.000286177
FILLER_0_134_1981, 921.14, 375.36, 0.000281382
FILLER_0_133_2009, 933.94, 375.36, 0.000276587
FILLER_0_133_2065, 958.57, 375.36, 0.000271793
FILLER_0_134_2093, 970.4, 375.36, 0.000271793
FILLER_0_133_2121, 982.23, 375.36, 0.000271793
PHY_262, 5.52, 369.92, 0.000473851
PHY_264, 5.52, 369.92, 0.000473851
PHY_263, 994.06, 369.92, 0.000270798
PHY_265, 994.06, 369.92, 0.000270798
FILLER_0_131_2141, 994.06, 369.92, 0.000270798
FILLER_0_132_2137, 994.06, 369.92, 0.000270798
FILLER_0_132_77, 37.94, 369.92, 0.000477019
FILLER_0_133_105, 50.74, 369.92, 0.000480188
FILLER_0_132_133, 63.54, 369.92, 0.000483357
FILLER_0_133_161, 76.34, 369.92, 0.000486526
FILLER_0_132_189, 89.14, 369.92, 0.000489695
FILLER_0_133_217, 101.94, 369.92, 0.000492863
FILLER_0_132_245, 114.74, 369.92, 0.000496032
FILLER_0_133_273, 127.54, 369.92, 0.000499201
FILLER_0_132_301, 140.34, 369.92, 0.00050237
FILLER_0_133_329, 153.14, 369.92, 0.000505538
FILLER_0_132_357, 165.94, 369.92, 0.000508707
FILLER_0_132_413, 191.54, 369.92, 0.000517432
FILLER_0_133_441, 204.34, 369.92, 0.000522988
FILLER_0_132_469, 217.14, 369.92, 0.000528543
FILLER_0_133_497, 229.94, 369.92, 0.000534099
FILLER_0_132_525, 242.74, 369.92, 0.000539655
FILLER_0_133_553, 255.54, 369.92, 0.000545211
FILLER_0_132_581, 268.34, 369.92, 0.000550767
FILLER_0_133_609, 281.14, 369.92, 0.000556323
FILLER_0_132_637, 293.94, 369.92, 0.000561879
FILLER_0_133_665, 306.74, 369.92, 0.000567434
FILLER_0_132_693, 319.54, 369.92, 0.00057299
FILLER_0_132_749, 345.14, 369.92, 0.000590007
FILLER_0_133_777, 357.94, 369.92, 0.000601469
FILLER_0_132_805, 370.74, 369.92, 0.00061293
FILLER_0_133_833, 383.54, 369.92, 0.000624392
FILLER_0_132_861, 396.34, 369.92, 0.000635853
FILLER_0_133_889, 409.14, 369.92, 0.000647315
FILLER_0_132_917, 421.94, 369.92, 0.000658776
FILLER_0_133_945, 434.74, 369.92, 0.000670237
FILLER_0_132_973, 447.54, 369.92, 0.000681699
FILLER_0_133_1001, 460.34, 369.92, 0.00069316
FILLER_0_132_1029, 473.14, 369.92, 0.000704622
FILLER_0_132_1085, 498.74, 369.92, 0.000694893
FILLER_0_133_1113, 511.54, 369.92, 0.000673702
FILLER_0_132_1141, 524.34, 369.92, 0.000652512
FILLER_0_133_1169, 537.14, 369.92, 0.000631322
FILLER_0_132_1197, 549.94, 369.92, 0.000610132
FILLER_0_133_1225, 562.74, 369.92, 0.000588942
FILLER_0_132_1253, 575.54, 369.92, 0.000567751
FILLER_0_131_1281, 601.14, 369.92, 0.000525371
FILLER_0_132_1309, 613.94, 369.92, 0.00050418
FILLER_0_131_1337, 626.74, 369.92, 0.00048299
FILLER_0_131_1393, 652.34, 369.92, 0.000450546
FILLER_0_132_1421, 665.14, 369.92, 0.000439292
FILLER_0_131_1449, 677.94, 369.92, 0.000428038
FILLER_0_132_1477, 690.74, 369.92, 0.000416784
FILLER_0_131_1505, 703.54, 369.92, 0.00040553
FILLER_0_132_1533, 716.34, 369.92, 0.000394277
FILLER_0_131_1561, 729.14, 369.92, 0.000383023
FILLER_0_132_1589, 741.94, 369.92, 0.000371769
FILLER_0_131_1617, 754.74, 369.92, 0.000360515
FILLER_0_132_1645, 767.54, 369.92, 0.000349261
FILLER_0_131_1673, 780.34, 369.92, 0.000338007
FILLER_0_131_1729, 805.94, 369.92, 0.00032209
FILLER_0_132_1757, 818.74, 369.92, 0.000317427
FILLER_0_131_1785, 831.54, 369.92, 0.000312764
FILLER_0_132_1813, 844.34, 369.92, 0.000308101
FILLER_0_131_1841, 857.14, 369.92, 0.000303439
FILLER_0_132_1869, 869.94, 369.92, 0.000298776
FILLER_0_131_1897, 882.74, 369.92, 0.000294113
FILLER_0_132_1925, 895.54, 369.92, 0.00028945
FILLER_0_131_1953, 908.34, 369.92, 0.000284787
FILLER_0_132_1981, 921.14, 369.92, 0.000280124
FILLER_0_131_2009, 933.94, 369.92, 0.000275461
FILLER_0_131_2065, 958.57, 369.92, 0.000270798
FILLER_0_132_2093, 970.4, 369.92, 0.000270798
FILLER_0_131_2121, 982.23, 369.92, 0.000270798
PHY_258, 5.52, 364.48, 0.000458399
PHY_260, 5.52, 364.48, 0.000458399
PHY_259, 994.06, 364.48, 0.000269575
PHY_261, 994.06, 364.48, 0.000269575
FILLER_0_129_2141, 994.06, 364.48, 0.000269575
FILLER_0_130_2137, 994.06, 364.48, 0.000269575
FILLER_0_130_77, 37.94, 364.48, 0.000460557
FILLER_0_131_105, 50.74, 364.48, 0.000462715
FILLER_0_130_133, 63.54, 364.48, 0.000464873
FILLER_0_131_161, 76.34, 364.48, 0.000467031
FILLER_0_130_189, 89.14, 364.48, 0.00046919
FILLER_0_131_217, 101.94, 364.48, 0.000471348
FILLER_0_130_245, 114.74, 364.48, 0.000473506
FILLER_0_131_273, 127.54, 364.48, 0.000475664
FILLER_0_130_301, 140.34, 364.48, 0.000477822
FILLER_0_131_329, 153.14, 364.48, 0.00047998
FILLER_0_130_357, 165.94, 364.48, 0.000482138
FILLER_0_130_413, 191.54, 364.48, 0.000487138
FILLER_0_131_441, 204.34, 364.48, 0.000489981
FILLER_0_130_469, 217.14, 364.48, 0.000492823
FILLER_0_131_497, 229.94, 364.48, 0.000495665
FILLER_0_130_525, 242.74, 364.48, 0.000498507
FILLER_0_131_553, 255.54, 364.48, 0.000501349
FILLER_0_130_581, 268.34, 364.48, 0.000504191
FILLER_0_131_609, 281.14, 364.48, 0.000507033
FILLER_0_130_637, 293.94, 364.48, 0.000509875
FILLER_0_131_665, 306.74, 364.48, 0.000512718
FILLER_0_130_693, 319.54, 364.48, 0.00051556
FILLER_0_130_749, 345.14, 364.48, 0.000530859
FILLER_0_131_777, 357.94, 364.48, 0.000543317
FILLER_0_130_805, 370.74, 364.48, 0.000555774
FILLER_0_131_833, 383.54, 364.48, 0.000568231
FILLER_0_130_861, 396.34, 364.48, 0.000580689
FILLER_0_131_889, 409.14, 364.48, 0.000593146
FILLER_0_130_917, 421.94, 364.48, 0.000605604
FILLER_0_131_945, 434.74, 364.48, 0.000618061
FILLER_0_130_973, 447.54, 364.48, 0.000630518
FILLER_0_131_1001, 460.34, 364.48, 0.000642976
FILLER_0_130_1029, 473.14, 364.48, 0.000655433
FILLER_0_130_1085, 498.74, 364.48, 0.000649685
FILLER_0_131_1113, 511.54, 364.48, 0.000631479
FILLER_0_130_1141, 524.34, 364.48, 0.000613274
FILLER_0_131_1169, 537.14, 364.48, 0.000595068
FILLER_0_130_1197, 549.94, 364.48, 0.000576863
FILLER_0_131_1225, 562.74, 364.48, 0.000558657
FILLER_0_130_1253, 575.54, 364.48, 0.000540452
FILLER_0_129_1281, 601.14, 364.48, 0.000504041
FILLER_0_130_1309, 613.94, 364.48, 0.000485835
FILLER_0_129_1337, 626.74, 364.48, 0.00046763
FILLER_0_129_1393, 652.34, 364.48, 0.000438961
FILLER_0_130_1421, 665.14, 364.48, 0.000428498
FILLER_0_129_1449, 677.94, 364.48, 0.000418034
FILLER_0_130_1477, 690.74, 364.48, 0.000407571
FILLER_0_129_1505, 703.54, 364.48, 0.000397108
FILLER_0_130_1533, 716.34, 364.48, 0.000386644
FILLER_0_129_1561, 729.14, 364.48, 0.000376181
FILLER_0_130_1589, 741.94, 364.48, 0.000365718
FILLER_0_129_1617, 754.74, 364.48, 0.000355254
FILLER_0_130_1645, 767.54, 364.48, 0.000344791
FILLER_0_129_1673, 780.34, 364.48, 0.000334328
FILLER_0_129_1729, 805.94, 364.48, 0.00031934
FILLER_0_130_1757, 818.74, 364.48, 0.000314816
FILLER_0_129_1785, 831.54, 364.48, 0.000310292
FILLER_0_130_1813, 844.34, 364.48, 0.000305768
FILLER_0_129_1841, 857.14, 364.48, 0.000301244
FILLER_0_130_1869, 869.94, 364.48, 0.000296719
FILLER_0_129_1897, 882.74, 364.48, 0.000292195
FILLER_0_130_1925, 895.54, 364.48, 0.000287671
FILLER_0_129_1953, 908.34, 364.48, 0.000283147
FILLER_0_130_1981, 921.14, 364.48, 0.000278623
FILLER_0_129_2009, 933.94, 364.48, 0.000274099
FILLER_0_129_2065, 958.57, 364.48, 0.000269574
FILLER_0_130_2093, 970.4, 364.48, 0.000269574
FILLER_0_129_2121, 982.23, 364.48, 0.000269575
PHY_254, 5.52, 359.04, 0.000442847
PHY_256, 5.52, 359.04, 0.000442847
PHY_255, 994.06, 359.04, 0.00026813
PHY_257, 994.06, 359.04, 0.00026813
FILLER_0_127_2141, 994.06, 359.04, 0.00026813
FILLER_0_128_2137, 994.06, 359.04, 0.00026813
FILLER_0_128_77, 37.94, 359.04, 0.000443998
FILLER_0_129_105, 50.74, 359.04, 0.00044515
FILLER_0_128_133, 63.54, 359.04, 0.000446301
FILLER_0_129_161, 76.34, 359.04, 0.000447452
FILLER_0_128_189, 89.14, 359.04, 0.000448603
FILLER_0_129_217, 101.94, 359.04, 0.000449755
FILLER_0_128_245, 114.74, 359.04, 0.000450906
FILLER_0_129_273, 127.54, 359.04, 0.000452057
FILLER_0_128_301, 140.34, 359.04, 0.000453209
FILLER_0_129_329, 153.14, 359.04, 0.00045436
FILLER_0_128_357, 165.94, 359.04, 0.000455511
FILLER_0_128_413, 191.54, 359.04, 0.000456767
FILLER_0_129_441, 204.34, 359.04, 0.000456872
FILLER_0_128_469, 217.14, 359.04, 0.000456977
FILLER_0_129_497, 229.94, 359.04, 0.000457081
FILLER_0_128_525, 242.74, 359.04, 0.000457186
FILLER_0_129_553, 255.54, 359.04, 0.000457291
FILLER_0_128_581, 268.34, 359.04, 0.000457396
FILLER_0_129_609, 281.14, 359.04, 0.0004575
FILLER_0_128_637, 293.94, 359.04, 0.000457605
FILLER_0_129_665, 306.74, 359.04, 0.00045771
FILLER_0_128_693, 319.54, 359.04, 0.000457815
FILLER_0_128_749, 345.14, 359.04, 0.000471506
FILLER_0_129_777, 357.94, 359.04, 0.000485093
FILLER_0_128_805, 370.74, 359.04, 0.00049868
FILLER_0_129_833, 383.54, 359.04, 0.000512267
FILLER_0_128_861, 396.34, 359.04, 0.000525854
FILLER_0_129_889, 409.14, 359.04, 0.000539441
FILLER_0_128_917, 421.94, 359.04, 0.000553028
FILLER_0_129_945, 434.74, 359.04, 0.000566615
FILLER_0_128_973, 447.54, 359.04, 0.000580202
FILLER_0_129_1001, 460.34, 359.04, 0.000593789
FILLER_0_128_1029, 473.14, 359.04, 0.000607376
FILLER_0_128_1085, 498.74, 359.04, 0.000605615
FILLER_0_129_1113, 511.54, 359.04, 0.000590266
FILLER_0_128_1141, 524.34, 359.04, 0.000574917
FILLER_0_129_1169, 537.14, 359.04, 0.000559568
FILLER_0_128_1197, 549.94, 359.04, 0.000544219
FILLER_0_129_1225, 562.74, 359.04, 0.00052887
FILLER_0_128_1253, 575.54, 359.04, 0.000513521
FILLER_0_127_1281, 601.14, 359.04, 0.000482824
FILLER_0_128_1309, 613.94, 359.04, 0.000467475
FILLER_0_127_1337, 626.74, 359.04, 0.000452126
FILLER_0_127_1393, 652.34, 359.04, 0.000427104
FILLER_0_128_1421, 665.14, 359.04, 0.00041743
FILLER_0_127_1449, 677.94, 359.04, 0.000407757
FILLER_0_128_1477, 690.74, 359.04, 0.000398083
FILLER_0_127_1505, 703.54, 359.04, 0.00038841
FILLER_0_128_1533, 716.34, 359.04, 0.000378736
FILLER_0_127_1561, 729.14, 359.04, 0.000369063
FILLER_0_128_1589, 741.94, 359.04, 0.000359389
FILLER_0_127_1617, 754.74, 359.04, 0.000349716
FILLER_0_128_1645, 767.54, 359.04, 0.000340042
FILLER_0_127_1673, 780.34, 359.04, 0.000330369
FILLER_0_127_1729, 805.94, 359.04, 0.000316315
FILLER_0_128_1757, 818.74, 359.04, 0.000311935
FILLER_0_127_1785, 831.54, 359.04, 0.000307554
FILLER_0_128_1813, 844.34, 359.04, 0.000303174
FILLER_0_127_1841, 857.14, 359.04, 0.000298793
FILLER_0_128_1869, 869.94, 359.04, 0.000294413
FILLER_0_127_1897, 882.74, 359.04, 0.000290032
FILLER_0_128_1925, 895.54, 359.04, 0.000285652
FILLER_0_127_1953, 908.34, 359.04, 0.000281271
FILLER_0_128_1981, 921.14, 359.04, 0.000276891
FILLER_0_127_2009, 933.94, 359.04, 0.00027251
FILLER_0_127_2065, 958.57, 359.04, 0.00026813
FILLER_0_128_2093, 970.4, 359.04, 0.00026813
FILLER_0_127_2121, 982.23, 359.04, 0.00026813
PHY_250, 5.52, 353.6, 0.000427244
PHY_252, 5.52, 353.6, 0.000427244
PHY_251, 994.06, 353.6, 0.000266473
PHY_253, 994.06, 353.6, 0.000266473
FILLER_0_125_2141, 994.06, 353.6, 0.000266473
FILLER_0_126_2137, 994.06, 353.6, 0.000266473
FILLER_0_126_77, 37.94, 353.6, 0.000427394
FILLER_0_127_105, 50.74, 353.6, 0.000427543
FILLER_0_126_133, 63.54, 353.6, 0.000427693
FILLER_0_127_161, 76.34, 353.6, 0.000427843
FILLER_0_126_189, 89.14, 353.6, 0.000427993
FILLER_0_127_217, 101.94, 353.6, 0.000428142
FILLER_0_126_245, 114.74, 353.6, 0.000428292
FILLER_0_127_273, 127.54, 353.6, 0.000428442
FILLER_0_126_301, 140.34, 353.6, 0.000428592
FILLER_0_127_329, 153.14, 353.6, 0.000428741
FILLER_0_126_357, 165.94, 353.6, 0.000428891
FILLER_0_126_413, 191.54, 353.6, 0.000426365
FILLER_0_127_441, 204.34, 353.6, 0.00042369
FILLER_0_126_469, 217.14, 353.6, 0.000421014
FILLER_0_127_497, 229.94, 353.6, 0.000418339
FILLER_0_126_525, 242.74, 353.6, 0.000415663
FILLER_0_127_553, 255.54, 353.6, 0.000412988
FILLER_0_126_581, 268.34, 353.6, 0.000410312
FILLER_0_127_609, 281.14, 353.6, 0.000407637
FILLER_0_126_637, 293.94, 353.6, 0.000404961
FILLER_0_127_665, 306.74, 353.6, 0.000402285
FILLER_0_126_693, 319.54, 353.6, 0.00039961
FILLER_0_126_749, 345.14, 353.6, 0.000411792
FILLER_0_127_777, 357.94, 353.6, 0.000426649
FILLER_0_126_805, 370.74, 353.6, 0.000441507
FILLER_0_127_833, 383.54, 353.6, 0.000456364
FILLER_0_126_861, 396.34, 353.6, 0.000471222
FILLER_0_127_889, 409.14, 353.6, 0.000486079
FILLER_0_126_917, 421.94, 353.6, 0.000500937
FILLER_0_127_945, 434.74, 353.6, 0.000515794
FILLER_0_126_973, 447.54, 353.6, 0.000530652
FILLER_0_127_1001, 460.34, 353.6, 0.000545509
FILLER_0_126_1029, 473.14, 353.6, 0.000560366
FILLER_0_126_1085, 498.74, 353.6, 0.000562617
FILLER_0_127_1113, 511.54, 353.6, 0.00055001
FILLER_0_126_1141, 524.34, 353.6, 0.000537404
FILLER_0_127_1169, 537.14, 353.6, 0.000524797
FILLER_0_126_1197, 549.94, 353.6, 0.00051219
FILLER_0_127_1225, 562.74, 353.6, 0.000499584
FILLER_0_126_1253, 575.54, 353.6, 0.000486977
FILLER_0_125_1281, 601.14, 353.6, 0.000461763
FILLER_0_126_1309, 613.94, 353.6, 0.000449157
FILLER_0_125_1337, 626.74, 353.6, 0.00043655
FILLER_0_125_1393, 652.34, 353.6, 0.000415055
FILLER_0_126_1421, 665.14, 353.6, 0.000406166
FILLER_0_125_1449, 677.94, 353.6, 0.000397277
FILLER_0_126_1477, 690.74, 353.6, 0.000388389
FILLER_0_125_1505, 703.54, 353.6, 0.0003795
FILLER_0_126_1533, 716.34, 353.6, 0.000370611
FILLER_0_125_1561, 729.14, 353.6, 0.000361723
FILLER_0_126_1589, 741.94, 353.6, 0.000352834
FILLER_0_125_1617, 754.74, 353.6, 0.000343945
FILLER_0_126_1645, 767.54, 353.6, 0.000335056
FILLER_0_125_1673, 780.34, 353.6, 0.000326168
FILLER_0_125_1729, 805.94, 353.6, 0.000313045
FILLER_0_126_1757, 818.74, 353.6, 0.000308811
FILLER_0_125_1785, 831.54, 353.6, 0.000304578
FILLER_0_126_1813, 844.34, 353.6, 0.000300344
FILLER_0_125_1841, 857.14, 353.6, 0.00029611
FILLER_0_126_1869, 869.94, 353.6, 0.000291876
FILLER_0_125_1897, 882.74, 353.6, 0.000287642
FILLER_0_126_1925, 895.54, 353.6, 0.000283409
FILLER_0_125_1953, 908.34, 353.6, 0.000279175
FILLER_0_126_1981, 921.14, 353.6, 0.000274941
FILLER_0_125_2009, 933.94, 353.6, 0.000270707
FILLER_0_125_2065, 958.57, 353.6, 0.000266473
FILLER_0_126_2093, 970.4, 353.6, 0.000266473
FILLER_0_125_2121, 982.23, 353.6, 0.000266473
PHY_246, 5.52, 348.16, 0.000411639
PHY_248, 5.52, 348.16, 0.000411639
PHY_247, 994.06, 348.16, 0.000264613
PHY_249, 994.06, 348.16, 0.000264613
FILLER_0_123_2141, 994.06, 348.16, 0.000264613
FILLER_0_124_2137, 994.06, 348.16, 0.000264613
FILLER_0_124_77, 37.94, 348.16, 0.000410794
FILLER_0_125_105, 50.74, 348.16, 0.000409949
FILLER_0_124_133, 63.54, 348.16, 0.000409104
FILLER_0_125_161, 76.34, 348.16, 0.000408259
FILLER_0_124_189, 89.14, 348.16, 0.000407415
FILLER_0_125_217, 101.94, 348.16, 0.00040657
FILLER_0_124_245, 114.74, 348.16, 0.000405725
FILLER_0_125_273, 127.54, 348.16, 0.00040488
FILLER_0_124_301, 140.34, 348.16, 0.000404035
FILLER_0_125_329, 153.14, 348.16, 0.00040319
FILLER_0_124_357, 165.94, 348.16, 0.000402345
FILLER_0_124_413, 191.54, 348.16, 0.000395982
FILLER_0_125_441, 204.34, 348.16, 0.000390463
FILLER_0_124_469, 217.14, 348.16, 0.000384944
FILLER_0_125_497, 229.94, 348.16, 0.000379425
FILLER_0_124_525, 242.74, 348.16, 0.000373906
FILLER_0_125_553, 255.54, 348.16, 0.000368388
FILLER_0_124_581, 268.34, 348.16, 0.000362869
FILLER_0_125_609, 281.14, 348.16, 0.00035735
FILLER_0_124_637, 293.94, 348.16, 0.000351831
FILLER_0_125_665, 306.74, 348.16, 0.000346312
FILLER_0_124_693, 319.54, 348.16, 0.000340793
FILLER_0_124_749, 345.14, 348.16, 0.000351552
FILLER_0_125_777, 357.94, 348.16, 0.00036783
FILLER_0_124_805, 370.74, 348.16, 0.000384107
FILLER_0_125_833, 383.54, 348.16, 0.000400385
FILLER_0_124_861, 396.34, 348.16, 0.000416662
FILLER_0_125_889, 409.14, 348.16, 0.00043294
FILLER_0_124_917, 421.94, 348.16, 0.000449217
FILLER_0_125_945, 434.74, 348.16, 0.000465495
FILLER_0_124_973, 447.54, 348.16, 0.000481772
FILLER_0_125_1001, 460.34, 348.16, 0.000498049
FILLER_0_124_1029, 473.14, 348.16, 0.000514327
FILLER_0_124_1085, 498.74, 348.16, 0.000520638
FILLER_0_125_1113, 511.54, 348.16, 0.000510671
FILLER_0_124_1141, 524.34, 348.16, 0.000500704
FILLER_0_125_1169, 537.14, 348.16, 0.000490738
FILLER_0_124_1197, 549.94, 348.16, 0.000480771
FILLER_0_125_1225, 562.74, 348.16, 0.000470804
FILLER_0_124_1253, 575.54, 348.16, 0.000460838
FILLER_0_123_1281, 601.14, 348.16, 0.000440904
FILLER_0_124_1309, 613.94, 348.16, 0.000430937
FILLER_0_123_1337, 626.74, 348.16, 0.000420971
FILLER_0_123_1393, 652.34, 348.16, 0.000402891
FILLER_0_124_1421, 665.14, 348.16, 0.000394778
FILLER_0_123_1449, 677.94, 348.16, 0.000386665
FILLER_0_124_1477, 690.74, 348.16, 0.000378552
FILLER_0_123_1505, 703.54, 348.16, 0.000370439
FILLER_0_124_1533, 716.34, 348.16, 0.000362326
FILLER_0_123_1561, 729.14, 348.16, 0.000354213
FILLER_0_124_1589, 741.94, 348.16, 0.0003461
FILLER_0_123_1617, 754.74, 348.16, 0.000337986
FILLER_0_124_1645, 767.54, 348.16, 0.000329873
FILLER_0_123_1673, 780.34, 348.16, 0.00032176
FILLER_0_123_1729, 805.94, 348.16, 0.000309561
FILLER_0_124_1757, 818.74, 348.16, 0.000305475
FILLER_0_123_1785, 831.54, 348.16, 0.000301389
FILLER_0_124_1813, 844.34, 348.16, 0.000297303
FILLER_0_123_1841, 857.14, 348.16, 0.000293216
FILLER_0_124_1869, 869.94, 348.16, 0.00028913
FILLER_0_123_1897, 882.74, 348.16, 0.000285044
FILLER_0_124_1925, 895.54, 348.16, 0.000280958
FILLER_0_123_1953, 908.34, 348.16, 0.000276872
FILLER_0_124_1981, 921.14, 348.16, 0.000272785
FILLER_0_123_2009, 933.94, 348.16, 0.000268699
FILLER_0_123_2065, 958.57, 348.16, 0.000264613
FILLER_0_124_2093, 970.4, 348.16, 0.000264613
FILLER_0_123_2121, 982.23, 348.16, 0.000264613
PHY_242, 5.52, 342.72, 0.000396081
PHY_244, 5.52, 342.72, 0.000396081
PHY_243, 994.06, 342.72, 0.000262557
PHY_245, 994.06, 342.72, 0.000262557
FILLER_0_121_2141, 994.06, 342.72, 0.000262557
FILLER_0_122_2137, 994.06, 342.72, 0.000262557
FILLER_0_122_77, 37.94, 342.72, 0.00039425
FILLER_0_123_105, 50.74, 342.72, 0.00039242
FILLER_0_122_133, 63.54, 342.72, 0.000390589
FILLER_0_123_161, 76.34, 342.72, 0.000388758
FILLER_0_122_189, 89.14, 342.72, 0.000386927
FILLER_0_123_217, 101.94, 342.72, 0.000385097
FILLER_0_122_245, 114.74, 342.72, 0.000383266
FILLER_0_123_273, 127.54, 342.72, 0.000381435
FILLER_0_122_301, 140.34, 342.72, 0.000379604
FILLER_0_123_329, 153.14, 342.72, 0.000377773
FILLER_0_122_357, 165.94, 342.72, 0.000375942
FILLER_0_122_413, 191.54, 342.72, 0.000365666
FILLER_0_123_441, 204.34, 342.72, 0.00035722
FILLER_0_122_469, 217.14, 342.72, 0.000348774
FILLER_0_123_497, 229.94, 342.72, 0.000340328
FILLER_0_122_525, 242.74, 342.72, 0.000331882
FILLER_0_123_553, 255.54, 342.72, 0.000323436
FILLER_0_122_581, 268.34, 342.72, 0.00031499
FILLER_0_123_609, 281.14, 342.72, 0.000306544
FILLER_0_122_637, 293.94, 342.72, 0.000298098
FILLER_0_123_665, 306.74, 342.72, 0.000289652
FILLER_0_122_693, 319.54, 342.72, 0.000281206
FILLER_0_122_749, 345.14, 342.72, 0.000290618
FILLER_0_123_777, 357.94, 342.72, 0.000308475
FILLER_0_122_805, 370.74, 342.72, 0.000326332
FILLER_0_123_833, 383.54, 342.72, 0.00034419
FILLER_0_122_861, 396.34, 342.72, 0.000362047
FILLER_0_123_889, 409.14, 342.72, 0.000379904
FILLER_0_122_917, 421.94, 342.72, 0.000397761
FILLER_0_123_945, 434.74, 342.72, 0.000415618
FILLER_0_122_973, 447.54, 342.72, 0.000433476
FILLER_0_123_1001, 460.34, 342.72, 0.000451333
FILLER_0_122_1029, 473.14, 342.72, 0.00046919
FILLER_0_122_1085, 498.74, 342.72, 0.00047963
FILLER_0_123_1113, 511.54, 342.72, 0.000472212
FILLER_0_122_1141, 524.34, 342.72, 0.000464795
FILLER_0_123_1169, 537.14, 342.72, 0.000457377
FILLER_0_122_1197, 549.94, 342.72, 0.000449959
FILLER_0_123_1225, 562.74, 342.72, 0.000442542
FILLER_0_122_1253, 575.54, 342.72, 0.000435124
FILLER_0_121_1281, 601.14, 342.72, 0.000420289
FILLER_0_122_1309, 613.94, 342.72, 0.000412872
FILLER_0_121_1337, 626.74, 342.72, 0.000405454
FILLER_0_121_1393, 652.34, 342.72, 0.000390686
FILLER_0_122_1421, 665.14, 342.72, 0.000383336
FILLER_0_121_1449, 677.94, 342.72, 0.000375985
FILLER_0_122_1477, 690.74, 342.72, 0.000368635
FILLER_0_121_1505, 703.54, 342.72, 0.000361285
FILLER_0_122_1533, 716.34, 342.72, 0.000353934
FILLER_0_121_1561, 729.14, 342.72, 0.000346584
FILLER_0_122_1589, 741.94, 342.72, 0.000339234
FILLER_0_121_1617, 754.74, 342.72, 0.000331883
FILLER_0_122_1645, 767.54, 342.72, 0.000324533
FILLER_0_121_1673, 780.34, 342.72, 0.000317182
FILLER_0_121_1729, 805.94, 342.72, 0.000305892
FILLER_0_122_1757, 818.74, 342.72, 0.000301953
FILLER_0_121_1785, 831.54, 342.72, 0.000298013
FILLER_0_122_1813, 844.34, 342.72, 0.000294074
FILLER_0_121_1841, 857.14, 342.72, 0.000290134
FILLER_0_122_1869, 869.94, 342.72, 0.000286195
FILLER_0_121_1897, 882.74, 342.72, 0.000282255
FILLER_0_122_1925, 895.54, 342.72, 0.000278316
FILLER_0_121_1953, 908.34, 342.72, 0.000274376
FILLER_0_122_1981, 921.14, 342.72, 0.000270436
FILLER_0_121_2009, 933.94, 342.72, 0.000266497
FILLER_0_121_2065, 958.57, 342.72, 0.000262557
FILLER_0_122_2093, 970.4, 342.72, 0.000262557
FILLER_0_121_2121, 982.23, 342.72, 0.000262557
PHY_238, 5.52, 337.28, 0.000421972
PHY_240, 5.52, 337.28, 0.000421972
output15, 5.52, 337.28, 0.000421972
PHY_239, 994.06, 337.28, 0.000260315
PHY_241, 994.06, 337.28, 0.000260315
FILLER_0_119_2141, 994.06, 337.28, 0.000260315
FILLER_0_120_2137, 994.06, 337.28, 0.000260315
FILLER_0_120_77, 37.94, 337.28, 0.000390179
FILLER_0_121_105, 50.74, 337.28, 0.00038632
FILLER_0_120_133, 63.54, 337.28, 0.00038246
FILLER_0_121_161, 76.34, 337.28, 0.000378601
FILLER_0_120_189, 89.14, 337.28, 0.000374741
FILLER_0_121_217, 101.94, 337.28, 0.000370882
FILLER_0_120_245, 114.74, 337.28, 0.000367022
FILLER_0_121_273, 127.54, 337.28, 0.000363163
FILLER_0_120_301, 140.34, 337.28, 0.000359303
FILLER_0_121_329, 153.14, 337.28, 0.000355444
FILLER_0_120_357, 165.94, 337.28, 0.000351584
FILLER_0_120_413, 191.54, 337.28, 0.000336185
FILLER_0_121_441, 204.34, 337.28, 0.000324645
FILLER_0_120_469, 217.14, 337.28, 0.000313105
FILLER_0_121_497, 229.94, 337.28, 0.000301565
FILLER_0_120_525, 242.74, 337.28, 0.000290026
FILLER_0_121_553, 255.54, 337.28, 0.000278486
FILLER_0_120_581, 268.34, 337.28, 0.000266946
FILLER_0_121_609, 281.14, 337.28, 0.000255406
FILLER_0_120_637, 293.94, 337.28, 0.000243867
FILLER_0_121_665, 306.74, 337.28, 0.000232327
FILLER_0_120_693, 319.54, 337.28, 0.000220787
FILLER_0_120_749, 345.14, 337.28, 0.000228852
FILLER_0_121_777, 357.94, 337.28, 0.000248457
FILLER_0_120_805, 370.74, 337.28, 0.000268062
FILLER_0_121_833, 383.54, 337.28, 0.000287667
FILLER_0_120_861, 396.34, 337.28, 0.000307272
FILLER_0_121_889, 409.14, 337.28, 0.000326877
FILLER_0_120_917, 421.94, 337.28, 0.000346482
FILLER_0_121_945, 434.74, 337.28, 0.000366087
FILLER_0_120_973, 447.54, 337.28, 0.000385692
FILLER_0_121_1001, 460.34, 337.28, 0.000405297
FILLER_0_120_1029, 473.14, 337.28, 0.000424902
FILLER_0_120_1085, 498.74, 337.28, 0.000439558
FILLER_0_121_1113, 511.54, 337.28, 0.000434609
FILLER_0_120_1141, 524.34, 337.28, 0.000429659
FILLER_0_121_1169, 537.14, 337.28, 0.00042471
FILLER_0_120_1197, 549.94, 337.28, 0.000419761
FILLER_0_121_1225, 562.74, 337.28, 0.000414812
FILLER_0_120_1253, 575.54, 337.28, 0.000409862
FILLER_0_119_1281, 601.14, 337.28, 0.000399964
FILLER_0_120_1309, 613.94, 337.28, 0.000395015
FILLER_0_119_1337, 626.74, 337.28, 0.000390065
FILLER_0_119_1393, 652.34, 337.28, 0.000378512
FILLER_0_120_1421, 665.14, 337.28, 0.000371907
FILLER_0_119_1449, 677.94, 337.28, 0.000365303
FILLER_0_120_1477, 690.74, 337.28, 0.000358699
FILLER_0_119_1505, 703.54, 337.28, 0.000352094
FILLER_0_120_1533, 716.34, 337.28, 0.00034549
FILLER_0_119_1561, 729.14, 337.28, 0.000338886
FILLER_0_120_1589, 741.94, 337.28, 0.000332281
FILLER_0_119_1617, 754.74, 337.28, 0.000325677
FILLER_0_120_1645, 767.54, 337.28, 0.000319073
FILLER_0_119_1673, 780.34, 337.28, 0.000312468
FILLER_0_119_1729, 805.94, 337.28, 0.000302068
FILLER_0_120_1757, 818.74, 337.28, 0.000298272
FILLER_0_119_1785, 831.54, 337.28, 0.000294477
FILLER_0_120_1813, 844.34, 337.28, 0.000290681
FILLER_0_119_1841, 857.14, 337.28, 0.000286885
FILLER_0_120_1869, 869.94, 337.28, 0.00028309
FILLER_0_119_1897, 882.74, 337.28, 0.000279294
FILLER_0_120_1925, 895.54, 337.28, 0.000275498
FILLER_0_119_1953, 908.34, 337.28, 0.000271702
FILLER_0_120_1981, 921.14, 337.28, 0.000267907
FILLER_0_119_2009, 933.94, 337.28, 0.000264111
FILLER_0_119_2065, 958.57, 337.28, 0.000260315
FILLER_0_120_2093, 970.4, 337.28, 0.000260315
FILLER_0_119_2121, 982.23, 337.28, 0.000260315
PHY_234, 5.52, 331.84, 0.000368687
PHY_236, 5.52, 331.84, 0.000368687
PHY_235, 994.06, 331.84, 0.000255436
PHY_237, 994.06, 331.84, 0.000255436
FILLER_0_117_2141, 994.06, 331.84, 0.000255436
FILLER_0_118_2137, 994.06, 331.84, 0.000255436
FILLER_0_118_77, 37.94, 331.84, 0.000366085
FILLER_0_119_105, 50.74, 331.84, 0.000363484
FILLER_0_118_133, 63.54, 331.84, 0.000360882
FILLER_0_119_161, 76.34, 331.84, 0.00035828
FILLER_0_118_189, 89.14, 331.84, 0.000355679
FILLER_0_119_217, 101.94, 331.84, 0.000353077
FILLER_0_118_245, 114.74, 331.84, 0.000350476
FILLER_0_119_273, 127.54, 331.84, 0.000347874
FILLER_0_118_301, 140.34, 331.84, 0.000345272
FILLER_0_119_329, 153.14, 331.84, 0.000342671
FILLER_0_118_357, 165.94, 331.84, 0.000340069
FILLER_0_118_413, 191.54, 331.84, 0.00032719
FILLER_0_119_441, 204.34, 331.84, 0.000316912
FILLER_0_118_469, 217.14, 331.84, 0.000306635
FILLER_0_119_497, 229.94, 331.84, 0.000296357
FILLER_0_118_525, 242.74, 331.84, 0.00028608
FILLER_0_119_553, 255.54, 331.84, 0.000275802
FILLER_0_118_581, 268.34, 331.84, 0.000265525
FILLER_0_119_609, 281.14, 331.84, 0.000255248
FILLER_0_118_637, 293.94, 331.84, 0.00024497
FILLER_0_119_665, 306.74, 331.84, 0.000234692
FILLER_0_118_693, 319.54, 331.84, 0.000224415
FILLER_0_118_749, 345.14, 331.84, 0.000232035
FILLER_0_119_777, 357.94, 331.84, 0.000249933
FILLER_0_118_805, 370.74, 331.84, 0.000267831
FILLER_0_119_833, 383.54, 331.84, 0.000285729
FILLER_0_118_861, 396.34, 331.84, 0.000303627
FILLER_0_119_889, 409.14, 331.84, 0.000321525
FILLER_0_118_917, 421.94, 331.84, 0.000339423
FILLER_0_119_945, 434.74, 331.84, 0.000357321
FILLER_0_118_973, 447.54, 331.84, 0.000375219
FILLER_0_119_1001, 460.34, 331.84, 0.000393117
FILLER_0_118_1029, 473.14, 331.84, 0.000411015
FILLER_0_118_1085, 498.74, 331.84, 0.000424518
FILLER_0_119_1113, 511.54, 331.84, 0.000420123
FILLER_0_118_1141, 524.34, 331.84, 0.000415728
FILLER_0_119_1169, 537.14, 331.84, 0.000411333
FILLER_0_118_1197, 549.94, 331.84, 0.000406938
FILLER_0_119_1225, 562.74, 331.84, 0.000402543
FILLER_0_118_1253, 575.54, 331.84, 0.000398149
FILLER_0_117_1281, 601.14, 331.84, 0.000389359
FILLER_0_118_1309, 613.94, 331.84, 0.000384964
FILLER_0_117_1337, 626.74, 331.84, 0.000380569
FILLER_0_117_1393, 652.34, 331.84, 0.000369862
FILLER_0_118_1421, 665.14, 331.84, 0.00036355
FILLER_0_117_1449, 677.94, 331.84, 0.000357238
FILLER_0_118_1477, 690.74, 331.84, 0.000350926
FILLER_0_117_1505, 703.54, 331.84, 0.000344614
FILLER_0_118_1533, 716.34, 331.84, 0.000338303
FILLER_0_117_1561, 729.14, 331.84, 0.000331991
FILLER_0_118_1589, 741.94, 331.84, 0.000325679
FILLER_0_117_1617, 754.74, 331.84, 0.000319367
FILLER_0_118_1645, 767.54, 331.84, 0.000313055
FILLER_0_117_1673, 780.34, 331.84, 0.000306743
FILLER_0_117_1729, 805.94, 331.84, 0.000296682
FILLER_0_118_1757, 818.74, 331.84, 0.000292932
FILLER_0_117_1785, 831.54, 331.84, 0.000289183
FILLER_0_118_1813, 844.34, 331.84, 0.000285433
FILLER_0_117_1841, 857.14, 331.84, 0.000281683
FILLER_0_118_1869, 869.94, 331.84, 0.000277934
FILLER_0_117_1897, 882.74, 331.84, 0.000274184
FILLER_0_118_1925, 895.54, 331.84, 0.000270435
FILLER_0_117_1953, 908.34, 331.84, 0.000266685
FILLER_0_118_1981, 921.14, 331.84, 0.000262935
FILLER_0_117_2009, 933.94, 331.84, 0.000259186
FILLER_0_117_2065, 958.57, 331.84, 0.000255436
FILLER_0_118_2093, 970.4, 331.84, 0.000255436
FILLER_0_117_2121, 982.23, 331.84, 0.000255436
PHY_230, 5.52, 326.4, 0.000356957
PHY_232, 5.52, 326.4, 0.000356957
PHY_231, 994.06, 326.4, 0.00025034
PHY_233, 994.06, 326.4, 0.00025034
FILLER_0_115_2141, 994.06, 326.4, 0.00025034
FILLER_0_116_2137, 994.06, 326.4, 0.00025034
FILLER_0_116_77, 37.94, 326.4, 0.00035459
FILLER_0_117_105, 50.74, 326.4, 0.000352223
FILLER_0_116_133, 63.54, 326.4, 0.000349855
FILLER_0_117_161, 76.34, 326.4, 0.000347488
FILLER_0_116_189, 89.14, 326.4, 0.00034512
FILLER_0_117_217, 101.94, 326.4, 0.000342753
FILLER_0_116_245, 114.74, 326.4, 0.000340385
FILLER_0_117_273, 127.54, 326.4, 0.000338018
FILLER_0_116_301, 140.34, 326.4, 0.00033565
FILLER_0_117_329, 153.14, 326.4, 0.000333283
FILLER_0_116_357, 165.94, 326.4, 0.000330915
FILLER_0_116_413, 191.54, 326.4, 0.000319429
FILLER_0_117_441, 204.34, 326.4, 0.000310309
FILLER_0_116_469, 217.14, 326.4, 0.00030119
FILLER_0_117_497, 229.94, 326.4, 0.000292071
FILLER_0_116_525, 242.74, 326.4, 0.000282952
FILLER_0_117_553, 255.54, 326.4, 0.000273833
FILLER_0_116_581, 268.34, 326.4, 0.000264714
FILLER_0_117_609, 281.14, 326.4, 0.000255594
FILLER_0_116_637, 293.94, 326.4, 0.000246475
FILLER_0_117_665, 306.74, 326.4, 0.000237356
FILLER_0_116_693, 319.54, 326.4, 0.000228237
FILLER_0_116_749, 345.14, 326.4, 0.000235412
FILLER_0_117_777, 357.94, 326.4, 0.000251706
FILLER_0_116_805, 370.74, 326.4, 0.000268
FILLER_0_117_833, 383.54, 326.4, 0.000284294
FILLER_0_116_861, 396.34, 326.4, 0.000300588
FILLER_0_117_889, 409.14, 326.4, 0.000316882
FILLER_0_116_917, 421.94, 326.4, 0.000333176
FILLER_0_117_945, 434.74, 326.4, 0.00034947
FILLER_0_116_973, 447.54, 326.4, 0.000365764
FILLER_0_117_1001, 460.34, 326.4, 0.000382058
FILLER_0_116_1029, 473.14, 326.4, 0.000398352
FILLER_0_116_1085, 498.74, 326.4, 0.000410711
FILLER_0_117_1113, 511.54, 326.4, 0.000406776
FILLER_0_116_1141, 524.34, 326.4, 0.00040284
FILLER_0_117_1169, 537.14, 326.4, 0.000398905
FILLER_0_116_1197, 549.94, 326.4, 0.00039497
FILLER_0_117_1225, 562.74, 326.4, 0.000391034
FILLER_0_116_1253, 575.54, 326.4, 0.000387099
FILLER_0_115_1281, 601.14, 326.4, 0.000379228
FILLER_0_116_1309, 613.94, 326.4, 0.000375293
FILLER_0_115_1337, 626.74, 326.4, 0.000371358
FILLER_0_115_1393, 652.34, 326.4, 0.000361376
FILLER_0_116_1421, 665.14, 326.4, 0.000355329
FILLER_0_115_1449, 677.94, 326.4, 0.000349283
FILLER_0_116_1477, 690.74, 326.4, 0.000343237
FILLER_0_115_1505, 703.54, 326.4, 0.00033719
FILLER_0_116_1533, 716.34, 326.4, 0.000331144
FILLER_0_115_1561, 729.14, 326.4, 0.000325097
FILLER_0_116_1589, 741.94, 326.4, 0.000319051
FILLER_0_115_1617, 754.74, 326.4, 0.000313004
FILLER_0_116_1645, 767.54, 326.4, 0.000306958
FILLER_0_115_1673, 780.34, 326.4, 0.000300911
FILLER_0_115_1729, 805.94, 326.4, 0.000291154
FILLER_0_116_1757, 818.74, 326.4, 0.000287444
FILLER_0_115_1785, 831.54, 326.4, 0.000283734
FILLER_0_116_1813, 844.34, 326.4, 0.000280023
FILLER_0_115_1841, 857.14, 326.4, 0.000276313
FILLER_0_116_1869, 869.94, 326.4, 0.000272603
FILLER_0_115_1897, 882.74, 326.4, 0.000268892
FILLER_0_116_1925, 895.54, 326.4, 0.000265182
FILLER_0_115_1953, 908.34, 326.4, 0.000261471
FILLER_0_116_1981, 921.14, 326.4, 0.000257761
FILLER_0_115_2009, 933.94, 326.4, 0.00025405
FILLER_0_115_2065, 958.57, 326.4, 0.00025034
FILLER_0_116_2093, 970.4, 326.4, 0.00025034
FILLER_0_115_2121, 982.23, 326.4, 0.00025034
PHY_226, 5.52, 320.96, 0.000345349
PHY_228, 5.52, 320.96, 0.000345349
PHY_227, 994.06, 320.96, 0.000245071
PHY_229, 994.06, 320.96, 0.000245071
FILLER_0_113_2141, 994.06, 320.96, 0.000245071
FILLER_0_114_2137, 994.06, 320.96, 0.000245071
FILLER_0_114_77, 37.94, 320.96, 0.000343225
FILLER_0_115_105, 50.74, 320.96, 0.000341101
FILLER_0_114_133, 63.54, 320.96, 0.000338977
FILLER_0_115_161, 76.34, 320.96, 0.000336854
FILLER_0_114_189, 89.14, 320.96, 0.00033473
FILLER_0_115_217, 101.94, 320.96, 0.000332606
FILLER_0_114_245, 114.74, 320.96, 0.000330482
FILLER_0_115_273, 127.54, 320.96, 0.000328358
FILLER_0_114_301, 140.34, 320.96, 0.000326235
FILLER_0_115_329, 153.14, 320.96, 0.000324111
FILLER_0_114_357, 165.94, 320.96, 0.000321987
FILLER_0_114_413, 191.54, 320.96, 0.000311798
FILLER_0_115_441, 204.34, 320.96, 0.000303733
FILLER_0_114_469, 217.14, 320.96, 0.000295667
FILLER_0_115_497, 229.94, 320.96, 0.000287602
FILLER_0_114_525, 242.74, 320.96, 0.000279537
FILLER_0_115_553, 255.54, 320.96, 0.000271472
FILLER_0_114_581, 268.34, 320.96, 0.000263406
FILLER_0_115_609, 281.14, 320.96, 0.000255341
FILLER_0_114_637, 293.94, 320.96, 0.000247276
FILLER_0_115_665, 306.74, 320.96, 0.00023921
FILLER_0_114_693, 319.54, 320.96, 0.000231145
FILLER_0_114_749, 345.14, 320.96, 0.000237922
FILLER_0_115_777, 357.94, 320.96, 0.000252764
FILLER_0_114_805, 370.74, 320.96, 0.000267607
FILLER_0_115_833, 383.54, 320.96, 0.000282449
FILLER_0_114_861, 396.34, 320.96, 0.000297291
FILLER_0_115_889, 409.14, 320.96, 0.000312133
FILLER_0_114_917, 421.94, 320.96, 0.000326976
FILLER_0_115_945, 434.74, 320.96, 0.000341818
FILLER_0_114_973, 447.54, 320.96, 0.00035666
FILLER_0_115_1001, 460.34, 320.96, 0.000371502
FILLER_0_114_1029, 473.14, 320.96, 0.000386344
FILLER_0_114_1085, 498.74, 320.96, 0.000397655
FILLER_0_115_1113, 511.54, 320.96, 0.000394122
FILLER_0_114_1141, 524.34, 320.96, 0.00039059
FILLER_0_115_1169, 537.14, 320.96, 0.000387058
FILLER_0_114_1197, 549.94, 320.96, 0.000383526
FILLER_0_115_1225, 562.74, 320.96, 0.000379994
FILLER_0_114_1253, 575.54, 320.96, 0.000376462
FILLER_0_113_1281, 601.14, 320.96, 0.000369398
FILLER_0_114_1309, 613.94, 320.96, 0.000365865
FILLER_0_113_1337, 626.74, 320.96, 0.000362333
FILLER_0_113_1393, 652.34, 320.96, 0.000353001
FILLER_0_114_1421, 665.14, 320.96, 0.0003472
FILLER_0_113_1449, 677.94, 320.96, 0.0003414
FILLER_0_114_1477, 690.74, 320.96, 0.0003356
FILLER_0_113_1505, 703.54, 320.96, 0.000329799
FILLER_0_114_1533, 716.34, 320.96, 0.000323999
FILLER_0_113_1561, 729.14, 320.96, 0.000318199
FILLER_0_114_1589, 741.94, 320.96, 0.000312398
FILLER_0_113_1617, 754.74, 320.96, 0.000306598
FILLER_0_114_1645, 767.54, 320.96, 0.000300798
FILLER_0_113_1673, 780.34, 320.96, 0.000294997
FILLER_0_113_1729, 805.94, 320.96, 0.00028552
FILLER_0_114_1757, 818.74, 320.96, 0.000281842
FILLER_0_113_1785, 831.54, 320.96, 0.000278165
FILLER_0_114_1813, 844.34, 320.96, 0.000274488
FILLER_0_113_1841, 857.14, 320.96, 0.000270811
FILLER_0_114_1869, 869.94, 320.96, 0.000267134
FILLER_0_113_1897, 882.74, 320.96, 0.000263457
FILLER_0_114_1925, 895.54, 320.96, 0.00025978
FILLER_0_113_1953, 908.34, 320.96, 0.000256102
FILLER_0_114_1981, 921.14, 320.96, 0.000252425
FILLER_0_113_2009, 933.94, 320.96, 0.000248748
FILLER_0_113_2065, 958.57, 320.96, 0.000245071
FILLER_0_114_2093, 970.4, 320.96, 0.000245071
FILLER_0_113_2121, 982.23, 320.96, 0.000245071
PHY_222, 5.52, 315.52, 0.000333848
PHY_224, 5.52, 315.52, 0.000333848
PHY_223, 994.06, 315.52, 0.000261963
PHY_225, 994.06, 315.52, 0.000261963
input13, 994.06, 315.52, 0.000261963
FILLER_0_111_2137, 994.06, 315.52, 0.000261963
FILLER_0_112_2137, 994.06, 315.52, 0.000261963
FILLER_0_112_77, 37.94, 315.52, 0.000331976
FILLER_0_113_105, 50.74, 315.52, 0.000330104
FILLER_0_112_133, 63.54, 315.52, 0.000328232
FILLER_0_113_161, 76.34, 315.52, 0.00032636
FILLER_0_112_189, 89.14, 315.52, 0.000324488
FILLER_0_113_217, 101.94, 315.52, 0.000322616
FILLER_0_112_245, 114.74, 315.52, 0.000320744
FILLER_0_113_273, 127.54, 315.52, 0.000318872
FILLER_0_112_301, 140.34, 315.52, 0.000317
FILLER_0_113_329, 153.14, 315.52, 0.000315128
FILLER_0_112_357, 165.94, 315.52, 0.000313256
FILLER_0_112_413, 191.54, 315.52, 0.000304279
FILLER_0_113_441, 204.34, 315.52, 0.000297174
FILLER_0_112_469, 217.14, 315.52, 0.000290069
FILLER_0_113_497, 229.94, 315.52, 0.000282964
FILLER_0_112_525, 242.74, 315.52, 0.000275859
FILLER_0_113_553, 255.54, 315.52, 0.000268754
FILLER_0_112_581, 268.34, 315.52, 0.000261649
FILLER_0_113_609, 281.14, 315.52, 0.000254544
FILLER_0_112_637, 293.94, 315.52, 0.000247439
FILLER_0_113_665, 306.74, 315.52, 0.000240334
FILLER_0_112_693, 319.54, 315.52, 0.000233229
FILLER_0_112_749, 345.14, 315.52, 0.000239653
FILLER_0_113_777, 357.94, 315.52, 0.000253181
FILLER_0_112_805, 370.74, 315.52, 0.000266709
FILLER_0_113_833, 383.54, 315.52, 0.000280237
FILLER_0_112_861, 396.34, 315.52, 0.000293765
FILLER_0_113_889, 409.14, 315.52, 0.000307293
FILLER_0_112_917, 421.94, 315.52, 0.000320821
FILLER_0_113_945, 434.74, 315.52, 0.000334349
FILLER_0_112_973, 447.54, 315.52, 0.000347878
FILLER_0_113_1001, 460.34, 315.52, 0.000361406
FILLER_0_112_1029, 473.14, 315.52, 0.000374934
FILLER_0_112_1085, 498.74, 315.52, 0.000385284
FILLER_0_113_1113, 511.54, 315.52, 0.000382106
FILLER_0_112_1141, 524.34, 315.52, 0.000378928
FILLER_0_113_1169, 537.14, 315.52, 0.00037575
FILLER_0_112_1197, 549.94, 315.52, 0.000372572
FILLER_0_113_1225, 562.74, 315.52, 0.000369394
FILLER_0_112_1253, 575.54, 315.52, 0.000366216
FILLER_0_111_1281, 601.14, 315.52, 0.00035986
FILLER_0_112_1309, 613.94, 315.52, 0.000356682
FILLER_0_111_1337, 626.74, 315.52, 0.000353504
FILLER_0_111_1393, 652.34, 315.52, 0.000344769
FILLER_0_112_1421, 665.14, 315.52, 0.000339213
FILLER_0_111_1449, 677.94, 315.52, 0.000333657
FILLER_0_112_1477, 690.74, 315.52, 0.000328101
FILLER_0_111_1505, 703.54, 315.52, 0.000322545
FILLER_0_112_1533, 716.34, 315.52, 0.000316988
FILLER_0_111_1561, 729.14, 315.52, 0.000311432
FILLER_0_112_1589, 741.94, 315.52, 0.000305876
FILLER_0_111_1617, 754.74, 315.52, 0.00030032
FILLER_0_112_1645, 767.54, 315.52, 0.000294763
FILLER_0_111_1673, 780.34, 315.52, 0.000289207
FILLER_0_111_1729, 805.94, 315.52, 0.000280292
FILLER_0_112_1757, 818.74, 315.52, 0.000276932
FILLER_0_111_1785, 831.54, 315.52, 0.000273573
FILLER_0_112_1813, 844.34, 315.52, 0.000270214
FILLER_0_111_1841, 857.14, 315.52, 0.000266855
FILLER_0_112_1869, 869.94, 315.52, 0.000263495
FILLER_0_111_1897, 882.74, 315.52, 0.000260136
FILLER_0_112_1925, 895.54, 315.52, 0.000256777
FILLER_0_111_1953, 908.34, 315.52, 0.000253418
FILLER_0_112_1981, 921.14, 315.52, 0.000250058
FILLER_0_111_2009, 933.94, 315.52, 0.000246699
FILLER_0_111_2065, 958.57, 315.52, 0.000247996
FILLER_0_112_2093, 970.4, 315.52, 0.000252652
FILLER_0_111_2121, 982.23, 315.52, 0.000257307
PHY_218, 5.52, 310.08, 0.000322443
PHY_220, 5.52, 310.08, 0.000322443
PHY_219, 994.06, 310.08, 0.000233806
PHY_221, 994.06, 310.08, 0.000233806
FILLER_0_109_2141, 994.06, 310.08, 0.000233806
FILLER_0_110_2137, 994.06, 310.08, 0.000233806
FILLER_0_110_77, 37.94, 310.08, 0.00032083
FILLER_0_111_105, 50.74, 310.08, 0.000319217
FILLER_0_110_133, 63.54, 310.08, 0.000317604
FILLER_0_111_161, 76.34, 310.08, 0.00031599
FILLER_0_110_189, 89.14, 310.08, 0.000314377
FILLER_0_111_217, 101.94, 310.08, 0.000312764
FILLER_0_110_245, 114.74, 310.08, 0.000311151
FILLER_0_111_273, 127.54, 310.08, 0.000309537
FILLER_0_110_301, 140.34, 310.08, 0.000307924
FILLER_0_111_329, 153.14, 310.08, 0.000306311
FILLER_0_110_357, 165.94, 310.08, 0.000304697
FILLER_0_110_413, 191.54, 310.08, 0.000296856
FILLER_0_111_441, 204.34, 310.08, 0.000290627
FILLER_0_110_469, 217.14, 310.08, 0.000284399
FILLER_0_111_497, 229.94, 310.08, 0.00027817
FILLER_0_110_525, 242.74, 310.08, 0.000271942
FILLER_0_111_553, 255.54, 310.08, 0.000265714
FILLER_0_110_581, 268.34, 310.08, 0.000259485
FILLER_0_111_609, 281.14, 310.08, 0.000253257
FILLER_0_110_637, 293.94, 310.08, 0.000247028
FILLER_0_111_665, 306.74, 310.08, 0.0002408
FILLER_0_110_693, 319.54, 310.08, 0.000234571
FILLER_0_110_749, 345.14, 310.08, 0.000240681
FILLER_0_111_777, 357.94, 310.08, 0.00025302
FILLER_0_110_805, 370.74, 310.08, 0.000265358
FILLER_0_111_833, 383.54, 310.08, 0.000277697
FILLER_0_110_861, 396.34, 310.08, 0.000290035
FILLER_0_111_889, 409.14, 310.08, 0.000302374
FILLER_0_110_917, 421.94, 310.08, 0.000314712
FILLER_0_111_945, 434.74, 310.08, 0.00032705
FILLER_0_110_973, 447.54, 310.08, 0.000339389
FILLER_0_111_1001, 460.34, 310.08, 0.000351727
FILLER_0_110_1029, 473.14, 310.08, 0.000364066
FILLER_0_110_1085, 498.74, 310.08, 0.000373534
FILLER_0_111_1113, 511.54, 310.08, 0.000370663
FILLER_0_110_1141, 524.34, 310.08, 0.000367793
FILLER_0_111_1169, 537.14, 310.08, 0.000364922
FILLER_0_110_1197, 549.94, 310.08, 0.000362052
FILLER_0_111_1225, 562.74, 310.08, 0.000359181
FILLER_0_110_1253, 575.54, 310.08, 0.000356311
FILLER_0_109_1281, 601.14, 310.08, 0.00035057
FILLER_0_110_1309, 613.94, 310.08, 0.000347699
FILLER_0_109_1337, 626.74, 310.08, 0.000344829
FILLER_0_109_1393, 652.34, 310.08, 0.000336593
FILLER_0_110_1421, 665.14, 310.08, 0.000331227
FILLER_0_109_1449, 677.94, 310.08, 0.000325861
FILLER_0_110_1477, 690.74, 310.08, 0.000320495
FILLER_0_109_1505, 703.54, 310.08, 0.000315129
FILLER_0_110_1533, 716.34, 310.08, 0.000309764
FILLER_0_109_1561, 729.14, 310.08, 0.000304398
FILLER_0_110_1589, 741.94, 310.08, 0.000299032
FILLER_0_109_1617, 754.74, 310.08, 0.000293666
FILLER_0_110_1645, 767.54, 310.08, 0.0002883
FILLER_0_109_1673, 780.34, 310.08, 0.000282934
FILLER_0_109_1729, 805.94, 310.08, 0.000273921
FILLER_0_110_1757, 818.74, 310.08, 0.000270275
FILLER_0_109_1785, 831.54, 310.08, 0.000266628
FILLER_0_110_1813, 844.34, 310.08, 0.000262981
FILLER_0_109_1841, 857.14, 310.08, 0.000259334
FILLER_0_110_1869, 869.94, 310.08, 0.000255687
FILLER_0_109_1897, 882.74, 310.08, 0.00025204
FILLER_0_110_1925, 895.54, 310.08, 0.000248393
FILLER_0_109_1953, 908.34, 310.08, 0.000244746
FILLER_0_110_1981, 921.14, 310.08, 0.0002411
FILLER_0_109_2009, 933.94, 310.08, 0.000237453
FILLER_0_109_2065, 958.57, 310.08, 0.000233806
FILLER_0_110_2093, 970.4, 310.08, 0.000233806
FILLER_0_109_2121, 982.23, 310.08, 0.000233806
FILLER_0_111_2129, 982.23, 310.08, 0.000233806
PHY_214, 5.52, 304.64, 0.00031112
PHY_216, 5.52, 304.64, 0.00031112
PHY_215, 994.06, 304.64, 0.000227812
PHY_217, 994.06, 304.64, 0.000227812
FILLER_0_107_2141, 994.06, 304.64, 0.000227812
FILLER_0_108_2137, 994.06, 304.64, 0.000227812
FILLER_0_108_77, 37.94, 304.64, 0.000309772
FILLER_0_109_105, 50.74, 304.64, 0.000308424
FILLER_0_108_133, 63.54, 304.64, 0.000307076
FILLER_0_109_161, 76.34, 304.64, 0.000305728
FILLER_0_108_189, 89.14, 304.64, 0.00030438
FILLER_0_109_217, 101.94, 304.64, 0.000303031
FILLER_0_108_245, 114.74, 304.64, 0.000301683
FILLER_0_109_273, 127.54, 304.64, 0.000300335
FILLER_0_108_301, 140.34, 304.64, 0.000298987
FILLER_0_109_329, 153.14, 304.64, 0.000297639
FILLER_0_108_357, 165.94, 304.64, 0.00029629
FILLER_0_108_413, 191.54, 304.64, 0.000289515
FILLER_0_109_441, 204.34, 304.64, 0.000284088
FILLER_0_108_469, 217.14, 304.64, 0.000278661
FILLER_0_109_497, 229.94, 304.64, 0.000273234
FILLER_0_108_525, 242.74, 304.64, 0.000267807
FILLER_0_109_553, 255.54, 304.64, 0.00026238
FILLER_0_108_581, 268.34, 304.64, 0.000256953
FILLER_0_109_609, 281.14, 304.64, 0.000251526
FILLER_0_108_637, 293.94, 304.64, 0.000246099
FILLER_0_109_665, 306.74, 304.64, 0.000240672
FILLER_0_108_693, 319.54, 304.64, 0.000235245
FILLER_0_108_749, 345.14, 304.64, 0.00024108
FILLER_0_109_777, 357.94, 304.64, 0.000252341
FILLER_0_108_805, 370.74, 304.64, 0.000263603
FILLER_0_109_833, 383.54, 304.64, 0.000274865
FILLER_0_108_861, 396.34, 304.64, 0.000286126
FILLER_0_109_889, 409.14, 304.64, 0.000297388
FILLER_0_108_917, 421.94, 304.64, 0.000308649
FILLER_0_109_945, 434.74, 304.64, 0.000319911
FILLER_0_108_973, 447.54, 304.64, 0.000331173
FILLER_0_109_1001, 460.34, 304.64, 0.000342434
FILLER_0_108_1029, 473.14, 304.64, 0.000353696
FILLER_0_108_1085, 498.74, 304.64, 0.000362356
FILLER_0_109_1113, 511.54, 304.64, 0.000359754
FILLER_0_108_1141, 524.34, 304.64, 0.000357153
FILLER_0_109_1169, 537.14, 304.64, 0.000354552
FILLER_0_108_1197, 549.94, 304.64, 0.00035195
FILLER_0_109_1225, 562.74, 304.64, 0.000349349
FILLER_0_108_1253, 575.54, 304.64, 0.000346747
FILLER_0_107_1281, 601.14, 304.64, 0.000341545
FILLER_0_108_1309, 613.94, 304.64, 0.000338943
FILLER_0_107_1337, 626.74, 304.64, 0.000336342
FILLER_0_107_1393, 652.34, 304.64, 0.000328564
FILLER_0_108_1421, 665.14, 304.64, 0.000323388
FILLER_0_107_1449, 677.94, 304.64, 0.000318212
FILLER_0_108_1477, 690.74, 304.64, 0.000313036
FILLER_0_107_1505, 703.54, 304.64, 0.000307859
FILLER_0_108_1533, 716.34, 304.64, 0.000302683
FILLER_0_107_1561, 729.14, 304.64, 0.000297507
FILLER_0_108_1589, 741.94, 304.64, 0.000292331
FILLER_0_107_1617, 754.74, 304.64, 0.000287154
FILLER_0_108_1645, 767.54, 304.64, 0.000281978
FILLER_0_107_1673, 780.34, 304.64, 0.000276802
FILLER_0_107_1729, 805.94, 304.64, 0.000267974
FILLER_0_108_1757, 818.74, 304.64, 0.000264323
FILLER_0_107_1785, 831.54, 304.64, 0.000260672
FILLER_0_108_1813, 844.34, 304.64, 0.000257021
FILLER_0_107_1841, 857.14, 304.64, 0.00025337
FILLER_0_108_1869, 869.94, 304.64, 0.000249719
FILLER_0_107_1897, 882.74, 304.64, 0.000246068
FILLER_0_108_1925, 895.54, 304.64, 0.000242417
FILLER_0_107_1953, 908.34, 304.64, 0.000238766
FILLER_0_108_1981, 921.14, 304.64, 0.000235114
FILLER_0_107_2009, 933.94, 304.64, 0.000231463
FILLER_0_107_2065, 958.57, 304.64, 0.000227812
FILLER_0_108_2093, 970.4, 304.64, 0.000227812
FILLER_0_107_2121, 982.23, 304.64, 0.000227812
PHY_210, 5.52, 299.2, 0.000299867
PHY_212, 5.52, 299.2, 0.000299867
PHY_211, 994.06, 299.2, 0.00022165
PHY_213, 994.06, 299.2, 0.00022165
FILLER_0_105_2141, 994.06, 299.2, 0.00022165
FILLER_0_106_2137, 994.06, 299.2, 0.00022165
FILLER_0_106_77, 37.94, 299.2, 0.000298789
FILLER_0_107_105, 50.74, 299.2, 0.000297712
FILLER_0_106_133, 63.54, 299.2, 0.000296635
FILLER_0_107_161, 76.34, 299.2, 0.000295557
FILLER_0_106_189, 89.14, 299.2, 0.00029448
FILLER_0_107_217, 101.94, 299.2, 0.000293403
FILLER_0_106_245, 114.74, 299.2, 0.000292326
FILLER_0_107_273, 127.54, 299.2, 0.000291248
FILLER_0_106_301, 140.34, 299.2, 0.000290171
FILLER_0_107_329, 153.14, 299.2, 0.000289094
FILLER_0_106_357, 165.94, 299.2, 0.000288016
FILLER_0_106_413, 191.54, 299.2, 0.000282246
FILLER_0_107_441, 204.34, 299.2, 0.000277553
FILLER_0_106_469, 217.14, 299.2, 0.000272861
FILLER_0_107_497, 229.94, 299.2, 0.000268168
FILLER_0_106_525, 242.74, 299.2, 0.000263475
FILLER_0_107_553, 255.54, 299.2, 0.000258782
FILLER_0_106_581, 268.34, 299.2, 0.000254089
FILLER_0_107_609, 281.14, 299.2, 0.000249397
FILLER_0_106_637, 293.94, 299.2, 0.000244704
FILLER_0_107_665, 306.74, 299.2, 0.000240011
FILLER_0_106_693, 319.54, 299.2, 0.000235318
FILLER_0_106_749, 345.14, 299.2, 0.000240912
FILLER_0_107_777, 357.94, 299.2, 0.000251199
FILLER_0_106_805, 370.74, 299.2, 0.000261486
FILLER_0_107_833, 383.54, 299.2, 0.000271773
FILLER_0_106_861, 396.34, 299.2, 0.00028206
FILLER_0_107_889, 409.14, 299.2, 0.000292347
FILLER_0_106_917, 421.94, 299.2, 0.000302634
FILLER_0_107_945, 434.74, 299.2, 0.00031292
FILLER_0_106_973, 447.54, 299.2, 0.000323207
FILLER_0_107_1001, 460.34, 299.2, 0.000333494
FILLER_0_106_1029, 473.14, 299.2, 0.000343781
FILLER_0_106_1085, 498.74, 299.2, 0.000351701
FILLER_0_107_1113, 511.54, 299.2, 0.000349333
FILLER_0_106_1141, 524.34, 299.2, 0.000346966
FILLER_0_107_1169, 537.14, 299.2, 0.000344599
FILLER_0_106_1197, 549.94, 299.2, 0.000342231
FILLER_0_107_1225, 562.74, 299.2, 0.000339864
FILLER_0_106_1253, 575.54, 299.2, 0.000337497
FILLER_0_105_1281, 601.14, 299.2, 0.000332762
FILLER_0_106_1309, 613.94, 299.2, 0.000330394
FILLER_0_105_1337, 626.74, 299.2, 0.000328027
FILLER_0_105_1393, 652.34, 299.2, 0.000320656
FILLER_0_106_1421, 665.14, 299.2, 0.000315653
FILLER_0_105_1449, 677.94, 299.2, 0.000310649
FILLER_0_106_1477, 690.74, 299.2, 0.000305645
FILLER_0_105_1505, 703.54, 299.2, 0.000300642
FILLER_0_106_1533, 716.34, 299.2, 0.000295638
FILLER_0_105_1561, 729.14, 299.2, 0.000290635
FILLER_0_106_1589, 741.94, 299.2, 0.000285631
FILLER_0_105_1617, 754.74, 299.2, 0.000280627
FILLER_0_106_1645, 767.54, 299.2, 0.000275624
FILLER_0_105_1673, 780.34, 299.2, 0.00027062
FILLER_0_105_1729, 805.94, 299.2, 0.000261952
FILLER_0_106_1757, 818.74, 299.2, 0.000258289
FILLER_0_105_1785, 831.54, 299.2, 0.000254625
FILLER_0_106_1813, 844.34, 299.2, 0.000250961
FILLER_0_105_1841, 857.14, 299.2, 0.000247297
FILLER_0_106_1869, 869.94, 299.2, 0.000243633
FILLER_0_105_1897, 882.74, 299.2, 0.00023997
FILLER_0_106_1925, 895.54, 299.2, 0.000236306
FILLER_0_105_1953, 908.34, 299.2, 0.000232642
FILLER_0_106_1981, 921.14, 299.2, 0.000228978
FILLER_0_105_2009, 933.94, 299.2, 0.000225314
FILLER_0_105_2065, 958.57, 299.2, 0.00022165
FILLER_0_106_2093, 970.4, 299.2, 0.00022165
FILLER_0_105_2121, 982.23, 299.2, 0.00022165
PHY_206, 5.52, 293.76, 0.000288669
PHY_208, 5.52, 293.76, 0.000288669
PHY_207, 994.06, 293.76, 0.00021532
PHY_209, 994.06, 293.76, 0.00021532
FILLER_0_103_2141, 994.06, 293.76, 0.00021532
FILLER_0_104_2137, 994.06, 293.76, 0.00021532
FILLER_0_104_77, 37.94, 293.76, 0.000287868
FILLER_0_105_105, 50.74, 293.76, 0.000287067
FILLER_0_104_133, 63.54, 293.76, 0.000286266
FILLER_0_105_161, 76.34, 293.76, 0.000285465
FILLER_0_104_189, 89.14, 293.76, 0.000284664
FILLER_0_105_217, 101.94, 293.76, 0.000283863
FILLER_0_104_245, 114.74, 293.76, 0.000283062
FILLER_0_105_273, 127.54, 293.76, 0.000282261
FILLER_0_104_301, 140.34, 293.76, 0.00028146
FILLER_0_105_329, 153.14, 293.76, 0.000280659
FILLER_0_104_357, 165.94, 293.76, 0.000279858
FILLER_0_104_413, 191.54, 293.76, 0.000275039
FILLER_0_105_441, 204.34, 293.76, 0.00027102
FILLER_0_104_469, 217.14, 293.76, 0.000267002
FILLER_0_105_497, 229.94, 293.76, 0.000262983
FILLER_0_104_525, 242.74, 293.76, 0.000258964
FILLER_0_105_553, 255.54, 293.76, 0.000254946
FILLER_0_104_581, 268.34, 293.76, 0.000250927
FILLER_0_105_609, 281.14, 293.76, 0.000246908
FILLER_0_104_637, 293.94, 293.76, 0.00024289
FILLER_0_105_665, 306.74, 293.76, 0.000238871
FILLER_0_104_693, 319.54, 293.76, 0.000234852
FILLER_0_104_749, 345.14, 293.76, 0.000240238
FILLER_0_105_777, 357.94, 293.76, 0.000249643
FILLER_0_104_805, 370.74, 293.76, 0.000259048
FILLER_0_105_833, 383.54, 293.76, 0.000268452
FILLER_0_104_861, 396.34, 293.76, 0.000277857
FILLER_0_105_889, 409.14, 293.76, 0.000287261
FILLER_0_104_917, 421.94, 293.76, 0.000296666
FILLER_0_105_945, 434.74, 293.76, 0.00030607
FILLER_0_104_973, 447.54, 293.76, 0.000315475
FILLER_0_105_1001, 460.34, 293.76, 0.00032488
FILLER_0_104_1029, 473.14, 293.76, 0.000334284
FILLER_0_104_1085, 498.74, 293.76, 0.000341524
FILLER_0_105_1113, 511.54, 293.76, 0.00033936
FILLER_0_104_1141, 524.34, 293.76, 0.000337196
FILLER_0_105_1169, 537.14, 293.76, 0.000335032
FILLER_0_104_1197, 549.94, 293.76, 0.000332867
FILLER_0_105_1225, 562.74, 293.76, 0.000330703
FILLER_0_104_1253, 575.54, 293.76, 0.000328539
FILLER_0_103_1281, 601.14, 293.76, 0.00032421
FILLER_0_104_1309, 613.94, 293.76, 0.000322046
FILLER_0_103_1337, 626.74, 293.76, 0.000319881
FILLER_0_103_1393, 652.34, 293.76, 0.00031287
FILLER_0_104_1421, 665.14, 293.76, 0.000308022
FILLER_0_103_1449, 677.94, 293.76, 0.000303175
FILLER_0_104_1477, 690.74, 293.76, 0.000298328
FILLER_0_103_1505, 703.54, 293.76, 0.00029348
FILLER_0_104_1533, 716.34, 293.76, 0.000288633
FILLER_0_103_1561, 729.14, 293.76, 0.000283785
FILLER_0_104_1589, 741.94, 293.76, 0.000278938
FILLER_0_103_1617, 754.74, 293.76, 0.000274091
FILLER_0_104_1645, 767.54, 293.76, 0.000269243
FILLER_0_103_1673, 780.34, 293.76, 0.000264396
FILLER_0_103_1729, 805.94, 293.76, 0.000255863
FILLER_0_104_1757, 818.74, 293.76, 0.000252177
FILLER_0_103_1785, 831.54, 293.76, 0.000248491
FILLER_0_104_1813, 844.34, 293.76, 0.000244806
FILLER_0_103_1841, 857.14, 293.76, 0.00024112
FILLER_0_104_1869, 869.94, 293.76, 0.000237434
FILLER_0_103_1897, 882.74, 293.76, 0.000233749
FILLER_0_104_1925, 895.54, 293.76, 0.000230063
FILLER_0_103_1953, 908.34, 293.76, 0.000226377
FILLER_0_104_1981, 921.14, 293.76, 0.000222691
FILLER_0_103_2009, 933.94, 293.76, 0.000219005
FILLER_0_103_2065, 958.57, 293.76, 0.00021532
FILLER_0_104_2093, 970.4, 293.76, 0.00021532
FILLER_0_103_2121, 982.23, 293.76, 0.00021532
PHY_202, 5.52, 288.32, 0.000277514
PHY_204, 5.52, 288.32, 0.000277514
PHY_203, 994.06, 288.32, 0.00020882
PHY_205, 994.06, 288.32, 0.00020882
FILLER_0_101_2141, 994.06, 288.32, 0.00020882
FILLER_0_102_2137, 994.06, 288.32, 0.00020882
FILLER_0_102_77, 37.94, 288.32, 0.000276994
FILLER_0_103_105, 50.74, 288.32, 0.000276475
FILLER_0_102_133, 63.54, 288.32, 0.000275956
FILLER_0_103_161, 76.34, 288.32, 0.000275437
FILLER_0_102_189, 89.14, 288.32, 0.000274918
FILLER_0_103_217, 101.94, 288.32, 0.000274399
FILLER_0_102_245, 114.74, 288.32, 0.00027388
FILLER_0_103_273, 127.54, 288.32, 0.000273361
FILLER_0_102_301, 140.34, 288.32, 0.000272842
FILLER_0_103_329, 153.14, 288.32, 0.000272323
FILLER_0_102_357, 165.94, 288.32, 0.000271803
FILLER_0_102_413, 191.54, 288.32, 0.000267886
FILLER_0_103_441, 204.34, 288.32, 0.000264488
FILLER_0_102_469, 217.14, 288.32, 0.00026109
FILLER_0_103_497, 229.94, 288.32, 0.000257692
FILLER_0_102_525, 242.74, 288.32, 0.000254293
FILLER_0_103_553, 255.54, 288.32, 0.000250895
FILLER_0_102_581, 268.34, 288.32, 0.000247497
FILLER_0_103_609, 281.14, 288.32, 0.000244099
FILLER_0_102_637, 293.94, 288.32, 0.000240701
FILLER_0_103_665, 306.74, 288.32, 0.000237302
FILLER_0_102_693, 319.54, 288.32, 0.000233904
FILLER_0_102_749, 345.14, 288.32, 0.000239112
FILLER_0_103_777, 357.94, 288.32, 0.000247718
FILLER_0_102_805, 370.74, 288.32, 0.000256324
FILLER_0_103_833, 383.54, 288.32, 0.00026493
FILLER_0_102_861, 396.34, 288.32, 0.000273536
FILLER_0_103_889, 409.14, 288.32, 0.000282142
FILLER_0_102_917, 421.94, 288.32, 0.000290748
FILLER_0_103_945, 434.74, 288.32, 0.000299354
FILLER_0_102_973, 447.54, 288.32, 0.000307959
FILLER_0_103_1001, 460.34, 288.32, 0.000316565
FILLER_0_102_1029, 473.14, 288.32, 0.000325171
FILLER_0_102_1085, 498.74, 288.32, 0.000331788
FILLER_0_103_1113, 511.54, 288.32, 0.0003298
FILLER_0_102_1141, 524.34, 288.32, 0.000327811
FILLER_0_103_1169, 537.14, 288.32, 0.000325822
FILLER_0_102_1197, 549.94, 288.32, 0.000323833
FILLER_0_103_1225, 562.74, 288.32, 0.000321845
FILLER_0_102_1253, 575.54, 288.32, 0.000319856
FILLER_0_101_1281, 601.14, 288.32, 0.000315878
FILLER_0_102_1309, 613.94, 288.32, 0.00031389
FILLER_0_101_1337, 626.74, 288.32, 0.000311901
FILLER_0_101_1393, 652.34, 288.32, 0.000305205
FILLER_0_102_1421, 665.14, 288.32, 0.000300498
FILLER_0_101_1449, 677.94, 288.32, 0.000295791
FILLER_0_102_1477, 690.74, 288.32, 0.000291085
FILLER_0_101_1505, 703.54, 288.32, 0.000286378
FILLER_0_102_1533, 716.34, 288.32, 0.000281671
FILLER_0_101_1561, 729.14, 288.32, 0.000276964
FILLER_0_102_1589, 741.94, 288.32, 0.000272257
FILLER_0_101_1617, 754.74, 288.32, 0.00026755
FILLER_0_102_1645, 767.54, 288.32, 0.000262843
FILLER_0_101_1673, 780.34, 288.32, 0.000258136
FILLER_0_101_1729, 805.94, 288.32, 0.000249712
FILLER_0_102_1757, 818.74, 288.32, 0.000245995
FILLER_0_101_1785, 831.54, 288.32, 0.000242277
FILLER_0_102_1813, 844.34, 288.32, 0.00023856
FILLER_0_101_1841, 857.14, 288.32, 0.000234842
FILLER_0_102_1869, 869.94, 288.32, 0.000231125
FILLER_0_101_1897, 882.74, 288.32, 0.000227408
FILLER_0_102_1925, 895.54, 288.32, 0.00022369
FILLER_0_101_1953, 908.34, 288.32, 0.000219973
FILLER_0_102_1981, 921.14, 288.32, 0.000216255
FILLER_0_101_2009, 933.94, 288.32, 0.000212538
FILLER_0_101_2065, 958.57, 288.32, 0.00020882
FILLER_0_102_2093, 970.4, 288.32, 0.00020882
FILLER_0_101_2121, 982.23, 288.32, 0.00020882
PHY_198, 5.52, 282.88, 0.000266388
PHY_200, 5.52, 282.88, 0.000266388
PHY_199, 994.06, 282.88, 0.000202151
PHY_201, 994.06, 282.88, 0.000202151
FILLER_0_99_2141, 994.06, 282.88, 0.000202151
FILLER_0_100_2137, 994.06, 282.88, 0.000202151
FILLER_0_100_77, 37.94, 282.88, 0.000266156
FILLER_0_101_105, 50.74, 282.88, 0.000265924
FILLER_0_100_133, 63.54, 282.88, 0.000265693
FILLER_0_101_161, 76.34, 282.88, 0.000265461
FILLER_0_100_189, 89.14, 282.88, 0.000265229
FILLER_0_101_217, 101.94, 282.88, 0.000264998
FILLER_0_100_245, 114.74, 282.88, 0.000264766
FILLER_0_101_273, 127.54, 282.88, 0.000264534
FILLER_0_100_301, 140.34, 282.88, 0.000264302
FILLER_0_101_329, 153.14, 282.88, 0.000264071
FILLER_0_100_357, 165.94, 282.88, 0.000263839
FILLER_0_100_413, 191.54, 282.88, 0.000260782
FILLER_0_101_441, 204.34, 282.88, 0.000257956
FILLER_0_100_469, 217.14, 282.88, 0.00025513
FILLER_0_101_497, 229.94, 282.88, 0.000252305
FILLER_0_100_525, 242.74, 282.88, 0.000249479
FILLER_0_101_553, 255.54, 282.88, 0.000246653
FILLER_0_100_581, 268.34, 282.88, 0.000243828
FILLER_0_101_609, 281.14, 282.88, 0.000241002
FILLER_0_100_637, 293.94, 282.88, 0.000238176
FILLER_0_101_665, 306.74, 282.88, 0.000235351
FILLER_0_100_693, 319.54, 282.88, 0.000232525
FILLER_0_100_749, 345.14, 282.88, 0.000237582
FILLER_0_101_777, 357.94, 282.88, 0.000245465
FILLER_0_100_805, 370.74, 282.88, 0.000253348
FILLER_0_101_833, 383.54, 282.88, 0.000261231
FILLER_0_100_861, 396.34, 282.88, 0.000269114
FILLER_0_101_889, 409.14, 282.88, 0.000276998
FILLER_0_100_917, 421.94, 282.88, 0.000284881
FILLER_0_101_945, 434.74, 282.88, 0.000292763
FILLER_0_100_973, 447.54, 282.88, 0.000300646
FILLER_0_101_1001, 460.34, 282.88, 0.000308529
FILLER_0_100_1029, 473.14, 282.88, 0.000316412
FILLER_0_100_1085, 498.74, 282.88, 0.000322458
FILLER_0_101_1113, 511.54, 282.88, 0.00032062
FILLER_0_100_1141, 524.34, 282.88, 0.000318783
FILLER_0_101_1169, 537.14, 282.88, 0.000316945
FILLER_0_100_1197, 549.94, 282.88, 0.000315108
FILLER_0_101_1225, 562.74, 282.88, 0.00031327
FILLER_0_100_1253, 575.54, 282.88, 0.000311433
FILLER_0_99_1281, 601.14, 282.88, 0.000307757
FILLER_0_100_1309, 613.94, 282.88, 0.00030592
FILLER_0_99_1337, 626.74, 282.88, 0.000304082
FILLER_0_99_1393, 652.34, 282.88, 0.000297663
FILLER_0_100_1421, 665.14, 282.88, 0.000293082
FILLER_0_99_1449, 677.94, 282.88, 0.0002885
FILLER_0_100_1477, 690.74, 282.88, 0.000283919
FILLER_0_99_1505, 703.54, 282.88, 0.000279337
FILLER_0_100_1533, 716.34, 282.88, 0.000274756
FILLER_0_99_1561, 729.14, 282.88, 0.000270174
FILLER_0_100_1589, 741.94, 282.88, 0.000265593
FILLER_0_99_1617, 754.74, 282.88, 0.000261011
FILLER_0_100_1645, 767.54, 282.88, 0.00025643
FILLER_0_99_1673, 780.34, 282.88, 0.000251848
FILLER_0_99_1729, 805.94, 282.88, 0.000243507
FILLER_0_100_1757, 818.74, 282.88, 0.000239747
FILLER_0_99_1785, 831.54, 282.88, 0.000235988
FILLER_0_100_1813, 844.34, 282.88, 0.000232228
FILLER_0_99_1841, 857.14, 282.88, 0.000228469
FILLER_0_100_1869, 869.94, 282.88, 0.000224709
FILLER_0_99_1897, 882.74, 282.88, 0.000220949
FILLER_0_100_1925, 895.54, 282.88, 0.00021719
FILLER_0_99_1953, 908.34, 282.88, 0.00021343
FILLER_0_100_1981, 921.14, 282.88, 0.00020967
FILLER_0_99_2009, 933.94, 282.88, 0.00020591
FILLER_0_99_2065, 958.57, 282.88, 0.000202151
FILLER_0_100_2093, 970.4, 282.88, 0.000202151
FILLER_0_99_2121, 982.23, 282.88, 0.000202151
PHY_194, 5.52, 277.44, 0.000255277
PHY_196, 5.52, 277.44, 0.000255277
PHY_195, 994.06, 277.44, 0.00019531
PHY_197, 994.06, 277.44, 0.00019531
FILLER_0_97_2141, 994.06, 277.44, 0.00019531
FILLER_0_98_2137, 994.06, 277.44, 0.00019531
FILLER_0_98_77, 37.94, 277.44, 0.000255339
FILLER_0_99_105, 50.74, 277.44, 0.000255401
FILLER_0_98_133, 63.54, 277.44, 0.000255462
FILLER_0_99_161, 76.34, 277.44, 0.000255524
FILLER_0_98_189, 89.14, 277.44, 0.000255585
FILLER_0_99_217, 101.94, 277.44, 0.000255647
FILLER_0_98_245, 114.74, 277.44, 0.000255709
FILLER_0_99_273, 127.54, 277.44, 0.00025577
FILLER_0_98_301, 140.34, 277.44, 0.000255832
FILLER_0_99_329, 153.14, 277.44, 0.000255893
FILLER_0_98_357, 165.94, 277.44, 0.000255955
FILLER_0_98_413, 191.54, 277.44, 0.000253721
FILLER_0_99_441, 204.34, 277.44, 0.000251425
FILLER_0_98_469, 217.14, 277.44, 0.000249129
FILLER_0_99_497, 229.94, 277.44, 0.000246833
FILLER_0_98_525, 242.74, 277.44, 0.000244537
FILLER_0_99_553, 255.54, 277.44, 0.000242241
FILLER_0_98_581, 268.34, 277.44, 0.000239946
FILLER_0_99_609, 281.14, 277.44, 0.00023765
FILLER_0_98_637, 293.94, 277.44, 0.000235354
FILLER_0_99_665, 306.74, 277.44, 0.000233058
FILLER_0_98_693, 319.54, 277.44, 0.000230762
FILLER_0_98_749, 345.14, 277.44, 0.000235695
FILLER_0_99_777, 357.94, 277.44, 0.000242923
FILLER_0_98_805, 370.74, 277.44, 0.000250152
FILLER_0_99_833, 383.54, 277.44, 0.000257381
FILLER_0_98_861, 396.34, 277.44, 0.000264609
FILLER_0_99_889, 409.14, 277.44, 0.000271838
FILLER_0_98_917, 421.94, 277.44, 0.000279066
FILLER_0_99_945, 434.74, 277.44, 0.000286295
FILLER_0_98_973, 447.54, 277.44, 0.000293524
FILLER_0_99_1001, 460.34, 277.44, 0.000300752
FILLER_0_98_1029, 473.14, 277.44, 0.000307981
FILLER_0_98_1085, 498.74, 277.44, 0.000313501
FILLER_0_99_1113, 511.54, 277.44, 0.000311793
FILLER_0_98_1141, 524.34, 277.44, 0.000310086
FILLER_0_99_1169, 537.14, 277.44, 0.000308378
FILLER_0_98_1197, 549.94, 277.44, 0.00030667
FILLER_0_99_1225, 562.74, 277.44, 0.000304962
FILLER_0_98_1253, 575.54, 277.44, 0.000303254
FILLER_0_97_1281, 601.14, 277.44, 0.000299838
FILLER_0_98_1309, 613.94, 277.44, 0.00029813
FILLER_0_97_1337, 626.74, 277.44, 0.000296422
FILLER_0_97_1393, 652.34, 277.44, 0.000290244
FILLER_0_98_1421, 665.14, 277.44, 0.000285773
FILLER_0_97_1449, 677.94, 277.44, 0.000281302
FILLER_0_98_1477, 690.74, 277.44, 0.000276832
FILLER_0_97_1505, 703.54, 277.44, 0.000272361
FILLER_0_98_1533, 716.34, 277.44, 0.000267891
FILLER_0_97_1561, 729.14, 277.44, 0.00026342
FILLER_0_98_1589, 741.94, 277.44, 0.00025895
FILLER_0_97_1617, 754.74, 277.44, 0.000254479
FILLER_0_98_1645, 767.54, 277.44, 0.000250008
FILLER_0_97_1673, 780.34, 277.44, 0.000245538
FILLER_0_97_1729, 805.94, 277.44, 0.000237254
FILLER_0_98_1757, 818.74, 277.44, 0.000233441
FILLER_0_97_1785, 831.54, 277.44, 0.000229628
FILLER_0_98_1813, 844.34, 277.44, 0.000225815
FILLER_0_97_1841, 857.14, 277.44, 0.000222002
FILLER_0_98_1869, 869.94, 277.44, 0.000218189
FILLER_0_97_1897, 882.74, 277.44, 0.000214375
FILLER_0_98_1925, 895.54, 277.44, 0.000210562
FILLER_0_97_1953, 908.34, 277.44, 0.000206749
FILLER_0_98_1981, 921.14, 277.44, 0.000202936
FILLER_0_97_2009, 933.94, 277.44, 0.000199123
FILLER_0_97_2065, 958.57, 277.44, 0.00019531
FILLER_0_98_2093, 970.4, 277.44, 0.00019531
FILLER_0_97_2121, 982.23, 277.44, 0.00019531
PHY_190, 5.52, 272, 0.000244169
PHY_192, 5.52, 272, 0.000244169
PHY_191, 994.06, 272, 0.000188296
PHY_193, 994.06, 272, 0.000188296
FILLER_0_95_2141, 994.06, 272, 0.000188296
FILLER_0_96_2137, 994.06, 272, 0.000188296
FILLER_0_96_77, 37.94, 272, 0.00024453
FILLER_0_97_105, 50.74, 272, 0.000244892
FILLER_0_96_133, 63.54, 272, 0.000245253
FILLER_0_97_161, 76.34, 272, 0.000245614
FILLER_0_96_189, 89.14, 272, 0.000245975
FILLER_0_97_217, 101.94, 272, 0.000246337
FILLER_0_96_245, 114.74, 272, 0.000246698
FILLER_0_97_273, 127.54, 272, 0.000247059
FILLER_0_96_301, 140.34, 272, 0.00024742
FILLER_0_97_329, 153.14, 272, 0.000247782
FILLER_0_96_357, 165.94, 272, 0.000248143
FILLER_0_96_413, 191.54, 272, 0.0002467
FILLER_0_97_441, 204.34, 272, 0.000244896
FILLER_0_96_469, 217.14, 272, 0.000243092
FILLER_0_97_497, 229.94, 272, 0.000241288
FILLER_0_96_525, 242.74, 272, 0.000239484
FILLER_0_97_553, 255.54, 272, 0.00023768
FILLER_0_96_581, 268.34, 272, 0.000235875
FILLER_0_97_609, 281.14, 272, 0.000234071
FILLER_0_96_637, 293.94, 272, 0.000232267
FILLER_0_97_665, 306.74, 272, 0.000230463
FILLER_0_96_693, 319.54, 272, 0.000228659
FILLER_0_96_749, 345.14, 272, 0.000233491
FILLER_0_97_777, 357.94, 272, 0.000240127
FILLER_0_96_805, 370.74, 272, 0.000246763
FILLER_0_97_833, 383.54, 272, 0.000253399
FILLER_0_96_861, 396.34, 272, 0.000260035
FILLER_0_97_889, 409.14, 272, 0.000266672
FILLER_0_96_917, 421.94, 272, 0.000273308
FILLER_0_97_945, 434.74, 272, 0.000279944
FILLER_0_96_973, 447.54, 272, 0.00028658
FILLER_0_97_1001, 460.34, 272, 0.000293216
FILLER_0_96_1029, 473.14, 272, 0.000299852
FILLER_0_96_1085, 498.74, 272, 0.000304891
FILLER_0_97_1113, 511.54, 272, 0.000303294
FILLER_0_96_1141, 524.34, 272, 0.000301696
FILLER_0_97_1169, 537.14, 272, 0.000300099
FILLER_0_96_1197, 549.94, 272, 0.000298502
FILLER_0_97_1225, 562.74, 272, 0.000296904
FILLER_0_96_1253, 575.54, 272, 0.000295307
FILLER_0_95_1281, 601.14, 272, 0.000292112
FILLER_0_96_1309, 613.94, 272, 0.000290515
FILLER_0_95_1337, 626.74, 272, 0.000288918
FILLER_0_95_1393, 652.34, 272, 0.000282947
FILLER_0_96_1421, 665.14, 272, 0.000278573
FILLER_0_95_1449, 677.94, 272, 0.0002742
FILLER_0_96_1477, 690.74, 272, 0.000269826
FILLER_0_95_1505, 703.54, 272, 0.000265453
FILLER_0_96_1533, 716.34, 272, 0.000261079
FILLER_0_95_1561, 729.14, 272, 0.000256705
FILLER_0_96_1589, 741.94, 272, 0.000252332
FILLER_0_95_1617, 754.74, 272, 0.000247958
FILLER_0_96_1645, 767.54, 272, 0.000243585
FILLER_0_95_1673, 780.34, 272, 0.000239211
FILLER_0_95_1729, 805.94, 272, 0.000230959
FILLER_0_96_1757, 818.74, 272, 0.000227081
FILLER_0_95_1785, 831.54, 272, 0.000223202
FILLER_0_96_1813, 844.34, 272, 0.000219324
FILLER_0_95_1841, 857.14, 272, 0.000215445
FILLER_0_96_1869, 869.94, 272, 0.000211567
FILLER_0_95_1897, 882.74, 272, 0.000207688
FILLER_0_96_1925, 895.54, 272, 0.00020381
FILLER_0_95_1953, 908.34, 272, 0.000199931
FILLER_0_96_1981, 921.14, 272, 0.000196052
FILLER_0_95_2009, 933.94, 272, 0.000192174
FILLER_0_95_2065, 958.57, 272, 0.000188295
FILLER_0_96_2093, 970.4, 272, 0.000188295
FILLER_0_95_2121, 982.23, 272, 0.000188296
PHY_186, 5.52, 266.56, 0.000233049
PHY_188, 5.52, 266.56, 0.000233049
PHY_187, 994.06, 266.56, 0.000181105
PHY_189, 994.06, 266.56, 0.000181105
FILLER_0_93_2141, 994.06, 266.56, 0.000181105
FILLER_0_94_2137, 994.06, 266.56, 0.000181105
FILLER_0_94_77, 37.94, 266.56, 0.000233717
FILLER_0_95_105, 50.74, 266.56, 0.000234385
FILLER_0_94_133, 63.54, 266.56, 0.000235053
FILLER_0_95_161, 76.34, 266.56, 0.000235721
FILLER_0_94_189, 89.14, 266.56, 0.000236389
FILLER_0_95_217, 101.94, 266.56, 0.000237056
FILLER_0_94_245, 114.74, 266.56, 0.000237724
FILLER_0_95_273, 127.54, 266.56, 0.000238392
FILLER_0_94_301, 140.34, 266.56, 0.00023906
FILLER_0_95_329, 153.14, 266.56, 0.000239728
FILLER_0_94_357, 165.94, 266.56, 0.000240396
FILLER_0_94_413, 191.54, 266.56, 0.000239717
FILLER_0_95_441, 204.34, 266.56, 0.000238371
FILLER_0_94_469, 217.14, 266.56, 0.000237025
FILLER_0_95_497, 229.94, 266.56, 0.000235679
FILLER_0_94_525, 242.74, 266.56, 0.000234332
FILLER_0_95_553, 255.54, 266.56, 0.000232986
FILLER_0_94_581, 268.34, 266.56, 0.00023164
FILLER_0_95_609, 281.14, 266.56, 0.000230294
FILLER_0_94_637, 293.94, 266.56, 0.000228948
FILLER_0_95_665, 306.74, 266.56, 0.000227601
FILLER_0_94_693, 319.54, 266.56, 0.000226255
FILLER_0_94_749, 345.14, 266.56, 0.000231008
FILLER_0_95_777, 357.94, 266.56, 0.000237108
FILLER_0_94_805, 370.74, 266.56, 0.000243208
FILLER_0_95_833, 383.54, 266.56, 0.000249308
FILLER_0_94_861, 396.34, 266.56, 0.000255407
FILLER_0_95_889, 409.14, 266.56, 0.000261507
FILLER_0_94_917, 421.94, 266.56, 0.000267607
FILLER_0_95_945, 434.74, 266.56, 0.000273706
FILLER_0_94_973, 447.54, 266.56, 0.000279806
FILLER_0_95_1001, 460.34, 266.56, 0.000285906
FILLER_0_94_1029, 473.14, 266.56, 0.000292005
FILLER_0_94_1085, 498.74, 266.56, 0.000296601
FILLER_0_95_1113, 511.54, 266.56, 0.000295098
FILLER_0_94_1141, 524.34, 266.56, 0.000293594
FILLER_0_95_1169, 537.14, 266.56, 0.000292091
FILLER_0_94_1197, 549.94, 266.56, 0.000290587
FILLER_0_95_1225, 562.74, 266.56, 0.000289084
FILLER_0_94_1253, 575.54, 266.56, 0.00028758
FILLER_0_93_1281, 601.14, 266.56, 0.000284573
FILLER_0_94_1309, 613.94, 266.56, 0.000283069
FILLER_0_93_1337, 626.74, 266.56, 0.000281566
FILLER_0_93_1393, 652.34, 266.56, 0.000275772
FILLER_0_94_1421, 665.14, 266.56, 0.000271483
FILLER_0_93_1449, 677.94, 266.56, 0.000267193
FILLER_0_94_1477, 690.74, 266.56, 0.000262903
FILLER_0_93_1505, 703.54, 266.56, 0.000258613
FILLER_0_94_1533, 716.34, 266.56, 0.000254323
FILLER_0_93_1561, 729.14, 266.56, 0.000250034
FILLER_0_94_1589, 741.94, 266.56, 0.000245744
FILLER_0_93_1617, 754.74, 266.56, 0.000241454
FILLER_0_94_1645, 767.54, 266.56, 0.000237164
FILLER_0_93_1673, 780.34, 266.56, 0.000232874
FILLER_0_93_1729, 805.94, 266.56, 0.000224628
FILLER_0_94_1757, 818.74, 266.56, 0.000220671
FILLER_0_93_1785, 831.54, 266.56, 0.000216715
FILLER_0_94_1813, 844.34, 266.56, 0.000212758
FILLER_0_93_1841, 857.14, 266.56, 0.000208801
FILLER_0_94_1869, 869.94, 266.56, 0.000204845
FILLER_0_93_1897, 882.74, 266.56, 0.000200888
FILLER_0_94_1925, 895.54, 266.56, 0.000196932
FILLER_0_93_1953, 908.34, 266.56, 0.000192975
FILLER_0_94_1981, 921.14, 266.56, 0.000189018
FILLER_0_93_2009, 933.94, 266.56, 0.000185062
FILLER_0_93_2065, 958.57, 266.56, 0.000181105
FILLER_0_94_2093, 970.4, 266.56, 0.000181105
FILLER_0_93_2121, 982.23, 266.56, 0.000181105
PHY_182, 5.52, 261.12, 0.000221903
PHY_184, 5.52, 261.12, 0.000221903
PHY_183, 994.06, 261.12, 0.000173736
PHY_185, 994.06, 261.12, 0.000173736
FILLER_0_91_2141, 994.06, 261.12, 0.000173736
FILLER_0_92_2137, 994.06, 261.12, 0.000173736
FILLER_0_92_77, 37.94, 261.12, 0.000222885
FILLER_0_93_105, 50.74, 261.12, 0.000223868
FILLER_0_92_133, 63.54, 261.12, 0.00022485
FILLER_0_93_161, 76.34, 261.12, 0.000225832
FILLER_0_92_189, 89.14, 261.12, 0.000226814
FILLER_0_93_217, 101.94, 261.12, 0.000227797
FILLER_0_92_245, 114.74, 261.12, 0.000228779
FILLER_0_93_273, 127.54, 261.12, 0.000229761
FILLER_0_92_301, 140.34, 261.12, 0.000230743
FILLER_0_93_329, 153.14, 261.12, 0.000231725
FILLER_0_92_357, 165.94, 261.12, 0.000232708
FILLER_0_92_413, 191.54, 261.12, 0.000232771
FILLER_0_93_441, 204.34, 261.12, 0.000231853
FILLER_0_92_469, 217.14, 261.12, 0.000230935
FILLER_0_93_497, 229.94, 261.12, 0.000230016
FILLER_0_92_525, 242.74, 261.12, 0.000229098
FILLER_0_93_553, 255.54, 261.12, 0.00022818
FILLER_0_92_581, 268.34, 261.12, 0.000227261
FILLER_0_93_609, 281.14, 261.12, 0.000226343
FILLER_0_92_637, 293.94, 261.12, 0.000225424
FILLER_0_93_665, 306.74, 261.12, 0.000224506
FILLER_0_92_693, 319.54, 261.12, 0.000223587
FILLER_0_92_749, 345.14, 261.12, 0.000228283
FILLER_0_93_777, 357.94, 261.12, 0.000233897
FILLER_0_92_805, 370.74, 261.12, 0.000239511
FILLER_0_93_833, 383.54, 261.12, 0.000245124
FILLER_0_92_861, 396.34, 261.12, 0.000250738
FILLER_0_93_889, 409.14, 261.12, 0.000256352
FILLER_0_92_917, 421.94, 261.12, 0.000261966
FILLER_0_93_945, 434.74, 261.12, 0.00026758
FILLER_0_92_973, 447.54, 261.12, 0.000273194
FILLER_0_93_1001, 460.34, 261.12, 0.000278807
FILLER_0_92_1029, 473.14, 261.12, 0.000284421
FILLER_0_92_1085, 498.74, 261.12, 0.00028861
FILLER_0_93_1113, 511.54, 261.12, 0.000287186
FILLER_0_92_1141, 524.34, 261.12, 0.000285761
FILLER_0_93_1169, 537.14, 261.12, 0.000284337
FILLER_0_92_1197, 549.94, 261.12, 0.000282912
FILLER_0_93_1225, 562.74, 261.12, 0.000281487
FILLER_0_92_1253, 575.54, 261.12, 0.000280063
FILLER_0_91_1281, 601.14, 261.12, 0.000277213
FILLER_0_92_1309, 613.94, 261.12, 0.000275789
FILLER_0_91_1337, 626.74, 261.12, 0.000274364
FILLER_0_91_1393, 652.34, 261.12, 0.000268721
FILLER_0_92_1421, 665.14, 261.12, 0.000264502
FILLER_0_91_1449, 677.94, 261.12, 0.000260283
FILLER_0_92_1477, 690.74, 261.12, 0.000256065
FILLER_0_91_1505, 703.54, 261.12, 0.000251846
FILLER_0_92_1533, 716.34, 261.12, 0.000247627
FILLER_0_91_1561, 729.14, 261.12, 0.000243409
FILLER_0_92_1589, 741.94, 261.12, 0.00023919
FILLER_0_91_1617, 754.74, 261.12, 0.000234971
FILLER_0_92_1645, 767.54, 261.12, 0.000230752
FILLER_0_91_1673, 780.34, 261.12, 0.000226534
FILLER_0_91_1729, 805.94, 261.12, 0.000218267
FILLER_0_92_1757, 818.74, 261.12, 0.000214218
FILLER_0_91_1785, 831.54, 261.12, 0.00021017
FILLER_0_92_1813, 844.34, 261.12, 0.000206122
FILLER_0_91_1841, 857.14, 261.12, 0.000202074
FILLER_0_92_1869, 869.94, 261.12, 0.000198025
FILLER_0_91_1897, 882.74, 261.12, 0.000193977
FILLER_0_92_1925, 895.54, 261.12, 0.000189929
FILLER_0_91_1953, 908.34, 261.12, 0.00018588
FILLER_0_92_1981, 921.14, 261.12, 0.000181832
FILLER_0_91_2009, 933.94, 261.12, 0.000177784
FILLER_0_91_2065, 958.57, 261.12, 0.000173735
FILLER_0_92_2093, 970.4, 261.12, 0.000173736
FILLER_0_91_2121, 982.23, 261.12, 0.000173736
PHY_178, 5.52, 255.68, 0.000210717
PHY_180, 5.52, 255.68, 0.000210717
PHY_179, 994.06, 255.68, 0.000166183
PHY_181, 994.06, 255.68, 0.000166183
FILLER_0_89_2141, 994.06, 255.68, 0.000166183
FILLER_0_90_2137, 994.06, 255.68, 0.000166183
FILLER_0_90_77, 37.94, 255.68, 0.000212022
FILLER_0_91_105, 50.74, 255.68, 0.000213327
FILLER_0_90_133, 63.54, 255.68, 0.000214633
FILLER_0_91_161, 76.34, 255.68, 0.000215938
FILLER_0_90_189, 89.14, 255.68, 0.000217243
FILLER_0_91_217, 101.94, 255.68, 0.000218548
FILLER_0_90_245, 114.74, 255.68, 0.000219854
FILLER_0_91_273, 127.54, 255.68, 0.000221159
FILLER_0_90_301, 140.34, 255.68, 0.000222464
FILLER_0_91_329, 153.14, 255.68, 0.000223769
FILLER_0_90_357, 165.94, 255.68, 0.000225075
FILLER_0_90_413, 191.54, 255.68, 0.000225863
FILLER_0_91_441, 204.34, 255.68, 0.000225345
FILLER_0_90_469, 217.14, 255.68, 0.000224828
FILLER_0_91_497, 229.94, 255.68, 0.000224311
FILLER_0_90_525, 242.74, 255.68, 0.000223794
FILLER_0_91_553, 255.54, 255.68, 0.000223276
FILLER_0_90_581, 268.34, 255.68, 0.000222759
FILLER_0_91_609, 281.14, 255.68, 0.000222242
FILLER_0_90_637, 293.94, 255.68, 0.000221724
FILLER_0_91_665, 306.74, 255.68, 0.000221207
FILLER_0_90_693, 319.54, 255.68, 0.00022069
FILLER_0_90_749, 345.14, 255.68, 0.000225346
FILLER_0_91_777, 357.94, 255.68, 0.00023052
FILLER_0_90_805, 370.74, 255.68, 0.000235694
FILLER_0_91_833, 383.54, 255.68, 0.000240867
FILLER_0_90_861, 396.34, 255.68, 0.000246041
FILLER_0_91_889, 409.14, 255.68, 0.000251215
FILLER_0_90_917, 421.94, 255.68, 0.000256388
FILLER_0_91_945, 434.74, 255.68, 0.000261562
FILLER_0_90_973, 447.54, 255.68, 0.000266736
FILLER_0_91_1001, 460.34, 255.68, 0.000271909
FILLER_0_90_1029, 473.14, 255.68, 0.000277083
FILLER_0_90_1085, 498.74, 255.68, 0.000280898
FILLER_0_91_1113, 511.54, 255.68, 0.000279539
FILLER_0_90_1141, 524.34, 255.68, 0.00027818
FILLER_0_91_1169, 537.14, 255.68, 0.000276822
FILLER_0_90_1197, 549.94, 255.68, 0.000275463
FILLER_0_91_1225, 562.74, 255.68, 0.000274104
FILLER_0_90_1253, 575.54, 255.68, 0.000272745
FILLER_0_89_1281, 601.14, 255.68, 0.000270028
FILLER_0_90_1309, 613.94, 255.68, 0.000268669
FILLER_0_89_1337, 626.74, 255.68, 0.00026731
FILLER_0_89_1393, 652.34, 255.68, 0.000261792
FILLER_0_90_1421, 665.14, 255.68, 0.000257632
FILLER_0_89_1449, 677.94, 255.68, 0.000253472
FILLER_0_90_1477, 690.74, 255.68, 0.000249313
FILLER_0_89_1505, 703.54, 255.68, 0.000245153
FILLER_0_90_1533, 716.34, 255.68, 0.000240993
FILLER_0_89_1561, 729.14, 255.68, 0.000236834
FILLER_0_90_1589, 741.94, 255.68, 0.000232674
FILLER_0_89_1617, 754.74, 255.68, 0.000228514
FILLER_0_90_1645, 767.54, 255.68, 0.000224355
FILLER_0_89_1673, 780.34, 255.68, 0.000220195
FILLER_0_89_1729, 805.94, 255.68, 0.000211881
FILLER_0_90_1757, 818.74, 255.68, 0.000207727
FILLER_0_89_1785, 831.54, 255.68, 0.000203572
FILLER_0_90_1813, 844.34, 255.68, 0.000199418
FILLER_0_89_1841, 857.14, 255.68, 0.000195264
FILLER_0_90_1869, 869.94, 255.68, 0.000191109
FILLER_0_89_1897, 882.74, 255.68, 0.000186955
FILLER_0_90_1925, 895.54, 255.68, 0.000182801
FILLER_0_89_1953, 908.34, 255.68, 0.000178646
FILLER_0_90_1981, 921.14, 255.68, 0.000174492
FILLER_0_89_2009, 933.94, 255.68, 0.000170337
FILLER_0_89_2065, 958.57, 255.68, 0.000166183
FILLER_0_90_2093, 970.4, 255.68, 0.000166183
FILLER_0_89_2121, 982.23, 255.68, 0.000166183
PHY_174, 5.52, 250.24, 0.000199475
PHY_176, 5.52, 250.24, 0.000199475
PHY_175, 994.06, 250.24, 0.000158444
PHY_177, 994.06, 250.24, 0.000158444
FILLER_0_87_2141, 994.06, 250.24, 0.000158444
FILLER_0_88_2137, 994.06, 250.24, 0.000158444
FILLER_0_88_77, 37.94, 250.24, 0.000201113
FILLER_0_89_105, 50.74, 250.24, 0.000202751
FILLER_0_88_133, 63.54, 250.24, 0.000204389
FILLER_0_89_161, 76.34, 250.24, 0.000206027
FILLER_0_88_189, 89.14, 250.24, 0.000207665
FILLER_0_89_217, 101.94, 250.24, 0.000209303
FILLER_0_88_245, 114.74, 250.24, 0.000210941
FILLER_0_89_273, 127.54, 250.24, 0.000212579
FILLER_0_88_301, 140.34, 250.24, 0.000214217
FILLER_0_89_329, 153.14, 250.24, 0.000215855
FILLER_0_88_357, 165.94, 250.24, 0.000217493
FILLER_0_88_413, 191.54, 250.24, 0.000218991
FILLER_0_89_441, 204.34, 250.24, 0.000218852
FILLER_0_88_469, 217.14, 250.24, 0.000218712
FILLER_0_89_497, 229.94, 250.24, 0.000218572
FILLER_0_88_525, 242.74, 250.24, 0.000218432
FILLER_0_89_553, 255.54, 250.24, 0.000218293
FILLER_0_88_581, 268.34, 250.24, 0.000218153
FILLER_0_89_609, 281.14, 250.24, 0.000218013
FILLER_0_88_637, 293.94, 250.24, 0.000217873
FILLER_0_89_665, 306.74, 250.24, 0.000217734
FILLER_0_88_693, 319.54, 250.24, 0.000217594
FILLER_0_88_749, 345.14, 250.24, 0.000222229
FILLER_0_89_777, 357.94, 250.24, 0.000227003
FILLER_0_88_805, 370.74, 250.24, 0.000231778
FILLER_0_89_833, 383.54, 250.24, 0.000236553
FILLER_0_88_861, 396.34, 250.24, 0.000241328
FILLER_0_89_889, 409.14, 250.24, 0.000246102
FILLER_0_88_917, 421.94, 250.24, 0.000250877
FILLER_0_89_945, 434.74, 250.24, 0.000255652
FILLER_0_88_973, 447.54, 250.24, 0.000260426
FILLER_0_89_1001, 460.34, 250.24, 0.000265201
FILLER_0_88_1029, 473.14, 250.24, 0.000269976
FILLER_0_88_1085, 498.74, 250.24, 0.000273446
FILLER_0_89_1113, 511.54, 250.24, 0.000272141
FILLER_0_88_1141, 524.34, 250.24, 0.000270837
FILLER_0_89_1169, 537.14, 250.24, 0.000269533
FILLER_0_88_1197, 549.94, 250.24, 0.000268228
FILLER_0_89_1225, 562.74, 250.24, 0.000266924
FILLER_0_88_1253, 575.54, 250.24, 0.00026562
FILLER_0_87_1281, 601.14, 250.24, 0.000263011
FILLER_0_88_1309, 613.94, 250.24, 0.000261706
FILLER_0_87_1337, 626.74, 250.24, 0.000260402
FILLER_0_87_1393, 652.34, 250.24, 0.000254986
FILLER_0_88_1421, 665.14, 250.24, 0.000250873
FILLER_0_87_1449, 677.94, 250.24, 0.000246761
FILLER_0_88_1477, 690.74, 250.24, 0.000242649
FILLER_0_87_1505, 703.54, 250.24, 0.000238537
FILLER_0_88_1533, 716.34, 250.24, 0.000234425
FILLER_0_87_1561, 729.14, 250.24, 0.000230313
FILLER_0_88_1589, 741.94, 250.24, 0.000226201
FILLER_0_87_1617, 754.74, 250.24, 0.000222089
FILLER_0_88_1645, 767.54, 250.24, 0.000217977
FILLER_0_87_1673, 780.34, 250.24, 0.000213864
FILLER_0_87_1729, 805.94, 250.24, 0.000205477
FILLER_0_88_1757, 818.74, 250.24, 0.000201201
FILLER_0_87_1785, 831.54, 250.24, 0.000196925
FILLER_0_88_1813, 844.34, 250.24, 0.00019265
FILLER_0_87_1841, 857.14, 250.24, 0.000188374
FILLER_0_88_1869, 869.94, 250.24, 0.000184098
FILLER_0_87_1897, 882.74, 250.24, 0.000179822
FILLER_0_88_1925, 895.54, 250.24, 0.000175547
FILLER_0_87_1953, 908.34, 250.24, 0.000171271
FILLER_0_88_1981, 921.14, 250.24, 0.000166995
FILLER_0_87_2009, 933.94, 250.24, 0.000162719
FILLER_0_87_2065, 958.57, 250.24, 0.000158444
FILLER_0_88_2093, 970.4, 250.24, 0.000158444
FILLER_0_87_2121, 982.23, 250.24, 0.000158444
PHY_170, 5.52, 244.8, 0.000188164
PHY_172, 5.52, 244.8, 0.000188164
PHY_171, 994.06, 244.8, 0.000150512
PHY_173, 994.06, 244.8, 0.000150512
FILLER_0_85_2141, 994.06, 244.8, 0.000150512
FILLER_0_86_2137, 994.06, 244.8, 0.000150512
FILLER_0_86_77, 37.94, 244.8, 0.000190145
FILLER_0_87_105, 50.74, 244.8, 0.000192127
FILLER_0_86_133, 63.54, 244.8, 0.000194109
FILLER_0_87_161, 76.34, 244.8, 0.00019609
FILLER_0_86_189, 89.14, 244.8, 0.000198072
FILLER_0_87_217, 101.94, 244.8, 0.000200053
FILLER_0_86_245, 114.74, 244.8, 0.000202035
FILLER_0_87_273, 127.54, 244.8, 0.000204017
FILLER_0_86_301, 140.34, 244.8, 0.000205998
FILLER_0_87_329, 153.14, 244.8, 0.00020798
FILLER_0_86_357, 165.94, 244.8, 0.000209961
FILLER_0_86_413, 191.54, 244.8, 0.00021216
FILLER_0_87_441, 204.34, 244.8, 0.000212377
FILLER_0_86_469, 217.14, 244.8, 0.000212593
FILLER_0_87_497, 229.94, 244.8, 0.00021281
FILLER_0_86_525, 242.74, 244.8, 0.000213027
FILLER_0_87_553, 255.54, 244.8, 0.000213244
FILLER_0_86_581, 268.34, 244.8, 0.000213461
FILLER_0_87_609, 281.14, 244.8, 0.000213678
FILLER_0_86_637, 293.94, 244.8, 0.000213895
FILLER_0_87_665, 306.74, 244.8, 0.000214111
FILLER_0_86_693, 319.54, 244.8, 0.000214328
FILLER_0_86_749, 345.14, 244.8, 0.000218958
FILLER_0_87_777, 357.94, 244.8, 0.000223371
FILLER_0_86_805, 370.74, 244.8, 0.000227783
FILLER_0_87_833, 383.54, 244.8, 0.000232196
FILLER_0_86_861, 396.34, 244.8, 0.000236609
FILLER_0_87_889, 409.14, 244.8, 0.000241022
FILLER_0_86_917, 421.94, 244.8, 0.000245435
FILLER_0_87_945, 434.74, 244.8, 0.000249847
FILLER_0_86_973, 447.54, 244.8, 0.00025426
FILLER_0_87_1001, 460.34, 244.8, 0.000258673
FILLER_0_86_1029, 473.14, 244.8, 0.000263086
FILLER_0_86_1085, 498.74, 244.8, 0.000266238
FILLER_0_87_1113, 511.54, 244.8, 0.000264978
FILLER_0_86_1141, 524.34, 244.8, 0.000263718
FILLER_0_87_1169, 537.14, 244.8, 0.000262458
FILLER_0_86_1197, 549.94, 244.8, 0.000261198
FILLER_0_87_1225, 562.74, 244.8, 0.000259938
FILLER_0_86_1253, 575.54, 244.8, 0.000258678
FILLER_0_85_1281, 601.14, 244.8, 0.000256158
FILLER_0_86_1309, 613.94, 244.8, 0.000254898
FILLER_0_85_1337, 626.74, 244.8, 0.000253638
FILLER_0_85_1393, 652.34, 244.8, 0.000248302
FILLER_0_86_1421, 665.14, 244.8, 0.000244227
FILLER_0_85_1449, 677.94, 244.8, 0.000240152
FILLER_0_86_1477, 690.74, 244.8, 0.000236076
FILLER_0_85_1505, 703.54, 244.8, 0.000232001
FILLER_0_86_1533, 716.34, 244.8, 0.000227926
FILLER_0_85_1561, 729.14, 244.8, 0.00022385
FILLER_0_86_1589, 741.94, 244.8, 0.000219775
FILLER_0_85_1617, 754.74, 244.8, 0.000215699
FILLER_0_86_1645, 767.54, 244.8, 0.000211624
FILLER_0_85_1673, 780.34, 244.8, 0.000207548
FILLER_0_85_1729, 805.94, 244.8, 0.00019906
FILLER_0_86_1757, 818.74, 244.8, 0.000194646
FILLER_0_85_1785, 831.54, 244.8, 0.000190233
FILLER_0_86_1813, 844.34, 244.8, 0.000185819
FILLER_0_85_1841, 857.14, 244.8, 0.000181406
FILLER_0_86_1869, 869.94, 244.8, 0.000176993
FILLER_0_85_1897, 882.74, 244.8, 0.000172579
FILLER_0_86_1925, 895.54, 244.8, 0.000168166
FILLER_0_85_1953, 908.34, 244.8, 0.000163752
FILLER_0_86_1981, 921.14, 244.8, 0.000159339
FILLER_0_85_2009, 933.94, 244.8, 0.000154925
FILLER_0_85_2065, 958.57, 244.8, 0.000150512
FILLER_0_86_2093, 970.4, 244.8, 0.000150512
FILLER_0_85_2121, 982.23, 244.8, 0.000150512
PHY_166, 5.52, 239.36, 0.000176767
PHY_168, 5.52, 239.36, 0.000176767
PHY_167, 994.06, 239.36, 0.000142382
PHY_169, 994.06, 239.36, 0.000142382
FILLER_0_83_2141, 994.06, 239.36, 0.000142382
FILLER_0_84_2137, 994.06, 239.36, 0.000142382
FILLER_0_84_77, 37.94, 239.36, 0.000179104
FILLER_0_85_105, 50.74, 239.36, 0.000181442
FILLER_0_84_133, 63.54, 239.36, 0.000183779
FILLER_0_85_161, 76.34, 239.36, 0.000186116
FILLER_0_84_189, 89.14, 239.36, 0.000188454
FILLER_0_85_217, 101.94, 239.36, 0.000190791
FILLER_0_84_245, 114.74, 239.36, 0.000193129
FILLER_0_85_273, 127.54, 239.36, 0.000195466
FILLER_0_84_301, 140.34, 239.36, 0.000197803
FILLER_0_85_329, 153.14, 239.36, 0.00020014
FILLER_0_84_357, 165.94, 239.36, 0.000202478
FILLER_0_84_413, 191.54, 239.36, 0.00020537
FILLER_0_85_441, 204.34, 239.36, 0.000205925
FILLER_0_84_469, 217.14, 239.36, 0.00020648
FILLER_0_85_497, 229.94, 239.36, 0.000207035
FILLER_0_84_525, 242.74, 239.36, 0.00020759
FILLER_0_85_553, 255.54, 239.36, 0.000208145
FILLER_0_84_581, 268.34, 239.36, 0.0002087
FILLER_0_85_609, 281.14, 239.36, 0.000209255
FILLER_0_84_637, 293.94, 239.36, 0.00020981
FILLER_0_85_665, 306.74, 239.36, 0.000210365
FILLER_0_84_693, 319.54, 239.36, 0.00021092
FILLER_0_84_749, 345.14, 239.36, 0.00021556
FILLER_0_85_777, 357.94, 239.36, 0.000219644
FILLER_0_84_805, 370.74, 239.36, 0.000223728
FILLER_0_85_833, 383.54, 239.36, 0.000227812
FILLER_0_84_861, 396.34, 239.36, 0.000231896
FILLER_0_85_889, 409.14, 239.36, 0.000235981
FILLER_0_84_917, 421.94, 239.36, 0.000240065
FILLER_0_85_945, 434.74, 239.36, 0.000244149
FILLER_0_84_973, 447.54, 239.36, 0.000248233
FILLER_0_85_1001, 460.34, 239.36, 0.000252317
FILLER_0_84_1029, 473.14, 239.36, 0.000256401
FILLER_0_84_1085, 498.74, 239.36, 0.000259261
FILLER_0_85_1113, 511.54, 239.36, 0.000258037
FILLER_0_84_1141, 524.34, 239.36, 0.000256812
FILLER_0_85_1169, 537.14, 239.36, 0.000255588
FILLER_0_84_1197, 549.94, 239.36, 0.000254363
FILLER_0_85_1225, 562.74, 239.36, 0.000253139
FILLER_0_84_1253, 575.54, 239.36, 0.000251914
FILLER_0_83_1281, 601.14, 239.36, 0.000249465
FILLER_0_84_1309, 613.94, 239.36, 0.000248241
FILLER_0_83_1337, 626.74, 239.36, 0.000247016
FILLER_0_83_1393, 652.34, 239.36, 0.000241743
FILLER_0_84_1421, 665.14, 239.36, 0.000237694
FILLER_0_83_1449, 677.94, 239.36, 0.000233645
FILLER_0_84_1477, 690.74, 239.36, 0.000229596
FILLER_0_83_1505, 703.54, 239.36, 0.000225547
FILLER_0_84_1533, 716.34, 239.36, 0.000221498
FILLER_0_83_1561, 729.14, 239.36, 0.000217449
FILLER_0_84_1589, 741.94, 239.36, 0.0002134
FILLER_0_83_1617, 754.74, 239.36, 0.000209351
FILLER_0_84_1645, 767.54, 239.36, 0.000205302
FILLER_0_83_1673, 780.34, 239.36, 0.000201253
FILLER_0_83_1729, 805.94, 239.36, 0.000192636
FILLER_0_84_1757, 818.74, 239.36, 0.000188067
FILLER_0_83_1785, 831.54, 239.36, 0.000183499
FILLER_0_84_1813, 844.34, 239.36, 0.00017893
FILLER_0_83_1841, 857.14, 239.36, 0.000174362
FILLER_0_84_1869, 869.94, 239.36, 0.000169793
FILLER_0_83_1897, 882.74, 239.36, 0.000165225
FILLER_0_84_1925, 895.54, 239.36, 0.000160656
FILLER_0_83_1953, 908.34, 239.36, 0.000156088
FILLER_0_84_1981, 921.14, 239.36, 0.000151519
FILLER_0_83_2009, 933.94, 239.36, 0.00014695
FILLER_0_83_2065, 958.57, 239.36, 0.000142382
FILLER_0_84_2093, 970.4, 239.36, 0.000142382
FILLER_0_83_2121, 982.23, 239.36, 0.000142382
PHY_162, 5.52, 233.92, 0.000165269
PHY_164, 5.52, 233.92, 0.000165269
PHY_163, 994.06, 233.92, 0.000134048
PHY_165, 994.06, 233.92, 0.000134048
FILLER_0_81_2141, 994.06, 233.92, 0.000134048
FILLER_0_82_2137, 994.06, 233.92, 0.000134048
FILLER_0_82_77, 37.94, 233.92, 0.000167975
FILLER_0_83_105, 50.74, 233.92, 0.000170682
FILLER_0_82_133, 63.54, 233.92, 0.000173389
FILLER_0_83_161, 76.34, 233.92, 0.000176096
FILLER_0_82_189, 89.14, 233.92, 0.000178802
FILLER_0_83_217, 101.94, 233.92, 0.000181509
FILLER_0_82_245, 114.74, 233.92, 0.000184216
FILLER_0_83_273, 127.54, 233.92, 0.000186923
FILLER_0_82_301, 140.34, 233.92, 0.000189629
FILLER_0_83_329, 153.14, 233.92, 0.000192336
FILLER_0_82_357, 165.94, 233.92, 0.000195043
FILLER_0_82_413, 191.54, 233.92, 0.000198626
FILLER_0_83_441, 204.34, 233.92, 0.000199503
FILLER_0_82_469, 217.14, 233.92, 0.00020038
FILLER_0_83_497, 229.94, 233.92, 0.000201257
FILLER_0_82_525, 242.74, 233.92, 0.000202134
FILLER_0_83_553, 255.54, 233.92, 0.000203011
FILLER_0_82_581, 268.34, 233.92, 0.000203888
FILLER_0_83_609, 281.14, 233.92, 0.000204765
FILLER_0_82_637, 293.94, 233.92, 0.000205642
FILLER_0_83_665, 306.74, 233.92, 0.000206519
FILLER_0_82_693, 319.54, 233.92, 0.000207396
FILLER_0_82_749, 345.14, 233.92, 0.000212058
FILLER_0_83_777, 357.94, 233.92, 0.000215844
FILLER_0_82_805, 370.74, 233.92, 0.000219629
FILLER_0_83_833, 383.54, 233.92, 0.000223415
FILLER_0_82_861, 396.34, 233.92, 0.0002272
FILLER_0_83_889, 409.14, 233.92, 0.000230985
FILLER_0_82_917, 421.94, 233.92, 0.000234771
FILLER_0_83_945, 434.74, 233.92, 0.000238556
FILLER_0_82_973, 447.54, 233.92, 0.000242342
FILLER_0_83_1001, 460.34, 233.92, 0.000246127
FILLER_0_82_1029, 473.14, 233.92, 0.000249913
FILLER_0_82_1085, 498.74, 233.92, 0.000252502
FILLER_0_83_1113, 511.54, 233.92, 0.000251305
FILLER_0_82_1141, 524.34, 233.92, 0.000250109
FILLER_0_83_1169, 537.14, 233.92, 0.000248912
FILLER_0_82_1197, 549.94, 233.92, 0.000247716
FILLER_0_83_1225, 562.74, 233.92, 0.000246519
FILLER_0_82_1253, 575.54, 233.92, 0.000245322
FILLER_0_81_1281, 601.14, 233.92, 0.000242929
FILLER_0_82_1309, 613.94, 233.92, 0.000241733
FILLER_0_81_1337, 626.74, 233.92, 0.000240536
FILLER_0_81_1393, 652.34, 233.92, 0.000235307
FILLER_0_82_1421, 665.14, 233.92, 0.000231275
FILLER_0_81_1449, 677.94, 233.92, 0.000227243
FILLER_0_82_1477, 690.74, 233.92, 0.000223211
FILLER_0_81_1505, 703.54, 233.92, 0.000219179
FILLER_0_82_1533, 716.34, 233.92, 0.000215147
FILLER_0_81_1561, 729.14, 233.92, 0.000211115
FILLER_0_82_1589, 741.94, 233.92, 0.000207082
FILLER_0_81_1617, 754.74, 233.92, 0.00020305
FILLER_0_82_1645, 767.54, 233.92, 0.000199018
FILLER_0_81_1673, 780.34, 233.92, 0.000194986
FILLER_0_81_1729, 805.94, 233.92, 0.000186211
FILLER_0_82_1757, 818.74, 233.92, 0.000181469
FILLER_0_81_1785, 831.54, 233.92, 0.000176727
FILLER_0_82_1813, 844.34, 233.92, 0.000171985
FILLER_0_81_1841, 857.14, 233.92, 0.000167243
FILLER_0_82_1869, 869.94, 233.92, 0.000162501
FILLER_0_81_1897, 882.74, 233.92, 0.000157759
FILLER_0_82_1925, 895.54, 233.92, 0.000153016
FILLER_0_81_1953, 908.34, 233.92, 0.000148274
FILLER_0_82_1981, 921.14, 233.92, 0.000143532
FILLER_0_81_2009, 933.94, 233.92, 0.00013879
FILLER_0_81_2065, 958.57, 233.92, 0.000134048
FILLER_0_82_2093, 970.4, 233.92, 0.000134048
FILLER_0_81_2121, 982.23, 233.92, 0.000134048
PHY_158, 5.52, 228.48, 0.000153652
PHY_160, 5.52, 228.48, 0.000153652
PHY_159, 994.06, 228.48, 0.000125502
PHY_161, 994.06, 228.48, 0.000125502
FILLER_0_79_2141, 994.06, 228.48, 0.000125502
FILLER_0_80_2137, 994.06, 228.48, 0.000125502
FILLER_0_80_77, 37.94, 228.48, 0.000156744
FILLER_0_81_105, 50.74, 228.48, 0.000159835
FILLER_0_80_133, 63.54, 228.48, 0.000162927
FILLER_0_81_161, 76.34, 228.48, 0.000166018
FILLER_0_80_189, 89.14, 228.48, 0.000169109
FILLER_0_81_217, 101.94, 228.48, 0.000172201
FILLER_0_80_245, 114.74, 228.48, 0.000175292
FILLER_0_81_273, 127.54, 228.48, 0.000178383
FILLER_0_80_301, 140.34, 228.48, 0.000181475
FILLER_0_81_329, 153.14, 228.48, 0.000184566
FILLER_0_80_357, 165.94, 228.48, 0.000187657
FILLER_0_80_413, 191.54, 228.48, 0.000191933
FILLER_0_81_441, 204.34, 228.48, 0.000193118
FILLER_0_80_469, 217.14, 228.48, 0.000194302
FILLER_0_81_497, 229.94, 228.48, 0.000195487
FILLER_0_80_525, 242.74, 228.48, 0.000196671
FILLER_0_81_553, 255.54, 228.48, 0.000197856
FILLER_0_80_581, 268.34, 228.48, 0.00019904
FILLER_0_81_609, 281.14, 228.48, 0.000200225
FILLER_0_80_637, 293.94, 228.48, 0.000201409
FILLER_0_81_665, 306.74, 228.48, 0.000202594
FILLER_0_80_693, 319.54, 228.48, 0.000203778
FILLER_0_80_749, 345.14, 228.48, 0.000208476
FILLER_0_81_777, 357.94, 228.48, 0.000211989
FILLER_0_80_805, 370.74, 228.48, 0.000215503
FILLER_0_81_833, 383.54, 228.48, 0.000219016
FILLER_0_80_861, 396.34, 228.48, 0.00022253
FILLER_0_81_889, 409.14, 228.48, 0.000226043
FILLER_0_80_917, 421.94, 228.48, 0.000229556
FILLER_0_81_945, 434.74, 228.48, 0.00023307
FILLER_0_80_973, 447.54, 228.48, 0.000236583
FILLER_0_81_1001, 460.34, 228.48, 0.000240097
FILLER_0_80_1029, 473.14, 228.48, 0.00024361
FILLER_0_80_1085, 498.74, 228.48, 0.000245948
FILLER_0_81_1113, 511.54, 228.48, 0.000244773
FILLER_0_80_1141, 524.34, 228.48, 0.000243598
FILLER_0_81_1169, 537.14, 228.48, 0.000242423
FILLER_0_80_1197, 549.94, 228.48, 0.000241248
FILLER_0_81_1225, 562.74, 228.48, 0.000240073
FILLER_0_80_1253, 575.54, 228.48, 0.000238897
FILLER_0_79_1281, 601.14, 228.48, 0.000236547
FILLER_0_80_1309, 613.94, 228.48, 0.000235372
FILLER_0_79_1337, 626.74, 228.48, 0.000234197
FILLER_0_79_1393, 652.34, 228.48, 0.000228997
FILLER_0_80_1421, 665.14, 228.48, 0.000224973
FILLER_0_79_1449, 677.94, 228.48, 0.000220948
FILLER_0_80_1477, 690.74, 228.48, 0.000216924
FILLER_0_79_1505, 703.54, 228.48, 0.000212899
FILLER_0_80_1533, 716.34, 228.48, 0.000208875
FILLER_0_79_1561, 729.14, 228.48, 0.000204851
FILLER_0_80_1589, 741.94, 228.48, 0.000200826
FILLER_0_79_1617, 754.74, 228.48, 0.000196802
FILLER_0_80_1645, 767.54, 228.48, 0.000192777
FILLER_0_79_1673, 780.34, 228.48, 0.000188753
FILLER_0_79_1729, 805.94, 228.48, 0.000179793
FILLER_0_80_1757, 818.74, 228.48, 0.000174857
FILLER_0_79_1785, 831.54, 228.48, 0.000169922
FILLER_0_80_1813, 844.34, 228.48, 0.000164986
FILLER_0_79_1841, 857.14, 228.48, 0.000160051
FILLER_0_80_1869, 869.94, 228.48, 0.000155115
FILLER_0_79_1897, 882.74, 228.48, 0.000150179
FILLER_0_80_1925, 895.54, 228.48, 0.000145244
FILLER_0_79_1953, 908.34, 228.48, 0.000140308
FILLER_0_80_1981, 921.14, 228.48, 0.000135373
FILLER_0_79_2009, 933.94, 228.48, 0.000130437
FILLER_0_79_2065, 958.57, 228.48, 0.000125501
FILLER_0_80_2093, 970.4, 228.48, 0.000125502
FILLER_0_79_2121, 982.23, 228.48, 0.000125502
PHY_154, 5.52, 223.04, 0.000141901
PHY_156, 5.52, 223.04, 0.000141901
PHY_155, 994.06, 223.04, 0.000116735
PHY_157, 994.06, 223.04, 0.000116735
FILLER_0_77_2141, 994.06, 223.04, 0.000116735
FILLER_0_78_2137, 994.06, 223.04, 0.000116735
FILLER_0_78_77, 37.94, 223.04, 0.000145394
FILLER_0_79_105, 50.74, 223.04, 0.000148887
FILLER_0_78_133, 63.54, 223.04, 0.00015238
FILLER_0_79_161, 76.34, 223.04, 0.000155873
FILLER_0_78_189, 89.14, 223.04, 0.000159366
FILLER_0_79_217, 101.94, 223.04, 0.000162859
FILLER_0_78_245, 114.74, 223.04, 0.000166352
FILLER_0_79_273, 127.54, 223.04, 0.000169844
FILLER_0_78_301, 140.34, 223.04, 0.000173337
FILLER_0_79_329, 153.14, 223.04, 0.00017683
FILLER_0_78_357, 165.94, 223.04, 0.000180323
FILLER_0_78_413, 191.54, 223.04, 0.000185295
FILLER_0_79_441, 204.34, 223.04, 0.000186775
FILLER_0_78_469, 217.14, 223.04, 0.000188254
FILLER_0_79_497, 229.94, 223.04, 0.000189734
FILLER_0_78_525, 242.74, 223.04, 0.000191213
FILLER_0_79_553, 255.54, 223.04, 0.000192693
FILLER_0_78_581, 268.34, 223.04, 0.000194172
FILLER_0_79_609, 281.14, 223.04, 0.000195651
FILLER_0_78_637, 293.94, 223.04, 0.000197131
FILLER_0_79_665, 306.74, 223.04, 0.00019861
FILLER_0_78_693, 319.54, 223.04, 0.00020009
FILLER_0_78_749, 345.14, 223.04, 0.000204834
FILLER_0_79_777, 357.94, 223.04, 0.000208099
FILLER_0_78_805, 370.74, 223.04, 0.000211364
FILLER_0_79_833, 383.54, 223.04, 0.00021463
FILLER_0_78_861, 396.34, 223.04, 0.000217895
FILLER_0_79_889, 409.14, 223.04, 0.00022116
FILLER_0_78_917, 421.94, 223.04, 0.000224425
FILLER_0_79_945, 434.74, 223.04, 0.00022769
FILLER_0_78_973, 447.54, 223.04, 0.000230955
FILLER_0_79_1001, 460.34, 223.04, 0.00023422
FILLER_0_78_1029, 473.14, 223.04, 0.000237485
FILLER_0_78_1085, 498.74, 223.04, 0.000239591
FILLER_0_79_1113, 511.54, 223.04, 0.000238432
FILLER_0_78_1141, 524.34, 223.04, 0.000237272
FILLER_0_79_1169, 537.14, 223.04, 0.000236113
FILLER_0_78_1197, 549.94, 223.04, 0.000234954
FILLER_0_79_1225, 562.74, 223.04, 0.000233794
FILLER_0_78_1253, 575.54, 223.04, 0.000232635
FILLER_0_77_1281, 601.14, 223.04, 0.000230316
FILLER_0_78_1309, 613.94, 223.04, 0.000229157
FILLER_0_77_1337, 626.74, 223.04, 0.000227997
FILLER_0_77_1393, 652.34, 223.04, 0.000222813
FILLER_0_78_1421, 665.14, 223.04, 0.000218788
FILLER_0_77_1449, 677.94, 223.04, 0.000214763
FILLER_0_78_1477, 690.74, 223.04, 0.000210738
FILLER_0_77_1505, 703.54, 223.04, 0.000206713
FILLER_0_78_1533, 716.34, 223.04, 0.000202687
FILLER_0_77_1561, 729.14, 223.04, 0.000198662
FILLER_0_78_1589, 741.94, 223.04, 0.000194637
FILLER_0_77_1617, 754.74, 223.04, 0.000190612
FILLER_0_78_1645, 767.54, 223.04, 0.000186587
FILLER_0_77_1673, 780.34, 223.04, 0.000182562
FILLER_0_77_1729, 805.94, 223.04, 0.000173387
FILLER_0_78_1757, 818.74, 223.04, 0.000168237
FILLER_0_77_1785, 831.54, 223.04, 0.000163087
FILLER_0_78_1813, 844.34, 223.04, 0.000157936
FILLER_0_77_1841, 857.14, 223.04, 0.000152786
FILLER_0_78_1869, 869.94, 223.04, 0.000147636
FILLER_0_77_1897, 882.74, 223.04, 0.000142486
FILLER_0_78_1925, 895.54, 223.04, 0.000137336
FILLER_0_77_1953, 908.34, 223.04, 0.000132186
FILLER_0_78_1981, 921.14, 223.04, 0.000127036
FILLER_0_77_2009, 933.94, 223.04, 0.000121885
FILLER_0_77_2065, 958.57, 223.04, 0.000116735
FILLER_0_78_2093, 970.4, 223.04, 0.000116735
FILLER_0_77_2121, 982.23, 223.04, 0.000116735
PHY_150, 5.52, 217.6, 0.000129997
PHY_152, 5.52, 217.6, 0.000129997
PHY_151, 994.06, 217.6, 0.00010774
PHY_153, 994.06, 217.6, 0.00010774
FILLER_0_75_2141, 994.06, 217.6, 0.00010774
FILLER_0_76_2137, 994.06, 217.6, 0.00010774
FILLER_0_76_77, 37.94, 217.6, 0.000133911
FILLER_0_77_105, 50.74, 217.6, 0.000137824
FILLER_0_76_133, 63.54, 217.6, 0.000141737
FILLER_0_77_161, 76.34, 217.6, 0.00014565
FILLER_0_76_189, 89.14, 217.6, 0.000149564
FILLER_0_77_217, 101.94, 217.6, 0.000153477
FILLER_0_76_245, 114.74, 217.6, 0.00015739
FILLER_0_77_273, 127.54, 217.6, 0.000161303
FILLER_0_76_301, 140.34, 217.6, 0.000165217
FILLER_0_77_329, 153.14, 217.6, 0.00016913
FILLER_0_76_357, 165.94, 217.6, 0.000173043
FILLER_0_76_413, 191.54, 217.6, 0.00017872
FILLER_0_77_441, 204.34, 217.6, 0.000180483
FILLER_0_76_469, 217.14, 217.6, 0.000182246
FILLER_0_77_497, 229.94, 217.6, 0.000184009
FILLER_0_76_525, 242.74, 217.6, 0.000185773
FILLER_0_77_553, 255.54, 217.6, 0.000187536
FILLER_0_76_581, 268.34, 217.6, 0.000189299
FILLER_0_77_609, 281.14, 217.6, 0.000191062
FILLER_0_76_637, 293.94, 217.6, 0.000192826
FILLER_0_77_665, 306.74, 217.6, 0.000194589
FILLER_0_76_693, 319.54, 217.6, 0.000196352
FILLER_0_76_749, 345.14, 217.6, 0.000201153
FILLER_0_77_777, 357.94, 217.6, 0.000204191
FILLER_0_76_805, 370.74, 217.6, 0.000207229
FILLER_0_77_833, 383.54, 217.6, 0.000210267
FILLER_0_76_861, 396.34, 217.6, 0.000213305
FILLER_0_77_889, 409.14, 217.6, 0.000216342
FILLER_0_76_917, 421.94, 217.6, 0.00021938
FILLER_0_77_945, 434.74, 217.6, 0.000222418
FILLER_0_76_973, 447.54, 217.6, 0.000225456
FILLER_0_77_1001, 460.34, 217.6, 0.000228494
FILLER_0_76_1029, 473.14, 217.6, 0.000231532
FILLER_0_76_1085, 498.74, 217.6, 0.000233421
FILLER_0_77_1113, 511.54, 217.6, 0.000232273
FILLER_0_76_1141, 524.34, 217.6, 0.000231124
FILLER_0_77_1169, 537.14, 217.6, 0.000229976
FILLER_0_76_1197, 549.94, 217.6, 0.000228828
FILLER_0_77_1225, 562.74, 217.6, 0.000227679
FILLER_0_76_1253, 575.54, 217.6, 0.000226531
FILLER_0_75_1281, 601.14, 217.6, 0.000224234
FILLER_0_76_1309, 613.94, 217.6, 0.000223086
FILLER_0_75_1337, 626.74, 217.6, 0.000221937
FILLER_0_75_1393, 652.34, 217.6, 0.000216756
FILLER_0_76_1421, 665.14, 217.6, 0.000212722
FILLER_0_75_1449, 677.94, 217.6, 0.000208689
FILLER_0_76_1477, 690.74, 217.6, 0.000204655
FILLER_0_75_1505, 703.54, 217.6, 0.000200622
FILLER_0_76_1533, 716.34, 217.6, 0.000196589
FILLER_0_75_1561, 729.14, 217.6, 0.000192555
FILLER_0_76_1589, 741.94, 217.6, 0.000188522
FILLER_0_75_1617, 754.74, 217.6, 0.000184488
FILLER_0_76_1645, 767.54, 217.6, 0.000180455
FILLER_0_75_1673, 780.34, 217.6, 0.000176421
FILLER_0_75_1729, 805.94, 217.6, 0.000167
FILLER_0_76_1757, 818.74, 217.6, 0.000161613
FILLER_0_75_1785, 831.54, 217.6, 0.000156226
FILLER_0_76_1813, 844.34, 217.6, 0.000150839
FILLER_0_75_1841, 857.14, 217.6, 0.000145451
FILLER_0_76_1869, 869.94, 217.6, 0.000140064
FILLER_0_75_1897, 882.74, 217.6, 0.000134677
FILLER_0_76_1925, 895.54, 217.6, 0.000129289
FILLER_0_75_1953, 908.34, 217.6, 0.000123902
FILLER_0_76_1981, 921.14, 217.6, 0.000118514
FILLER_0_75_2009, 933.94, 217.6, 0.000113127
FILLER_0_75_2065, 958.57, 217.6, 0.00010774
FILLER_0_76_2093, 970.4, 217.6, 0.00010774
FILLER_0_75_2121, 982.23, 217.6, 0.00010774
PHY_146, 5.52, 212.16, 0.000117922
PHY_148, 5.52, 212.16, 0.000117922
PHY_147, 994.06, 212.16, 9.8505e-05
PHY_149, 994.06, 212.16, 9.8505e-05
FILLER_0_73_2141, 994.06, 212.16, 9.8505e-05
FILLER_0_74_2137, 994.06, 212.16, 9.8505e-05
FILLER_0_74_77, 37.94, 212.16, 0.000122277
FILLER_0_75_105, 50.74, 212.16, 0.000126631
FILLER_0_74_133, 63.54, 212.16, 0.000130986
FILLER_0_75_161, 76.34, 212.16, 0.00013534
FILLER_0_74_189, 89.14, 212.16, 0.000139695
FILLER_0_75_217, 101.94, 212.16, 0.000144049
FILLER_0_74_245, 114.74, 212.16, 0.000148404
FILLER_0_75_273, 127.54, 212.16, 0.000152758
FILLER_0_74_301, 140.34, 212.16, 0.000157113
FILLER_0_75_329, 153.14, 212.16, 0.000161467
FILLER_0_74_357, 165.94, 212.16, 0.000165821
FILLER_0_74_413, 191.54, 212.16, 0.000172213
FILLER_0_75_441, 204.34, 212.16, 0.00017425
FILLER_0_74_469, 217.14, 212.16, 0.000176288
FILLER_0_75_497, 229.94, 212.16, 0.000178325
FILLER_0_74_525, 242.74, 212.16, 0.000180362
FILLER_0_75_553, 255.54, 212.16, 0.000182399
FILLER_0_74_581, 268.34, 212.16, 0.000184436
FILLER_0_75_609, 281.14, 212.16, 0.000186474
FILLER_0_74_637, 293.94, 212.16, 0.000188511
FILLER_0_75_665, 306.74, 212.16, 0.000190548
FILLER_0_74_693, 319.54, 212.16, 0.000192585
FILLER_0_74_749, 345.14, 212.16, 0.000197451
FILLER_0_75_777, 357.94, 212.16, 0.000200281
FILLER_0_74_805, 370.74, 212.16, 0.00020311
FILLER_0_75_833, 383.54, 212.16, 0.000205939
FILLER_0_74_861, 396.34, 212.16, 0.000208768
FILLER_0_75_889, 409.14, 212.16, 0.000211597
FILLER_0_74_917, 421.94, 212.16, 0.000214426
FILLER_0_75_945, 434.74, 212.16, 0.000217255
FILLER_0_74_973, 447.54, 212.16, 0.000220084
FILLER_0_75_1001, 460.34, 212.16, 0.000222914
FILLER_0_74_1029, 473.14, 212.16, 0.000225743
FILLER_0_74_1085, 498.74, 212.16, 0.00022743
FILLER_0_75_1113, 511.54, 212.16, 0.000226289
FILLER_0_74_1141, 524.34, 212.16, 0.000225148
FILLER_0_75_1169, 537.14, 212.16, 0.000224007
FILLER_0_74_1197, 549.94, 212.16, 0.000222865
FILLER_0_75_1225, 562.74, 212.16, 0.000221724
FILLER_0_74_1253, 575.54, 212.16, 0.000220583
FILLER_0_73_1281, 601.14, 212.16, 0.0002183
FILLER_0_74_1309, 613.94, 212.16, 0.000217159
FILLER_0_73_1337, 626.74, 212.16, 0.000216017
FILLER_0_73_1393, 652.34, 212.16, 0.000210827
FILLER_0_74_1421, 665.14, 212.16, 0.000206779
FILLER_0_73_1449, 677.94, 212.16, 0.00020273
FILLER_0_74_1477, 690.74, 212.16, 0.000198681
FILLER_0_73_1505, 703.54, 212.16, 0.000194632
FILLER_0_74_1533, 716.34, 212.16, 0.000190583
FILLER_0_73_1561, 729.14, 212.16, 0.000186534
FILLER_0_74_1589, 741.94, 212.16, 0.000182486
FILLER_0_73_1617, 754.74, 212.16, 0.000178437
FILLER_0_74_1645, 767.54, 212.16, 0.000174388
FILLER_0_73_1673, 780.34, 212.16, 0.000170339
FILLER_0_73_1729, 805.94, 212.16, 0.000160641
FILLER_0_74_1757, 818.74, 212.16, 0.000154993
FILLER_0_73_1785, 831.54, 212.16, 0.000149344
FILLER_0_74_1813, 844.34, 212.16, 0.000143695
FILLER_0_73_1841, 857.14, 212.16, 0.000138046
FILLER_0_74_1869, 869.94, 212.16, 0.000132398
FILLER_0_73_1897, 882.74, 212.16, 0.000126749
FILLER_0_74_1925, 895.54, 212.16, 0.0001211
FILLER_0_73_1953, 908.34, 212.16, 0.000115451
FILLER_0_74_1981, 921.14, 212.16, 0.000109802
FILLER_0_73_2009, 933.94, 212.16, 0.000104154
FILLER_0_73_2065, 958.57, 212.16, 9.85048e-05
FILLER_0_74_2093, 970.4, 212.16, 9.85049e-05
FILLER_0_73_2121, 982.23, 212.16, 9.85049e-05
PHY_142, 5.52, 206.72, 0.000105656
PHY_144, 5.52, 206.72, 0.000105656
PHY_143, 994.06, 206.72, 8.90196e-05
PHY_145, 994.06, 206.72, 8.90196e-05
FILLER_0_71_2141, 994.06, 206.72, 8.90196e-05
FILLER_0_72_2137, 994.06, 206.72, 8.90196e-05
FILLER_0_72_77, 37.94, 206.72, 0.000110475
FILLER_0_73_105, 50.74, 206.72, 0.000115294
FILLER_0_72_133, 63.54, 206.72, 0.000120113
FILLER_0_73_161, 76.34, 206.72, 0.000124931
FILLER_0_72_189, 89.14, 206.72, 0.00012975
FILLER_0_73_217, 101.94, 206.72, 0.000134569
FILLER_0_72_245, 114.74, 206.72, 0.000139388
FILLER_0_73_273, 127.54, 206.72, 0.000144207
FILLER_0_72_301, 140.34, 206.72, 0.000149025
FILLER_0_73_329, 153.14, 206.72, 0.000153844
FILLER_0_72_357, 165.94, 206.72, 0.000158663
FILLER_0_72_413, 191.54, 206.72, 0.000165784
FILLER_0_73_441, 204.34, 206.72, 0.000168087
FILLER_0_72_469, 217.14, 206.72, 0.000170389
FILLER_0_73_497, 229.94, 206.72, 0.000172692
FILLER_0_72_525, 242.74, 206.72, 0.000174994
FILLER_0_73_553, 255.54, 206.72, 0.000177296
FILLER_0_72_581, 268.34, 206.72, 0.000179599
FILLER_0_73_609, 281.14, 206.72, 0.000181901
FILLER_0_72_637, 293.94, 206.72, 0.000184204
FILLER_0_73_665, 306.74, 206.72, 0.000186506
FILLER_0_72_693, 319.54, 206.72, 0.000188809
FILLER_0_72_749, 345.14, 206.72, 0.000193748
FILLER_0_73_777, 357.94, 206.72, 0.000196384
FILLER_0_72_805, 370.74, 206.72, 0.000199021
FILLER_0_73_833, 383.54, 206.72, 0.000201657
FILLER_0_72_861, 396.34, 206.72, 0.000204294
FILLER_0_73_889, 409.14, 206.72, 0.00020693
FILLER_0_72_917, 421.94, 206.72, 0.000209567
FILLER_0_73_945, 434.74, 206.72, 0.000212203
FILLER_0_72_973, 447.54, 206.72, 0.00021484
FILLER_0_73_1001, 460.34, 206.72, 0.000217476
FILLER_0_72_1029, 473.14, 206.72, 0.000220113
FILLER_0_72_1085, 498.74, 206.72, 0.000221612
FILLER_0_73_1113, 511.54, 206.72, 0.000220474
FILLER_0_72_1141, 524.34, 206.72, 0.000219337
FILLER_0_73_1169, 537.14, 206.72, 0.0002182
FILLER_0_72_1197, 549.94, 206.72, 0.000217062
FILLER_0_73_1225, 562.74, 206.72, 0.000215925
FILLER_0_72_1253, 575.54, 206.72, 0.000214787
FILLER_0_71_1281, 601.14, 206.72, 0.000212513
FILLER_0_72_1309, 613.94, 206.72, 0.000211375
FILLER_0_71_1337, 626.74, 206.72, 0.000210238
FILLER_0_71_1393, 652.34, 206.72, 0.00020503
FILLER_0_72_1421, 665.14, 206.72, 0.000200959
FILLER_0_71_1449, 677.94, 206.72, 0.000196889
FILLER_0_72_1477, 690.74, 206.72, 0.000192818
FILLER_0_71_1505, 703.54, 206.72, 0.000188748
FILLER_0_72_1533, 716.34, 206.72, 0.000184677
FILLER_0_71_1561, 729.14, 206.72, 0.000180607
FILLER_0_72_1589, 741.94, 206.72, 0.000176536
FILLER_0_71_1617, 754.74, 206.72, 0.000172466
FILLER_0_72_1645, 767.54, 206.72, 0.000168395
FILLER_0_71_1673, 780.34, 206.72, 0.000164324
FILLER_0_71_1729, 805.94, 206.72, 0.000154318
FILLER_0_72_1757, 818.74, 206.72, 0.000148381
FILLER_0_71_1785, 831.54, 206.72, 0.000142445
FILLER_0_72_1813, 844.34, 206.72, 0.000136509
FILLER_0_71_1841, 857.14, 206.72, 0.000130573
FILLER_0_72_1869, 869.94, 206.72, 0.000124637
FILLER_0_71_1897, 882.74, 206.72, 0.000118701
FILLER_0_72_1925, 895.54, 206.72, 0.000112764
FILLER_0_71_1953, 908.34, 206.72, 0.000106828
FILLER_0_72_1981, 921.14, 206.72, 0.000100892
FILLER_0_71_2009, 933.94, 206.72, 9.49556e-05
FILLER_0_71_2065, 958.57, 206.72, 8.90195e-05
FILLER_0_72_2093, 970.4, 206.72, 8.90195e-05
FILLER_0_71_2121, 982.23, 206.72, 8.90196e-05
PHY_138, 5.52, 201.28, 9.31791e-05
PHY_140, 5.52, 201.28, 9.31791e-05
PHY_139, 994.06, 201.28, 7.92715e-05
PHY_141, 994.06, 201.28, 7.92715e-05
FILLER_0_69_2141, 994.06, 201.28, 7.92715e-05
FILLER_0_70_2137, 994.06, 201.28, 7.92715e-05
FILLER_0_70_77, 37.94, 201.28, 9.84877e-05
FILLER_0_71_105, 50.74, 201.28, 0.000103796
FILLER_0_70_133, 63.54, 201.28, 0.000109105
FILLER_0_71_161, 76.34, 201.28, 0.000114414
FILLER_0_70_189, 89.14, 201.28, 0.000119722
FILLER_0_71_217, 101.94, 201.28, 0.000125031
FILLER_0_70_245, 114.74, 201.28, 0.000130339
FILLER_0_71_273, 127.54, 201.28, 0.000135648
FILLER_0_70_301, 140.34, 201.28, 0.000140956
FILLER_0_71_329, 153.14, 201.28, 0.000146265
FILLER_0_70_357, 165.94, 201.28, 0.000151573
FILLER_0_70_413, 191.54, 201.28, 0.000159442
FILLER_0_71_441, 204.34, 201.28, 0.000162002
FILLER_0_70_469, 217.14, 201.28, 0.000164562
FILLER_0_71_497, 229.94, 201.28, 0.000167122
FILLER_0_70_525, 242.74, 201.28, 0.000169682
FILLER_0_71_553, 255.54, 201.28, 0.000172241
FILLER_0_70_581, 268.34, 201.28, 0.000174801
FILLER_0_71_609, 281.14, 201.28, 0.000177361
FILLER_0_70_637, 293.94, 201.28, 0.000179921
FILLER_0_71_665, 306.74, 201.28, 0.000182481
FILLER_0_70_693, 319.54, 201.28, 0.000185041
FILLER_0_70_749, 345.14, 201.28, 0.000190058
FILLER_0_71_777, 357.94, 201.28, 0.000192516
FILLER_0_70_805, 370.74, 201.28, 0.000194974
FILLER_0_71_833, 383.54, 201.28, 0.000197432
FILLER_0_70_861, 396.34, 201.28, 0.00019989
FILLER_0_71_889, 409.14, 201.28, 0.000202348
FILLER_0_70_917, 421.94, 201.28, 0.000204806
FILLER_0_71_945, 434.74, 201.28, 0.000207263
FILLER_0_70_973, 447.54, 201.28, 0.000209721
FILLER_0_71_1001, 460.34, 201.28, 0.000212179
FILLER_0_70_1029, 473.14, 201.28, 0.000214637
FILLER_0_70_1085, 498.74, 201.28, 0.000215959
FILLER_0_71_1113, 511.54, 201.28, 0.000214823
FILLER_0_70_1141, 524.34, 201.28, 0.000213687
FILLER_0_71_1169, 537.14, 201.28, 0.000212551
FILLER_0_70_1197, 549.94, 201.28, 0.000211415
FILLER_0_71_1225, 562.74, 201.28, 0.000210279
FILLER_0_70_1253, 575.54, 201.28, 0.000209143
FILLER_0_69_1281, 601.14, 201.28, 0.000206871
FILLER_0_70_1309, 613.94, 201.28, 0.000205735
FILLER_0_69_1337, 626.74, 201.28, 0.000204599
FILLER_0_69_1393, 652.34, 201.28, 0.000199365
FILLER_0_70_1421, 665.14, 201.28, 0.000195267
FILLER_0_69_1449, 677.94, 201.28, 0.000191169
FILLER_0_70_1477, 690.74, 201.28, 0.000187072
FILLER_0_69_1505, 703.54, 201.28, 0.000182974
FILLER_0_70_1533, 716.34, 201.28, 0.000178876
FILLER_0_69_1561, 729.14, 201.28, 0.000174778
FILLER_0_70_1589, 741.94, 201.28, 0.000170681
FILLER_0_69_1617, 754.74, 201.28, 0.000166583
FILLER_0_70_1645, 767.54, 201.28, 0.000162485
FILLER_0_69_1673, 780.34, 201.28, 0.000158387
FILLER_0_69_1729, 805.94, 201.28, 0.000148038
FILLER_0_70_1757, 818.74, 201.28, 0.000141786
FILLER_0_69_1785, 831.54, 201.28, 0.000135535
FILLER_0_70_1813, 844.34, 201.28, 0.000129283
FILLER_0_69_1841, 857.14, 201.28, 0.000123032
FILLER_0_70_1869, 869.94, 201.28, 0.00011678
FILLER_0_69_1897, 882.74, 201.28, 0.000110529
FILLER_0_70_1925, 895.54, 201.28, 0.000104277
FILLER_0_69_1953, 908.34, 201.28, 9.80259e-05
FILLER_0_70_1981, 921.14, 201.28, 9.17744e-05
FILLER_0_69_2009, 933.94, 201.28, 8.55228e-05
FILLER_0_69_2065, 958.57, 201.28, 7.92713e-05
FILLER_0_70_2093, 970.4, 201.28, 7.92714e-05
FILLER_0_69_2121, 982.23, 201.28, 7.92714e-05
PHY_134, 5.52, 195.84, 8.04695e-05
PHY_136, 5.52, 195.84, 8.04695e-05
PHY_135, 994.06, 195.84, 6.92471e-05
PHY_137, 994.06, 195.84, 6.92471e-05
FILLER_0_67_2141, 994.06, 195.84, 6.92471e-05
FILLER_0_68_2137, 994.06, 195.84, 6.92471e-05
FILLER_0_68_77, 37.94, 195.84, 8.6296e-05
FILLER_0_69_105, 50.74, 195.84, 9.21225e-05
FILLER_0_68_133, 63.54, 195.84, 9.79489e-05
FILLER_0_69_161, 76.34, 195.84, 0.000103775
FILLER_0_68_189, 89.14, 195.84, 0.000109602
FILLER_0_69_217, 101.94, 195.84, 0.000115428
FILLER_0_68_245, 114.74, 195.84, 0.000121255
FILLER_0_69_273, 127.54, 195.84, 0.000127081
FILLER_0_68_301, 140.34, 195.84, 0.000132907
FILLER_0_69_329, 153.14, 195.84, 0.000138734
FILLER_0_68_357, 165.94, 195.84, 0.00014456
FILLER_0_68_413, 191.54, 195.84, 0.000153197
FILLER_0_69_441, 204.34, 195.84, 0.000156007
FILLER_0_68_469, 217.14, 195.84, 0.000158818
FILLER_0_69_497, 229.94, 195.84, 0.000161628
FILLER_0_68_525, 242.74, 195.84, 0.000164438
FILLER_0_69_553, 255.54, 195.84, 0.000167248
FILLER_0_68_581, 268.34, 195.84, 0.000170059
FILLER_0_69_609, 281.14, 195.84, 0.000172869
FILLER_0_68_637, 293.94, 195.84, 0.000175679
FILLER_0_69_665, 306.74, 195.84, 0.000178489
FILLER_0_68_693, 319.54, 195.84, 0.0001813
FILLER_0_68_749, 345.14, 195.84, 0.000186401
FILLER_0_69_777, 357.94, 195.84, 0.000188692
FILLER_0_68_805, 370.74, 195.84, 0.000190983
FILLER_0_69_833, 383.54, 195.84, 0.000193274
FILLER_0_68_861, 396.34, 195.84, 0.000195565
FILLER_0_69_889, 409.14, 195.84, 0.000197856
FILLER_0_68_917, 421.94, 195.84, 0.000200147
FILLER_0_69_945, 434.74, 195.84, 0.000202438
FILLER_0_68_973, 447.54, 195.84, 0.000204729
FILLER_0_69_1001, 460.34, 195.84, 0.00020702
FILLER_0_68_1029, 473.14, 195.84, 0.000209311
FILLER_0_68_1085, 498.74, 195.84, 0.000210465
FILLER_0_69_1113, 511.54, 195.84, 0.000209329
FILLER_0_68_1141, 524.34, 195.84, 0.000208193
FILLER_0_69_1169, 537.14, 195.84, 0.000207056
FILLER_0_68_1197, 549.94, 195.84, 0.00020592
FILLER_0_69_1225, 562.74, 195.84, 0.000204783
FILLER_0_68_1253, 575.54, 195.84, 0.000203647
FILLER_0_67_1281, 601.14, 195.84, 0.000201374
FILLER_0_68_1309, 613.94, 195.84, 0.000200238
FILLER_0_67_1337, 626.74, 195.84, 0.000199101
FILLER_0_67_1393, 652.34, 195.84, 0.000193835
FILLER_0_68_1421, 665.14, 195.84, 0.000189705
FILLER_0_67_1449, 677.94, 195.84, 0.000185576
FILLER_0_68_1477, 690.74, 195.84, 0.000181446
FILLER_0_67_1505, 703.54, 195.84, 0.000177316
FILLER_0_68_1533, 716.34, 195.84, 0.000173187
FILLER_0_67_1561, 729.14, 195.84, 0.000169057
FILLER_0_68_1589, 741.94, 195.84, 0.000164927
FILLER_0_67_1617, 754.74, 195.84, 0.000160798
FILLER_0_68_1645, 767.54, 195.84, 0.000156668
FILLER_0_67_1673, 780.34, 195.84, 0.000152538
FILLER_0_67_1729, 805.94, 195.84, 0.000141812
FILLER_0_68_1757, 818.74, 195.84, 0.000135215
FILLER_0_67_1785, 831.54, 195.84, 0.000128618
FILLER_0_68_1813, 844.34, 195.84, 0.000122021
FILLER_0_67_1841, 857.14, 195.84, 0.000115425
FILLER_0_68_1869, 869.94, 195.84, 0.000108828
FILLER_0_67_1897, 882.74, 195.84, 0.000102231
FILLER_0_68_1925, 895.54, 195.84, 9.56342e-05
FILLER_0_67_1953, 908.34, 195.84, 8.90374e-05
FILLER_0_68_1981, 921.14, 195.84, 8.24405e-05
FILLER_0_67_2009, 933.94, 195.84, 7.58437e-05
FILLER_0_67_2065, 958.57, 195.84, 6.92469e-05
FILLER_0_68_2093, 970.4, 195.84, 6.9247e-05
FILLER_0_67_2121, 982.23, 195.84, 6.9247e-05
PHY_130, 5.52, 190.4, 6.75048e-05
PHY_132, 5.52, 190.4, 6.75048e-05
PHY_131, 994.06, 190.4, 5.89316e-05
PHY_133, 994.06, 190.4, 5.89316e-05
FILLER_0_65_2141, 994.06, 190.4, 5.89316e-05
FILLER_0_66_2137, 994.06, 190.4, 5.89316e-05
FILLER_0_66_77, 37.94, 190.4, 7.388e-05
FILLER_0_67_105, 50.74, 190.4, 8.02552e-05
FILLER_0_66_133, 63.54, 190.4, 8.66304e-05
FILLER_0_67_161, 76.34, 190.4, 9.30056e-05
FILLER_0_66_189, 89.14, 190.4, 9.93807e-05
FILLER_0_67_217, 101.94, 190.4, 0.000105756
FILLER_0_66_245, 114.74, 190.4, 0.000112131
FILLER_0_67_273, 127.54, 190.4, 0.000118506
FILLER_0_66_301, 140.34, 190.4, 0.000124881
FILLER_0_67_329, 153.14, 190.4, 0.000131256
FILLER_0_66_357, 165.94, 190.4, 0.000137632
FILLER_0_66_413, 191.54, 190.4, 0.000147061
FILLER_0_67_441, 204.34, 190.4, 0.000150115
FILLER_0_66_469, 217.14, 190.4, 0.000153169
FILLER_0_67_497, 229.94, 190.4, 0.000156224
FILLER_0_66_525, 242.74, 190.4, 0.000159278
FILLER_0_67_553, 255.54, 190.4, 0.000162332
FILLER_0_66_581, 268.34, 190.4, 0.000165386
FILLER_0_67_609, 281.14, 190.4, 0.00016844
FILLER_0_66_637, 293.94, 190.4, 0.000171494
FILLER_0_67_665, 306.74, 190.4, 0.000174548
FILLER_0_66_693, 319.54, 190.4, 0.000177603
FILLER_0_66_749, 345.14, 190.4, 0.000182791
FILLER_0_67_777, 357.94, 190.4, 0.000184925
FILLER_0_66_805, 370.74, 190.4, 0.000187059
FILLER_0_67_833, 383.54, 190.4, 0.000189193
FILLER_0_66_861, 396.34, 190.4, 0.000191327
FILLER_0_67_889, 409.14, 190.4, 0.000193461
FILLER_0_66_917, 421.94, 190.4, 0.000195595
FILLER_0_67_945, 434.74, 190.4, 0.000197729
FILLER_0_66_973, 447.54, 190.4, 0.000199863
FILLER_0_67_1001, 460.34, 190.4, 0.000201997
FILLER_0_66_1029, 473.14, 190.4, 0.000204131
FILLER_0_66_1085, 498.74, 190.4, 0.000205127
FILLER_0_67_1113, 511.54, 190.4, 0.000203989
FILLER_0_66_1141, 524.34, 190.4, 0.000202851
FILLER_0_67_1169, 537.14, 190.4, 0.000201713
FILLER_0_66_1197, 549.94, 190.4, 0.000200575
FILLER_0_67_1225, 562.74, 190.4, 0.000199437
FILLER_0_66_1253, 575.54, 190.4, 0.000198298
FILLER_0_65_1281, 601.14, 190.4, 0.000196022
FILLER_0_66_1309, 613.94, 190.4, 0.000194884
FILLER_0_65_1337, 626.74, 190.4, 0.000193746
FILLER_0_65_1393, 652.34, 190.4, 0.000188443
FILLER_0_66_1421, 665.14, 190.4, 0.000184277
FILLER_0_65_1449, 677.94, 190.4, 0.000180112
FILLER_0_66_1477, 690.74, 190.4, 0.000175947
FILLER_0_65_1505, 703.54, 190.4, 0.000171781
FILLER_0_66_1533, 716.34, 190.4, 0.000167616
FILLER_0_65_1561, 729.14, 190.4, 0.000163451
FILLER_0_66_1589, 741.94, 190.4, 0.000159285
FILLER_0_65_1617, 754.74, 190.4, 0.00015512
FILLER_0_66_1645, 767.54, 190.4, 0.000150954
FILLER_0_65_1673, 780.34, 190.4, 0.000146789
FILLER_0_65_1729, 805.94, 190.4, 0.000135649
FILLER_0_66_1757, 818.74, 190.4, 0.000128675
FILLER_0_65_1785, 831.54, 190.4, 0.000121701
FILLER_0_66_1813, 844.34, 190.4, 0.000114726
FILLER_0_65_1841, 857.14, 190.4, 0.000107752
FILLER_0_66_1869, 869.94, 190.4, 0.000100778
FILLER_0_65_1897, 882.74, 190.4, 9.38033e-05
FILLER_0_66_1925, 895.54, 190.4, 8.68289e-05
FILLER_0_65_1953, 908.34, 190.4, 7.98546e-05
FILLER_0_66_1981, 921.14, 190.4, 7.28802e-05
FILLER_0_65_2009, 933.94, 190.4, 6.59058e-05
FILLER_0_65_2065, 958.57, 190.4, 5.89314e-05
FILLER_0_66_2093, 970.4, 190.4, 5.89315e-05
FILLER_0_65_2121, 982.23, 190.4, 5.89316e-05
PHY_126, 5.52, 184.96, 5.42609e-05
PHY_128, 5.52, 184.96, 5.42609e-05
PHY_127, 994.06, 184.96, 4.83089e-05
PHY_129, 994.06, 184.96, 4.83089e-05
FILLER_0_63_2141, 994.06, 184.96, 4.83089e-05
FILLER_0_64_2137, 994.06, 184.96, 4.83089e-05
FILLER_0_64_77, 37.94, 184.96, 6.12187e-05
FILLER_0_65_105, 50.74, 184.96, 6.81766e-05
FILLER_0_64_133, 63.54, 184.96, 7.51344e-05
FILLER_0_65_161, 76.34, 184.96, 8.20923e-05
FILLER_0_64_189, 89.14, 184.96, 8.90501e-05
FILLER_0_65_217, 101.94, 184.96, 9.6008e-05
FILLER_0_64_245, 114.74, 184.96, 0.000102966
FILLER_0_65_273, 127.54, 184.96, 0.000109924
FILLER_0_64_301, 140.34, 184.96, 0.000116881
FILLER_0_65_329, 153.14, 184.96, 0.000123839
FILLER_0_64_357, 165.94, 184.96, 0.000130797
FILLER_0_64_413, 191.54, 184.96, 0.000141047
FILLER_0_65_441, 204.34, 184.96, 0.000144339
FILLER_0_64_469, 217.14, 184.96, 0.000147631
FILLER_0_65_497, 229.94, 184.96, 0.000150923
FILLER_0_64_525, 242.74, 184.96, 0.000154215
FILLER_0_65_553, 255.54, 184.96, 0.000157507
FILLER_0_64_581, 268.34, 184.96, 0.000160799
FILLER_0_65_609, 281.14, 184.96, 0.000164091
FILLER_0_64_637, 293.94, 184.96, 0.000167383
FILLER_0_65_665, 306.74, 184.96, 0.000170675
FILLER_0_64_693, 319.54, 184.96, 0.000173967
FILLER_0_64_749, 345.14, 184.96, 0.000179244
FILLER_0_65_777, 357.94, 184.96, 0.000181229
FILLER_0_64_805, 370.74, 184.96, 0.000183214
FILLER_0_65_833, 383.54, 184.96, 0.000185198
FILLER_0_64_861, 396.34, 184.96, 0.000187183
FILLER_0_65_889, 409.14, 184.96, 0.000189168
FILLER_0_64_917, 421.94, 184.96, 0.000191153
FILLER_0_65_945, 434.74, 184.96, 0.000193138
FILLER_0_64_973, 447.54, 184.96, 0.000195123
FILLER_0_65_1001, 460.34, 184.96, 0.000197108
FILLER_0_64_1029, 473.14, 184.96, 0.000199093
FILLER_0_64_1085, 498.74, 184.96, 0.000199937
FILLER_0_65_1113, 511.54, 184.96, 0.000198797
FILLER_0_64_1141, 524.34, 184.96, 0.000197657
FILLER_0_65_1169, 537.14, 184.96, 0.000196517
FILLER_0_64_1197, 549.94, 184.96, 0.000195377
FILLER_0_65_1225, 562.74, 184.96, 0.000194236
FILLER_0_64_1253, 575.54, 184.96, 0.000193096
FILLER_0_63_1281, 601.14, 184.96, 0.000190816
FILLER_0_64_1309, 613.94, 184.96, 0.000189676
FILLER_0_63_1337, 626.74, 184.96, 0.000188535
FILLER_0_63_1393, 652.34, 184.96, 0.000183191
FILLER_0_64_1421, 665.14, 184.96, 0.000178987
FILLER_0_63_1449, 677.94, 184.96, 0.000174784
FILLER_0_64_1477, 690.74, 184.96, 0.00017058
FILLER_0_63_1505, 703.54, 184.96, 0.000166376
FILLER_0_64_1533, 716.34, 184.96, 0.000162172
FILLER_0_63_1561, 729.14, 184.96, 0.000157968
FILLER_0_64_1589, 741.94, 184.96, 0.000153764
FILLER_0_63_1617, 754.74, 184.96, 0.00014956
FILLER_0_64_1645, 767.54, 184.96, 0.000145356
FILLER_0_63_1673, 780.34, 184.96, 0.000141152
FILLER_0_63_1729, 805.94, 184.96, 0.000129562
FILLER_0_64_1757, 818.74, 184.96, 0.000122175
FILLER_0_63_1785, 831.54, 184.96, 0.000114789
FILLER_0_64_1813, 844.34, 184.96, 0.000107402
FILLER_0_63_1841, 857.14, 184.96, 0.000100015
FILLER_0_64_1869, 869.94, 184.96, 9.26287e-05
FILLER_0_63_1897, 882.74, 184.96, 8.52421e-05
FILLER_0_64_1925, 895.54, 184.96, 7.78554e-05
FILLER_0_63_1953, 908.34, 184.96, 7.04688e-05
FILLER_0_64_1981, 921.14, 184.96, 6.30821e-05
FILLER_0_63_2009, 933.94, 184.96, 5.56954e-05
FILLER_0_63_2065, 958.57, 184.96, 4.83088e-05
FILLER_0_64_2093, 970.4, 184.96, 4.83088e-05
FILLER_0_63_2121, 982.23, 184.96, 4.83089e-05
PHY_122, 5.52, 179.52, 5.60964e-05
PHY_124, 5.52, 179.52, 5.60964e-05
PHY_123, 994.06, 179.52, 5.08256e-05
PHY_125, 994.06, 179.52, 5.08256e-05
FILLER_0_61_2141, 994.06, 179.52, 5.08256e-05
FILLER_0_62_2137, 994.06, 179.52, 5.08256e-05
FILLER_0_62_77, 37.94, 179.52, 6.27638e-05
FILLER_0_63_105, 50.74, 179.52, 6.94311e-05
FILLER_0_62_133, 63.54, 179.52, 7.60985e-05
FILLER_0_63_161, 76.34, 179.52, 8.27658e-05
FILLER_0_62_189, 89.14, 179.52, 8.94332e-05
FILLER_0_63_217, 101.94, 179.52, 9.61005e-05
FILLER_0_62_245, 114.74, 179.52, 0.000102768
FILLER_0_63_273, 127.54, 179.52, 0.000109435
FILLER_0_62_301, 140.34, 179.52, 0.000116102
FILLER_0_63_329, 153.14, 179.52, 0.00012277
FILLER_0_62_357, 165.94, 179.52, 0.000129437
FILLER_0_62_413, 191.54, 179.52, 0.000139369
FILLER_0_63_441, 204.34, 179.52, 0.000142635
FILLER_0_62_469, 217.14, 179.52, 0.0001459
FILLER_0_63_497, 229.94, 179.52, 0.000149165
FILLER_0_62_525, 242.74, 179.52, 0.000152431
FILLER_0_63_553, 255.54, 179.52, 0.000155696
FILLER_0_62_581, 268.34, 179.52, 0.000158961
FILLER_0_63_609, 281.14, 179.52, 0.000162227
FILLER_0_62_637, 293.94, 179.52, 0.000165492
FILLER_0_63_665, 306.74, 179.52, 0.000168757
FILLER_0_62_693, 319.54, 179.52, 0.000172022
FILLER_0_62_749, 345.14, 179.52, 0.000177165
FILLER_0_63_777, 357.94, 179.52, 0.000179043
FILLER_0_62_805, 370.74, 179.52, 0.00018092
FILLER_0_63_833, 383.54, 179.52, 0.000182798
FILLER_0_62_861, 396.34, 179.52, 0.000184675
FILLER_0_63_889, 409.14, 179.52, 0.000186553
FILLER_0_62_917, 421.94, 179.52, 0.00018843
FILLER_0_63_945, 434.74, 179.52, 0.000190308
FILLER_0_62_973, 447.54, 179.52, 0.000192185
FILLER_0_63_1001, 460.34, 179.52, 0.000194063
FILLER_0_62_1029, 473.14, 179.52, 0.00019594
FILLER_0_62_1085, 498.74, 179.52, 0.0001967
FILLER_0_63_1113, 511.54, 179.52, 0.000195581
FILLER_0_62_1141, 524.34, 179.52, 0.000194463
FILLER_0_63_1169, 537.14, 179.52, 0.000193345
FILLER_0_62_1197, 549.94, 179.52, 0.000192227
FILLER_0_63_1225, 562.74, 179.52, 0.000191109
FILLER_0_62_1253, 575.54, 179.52, 0.00018999
FILLER_0_61_1281, 601.14, 179.52, 0.000187754
FILLER_0_62_1309, 613.94, 179.52, 0.000186636
FILLER_0_61_1337, 626.74, 179.52, 0.000185517
FILLER_0_61_1393, 652.34, 179.52, 0.000180318
FILLER_0_62_1421, 665.14, 179.52, 0.000176236
FILLER_0_61_1449, 677.94, 179.52, 0.000172155
FILLER_0_62_1477, 690.74, 179.52, 0.000168074
FILLER_0_61_1505, 703.54, 179.52, 0.000163993
FILLER_0_62_1533, 716.34, 179.52, 0.000159911
FILLER_0_61_1561, 729.14, 179.52, 0.00015583
FILLER_0_62_1589, 741.94, 179.52, 0.000151749
FILLER_0_61_1617, 754.74, 179.52, 0.000147668
FILLER_0_62_1645, 767.54, 179.52, 0.000143586
FILLER_0_61_1673, 780.34, 179.52, 0.000139505
FILLER_0_61_1729, 805.94, 179.52, 0.000128374
FILLER_0_62_1757, 818.74, 179.52, 0.000121324
FILLER_0_61_1785, 831.54, 179.52, 0.000114274
FILLER_0_62_1813, 844.34, 179.52, 0.000107224
FILLER_0_61_1841, 857.14, 179.52, 0.000100175
FILLER_0_62_1869, 869.94, 179.52, 9.31247e-05
FILLER_0_61_1897, 882.74, 179.52, 8.60748e-05
FILLER_0_62_1925, 895.54, 179.52, 7.9025e-05
FILLER_0_61_1953, 908.34, 179.52, 7.19751e-05
FILLER_0_62_1981, 921.14, 179.52, 6.49252e-05
FILLER_0_61_2009, 933.94, 179.52, 5.78753e-05
FILLER_0_61_2065, 958.57, 179.52, 5.08255e-05
FILLER_0_62_2093, 970.4, 179.52, 5.08255e-05
FILLER_0_61_2121, 982.23, 179.52, 5.08256e-05
PHY_118, 5.52, 174.08, 6.08949e-05
PHY_120, 5.52, 174.08, 6.08949e-05
PHY_119, 994.06, 174.08, 5.58809e-05
PHY_121, 994.06, 174.08, 5.58809e-05
FILLER_0_59_2141, 994.06, 174.08, 5.58809e-05
FILLER_0_60_2137, 994.06, 174.08, 5.58809e-05
FILLER_0_60_77, 37.94, 174.08, 6.71145e-05
FILLER_0_61_105, 50.74, 174.08, 7.3334e-05
FILLER_0_60_133, 63.54, 174.08, 7.95535e-05
FILLER_0_61_161, 76.34, 174.08, 8.57731e-05
FILLER_0_60_189, 89.14, 174.08, 9.19926e-05
FILLER_0_61_217, 101.94, 174.08, 9.82121e-05
FILLER_0_60_245, 114.74, 174.08, 0.000104432
FILLER_0_61_273, 127.54, 174.08, 0.000110651
FILLER_0_60_301, 140.34, 174.08, 0.000116871
FILLER_0_61_329, 153.14, 174.08, 0.00012309
FILLER_0_60_357, 165.94, 174.08, 0.000129309
FILLER_0_60_413, 191.54, 174.08, 0.000138708
FILLER_0_61_441, 204.34, 174.08, 0.000141887
FILLER_0_60_469, 217.14, 174.08, 0.000145066
FILLER_0_61_497, 229.94, 174.08, 0.000148245
FILLER_0_60_525, 242.74, 174.08, 0.000151424
FILLER_0_61_553, 255.54, 174.08, 0.000154603
FILLER_0_60_581, 268.34, 174.08, 0.000157782
FILLER_0_61_609, 281.14, 174.08, 0.000160961
FILLER_0_60_637, 293.94, 174.08, 0.00016414
FILLER_0_61_665, 306.74, 174.08, 0.000167319
FILLER_0_60_693, 319.54, 174.08, 0.000170498
FILLER_0_60_749, 345.14, 174.08, 0.000175461
FILLER_0_61_777, 357.94, 174.08, 0.000177244
FILLER_0_60_805, 370.74, 174.08, 0.000179027
FILLER_0_61_833, 383.54, 174.08, 0.00018081
FILLER_0_60_861, 396.34, 174.08, 0.000182593
FILLER_0_61_889, 409.14, 174.08, 0.000184376
FILLER_0_60_917, 421.94, 174.08, 0.000186159
FILLER_0_61_945, 434.74, 174.08, 0.000187942
FILLER_0_60_973, 447.54, 174.08, 0.000189725
FILLER_0_61_1001, 460.34, 174.08, 0.000191509
FILLER_0_60_1029, 473.14, 174.08, 0.000193292
FILLER_0_60_1085, 498.74, 174.08, 0.000193984
FILLER_0_61_1113, 511.54, 174.08, 0.000192893
FILLER_0_60_1141, 524.34, 174.08, 0.000191801
FILLER_0_61_1169, 537.14, 174.08, 0.00019071
FILLER_0_60_1197, 549.94, 174.08, 0.000189619
FILLER_0_61_1225, 562.74, 174.08, 0.000188528
FILLER_0_60_1253, 575.54, 174.08, 0.000187437
FILLER_0_59_1281, 601.14, 174.08, 0.000185255
FILLER_0_60_1309, 613.94, 174.08, 0.000184164
FILLER_0_59_1337, 626.74, 174.08, 0.000183073
FILLER_0_59_1393, 652.34, 174.08, 0.000178055
FILLER_0_60_1421, 665.14, 174.08, 0.000174129
FILLER_0_59_1449, 677.94, 174.08, 0.000170203
FILLER_0_60_1477, 690.74, 174.08, 0.000166277
FILLER_0_59_1505, 703.54, 174.08, 0.000162351
FILLER_0_60_1533, 716.34, 174.08, 0.000158424
FILLER_0_59_1561, 729.14, 174.08, 0.000154498
FILLER_0_60_1589, 741.94, 174.08, 0.000150572
FILLER_0_59_1617, 754.74, 174.08, 0.000146646
FILLER_0_60_1645, 767.54, 174.08, 0.000142719
FILLER_0_59_1673, 780.34, 174.08, 0.000138793
FILLER_0_59_1729, 805.94, 174.08, 0.000128285
FILLER_0_60_1757, 818.74, 174.08, 0.000121703
FILLER_0_59_1785, 831.54, 174.08, 0.00011512
FILLER_0_60_1813, 844.34, 174.08, 0.000108538
FILLER_0_59_1841, 857.14, 174.08, 0.000101956
FILLER_0_60_1869, 869.94, 174.08, 9.53739e-05
FILLER_0_59_1897, 882.74, 174.08, 8.87917e-05
FILLER_0_60_1925, 895.54, 174.08, 8.22095e-05
FILLER_0_59_1953, 908.34, 174.08, 7.56273e-05
FILLER_0_60_1981, 921.14, 174.08, 6.90451e-05
FILLER_0_59_2009, 933.94, 174.08, 6.24629e-05
FILLER_0_59_2065, 958.57, 174.08, 5.58807e-05
FILLER_0_60_2093, 970.4, 174.08, 5.58808e-05
FILLER_0_59_2121, 982.23, 174.08, 5.58808e-05
PHY_114, 5.52, 168.64, 6.54207e-05
PHY_116, 5.52, 168.64, 6.54207e-05
output22, 5.52, 168.64, 6.54207e-05
PHY_115, 994.06, 168.64, 6.06462e-05
PHY_117, 994.06, 168.64, 6.06462e-05
FILLER_0_57_2141, 994.06, 168.64, 6.06462e-05
FILLER_0_58_2137, 994.06, 168.64, 6.06462e-05
FILLER_0_58_77, 37.94, 168.64, 7.12249e-05
FILLER_0_59_105, 50.74, 168.64, 7.70292e-05
FILLER_0_58_133, 63.54, 168.64, 8.28334e-05
FILLER_0_59_161, 76.34, 168.64, 8.86376e-05
FILLER_0_58_189, 89.14, 168.64, 9.44419e-05
FILLER_0_59_217, 101.94, 168.64, 0.000100246
FILLER_0_58_245, 114.74, 168.64, 0.00010605
FILLER_0_59_273, 127.54, 168.64, 0.000111854
FILLER_0_58_301, 140.34, 168.64, 0.000117659
FILLER_0_59_329, 153.14, 168.64, 0.000123463
FILLER_0_58_357, 165.94, 168.64, 0.000129267
FILLER_0_58_413, 191.54, 168.64, 0.00013816
FILLER_0_59_441, 204.34, 168.64, 0.00014125
FILLER_0_58_469, 217.14, 168.64, 0.000144339
FILLER_0_59_497, 229.94, 168.64, 0.000147428
FILLER_0_58_525, 242.74, 168.64, 0.000150517
FILLER_0_59_553, 255.54, 168.64, 0.000153606
FILLER_0_58_581, 268.34, 168.64, 0.000156695
FILLER_0_59_609, 281.14, 168.64, 0.000159785
FILLER_0_58_637, 293.94, 168.64, 0.000162874
FILLER_0_59_665, 306.74, 168.64, 0.000165963
FILLER_0_58_693, 319.54, 168.64, 0.000169052
FILLER_0_58_749, 345.14, 168.64, 0.000173835
FILLER_0_59_777, 357.94, 168.64, 0.000175529
FILLER_0_58_805, 370.74, 168.64, 0.000177222
FILLER_0_59_833, 383.54, 168.64, 0.000178916
FILLER_0_58_861, 396.34, 168.64, 0.00018061
FILLER_0_59_889, 409.14, 168.64, 0.000182303
FILLER_0_58_917, 421.94, 168.64, 0.000183997
FILLER_0_59_945, 434.74, 168.64, 0.000185691
FILLER_0_58_973, 447.54, 168.64, 0.000187384
FILLER_0_59_1001, 460.34, 168.64, 0.000189078
FILLER_0_58_1029, 473.14, 168.64, 0.000190772
FILLER_0_58_1085, 498.74, 168.64, 0.000191401
FILLER_0_59_1113, 511.54, 168.64, 0.000190337
FILLER_0_58_1141, 524.34, 168.64, 0.000189274
FILLER_0_59_1169, 537.14, 168.64, 0.00018821
FILLER_0_58_1197, 549.94, 168.64, 0.000187146
FILLER_0_59_1225, 562.74, 168.64, 0.000186082
FILLER_0_58_1253, 575.54, 168.64, 0.000185018
FILLER_0_57_1281, 601.14, 168.64, 0.00018289
FILLER_0_58_1309, 613.94, 168.64, 0.000181826
FILLER_0_57_1337, 626.74, 168.64, 0.000180762
FILLER_0_57_1393, 652.34, 168.64, 0.000175924
FILLER_0_58_1421, 665.14, 168.64, 0.000172151
FILLER_0_57_1449, 677.94, 168.64, 0.000168377
FILLER_0_58_1477, 690.74, 168.64, 0.000164603
FILLER_0_57_1505, 703.54, 168.64, 0.00016083
FILLER_0_58_1533, 716.34, 168.64, 0.000157056
FILLER_0_57_1561, 729.14, 168.64, 0.000153282
FILLER_0_58_1589, 741.94, 168.64, 0.000149509
FILLER_0_57_1617, 754.74, 168.64, 0.000145735
FILLER_0_58_1645, 767.54, 168.64, 0.000141961
FILLER_0_57_1673, 780.34, 168.64, 0.000138187
FILLER_0_57_1729, 805.94, 168.64, 0.000128266
FILLER_0_58_1757, 818.74, 168.64, 0.000122119
FILLER_0_57_1785, 831.54, 168.64, 0.000115972
FILLER_0_58_1813, 844.34, 168.64, 0.000109825
FILLER_0_57_1841, 857.14, 168.64, 0.000103677
FILLER_0_58_1869, 869.94, 168.64, 9.753e-05
FILLER_0_57_1897, 882.74, 168.64, 9.13827e-05
FILLER_0_58_1925, 895.54, 168.64, 8.52354e-05
FILLER_0_57_1953, 908.34, 168.64, 7.9088e-05
FILLER_0_58_1981, 921.14, 168.64, 7.29407e-05
FILLER_0_57_2009, 933.94, 168.64, 6.67933e-05
FILLER_0_57_2065, 958.57, 168.64, 6.06461e-05
FILLER_0_58_2093, 970.4, 168.64, 6.06461e-05
FILLER_0_57_2121, 982.23, 168.64, 6.06462e-05
PHY_110, 5.52, 163.2, 6.96916e-05
PHY_112, 5.52, 163.2, 6.96916e-05
PHY_111, 994.06, 163.2, 6.51405e-05
PHY_113, 994.06, 163.2, 6.51405e-05
FILLER_0_55_2141, 994.06, 163.2, 6.51405e-05
FILLER_0_56_2137, 994.06, 163.2, 6.51405e-05
FILLER_0_56_77, 37.94, 163.2, 7.51105e-05
FILLER_0_57_105, 50.74, 163.2, 8.05294e-05
FILLER_0_56_133, 63.54, 163.2, 8.59483e-05
FILLER_0_57_161, 76.34, 163.2, 9.13672e-05
FILLER_0_56_189, 89.14, 163.2, 9.67861e-05
FILLER_0_57_217, 101.94, 163.2, 0.000102205
FILLER_0_56_245, 114.74, 163.2, 0.000107624
FILLER_0_57_273, 127.54, 163.2, 0.000113043
FILLER_0_56_301, 140.34, 163.2, 0.000118462
FILLER_0_57_329, 153.14, 163.2, 0.00012388
FILLER_0_56_357, 165.94, 163.2, 0.000129299
FILLER_0_56_413, 191.54, 163.2, 0.000137715
FILLER_0_57_441, 204.34, 163.2, 0.000140711
FILLER_0_56_469, 217.14, 163.2, 0.000143708
FILLER_0_57_497, 229.94, 163.2, 0.000146705
FILLER_0_56_525, 242.74, 163.2, 0.000149701
FILLER_0_57_553, 255.54, 163.2, 0.000152698
FILLER_0_56_581, 268.34, 163.2, 0.000155695
FILLER_0_57_609, 281.14, 163.2, 0.000158691
FILLER_0_56_637, 293.94, 163.2, 0.000161688
FILLER_0_57_665, 306.74, 163.2, 0.000164684
FILLER_0_56_693, 319.54, 163.2, 0.000167681
FILLER_0_56_749, 345.14, 163.2, 0.000172286
FILLER_0_57_777, 357.94, 163.2, 0.000173895
FILLER_0_56_805, 370.74, 163.2, 0.000175504
FILLER_0_57_833, 383.54, 163.2, 0.000177113
FILLER_0_56_861, 396.34, 163.2, 0.000178722
FILLER_0_57_889, 409.14, 163.2, 0.000180331
FILLER_0_56_917, 421.94, 163.2, 0.00018194
FILLER_0_57_945, 434.74, 163.2, 0.000183549
FILLER_0_56_973, 447.54, 163.2, 0.000185158
FILLER_0_57_1001, 460.34, 163.2, 0.000186767
FILLER_0_56_1029, 473.14, 163.2, 0.000188376
FILLER_0_56_1085, 498.74, 163.2, 0.000188948
FILLER_0_57_1113, 511.54, 163.2, 0.000187911
FILLER_0_56_1141, 524.34, 163.2, 0.000186874
FILLER_0_57_1169, 537.14, 163.2, 0.000185837
FILLER_0_56_1197, 549.94, 163.2, 0.0001848
FILLER_0_57_1225, 562.74, 163.2, 0.000183763
FILLER_0_56_1253, 575.54, 163.2, 0.000182727
FILLER_0_55_1281, 601.14, 163.2, 0.000180653
FILLER_0_56_1309, 613.94, 163.2, 0.000179616
FILLER_0_55_1337, 626.74, 163.2, 0.000178579
FILLER_0_55_1393, 652.34, 163.2, 0.000173918
FILLER_0_56_1421, 665.14, 163.2, 0.000170294
FILLER_0_55_1449, 677.94, 163.2, 0.00016667
FILLER_0_56_1477, 690.74, 163.2, 0.000163046
FILLER_0_55_1505, 703.54, 163.2, 0.000159422
FILLER_0_56_1533, 716.34, 163.2, 0.000155798
FILLER_0_55_1561, 729.14, 163.2, 0.000152174
FILLER_0_56_1589, 741.94, 163.2, 0.000148549
FILLER_0_55_1617, 754.74, 163.2, 0.000144925
FILLER_0_56_1645, 767.54, 163.2, 0.000141301
FILLER_0_55_1673, 780.34, 163.2, 0.000137677
FILLER_0_55_1729, 805.94, 163.2, 0.00012831
FILLER_0_56_1757, 818.74, 163.2, 0.000122568
FILLER_0_55_1785, 831.54, 163.2, 0.000116825
FILLER_0_56_1813, 844.34, 163.2, 0.000111082
FILLER_0_55_1841, 857.14, 163.2, 0.000105339
FILLER_0_56_1869, 869.94, 163.2, 9.95968e-05
FILLER_0_55_1897, 882.74, 163.2, 9.3854e-05
FILLER_0_56_1925, 895.54, 163.2, 8.81113e-05
FILLER_0_55_1953, 908.34, 163.2, 8.23686e-05
FILLER_0_56_1981, 921.14, 163.2, 7.66258e-05
FILLER_0_55_2009, 933.94, 163.2, 7.0883e-05
FILLER_0_55_2065, 958.57, 163.2, 6.51403e-05
FILLER_0_56_2093, 970.4, 163.2, 6.51404e-05
FILLER_0_55_2121, 982.23, 163.2, 6.51405e-05
PHY_106, 5.52, 157.76, 7.37242e-05
PHY_108, 5.52, 157.76, 7.37242e-05
PHY_107, 994.06, 157.76, 6.93813e-05
PHY_109, 994.06, 157.76, 6.93813e-05
FILLER_0_53_2141, 994.06, 157.76, 6.93813e-05
FILLER_0_54_2137, 994.06, 157.76, 6.93813e-05
FILLER_0_54_77, 37.94, 157.76, 7.87854e-05
FILLER_0_55_105, 50.74, 157.76, 8.38466e-05
FILLER_0_54_133, 63.54, 157.76, 8.89078e-05
FILLER_0_55_161, 76.34, 157.76, 9.3969e-05
FILLER_0_54_189, 89.14, 157.76, 9.90301e-05
FILLER_0_55_217, 101.94, 157.76, 0.000104091
FILLER_0_54_245, 114.74, 157.76, 0.000109152
FILLER_0_55_273, 127.54, 157.76, 0.000114214
FILLER_0_54_301, 140.34, 157.76, 0.000119275
FILLER_0_55_329, 153.14, 157.76, 0.000124336
FILLER_0_54_357, 165.94, 157.76, 0.000129397
FILLER_0_54_413, 191.54, 157.76, 0.00013736
FILLER_0_55_441, 204.34, 157.76, 0.000140263
FILLER_0_54_469, 217.14, 157.76, 0.000143165
FILLER_0_55_497, 229.94, 157.76, 0.000146067
FILLER_0_54_525, 242.74, 157.76, 0.000148969
FILLER_0_55_553, 255.54, 157.76, 0.000151872
FILLER_0_54_581, 268.34, 157.76, 0.000154774
FILLER_0_55_609, 281.14, 157.76, 0.000157676
FILLER_0_54_637, 293.94, 157.76, 0.000160578
FILLER_0_55_665, 306.74, 157.76, 0.000163481
FILLER_0_54_693, 319.54, 157.76, 0.000166383
FILLER_0_54_749, 345.14, 157.76, 0.000170814
FILLER_0_55_777, 357.94, 157.76, 0.000172342
FILLER_0_54_805, 370.74, 157.76, 0.000173871
FILLER_0_55_833, 383.54, 157.76, 0.000175399
FILLER_0_54_861, 396.34, 157.76, 0.000176928
FILLER_0_55_889, 409.14, 157.76, 0.000178456
FILLER_0_54_917, 421.94, 157.76, 0.000179985
FILLER_0_55_945, 434.74, 157.76, 0.000181513
FILLER_0_54_973, 447.54, 157.76, 0.000183042
FILLER_0_55_1001, 460.34, 157.76, 0.00018457
FILLER_0_54_1029, 473.14, 157.76, 0.000186098
FILLER_0_54_1085, 498.74, 157.76, 0.000186617
FILLER_0_55_1113, 511.54, 157.76, 0.000185607
FILLER_0_54_1141, 524.34, 157.76, 0.000184597
FILLER_0_55_1169, 537.14, 157.76, 0.000183587
FILLER_0_54_1197, 549.94, 157.76, 0.000182577
FILLER_0_55_1225, 562.74, 157.76, 0.000181568
FILLER_0_54_1253, 575.54, 157.76, 0.000180558
FILLER_0_53_1281, 601.14, 157.76, 0.000178538
FILLER_0_54_1309, 613.94, 157.76, 0.000177528
FILLER_0_53_1337, 626.74, 157.76, 0.000176518
FILLER_0_53_1393, 652.34, 157.76, 0.00017203
FILLER_0_54_1421, 665.14, 157.76, 0.000168552
FILLER_0_53_1449, 677.94, 157.76, 0.000165075
FILLER_0_54_1477, 690.74, 157.76, 0.000161597
FILLER_0_53_1505, 703.54, 157.76, 0.000158119
FILLER_0_54_1533, 716.34, 157.76, 0.000154641
FILLER_0_53_1561, 729.14, 157.76, 0.000151163
FILLER_0_54_1589, 741.94, 157.76, 0.000147686
FILLER_0_53_1617, 754.74, 157.76, 0.000144208
FILLER_0_54_1645, 767.54, 157.76, 0.00014073
FILLER_0_53_1673, 780.34, 157.76, 0.000137252
FILLER_0_53_1729, 805.94, 157.76, 0.000128408
FILLER_0_54_1757, 818.74, 157.76, 0.000123042
FILLER_0_53_1785, 831.54, 157.76, 0.000117676
FILLER_0_54_1813, 844.34, 157.76, 0.00011231
FILLER_0_53_1841, 857.14, 157.76, 0.000106944
FILLER_0_54_1869, 869.94, 157.76, 0.000101578
FILLER_0_53_1897, 882.74, 157.76, 9.62118e-05
FILLER_0_54_1925, 895.54, 157.76, 9.08457e-05
FILLER_0_53_1953, 908.34, 157.76, 8.54796e-05
FILLER_0_54_1981, 921.14, 157.76, 8.01134e-05
FILLER_0_53_2009, 933.94, 157.76, 7.47473e-05
FILLER_0_53_2065, 958.57, 157.76, 6.93812e-05
FILLER_0_54_2093, 970.4, 157.76, 6.93812e-05
FILLER_0_53_2121, 982.23, 157.76, 6.93813e-05
PHY_102, 5.52, 152.32, 7.75342e-05
PHY_104, 5.52, 152.32, 7.75342e-05
PHY_103, 994.06, 152.32, 7.33851e-05
PHY_105, 994.06, 152.32, 7.33851e-05
FILLER_0_51_2141, 994.06, 152.32, 7.33851e-05
FILLER_0_52_2137, 994.06, 152.32, 7.33851e-05
FILLER_0_52_77, 37.94, 152.32, 8.22631e-05
FILLER_0_53_105, 50.74, 152.32, 8.6992e-05
FILLER_0_52_133, 63.54, 152.32, 9.17209e-05
FILLER_0_53_161, 76.34, 152.32, 9.64499e-05
FILLER_0_52_189, 89.14, 152.32, 0.000101179
FILLER_0_53_217, 101.94, 152.32, 0.000105908
FILLER_0_52_245, 114.74, 152.32, 0.000110637
FILLER_0_53_273, 127.54, 152.32, 0.000115365
FILLER_0_52_301, 140.34, 152.32, 0.000120094
FILLER_0_53_329, 153.14, 152.32, 0.000124823
FILLER_0_52_357, 165.94, 152.32, 0.000129552
FILLER_0_52_413, 191.54, 152.32, 0.000137088
FILLER_0_53_441, 204.34, 152.32, 0.000139894
FILLER_0_52_469, 217.14, 152.32, 0.000142701
FILLER_0_53_497, 229.94, 152.32, 0.000145508
FILLER_0_52_525, 242.74, 152.32, 0.000148315
FILLER_0_53_553, 255.54, 152.32, 0.000151122
FILLER_0_52_581, 268.34, 152.32, 0.000153929
FILLER_0_53_609, 281.14, 152.32, 0.000156735
FILLER_0_52_637, 293.94, 152.32, 0.000159542
FILLER_0_53_665, 306.74, 152.32, 0.000162349
FILLER_0_52_693, 319.54, 152.32, 0.000165156
FILLER_0_52_749, 345.14, 152.32, 0.000169415
FILLER_0_53_777, 357.94, 152.32, 0.000170867
FILLER_0_52_805, 370.74, 152.32, 0.000172319
FILLER_0_53_833, 383.54, 152.32, 0.000173771
FILLER_0_52_861, 396.34, 152.32, 0.000175223
FILLER_0_53_889, 409.14, 152.32, 0.000176675
FILLER_0_52_917, 421.94, 152.32, 0.000178127
FILLER_0_53_945, 434.74, 152.32, 0.00017958
FILLER_0_52_973, 447.54, 152.32, 0.000181032
FILLER_0_53_1001, 460.34, 152.32, 0.000182484
FILLER_0_52_1029, 473.14, 152.32, 0.000183936
FILLER_0_52_1085, 498.74, 152.32, 0.000184405
FILLER_0_53_1113, 511.54, 152.32, 0.000183421
FILLER_0_52_1141, 524.34, 152.32, 0.000182438
FILLER_0_53_1169, 537.14, 152.32, 0.000181455
FILLER_0_52_1197, 549.94, 152.32, 0.000180472
FILLER_0_53_1225, 562.74, 152.32, 0.000179489
FILLER_0_52_1253, 575.54, 152.32, 0.000178505
FILLER_0_51_1281, 601.14, 152.32, 0.000176539
FILLER_0_52_1309, 613.94, 152.32, 0.000175556
FILLER_0_51_1337, 626.74, 152.32, 0.000174572
FILLER_0_51_1393, 652.34, 152.32, 0.000170254
FILLER_0_52_1421, 665.14, 152.32, 0.000166919
FILLER_0_51_1449, 677.94, 152.32, 0.000163584
FILLER_0_52_1477, 690.74, 152.32, 0.000160249
FILLER_0_51_1505, 703.54, 152.32, 0.000156914
FILLER_0_52_1533, 716.34, 152.32, 0.000153579
FILLER_0_51_1561, 729.14, 152.32, 0.000150244
FILLER_0_52_1589, 741.94, 152.32, 0.000146909
FILLER_0_51_1617, 754.74, 152.32, 0.000143574
FILLER_0_52_1645, 767.54, 152.32, 0.000140239
FILLER_0_51_1673, 780.34, 152.32, 0.000136904
FILLER_0_51_1729, 805.94, 152.32, 0.000128554
FILLER_0_52_1757, 818.74, 152.32, 0.000123538
FILLER_0_51_1785, 831.54, 152.32, 0.000118523
FILLER_0_52_1813, 844.34, 152.32, 0.000113508
FILLER_0_51_1841, 857.14, 152.32, 0.000108492
FILLER_0_52_1869, 869.94, 152.32, 0.000103477
FILLER_0_51_1897, 882.74, 152.32, 9.84618e-05
FILLER_0_52_1925, 895.54, 152.32, 9.34464e-05
FILLER_0_51_1953, 908.34, 152.32, 8.84311e-05
FILLER_0_52_1981, 921.14, 152.32, 8.34157e-05
FILLER_0_51_2009, 933.94, 152.32, 7.84003e-05
FILLER_0_51_2065, 958.57, 152.32, 7.3385e-05
FILLER_0_52_2093, 970.4, 152.32, 7.3385e-05
FILLER_0_51_2121, 982.23, 152.32, 7.33851e-05
PHY_98, 5.52, 146.88, 8.11358e-05
PHY_100, 5.52, 146.88, 8.11358e-05
PHY_99, 994.06, 146.88, 7.71671e-05
PHY_101, 994.06, 146.88, 7.71671e-05
FILLER_0_49_2141, 994.06, 146.88, 7.71671e-05
FILLER_0_50_2137, 994.06, 146.88, 7.71671e-05
FILLER_0_50_77, 37.94, 146.88, 8.55559e-05
FILLER_0_51_105, 50.74, 146.88, 8.99761e-05
FILLER_0_50_133, 63.54, 146.88, 9.43962e-05
FILLER_0_51_161, 76.34, 146.88, 9.88163e-05
FILLER_0_50_189, 89.14, 146.88, 0.000103236
FILLER_0_51_217, 101.94, 146.88, 0.000107657
FILLER_0_50_245, 114.74, 146.88, 0.000112077
FILLER_0_51_273, 127.54, 146.88, 0.000116497
FILLER_0_50_301, 140.34, 146.88, 0.000120917
FILLER_0_51_329, 153.14, 146.88, 0.000125337
FILLER_0_50_357, 165.94, 146.88, 0.000129757
FILLER_0_50_413, 191.54, 146.88, 0.000136888
FILLER_0_51_441, 204.34, 146.88, 0.000139599
FILLER_0_50_469, 217.14, 146.88, 0.00014231
FILLER_0_51_497, 229.94, 146.88, 0.000145021
FILLER_0_50_525, 242.74, 146.88, 0.000147732
FILLER_0_51_553, 255.54, 146.88, 0.000150443
FILLER_0_50_581, 268.34, 146.88, 0.000153154
FILLER_0_51_609, 281.14, 146.88, 0.000155865
FILLER_0_50_637, 293.94, 146.88, 0.000158576
FILLER_0_51_665, 306.74, 146.88, 0.000161286
FILLER_0_50_693, 319.54, 146.88, 0.000163997
FILLER_0_50_749, 345.14, 146.88, 0.000168088
FILLER_0_51_777, 357.94, 146.88, 0.000169467
FILLER_0_50_805, 370.74, 146.88, 0.000170847
FILLER_0_51_833, 383.54, 146.88, 0.000172226
FILLER_0_50_861, 396.34, 146.88, 0.000173606
FILLER_0_51_889, 409.14, 146.88, 0.000174985
FILLER_0_50_917, 421.94, 146.88, 0.000176365
FILLER_0_51_945, 434.74, 146.88, 0.000177744
FILLER_0_50_973, 447.54, 146.88, 0.000179124
FILLER_0_51_1001, 460.34, 146.88, 0.000180503
FILLER_0_50_1029, 473.14, 146.88, 0.000181883
FILLER_0_50_1085, 498.74, 146.88, 0.000182305
FILLER_0_51_1113, 511.54, 146.88, 0.000181349
FILLER_0_50_1141, 524.34, 146.88, 0.000180392
FILLER_0_51_1169, 537.14, 146.88, 0.000179435
FILLER_0_50_1197, 549.94, 146.88, 0.000178478
FILLER_0_51_1225, 562.74, 146.88, 0.000177522
FILLER_0_50_1253, 575.54, 146.88, 0.000176565
FILLER_0_49_1281, 601.14, 146.88, 0.000174651
FILLER_0_50_1309, 613.94, 146.88, 0.000173694
FILLER_0_49_1337, 626.74, 146.88, 0.000172737
FILLER_0_49_1393, 652.34, 146.88, 0.000168585
FILLER_0_50_1421, 665.14, 146.88, 0.000165389
FILLER_0_49_1449, 677.94, 146.88, 0.000162193
FILLER_0_50_1477, 690.74, 146.88, 0.000158997
FILLER_0_49_1505, 703.54, 146.88, 0.000155801
FILLER_0_50_1533, 716.34, 146.88, 0.000152605
FILLER_0_49_1561, 729.14, 146.88, 0.000149409
FILLER_0_50_1589, 741.94, 146.88, 0.000146213
FILLER_0_49_1617, 754.74, 146.88, 0.000143017
FILLER_0_50_1645, 767.54, 146.88, 0.000139821
FILLER_0_49_1673, 780.34, 146.88, 0.000136624
FILLER_0_49_1729, 805.94, 146.88, 0.00012874
FILLER_0_50_1757, 818.74, 146.88, 0.000124052
FILLER_0_49_1785, 831.54, 146.88, 0.000119363
FILLER_0_50_1813, 844.34, 146.88, 0.000114675
FILLER_0_49_1841, 857.14, 146.88, 0.000109986
FILLER_0_50_1869, 869.94, 146.88, 0.000105298
FILLER_0_49_1897, 882.74, 146.88, 0.000100609
FILLER_0_50_1925, 895.54, 146.88, 9.59209e-05
FILLER_0_49_1953, 908.34, 146.88, 9.12324e-05
FILLER_0_50_1981, 921.14, 146.88, 8.65439e-05
FILLER_0_49_2009, 933.94, 146.88, 8.18554e-05
FILLER_0_49_2065, 958.57, 146.88, 7.7167e-05
FILLER_0_50_2093, 970.4, 146.88, 7.7167e-05
FILLER_0_49_2121, 982.23, 146.88, 7.71671e-05
PHY_94, 5.52, 141.44, 8.45424e-05
PHY_96, 5.52, 141.44, 8.45424e-05
PHY_95, 994.06, 141.44, 8.07416e-05
PHY_97, 994.06, 141.44, 8.07416e-05
output18, 994.06, 141.44, 8.07416e-05
FILLER_0_48_2137, 994.06, 141.44, 8.07416e-05
FILLER_0_48_77, 37.94, 141.44, 8.86754e-05
FILLER_0_49_105, 50.74, 141.44, 9.28085e-05
FILLER_0_48_133, 63.54, 141.44, 9.69415e-05
FILLER_0_49_161, 76.34, 141.44, 0.000101074
FILLER_0_48_189, 89.14, 141.44, 0.000105207
FILLER_0_49_217, 101.94, 141.44, 0.00010934
FILLER_0_48_245, 114.74, 141.44, 0.000113473
FILLER_0_49_273, 127.54, 141.44, 0.000117606
FILLER_0_48_301, 140.34, 141.44, 0.000121739
FILLER_0_49_329, 153.14, 141.44, 0.000125872
FILLER_0_48_357, 165.94, 141.44, 0.000130005
FILLER_0_48_413, 191.54, 141.44, 0.000136753
FILLER_0_49_441, 204.34, 141.44, 0.000139369
FILLER_0_48_469, 217.14, 141.44, 0.000141984
FILLER_0_49_497, 229.94, 141.44, 0.000144599
FILLER_0_48_525, 242.74, 141.44, 0.000147214
FILLER_0_49_553, 255.54, 141.44, 0.000149829
FILLER_0_48_581, 268.34, 141.44, 0.000152445
FILLER_0_49_609, 281.14, 141.44, 0.00015506
FILLER_0_48_637, 293.94, 141.44, 0.000157675
FILLER_0_49_665, 306.74, 141.44, 0.00016029
FILLER_0_48_693, 319.54, 141.44, 0.000162905
FILLER_0_48_749, 345.14, 141.44, 0.000166831
FILLER_0_49_777, 357.94, 141.44, 0.000168141
FILLER_0_48_805, 370.74, 141.44, 0.000169452
FILLER_0_49_833, 383.54, 141.44, 0.000170762
FILLER_0_48_861, 396.34, 141.44, 0.000172073
FILLER_0_49_889, 409.14, 141.44, 0.000173383
FILLER_0_48_917, 421.94, 141.44, 0.000174694
FILLER_0_49_945, 434.74, 141.44, 0.000176004
FILLER_0_48_973, 447.54, 141.44, 0.000177314
FILLER_0_49_1001, 460.34, 141.44, 0.000178625
FILLER_0_48_1029, 473.14, 141.44, 0.000179935
FILLER_0_48_1085, 498.74, 141.44, 0.000180315
FILLER_0_49_1113, 511.54, 141.44, 0.000179384
FILLER_0_48_1141, 524.34, 141.44, 0.000178453
FILLER_0_49_1169, 537.14, 141.44, 0.000177523
FILLER_0_48_1197, 549.94, 141.44, 0.000176592
FILLER_0_49_1225, 562.74, 141.44, 0.000175661
FILLER_0_48_1253, 575.54, 141.44, 0.00017473
FILLER_0_47_1281, 601.14, 141.44, 0.000172869
FILLER_0_48_1309, 613.94, 141.44, 0.000171938
FILLER_0_47_1337, 626.74, 141.44, 0.000171007
FILLER_0_47_1393, 652.34, 141.44, 0.000167016
FILLER_0_48_1421, 665.14, 141.44, 0.000163955
FILLER_0_47_1449, 677.94, 141.44, 0.000160894
FILLER_0_48_1477, 690.74, 141.44, 0.000157833
FILLER_0_47_1505, 703.54, 141.44, 0.000154772
FILLER_0_48_1533, 716.34, 141.44, 0.000151711
FILLER_0_47_1561, 729.14, 141.44, 0.00014865
FILLER_0_48_1589, 741.94, 141.44, 0.000145589
FILLER_0_47_1617, 754.74, 141.44, 0.000142528
FILLER_0_48_1645, 767.54, 141.44, 0.000139467
FILLER_0_47_1673, 780.34, 141.44, 0.000136406
FILLER_0_47_1729, 805.94, 141.44, 0.000128962
FILLER_0_48_1757, 818.74, 141.44, 0.000124578
FILLER_0_47_1785, 831.54, 141.44, 0.000120194
FILLER_0_48_1813, 844.34, 141.44, 0.000115811
FILLER_0_47_1841, 857.14, 141.44, 0.000111427
FILLER_0_48_1869, 869.94, 141.44, 0.000107043
FILLER_0_47_1897, 882.74, 141.44, 0.00010266
FILLER_0_48_1925, 895.54, 141.44, 9.82762e-05
FILLER_0_47_1953, 908.34, 141.44, 9.38925e-05
FILLER_0_48_1981, 921.14, 141.44, 8.95088e-05
FILLER_0_47_2009, 933.94, 141.44, 8.51251e-05
FILLER_0_47_2065, 958.57, 141.44, 8.07415e-05
FILLER_0_48_2093, 970.4, 141.44, 8.07415e-05
FILLER_0_47_2121, 982.23, 141.44, 8.07416e-05
PHY_90, 5.52, 136, 8.77665e-05
PHY_92, 5.52, 136, 8.77665e-05
PHY_91, 994.06, 136, 8.41219e-05
PHY_93, 994.06, 136, 8.41219e-05
FILLER_0_45_2141, 994.06, 136, 8.41219e-05
FILLER_0_46_2137, 994.06, 136, 8.41219e-05
FILLER_0_46_77, 37.94, 136, 9.16324e-05
FILLER_0_47_105, 50.74, 136, 9.54984e-05
FILLER_0_46_133, 63.54, 136, 9.93643e-05
FILLER_0_47_161, 76.34, 136, 0.00010323
FILLER_0_46_189, 89.14, 136, 0.000107096
FILLER_0_47_217, 101.94, 136, 0.000110962
FILLER_0_46_245, 114.74, 136, 0.000114828
FILLER_0_47_273, 127.54, 136, 0.000118694
FILLER_0_46_301, 140.34, 136, 0.00012256
FILLER_0_47_329, 153.14, 136, 0.000126425
FILLER_0_46_357, 165.94, 136, 0.000130291
FILLER_0_46_413, 191.54, 136, 0.000136677
FILLER_0_47_441, 204.34, 136, 0.000139197
FILLER_0_46_469, 217.14, 136, 0.000141717
FILLER_0_47_497, 229.94, 136, 0.000144237
FILLER_0_46_525, 242.74, 136, 0.000146757
FILLER_0_47_553, 255.54, 136, 0.000149277
FILLER_0_46_581, 268.34, 136, 0.000151797
FILLER_0_47_609, 281.14, 136, 0.000154317
FILLER_0_46_637, 293.94, 136, 0.000156837
FILLER_0_47_665, 306.74, 136, 0.000159357
FILLER_0_46_693, 319.54, 136, 0.000161877
FILLER_0_46_749, 345.14, 136, 0.000165642
FILLER_0_47_777, 357.94, 136, 0.000166887
FILLER_0_46_805, 370.74, 136, 0.000168131
FILLER_0_47_833, 383.54, 136, 0.000169376
FILLER_0_46_861, 396.34, 136, 0.000170621
FILLER_0_47_889, 409.14, 136, 0.000171865
FILLER_0_46_917, 421.94, 136, 0.00017311
FILLER_0_47_945, 434.74, 136, 0.000174355
FILLER_0_46_973, 447.54, 136, 0.000175599
FILLER_0_47_1001, 460.34, 136, 0.000176844
FILLER_0_46_1029, 473.14, 136, 0.000178089
FILLER_0_46_1085, 498.74, 136, 0.000178428
FILLER_0_47_1113, 511.54, 136, 0.000177523
FILLER_0_46_1141, 524.34, 136, 0.000176618
FILLER_0_47_1169, 537.14, 136, 0.000175713
FILLER_0_46_1197, 549.94, 136, 0.000174808
FILLER_0_47_1225, 562.74, 136, 0.000173903
FILLER_0_46_1253, 575.54, 136, 0.000172998
FILLER_0_45_1281, 601.14, 136, 0.000171187
FILLER_0_46_1309, 613.94, 136, 0.000170282
FILLER_0_45_1337, 626.74, 136, 0.000169377
FILLER_0_45_1393, 652.34, 136, 0.000165542
FILLER_0_46_1421, 665.14, 136, 0.000162612
FILLER_0_45_1449, 677.94, 136, 0.000159682
FILLER_0_46_1477, 690.74, 136, 0.000156752
FILLER_0_45_1505, 703.54, 136, 0.000153822
FILLER_0_46_1533, 716.34, 136, 0.000150892
FILLER_0_45_1561, 729.14, 136, 0.000147963
FILLER_0_46_1589, 741.94, 136, 0.000145033
FILLER_0_45_1617, 754.74, 136, 0.000142103
FILLER_0_46_1645, 767.54, 136, 0.000139173
FILLER_0_45_1673, 780.34, 136, 0.000136243
FILLER_0_45_1729, 805.94, 136, 0.000129213
FILLER_0_46_1757, 818.74, 136, 0.000125114
FILLER_0_45_1785, 831.54, 136, 0.000121015
FILLER_0_46_1813, 844.34, 136, 0.000116916
FILLER_0_45_1841, 857.14, 136, 0.000112817
FILLER_0_46_1869, 869.94, 136, 0.000108717
FILLER_0_45_1897, 882.74, 136, 0.000104618
FILLER_0_46_1925, 895.54, 136, 0.000100519
FILLER_0_45_1953, 908.34, 136, 9.64195e-05
FILLER_0_46_1981, 921.14, 136, 9.23203e-05
FILLER_0_45_2009, 933.94, 136, 8.8221e-05
FILLER_0_45_2065, 958.57, 136, 8.41217e-05
FILLER_0_46_2093, 970.4, 136, 8.41218e-05
FILLER_0_45_2121, 982.23, 136, 8.41218e-05
PHY_86, 5.52, 130.56, 9.08198e-05
PHY_88, 5.52, 130.56, 9.08198e-05
PHY_87, 994.06, 130.56, 8.73204e-05
PHY_89, 994.06, 130.56, 8.73204e-05
FILLER_0_43_2141, 994.06, 130.56, 8.73204e-05
FILLER_0_44_2137, 994.06, 130.56, 8.73204e-05
FILLER_0_44_77, 37.94, 130.56, 9.4437e-05
FILLER_0_45_105, 50.74, 130.56, 9.80543e-05
FILLER_0_44_133, 63.54, 130.56, 0.000101672
FILLER_0_45_161, 76.34, 130.56, 0.000105289
FILLER_0_44_189, 89.14, 130.56, 0.000108906
FILLER_0_45_217, 101.94, 130.56, 0.000112523
FILLER_0_44_245, 114.74, 130.56, 0.000116141
FILLER_0_45_273, 127.54, 130.56, 0.000119758
FILLER_0_44_301, 140.34, 130.56, 0.000123375
FILLER_0_45_329, 153.14, 130.56, 0.000126992
FILLER_0_44_357, 165.94, 130.56, 0.00013061
FILLER_0_44_413, 191.54, 130.56, 0.000136653
FILLER_0_45_441, 204.34, 130.56, 0.000139079
FILLER_0_44_469, 217.14, 130.56, 0.000141504
FILLER_0_45_497, 229.94, 130.56, 0.00014393
FILLER_0_44_525, 242.74, 130.56, 0.000146356
FILLER_0_45_553, 255.54, 130.56, 0.000148782
FILLER_0_44_581, 268.34, 130.56, 0.000151208
FILLER_0_45_609, 281.14, 130.56, 0.000153634
FILLER_0_44_637, 293.94, 130.56, 0.000156059
FILLER_0_45_665, 306.74, 130.56, 0.000158485
FILLER_0_44_693, 319.54, 130.56, 0.000160911
FILLER_0_44_749, 345.14, 130.56, 0.000164519
FILLER_0_45_777, 357.94, 130.56, 0.000165701
FILLER_0_44_805, 370.74, 130.56, 0.000166883
FILLER_0_45_833, 383.54, 130.56, 0.000168065
FILLER_0_44_861, 396.34, 130.56, 0.000169247
FILLER_0_45_889, 409.14, 130.56, 0.000170429
FILLER_0_44_917, 421.94, 130.56, 0.000171611
FILLER_0_45_945, 434.74, 130.56, 0.000172793
FILLER_0_44_973, 447.54, 130.56, 0.000173975
FILLER_0_45_1001, 460.34, 130.56, 0.000175157
FILLER_0_44_1029, 473.14, 130.56, 0.000176339
FILLER_0_44_1085, 498.74, 130.56, 0.000176642
FILLER_0_45_1113, 511.54, 130.56, 0.000175762
FILLER_0_44_1141, 524.34, 130.56, 0.000174882
FILLER_0_45_1169, 537.14, 130.56, 0.000174002
FILLER_0_44_1197, 549.94, 130.56, 0.000173122
FILLER_0_45_1225, 562.74, 130.56, 0.000172242
FILLER_0_44_1253, 575.54, 130.56, 0.000171362
FILLER_0_43_1281, 601.14, 130.56, 0.000169602
FILLER_0_44_1309, 613.94, 130.56, 0.000168722
FILLER_0_43_1337, 626.74, 130.56, 0.000167841
FILLER_0_43_1393, 652.34, 130.56, 0.000164158
FILLER_0_44_1421, 665.14, 130.56, 0.000161355
FILLER_0_43_1449, 677.94, 130.56, 0.000158552
FILLER_0_44_1477, 690.74, 130.56, 0.000155749
FILLER_0_43_1505, 703.54, 130.56, 0.000152946
FILLER_0_44_1533, 716.34, 130.56, 0.000150143
FILLER_0_43_1561, 729.14, 130.56, 0.00014734
FILLER_0_44_1589, 741.94, 130.56, 0.000144537
FILLER_0_43_1617, 754.74, 130.56, 0.000141734
FILLER_0_44_1645, 767.54, 130.56, 0.000138931
FILLER_0_43_1673, 780.34, 130.56, 0.000136128
FILLER_0_43_1729, 805.94, 130.56, 0.000129491
FILLER_0_44_1757, 818.74, 130.56, 0.000125657
FILLER_0_43_1785, 831.54, 130.56, 0.000121824
FILLER_0_44_1813, 844.34, 130.56, 0.00011799
FILLER_0_43_1841, 857.14, 130.56, 0.000114156
FILLER_0_44_1869, 869.94, 130.56, 0.000110323
FILLER_0_43_1897, 882.74, 130.56, 0.000106489
FILLER_0_44_1925, 895.54, 130.56, 0.000102655
FILLER_0_43_1953, 908.34, 130.56, 9.88214e-05
FILLER_0_44_1981, 921.14, 130.56, 9.49877e-05
FILLER_0_43_2009, 933.94, 130.56, 9.11539e-05
FILLER_0_43_2065, 958.57, 130.56, 8.73202e-05
FILLER_0_44_2093, 970.4, 130.56, 8.73203e-05
FILLER_0_43_2121, 982.23, 130.56, 8.73203e-05
PHY_82, 5.52, 125.12, 9.37129e-05
PHY_84, 5.52, 125.12, 9.37129e-05
PHY_83, 994.06, 125.12, 9.03487e-05
PHY_85, 994.06, 125.12, 9.03487e-05
FILLER_0_41_2141, 994.06, 125.12, 9.03487e-05
FILLER_0_42_2137, 994.06, 125.12, 9.03487e-05
FILLER_0_42_77, 37.94, 125.12, 9.70986e-05
FILLER_0_43_105, 50.74, 125.12, 0.000100484
FILLER_0_42_133, 63.54, 125.12, 0.00010387
FILLER_0_43_161, 76.34, 125.12, 0.000107256
FILLER_0_42_189, 89.14, 125.12, 0.000110642
FILLER_0_43_217, 101.94, 125.12, 0.000114027
FILLER_0_42_245, 114.74, 125.12, 0.000117413
FILLER_0_43_273, 127.54, 125.12, 0.000120799
FILLER_0_42_301, 140.34, 125.12, 0.000124184
FILLER_0_43_329, 153.14, 125.12, 0.00012757
FILLER_0_42_357, 165.94, 125.12, 0.000130956
FILLER_0_42_413, 191.54, 125.12, 0.000136674
FILLER_0_43_441, 204.34, 125.12, 0.000139007
FILLER_0_42_469, 217.14, 125.12, 0.00014134
FILLER_0_43_497, 229.94, 125.12, 0.000143673
FILLER_0_42_525, 242.74, 125.12, 0.000146007
FILLER_0_43_553, 255.54, 125.12, 0.00014834
FILLER_0_42_581, 268.34, 125.12, 0.000150673
FILLER_0_43_609, 281.14, 125.12, 0.000153006
FILLER_0_42_637, 293.94, 125.12, 0.000155339
FILLER_0_43_665, 306.74, 125.12, 0.000157671
FILLER_0_42_693, 319.54, 125.12, 0.000160004
FILLER_0_42_749, 345.14, 125.12, 0.00016346
FILLER_0_43_777, 357.94, 125.12, 0.000164582
FILLER_0_42_805, 370.74, 125.12, 0.000165705
FILLER_0_43_833, 383.54, 125.12, 0.000166827
FILLER_0_42_861, 396.34, 125.12, 0.000167949
FILLER_0_43_889, 409.14, 125.12, 0.000169072
FILLER_0_42_917, 421.94, 125.12, 0.000170194
FILLER_0_43_945, 434.74, 125.12, 0.000171316
FILLER_0_42_973, 447.54, 125.12, 0.000172439
FILLER_0_43_1001, 460.34, 125.12, 0.000173561
FILLER_0_42_1029, 473.14, 125.12, 0.000174683
FILLER_0_42_1085, 498.74, 125.12, 0.00017495
FILLER_0_43_1113, 511.54, 125.12, 0.000174095
FILLER_0_42_1141, 524.34, 125.12, 0.000173239
FILLER_0_43_1169, 537.14, 125.12, 0.000172384
FILLER_0_42_1197, 549.94, 125.12, 0.000171529
FILLER_0_43_1225, 562.74, 125.12, 0.000170673
FILLER_0_42_1253, 575.54, 125.12, 0.000169818
FILLER_0_41_1281, 601.14, 125.12, 0.000168107
FILLER_0_42_1309, 613.94, 125.12, 0.000167251
FILLER_0_41_1337, 626.74, 125.12, 0.000166396
FILLER_0_41_1393, 652.34, 125.12, 0.00016286
FILLER_0_42_1421, 665.14, 125.12, 0.00016018
FILLER_0_41_1449, 677.94, 125.12, 0.000157499
FILLER_0_42_1477, 690.74, 125.12, 0.000154819
FILLER_0_41_1505, 703.54, 125.12, 0.000152139
FILLER_0_42_1533, 716.34, 125.12, 0.000149458
FILLER_0_41_1561, 729.14, 125.12, 0.000146778
FILLER_0_42_1589, 741.94, 125.12, 0.000144097
FILLER_0_41_1617, 754.74, 125.12, 0.000141417
FILLER_0_42_1645, 767.54, 125.12, 0.000138737
FILLER_0_41_1673, 780.34, 125.12, 0.000136056
FILLER_0_41_1729, 805.94, 125.12, 0.00012979
FILLER_0_42_1757, 818.74, 125.12, 0.000126205
FILLER_0_41_1785, 831.54, 125.12, 0.000122619
FILLER_0_42_1813, 844.34, 125.12, 0.000119033
FILLER_0_41_1841, 857.14, 125.12, 0.000115448
FILLER_0_42_1869, 869.94, 125.12, 0.000111862
FILLER_0_41_1897, 882.74, 125.12, 0.000108277
FILLER_0_42_1925, 895.54, 125.12, 0.000104691
FILLER_0_41_1953, 908.34, 125.12, 0.000101105
FILLER_0_42_1981, 921.14, 125.12, 9.75198e-05
FILLER_0_41_2009, 933.94, 125.12, 9.39341e-05
FILLER_0_41_2065, 958.57, 125.12, 9.03485e-05
FILLER_0_42_2093, 970.4, 125.12, 9.03486e-05
FILLER_0_41_2121, 982.23, 125.12, 9.03486e-05
PHY_78, 5.52, 119.68, 9.64561e-05
PHY_80, 5.52, 119.68, 9.64561e-05
PHY_79, 994.06, 119.68, 9.32177e-05
PHY_81, 994.06, 119.68, 9.32177e-05
FILLER_0_39_2141, 994.06, 119.68, 9.32177e-05
FILLER_0_40_2137, 994.06, 119.68, 9.32177e-05
FILLER_0_40_77, 37.94, 119.68, 9.9626e-05
FILLER_0_41_105, 50.74, 119.68, 0.000102796
FILLER_0_40_133, 63.54, 119.68, 0.000105966
FILLER_0_41_161, 76.34, 119.68, 0.000109136
FILLER_0_40_189, 89.14, 119.68, 0.000112306
FILLER_0_41_217, 101.94, 119.68, 0.000115476
FILLER_0_40_245, 114.74, 119.68, 0.000118646
FILLER_0_41_273, 127.54, 119.68, 0.000121816
FILLER_0_40_301, 140.34, 119.68, 0.000124986
FILLER_0_41_329, 153.14, 119.68, 0.000128155
FILLER_0_40_357, 165.94, 119.68, 0.000131325
FILLER_0_40_413, 191.54, 119.68, 0.000136737
FILLER_0_41_441, 204.34, 119.68, 0.000138979
FILLER_0_40_469, 217.14, 119.68, 0.000141221
FILLER_0_41_497, 229.94, 119.68, 0.000143463
FILLER_0_40_525, 242.74, 119.68, 0.000145704
FILLER_0_41_553, 255.54, 119.68, 0.000147946
FILLER_0_40_581, 268.34, 119.68, 0.000150188
FILLER_0_41_609, 281.14, 119.68, 0.00015243
FILLER_0_40_637, 293.94, 119.68, 0.000154672
FILLER_0_41_665, 306.74, 119.68, 0.000156913
FILLER_0_40_693, 319.54, 119.68, 0.000159155
FILLER_0_40_749, 345.14, 119.68, 0.000162462
FILLER_0_41_777, 357.94, 119.68, 0.000163528
FILLER_0_40_805, 370.74, 119.68, 0.000164593
FILLER_0_41_833, 383.54, 119.68, 0.000165659
FILLER_0_40_861, 396.34, 119.68, 0.000166724
FILLER_0_41_889, 409.14, 119.68, 0.00016779
FILLER_0_40_917, 421.94, 119.68, 0.000168855
FILLER_0_41_945, 434.74, 119.68, 0.00016992
FILLER_0_40_973, 447.54, 119.68, 0.000170986
FILLER_0_41_1001, 460.34, 119.68, 0.000172051
FILLER_0_40_1029, 473.14, 119.68, 0.000173117
FILLER_0_40_1085, 498.74, 119.68, 0.000173351
FILLER_0_41_1113, 511.54, 119.68, 0.000172519
FILLER_0_40_1141, 524.34, 119.68, 0.000171688
FILLER_0_41_1169, 537.14, 119.68, 0.000170856
FILLER_0_40_1197, 549.94, 119.68, 0.000170025
FILLER_0_41_1225, 562.74, 119.68, 0.000169193
FILLER_0_40_1253, 575.54, 119.68, 0.000168362
FILLER_0_39_1281, 601.14, 119.68, 0.000166698
FILLER_0_40_1309, 613.94, 119.68, 0.000165867
FILLER_0_39_1337, 626.74, 119.68, 0.000165035
FILLER_0_39_1393, 652.34, 119.68, 0.000161642
FILLER_0_40_1421, 665.14, 119.68, 0.00015908
FILLER_0_39_1449, 677.94, 119.68, 0.000156518
FILLER_0_40_1477, 690.74, 119.68, 0.000153956
FILLER_0_39_1505, 703.54, 119.68, 0.000151394
FILLER_0_40_1533, 716.34, 119.68, 0.000148832
FILLER_0_39_1561, 729.14, 119.68, 0.000146271
FILLER_0_40_1589, 741.94, 119.68, 0.000143709
FILLER_0_39_1617, 754.74, 119.68, 0.000141147
FILLER_0_40_1645, 767.54, 119.68, 0.000138585
FILLER_0_39_1673, 780.34, 119.68, 0.000136023
FILLER_0_39_1729, 805.94, 119.68, 0.000130107
FILLER_0_40_1757, 818.74, 119.68, 0.000126754
FILLER_0_39_1785, 831.54, 119.68, 0.0001234
FILLER_0_40_1813, 844.34, 119.68, 0.000120046
FILLER_0_39_1841, 857.14, 119.68, 0.000116693
FILLER_0_40_1869, 869.94, 119.68, 0.000113339
FILLER_0_39_1897, 882.74, 119.68, 0.000109986
FILLER_0_40_1925, 895.54, 119.68, 0.000106632
FILLER_0_39_1953, 908.34, 119.68, 0.000103278
FILLER_0_40_1981, 921.14, 119.68, 9.99248e-05
FILLER_0_39_2009, 933.94, 119.68, 9.65711e-05
FILLER_0_39_2065, 958.57, 119.68, 9.32175e-05
FILLER_0_40_2093, 970.4, 119.68, 9.32176e-05
FILLER_0_39_2121, 982.23, 119.68, 9.32176e-05
PHY_74, 5.52, 114.24, 9.90587e-05
PHY_76, 5.52, 114.24, 9.90587e-05
PHY_75, 994.06, 114.24, 9.59376e-05
PHY_77, 994.06, 114.24, 9.59376e-05
FILLER_0_37_2141, 994.06, 114.24, 9.59376e-05
FILLER_0_38_2137, 994.06, 114.24, 9.59376e-05
FILLER_0_38_77, 37.94, 114.24, 0.000102027
FILLER_0_39_105, 50.74, 114.24, 0.000104996
FILLER_0_38_133, 63.54, 114.24, 0.000107965
FILLER_0_39_161, 76.34, 114.24, 0.000110934
FILLER_0_38_189, 89.14, 114.24, 0.000113903
FILLER_0_39_217, 101.94, 114.24, 0.000116871
FILLER_0_38_245, 114.74, 114.24, 0.00011984
FILLER_0_39_273, 127.54, 114.24, 0.000122809
FILLER_0_38_301, 140.34, 114.24, 0.000125778
FILLER_0_39_329, 153.14, 114.24, 0.000128746
FILLER_0_38_357, 165.94, 114.24, 0.000131715
FILLER_0_38_413, 191.54, 114.24, 0.000136836
FILLER_0_39_441, 204.34, 114.24, 0.000138989
FILLER_0_38_469, 217.14, 114.24, 0.000141141
FILLER_0_39_497, 229.94, 114.24, 0.000143294
FILLER_0_38_525, 242.74, 114.24, 0.000145446
FILLER_0_39_553, 255.54, 114.24, 0.000147599
FILLER_0_38_581, 268.34, 114.24, 0.000149751
FILLER_0_39_609, 281.14, 114.24, 0.000151904
FILLER_0_38_637, 293.94, 114.24, 0.000154056
FILLER_0_39_665, 306.74, 114.24, 0.000156208
FILLER_0_38_693, 319.54, 114.24, 0.000158361
FILLER_0_38_749, 345.14, 114.24, 0.000161524
FILLER_0_39_777, 357.94, 114.24, 0.000162536
FILLER_0_38_805, 370.74, 114.24, 0.000163547
FILLER_0_39_833, 383.54, 114.24, 0.000164558
FILLER_0_38_861, 396.34, 114.24, 0.000165569
FILLER_0_39_889, 409.14, 114.24, 0.00016658
FILLER_0_38_917, 421.94, 114.24, 0.000167591
FILLER_0_39_945, 434.74, 114.24, 0.000168602
FILLER_0_38_973, 447.54, 114.24, 0.000169613
FILLER_0_39_1001, 460.34, 114.24, 0.000170625
FILLER_0_38_1029, 473.14, 114.24, 0.000171636
FILLER_0_38_1085, 498.74, 114.24, 0.000171838
FILLER_0_39_1113, 511.54, 114.24, 0.00017103
FILLER_0_38_1141, 524.34, 114.24, 0.000170222
FILLER_0_39_1169, 537.14, 114.24, 0.000169414
FILLER_0_38_1197, 549.94, 114.24, 0.000168606
FILLER_0_39_1225, 562.74, 114.24, 0.000167797
FILLER_0_38_1253, 575.54, 114.24, 0.000166989
FILLER_0_37_1281, 601.14, 114.24, 0.000165372
FILLER_0_38_1309, 613.94, 114.24, 0.000164564
FILLER_0_37_1337, 626.74, 114.24, 0.000163756
FILLER_0_37_1393, 652.34, 114.24, 0.0001605
FILLER_0_38_1421, 665.14, 114.24, 0.000158052
FILLER_0_37_1449, 677.94, 114.24, 0.000155605
FILLER_0_38_1477, 690.74, 114.24, 0.000153157
FILLER_0_37_1505, 703.54, 114.24, 0.000150709
FILLER_0_38_1533, 716.34, 114.24, 0.000148262
FILLER_0_37_1561, 729.14, 114.24, 0.000145814
FILLER_0_38_1589, 741.94, 114.24, 0.000143366
FILLER_0_37_1617, 754.74, 114.24, 0.000140919
FILLER_0_38_1645, 767.54, 114.24, 0.000138471
FILLER_0_37_1673, 780.34, 114.24, 0.000136023
FILLER_0_37_1729, 805.94, 114.24, 0.000130439
FILLER_0_38_1757, 818.74, 114.24, 0.000127303
FILLER_0_37_1785, 831.54, 114.24, 0.000124166
FILLER_0_38_1813, 844.34, 114.24, 0.00012103
FILLER_0_37_1841, 857.14, 114.24, 0.000117893
FILLER_0_38_1869, 869.94, 114.24, 0.000114757
FILLER_0_37_1897, 882.74, 114.24, 0.00011162
FILLER_0_38_1925, 895.54, 114.24, 0.000108484
FILLER_0_37_1953, 908.34, 114.24, 0.000105347
FILLER_0_38_1981, 921.14, 114.24, 0.00010221
FILLER_0_37_2009, 933.94, 114.24, 9.90739e-05
FILLER_0_37_2065, 958.57, 114.24, 9.59374e-05
FILLER_0_38_2093, 970.4, 114.24, 9.59375e-05
FILLER_0_37_2121, 982.23, 114.24, 9.59375e-05
PHY_70, 5.52, 108.8, 0.00010153
PHY_72, 5.52, 108.8, 0.00010153
PHY_71, 994.06, 108.8, 9.85178e-05
PHY_73, 994.06, 108.8, 9.85178e-05
FILLER_0_35_2141, 994.06, 108.8, 9.85178e-05
FILLER_0_36_2137, 994.06, 108.8, 9.85178e-05
FILLER_0_36_77, 37.94, 108.8, 0.000104311
FILLER_0_37_105, 50.74, 108.8, 0.000107092
FILLER_0_36_133, 63.54, 108.8, 0.000109873
FILLER_0_37_161, 76.34, 108.8, 0.000112654
FILLER_0_36_189, 89.14, 108.8, 0.000115435
FILLER_0_37_217, 101.94, 108.8, 0.000118216
FILLER_0_36_245, 114.74, 108.8, 0.000120997
FILLER_0_37_273, 127.54, 108.8, 0.000123778
FILLER_0_36_301, 140.34, 108.8, 0.000126559
FILLER_0_37_329, 153.14, 108.8, 0.00012934
FILLER_0_36_357, 165.94, 108.8, 0.000132121
FILLER_0_36_413, 191.54, 108.8, 0.000136968
FILLER_0_37_441, 204.34, 108.8, 0.000139033
FILLER_0_36_469, 217.14, 108.8, 0.000141098
FILLER_0_37_497, 229.94, 108.8, 0.000143163
FILLER_0_36_525, 242.74, 108.8, 0.000145229
FILLER_0_37_553, 255.54, 108.8, 0.000147294
FILLER_0_36_581, 268.34, 108.8, 0.000149359
FILLER_0_37_609, 281.14, 108.8, 0.000151424
FILLER_0_36_637, 293.94, 108.8, 0.000153489
FILLER_0_37_665, 306.74, 108.8, 0.000155554
FILLER_0_36_693, 319.54, 108.8, 0.00015762
FILLER_0_36_749, 345.14, 108.8, 0.000160644
FILLER_0_37_777, 357.94, 108.8, 0.000161603
FILLER_0_36_805, 370.74, 108.8, 0.000162563
FILLER_0_37_833, 383.54, 108.8, 0.000163522
FILLER_0_36_861, 396.34, 108.8, 0.000164481
FILLER_0_37_889, 409.14, 108.8, 0.000165441
FILLER_0_36_917, 421.94, 108.8, 0.0001664
FILLER_0_37_945, 434.74, 108.8, 0.000167359
FILLER_0_36_973, 447.54, 108.8, 0.000168318
FILLER_0_37_1001, 460.34, 108.8, 0.000169278
FILLER_0_36_1029, 473.14, 108.8, 0.000170237
FILLER_0_36_1085, 498.74, 108.8, 0.00017041
FILLER_0_37_1113, 511.54, 108.8, 0.000169625
FILLER_0_36_1141, 524.34, 108.8, 0.000168839
FILLER_0_37_1169, 537.14, 108.8, 0.000168053
FILLER_0_36_1197, 549.94, 108.8, 0.000167268
FILLER_0_37_1225, 562.74, 108.8, 0.000166482
FILLER_0_36_1253, 575.54, 108.8, 0.000165696
FILLER_0_35_1281, 601.14, 108.8, 0.000164124
FILLER_0_36_1309, 613.94, 108.8, 0.000163339
FILLER_0_35_1337, 626.74, 108.8, 0.000162553
FILLER_0_35_1393, 652.34, 108.8, 0.00015943
FILLER_0_36_1421, 665.14, 108.8, 0.000157092
FILLER_0_35_1449, 677.94, 108.8, 0.000154754
FILLER_0_36_1477, 690.74, 108.8, 0.000152417
FILLER_0_35_1505, 703.54, 108.8, 0.000150079
FILLER_0_36_1533, 716.34, 108.8, 0.000147742
FILLER_0_35_1561, 729.14, 108.8, 0.000145404
FILLER_0_36_1589, 741.94, 108.8, 0.000143066
FILLER_0_35_1617, 754.74, 108.8, 0.000140729
FILLER_0_36_1645, 767.54, 108.8, 0.000138391
FILLER_0_35_1673, 780.34, 108.8, 0.000136053
FILLER_0_35_1729, 805.94, 108.8, 0.000130783
FILLER_0_36_1757, 818.74, 108.8, 0.000127849
FILLER_0_35_1785, 831.54, 108.8, 0.000124916
FILLER_0_36_1813, 844.34, 108.8, 0.000121983
FILLER_0_35_1841, 857.14, 108.8, 0.00011905
FILLER_0_36_1869, 869.94, 108.8, 0.000116117
FILLER_0_35_1897, 882.74, 108.8, 0.000113184
FILLER_0_36_1925, 895.54, 108.8, 0.00011025
FILLER_0_35_1953, 908.34, 108.8, 0.000107317
FILLER_0_36_1981, 921.14, 108.8, 0.000104384
FILLER_0_35_2009, 933.94, 108.8, 0.000101451
FILLER_0_35_2065, 958.57, 108.8, 9.85177e-05
FILLER_0_36_2093, 970.4, 108.8, 9.85177e-05
FILLER_0_35_2121, 982.23, 108.8, 9.85178e-05
PHY_66, 5.52, 103.36, 0.000103877
PHY_68, 5.52, 103.36, 0.000103877
PHY_67, 994.06, 103.36, 0.000100967
PHY_69, 994.06, 103.36, 0.000100967
FILLER_0_33_2141, 994.06, 103.36, 0.000100967
FILLER_0_34_2137, 994.06, 103.36, 0.000100967
FILLER_0_34_77, 37.94, 103.36, 0.000106483
FILLER_0_35_105, 50.74, 103.36, 0.000109089
FILLER_0_34_133, 63.54, 103.36, 0.000111695
FILLER_0_35_161, 76.34, 103.36, 0.0001143
FILLER_0_34_189, 89.14, 103.36, 0.000116906
FILLER_0_35_217, 101.94, 103.36, 0.000119512
FILLER_0_34_245, 114.74, 103.36, 0.000122118
FILLER_0_35_273, 127.54, 103.36, 0.000124724
FILLER_0_34_301, 140.34, 103.36, 0.00012733
FILLER_0_35_329, 153.14, 103.36, 0.000129936
FILLER_0_34_357, 165.94, 103.36, 0.000132541
FILLER_0_34_413, 191.54, 103.36, 0.000137128
FILLER_0_35_441, 204.34, 103.36, 0.000139108
FILLER_0_34_469, 217.14, 103.36, 0.000141088
FILLER_0_35_497, 229.94, 103.36, 0.000143068
FILLER_0_34_525, 242.74, 103.36, 0.000145048
FILLER_0_35_553, 255.54, 103.36, 0.000147028
FILLER_0_34_581, 268.34, 103.36, 0.000149009
FILLER_0_35_609, 281.14, 103.36, 0.000150989
FILLER_0_34_637, 293.94, 103.36, 0.000152969
FILLER_0_35_665, 306.74, 103.36, 0.000154949
FILLER_0_34_693, 319.54, 103.36, 0.000156929
FILLER_0_34_749, 345.14, 103.36, 0.000159819
FILLER_0_35_777, 357.94, 103.36, 0.000160729
FILLER_0_34_805, 370.74, 103.36, 0.000161639
FILLER_0_35_833, 383.54, 103.36, 0.000162549
FILLER_0_34_861, 396.34, 103.36, 0.000163458
FILLER_0_35_889, 409.14, 103.36, 0.000164368
FILLER_0_34_917, 421.94, 103.36, 0.000165278
FILLER_0_35_945, 434.74, 103.36, 0.000166188
FILLER_0_34_973, 447.54, 103.36, 0.000167098
FILLER_0_35_1001, 460.34, 103.36, 0.000168007
FILLER_0_34_1029, 473.14, 103.36, 0.000168917
FILLER_0_34_1085, 498.74, 103.36, 0.000169063
FILLER_0_35_1113, 511.54, 103.36, 0.000168299
FILLER_0_34_1141, 524.34, 103.36, 0.000167535
FILLER_0_35_1169, 537.14, 103.36, 0.000166771
FILLER_0_34_1197, 549.94, 103.36, 0.000166007
FILLER_0_35_1225, 562.74, 103.36, 0.000165243
FILLER_0_34_1253, 575.54, 103.36, 0.000164479
FILLER_0_33_1281, 601.14, 103.36, 0.000162951
FILLER_0_34_1309, 613.94, 103.36, 0.000162187
FILLER_0_33_1337, 626.74, 103.36, 0.000161423
FILLER_0_33_1393, 652.34, 103.36, 0.000158427
FILLER_0_34_1421, 665.14, 103.36, 0.000156195
FILLER_0_33_1449, 677.94, 103.36, 0.000153963
FILLER_0_34_1477, 690.74, 103.36, 0.000151732
FILLER_0_33_1505, 703.54, 103.36, 0.0001495
FILLER_0_34_1533, 716.34, 103.36, 0.000147268
FILLER_0_33_1561, 729.14, 103.36, 0.000145037
FILLER_0_34_1589, 741.94, 103.36, 0.000142805
FILLER_0_33_1617, 754.74, 103.36, 0.000140573
FILLER_0_34_1645, 767.54, 103.36, 0.000138341
FILLER_0_33_1673, 780.34, 103.36, 0.00013611
FILLER_0_33_1729, 805.94, 103.36, 0.000131135
FILLER_0_34_1757, 818.74, 103.36, 0.000128393
FILLER_0_33_1785, 831.54, 103.36, 0.00012565
FILLER_0_34_1813, 844.34, 103.36, 0.000122908
FILLER_0_33_1841, 857.14, 103.36, 0.000120165
FILLER_0_34_1869, 869.94, 103.36, 0.000117423
FILLER_0_33_1897, 882.74, 103.36, 0.00011468
FILLER_0_34_1925, 895.54, 103.36, 0.000111938
FILLER_0_33_1953, 908.34, 103.36, 0.000109195
FILLER_0_34_1981, 921.14, 103.36, 0.000106452
FILLER_0_33_2009, 933.94, 103.36, 0.00010371
FILLER_0_33_2065, 958.57, 103.36, 0.000100967
FILLER_0_34_2093, 970.4, 103.36, 0.000100967
FILLER_0_33_2121, 982.23, 103.36, 0.000100967
PHY_62, 5.52, 97.92, 0.000106108
PHY_64, 5.52, 97.92, 0.000106108
PHY_63, 994.06, 97.92, 0.000103295
PHY_65, 994.06, 97.92, 0.000103295
FILLER_0_31_2141, 994.06, 97.92, 0.000103295
FILLER_0_32_2137, 994.06, 97.92, 0.000103295
FILLER_0_32_77, 37.94, 97.92, 0.00010855
FILLER_0_33_105, 50.74, 97.92, 0.000110993
FILLER_0_32_133, 63.54, 97.92, 0.000113435
FILLER_0_33_161, 76.34, 97.92, 0.000115877
FILLER_0_32_189, 89.14, 97.92, 0.00011832
FILLER_0_33_217, 101.94, 97.92, 0.000120762
FILLER_0_32_245, 114.74, 97.92, 0.000123204
FILLER_0_33_273, 127.54, 97.92, 0.000125646
FILLER_0_32_301, 140.34, 97.92, 0.000128088
FILLER_0_33_329, 153.14, 97.92, 0.000130531
FILLER_0_32_357, 165.94, 97.92, 0.000132973
FILLER_0_32_413, 191.54, 97.92, 0.000137313
FILLER_0_33_441, 204.34, 97.92, 0.00013921
FILLER_0_32_469, 217.14, 97.92, 0.000141108
FILLER_0_33_497, 229.94, 97.92, 0.000143005
FILLER_0_32_525, 242.74, 97.92, 0.000144903
FILLER_0_33_553, 255.54, 97.92, 0.0001468
FILLER_0_32_581, 268.34, 97.92, 0.000148698
FILLER_0_33_609, 281.14, 97.92, 0.000150595
FILLER_0_32_637, 293.94, 97.92, 0.000152493
FILLER_0_33_665, 306.74, 97.92, 0.00015439
FILLER_0_32_693, 319.54, 97.92, 0.000156288
FILLER_0_32_749, 345.14, 97.92, 0.000159048
FILLER_0_33_777, 357.94, 97.92, 0.00015991
FILLER_0_32_805, 370.74, 97.92, 0.000160773
FILLER_0_33_833, 383.54, 97.92, 0.000161635
FILLER_0_32_861, 396.34, 97.92, 0.000162498
FILLER_0_33_889, 409.14, 97.92, 0.00016336
FILLER_0_32_917, 421.94, 97.92, 0.000164223
FILLER_0_33_945, 434.74, 97.92, 0.000165085
FILLER_0_32_973, 447.54, 97.92, 0.000165948
FILLER_0_33_1001, 460.34, 97.92, 0.00016681
FILLER_0_32_1029, 473.14, 97.92, 0.000167673
FILLER_0_32_1085, 498.74, 97.92, 0.000167792
FILLER_0_33_1113, 511.54, 97.92, 0.000167049
FILLER_0_32_1141, 524.34, 97.92, 0.000166306
FILLER_0_33_1169, 537.14, 97.92, 0.000165563
FILLER_0_32_1197, 549.94, 97.92, 0.00016482
FILLER_0_33_1225, 562.74, 97.92, 0.000164077
FILLER_0_32_1253, 575.54, 97.92, 0.000163333
FILLER_0_31_1281, 601.14, 97.92, 0.000161847
FILLER_0_32_1309, 613.94, 97.92, 0.000161104
FILLER_0_31_1337, 626.74, 97.92, 0.000160361
FILLER_0_31_1393, 652.34, 97.92, 0.000157488
FILLER_0_32_1421, 665.14, 97.92, 0.000155358
FILLER_0_31_1449, 677.94, 97.92, 0.000153228
FILLER_0_32_1477, 690.74, 97.92, 0.000151098
FILLER_0_31_1505, 703.54, 97.92, 0.000148968
FILLER_0_32_1533, 716.34, 97.92, 0.000146838
FILLER_0_31_1561, 729.14, 97.92, 0.000144708
FILLER_0_32_1589, 741.94, 97.92, 0.000142578
FILLER_0_31_1617, 754.74, 97.92, 0.000140448
FILLER_0_32_1645, 767.54, 97.92, 0.000138318
FILLER_0_31_1673, 780.34, 97.92, 0.000136188
FILLER_0_31_1729, 805.94, 97.92, 0.000131495
FILLER_0_32_1757, 818.74, 97.92, 0.000128931
FILLER_0_31_1785, 831.54, 97.92, 0.000126368
FILLER_0_32_1813, 844.34, 97.92, 0.000123804
FILLER_0_31_1841, 857.14, 97.92, 0.00012124
FILLER_0_32_1869, 869.94, 97.92, 0.000118677
FILLER_0_31_1897, 882.74, 97.92, 0.000116113
FILLER_0_32_1925, 895.54, 97.92, 0.000113549
FILLER_0_31_1953, 908.34, 97.92, 0.000110986
FILLER_0_32_1981, 921.14, 97.92, 0.000108422
FILLER_0_31_2009, 933.94, 97.92, 0.000105858
FILLER_0_31_2065, 958.57, 97.92, 0.000103294
FILLER_0_32_2093, 970.4, 97.92, 0.000103295
FILLER_0_31_2121, 982.23, 97.92, 0.000103295
PHY_58, 5.52, 92.48, 0.000108231
PHY_60, 5.52, 92.48, 0.000108231
PHY_59, 994.06, 92.48, 0.000105507
PHY_61, 994.06, 92.48, 0.000105507
FILLER_0_29_2141, 994.06, 92.48, 0.000105507
FILLER_0_30_2137, 994.06, 92.48, 0.000105507
FILLER_0_30_77, 37.94, 92.48, 0.00011052
FILLER_0_31_105, 50.74, 92.48, 0.000112809
FILLER_0_30_133, 63.54, 92.48, 0.000115099
FILLER_0_31_161, 76.34, 92.48, 0.000117388
FILLER_0_30_189, 89.14, 92.48, 0.000119678
FILLER_0_31_217, 101.94, 92.48, 0.000121967
FILLER_0_30_245, 114.74, 92.48, 0.000124256
FILLER_0_31_273, 127.54, 92.48, 0.000126545
FILLER_0_30_301, 140.34, 92.48, 0.000128835
FILLER_0_31_329, 153.14, 92.48, 0.000131124
FILLER_0_30_357, 165.94, 92.48, 0.000133413
FILLER_0_30_413, 191.54, 92.48, 0.00013752
FILLER_0_31_441, 204.34, 92.48, 0.000139337
FILLER_0_30_469, 217.14, 92.48, 0.000141155
FILLER_0_31_497, 229.94, 92.48, 0.000142972
FILLER_0_30_525, 242.74, 92.48, 0.000144789
FILLER_0_31_553, 255.54, 92.48, 0.000146606
FILLER_0_30_581, 268.34, 92.48, 0.000148424
FILLER_0_31_609, 281.14, 92.48, 0.000150241
FILLER_0_30_637, 293.94, 92.48, 0.000152058
FILLER_0_31_665, 306.74, 92.48, 0.000153876
FILLER_0_30_693, 319.54, 92.48, 0.000155693
FILLER_0_30_749, 345.14, 92.48, 0.000158327
FILLER_0_31_777, 357.94, 92.48, 0.000159145
FILLER_0_30_805, 370.74, 92.48, 0.000159962
FILLER_0_31_833, 383.54, 92.48, 0.00016078
FILLER_0_30_861, 396.34, 92.48, 0.000161597
FILLER_0_31_889, 409.14, 92.48, 0.000162414
FILLER_0_30_917, 421.94, 92.48, 0.000163232
FILLER_0_31_945, 434.74, 92.48, 0.000164049
FILLER_0_30_973, 447.54, 92.48, 0.000164866
FILLER_0_31_1001, 460.34, 92.48, 0.000165684
FILLER_0_30_1029, 473.14, 92.48, 0.000166501
FILLER_0_30_1085, 498.74, 92.48, 0.000166595
FILLER_0_31_1113, 511.54, 92.48, 0.000165872
FILLER_0_30_1141, 524.34, 92.48, 0.000165149
FILLER_0_31_1169, 537.14, 92.48, 0.000164426
FILLER_0_30_1197, 549.94, 92.48, 0.000163703
FILLER_0_31_1225, 562.74, 92.48, 0.00016298
FILLER_0_30_1253, 575.54, 92.48, 0.000162257
FILLER_0_29_1281, 601.14, 92.48, 0.00016081
FILLER_0_30_1309, 613.94, 92.48, 0.000160087
FILLER_0_29_1337, 626.74, 92.48, 0.000159364
FILLER_0_29_1393, 652.34, 92.48, 0.000156609
FILLER_0_30_1421, 665.14, 92.48, 0.000154577
FILLER_0_29_1449, 677.94, 92.48, 0.000152544
FILLER_0_30_1477, 690.74, 92.48, 0.000150512
FILLER_0_29_1505, 703.54, 92.48, 0.00014848
FILLER_0_30_1533, 716.34, 92.48, 0.000146448
FILLER_0_29_1561, 729.14, 92.48, 0.000144416
FILLER_0_30_1589, 741.94, 92.48, 0.000142383
FILLER_0_29_1617, 754.74, 92.48, 0.000140351
FILLER_0_30_1645, 767.54, 92.48, 0.000138319
FILLER_0_29_1673, 780.34, 92.48, 0.000136287
FILLER_0_29_1729, 805.94, 92.48, 0.000131859
FILLER_0_30_1757, 818.74, 92.48, 0.000129463
FILLER_0_29_1785, 831.54, 92.48, 0.000127068
FILLER_0_30_1813, 844.34, 92.48, 0.000124672
FILLER_0_29_1841, 857.14, 92.48, 0.000122277
FILLER_0_30_1869, 869.94, 92.48, 0.000119881
FILLER_0_29_1897, 882.74, 92.48, 0.000117485
FILLER_0_30_1925, 895.54, 92.48, 0.00011509
FILLER_0_29_1953, 908.34, 92.48, 0.000112694
FILLER_0_30_1981, 921.14, 92.48, 0.000110299
FILLER_0_29_2009, 933.94, 92.48, 0.000107903
FILLER_0_29_2065, 958.57, 92.48, 0.000105507
FILLER_0_30_2093, 970.4, 92.48, 0.000105507
FILLER_0_29_2121, 982.23, 92.48, 0.000105507
PHY_54, 5.52, 87.04, 0.000110251
PHY_56, 5.52, 87.04, 0.000110251
PHY_55, 994.06, 87.04, 0.000107613
PHY_57, 994.06, 87.04, 0.000107613
FILLER_0_27_2141, 994.06, 87.04, 0.000107613
FILLER_0_28_2137, 994.06, 87.04, 0.000107613
FILLER_0_28_77, 37.94, 87.04, 0.000112398
FILLER_0_29_105, 50.74, 87.04, 0.000114544
FILLER_0_28_133, 63.54, 87.04, 0.00011669
FILLER_0_29_161, 76.34, 87.04, 0.000118837
FILLER_0_28_189, 89.14, 87.04, 0.000120983
FILLER_0_29_217, 101.94, 87.04, 0.000123129
FILLER_0_28_245, 114.74, 87.04, 0.000125276
FILLER_0_29_273, 127.54, 87.04, 0.000127422
FILLER_0_28_301, 140.34, 87.04, 0.000129568
FILLER_0_29_329, 153.14, 87.04, 0.000131714
FILLER_0_28_357, 165.94, 87.04, 0.000133861
FILLER_0_28_413, 191.54, 87.04, 0.000137747
FILLER_0_29_441, 204.34, 87.04, 0.000139486
FILLER_0_28_469, 217.14, 87.04, 0.000141226
FILLER_0_29_497, 229.94, 87.04, 0.000142966
FILLER_0_28_525, 242.74, 87.04, 0.000144705
FILLER_0_29_553, 255.54, 87.04, 0.000146445
FILLER_0_28_581, 268.34, 87.04, 0.000148185
FILLER_0_29_609, 281.14, 87.04, 0.000149924
FILLER_0_28_637, 293.94, 87.04, 0.000151664
FILLER_0_29_665, 306.74, 87.04, 0.000153403
FILLER_0_28_693, 319.54, 87.04, 0.000155143
FILLER_0_28_749, 345.14, 87.04, 0.000157657
FILLER_0_29_777, 357.94, 87.04, 0.000158431
FILLER_0_28_805, 370.74, 87.04, 0.000159205
FILLER_0_29_833, 383.54, 87.04, 0.00015998
FILLER_0_28_861, 396.34, 87.04, 0.000160754
FILLER_0_29_889, 409.14, 87.04, 0.000161528
FILLER_0_28_917, 421.94, 87.04, 0.000162302
FILLER_0_29_945, 434.74, 87.04, 0.000163076
FILLER_0_28_973, 447.54, 87.04, 0.000163851
FILLER_0_29_1001, 460.34, 87.04, 0.000164625
FILLER_0_28_1029, 473.14, 87.04, 0.000165399
FILLER_0_28_1085, 498.74, 87.04, 0.000165469
FILLER_0_29_1113, 511.54, 87.04, 0.000164765
FILLER_0_28_1141, 524.34, 87.04, 0.000164061
FILLER_0_29_1169, 537.14, 87.04, 0.000163357
FILLER_0_28_1197, 549.94, 87.04, 0.000162653
FILLER_0_29_1225, 562.74, 87.04, 0.000161949
FILLER_0_28_1253, 575.54, 87.04, 0.000161245
FILLER_0_27_1281, 601.14, 87.04, 0.000159837
FILLER_0_28_1309, 613.94, 87.04, 0.000159132
FILLER_0_27_1337, 626.74, 87.04, 0.000158428
FILLER_0_27_1393, 652.34, 87.04, 0.000155786
FILLER_0_28_1421, 665.14, 87.04, 0.000153848
FILLER_0_27_1449, 677.94, 87.04, 0.000151909
FILLER_0_28_1477, 690.74, 87.04, 0.000149971
FILLER_0_27_1505, 703.54, 87.04, 0.000148032
FILLER_0_28_1533, 716.34, 87.04, 0.000146094
FILLER_0_27_1561, 729.14, 87.04, 0.000144156
FILLER_0_28_1589, 741.94, 87.04, 0.000142217
FILLER_0_27_1617, 754.74, 87.04, 0.000140279
FILLER_0_28_1645, 767.54, 87.04, 0.00013834
FILLER_0_27_1673, 780.34, 87.04, 0.000136402
FILLER_0_27_1729, 805.94, 87.04, 0.000132226
FILLER_0_28_1757, 818.74, 87.04, 0.000129988
FILLER_0_27_1785, 831.54, 87.04, 0.000127751
FILLER_0_28_1813, 844.34, 87.04, 0.000125513
FILLER_0_27_1841, 857.14, 87.04, 0.000123276
FILLER_0_28_1869, 869.94, 87.04, 0.000121038
FILLER_0_27_1897, 882.74, 87.04, 0.000118801
FILLER_0_28_1925, 895.54, 87.04, 0.000116563
FILLER_0_27_1953, 908.34, 87.04, 0.000114326
FILLER_0_28_1981, 921.14, 87.04, 0.000112088
FILLER_0_27_2009, 933.94, 87.04, 0.000109851
FILLER_0_27_2065, 958.57, 87.04, 0.000107613
FILLER_0_28_2093, 970.4, 87.04, 0.000107613
FILLER_0_27_2121, 982.23, 87.04, 0.000107613
PHY_50, 5.52, 81.6, 0.000112176
PHY_52, 5.52, 81.6, 0.000112176
PHY_51, 994.06, 81.6, 0.000109619
PHY_53, 994.06, 81.6, 0.000109619
FILLER_0_25_2141, 994.06, 81.6, 0.000109619
FILLER_0_26_2137, 994.06, 81.6, 0.000109619
FILLER_0_26_77, 37.94, 81.6, 0.000114189
FILLER_0_27_105, 50.74, 81.6, 0.000116201
FILLER_0_26_133, 63.54, 81.6, 0.000118214
FILLER_0_27_161, 76.34, 81.6, 0.000120226
FILLER_0_26_189, 89.14, 81.6, 0.000122239
FILLER_0_27_217, 101.94, 81.6, 0.000124251
FILLER_0_26_245, 114.74, 81.6, 0.000126264
FILLER_0_27_273, 127.54, 81.6, 0.000128276
FILLER_0_26_301, 140.34, 81.6, 0.000130288
FILLER_0_27_329, 153.14, 81.6, 0.000132301
FILLER_0_26_357, 165.94, 81.6, 0.000134313
FILLER_0_26_413, 191.54, 81.6, 0.00013799
FILLER_0_27_441, 204.34, 81.6, 0.000139655
FILLER_0_26_469, 217.14, 81.6, 0.00014132
FILLER_0_27_497, 229.94, 81.6, 0.000142984
FILLER_0_26_525, 242.74, 81.6, 0.000144649
FILLER_0_27_553, 255.54, 81.6, 0.000146313
FILLER_0_26_581, 268.34, 81.6, 0.000147978
FILLER_0_27_609, 281.14, 81.6, 0.000149643
FILLER_0_26_637, 293.94, 81.6, 0.000151307
FILLER_0_27_665, 306.74, 81.6, 0.000152972
FILLER_0_26_693, 319.54, 81.6, 0.000154636
FILLER_0_26_749, 345.14, 81.6, 0.000157034
FILLER_0_27_777, 357.94, 81.6, 0.000157767
FILLER_0_26_805, 370.74, 81.6, 0.0001585
FILLER_0_27_833, 383.54, 81.6, 0.000159233
FILLER_0_26_861, 396.34, 81.6, 0.000159966
FILLER_0_27_889, 409.14, 81.6, 0.000160699
FILLER_0_26_917, 421.94, 81.6, 0.000161432
FILLER_0_27_945, 434.74, 81.6, 0.000162165
FILLER_0_26_973, 447.54, 81.6, 0.000162898
FILLER_0_27_1001, 460.34, 81.6, 0.00016363
FILLER_0_26_1029, 473.14, 81.6, 0.000164363
FILLER_0_26_1085, 498.74, 81.6, 0.00016441
FILLER_0_27_1113, 511.54, 81.6, 0.000163724
FILLER_0_26_1141, 524.34, 81.6, 0.000163038
FILLER_0_27_1169, 537.14, 81.6, 0.000162353
FILLER_0_26_1197, 549.94, 81.6, 0.000161667
FILLER_0_27_1225, 562.74, 81.6, 0.000160981
FILLER_0_26_1253, 575.54, 81.6, 0.000160295
FILLER_0_25_1281, 601.14, 81.6, 0.000158923
FILLER_0_26_1309, 613.94, 81.6, 0.000158237
FILLER_0_25_1337, 626.74, 81.6, 0.000157551
FILLER_0_25_1393, 652.34, 81.6, 0.000155016
FILLER_0_26_1421, 665.14, 81.6, 0.000153168
FILLER_0_25_1449, 677.94, 81.6, 0.000151319
FILLER_0_26_1477, 690.74, 81.6, 0.000149471
FILLER_0_25_1505, 703.54, 81.6, 0.000147622
FILLER_0_26_1533, 716.34, 81.6, 0.000145774
FILLER_0_25_1561, 729.14, 81.6, 0.000143925
FILLER_0_26_1589, 741.94, 81.6, 0.000142077
FILLER_0_25_1617, 754.74, 81.6, 0.000140228
FILLER_0_26_1645, 767.54, 81.6, 0.00013838
FILLER_0_25_1673, 780.34, 81.6, 0.000136531
FILLER_0_25_1729, 805.94, 81.6, 0.000132594
FILLER_0_26_1757, 818.74, 81.6, 0.000130505
FILLER_0_25_1785, 831.54, 81.6, 0.000128417
FILLER_0_26_1813, 844.34, 81.6, 0.000126328
FILLER_0_25_1841, 857.14, 81.6, 0.000124239
FILLER_0_26_1869, 869.94, 81.6, 0.000122151
FILLER_0_25_1897, 882.74, 81.6, 0.000120062
FILLER_0_26_1925, 895.54, 81.6, 0.000117973
FILLER_0_25_1953, 908.34, 81.6, 0.000115885
FILLER_0_26_1981, 921.14, 81.6, 0.000113796
FILLER_0_25_2009, 933.94, 81.6, 0.000111707
FILLER_0_25_2065, 958.57, 81.6, 0.000109619
FILLER_0_26_2093, 970.4, 81.6, 0.000109619
FILLER_0_25_2121, 982.23, 81.6, 0.000109619
PHY_46, 5.52, 76.16, 0.000114011
PHY_48, 5.52, 76.16, 0.000114011
PHY_47, 994.06, 76.16, 0.000111531
PHY_49, 994.06, 76.16, 0.000111531
FILLER_0_23_2141, 994.06, 76.16, 0.000111531
FILLER_0_24_2137, 994.06, 76.16, 0.000111531
FILLER_0_24_77, 37.94, 76.16, 0.000115898
FILLER_0_25_105, 50.74, 76.16, 0.000117786
FILLER_0_24_133, 63.54, 76.16, 0.000119673
FILLER_0_25_161, 76.34, 76.16, 0.00012156
FILLER_0_24_189, 89.14, 76.16, 0.000123447
FILLER_0_25_217, 101.94, 76.16, 0.000125334
FILLER_0_24_245, 114.74, 76.16, 0.000127221
FILLER_0_25_273, 127.54, 76.16, 0.000129108
FILLER_0_24_301, 140.34, 76.16, 0.000130995
FILLER_0_25_329, 153.14, 76.16, 0.000132882
FILLER_0_24_357, 165.94, 76.16, 0.000134769
FILLER_0_24_413, 191.54, 76.16, 0.000138249
FILLER_0_25_441, 204.34, 76.16, 0.000139841
FILLER_0_24_469, 217.14, 76.16, 0.000141433
FILLER_0_25_497, 229.94, 76.16, 0.000143025
FILLER_0_24_525, 242.74, 76.16, 0.000144618
FILLER_0_25_553, 255.54, 76.16, 0.00014621
FILLER_0_24_581, 268.34, 76.16, 0.000147802
FILLER_0_25_609, 281.14, 76.16, 0.000149394
FILLER_0_24_637, 293.94, 76.16, 0.000150987
FILLER_0_25_665, 306.74, 76.16, 0.000152579
FILLER_0_24_693, 319.54, 76.16, 0.000154171
FILLER_0_24_749, 345.14, 76.16, 0.000156457
FILLER_0_25_777, 357.94, 76.16, 0.00015715
FILLER_0_24_805, 370.74, 76.16, 0.000157844
FILLER_0_25_833, 383.54, 76.16, 0.000158537
FILLER_0_24_861, 396.34, 76.16, 0.000159231
FILLER_0_25_889, 409.14, 76.16, 0.000159924
FILLER_0_24_917, 421.94, 76.16, 0.000160618
FILLER_0_25_945, 434.74, 76.16, 0.000161311
FILLER_0_24_973, 447.54, 76.16, 0.000162005
FILLER_0_25_1001, 460.34, 76.16, 0.000162698
FILLER_0_24_1029, 473.14, 76.16, 0.000163392
FILLER_0_24_1085, 498.74, 76.16, 0.000163416
FILLER_0_25_1113, 511.54, 76.16, 0.000162748
FILLER_0_24_1141, 524.34, 76.16, 0.000162079
FILLER_0_25_1169, 537.14, 76.16, 0.00016141
FILLER_0_24_1197, 549.94, 76.16, 0.000160741
FILLER_0_25_1225, 562.74, 76.16, 0.000160072
FILLER_0_24_1253, 575.54, 76.16, 0.000159403
FILLER_0_23_1281, 601.14, 76.16, 0.000158065
FILLER_0_24_1309, 613.94, 76.16, 0.000157397
FILLER_0_23_1337, 626.74, 76.16, 0.000156728
FILLER_0_23_1393, 652.34, 76.16, 0.000154296
FILLER_0_24_1421, 665.14, 76.16, 0.000152534
FILLER_0_23_1449, 677.94, 76.16, 0.000150772
FILLER_0_24_1477, 690.74, 76.16, 0.000149009
FILLER_0_23_1505, 703.54, 76.16, 0.000147247
FILLER_0_24_1533, 716.34, 76.16, 0.000145484
FILLER_0_23_1561, 729.14, 76.16, 0.000143722
FILLER_0_24_1589, 741.94, 76.16, 0.000141959
FILLER_0_23_1617, 754.74, 76.16, 0.000140197
FILLER_0_24_1645, 767.54, 76.16, 0.000138434
FILLER_0_23_1673, 780.34, 76.16, 0.000136672
FILLER_0_23_1729, 805.94, 76.16, 0.000132961
FILLER_0_24_1757, 818.74, 76.16, 0.000131013
FILLER_0_23_1785, 831.54, 76.16, 0.000129065
FILLER_0_24_1813, 844.34, 76.16, 0.000127117
FILLER_0_23_1841, 857.14, 76.16, 0.000125168
FILLER_0_24_1869, 869.94, 76.16, 0.00012322
FILLER_0_23_1897, 882.74, 76.16, 0.000121272
FILLER_0_24_1925, 895.54, 76.16, 0.000119324
FILLER_0_23_1953, 908.34, 76.16, 0.000117376
FILLER_0_24_1981, 921.14, 76.16, 0.000115427
FILLER_0_23_2009, 933.94, 76.16, 0.000113479
FILLER_0_23_2065, 958.57, 76.16, 0.000111531
FILLER_0_24_2093, 970.4, 76.16, 0.000111531
FILLER_0_23_2121, 982.23, 76.16, 0.000111531
PHY_42, 5.52, 70.72, 0.000115762
PHY_44, 5.52, 70.72, 0.000115762
PHY_43, 994.06, 70.72, 0.000113356
PHY_45, 994.06, 70.72, 0.000113356
FILLER_0_21_2141, 994.06, 70.72, 0.000113356
FILLER_0_22_2137, 994.06, 70.72, 0.000113356
FILLER_0_22_77, 37.94, 70.72, 0.000117532
FILLER_0_23_105, 50.74, 70.72, 0.000119301
FILLER_0_22_133, 63.54, 70.72, 0.000121071
FILLER_0_23_161, 76.34, 70.72, 0.000122841
FILLER_0_22_189, 89.14, 70.72, 0.00012461
FILLER_0_23_217, 101.94, 70.72, 0.00012638
FILLER_0_22_245, 114.74, 70.72, 0.000128149
FILLER_0_23_273, 127.54, 70.72, 0.000129919
FILLER_0_22_301, 140.34, 70.72, 0.000131689
FILLER_0_23_329, 153.14, 70.72, 0.000133458
FILLER_0_22_357, 165.94, 70.72, 0.000135228
FILLER_0_22_413, 191.54, 70.72, 0.00013852
FILLER_0_23_441, 204.34, 70.72, 0.000140042
FILLER_0_22_469, 217.14, 70.72, 0.000141565
FILLER_0_23_497, 229.94, 70.72, 0.000143088
FILLER_0_22_525, 242.74, 70.72, 0.00014461
FILLER_0_23_553, 255.54, 70.72, 0.000146133
FILLER_0_22_581, 268.34, 70.72, 0.000147655
FILLER_0_23_609, 281.14, 70.72, 0.000149178
FILLER_0_22_637, 293.94, 70.72, 0.0001507
FILLER_0_23_665, 306.74, 70.72, 0.000152223
FILLER_0_22_693, 319.54, 70.72, 0.000153745
FILLER_0_22_749, 345.14, 70.72, 0.000155924
FILLER_0_23_777, 357.94, 70.72, 0.00015658
FILLER_0_22_805, 370.74, 70.72, 0.000157235
FILLER_0_23_833, 383.54, 70.72, 0.000157891
FILLER_0_22_861, 396.34, 70.72, 0.000158547
FILLER_0_23_889, 409.14, 70.72, 0.000159203
FILLER_0_22_917, 421.94, 70.72, 0.000159859
FILLER_0_23_945, 434.74, 70.72, 0.000160514
FILLER_0_22_973, 447.54, 70.72, 0.00016117
FILLER_0_23_1001, 460.34, 70.72, 0.000161826
FILLER_0_22_1029, 473.14, 70.72, 0.000162482
FILLER_0_22_1085, 498.74, 70.72, 0.000162485
FILLER_0_23_1113, 511.54, 70.72, 0.000161832
FILLER_0_22_1141, 524.34, 70.72, 0.000161179
FILLER_0_23_1169, 537.14, 70.72, 0.000160526
FILLER_0_22_1197, 549.94, 70.72, 0.000159873
FILLER_0_23_1225, 562.74, 70.72, 0.00015922
FILLER_0_22_1253, 575.54, 70.72, 0.000158568
FILLER_0_21_1281, 601.14, 70.72, 0.000157262
FILLER_0_22_1309, 613.94, 70.72, 0.000156609
FILLER_0_21_1337, 626.74, 70.72, 0.000155956
FILLER_0_21_1393, 652.34, 70.72, 0.000153623
FILLER_0_22_1421, 665.14, 70.72, 0.000151943
FILLER_0_21_1449, 677.94, 70.72, 0.000150263
FILLER_0_22_1477, 690.74, 70.72, 0.000148583
FILLER_0_21_1505, 703.54, 70.72, 0.000146903
FILLER_0_22_1533, 716.34, 70.72, 0.000145223
FILLER_0_21_1561, 729.14, 70.72, 0.000143543
FILLER_0_22_1589, 741.94, 70.72, 0.000141863
FILLER_0_21_1617, 754.74, 70.72, 0.000140182
FILLER_0_22_1645, 767.54, 70.72, 0.000138502
FILLER_0_21_1673, 780.34, 70.72, 0.000136822
FILLER_0_21_1729, 805.94, 70.72, 0.000133327
FILLER_0_22_1757, 818.74, 70.72, 0.000131511
FILLER_0_21_1785, 831.54, 70.72, 0.000129696
FILLER_0_22_1813, 844.34, 70.72, 0.00012788
FILLER_0_21_1841, 857.14, 70.72, 0.000126065
FILLER_0_22_1869, 869.94, 70.72, 0.000124249
FILLER_0_21_1897, 882.74, 70.72, 0.000122433
FILLER_0_22_1925, 895.54, 70.72, 0.000120618
FILLER_0_21_1953, 908.34, 70.72, 0.000118802
FILLER_0_22_1981, 921.14, 70.72, 0.000116987
FILLER_0_21_2009, 933.94, 70.72, 0.000115171
FILLER_0_21_2065, 958.57, 70.72, 0.000113356
FILLER_0_22_2093, 970.4, 70.72, 0.000113356
FILLER_0_21_2121, 982.23, 70.72, 0.000113356
PHY_38, 5.52, 65.28, 0.000117434
PHY_40, 5.52, 65.28, 0.000117434
PHY_39, 994.06, 65.28, 0.000115099
PHY_41, 994.06, 65.28, 0.000115099
FILLER_0_19_2141, 994.06, 65.28, 0.000115099
FILLER_0_20_2137, 994.06, 65.28, 0.000115099
FILLER_0_20_77, 37.94, 65.28, 0.000119093
FILLER_0_21_105, 50.74, 65.28, 0.000120753
FILLER_0_20_133, 63.54, 65.28, 0.000122412
FILLER_0_21_161, 76.34, 65.28, 0.000124071
FILLER_0_20_189, 89.14, 65.28, 0.000125731
FILLER_0_21_217, 101.94, 65.28, 0.00012739
FILLER_0_20_245, 114.74, 65.28, 0.00012905
FILLER_0_21_273, 127.54, 65.28, 0.000130709
FILLER_0_20_301, 140.34, 65.28, 0.000132368
FILLER_0_21_329, 153.14, 65.28, 0.000134028
FILLER_0_20_357, 165.94, 65.28, 0.000135687
FILLER_0_20_413, 191.54, 65.28, 0.000138802
FILLER_0_21_441, 204.34, 65.28, 0.000140258
FILLER_0_20_469, 217.14, 65.28, 0.000141713
FILLER_0_21_497, 229.94, 65.28, 0.000143169
FILLER_0_20_525, 242.74, 65.28, 0.000144624
FILLER_0_21_553, 255.54, 65.28, 0.00014608
FILLER_0_20_581, 268.34, 65.28, 0.000147536
FILLER_0_21_609, 281.14, 65.28, 0.000148991
FILLER_0_20_637, 293.94, 65.28, 0.000150447
FILLER_0_21_665, 306.74, 65.28, 0.000151902
FILLER_0_20_693, 319.54, 65.28, 0.000153358
FILLER_0_20_749, 345.14, 65.28, 0.000155433
FILLER_0_21_777, 357.94, 65.28, 0.000156053
FILLER_0_20_805, 370.74, 65.28, 0.000156673
FILLER_0_21_833, 383.54, 65.28, 0.000157292
FILLER_0_20_861, 396.34, 65.28, 0.000157912
FILLER_0_21_889, 409.14, 65.28, 0.000158532
FILLER_0_20_917, 421.94, 65.28, 0.000159152
FILLER_0_21_945, 434.74, 65.28, 0.000159771
FILLER_0_20_973, 447.54, 65.28, 0.000160391
FILLER_0_21_1001, 460.34, 65.28, 0.000161011
FILLER_0_20_1029, 473.14, 65.28, 0.00016163
FILLER_0_20_1085, 498.74, 65.28, 0.000161612
FILLER_0_21_1113, 511.54, 65.28, 0.000160974
FILLER_0_20_1141, 524.34, 65.28, 0.000160336
FILLER_0_21_1169, 537.14, 65.28, 0.000159698
FILLER_0_20_1197, 549.94, 65.28, 0.000159061
FILLER_0_21_1225, 562.74, 65.28, 0.000158423
FILLER_0_20_1253, 575.54, 65.28, 0.000157785
FILLER_0_19_1281, 601.14, 65.28, 0.000156509
FILLER_0_20_1309, 613.94, 65.28, 0.000155871
FILLER_0_19_1337, 626.74, 65.28, 0.000155233
FILLER_0_19_1393, 652.34, 65.28, 0.000152993
FILLER_0_20_1421, 665.14, 65.28, 0.000151392
FILLER_0_19_1449, 677.94, 65.28, 0.000149791
FILLER_0_20_1477, 690.74, 65.28, 0.000148189
FILLER_0_19_1505, 703.54, 65.28, 0.000146588
FILLER_0_20_1533, 716.34, 65.28, 0.000144987
FILLER_0_19_1561, 729.14, 65.28, 0.000143385
FILLER_0_20_1589, 741.94, 65.28, 0.000141784
FILLER_0_19_1617, 754.74, 65.28, 0.000140183
FILLER_0_20_1645, 767.54, 65.28, 0.000138581
FILLER_0_19_1673, 780.34, 65.28, 0.00013698
FILLER_0_19_1729, 805.94, 65.28, 0.000133689
FILLER_0_20_1757, 818.74, 65.28, 0.000131999
FILLER_0_19_1785, 831.54, 65.28, 0.000130309
FILLER_0_20_1813, 844.34, 65.28, 0.000128619
FILLER_0_19_1841, 857.14, 65.28, 0.000126929
FILLER_0_20_1869, 869.94, 65.28, 0.000125239
FILLER_0_19_1897, 882.74, 65.28, 0.000123549
FILLER_0_20_1925, 895.54, 65.28, 0.000121859
FILLER_0_19_1953, 908.34, 65.28, 0.000120169
FILLER_0_20_1981, 921.14, 65.28, 0.000118479
FILLER_0_19_2009, 933.94, 65.28, 0.000116789
FILLER_0_19_2065, 958.57, 65.28, 0.000115099
FILLER_0_20_2093, 970.4, 65.28, 0.000115099
FILLER_0_19_2121, 982.23, 65.28, 0.000115099
PHY_34, 5.52, 59.84, 0.000119031
PHY_36, 5.52, 59.84, 0.000119031
PHY_35, 994.06, 59.84, 0.000116766
PHY_37, 994.06, 59.84, 0.000116766
FILLER_0_17_2141, 994.06, 59.84, 0.000116766
FILLER_0_18_2137, 994.06, 59.84, 0.000116766
FILLER_0_18_77, 37.94, 59.84, 0.000120587
FILLER_0_19_105, 50.74, 59.84, 0.000122143
FILLER_0_18_133, 63.54, 59.84, 0.000123699
FILLER_0_19_161, 76.34, 59.84, 0.000125255
FILLER_0_18_189, 89.14, 59.84, 0.000126811
FILLER_0_19_217, 101.94, 59.84, 0.000128367
FILLER_0_18_245, 114.74, 59.84, 0.000129923
FILLER_0_19_273, 127.54, 59.84, 0.000131479
FILLER_0_18_301, 140.34, 59.84, 0.000133034
FILLER_0_19_329, 153.14, 59.84, 0.00013459
FILLER_0_18_357, 165.94, 59.84, 0.000136146
FILLER_0_18_413, 191.54, 59.84, 0.000139093
FILLER_0_19_441, 204.34, 59.84, 0.000140485
FILLER_0_18_469, 217.14, 59.84, 0.000141876
FILLER_0_19_497, 229.94, 59.84, 0.000143267
FILLER_0_18_525, 242.74, 59.84, 0.000144659
FILLER_0_19_553, 255.54, 59.84, 0.00014605
FILLER_0_18_581, 268.34, 59.84, 0.000147441
FILLER_0_19_609, 281.14, 59.84, 0.000148833
FILLER_0_18_637, 293.94, 59.84, 0.000150224
FILLER_0_19_665, 306.74, 59.84, 0.000151615
FILLER_0_18_693, 319.54, 59.84, 0.000153007
FILLER_0_18_749, 345.14, 59.84, 0.000154983
FILLER_0_19_777, 357.94, 59.84, 0.000155568
FILLER_0_18_805, 370.74, 59.84, 0.000156154
FILLER_0_19_833, 383.54, 59.84, 0.000156739
FILLER_0_18_861, 396.34, 59.84, 0.000157324
FILLER_0_19_889, 409.14, 59.84, 0.00015791
FILLER_0_18_917, 421.94, 59.84, 0.000158495
FILLER_0_19_945, 434.74, 59.84, 0.00015908
FILLER_0_18_973, 447.54, 59.84, 0.000159665
FILLER_0_19_1001, 460.34, 59.84, 0.000160251
FILLER_0_18_1029, 473.14, 59.84, 0.000160836
FILLER_0_18_1085, 498.74, 59.84, 0.000160797
FILLER_0_19_1113, 511.54, 59.84, 0.000160173
FILLER_0_18_1141, 524.34, 59.84, 0.000159549
FILLER_0_19_1169, 537.14, 59.84, 0.000158924
FILLER_0_18_1197, 549.94, 59.84, 0.0001583
FILLER_0_19_1225, 562.74, 59.84, 0.000157676
FILLER_0_18_1253, 575.54, 59.84, 0.000157052
FILLER_0_17_1281, 601.14, 59.84, 0.000155803
FILLER_0_18_1309, 613.94, 59.84, 0.000155179
FILLER_0_17_1337, 626.74, 59.84, 0.000154555
FILLER_0_17_1393, 652.34, 59.84, 0.000152404
FILLER_0_18_1421, 665.14, 59.84, 0.000150878
FILLER_0_17_1449, 677.94, 59.84, 0.000149352
FILLER_0_18_1477, 690.74, 59.84, 0.000147826
FILLER_0_17_1505, 703.54, 59.84, 0.0001463
FILLER_0_18_1533, 716.34, 59.84, 0.000144774
FILLER_0_17_1561, 729.14, 59.84, 0.000143248
FILLER_0_18_1589, 741.94, 59.84, 0.000141722
FILLER_0_17_1617, 754.74, 59.84, 0.000140195
FILLER_0_18_1645, 767.54, 59.84, 0.000138669
FILLER_0_17_1673, 780.34, 59.84, 0.000137143
FILLER_0_17_1729, 805.94, 59.84, 0.000134046
FILLER_0_18_1757, 818.74, 59.84, 0.000132475
FILLER_0_17_1785, 831.54, 59.84, 0.000130904
FILLER_0_18_1813, 844.34, 59.84, 0.000129333
FILLER_0_17_1841, 857.14, 59.84, 0.000127763
FILLER_0_18_1869, 869.94, 59.84, 0.000126192
FILLER_0_17_1897, 882.74, 59.84, 0.000124621
FILLER_0_18_1925, 895.54, 59.84, 0.00012305
FILLER_0_17_1953, 908.34, 59.84, 0.000121479
FILLER_0_18_1981, 921.14, 59.84, 0.000119908
FILLER_0_17_2009, 933.94, 59.84, 0.000118337
FILLER_0_17_2065, 958.57, 59.84, 0.000116766
FILLER_0_18_2093, 970.4, 59.84, 0.000116766
FILLER_0_17_2121, 982.23, 59.84, 0.000116766
PHY_30, 5.52, 54.4, 0.000120559
PHY_32, 5.52, 54.4, 0.000120559
PHY_31, 994.06, 54.4, 0.000118363
PHY_33, 994.06, 54.4, 0.000118363
FILLER_0_15_2141, 994.06, 54.4, 0.000118363
FILLER_0_16_2137, 994.06, 54.4, 0.000118363
FILLER_0_16_77, 37.94, 54.4, 0.000122017
FILLER_0_17_105, 50.74, 54.4, 0.000123476
FILLER_0_16_133, 63.54, 54.4, 0.000124935
FILLER_0_17_161, 76.34, 54.4, 0.000126394
FILLER_0_16_189, 89.14, 54.4, 0.000127852
FILLER_0_17_217, 101.94, 54.4, 0.000129311
FILLER_0_16_245, 114.74, 54.4, 0.00013077
FILLER_0_17_273, 127.54, 54.4, 0.000132228
FILLER_0_16_301, 140.34, 54.4, 0.000133687
FILLER_0_17_329, 153.14, 54.4, 0.000135146
FILLER_0_16_357, 165.94, 54.4, 0.000136604
FILLER_0_16_413, 191.54, 54.4, 0.000139393
FILLER_0_17_441, 204.34, 54.4, 0.000140723
FILLER_0_16_469, 217.14, 54.4, 0.000142052
FILLER_0_17_497, 229.94, 54.4, 0.000143382
FILLER_0_16_525, 242.74, 54.4, 0.000144712
FILLER_0_17_553, 255.54, 54.4, 0.000146042
FILLER_0_16_581, 268.34, 54.4, 0.000147371
FILLER_0_17_609, 281.14, 54.4, 0.000148701
FILLER_0_16_637, 293.94, 54.4, 0.000150031
FILLER_0_17_665, 306.74, 54.4, 0.000151361
FILLER_0_16_693, 319.54, 54.4, 0.00015269
FILLER_0_16_749, 345.14, 54.4, 0.000154572
FILLER_0_17_777, 357.94, 54.4, 0.000155125
FILLER_0_16_805, 370.74, 54.4, 0.000155677
FILLER_0_17_833, 383.54, 54.4, 0.000156229
FILLER_0_16_861, 396.34, 54.4, 0.000156782
FILLER_0_17_889, 409.14, 54.4, 0.000157334
FILLER_0_16_917, 421.94, 54.4, 0.000157886
FILLER_0_17_945, 434.74, 54.4, 0.000158439
FILLER_0_16_973, 447.54, 54.4, 0.000158991
FILLER_0_17_1001, 460.34, 54.4, 0.000159543
FILLER_0_16_1029, 473.14, 54.4, 0.000160096
FILLER_0_16_1085, 498.74, 54.4, 0.000160036
FILLER_0_17_1113, 511.54, 54.4, 0.000159425
FILLER_0_16_1141, 524.34, 54.4, 0.000158813
FILLER_0_17_1169, 537.14, 54.4, 0.000158201
FILLER_0_16_1197, 549.94, 54.4, 0.00015759
FILLER_0_17_1225, 562.74, 54.4, 0.000156978
FILLER_0_16_1253, 575.54, 54.4, 0.000156366
FILLER_0_15_1281, 601.14, 54.4, 0.000155143
FILLER_0_16_1309, 613.94, 54.4, 0.000154531
FILLER_0_15_1337, 626.74, 54.4, 0.00015392
FILLER_0_15_1393, 652.34, 54.4, 0.000151854
FILLER_0_16_1421, 665.14, 54.4, 0.000150399
FILLER_0_15_1449, 677.94, 54.4, 0.000148945
FILLER_0_16_1477, 690.74, 54.4, 0.000147491
FILLER_0_15_1505, 703.54, 54.4, 0.000146036
FILLER_0_16_1533, 716.34, 54.4, 0.000144582
FILLER_0_15_1561, 729.14, 54.4, 0.000143127
FILLER_0_16_1589, 741.94, 54.4, 0.000141673
FILLER_0_15_1617, 754.74, 54.4, 0.000140219
FILLER_0_16_1645, 767.54, 54.4, 0.000138764
FILLER_0_15_1673, 780.34, 54.4, 0.00013731
FILLER_0_15_1729, 805.94, 54.4, 0.000134398
FILLER_0_16_1757, 818.74, 54.4, 0.00013294
FILLER_0_15_1785, 831.54, 54.4, 0.000131482
FILLER_0_16_1813, 844.34, 54.4, 0.000130025
FILLER_0_15_1841, 857.14, 54.4, 0.000128567
FILLER_0_16_1869, 869.94, 54.4, 0.000127109
FILLER_0_15_1897, 882.74, 54.4, 0.000125652
FILLER_0_16_1925, 895.54, 54.4, 0.000124194
FILLER_0_15_1953, 908.34, 54.4, 0.000122736
FILLER_0_16_1981, 921.14, 54.4, 0.000121278
FILLER_0_15_2009, 933.94, 54.4, 0.000119821
FILLER_0_15_2065, 958.57, 54.4, 0.000118363
FILLER_0_16_2093, 970.4, 54.4, 0.000118363
FILLER_0_15_2121, 982.23, 54.4, 0.000118363
PHY_26, 5.52, 48.96, 0.000122021
PHY_28, 5.52, 48.96, 0.000122021
PHY_27, 994.06, 48.96, 0.000119894
PHY_29, 994.06, 48.96, 0.000119894
FILLER_0_13_2141, 994.06, 48.96, 0.000119894
FILLER_0_14_2137, 994.06, 48.96, 0.000119894
FILLER_0_14_77, 37.94, 48.96, 0.000123388
FILLER_0_15_105, 50.74, 48.96, 0.000124755
FILLER_0_14_133, 63.54, 48.96, 0.000126123
FILLER_0_15_161, 76.34, 48.96, 0.00012749
FILLER_0_14_189, 89.14, 48.96, 0.000128857
FILLER_0_15_217, 101.94, 48.96, 0.000130224
FILLER_0_14_245, 114.74, 48.96, 0.000131592
FILLER_0_15_273, 127.54, 48.96, 0.000132959
FILLER_0_14_301, 140.34, 48.96, 0.000134326
FILLER_0_15_329, 153.14, 48.96, 0.000135693
FILLER_0_14_357, 165.94, 48.96, 0.00013706
FILLER_0_14_413, 191.54, 48.96, 0.000139699
FILLER_0_15_441, 204.34, 48.96, 0.000140969
FILLER_0_14_469, 217.14, 48.96, 0.00014224
FILLER_0_15_497, 229.94, 48.96, 0.000143511
FILLER_0_14_525, 242.74, 48.96, 0.000144782
FILLER_0_15_553, 255.54, 48.96, 0.000146053
FILLER_0_14_581, 268.34, 48.96, 0.000147324
FILLER_0_15_609, 281.14, 48.96, 0.000148595
FILLER_0_14_637, 293.94, 48.96, 0.000149866
FILLER_0_15_665, 306.74, 48.96, 0.000151137
FILLER_0_14_693, 319.54, 48.96, 0.000152408
FILLER_0_14_749, 345.14, 48.96, 0.000154199
FILLER_0_15_777, 357.94, 48.96, 0.00015472
FILLER_0_14_805, 370.74, 48.96, 0.000155241
FILLER_0_15_833, 383.54, 48.96, 0.000155762
FILLER_0_14_861, 396.34, 48.96, 0.000156283
FILLER_0_15_889, 409.14, 48.96, 0.000156804
FILLER_0_14_917, 421.94, 48.96, 0.000157324
FILLER_0_15_945, 434.74, 48.96, 0.000157845
FILLER_0_14_973, 447.54, 48.96, 0.000158366
FILLER_0_15_1001, 460.34, 48.96, 0.000158887
FILLER_0_14_1029, 473.14, 48.96, 0.000159408
FILLER_0_14_1085, 498.74, 48.96, 0.000159328
FILLER_0_15_1113, 511.54, 48.96, 0.000158728
FILLER_0_14_1141, 524.34, 48.96, 0.000158127
FILLER_0_15_1169, 537.14, 48.96, 0.000157527
FILLER_0_14_1197, 549.94, 48.96, 0.000156927
FILLER_0_15_1225, 562.74, 48.96, 0.000156326
FILLER_0_14_1253, 575.54, 48.96, 0.000155726
FILLER_0_13_1281, 601.14, 48.96, 0.000154525
FILLER_0_14_1309, 613.94, 48.96, 0.000153925
FILLER_0_13_1337, 626.74, 48.96, 0.000153324
FILLER_0_13_1393, 652.34, 48.96, 0.000151338
FILLER_0_14_1421, 665.14, 48.96, 0.000149952
FILLER_0_13_1449, 677.94, 48.96, 0.000148566
FILLER_0_14_1477, 690.74, 48.96, 0.00014718
FILLER_0_13_1505, 703.54, 48.96, 0.000145794
FILLER_0_14_1533, 716.34, 48.96, 0.000144408
FILLER_0_13_1561, 729.14, 48.96, 0.000143022
FILLER_0_14_1589, 741.94, 48.96, 0.000141637
FILLER_0_13_1617, 754.74, 48.96, 0.000140251
FILLER_0_14_1645, 767.54, 48.96, 0.000138865
FILLER_0_13_1673, 780.34, 48.96, 0.000137478
FILLER_0_13_1729, 805.94, 48.96, 0.000134743
FILLER_0_14_1757, 818.74, 48.96, 0.000133393
FILLER_0_13_1785, 831.54, 48.96, 0.000132043
FILLER_0_14_1813, 844.34, 48.96, 0.000130693
FILLER_0_13_1841, 857.14, 48.96, 0.000129343
FILLER_0_14_1869, 869.94, 48.96, 0.000127993
FILLER_0_13_1897, 882.74, 48.96, 0.000126643
FILLER_0_14_1925, 895.54, 48.96, 0.000125294
FILLER_0_13_1953, 908.34, 48.96, 0.000123944
FILLER_0_14_1981, 921.14, 48.96, 0.000122594
FILLER_0_13_2009, 933.94, 48.96, 0.000121244
FILLER_0_13_2065, 958.57, 48.96, 0.000119894
FILLER_0_14_2093, 970.4, 48.96, 0.000119894
FILLER_0_13_2121, 982.23, 48.96, 0.000119894
PHY_22, 5.52, 43.52, 0.000123421
PHY_24, 5.52, 43.52, 0.000123421
PHY_23, 994.06, 43.52, 0.000121364
PHY_25, 994.06, 43.52, 0.000121364
FILLER_0_11_2141, 994.06, 43.52, 0.000121364
FILLER_0_12_2137, 994.06, 43.52, 0.000121364
FILLER_0_12_77, 37.94, 43.52, 0.000124703
FILLER_0_13_105, 50.74, 43.52, 0.000125984
FILLER_0_12_133, 63.54, 43.52, 0.000127265
FILLER_0_13_161, 76.34, 43.52, 0.000128546
FILLER_0_12_189, 89.14, 43.52, 0.000129827
FILLER_0_13_217, 101.94, 43.52, 0.000131108
FILLER_0_12_245, 114.74, 43.52, 0.000132389
FILLER_0_13_273, 127.54, 43.52, 0.000133671
FILLER_0_12_301, 140.34, 43.52, 0.000134952
FILLER_0_13_329, 153.14, 43.52, 0.000136233
FILLER_0_12_357, 165.94, 43.52, 0.000137514
FILLER_0_12_413, 191.54, 43.52, 0.00014001
FILLER_0_13_441, 204.34, 43.52, 0.000141224
FILLER_0_12_469, 217.14, 43.52, 0.000142439
FILLER_0_13_497, 229.94, 43.52, 0.000143654
FILLER_0_12_525, 242.74, 43.52, 0.000144869
FILLER_0_13_553, 255.54, 43.52, 0.000146084
FILLER_0_12_581, 268.34, 43.52, 0.000147298
FILLER_0_13_609, 281.14, 43.52, 0.000148513
FILLER_0_12_637, 293.94, 43.52, 0.000149728
FILLER_0_13_665, 306.74, 43.52, 0.000150943
FILLER_0_12_693, 319.54, 43.52, 0.000152157
FILLER_0_12_749, 345.14, 43.52, 0.000153863
FILLER_0_13_777, 357.94, 43.52, 0.000154353
FILLER_0_12_805, 370.74, 43.52, 0.000154844
FILLER_0_13_833, 383.54, 43.52, 0.000155335
FILLER_0_12_861, 396.34, 43.52, 0.000155826
FILLER_0_13_889, 409.14, 43.52, 0.000156316
FILLER_0_12_917, 421.94, 43.52, 0.000156807
FILLER_0_13_945, 434.74, 43.52, 0.000157298
FILLER_0_12_973, 447.54, 43.52, 0.000157788
FILLER_0_13_1001, 460.34, 43.52, 0.000158279
FILLER_0_12_1029, 473.14, 43.52, 0.00015877
FILLER_0_12_1085, 498.74, 43.52, 0.00015867
FILLER_0_13_1113, 511.54, 43.52, 0.00015808
FILLER_0_12_1141, 524.34, 43.52, 0.000157489
FILLER_0_13_1169, 537.14, 43.52, 0.000156899
FILLER_0_12_1197, 549.94, 43.52, 0.000156309
FILLER_0_13_1225, 562.74, 43.52, 0.000155719
FILLER_0_12_1253, 575.54, 43.52, 0.000155128
FILLER_0_11_1281, 601.14, 43.52, 0.000153947
FILLER_0_12_1309, 613.94, 43.52, 0.000153357
FILLER_0_11_1337, 626.74, 43.52, 0.000152767
FILLER_0_11_1393, 652.34, 43.52, 0.000150856
FILLER_0_12_1421, 665.14, 43.52, 0.000149535
FILLER_0_11_1449, 677.94, 43.52, 0.000148214
FILLER_0_12_1477, 690.74, 43.52, 0.000146893
FILLER_0_11_1505, 703.54, 43.52, 0.000145572
FILLER_0_12_1533, 716.34, 43.52, 0.000144252
FILLER_0_11_1561, 729.14, 43.52, 0.000142931
FILLER_0_12_1589, 741.94, 43.52, 0.00014161
FILLER_0_11_1617, 754.74, 43.52, 0.000140289
FILLER_0_12_1645, 767.54, 43.52, 0.000138968
FILLER_0_11_1673, 780.34, 43.52, 0.000137648
FILLER_0_11_1729, 805.94, 43.52, 0.00013508
FILLER_0_12_1757, 818.74, 43.52, 0.000133833
FILLER_0_11_1785, 831.54, 43.52, 0.000132586
FILLER_0_12_1813, 844.34, 43.52, 0.000131339
FILLER_0_11_1841, 857.14, 43.52, 0.000130092
FILLER_0_12_1869, 869.94, 43.52, 0.000128845
FILLER_0_11_1897, 882.74, 43.52, 0.000127598
FILLER_0_12_1925, 895.54, 43.52, 0.000126352
FILLER_0_11_1953, 908.34, 43.52, 0.000125105
FILLER_0_12_1981, 921.14, 43.52, 0.000123858
FILLER_0_11_2009, 933.94, 43.52, 0.000122611
FILLER_0_11_2065, 958.57, 43.52, 0.000121364
FILLER_0_12_2093, 970.4, 43.52, 0.000121364
FILLER_0_11_2121, 982.23, 43.52, 0.000121364
PHY_18, 5.52, 38.08, 0.000124765
PHY_20, 5.52, 38.08, 0.000124765
PHY_19, 994.06, 38.08, 0.000122778
PHY_21, 994.06, 38.08, 0.000122778
FILLER_0_9_2141, 994.06, 38.08, 0.000122778
FILLER_0_10_2137, 994.06, 38.08, 0.000122778
FILLER_0_10_77, 37.94, 38.08, 0.000125965
FILLER_0_11_105, 50.74, 38.08, 0.000127165
FILLER_0_10_133, 63.54, 38.08, 0.000128364
FILLER_0_11_161, 76.34, 38.08, 0.000129564
FILLER_0_10_189, 89.14, 38.08, 0.000130764
FILLER_0_11_217, 101.94, 38.08, 0.000131964
FILLER_0_10_245, 114.74, 38.08, 0.000133164
FILLER_0_11_273, 127.54, 38.08, 0.000134364
FILLER_0_10_301, 140.34, 38.08, 0.000135564
FILLER_0_11_329, 153.14, 38.08, 0.000136764
FILLER_0_10_357, 165.94, 38.08, 0.000137964
FILLER_0_10_413, 191.54, 38.08, 0.000140325
FILLER_0_11_441, 204.34, 38.08, 0.000141486
FILLER_0_10_469, 217.14, 38.08, 0.000142647
FILLER_0_11_497, 229.94, 38.08, 0.000143809
FILLER_0_10_525, 242.74, 38.08, 0.00014497
FILLER_0_11_553, 255.54, 38.08, 0.000146131
FILLER_0_10_581, 268.34, 38.08, 0.000147293
FILLER_0_11_609, 281.14, 38.08, 0.000148454
FILLER_0_10_637, 293.94, 38.08, 0.000149615
FILLER_0_11_665, 306.74, 38.08, 0.000150777
FILLER_0_10_693, 319.54, 38.08, 0.000151938
FILLER_0_10_749, 345.14, 38.08, 0.000153561
FILLER_0_11_777, 357.94, 38.08, 0.000154023
FILLER_0_10_805, 370.74, 38.08, 0.000154485
FILLER_0_11_833, 383.54, 38.08, 0.000154947
FILLER_0_10_861, 396.34, 38.08, 0.000155409
FILLER_0_11_889, 409.14, 38.08, 0.000155871
FILLER_0_10_917, 421.94, 38.08, 0.000156333
FILLER_0_11_945, 434.74, 38.08, 0.000156795
FILLER_0_10_973, 447.54, 38.08, 0.000157257
FILLER_0_11_1001, 460.34, 38.08, 0.000157718
FILLER_0_10_1029, 473.14, 38.08, 0.00015818
FILLER_0_10_1085, 498.74, 38.08, 0.000158061
FILLER_0_11_1113, 511.54, 38.08, 0.000157479
FILLER_0_10_1141, 524.34, 38.08, 0.000156897
FILLER_0_11_1169, 537.14, 38.08, 0.000156316
FILLER_0_10_1197, 549.94, 38.08, 0.000155734
FILLER_0_11_1225, 562.74, 38.08, 0.000155152
FILLER_0_10_1253, 575.54, 38.08, 0.000154571
FILLER_0_9_1281, 601.14, 38.08, 0.000153407
FILLER_0_10_1309, 613.94, 38.08, 0.000152826
FILLER_0_9_1337, 626.74, 38.08, 0.000152244
FILLER_0_9_1393, 652.34, 38.08, 0.000150403
FILLER_0_10_1421, 665.14, 38.08, 0.000149145
FILLER_0_9_1449, 677.94, 38.08, 0.000147886
FILLER_0_10_1477, 690.74, 38.08, 0.000146627
FILLER_0_9_1505, 703.54, 38.08, 0.000145368
FILLER_0_10_1533, 716.34, 38.08, 0.000144109
FILLER_0_9_1561, 729.14, 38.08, 0.000142851
FILLER_0_10_1589, 741.94, 38.08, 0.000141592
FILLER_0_9_1617, 754.74, 38.08, 0.000140333
FILLER_0_10_1645, 767.54, 38.08, 0.000139074
FILLER_0_9_1673, 780.34, 38.08, 0.000137815
FILLER_0_9_1729, 805.94, 38.08, 0.000135408
FILLER_0_10_1757, 818.74, 38.08, 0.00013426
FILLER_0_9_1785, 831.54, 38.08, 0.000133112
FILLER_0_10_1813, 844.34, 38.08, 0.000131964
FILLER_0_9_1841, 857.14, 38.08, 0.000130815
FILLER_0_10_1869, 869.94, 38.08, 0.000129667
FILLER_0_9_1897, 882.74, 38.08, 0.000128519
FILLER_0_10_1925, 895.54, 38.08, 0.000127371
FILLER_0_9_1953, 908.34, 38.08, 0.000126222
FILLER_0_10_1981, 921.14, 38.08, 0.000125074
FILLER_0_9_2009, 933.94, 38.08, 0.000123926
FILLER_0_9_2065, 958.57, 38.08, 0.000122777
FILLER_0_10_2093, 970.4, 38.08, 0.000122777
FILLER_0_9_2121, 982.23, 38.08, 0.000122778
PHY_14, 5.52, 32.64, 0.000126054
PHY_16, 5.52, 32.64, 0.000126054
PHY_15, 994.06, 32.64, 0.000124139
PHY_17, 994.06, 32.64, 0.000124139
FILLER_0_7_2141, 994.06, 32.64, 0.000124139
FILLER_0_8_2137, 994.06, 32.64, 0.000124139
FILLER_0_8_77, 37.94, 32.64, 0.000127177
FILLER_0_9_105, 50.74, 32.64, 0.0001283
FILLER_0_8_133, 63.54, 32.64, 0.000129424
FILLER_0_9_161, 76.34, 32.64, 0.000130547
FILLER_0_8_189, 89.14, 32.64, 0.00013167
FILLER_0_9_217, 101.94, 32.64, 0.000132793
FILLER_0_8_245, 114.74, 32.64, 0.000133917
FILLER_0_9_273, 127.54, 32.64, 0.00013504
FILLER_0_8_301, 140.34, 32.64, 0.000136163
FILLER_0_9_329, 153.14, 32.64, 0.000137286
FILLER_0_8_357, 165.94, 32.64, 0.000138409
FILLER_0_8_413, 191.54, 32.64, 0.000140643
FILLER_0_9_441, 204.34, 32.64, 0.000141754
FILLER_0_8_469, 217.14, 32.64, 0.000142864
FILLER_0_9_497, 229.94, 32.64, 0.000143975
FILLER_0_8_525, 242.74, 32.64, 0.000145085
FILLER_0_9_553, 255.54, 32.64, 0.000146196
FILLER_0_8_581, 268.34, 32.64, 0.000147306
FILLER_0_9_609, 281.14, 32.64, 0.000148417
FILLER_0_8_637, 293.94, 32.64, 0.000149527
FILLER_0_9_665, 306.74, 32.64, 0.000150638
FILLER_0_8_693, 319.54, 32.64, 0.000151748
FILLER_0_8_749, 345.14, 32.64, 0.000153293
FILLER_0_9_777, 357.94, 32.64, 0.000153728
FILLER_0_8_805, 370.74, 32.64, 0.000154162
FILLER_0_9_833, 383.54, 32.64, 0.000154597
FILLER_0_8_861, 396.34, 32.64, 0.000155031
FILLER_0_9_889, 409.14, 32.64, 0.000155465
FILLER_0_8_917, 421.94, 32.64, 0.0001559
FILLER_0_9_945, 434.74, 32.64, 0.000156334
FILLER_0_8_973, 447.54, 32.64, 0.000156769
FILLER_0_9_1001, 460.34, 32.64, 0.000157203
FILLER_0_8_1029, 473.14, 32.64, 0.000157638
FILLER_0_8_1085, 498.74, 32.64, 0.000157498
FILLER_0_9_1113, 511.54, 32.64, 0.000156923
FILLER_0_8_1141, 524.34, 32.64, 0.000156349
FILLER_0_9_1169, 537.14, 32.64, 0.000155774
FILLER_0_8_1197, 549.94, 32.64, 0.0001552
FILLER_0_9_1225, 562.74, 32.64, 0.000154626
FILLER_0_8_1253, 575.54, 32.64, 0.000154051
FILLER_0_7_1281, 601.14, 32.64, 0.000152902
FILLER_0_8_1309, 613.94, 32.64, 0.000152328
FILLER_0_7_1337, 626.74, 32.64, 0.000151754
FILLER_0_7_1393, 652.34, 32.64, 0.000149979
FILLER_0_8_1421, 665.14, 32.64, 0.000148779
FILLER_0_7_1449, 677.94, 32.64, 0.00014758
FILLER_0_8_1477, 690.74, 32.64, 0.00014638
FILLER_0_7_1505, 703.54, 32.64, 0.00014518
FILLER_0_8_1533, 716.34, 32.64, 0.00014398
FILLER_0_7_1561, 729.14, 32.64, 0.00014278
FILLER_0_8_1589, 741.94, 32.64, 0.00014158
FILLER_0_7_1617, 754.74, 32.64, 0.00014038
FILLER_0_8_1645, 767.54, 32.64, 0.00013918
FILLER_0_7_1673, 780.34, 32.64, 0.00013798
FILLER_0_7_1729, 805.94, 32.64, 0.000135727
FILLER_0_8_1757, 818.74, 32.64, 0.000134673
FILLER_0_7_1785, 831.54, 32.64, 0.00013362
FILLER_0_8_1813, 844.34, 32.64, 0.000132567
FILLER_0_7_1841, 857.14, 32.64, 0.000131513
FILLER_0_8_1869, 869.94, 32.64, 0.00013046
FILLER_0_7_1897, 882.74, 32.64, 0.000129406
FILLER_0_8_1925, 895.54, 32.64, 0.000128353
FILLER_0_7_1953, 908.34, 32.64, 0.000127299
FILLER_0_8_1981, 921.14, 32.64, 0.000126246
FILLER_0_7_2009, 933.94, 32.64, 0.000125192
FILLER_0_7_2065, 958.57, 32.64, 0.000124139
FILLER_0_8_2093, 970.4, 32.64, 0.000124139
FILLER_0_7_2121, 982.23, 32.64, 0.000124139
PHY_10, 5.52, 27.2, 0.000126839
PHY_12, 5.52, 27.2, 0.000126839
PHY_11, 994.06, 27.2, 0.000125023
PHY_13, 994.06, 27.2, 0.000125023
FILLER_0_5_2141, 994.06, 27.2, 0.000125023
FILLER_0_6_2137, 994.06, 27.2, 0.000125023
FILLER_0_6_77, 37.94, 27.2, 0.000127926
FILLER_0_7_105, 50.74, 27.2, 0.000129014
FILLER_0_6_133, 63.54, 27.2, 0.000130101
FILLER_0_7_161, 76.34, 27.2, 0.000131188
FILLER_0_6_189, 89.14, 27.2, 0.000132275
FILLER_0_7_217, 101.94, 27.2, 0.000133362
FILLER_0_6_245, 114.74, 27.2, 0.000134449
FILLER_0_7_273, 127.54, 27.2, 0.000135536
FILLER_0_6_301, 140.34, 27.2, 0.000136623
FILLER_0_7_329, 153.14, 27.2, 0.000137711
FILLER_0_6_357, 165.94, 27.2, 0.000138798
FILLER_0_6_413, 191.54, 27.2, 0.000140973
FILLER_0_7_441, 204.34, 27.2, 0.000142061
FILLER_0_6_469, 217.14, 27.2, 0.000143148
FILLER_0_7_497, 229.94, 27.2, 0.000144236
FILLER_0_6_525, 242.74, 27.2, 0.000145324
FILLER_0_7_553, 255.54, 27.2, 0.000146412
FILLER_0_6_581, 268.34, 27.2, 0.0001475
FILLER_0_7_609, 281.14, 27.2, 0.000148588
FILLER_0_6_637, 293.94, 27.2, 0.000149675
FILLER_0_7_665, 306.74, 27.2, 0.000150763
FILLER_0_6_693, 319.54, 27.2, 0.000151851
FILLER_0_6_749, 345.14, 27.2, 0.000153358
FILLER_0_7_777, 357.94, 27.2, 0.000153778
FILLER_0_6_805, 370.74, 27.2, 0.000154197
FILLER_0_7_833, 383.54, 27.2, 0.000154617
FILLER_0_6_861, 396.34, 27.2, 0.000155037
FILLER_0_7_889, 409.14, 27.2, 0.000155456
FILLER_0_6_917, 421.94, 27.2, 0.000155876
FILLER_0_7_945, 434.74, 27.2, 0.000156295
FILLER_0_6_973, 447.54, 27.2, 0.000156715
FILLER_0_7_1001, 460.34, 27.2, 0.000157134
FILLER_0_6_1029, 473.14, 27.2, 0.000157554
FILLER_0_6_1085, 498.74, 27.2, 0.000157391
FILLER_0_7_1113, 511.54, 27.2, 0.000156809
FILLER_0_6_1141, 524.34, 27.2, 0.000156226
FILLER_0_7_1169, 537.14, 27.2, 0.000155644
FILLER_0_6_1197, 549.94, 27.2, 0.000155062
FILLER_0_7_1225, 562.74, 27.2, 0.00015448
FILLER_0_6_1253, 575.54, 27.2, 0.000153897
FILLER_0_5_1281, 601.14, 27.2, 0.000152733
FILLER_0_6_1309, 613.94, 27.2, 0.00015215
FILLER_0_5_1337, 626.74, 27.2, 0.000151568
FILLER_0_5_1393, 652.34, 27.2, 0.000149814
FILLER_0_6_1421, 665.14, 27.2, 0.000148642
FILLER_0_5_1449, 677.94, 27.2, 0.00014747
FILLER_0_6_1477, 690.74, 27.2, 0.000146297
FILLER_0_5_1505, 703.54, 27.2, 0.000145125
FILLER_0_6_1533, 716.34, 27.2, 0.000143953
FILLER_0_5_1561, 729.14, 27.2, 0.000142781
FILLER_0_6_1589, 741.94, 27.2, 0.000141609
FILLER_0_5_1617, 754.74, 27.2, 0.000140437
FILLER_0_6_1645, 767.54, 27.2, 0.000139265
FILLER_0_5_1673, 780.34, 27.2, 0.000138093
FILLER_0_5_1729, 805.94, 27.2, 0.000135929
FILLER_0_6_1757, 818.74, 27.2, 0.000134938
FILLER_0_5_1785, 831.54, 27.2, 0.000133946
FILLER_0_6_1813, 844.34, 27.2, 0.000132955
FILLER_0_5_1841, 857.14, 27.2, 0.000131963
FILLER_0_6_1869, 869.94, 27.2, 0.000130972
FILLER_0_5_1897, 882.74, 27.2, 0.000129981
FILLER_0_6_1925, 895.54, 27.2, 0.000128989
FILLER_0_5_1953, 908.34, 27.2, 0.000127998
FILLER_0_6_1981, 921.14, 27.2, 0.000127006
FILLER_0_5_2009, 933.94, 27.2, 0.000126015
FILLER_0_5_2065, 958.57, 27.2, 0.000125023
FILLER_0_6_2093, 970.4, 27.2, 0.000125023
FILLER_0_5_2121, 982.23, 27.2, 0.000125023
PHY_6, 5.52, 21.76, 0.000127349
PHY_8, 5.52, 21.76, 0.000127349
PHY_7, 994.06, 21.76, 0.000125648
PHY_9, 994.06, 21.76, 0.000125648
FILLER_0_3_2141, 994.06, 21.76, 0.000125648
FILLER_0_4_2137, 994.06, 21.76, 0.000125648
FILLER_0_4_77, 37.94, 21.76, 0.000128423
FILLER_0_5_105, 50.74, 21.76, 0.000129496
FILLER_0_4_133, 63.54, 21.76, 0.000130569
FILLER_0_5_161, 76.34, 21.76, 0.000131642
FILLER_0_4_189, 89.14, 21.76, 0.000132716
FILLER_0_5_217, 101.94, 21.76, 0.000133789
FILLER_0_4_245, 114.74, 21.76, 0.000134862
FILLER_0_5_273, 127.54, 21.76, 0.000135935
FILLER_0_4_301, 140.34, 21.76, 0.000137008
FILLER_0_5_329, 153.14, 21.76, 0.000138082
FILLER_0_4_357, 165.94, 21.76, 0.000139155
FILLER_0_4_413, 191.54, 21.76, 0.000141308
FILLER_0_5_441, 204.34, 21.76, 0.000142389
FILLER_0_4_469, 217.14, 21.76, 0.00014347
FILLER_0_5_497, 229.94, 21.76, 0.00014455
FILLER_0_4_525, 242.74, 21.76, 0.000145631
FILLER_0_5_553, 255.54, 21.76, 0.000146711
FILLER_0_4_581, 268.34, 21.76, 0.000147792
FILLER_0_5_609, 281.14, 21.76, 0.000148872
FILLER_0_4_637, 293.94, 21.76, 0.000149953
FILLER_0_5_665, 306.74, 21.76, 0.000151033
FILLER_0_4_693, 319.54, 21.76, 0.000152113
FILLER_0_4_749, 345.14, 21.76, 0.000153605
FILLER_0_5_777, 357.94, 21.76, 0.000154017
FILLER_0_4_805, 370.74, 21.76, 0.000154429
FILLER_0_5_833, 383.54, 21.76, 0.00015484
FILLER_0_4_861, 396.34, 21.76, 0.000155252
FILLER_0_5_889, 409.14, 21.76, 0.000155663
FILLER_0_4_917, 421.94, 21.76, 0.000156075
FILLER_0_5_945, 434.74, 21.76, 0.000156486
FILLER_0_4_973, 447.54, 21.76, 0.000156898
FILLER_0_5_1001, 460.34, 21.76, 0.000157309
FILLER_0_4_1029, 473.14, 21.76, 0.00015772
FILLER_0_4_1085, 498.74, 21.76, 0.000157533
FILLER_0_5_1113, 511.54, 21.76, 0.000156935
FILLER_0_4_1141, 524.34, 21.76, 0.000156336
FILLER_0_5_1169, 537.14, 21.76, 0.000155738
FILLER_0_4_1197, 549.94, 21.76, 0.000155139
FILLER_0_5_1225, 562.74, 21.76, 0.000154541
FILLER_0_4_1253, 575.54, 21.76, 0.000153942
FILLER_0_3_1281, 601.14, 21.76, 0.000152745
FILLER_0_4_1309, 613.94, 21.76, 0.000152147
FILLER_0_3_1337, 626.74, 21.76, 0.000151548
FILLER_0_3_1393, 652.34, 21.76, 0.000149788
FILLER_0_4_1421, 665.14, 21.76, 0.000148627
FILLER_0_3_1449, 677.94, 21.76, 0.000147466
FILLER_0_4_1477, 690.74, 21.76, 0.000146304
FILLER_0_3_1505, 703.54, 21.76, 0.000145143
FILLER_0_4_1533, 716.34, 21.76, 0.000143982
FILLER_0_3_1561, 729.14, 21.76, 0.000142821
FILLER_0_4_1589, 741.94, 21.76, 0.000141659
FILLER_0_3_1617, 754.74, 21.76, 0.000140498
FILLER_0_4_1645, 767.54, 21.76, 0.000139337
FILLER_0_3_1673, 780.34, 21.76, 0.000138175
FILLER_0_3_1729, 805.94, 21.76, 0.000136067
FILLER_0_4_1757, 818.74, 21.76, 0.00013512
FILLER_0_3_1785, 831.54, 21.76, 0.000134173
FILLER_0_4_1813, 844.34, 21.76, 0.000133226
FILLER_0_3_1841, 857.14, 21.76, 0.000132278
FILLER_0_4_1869, 869.94, 21.76, 0.000131331
FILLER_0_3_1897, 882.74, 21.76, 0.000130384
FILLER_0_4_1925, 895.54, 21.76, 0.000129437
FILLER_0_3_1953, 908.34, 21.76, 0.00012849
FILLER_0_4_1981, 921.14, 21.76, 0.000127543
FILLER_0_3_2009, 933.94, 21.76, 0.000126595
FILLER_0_3_2065, 958.57, 21.76, 0.000125648
FILLER_0_4_2093, 970.4, 21.76, 0.000125648
FILLER_0_3_2121, 982.23, 21.76, 0.000125648
PHY_2, 5.52, 16.32, 0.000127811
PHY_4, 5.52, 16.32, 0.000127811
PHY_3, 994.06, 16.32, 0.00012623
PHY_5, 994.06, 16.32, 0.00012623
FILLER_0_1_2141, 994.06, 16.32, 0.00012623
FILLER_0_2_2137, 994.06, 16.32, 0.00012623
FILLER_0_2_77, 37.94, 16.32, 0.000128875
FILLER_0_3_105, 50.74, 16.32, 0.000129938
FILLER_0_2_133, 63.54, 16.32, 0.000131001
FILLER_0_3_161, 76.34, 16.32, 0.000132064
FILLER_0_2_189, 89.14, 16.32, 0.000133128
FILLER_0_3_217, 101.94, 16.32, 0.000134191
FILLER_0_2_245, 114.74, 16.32, 0.000135254
FILLER_0_3_273, 127.54, 16.32, 0.000136317
FILLER_0_2_301, 140.34, 16.32, 0.00013738
FILLER_0_3_329, 153.14, 16.32, 0.000138443
FILLER_0_2_357, 165.94, 16.32, 0.000139507
FILLER_0_2_413, 191.54, 16.32, 0.000141646
FILLER_0_3_441, 204.34, 16.32, 0.000142722
FILLER_0_2_469, 217.14, 16.32, 0.000143797
FILLER_0_3_497, 229.94, 16.32, 0.000144873
FILLER_0_2_525, 242.74, 16.32, 0.000145949
FILLER_0_3_553, 255.54, 16.32, 0.000147025
FILLER_0_2_581, 268.34, 16.32, 0.000148101
FILLER_0_3_609, 281.14, 16.32, 0.000149177
FILLER_0_2_637, 293.94, 16.32, 0.000150253
FILLER_0_3_665, 306.74, 16.32, 0.000151328
FILLER_0_2_693, 319.54, 16.32, 0.000152404
FILLER_0_2_749, 345.14, 16.32, 0.000153885
FILLER_0_3_777, 357.94, 16.32, 0.00015429
FILLER_0_2_805, 370.74, 16.32, 0.000154694
FILLER_0_3_833, 383.54, 16.32, 0.000155099
FILLER_0_2_861, 396.34, 16.32, 0.000155504
FILLER_0_3_889, 409.14, 16.32, 0.000155909
FILLER_0_2_917, 421.94, 16.32, 0.000156313
FILLER_0_3_945, 434.74, 16.32, 0.000156718
FILLER_0_2_973, 447.54, 16.32, 0.000157123
FILLER_0_3_1001, 460.34, 16.32, 0.000157528
FILLER_0_2_1029, 473.14, 16.32, 0.000157932
FILLER_0_2_1085, 498.74, 16.32, 0.00015772
FILLER_0_3_1113, 511.54, 16.32, 0.000157104
FILLER_0_2_1141, 524.34, 16.32, 0.000156488
FILLER_0_3_1169, 537.14, 16.32, 0.000155871
FILLER_0_2_1197, 549.94, 16.32, 0.000155255
FILLER_0_3_1225, 562.74, 16.32, 0.000154638
FILLER_0_2_1253, 575.54, 16.32, 0.000154022
FILLER_0_1_1281, 601.14, 16.32, 0.000152789
FILLER_0_2_1309, 613.94, 16.32, 0.000152172
FILLER_0_1_1337, 626.74, 16.32, 0.000151556
FILLER_0_1_1393, 652.34, 16.32, 0.000149786
FILLER_0_2_1421, 665.14, 16.32, 0.000148632
FILLER_0_1_1449, 677.94, 16.32, 0.000147479
FILLER_0_2_1477, 690.74, 16.32, 0.000146325
FILLER_0_1_1505, 703.54, 16.32, 0.000145172
FILLER_0_2_1533, 716.34, 16.32, 0.000144018
FILLER_0_1_1561, 729.14, 16.32, 0.000142865
FILLER_0_2_1589, 741.94, 16.32, 0.000141711
FILLER_0_1_1617, 754.74, 16.32, 0.000140558
FILLER_0_2_1645, 767.54, 16.32, 0.000139404
FILLER_0_1_1673, 780.34, 16.32, 0.000138251
FILLER_0_1_1729, 805.94, 16.32, 0.000136192
FILLER_0_2_1757, 818.74, 16.32, 0.000135286
FILLER_0_1_1785, 831.54, 16.32, 0.000134381
FILLER_0_2_1813, 844.34, 16.32, 0.000133475
FILLER_0_1_1841, 857.14, 16.32, 0.000132569
FILLER_0_2_1869, 869.94, 16.32, 0.000131664
FILLER_0_1_1897, 882.74, 16.32, 0.000130758
FILLER_0_2_1925, 895.54, 16.32, 0.000129853
FILLER_0_1_1953, 908.34, 16.32, 0.000128947
FILLER_0_2_1981, 921.14, 16.32, 0.000128041
FILLER_0_1_2009, 933.94, 16.32, 0.000127136
FILLER_0_1_2065, 958.57, 16.32, 0.00012623
FILLER_0_2_2093, 970.4, 16.32, 0.00012623
FILLER_0_1_2121, 982.23, 16.32, 0.00012623
PHY_0, 5.52, 10.88, 0.000145185
input2, 5.52, 10.88, 0.000145185
PHY_1, 994.06, 10.88, 0.000157053
FILLER_0_0_2141, 994.06, 10.88, 0.000157053
FILLER_0_0_81, 37.94, 10.88, 0.000135809
FILLER_0_0_109, 50.74, 10.88, 0.000137394
FILLER_0_1_105, 50.74, 10.88, 0.000137394
FILLER_0_0_137, 63.54, 10.88, 0.000138978
FILLER_0_0_165, 76.34, 10.88, 0.000140562
FILLER_0_1_161, 76.34, 10.88, 0.000140562
FILLER_0_0_193, 89.14, 10.88, 0.000142146
FILLER_0_0_221, 101.94, 10.88, 0.00014373
FILLER_0_1_217, 101.94, 10.88, 0.00014373
FILLER_0_0_249, 114.74, 10.88, 0.000145314
FILLER_0_0_277, 127.54, 10.88, 0.000146898
FILLER_0_1_273, 127.54, 10.88, 0.000146898
FILLER_0_0_305, 140.34, 10.88, 0.000148483
FILLER_0_0_333, 153.14, 10.88, 0.000150067
FILLER_0_1_329, 153.14, 10.88, 0.000150067
input3, 165.94, 10.88, 0.000151651
FILLER_0_0_417, 191.54, 10.88, 0.000148162
FILLER_0_0_445, 204.34, 10.88, 0.000149933
FILLER_0_1_441, 204.34, 10.88, 0.000149933
FILLER_0_0_473, 217.14, 10.88, 0.000151704
FILLER_0_0_501, 229.94, 10.88, 0.000153475
FILLER_0_1_497, 229.94, 10.88, 0.000153475
FILLER_0_0_529, 242.74, 10.88, 0.000155246
FILLER_0_0_557, 255.54, 10.88, 0.000157017
FILLER_0_1_553, 255.54, 10.88, 0.000157017
FILLER_0_0_585, 268.34, 10.88, 0.000158788
FILLER_0_0_613, 281.14, 10.88, 0.000160559
FILLER_0_1_609, 281.14, 10.88, 0.000160559
FILLER_0_0_641, 306.74, 10.88, 0.0001641
FILLER_0_1_665, 306.74, 10.88, 0.0001641
input5, 319.54, 10.88, 0.000165871
FILLER_0_0_669, 319.54, 10.88, 0.000165871
FILLER_0_0_685, 319.54, 10.88, 0.000165871
FILLER_0_0_725, 345.14, 10.88, 0.000159886
FILLER_0_0_753, 357.94, 10.88, 0.000160231
FILLER_0_1_777, 357.94, 10.88, 0.000160231
FILLER_0_0_781, 370.74, 10.88, 0.000160576
FILLER_0_0_809, 383.54, 10.88, 0.000160921
FILLER_0_1_833, 383.54, 10.88, 0.000160921
FILLER_0_0_837, 396.34, 10.88, 0.000161266
FILLER_0_0_865, 409.14, 10.88, 0.000161611
FILLER_0_1_889, 409.14, 10.88, 0.000161611
FILLER_0_0_893, 421.94, 10.88, 0.000161956
FILLER_0_0_921, 434.74, 10.88, 0.000162301
FILLER_0_1_945, 434.74, 10.88, 0.000162301
FILLER_0_0_949, 447.54, 10.88, 0.000162646
FILLER_0_0_977, 460.34, 10.88, 0.000162991
FILLER_0_1_1001, 460.34, 10.88, 0.000162991
FILLER_0_0_1005, 473.14, 10.88, 0.000163335
FILLER_0_0_1089, 511.54, 10.88, 0.000161613
FILLER_0_1_1113, 511.54, 10.88, 0.000161613
FILLER_0_0_1117, 524.34, 10.88, 0.00016058
FILLER_0_0_1145, 537.14, 10.88, 0.000159546
FILLER_0_1_1169, 537.14, 10.88, 0.000159546
FILLER_0_0_1173, 549.94, 10.88, 0.000158512
FILLER_0_0_1201, 562.74, 10.88, 0.000157479
FILLER_0_1_1225, 562.74, 10.88, 0.000157479
FILLER_0_0_1229, 575.54, 10.88, 0.000156445
FILLER_0_0_1257, 588.34, 10.88, 0.000155411
FILLER_0_0_1285, 601.14, 10.88, 0.000154378
FILLER_0_0_1313, 613.94, 10.88, 0.000153344
FILLER_0_0_1341, 626.74, 10.88, 0.00015231
output20, 652.34, 10.88, 0.000150144
FILLER_0_0_1397, 652.34, 10.88, 0.000150144
FILLER_0_0_1419, 652.34, 10.88, 0.000150144
FILLER_0_0_1453, 677.94, 10.88, 0.000147879
FILLER_0_0_1481, 690.74, 10.88, 0.000146746
FILLER_0_0_1509, 703.54, 10.88, 0.000145614
FILLER_0_0_1537, 716.34, 10.88, 0.000144481
FILLER_0_0_1565, 729.14, 10.88, 0.000143348
FILLER_0_0_1593, 741.94, 10.88, 0.000142216
FILLER_0_0_1621, 754.74, 10.88, 0.000141083
FILLER_0_0_1649, 767.54, 10.88, 0.00013995
FILLER_0_0_1677, 780.34, 10.88, 0.000138818
output23, 805.94, 10.88, 0.000137494
FILLER_0_0_1733, 805.94, 10.88, 0.000137494
FILLER_0_0_1749, 805.94, 10.88, 0.000137494
FILLER_0_0_1759, 818.74, 10.88, 0.000137304
FILLER_0_0_1789, 831.54, 10.88, 0.000137113
FILLER_0_0_1817, 844.34, 10.88, 0.000136923
FILLER_0_0_1845, 857.14, 10.88, 0.000136732
FILLER_0_0_1873, 869.94, 10.88, 0.000136542
FILLER_0_0_1901, 882.74, 10.88, 0.000136351
FILLER_0_0_1929, 895.54, 10.88, 0.00013616
FILLER_0_0_1957, 908.34, 10.88, 0.00013597
FILLER_0_0_1985, 921.14, 10.88, 0.000135779
FILLER_0_0_2013, 933.94, 10.88, 0.000135588
FILLER_0_0_2069, 958.57, 10.88, 0.000146226
input4, 970.4, 10.88, 0.000157053
FILLER_0_0_2097, 970.4, 10.88, 0.000157053
FILLER_0_0_2123, 982.23, 10.88, 0.000157053

